close,high,low,open,time,volume,date
112.3779,114.6012,111.2517,114.0284,1603339200,101988000.0,2020-10-22 04:00:00
111.6886,113.1546,110.9507,112.9992,1603425600,82572600.0,2020-10-23 04:00:00
111.6983,113.1546,109.5915,110.6886,1603684800,111850700.0,2020-10-26 04:00:00
113.2031,113.8633,111.2031,112.1255,1603771200,92276800.0,2020-10-27 04:00:00
107.9604,112.0672,107.8634,111.6983,1603857600,143937800.0,2020-10-28 04:00:00
111.9604,113.5235,108.9313,109.0964,1603944000,146129200.0,2020-10-29 04:00:00
105.6886,108.7274,104.5818,107.8245,1604030400,190272600.0,2020-10-30 04:00:00
105.6012,107.4556,104.1935,105.9313,1604293200,122866900.0,2020-11-02 05:00:00
107.2226,108.242,105.5624,106.4653,1604379600,107624400.0,2020-11-03 05:00:00
111.6012,112.2225,109.0769,110.8148,1604466000,138235500.0,2020-11-04 05:00:00
115.5623,116.1351,113.4653,114.5138,1604552400,126387100.0,2020-11-05 05:00:00
115.4311,115.927,112.9413,115.0712,1604638800,114457900.0,2020-11-06 05:00:00
113.1261,118.6404,112.8635,117.1913,1604898000,154515300.0,2020-11-09 05:00:00
112.7857,114.3612,110.9963,112.3773,1604984400,138023400.0,2020-11-10 05:00:00
116.2091,116.3452,113.2428,113.9722,1605070800,112295000.0,2020-11-11 05:00:00
115.9368,117.2205,115.3143,116.3355,1605157200,103162300.0,2020-11-12 05:00:00
115.9854,116.3841,114.6335,116.1604,1605243600,81581900.0,2020-11-13 05:00:00
116.9968,117.6679,114.9059,115.6547,1605502800,91183000.0,2020-11-16 05:00:00
116.1118,117.3567,115.6936,116.2674,1605589200,74271000.0,2020-11-17 05:00:00
114.7892,116.53,114.76,115.3533,1605675600,76322100.0,2020-11-18 05:00:00
115.3824,115.7909,113.6027,114.3612,1605762000,74113000.0,2020-11-19 05:00:00
114.1181,115.5088,114.0695,115.3824,1605848400,73604300.0,2020-11-20 05:00:00
110.7239,114.3904,110.6267,113.9625,1606107600,127959300.0,2020-11-23 05:00:00
112.0077,112.669,109.4985,110.7823,1606194000,113874200.0,2020-11-24 05:00:00
112.8441,113.5443,112.0077,112.3773,1606280400,76499200.0,2020-11-25 05:00:00
113.3887,114.264,113.0289,113.3693,1606453200,46691300.0,2020-11-27 05:00:00
115.7812,117.6484,113.6027,113.7583,1606712400,169410200.0,2020-11-30 05:00:00
119.3504,120.0798,116.7148,117.6873,1606798800,127728200.0,2020-12-01 05:00:00
119.7005,119.9825,117.5706,118.6696,1606885200,89004200.0,2020-12-02 05:00:00
119.5644,120.3813,118.8544,120.1284,1606971600,78967600.0,2020-12-03 05:00:00
118.8933,119.4866,118.1833,119.2337,1607058000,78260400.0,2020-12-04 05:00:00
120.3521,121.1496,118.8933,118.9517,1607317200,86712000.0,2020-12-07 05:00:00
120.9648,121.5483,119.7102,120.9551,1607403600,82225500.0,2020-12-08 05:00:00
118.4362,122.4917,117.6776,121.1107,1607490000,115089200.0,2020-12-09 05:00:00
119.8561,120.4688,116.851,117.1913,1607576400,81312200.0,2020-12-10 05:00:00
119.0489,119.3893,117.24,119.0684,1607662800,86939800.0,2020-12-11 05:00:00
118.4362,119.9631,118.2028,119.2337,1607922000,79184500.0,2020-12-14 05:00:00
124.3687,124.3882,120.7217,120.9259,1608008400,157243700.0,2020-12-15 05:00:00
124.3006,124.8452,123.085,123.9116,1608094800,98208600.0,2020-12-16 05:00:00
125.1662,126.022,124.5243,125.3607,1608181200,94359800.0,2020-12-17 05:00:00
123.1822,125.5552,122.657,125.419,1608267600,192541500.0,2020-12-18 05:00:00
124.7091,124.7869,120.0603,121.5872,1608526800,121251600.0,2020-12-21 05:00:00
128.2589,130.7194,126.0901,127.9963,1608613200,168904800.0,2020-12-22 05:00:00
127.3642,128.7938,127.1891,128.5312,1608699600,88223700.0,2020-12-23 05:00:00
128.3464,129.7955,127.5003,127.7143,1608786000,54930100.0,2020-12-24 05:00:00
132.9368,133.5689,129.8441,130.3109,1609131600,124486200.0,2020-12-28 05:00:00
131.1668,134.9791,130.6513,134.2595,1609218000,121047300.0,2020-12-29 05:00:00
130.0484,132.256,129.7371,131.8573,1609304400,96452100.0,2020-12-30 05:00:00
129.0466,131.0403,128.1032,130.3984,1609390800,99116600.0,2020-12-31 05:00:00
125.8567,129.9414,123.2795,129.8539,1609736400,143301900.0,2021-01-04 05:00:00
127.4128,128.1227,124.9036,125.351,1609822800,97664900.0,2021-01-05 05:00:00
123.1239,127.4517,122.9099,124.2131,1609909200,155088000.0,2021-01-06 05:00:00
127.3252,128.0158,124.3493,124.8355,1609995600,109578200.0,2021-01-07 05:00:00
128.4242,128.9883,126.6542,128.7938,1610082000,105158200.0,2021-01-08 05:00:00
125.4385,126.5958,124.9717,125.6427,1610341200,100384500.0,2021-01-11 05:00:00
125.2635,126.129,123.3767,124.9717,1610427600,91951100.0,2021-01-12 05:00:00
127.2961,127.8407,124.962,125.2246,1610514000,88636800.0,2021-01-13 05:00:00
125.3704,127.403,125.2245,127.2085,1610600400,90221800.0,2021-01-14 05:00:00
123.649,126.6445,123.5129,125.244,1610686800,111598500.0,2021-01-15 05:00:00
124.3201,125.1759,123.4545,124.2714,1611032400,90757300.0,2021-01-19 05:00:00
128.4048,128.8521,125.0203,125.1273,1611118800,104319500.0,2021-01-20 05:00:00
133.1118,135.8349,129.9219,130.1261,1611205200,120150900.0,2021-01-21 05:00:00
135.2515,136.01,131.3127,132.5381,1611291600,114459400.0,2021-01-22 05:00:00
138.9957,141.1062,132.7909,139.1416,1611550800,157611700.0,2021-01-25 05:00:00
139.2292,140.3379,137.4883,139.6571,1611637200,98390600.0,2021-01-26 05:00:00
138.1593,140.3378,136.5547,139.4917,1611723600,140843800.0,2021-01-27 05:00:00
133.3258,138.0913,132.9465,135.6891,1611810000,142621100.0,2021-01-28 05:00:00
128.3367,132.9854,126.6347,132.1004,1611896400,177523800.0,2021-01-29 05:00:00
130.4568,131.6628,127.335,130.0775,1612155600,106239800.0,2021-02-01 05:00:00
131.2835,132.5672,130.9139,132.0031,1612242000,83305400.0,2021-02-02 05:00:00
130.2623,132.0421,129.9414,132.0323,1612328400,89880900.0,2021-02-03 05:00:00
133.6176,133.6273,130.8945,132.5575,1612414800,84183100.0,2021-02-04 05:00:00
133.2036,133.8465,132.3271,133.7783,1612501200,75693800.0,2021-02-05 05:00:00
133.3497,133.3984,131.4115,132.4926,1612760400,71297200.0,2021-02-08 05:00:00
132.4731,134.2945,132.3173,133.0673,1612846800,76774200.0,2021-02-09 05:00:00
131.8693,133.4277,130.905,132.9309,1612933200,73046600.0,2021-02-10 05:00:00
131.616,132.8432,130.2914,132.366,1613019600,64280000.0,2021-02-11 05:00:00
131.8497,132.0056,130.2134,130.8563,1613106000,60145100.0,2021-02-12 05:00:00
129.7265,132.4731,129.3369,131.9667,1613451600,80576300.0,2021-02-16 05:00:00
127.4376,128.7817,126.1032,127.8369,1613538000,97918500.0,2021-02-17 05:00:00
126.337,126.6194,124.0968,125.8402,1613624400,96856700.0,2021-02-18 05:00:00
126.4928,127.311,125.4506,126.8532,1613710800,87668800.0,2021-02-19 05:00:00
122.7234,126.3467,122.3338,124.6812,1613970000,103916400.0,2021-02-22 05:00:00
122.5871,123.415,115.3113,120.5417,1614056400,158273000.0,2021-02-23 05:00:00
122.0903,122.2949,119.0515,121.691,1614142800,111039900.0,2021-02-24 05:00:00
117.8437,123.1715,117.4054,121.4378,1614229200,148199500.0,2021-02-25 05:00:00
118.1067,121.6034,118.0483,119.4021,1614315600,164560400.0,2021-02-26 05:00:00
124.4669,124.6032,119.5969,120.5319,1614574800,116307900.0,2021-03-01 05:00:00
121.8663,125.3727,121.7592,125.0708,1614661200,102260900.0,2021-03-02 05:00:00
118.8859,122.441,118.6716,121.5644,1614747600,112966300.0,2021-03-03 05:00:00
117.0061,120.3859,115.5354,118.584,1614834000,178155000.0,2021-03-04 05:00:00
118.2625,118.769,114.5126,117.834,1614920400,153766600.0,2021-03-05 05:00:00
113.3341,117.8535,113.188,117.7853,1615179600,154376600.0,2021-03-08 05:00:00
117.9411,118.8859,115.7009,115.9347,1615266000,129525800.0,2021-03-09 05:00:00
116.86,118.993,116.3438,118.5255,1615352400,111943300.0,2021-03-10 05:00:00
118.7885,120.006,118.1067,119.3534,1615438800,103026500.0,2021-03-11 05:00:00
117.8827,118.019,116.0613,117.2691,1615525200,88105100.0,2021-03-12 05:00:00
120.7657,120.7754,117.2885,118.2528,1615780800,92403800.0,2021-03-15 04:00:00
122.3046,123.9117,121.4767,122.4312,1615867200,115227900.0,2021-03-16 04:00:00
121.5157,122.5871,119.1586,120.8242,1615953600,111932600.0,2021-03-17 04:00:00
117.3957,119.9768,117.1912,119.6846,1616040000,121229700.0,2021-03-18 04:00:00
116.8697,118.2723,116.5678,116.7821,1616126400,185549500.0,2021-03-19 04:00:00
120.1813,120.6488,117.1327,117.2009,1616385600,111912300.0,2021-03-22 04:00:00
119.3534,121.0092,118.9638,120.1229,1616472000,95467100.0,2021-03-23 04:00:00
116.9671,119.704,116.9476,119.6261,1616558400,88530500.0,2021-03-24 04:00:00
117.4541,118.4963,115.9055,116.4314,1616644800,98844700.0,2021-03-25 04:00:00
118.058,118.321,115.8276,117.2204,1616731200,94071200.0,2021-03-26 04:00:00
118.2333,119.3924,117.5905,118.4866,1616990400,80819200.0,2021-03-29 04:00:00
116.7821,117.2691,115.7691,116.9866,1617076800,85671900.0,2021-03-30 04:00:00
118.9736,120.3079,117.9996,118.4866,1617163200,118323800.0,2021-03-31 04:00:00
119.8015,120.9508,119.3047,120.4443,1617249600,75089100.0,2021-04-01 04:00:00
122.6261,122.8793,119.8696,120.6488,1617595200,88651200.0,2021-04-05 04:00:00
122.928,123.8241,122.3825,123.2104,1617681600,80171300.0,2021-04-06 04:00:00
124.574,124.5935,121.8858,122.5579,1617768000,83466700.0,2021-04-07 04:00:00
126.9701,126.9993,125.1779,125.5967,1617854400,88844600.0,2021-04-08 04:00:00
129.5414,129.5804,126.1032,126.4246,1617940800,106686700.0,2021-04-09 04:00:00
127.8272,129.3953,127.233,129.0739,1618200000,91420000.0,2021-04-12 04:00:00
130.9342,131.1582,128.4992,128.9959,1618286400,91266500.0,2021-04-13 04:00:00
128.5966,131.4894,128.2363,131.431,1618372800,87222800.0,2021-04-14 04:00:00
131.0024,131.4894,130.1647,130.3401,1618459200,89347100.0,2021-04-15 04:00:00
130.6712,131.168,129.8141,130.8076,1618545600,84922400.0,2021-04-16 04:00:00
131.3335,131.9472,129.8725,130.0381,1618804800,94264200.0,2021-04-19 04:00:00
129.6486,132.0056,128.3824,131.5089,1618891200,94812300.0,2021-04-20 04:00:00
130.0284,130.2719,127.8856,128.9181,1618977600,68847100.0,2021-04-21 04:00:00
128.509,130.6615,127.9927,129.5803,1619064000,84566500.0,2021-04-22 04:00:00
130.8271,131.6063,128.7233,128.7233,1619150400,78657500.0,2021-04-23 04:00:00
131.2167,131.5478,130.0868,131.3238,1619409600,66905100.0,2021-04-26 04:00:00
130.8952,131.8887,130.6225,131.4991,1619496000,66015800.0,2021-04-27 04:00:00
130.1063,131.5089,129.6193,130.8174,1619582400,107760100.0,2021-04-28 04:00:00
130.0089,133.5056,129.0057,132.9212,1619668800,151101000.0,2021-04-29 04:00:00
128.0414,130.0868,127.6616,128.3531,1619755200,109839500.0,2021-04-30 04:00:00
129.0934,130.5836,128.4019,128.6064,1620014400,75135100.0,2021-05-03 04:00:00
124.5253,128.0707,123.4052,127.7785,1620100800,137564700.0,2021-05-04 04:00:00
124.7688,127.0577,124.6422,125.8402,1620187200,84000900.0,2021-05-05 04:00:00
126.3662,126.3759,123.8241,124.5643,1620273600,78128300.0,2021-05-06 04:00:00
127.0394,128.0638,126.3271,127.6638,1620360000,78973300.0,2021-05-07 04:00:00
123.7612,126.3857,123.7222,126.2588,1620619200,88071200.0,2021-05-10 04:00:00
122.8441,123.1953,119.7805,120.4928,1620705600,126142800.0,2021-05-11 04:00:00
119.7805,121.605,119.2732,120.3952,1620792000,112172300.0,2021-05-12 04:00:00
121.927,123.0782,121.2343,121.5465,1620878400,105861300.0,2021-05-13 04:00:00
124.3466,124.7759,122.7856,123.1758,1620964800,81918000.0,2021-05-14 04:00:00
123.1953,123.8392,122.1221,123.7319,1621224000,74244600.0,2021-05-17 04:00:00
121.8099,123.8978,121.7416,123.4783,1621310400,63342900.0,2021-05-18 04:00:00
121.6538,121.8782,119.8684,120.1611,1621396800,92612000.0,2021-05-19 04:00:00
124.21,124.61,122.0538,122.1806,1621483200,76857100.0,2021-05-20 04:00:00
122.3758,124.8832,122.1611,124.7076,1621569600,79295400.0,2021-05-21 04:00:00
124.0051,124.8247,122.8734,122.9416,1621828800,63092900.0,2021-05-24 04:00:00
123.81,125.1954,123.2441,124.7076,1621915200,72009500.0,2021-05-25 04:00:00
123.7612,124.288,123.3416,123.8685,1622001600,56575900.0,2021-05-26 04:00:00
122.2294,124.532,122.0343,123.3612,1622088000,94625600.0,2021-05-27 04:00:00
121.5757,122.7368,121.5172,122.5124,1622174400,71311100.0,2021-05-28 04:00:00
121.2538,122.2977,120.9221,122.0343,1622520000,67637100.0,2021-06-01 04:00:00
122.0148,122.1904,121.0294,121.2538,1622606400,59278900.0,2021-06-02 04:00:00
120.5318,121.8099,120.1318,121.644,1622692800,76229200.0,2021-06-03 04:00:00
122.8246,123.088,120.8343,121.0489,1622779200,75169300.0,2021-06-04 04:00:00
122.8344,123.2441,121.7904,123.0978,1623038400,71057600.0,2021-06-07 04:00:00
123.6539,125.332,123.1368,123.5173,1623124800,74403800.0,2021-06-08 04:00:00
124.0344,124.6393,123.4392,124.1124,1623211200,56877900.0,2021-06-09 04:00:00
123.0392,125.0686,122.8734,123.9271,1623297600,71186400.0,2021-06-10 04:00:00
124.249,124.3369,123.0295,123.449,1623384000,53522400.0,2021-06-11 04:00:00
127.3028,127.3614,123.9759,124.7076,1623643200,96906500.0,2021-06-14 04:00:00
126.4832,127.4199,126.2393,126.7759,1623729600,62746300.0,2021-06-15 04:00:00
126.9809,127.7029,125.3321,127.1955,1623816000,91815000.0,2021-06-16 04:00:00
128.5809,129.3224,126.493,126.6394,1623902400,96721700.0,2021-06-17 04:00:00
127.2833,128.3077,127.0686,127.5272,1623988800,108953300.0,2021-06-18 04:00:00
129.0785,129.1858,126.0637,127.1272,1624248000,79663300.0,2021-06-21 04:00:00
130.7176,130.8151,128.415,128.9126,1624334400,74783600.0,2021-06-22 04:00:00
130.4444,131.0493,129.9858,130.5127,1624420800,60214200.0,2021-06-23 04:00:00
130.1615,131.3615,129.6931,131.1761,1624507200,68711000.0,2021-06-24 04:00:00
129.8688,130.6298,129.5761,130.2103,1624593600,70783700.0,2021-06-25 04:00:00
131.4981,131.9567,130.1029,130.1615,1624852800,62111300.0,2021-06-28 04:00:00
133.0104,133.1665,131.0786,131.5176,1624939200,64556100.0,2021-06-29 04:00:00
133.625,134.064,132.5615,132.8542,1625025600,63261400.0,2021-06-30 04:00:00
133.9275,133.986,132.4542,133.2738,1625112000,52485800.0,2021-07-01 04:00:00
136.552,136.591,134.3958,134.5421,1625198400,78852600.0,2021-07-02 04:00:00
138.5618,139.6643,136.6593,136.6593,1625544000,108181800.0,2021-07-06 04:00:00
141.0497,141.3619,139.1862,140.0448,1625630400,104911600.0,2021-07-07 04:00:00
139.7521,140.5521,137.2447,138.1325,1625716800,105575500.0,2021-07-08 04:00:00
141.5765,142.1034,139.1764,139.274,1625803200,99890800.0,2021-07-09 04:00:00
140.9814,142.7571,140.4936,142.6498,1626062400,76299700.0,2021-07-12 04:00:00
142.0936,143.8693,140.1326,140.5228,1626148800,100827100.0,2021-07-13 04:00:00
145.5182,145.928,144.084,144.4938,1626235200,127050800.0,2021-07-14 04:00:00
144.8645,146.3475,143.5084,145.606,1626321600,106820300.0,2021-07-15 04:00:00
142.8254,146.1133,142.3278,144.845,1626408000,93251400.0,2021-07-16 04:00:00
138.9813,140.5619,138.2203,140.2497,1626667200,121434600.0,2021-07-19 04:00:00
142.5912,143.5181,139.4789,139.9667,1626753600,96350000.0,2021-07-20 04:00:00
141.8595,142.5717,141.1083,141.9863,1626840000,74993500.0,2021-07-21 04:00:00
143.2254,144.5913,142.2595,142.3864,1626926400,77338200.0,2021-07-22 04:00:00
144.9426,145.0987,143.3425,143.9571,1627012800,71447400.0,2021-07-23 04:00:00
145.3621,146.1816,144.1035,144.6596,1627272000,72434100.0,2021-07-26 04:00:00
143.1962,145.5768,142.0059,145.4889,1627358400,104818600.0,2021-07-27 04:00:00
141.4497,143.3913,139.0691,141.2839,1627444800,118931200.0,2021-07-28 04:00:00
142.0936,142.9815,141.0595,141.1668,1627531200,56699500.0,2021-07-29 04:00:00
142.3083,142.7669,140.6009,140.8644,1627617600,70440600.0,2021-07-30 04:00:00
141.9766,143.3718,141.7132,142.7961,1627876800,62880000.0,2021-08-02 04:00:00
143.7718,144.4352,141.6449,142.2595,1627963200,64786600.0,2021-08-03 04:00:00
143.3718,144.1913,142.7181,143.684,1628049600,56368300.0,2021-08-04 04:00:00
143.4791,144.2401,142.6108,143.401,1628136000,46397700.0,2021-08-05 04:00:00
142.7951,143.7429,142.2968,143.0003,1628222400,54126800.0,2021-08-06 04:00:00
142.7463,143.3423,142.1893,142.8537,1628481600,48908700.0,2021-08-09 04:00:00
142.2675,144.3292,141.9744,143.0883,1628568000,69023100.0,2021-08-10 04:00:00
142.5215,143.3618,142.1991,142.7072,1628654400,48493500.0,2021-08-11 04:00:00
145.4822,145.6385,142.502,142.844,1628740800,72282600.0,2021-08-12 04:00:00
145.6873,146.0196,144.8763,145.5603,1628827200,59375000.0,2021-08-13 04:00:00
147.6611,147.7295,143.1175,145.1402,1629086400,103296000.0,2021-08-16 04:00:00
146.7524,148.2083,145.6776,146.7915,1629172800,92229700.0,2021-08-17 04:00:00
143.0101,147.2703,142.8049,146.3714,1629259200,86326000.0,2021-08-18 04:00:00
143.3423,144.6125,141.1926,141.7105,1629345600,86960300.0,2021-08-19 04:00:00
144.7982,145.1011,143.4205,144.0654,1629432000,60549600.0,2021-08-20 04:00:00
146.2834,146.7524,144.5051,144.9155,1629691200,60131800.0,2021-08-23 04:00:00
146.1955,147.4071,145.7362,146.0294,1629777600,48606400.0,2021-08-24 04:00:00
144.9643,146.8795,144.4171,146.3811,1629864000,58991300.0,2021-08-25 04:00:00
144.1631,145.7069,144.1337,144.9545,1629950400,48597200.0,2021-08-26 04:00:00
145.1988,145.3454,143.4693,144.1045,1630036800,55802400.0,2021-08-27 04:00:00
149.6153,149.9769,145.2086,145.5896,1630296000,90956700.0,2021-08-30 04:00:00
148.3549,149.3027,147.8272,149.1659,1630382400,86453100.0,2021-08-31 04:00:00
149.0193,151.4328,148.8532,149.332,1630468800,80313700.0,2021-09-01 04:00:00
150.1332,151.1787,148.9118,150.3482,1630555200,71115500.0,2021-09-02 04:00:00
150.7683,151.0908,149.586,150.2407,1630641600,57808700.0,2021-09-03 04:00:00
153.1036,153.6606,150.8563,151.423,1630987200,82278300.0,2021-09-07 04:00:00
151.5598,153.4456,150.4556,153.387,1631073600,74420200.0,2021-09-08 04:00:00
150.5436,152.5369,150.4264,151.9311,1631160000,57305700.0,2021-09-09 04:00:00
145.5603,151.9213,145.2965,151.4523,1631246400,140893200.0,2021-09-10 04:00:00
146.127,147.9542,145.3453,147.1823,1631505600,102404300.0,2021-09-13 04:00:00
144.7298,147.6123,143.5475,146.9088,1631592000,109296300.0,2021-09-14 04:00:00
145.6189,146.0196,143.0198,145.1597,1631678400,83281300.0,2021-09-15 04:00:00
145.3844,145.5603,143.8504,145.0425,1631764800,68034100.0,2021-09-16 04:00:00
142.7169,145.4138,142.4238,145.4138,1631851200,129868800.0,2021-09-17 04:00:00
139.6683,141.5248,138.0366,140.5087,1632110400,123478900.0,2021-09-20 04:00:00
140.1471,141.2904,139.512,140.6357,1632196800,75834000.0,2021-09-21 04:00:00
142.5118,143.0785,140.411,141.1438,1632283200,76404300.0,2021-09-22 04:00:00
143.4693,143.7136,142.3065,143.2934,1632369600,64838200.0,2021-09-23 04:00:00
143.5573,144.0947,142.2284,142.3261,1632456000,53477900.0,2021-09-24 04:00:00
142.0427,142.6192,140.5282,142.1405,1632715200,74150700.0,2021-09-27 04:00:00
138.6619,141.4369,138.4469,139.9712,1632801600,108972300.0,2021-09-28 04:00:00
139.5609,141.1438,138.7792,139.2091,1632888000,74602000.0,2021-09-29 04:00:00
138.2613,141.0754,138.0463,140.3718,1632974400,89056700.0,2021-09-30 04:00:00
139.385,139.6488,135.926,138.6522,1633060800,94639600.0,2021-10-01 04:00:00
135.9553,138.9551,135.1053,138.5154,1633320000,98322000.0,2021-10-04 04:00:00
137.8802,138.9844,136.1703,136.2973,1633406400,80861100.0,2021-10-05 04:00:00
138.7499,138.8964,135.203,136.2778,1633492800,83221100.0,2021-10-06 04:00:00
140.0103,140.9191,139.4534,139.7856,1633579200,61732700.0,2021-10-07 04:00:00
139.6293,140.88,139.2971,140.7334,1633665600,58773200.0,2021-10-08 04:00:00
139.5413,141.4955,138.5642,139.0137,1633924800,64452200.0,2021-10-11 04:00:00
138.2711,139.9713,137.8118,139.9517,1634011200,73035900.0,2021-10-12 04:00:00
137.6849,138.1636,136.014,138.0073,1634097600,78762700.0,2021-10-13 04:00:00
140.4696,140.5869,138.2711,138.8574,1634184000,69907100.0,2021-10-14 04:00:00
141.5248,141.5835,140.2253,140.4793,1634270400,67940300.0,2021-10-15 04:00:00
143.1957,143.4791,139.8833,140.1667,1634529600,85589200.0,2021-10-18 04:00:00
145.3551,145.7558,143.1957,143.6452,1634616000,76378900.0,2021-10-19 04:00:00
145.8437,146.3225,144.7298,145.2965,1634702400,58418800.0,2021-10-20 04:00:00
146.0587,146.215,144.4855,145.404,1634788800,61421000.0,2021-10-21 04:00:00
145.2867,146.7426,145.2378,146.2638,1634875200,58883400.0,2021-10-22 04:00:00
145.2379,145.9512,144.2412,145.277,1635134400,50720600.0,2021-10-25 04:00:00
145.9023,147.3875,145.5994,145.9121,1635220800,60893400.0,2021-10-26 04:00:00
145.4431,146.3029,145.0913,145.9414,1635307200,56094900.0,2021-10-27 04:00:00
149.0779,149.6642,146.2932,146.3909,1635393600,100077900.0,2021-10-28 04:00:00
146.3713,146.5081,143.0589,143.8504,1635480000,124953200.0,2021-10-29 04:00:00
145.5506,146.2736,144.4171,145.5799,1635739200,74588300.0,2021-11-01 04:00:00
146.5863,148.1008,145.2476,145.2574,1635825600,69122000.0,2021-11-02 04:00:00
148.0227,148.4917,146.3909,146.9478,1635912000,54511500.0,2021-11-03 04:00:00
147.5048,148.9411,147.1921,148.1106,1635998400,60394600.0,2021-11-04 04:00:00
148.0332,148.9334,146.8394,148.6301,1636084800,65463900.0,2021-11-05 04:00:00
147.2112,148.317,146.9372,148.1604,1636347600,55020900.0,2021-11-08 05:00:00
147.5733,148.1799,146.8394,146.9763,1636434000,56787900.0,2021-11-09 05:00:00
144.7453,146.9079,144.6768,146.8003,1636520400,65187100.0,2021-11-10 05:00:00
144.6964,146.2229,144.5104,145.763,1636606800,41000000.0,2021-11-11 05:00:00
146.7709,147.1721,144.3147,145.2444,1636693200,63804000.0,2021-11-12 05:00:00
146.7807,148.6203,146.2229,147.1427,1636952400,59222800.0,2021-11-15 05:00:00
147.7592,148.2387,146.1348,146.7219,1637038800,59256200.0,2021-11-16 05:00:00
150.1958,151.6733,147.7494,147.7592,1637125200,88807000.0,2021-11-17 05:00:00
154.4817,155.2646,149.7652,150.411,1637211600,137827700.0,2021-11-18 05:00:00
157.1042,157.5642,153.1705,154.2665,1637298000,117305600.0,2021-11-19 05:00:00
157.5642,162.1437,157.5446,158.21,1637557200,117467900.0,2021-11-22 05:00:00
157.9458,158.3274,155.6462,157.662,1637643600,96041900.0,2021-11-23 05:00:00
158.4644,158.6601,156.2137,157.2999,1637730000,69463600.0,2021-11-24 05:00:00
153.4445,157.0064,153.0042,156.1453,1637902800,76959800.0,2021-11-26 05:00:00
156.8009,157.7305,155.382,155.9496,1638162000,88748200.0,2021-11-29 05:00:00
161.7523,161.9676,156.4878,156.5563,1638248400,174048100.0,2021-11-30 05:00:00
161.2337,166.645,160.9988,163.8855,1638334800,152052500.0,2021-12-01 05:00:00
160.2453,160.6759,154.4133,155.3331,1638421200,136739200.0,2021-12-02 05:00:00
158.3666,161.4196,156.2921,160.4998,1638507600,118023100.0,2021-12-03 05:00:00
161.7719,164.2769,160.7542,160.764,1638766800,107497000.0,2021-12-06 05:00:00
167.5061,167.8975,164.727,165.4511,1638853200,120405400.0,2021-12-07 05:00:00
171.3224,172.1835,167.0364,168.4357,1638939600,116998900.0,2021-12-08 05:00:00
170.8136,172.9566,170.1873,171.1561,1639026000,108923700.0,2021-12-09 05:00:00
175.5986,175.7747,170.9408,171.4496,1639112400,115402700.0,2021-12-10 05:00:00
171.9683,178.2211,171.7628,177.2328,1639371600,153237000.0,2021-12-13 05:00:00
170.5885,173.9253,168.514,171.4887,1639458000,139380400.0,2021-12-14 05:00:00
175.4518,175.6475,168.6119,171.3518,1639544400,131063300.0,2021-12-15 05:00:00
168.5629,177.2523,167.0853,175.4322,1639630800,150185800.0,2021-12-16 05:00:00
167.467,169.747,166.0481,166.2829,1639717200,195432700.0,2021-12-17 05:00:00
166.1068,166.919,163.866,164.6684,1639976400,107499100.0,2021-12-20 05:00:00
169.2773,169.4828,165.4903,167.878,1640062800,91185900.0,2021-12-21 05:00:00
171.8704,172.0857,168.4553,169.3262,1640149200,92135300.0,2021-12-22 05:00:00
172.4967,173.0544,171.5083,172.0759,1640235600,68356600.0,2021-12-23 05:00:00
176.4597,176.5478,173.2697,173.2893,1640581200,74919600.0,2021-12-27 05:00:00
175.442,177.4383,174.6984,176.2934,1640667600,79144300.0,2021-12-28 05:00:00
175.5302,176.7533,174.3168,175.4812,1640754000,62348900.0,2021-12-29 05:00:00
174.3754,176.6946,174.2678,175.6182,1640840400,59773000.0,2021-12-30 05:00:00
173.759,175.3833,173.4556,174.2678,1640926800,64062300.0,2021-12-31 05:00:00
178.1037,178.955,173.896,174.0134,1641186000,104487900.0,2022-01-03 05:00:00
175.8432,179.0137,175.2757,178.7104,1641272400,99310400.0,2022-01-04 05:00:00
171.1658,176.3031,170.8918,175.7551,1641358800,94537600.0,2022-01-05 05:00:00
168.3085,171.5377,167.9562,168.9935,1641445200,96904000.0,2022-01-06 05:00:00
168.4749,170.4026,167.3593,169.1794,1641531600,86709100.0,2022-01-07 05:00:00
168.4944,168.7978,164.5607,165.4512,1641790800,106765600.0,2022-01-10 05:00:00
171.3224,171.4203,167.1539,168.6217,1641877200,76138300.0,2022-01-11 05:00:00
171.7627,173.3773,171.068,172.3401,1641963600,74805200.0,2022-01-12 05:00:00
168.4944,172.8293,168.103,172.0074,1642050000,84505800.0,2022-01-13 05:00:00
169.3555,170.0503,167.418,167.6627,1642136400,80440800.0,2022-01-14 05:00:00
166.1557,168.8369,165.7741,167.829,1642482000,90956700.0,2022-01-18 05:00:00
162.6623,167.4083,162.3786,166.3514,1642568400,94815000.0,2022-01-19 05:00:00
160.9792,166.0383,160.6563,163.3962,1642654800,91420500.0,2022-01-20 05:00:00
158.9243,162.7602,158.8166,160.8911,1642741200,122848900.0,2022-01-21 05:00:00
158.1513,158.8167,151.3798,156.5856,1643000400,162294600.0,2022-01-24 05:00:00
156.3507,159.2668,153.65,155.5679,1643086800,115798400.0,2022-01-25 05:00:00
156.2627,160.8618,154.4328,159.9909,1643173200,108275300.0,2022-01-26 05:00:00
155.8028,160.3237,154.883,158.9635,1643259600,121954600.0,2022-01-27 05:00:00
166.6744,166.694,159.306,162.1535,1643346000,179935700.0,2022-01-28 05:00:00
171.0288,171.2441,165.8719,166.508,1643605200,115541600.0,2022-01-31 05:00:00
170.8625,171.0876,168.6119,170.2754,1643691600,86213900.0,2022-02-01 05:00:00
172.0661,172.1052,169.6099,170.9995,1643778000,84914300.0,2022-02-02 05:00:00
169.1892,172.4575,168.4259,170.7353,1643864400,89418100.0,2022-02-03 05:00:00
168.905,170.5805,167.2296,168.2094,1643950800,82465400.0,2022-02-04 05:00:00
168.1898,170.4335,167.4942,169.3655,1644210000,77251200.0,2022-02-07 05:00:00
171.2957,171.8052,167.9645,168.2584,1644296400,74829200.0,2022-02-08 05:00:00
172.7164,173.0789,171.3643,172.4911,1644382800,71285000.0,2022-02-09 05:00:00
168.6405,171.9326,168.082,170.6197,1644469200,90865900.0,2022-02-10 05:00:00
165.2309,169.5811,164.643,168.8463,1644555600,98670700.0,2022-02-11 05:00:00
165.466,166.1518,163.1929,163.9865,1644814800,86185500.0,2022-02-14 05:00:00
169.297,169.4537,166.8083,167.5138,1644901200,62527400.0,2022-02-15 05:00:00
169.0618,169.8358,166.6124,168.376,1644987600,61177400.0,2022-02-16 05:00:00
165.466,168.4347,165.0643,167.5725,1645074000,69589300.0,2022-02-17 05:00:00
163.918,167.0925,162.8304,166.387,1645160400,82772700.0,2022-02-18 05:00:00
160.9982,163.3203,158.8721,161.6448,1645506000,91162800.0,2022-02-22 05:00:00
156.8341,162.7912,156.5206,162.1935,1645592400,90009200.0,2022-02-23 05:00:00
159.4501,159.5579,148.9272,149.4955,1645678800,141147500.0,2022-02-24 05:00:00
161.5175,161.782,157.6179,160.5279,1645765200,91974200.0,2022-02-25 05:00:00
161.782,162.076,159.1464,159.7637,1646024400,95056600.0,2022-02-28 05:00:00
159.9008,163.2321,158.6957,161.3705,1646110800,83474400.0,2022-03-01 05:00:00
163.1929,163.9767,159.6559,161.0668,1646197200,79724800.0,2022-03-02 05:00:00
162.8696,165.4954,162.2033,165.0643,1646283600,76678400.0,2022-03-03 05:00:00
159.8715,162.2034,158.8231,161.1648,1646370000,83737200.0,2022-03-04 05:00:00
156.0797,161.6841,155.8249,160.0576,1646629200,96418800.0,2022-03-07 05:00:00
154.2573,159.5873,152.6504,155.6094,1646715600,131148300.0,2022-03-08 05:00:00
159.6559,160.1066,156.1874,158.2156,1646802000,91454900.0,2022-03-09 05:00:00
155.3155,157.1477,152.8268,156.9615,1646888400,105342000.0,2022-03-10 05:00:00
151.6021,156.0601,151.3767,155.7171,1646974800,96970100.0,2022-03-11 05:00:00
147.5751,151.0044,147.0657,148.3884,1647230400,108732100.0,2022-03-14 04:00:00
151.9548,152.4251,147.34,147.8495,1647316800,92964300.0,2022-03-15 04:00:00
156.3638,156.7655,151.3375,153.8752,1647403200,102300200.0,2022-03-16 04:00:00
157.373,157.7453,154.4434,155.4036,1647489600,75615400.0,2022-03-17 04:00:00
160.665,161.1549,156.5303,157.2652,1647576000,123511700.0,2022-03-18 04:00:00
162.0368,162.9872,159.7147,160.2046,1647835200,95811400.0,2022-03-21 04:00:00
165.4072,165.9951,161.5763,162.1641,1647921600,81532000.0,2022-03-22 04:00:00
166.7691,169.15,164.2609,164.594,1648008000,98062700.0,2022-03-23 04:00:00
170.5511,170.6197,166.7691,167.6019,1648094400,90131400.0,2022-03-24 04:00:00
171.188,171.7366,169.2578,170.3649,1648180800,80546200.0,2022-03-25 04:00:00
172.0501,172.1775,168.5229,168.6895,1648440000,90371900.0,2022-03-28 04:00:00
175.3422,175.3912,172.7752,173.1181,1648526400,100589400.0,2022-03-29 04:00:00
174.1763,175.9791,173.1279,174.9405,1648612800,92633200.0,2022-03-30 04:00:00
171.0802,174.431,170.8744,174.2449,1648699200,103049300.0,2022-03-31 04:00:00
170.7862,171.3447,168.4642,170.5119,1648785600,78751300.0,2022-04-01 04:00:00
174.8327,174.8817,170.9136,171.041,1649044800,76468400.0,2022-04-04 04:00:00
171.5211,174.6956,170.894,173.9118,1649131200,73401800.0,2022-04-05 04:00:00
168.3564,170.12,166.6908,168.8757,1649217600,89058800.0,2022-04-06 04:00:00
168.6601,169.8555,166.4164,167.6999,1649304000,77594700.0,2022-04-07 04:00:00
166.6516,168.3074,165.7796,168.3074,1649390400,76575500.0,2022-04-08 04:00:00
162.3993,165.613,162.1544,165.2995,1649649600,72246700.0,2022-04-11 04:00:00
164.2707,166.436,163.2713,164.6234,1649736000,79265200.0,2022-04-12 04:00:00
166.9553,167.5824,163.3987,164.0061,1649822400,70618900.0,2022-04-13 04:00:00
161.9486,167.8077,161.7036,167.1708,1649908800,75329400.0,2022-04-14 04:00:00
161.733,163.2321,160.2634,160.6063,1650254400,69023900.0,2022-04-18 04:00:00
164.0159,164.4274,160.5965,161.684,1650340800,67723800.0,2022-04-19 04:00:00
163.8494,165.466,162.7422,165.3484,1650427200,67929800.0,2022-04-20 04:00:00
163.0557,168.0624,162.5561,165.4954,1650513600,87227800.0,2022-04-21 04:00:00
158.5193,164.4764,158.2352,163.0949,1650600000,84882400.0,2022-04-22 04:00:00
159.5873,159.8714,155.2567,157.8629,1650859200,96046400.0,2022-04-25 04:00:00
153.6302,159.0582,153.5518,158.97,1650945600,95623200.0,2022-04-26 04:00:00
153.4049,156.5598,152.2389,152.7582,1651032000,88063200.0,2022-04-27 04:00:00
160.3319,161.1942,155.7171,156.0307,1651118400,130216800.0,2022-04-28 04:00:00
154.463,162.8402,154.0711,158.5683,1651204800,131747600.0,2022-04-29 04:00:00
154.7668,155.0313,150.1716,153.542,1651464000,123055300.0,2022-05-02 04:00:00
156.2561,157.4612,153.1599,154.9529,1651550400,88966500.0,2022-05-03 04:00:00
162.6639,163.1146,156.0405,156.4422,1651636800,108256500.0,2022-05-04 04:00:00
153.6008,160.7631,151.8176,160.5377,1651723200,130525300.0,2022-05-05 04:00:00
154.3269,156.4464,151.2851,153.0807,1651809600,116124600.0,2022-05-06 04:00:00
149.205,152.9042,148.6457,152.0211,1652068800,131577900.0,2022-05-09 04:00:00
151.6089,153.797,150.0586,152.5999,1652155200,115366700.0,2022-05-10 04:00:00
143.7493,152.5313,143.0723,150.6179,1652241600,142689800.0,2022-05-11 04:00:00
139.8833,143.455,136.1939,140.0894,1652328000,182602000.0,2022-05-12 04:00:00
144.3479,145.3193,140.423,141.8752,1652414400,113990900.0,2022-05-13 04:00:00
142.8073,144.7502,141.4729,142.8171,1652673600,86643800.0,2022-05-16 04:00:00
146.4379,146.958,143.926,146.065,1652760000,78336300.0,2022-05-17 04:00:00
138.176,144.5932,137.2733,144.0928,1652846400,109742900.0,2022-05-18 04:00:00
134.7711,139.0002,134.0352,137.2536,1652932800,136095600.0,2022-05-19 04:00:00
135.0066,138.0582,130.1201,136.4784,1653019200,137426100.0,2022-05-20 04:00:00
140.423,140.5702,135.0655,135.2029,1653278400,117726300.0,2022-05-23 04:00:00
137.7246,139.3044,134.7515,138.1662,1653364800,104132700.0,2022-05-24 04:00:00
137.8816,139.1278,135.7425,135.8309,1653451200,92482700.0,2022-05-25 04:00:00
141.0804,141.6299,134.5651,134.8104,1653537600,90601500.0,2022-05-26 04:00:00
146.8304,146.8696,142.5326,142.6602,1653624000,90978500.0,2022-05-27 04:00:00
146.0454,147.8312,144.0829,146.2711,1653969600,103718400.0,2022-05-31 04:00:00
145.9179,148.891,144.9072,147.0855,1654056000,74286600.0,2022-06-01 04:00:00
148.3709,148.4298,144.1025,145.0543,1654142400,72348100.0,2022-06-02 04:00:00
142.6504,145.1917,141.7476,144.1418,1654228800,88570300.0,2022-06-03 04:00:00
143.3961,145.7805,142.1794,144.2694,1654488000,71598400.0,2022-06-06 04:00:00
145.9179,146.2024,141.3944,141.6397,1654574400,67808200.0,2022-06-07 04:00:00
145.1819,147.0561,144.6913,145.7903,1654660800,53950200.0,2022-06-08 04:00:00
139.9618,145.1721,139.8539,144.3185,1654747200,69473000.0,2022-06-09 04:00:00
134.5552,138.1171,134.4865,137.6461,1654833600,91437900.0,2022-06-10 04:00:00
129.4038,132.6615,128.9721,130.3752,1655092800,122207100.0,2022-06-13 04:00:00
130.2673,131.3761,129.0113,130.6304,1655179200,84784300.0,2022-06-14 04:00:00
132.8872,134.7613,129.6786,131.7686,1655265600,91533000.0,2022-06-15 04:00:00
127.618,129.9043,126.6171,129.6001,1655352000,108123900.0,2022-06-16 04:00:00
129.0898,130.5813,127.3727,127.6278,1655438400,134520300.0,2022-06-17 04:00:00
133.3189,134.4866,130.8168,130.9149,1655784000,81000500.0,2022-06-21 04:00:00
132.8087,135.1734,131.3957,132.2592,1655870400,73409200.0,2022-06-22 04:00:00
135.6739,135.9879,133.0835,134.2511,1655956800,72433800.0,2022-06-23 04:00:00
139.0002,139.2455,137.1457,137.2733,1656043200,89116800.0,2022-06-24 04:00:00
139.0002,140.7959,138.3232,140.0207,1656302400,70207900.0,2022-06-27 04:00:00
134.8594,140.7272,134.7417,139.4614,1656388800,67083400.0,2022-06-28 04:00:00
136.6158,138.0287,134.1039,134.879,1656475200,66242400.0,2022-06-29 04:00:00
134.153,135.772,131.2584,134.673,1656561600,98964500.0,2022-06-30 04:00:00
136.3215,136.4294,133.1129,133.4857,1656648000,71051600.0,2022-07-01 04:00:00
138.9021,138.9511,134.359,135.1833,1656993600,73353800.0,2022-07-05 04:00:00
140.2365,141.414,138.4311,138.696,1657080000,74064300.0,2022-07-06 04:00:00
143.6022,143.7984,140.5898,140.5996,1657166400,66253700.0,2022-07-07 04:00:00
144.2792,144.7796,142.2775,142.5326,1657252800,64547800.0,2022-07-08 04:00:00
142.1499,143.8867,141.0804,142.9349,1657512000,63141600.0,2022-07-11 04:00:00
143.1213,145.6627,142.3265,143.0232,1657598400,77588800.0,2022-07-12 04:00:00
142.7583,143.7003,139.4516,140.3053,1657684800,71185600.0,2022-07-13 04:00:00
145.6824,146.1533,140.5604,141.3748,1657771200,78140700.0,2022-07-14 04:00:00
147.3504,148.0275,145.4174,146.9677,1657857600,76259900.0,2022-07-15 04:00:00
144.3086,148.7241,143.9456,147.9097,1658116800,81420900.0,2022-07-18 04:00:00
148.1648,148.3905,144.1516,145.1427,1658203200,82982400.0,2022-07-19 04:00:00
150.1665,150.8338,147.5467,148.2826,1658289600,64823400.0,2022-07-20 04:00:00
152.4332,152.6491,149.0872,151.5991,1658376000,65086600.0,2022-07-21 04:00:00
151.1968,153.3457,150.5296,152.4724,1658462400,66675400.0,2022-07-22 04:00:00
150.0782,152.1289,149.4208,151.1183,1658721600,53623900.0,2022-07-25 04:00:00
148.7536,150.2156,147.9686,149.4012,1658808000,55138700.0,2022-07-26 04:00:00
153.8461,154.376,149.3031,149.7152,1658894400,78620700.0,2022-07-27 04:00:00
154.3956,154.6802,151.5108,154.0326,1658980800,81378700.0,2022-07-28 04:00:00
159.4587,160.5577,156.5052,158.2126,1659067200,101786900.0,2022-07-29 04:00:00
158.4775,160.5184,157.8691,157.9869,1659326400,67829400.0,2022-08-01 04:00:00
157.0056,159.3606,156.6328,157.094,1659412800,59907000.0,2022-08-02 04:00:00
163.0108,163.4621,157.7318,157.8201,1659499200,82507500.0,2022-08-03 04:00:00
162.6968,164.0509,161.3427,162.893,1659585600,55474100.0,2022-08-04 04:00:00
162.4708,162.9621,160.1617,160.3681,1659672000,56697000.0,2022-08-05 04:00:00
161.9991,164.8879,161.3408,163.473,1659931200,60276900.0,2022-08-08 04:00:00
162.0483,162.9326,160.4074,161.164,1660017600,63135500.0,2022-08-09 04:00:00
166.293,166.3913,163.9937,164.7602,1660104000,70170500.0,2022-08-10 04:00:00
165.5561,168.0126,165.2613,167.0987,1660190400,57149200.0,2022-08-11 04:00:00
169.1032,169.172,166.4502,166.8629,1660276800,68039400.0,2022-08-12 04:00:00
170.1742,170.3708,168.3663,168.5333,1660536000,54091700.0,2022-08-15 04:00:00
170.017,170.6852,168.6709,169.7714,1660622400,56377100.0,2022-08-16 04:00:00
171.5106,173.0827,169.565,169.7616,1660708800,79542000.0,2022-08-17 04:00:00
171.1175,171.8545,170.1055,170.7245,1660795200,62290100.0,2022-08-18 04:00:00
168.5334,170.7147,168.327,170.0171,1660881600,70346300.0,2022-08-19 04:00:00
164.6521,166.9022,164.2296,166.7352,1661140800,69026800.0,2022-08-22 04:00:00
164.318,165.7723,163.7481,164.1706,1661227200,54147100.0,2022-08-23 04:00:00
164.6128,165.1827,163.3551,164.4065,1661313600,53841500.0,2022-08-24 04:00:00
167.0693,167.1773,165.4185,165.841,1661400000,51218200.0,2022-08-25 04:00:00
160.7709,168.0715,160.7119,167.5999,1661486400,78961000.0,2022-08-26 04:00:00
158.5699,160.0634,157.0371,158.3439,1661745600,73314000.0,2022-08-29 04:00:00
156.1429,159.7294,154.9736,159.3069,1661832000,77906200.0,2022-08-30 04:00:00
154.4823,157.7838,154.4037,157.5185,1661918400,87991100.0,2022-08-31 04:00:00
155.2095,155.6614,151.9767,153.9124,1662004800,74229900.0,2022-09-01 04:00:00
153.0969,157.5677,152.2715,156.9683,1662091200,76957800.0,2022-09-02 04:00:00
151.8392,154.3546,151.0138,153.7454,1662436800,73714800.0,2022-09-06 04:00:00
153.2443,153.9419,150.9352,152.1241,1662523200,87449600.0,2022-09-07 04:00:00
151.7704,153.6373,150.0214,151.9472,1662609600,84923800.0,2022-09-08 04:00:00
154.6297,155.0719,152.0554,152.7628,1662696000,68028800.0,2022-09-09 04:00:00
160.5842,161.3997,156.5261,156.811,1662955200,104956000.0,2022-09-12 04:00:00
151.1612,157.7445,150.6994,157.1157,1663041600,122656600.0,2022-09-13 04:00:00
152.6056,154.3644,150.9352,152.0947,1663128000,87965400.0,2022-09-14 04:00:00
149.7168,152.5368,148.7441,151.9571,1663214400,90481100.0,2022-09-15 04:00:00
148.0759,148.7146,145.7864,148.577,1663300800,162278800.0,2022-09-16 04:00:00
151.7901,151.8687,146.5037,146.7101,1663560000,81474200.0,2022-09-19 04:00:00
154.1679,155.3274,150.4144,150.7288,1663646400,107689800.0,2022-09-20 04:00:00
151.0433,155.9759,150.9254,154.6002,1663732800,101696800.0,2022-09-21 04:00:00
150.0803,151.7802,148.2822,149.7266,1663819200,86652500.0,2022-09-22 04:00:00
147.8106,148.8325,145.9731,148.5573,1663905600,96029900.0,2022-09-23 04:00:00
148.1446,151.0924,147.0343,147.054,1664164800,93339400.0,2022-09-26 04:00:00
149.1174,152.0259,147.3389,150.0803,1664251200,84442700.0,2022-09-27 04:00:00
147.2308,148.0169,142.3179,145.0691,1664337600,146691400.0,2022-09-28 04:00:00
139.999,144.1652,138.2303,143.556,1664424000,128138200.0,2022-09-29 04:00:00
135.7935,140.6082,135.597,138.8199,1664510400,124925300.0,2022-09-30 04:00:00
139.9695,140.5787,135.2924,135.8034,1664769600,114311700.0,2022-10-03 04:00:00
143.556,143.6739,141.748,142.5046,1664856000,87830100.0,2022-10-04 04:00:00
143.8508,144.8137,140.5198,141.5614,1664942400,79471000.0,2022-10-05 04:00:00
142.8976,144.9709,142.6913,143.271,1665028800,68402200.0,2022-10-06 04:00:00
137.6506,140.6082,137.0217,140.0579,1665115200,85925600.0,2022-10-07 04:00:00
137.9749,139.4193,136.1571,137.9749,1665374400,74899000.0,2022-10-10 04:00:00
136.56,138.8887,135.8132,137.4639,1665460800,77033700.0,2022-10-11 04:00:00
135.9311,137.9159,135.7542,136.7073,1665547200,70433700.0,2022-10-12 04:00:00
140.5001,141.0897,132.0302,132.6394,1665633600,113224000.0,2022-10-13 04:00:00
135.9704,142.0035,135.7837,141.7971,1665720000,88598000.0,2022-10-14 04:00:00
139.9302,140.4117,137.8275,138.6136,1665979200,85250900.0,2022-10-17 04:00:00
141.2469,144.1455,138.1616,142.9566,1666065600,99136600.0,2022-10-18 04:00:00
141.355,142.426,139.0361,139.2228,1666152000,61758300.0,2022-10-19 04:00:00
140.8932,143.3496,140.166,140.5296,1666238400,64522000.0,2022-10-20 04:00:00
144.7056,145.2755,140.1661,140.3822,1666324800,86548600.0,2022-10-21 04:00:00
146.8476,147.614,143.4577,144.627,1666584000,75981900.0,2022-10-24 04:00:00
149.6873,149.8347,146.7592,147.4765,1666670400,74732300.0,2022-10-25 04:00:00
146.7494,149.3434,145.4622,148.3313,1666756800,88194300.0,2022-10-26 04:00:00
142.2786,146.4546,141.6203,145.4917,1666843200,109180200.0,2022-10-27 04:00:00
153.0281,154.7575,145.246,145.6194,1666929600,164762400.0,2022-10-28 04:00:00
150.6699,151.5542,149.2746,150.493,1667188800,97943200.0,2022-10-31 04:00:00
148.0267,152.7432,146.5332,152.3796,1667275200,80379300.0,2022-11-01 04:00:00
142.5046,149.5203,142.4751,146.3563,1667361600,93604600.0,2022-11-02 04:00:00
136.4617,140.3134,136.334,139.5863,1667448000,97918500.0,2022-11-03 04:00:00
136.196,140.4182,132.2591,139.8474,1667534400,140814800.0,2022-11-04 04:00:00
136.7274,136.9538,133.5287,134.946,1667797200,83374600.0,2022-11-07 05:00:00
137.2983,139.1978,135.32,138.1939,1667883600,89908500.0,2022-11-08 05:00:00
132.7413,136.3633,132.4658,136.3141,1667970000,74917800.0,2022-11-09 05:00:00
144.5519,144.5519,137.2983,139.0108,1668056400,118854000.0,2022-11-10 05:00:00
147.3373,147.6424,142.0914,143.5185,1668142800,93979700.0,2022-11-11 05:00:00
145.9397,147.9082,145.1031,146.6188,1668402000,73374100.0,2022-11-14 05:00:00
147.6719,151.1659,146.2153,149.8175,1668488400,89868300.0,2022-11-15 05:00:00
146.4416,147.5046,144.9653,146.7763,1668574800,64218300.0,2022-11-16 05:00:00
148.3412,149.0892,143.8433,144.1189,1668661200,80389400.0,2022-11-17 05:00:00
148.9022,150.2899,147.603,149.9061,1668747600,74829600.0,2022-11-18 05:00:00
145.674,147.9967,145.3885,147.79,1669006800,58724100.0,2022-11-21 05:00:00
147.8097,148.0459,144.611,145.7921,1669093200,51804100.0,2022-11-22 05:00:00
148.6857,149.4337,146.983,147.0912,1669179600,58301400.0,2022-11-23 05:00:00
145.7724,146.5302,144.798,145.9692,1669352400,35195900.0,2022-11-25 05:00:00
141.9437,144.3255,141.117,142.8492,1669611600,69246000.0,2022-11-28 05:00:00
138.9419,142.5245,138.1349,142.0127,1669698000,83763800.0,2022-11-29 05:00:00
145.6936,146.3727,138.3317,139.1682,1669784400,111380900.0,2022-11-30 05:00:00
145.9692,146.7763,144.2961,145.8708,1669870800,71250400.0,2022-12-01 05:00:00
145.4771,145.6641,143.3512,143.6563,1669957200,65447400.0,2022-12-02 05:00:00
144.3157,148.538,143.4693,145.4377,1670216400,68826400.0,2022-12-05 05:00:00
140.6545,144.9752,139.6801,144.7488,1670302800,64727200.0,2022-12-06 05:00:00
138.7156,141.1072,137.7904,139.9458,1670389200,69721100.0,2022-12-07 05:00:00
140.3985,141.2548,138.873,140.1131,1670475600,62128300.0,2022-12-08 05:00:00
139.9163,143.2725,138.6762,140.0935,1670562000,76097000.0,2022-12-09 05:00:00
142.2095,142.2193,138.8336,140.4477,1670821200,70462700.0,2022-12-12 05:00:00
143.1741,147.6031,141.9635,147.1405,1670907600,93886200.0,2022-12-13 05:00:00
140.9498,144.3453,138.9321,143.056,1670994000,82291200.0,2022-12-14 05:00:00
134.3456,139.562,133.8831,138.8829,1671080400,98931900.0,2022-12-15 05:00:00
132.387,135.4775,131.6193,134.5326,1671166800,160156900.0,2022-12-16 05:00:00
130.2808,133.0661,129.2474,132.9776,1671426000,79592600.0,2022-12-19 05:00:00
130.2119,131.1469,127.8399,129.3163,1671512400,77432800.0,2022-12-20 05:00:00
133.3122,134.6507,130.6548,130.8812,1671598800,85928000.0,2022-12-21 05:00:00
130.143,132.4363,128.2435,132.2296,1671685200,77852100.0,2022-12-22 05:00:00
129.7789,130.33,127.5939,128.8537,1671771600,63814900.0,2022-12-23 05:00:00
127.9778,129.336,126.6884,129.3065,1672117200,69007800.0,2022-12-27 05:00:00
124.0507,128.9619,123.8834,127.6234,1672203600,85438400.0,2022-12-28 05:00:00
127.5644,128.4206,125.714,125.9699,1672290000,75703700.0,2022-12-29 05:00:00
127.8793,127.899,125.4188,126.3833,1672376400,77034200.0,2022-12-30 05:00:00
123.096,128.834,122.2102,128.2238,1672722000,112117500.0,2023-01-03 05:00:00
124.3657,126.6294,123.1059,124.8873,1672808400,89113600.0,2023-01-04 05:00:00
123.0468,125.7534,122.7909,125.1235,1672894800,80962700.0,2023-01-05 05:00:00
127.5742,128.2336,122.9189,124.0212,1672981200,87754700.0,2023-01-06 05:00:00
128.0958,131.3044,127.8399,128.4108,1673240400,70790800.0,2023-01-09 05:00:00
128.6667,129.1883,126.0979,128.2041,1673326800,63896200.0,2023-01-10 05:00:00
131.3832,131.4028,128.401,129.1785,1673413200,69458900.0,2023-01-11 05:00:00
131.3044,132.141,129.3655,131.767,1673499600,71379600.0,2023-01-12 05:00:00
132.633,132.7905,129.582,129.9461,1673586000,57809700.0,2023-01-13 05:00:00
133.7945,135.1231,132.013,132.702,1673931600,63646600.0,2023-01-17 05:00:00
133.076,136.4223,132.8988,134.6606,1674018000,69672800.0,2023-01-18 05:00:00
133.135,134.0996,131.6587,131.9638,1674104400,58280400.0,2023-01-19 05:00:00
135.694,135.8416,132.1016,133.1449,1674190800,80223600.0,2023-01-20 05:00:00
138.8829,141.058,135.7235,135.9401,1674450000,81760300.0,2023-01-23 05:00:00
140.2804,140.9005,138.0856,138.0955,1674536400,66435100.0,2023-01-24 05:00:00
139.621,140.182,136.6192,138.6663,1674622800,65799300.0,2023-01-25 05:00:00
141.6879,141.9733,139.6604,140.9104,1674709200,54105100.0,2023-01-26 05:00:00
143.6268,144.9063,140.8218,140.9005,1674795600,70555800.0,2023-01-27 05:00:00
140.743,143.2528,140.5954,142.6721,1675054800,64015300.0,2023-01-30 05:00:00
142.0126,142.0619,140.0344,140.4477,1675141200,65874500.0,2023-01-31 05:00:00
143.1347,144.296,139.0895,141.6977,1675227600,77663600.0,2023-02-01 05:00:00
148.4397,148.794,145.8315,146.5499,1675314000,118339000.0,2023-02-02 05:00:00
152.0615,154.8961,145.4968,145.6936,1675400400,154357300.0,2023-02-03 05:00:00
149.3353,150.6836,148.4002,150.162,1675659600,69858300.0,2023-02-06 05:00:00
152.2092,152.78,148.2625,148.2625,1675746000,83322600.0,2023-02-07 05:00:00
149.5223,152.1403,148.7841,151.4513,1675832400,64120100.0,2023-02-08 05:00:00
148.4888,151.8942,148.0459,151.3529,1675918800,56007100.0,2023-02-09 05:00:00
148.8536,149.1789,147.0891,147.3257,1676005200,57450700.0,2023-02-10 05:00:00
151.653,152.0571,148.7648,148.7944,1676264400,62199000.0,2023-02-13 05:00:00
151.0123,151.5742,148.7057,149.9477,1676350800,61707600.0,2023-02-14 05:00:00
153.1119,153.2795,150.6969,150.9236,1676437200,65573800.0,2023-02-15 05:00:00
151.515,154.0976,151.1601,151.3178,1676523600,68167900.0,2023-02-16 05:00:00
150.3715,150.8151,148.6958,150.1744,1676610000,59144100.0,2023-02-17 05:00:00
146.3596,149.1394,146.2907,148.0551,1676955600,58867200.0,2023-02-21 05:00:00
146.7835,147.8087,145.0585,146.7441,1677042000,51011300.0,2023-02-22 05:00:00
147.2665,148.1931,145.1374,147.9467,1677128400,48394200.0,2023-02-23 05:00:00
144.6149,145.0881,143.6391,145.0092,1677214800,55469600.0,2023-02-24 05:00:00
145.8077,147.0398,145.3444,145.6007,1677474000,44998500.0,2023-02-27 05:00:00
145.3049,146.9511,144.7332,144.9501,1677560400,50547000.0,2023-02-28 05:00:00
143.235,145.1275,142.9392,144.7333,1677646800,55479000.0,2023-03-01 05:00:00
143.8264,144.615,141.8451,142.3182,1677733200,52238100.0,2023-03-02 05:00:00
148.8733,148.9521,145.2261,145.926,1677819600,70732300.0,2023-03-03 05:00:00
151.6333,154.068,151.2686,151.5938,1678078800,87558000.0,2023-03-06 05:00:00
149.4351,151.8304,148.9718,151.5051,1678165200,56182000.0,2023-03-07 05:00:00
150.687,151.2784,149.6618,150.6278,1678251600,47204800.0,2023-03-08 05:00:00
148.4396,152.3332,148.0847,151.3671,1678338000,53833600.0,2023-03-09 05:00:00
146.3794,148.7845,145.5021,148.065,1678424400,68572400.0,2023-03-10 05:00:00
148.3212,150.9531,145.5908,145.6992,1678680000,84457100.0,2023-03-13 04:00:00
150.411,151.2094,147.9565,149.1197,1678766400,73695900.0,2023-03-14 04:00:00
150.8053,151.0616,147.7791,149.031,1678852800,77167900.0,2023-03-15 04:00:00
153.6244,154.2257,149.4745,149.9871,1678939200,76161100.0,2023-03-16 04:00:00
152.7866,154.5017,152.0769,153.8512,1679025600,98944600.0,2023-03-17 04:00:00
155.1523,155.5663,151.9487,152.8556,1679284800,73641400.0,2023-03-20 04:00:00
157.0054,157.1237,154.3046,155.0734,1679371200,73938300.0,2023-03-21 04:00:00
155.5762,159.8246,155.5564,157.0252,1679457600,75701800.0,2023-03-22 04:00:00
156.6604,159.243,155.4283,156.5619,1679544000,67622100.0,2023-03-23 04:00:00
157.9616,158.0503,155.5959,156.5915,1679630400,59196500.0,2023-03-24 04:00:00
156.0197,158.4742,155.6156,157.656,1679889600,52390300.0,2023-03-27 04:00:00
155.3987,156.2267,153.7525,155.7141,1679976000,45992200.0,2023-03-28 04:00:00
158.4742,158.7502,157.0744,157.0941,1680062400,51305700.0,2023-03-29 04:00:00
160.0415,160.1499,158.967,159.2233,1680148800,49501700.0,2023-03-30 04:00:00
162.5452,162.6438,159.5979,160.1203,1680235200,68749800.0,2023-03-31 04:00:00
163.7971,163.9153,161.8749,161.9242,1680494400,56976200.0,2023-04-03 04:00:00
163.2648,164.4575,162.7522,164.2209,1680580800,46278300.0,2023-04-04 04:00:00
161.4215,162.693,159.4895,162.3875,1680667200,51511700.0,2023-04-05 04:00:00
162.3086,162.6043,159.6866,160.1105,1680753600,45390100.0,2023-04-06 04:00:00
159.7162,159.7162,157.794,159.1149,1681099200,47716900.0,2023-04-10 04:00:00
158.5038,160.0415,158.2179,160.0316,1681185600,47644200.0,2023-04-11 04:00:00
157.8138,159.7458,157.4983,158.9178,1681272000,50133100.0,2023-04-12 04:00:00
163.1957,163.4323,159.1149,159.3219,1681358400,68445600.0,2023-04-13 04:00:00
162.8508,163.9449,161.4806,162.2396,1681444800,49386500.0,2023-04-14 04:00:00
162.8705,163.0282,161.6876,162.7325,1681704000,41516200.0,2023-04-17 04:00:00
164.0928,165.0194,163.2845,163.7281,1681790400,49923000.0,2023-04-18 04:00:00
165.2362,165.7587,163.1761,163.4324,1681876800,47720200.0,2023-04-19 04:00:00
164.2702,165.4728,163.1958,163.7182,1681963200,52456400.0,2023-04-20 04:00:00
162.6635,164.0731,162.1411,162.6931,1682049600,58337300.0,2023-04-21 04:00:00
162.9691,163.2352,161.5496,162.6438,1682308800,41949600.0,2023-04-24 04:00:00
161.4313,163.9351,161.3919,162.8311,1682395200,48714100.0,2023-04-25 04:00:00
161.4215,162.9198,160.4752,160.7315,1682481600,45498800.0,2023-04-26 04:00:00
166.0051,166.1529,162.831,162.831,1682568000,64902300.0,2023-04-27 04:00:00
167.2569,167.4245,165.4826,166.0839,1682654400,55275900.0,2023-04-28 04:00:00
167.1682,168.0159,166.2318,166.8626,1682913600,52472900.0,2023-05-01 04:00:00
166.1332,167.9174,165.1475,167.6611,1683000000,48425700.0,2023-05-02 04:00:00
165.0588,168.4792,164.7729,167.0795,1683086400,65136000.0,2023-05-03 04:00:00
163.4225,164.6546,161.9636,162.5353,1683172800,81235400.0,2023-05-04 04:00:00
171.0914,171.811,168.3215,168.5384,1683259200,113453200.0,2023-05-05 04:00:00
171.0224,171.3674,169.6522,170.0169,1683518400,55962800.0,2023-05-08 04:00:00
169.3171,171.0618,169.1495,170.5788,1683604800,45326900.0,2023-05-09 04:00:00
171.0815,171.5448,169.4452,170.5492,1683691200,53724500.0,2023-05-10 04:00:00
171.2688,172.0968,169.7114,171.3674,1683777600,49514700.0,2023-05-11 04:00:00
170.3409,171.8117,168.7912,171.3774,1683864000,45533100.0,2023-05-12 04:00:00
169.8474,170.9727,169.2552,170.9233,1684123200,37266700.0,2023-05-15 04:00:00
169.8474,170.9036,169.5809,169.7685,1684209600,42110300.0,2023-05-16 04:00:00
170.4594,170.6963,168.2187,169.492,1684296000,57951600.0,2023-05-17 04:00:00
172.7889,172.9765,170.3508,170.7654,1684382400,65496700.0,2023-05-18 04:00:00
172.8975,174.1116,172.6803,174.1116,1684468800,55809500.0,2023-05-19 04:00:00
171.9499,172.4533,171.2096,171.7327,1684728000,43570900.0,2023-05-22 04:00:00
169.344,171.1405,169.0676,170.8937,1684814400,50747300.0,2023-05-23 04:00:00
169.6203,170.1929,168.3174,168.88,1684900800,45143500.0,2023-05-24 04:00:00
170.7555,171.6538,169.4723,170.183,1684987200,56058300.0,2023-05-25 04:00:00
173.164,173.4996,170.874,171.0813,1685073600,54835000.0,2023-05-26 04:00:00
175.0099,176.678,174.2893,174.6743,1685419200,55964400.0,2023-05-30 04:00:00
174.9605,177.0334,174.4768,175.0394,1685505600,99625300.0,2023-05-31 04:00:00
177.7638,177.7935,174.6447,175.4047,1685592000,68901800.0,2023-06-01 04:00:00
178.6127,179.432,176.9445,178.6917,1685678400,61996900.0,2023-06-02 04:00:00
177.2604,182.561,175.7403,180.271,1685937600,121946500.0,2023-06-05 04:00:00
176.8952,177.7934,175.1382,177.6453,1686024000,64848400.0,2023-06-06 04:00:00
175.5231,178.8693,175.0296,176.1351,1686110400,61944600.0,2023-06-07 04:00:00
178.2376,178.5041,175.1678,175.6021,1686196800,50214900.0,2023-06-08 04:00:00
178.6226,179.8762,178.2968,179.1556,1686283200,48900000.0,2023-06-09 04:00:00
181.416,181.5147,178.6324,178.9286,1686542400,54274900.0,2023-06-12 04:00:00
180.9422,181.7713,180.0834,180.4388,1686628800,54929100.0,2023-06-13 04:00:00
181.5739,182.0083,179.6689,181.0014,1686715200,57462900.0,2023-06-14 04:00:00
183.6073,184.1108,181.4062,181.5838,1686801600,65433200.0,2023-06-15 04:00:00
182.5314,184.5747,181.8898,184.3181,1686888000,101256200.0,2023-06-16 04:00:00
182.6202,183.6962,182.028,182.028,1687233600,49799100.0,2023-06-20 04:00:00
181.5838,183.0151,180.2315,182.5117,1687320000,49515700.0,2023-06-21 04:00:00
184.5845,184.6339,181.2976,181.3667,1687406400,51245300.0,2023-06-22 04:00:00
184.2687,185.1373,182.6203,183.1533,1687492800,53117000.0,2023-06-23 04:00:00
182.8769,185.621,182.8374,184.4168,1687752000,48088700.0,2023-06-26 04:00:00
185.6309,185.9566,183.2717,183.4889,1687838400,50730800.0,2023-06-27 04:00:00
186.8055,187.4471,185.1768,185.5025,1687924800,51216800.0,2023-06-28 04:00:00
187.1411,187.6149,186.4995,186.6377,1688011200,46347300.0,2023-06-29 04:00:00
191.4645,191.9679,188.7895,189.1548,1688097600,85213200.0,2023-06-30 04:00:00
189.974,191.3757,189.2831,191.277,1688356800,31458200.0,2023-07-03 04:00:00
188.8586,190.4873,188.1578,189.0955,1688529600,46920300.0,2023-07-05 04:00:00
189.3324,189.5397,186.7561,187.3879,1688616000,45094300.0,2023-07-06 04:00:00
188.217,190.1813,187.7827,188.9376,1688702400,46815000.0,2023-07-07 04:00:00
186.1738,187.5359,184.624,186.8154,1688961600,59922200.0,2023-07-10 04:00:00
185.6506,186.8548,184.1897,186.7166,1689048000,46638100.0,2023-07-11 04:00:00
187.3188,189.2239,186.0356,187.2299,1689134400,60750200.0,2023-07-12 04:00:00
188.0788,188.7204,187.3286,188.0394,1689220800,41342300.0,2023-07-13 04:00:00
188.2269,188.7105,187.1806,187.7728,1689307200,41616200.0,2023-07-14 04:00:00
191.4843,191.81,189.3324,189.4213,1689566400,50520200.0,2023-07-17 04:00:00
191.2276,191.8199,189.9345,190.8525,1689652800,48288200.0,2023-07-18 04:00:00
192.5799,195.6695,190.1616,190.6058,1689739200,80507300.0,2023-07-19 04:00:00
190.6354,193.9322,190.0135,192.57,1689825600,59581200.0,2023-07-20 04:00:00
189.4608,192.4516,188.7599,191.5929,1689912000,71951700.0,2023-07-21 04:00:00
190.2603,192.3924,189.7667,190.9117,1690171200,45377800.0,2023-07-24 04:00:00
191.119,191.9284,190.4281,190.8328,1690257600,37283200.0,2023-07-25 04:00:00
191.9877,193.113,190.8229,191.1684,1690344000,47471900.0,2023-07-26 04:00:00
190.7242,194.6528,190.0629,193.4881,1690430400,47460200.0,2023-07-27 04:00:00
193.3005,194.0902,191.6323,192.1555,1690516800,48291400.0,2023-07-28 04:00:00
193.9125,193.952,192.7379,193.5275,1690776000,38824100.0,2023-07-31 04:00:00
193.0833,194.1889,192.7576,193.7052,1690862400,35175100.0,2023-08-01 04:00:00
190.0925,192.6589,189.3719,192.5207,1690948800,50389300.0,2023-08-02 04:00:00
188.7007,189.8852,188.2269,189.0955,1691035200,61235200.0,2023-08-03 04:00:00
179.6393,184.9596,179.5702,183.1237,1691121600,115956800.0,2023-08-04 04:00:00
176.5398,180.7646,175.0592,179.7775,1691380800,97576100.0,2023-08-07 04:00:00
177.4776,177.9415,175.2862,177.369,1691467200,67823000.0,2023-08-08 04:00:00
175.8884,178.5929,174.7236,178.5337,1691553600,60378500.0,2023-08-09 04:00:00
175.6712,178.4153,175.306,177.1617,1691640000,54686900.0,2023-08-10 04:00:00
175.7305,176.5509,174.5049,175.2659,1691726400,52036700.0,2023-08-11 04:00:00
177.3812,177.6085,175.2561,175.9084,1691985600,43675600.0,2023-08-14 04:00:00
175.3945,177.4009,174.9991,176.8079,1692072000,43622600.0,2023-08-15 04:00:00
174.5246,176.4718,174.4554,175.0782,1692158400,46964900.0,2023-08-16 04:00:00
171.9844,175.4538,171.4704,175.088,1692244800,66062900.0,2023-08-17 04:00:00
172.4688,173.0717,169.9681,170.3041,1692331200,61172200.0,2023-08-18 04:00:00
173.8031,174.0897,171.7274,173.042,1692590400,46311900.0,2023-08-21 04:00:00
175.177,175.6218,174.2083,175.009,1692676800,42038900.0,2023-08-22 04:00:00
179.0219,179.4469,176.2642,176.452,1692763200,52722800.0,2023-08-23 04:00:00
174.3368,179.0022,173.9711,178.5771,1692849600,54945800.0,2023-08-24 04:00:00
176.541,177.0748,173.7833,175.3253,1692936000,51449600.0,2023-08-25 04:00:00
178.1027,178.4981,176.4817,178.0039,1693195200,43820700.0,2023-08-28 04:00:00
181.9872,182.7581,177.4207,177.6184,1693281600,53003900.0,2023-08-29 04:00:00
185.4763,185.674,182.6,182.7977,1693368000,60813900.0,2023-08-30 04:00:00
185.6937,186.9293,185.3083,185.6641,1693454400,60794500.0,2023-08-31 04:00:00
187.2653,187.72,186.099,187.295,1693540800,45766500.0,2023-09-01 04:00:00
187.5025,187.7793,185.4368,186.099,1693886400,45280000.0,2023-09-05 04:00:00
180.7912,186.6624,179.3679,186.2176,1693972800,81755800.0,2023-09-06 04:00:00
175.5032,176.1457,171.5297,173.1507,1694059200,112488800.0,2023-09-07 04:00:00
176.116,178.1521,175.7305,176.284,1694145600,65551300.0,2023-09-08 04:00:00
177.2823,178.2114,175.2857,177.9841,1694404800,58953100.0,2023-09-11 04:00:00
174.2578,178.0434,172.7949,177.4108,1694491200,90370200.0,2023-09-12 04:00:00
172.192,175.2462,171.9646,174.4653,1694577600,84267900.0,2023-09-13 04:00:00
173.7043,174.0601,171.5693,171.9844,1694664000,60895800.0,2023-09-14 04:00:00
172.9827,174.4555,171.8065,174.4357,1694750400,109259500.0,2023-09-15 04:00:00
175.9084,177.3021,174.1293,174.4357,1695009600,67257600.0,2023-09-18 04:00:00
176.9957,177.5492,175.0781,175.4636,1695096000,51826900.0,2023-09-19 04:00:00
173.4572,177.6184,173.3682,177.1835,1695182400,58436200.0,2023-09-20 04:00:00
171.9152,174.2578,171.846,172.5281,1695268800,63149100.0,2023-09-21 04:00:00
172.7652,175.0287,172.0338,172.6466,1695355200,56725400.0,2023-09-22 04:00:00
174.0403,174.92,172.1326,172.1821,1695614400,46172700.0,2023-09-25 04:00:00
169.9681,173.1705,169.6715,172.7949,1695700800,64588900.0,2023-09-26 04:00:00
168.4557,171.0355,167.0917,170.6204,1695787200,66921800.0,2023-09-27 04:00:00
168.7127,170.0372,165.6783,167.3784,1695873600,56294400.0,2023-09-28 04:00:00
169.2267,171.0652,168.3668,170.0274,1695960000,51861100.0,2023-09-29 04:00:00
171.7373,172.2809,168.9499,169.2366,1696219200,52164500.0,2023-10-02 04:00:00
170.4029,171.6187,168.8412,170.2645,1696305600,49594600.0,2023-10-03 04:00:00
171.6483,172.192,168.9895,169.1081,1696392000,53020300.0,2023-10-04 04:00:00
172.8839,173.4176,170.6797,171.7768,1696478400,48527900.0,2023-10-05 04:00:00
175.434,175.9282,171.1739,171.7867,1696564800,57266700.0,2023-10-06 04:00:00
176.9166,176.9759,173.7635,174.7618,1696824000,42390800.0,2023-10-09 04:00:00
176.3236,177.6382,175.8887,176.0369,1696910400,43698000.0,2023-10-10 04:00:00
177.7172,177.7666,175.5427,176.1357,1696996800,47551100.0,2023-10-11 04:00:00
178.6167,180.2278,176.966,177.9841,1697083200,56743100.0,2023-10-12 04:00:00
176.7782,179.8225,176.0764,179.3185,1697169600,51427100.0,2023-10-13 04:00:00
176.6497,177.0055,174.4653,174.7025,1697428800,52517000.0,2023-10-16 04:00:00
175.0979,176.3532,172.7752,174.6037,1697515200,57549400.0,2023-10-17 04:00:00
173.8031,175.5229,173.0815,173.5461,1697601600,54764400.0,2023-10-18 04:00:00
173.4275,175.7799,173.1606,174.0008,1697688000,59302900.0,2023-10-19 04:00:00
170.8773,173.3879,170.6401,173.2792,1697774400,64244000.0,2023-10-20 04:00:00
170.996,171.9943,167.9615,168.9302,1698033600,55980100.0,2023-10-23 04:00:00
171.4309,171.6582,169.464,171.0454,1698120000,43816600.0,2023-10-24 04:00:00
169.118,171.0553,168.6732,169.889,1698206400,57157000.0,2023-10-25 04:00:00
164.9568,169.3948,163.7509,168.3964,1698292800,70625300.0,2023-10-26 04:00:00
166.2714,167.0028,164.8975,164.9765,1698379200,58499100.0,2023-10-27 04:00:00
168.3174,169.1872,166.9138,167.0621,1698638400,51131000.0,2023-10-30 04:00:00
168.7919,168.9203,165.9551,167.3883,1698724800,44846000.0,2023-10-31 04:00:00
171.9548,172.2118,168.1494,169.0192,1698811200,56934900.0,2023-11-01 04:00:00
175.513,175.7206,173.4275,173.4868,1698897600,77334800.0,2023-11-02 04:00:00
174.6037,174.7717,171.3419,172.2216,1698984000,79829200.0,2023-11-03 04:00:00
177.1538,177.3515,174.1688,174.3368,1699246800,63841300.0,2023-11-06 05:00:00
179.7138,180.3266,176.8968,177.1044,1699333200,70530000.0,2023-11-07 05:00:00
180.7714,181.3249,179.4865,180.2377,1699419600,49340300.0,2023-11-08 05:00:00
180.297,181.9872,179.7039,180.8406,1699506000,53763500.0,2023-11-09 05:00:00
184.4835,184.6518,181.643,182.0785,1699592400,66133400.0,2023-11-10 05:00:00
182.8999,184.1173,182.316,183.9095,1699851600,43627500.0,2023-11-13 05:00:00
185.5128,186.1759,184.3845,185.7701,1699938000,60108400.0,2023-11-14 05:00:00
186.0769,187.5516,185.8493,185.9186,1700024400,53790500.0,2023-11-15 05:00:00
187.7595,188.9966,186.7103,187.6209,1700110800,54412900.0,2023-11-16 05:00:00
187.7397,188.4226,186.6312,188.2939,1700197200,50922700.0,2023-11-17 05:00:00
189.4816,189.9368,187.9277,187.9376,1700456400,46505100.0,2023-11-20 05:00:00
188.6799,189.5509,187.7892,189.442,1700542800,38134500.0,2023-11-21 05:00:00
189.343,190.9464,188.868,189.5212,1700629200,39617700.0,2023-11-22 05:00:00
188.0168,188.9372,187.3042,188.9075,1700802000,24048300.0,2023-11-24 05:00:00
187.8386,188.7096,186.9578,187.9673,1701061200,40552600.0,2023-11-27 05:00:00
188.4424,189.1154,187.4526,187.8287,1701147600,38415400.0,2023-11-28 05:00:00
187.4229,190.115,187.027,188.9372,1701234000,43014200.0,2023-11-29 05:00:00
187.997,188.3632,186.2551,187.8881,1701320400,48794400.0,2023-11-30 05:00:00
189.2738,189.5905,187.2844,188.3731,1701406800,45704800.0,2023-12-01 05:00:00
187.4823,188.096,185.5227,188.0267,1701666000,43389500.0,2023-12-04 05:00:00
191.4313,192.4012,188.2246,188.2543,1701752400,66628400.0,2023-12-05 05:00:00
190.3426,192.7575,190.1348,192.4507,1701838800,41089700.0,2023-12-06 05:00:00
192.2726,192.9951,191.5996,191.6391,1701925200,47477700.0,2023-12-07 05:00:00
193.6978,193.9749,191.6788,192.2033,1702011600,53406400.0,2023-12-08 05:00:00
191.1938,191.5006,189.4519,191.1245,1702270800,60943700.0,2023-12-11 05:00:00
192.708,192.7179,189.7488,191.0948,1702357200,52696900.0,2023-12-12 05:00:00
195.9247,195.9642,192.8466,193.0842,1702443600,70404200.0,2023-12-13 05:00:00
196.0731,197.5675,194.1431,195.984,1702530000,66831600.0,2023-12-14 05:00:00
195.5386,196.3601,194.9745,195.499,1702616400,128538400.0,2023-12-15 05:00:00
193.8759,194.6083,192.3914,194.0739,1702875600,55751900.0,2023-12-18 05:00:00
194.9151,194.925,193.8759,194.1432,1702962000,40714100.0,2023-12-19 05:00:00
192.8268,195.6475,192.8268,194.8755,1703048400,52242800.0,2023-12-20 05:00:00
192.6784,195.0537,191.5105,194.0838,1703134800,46482500.0,2023-12-21 05:00:00
191.6095,193.4009,190.9859,193.1732,1703221200,37149600.0,2023-12-22 05:00:00
191.0651,191.8965,190.8474,191.6194,1703566800,28919300.0,2023-12-26 05:00:00
191.1641,191.5105,189.1253,190.5109,1703653200,48087700.0,2023-12-27 05:00:00
191.5897,192.6586,191.1839,192.1439,1703739600,34049900.0,2023-12-28 05:00:00
190.5505,192.4012,189.7587,191.9064,1703826000,42672100.0,2023-12-29 05:00:00
183.7313,186.5025,181.9993,185.2258,1704171600,82488700.0,2024-01-02 05:00:00
182.3556,183.9689,181.544,182.3259,1704258000,58414500.0,2024-01-03 05:00:00
180.0397,181.2075,179.0202,180.2772,1704344400,71983600.0,2024-01-04 05:00:00
179.3172,180.8809,178.3175,180.1188,1704430800,62379700.0,2024-01-05 05:00:00
183.6521,183.6917,179.6339,180.2178,1704690000,59144500.0,2024-01-08 05:00:00
183.2365,183.2463,180.8512,182.029,1704776400,42841800.0,2024-01-09 05:00:00
184.2757,184.4835,182.029,182.4546,1704862800,46792900.0,2024-01-10 05:00:00
183.6818,185.1268,181.7321,184.6221,1704949200,49128400.0,2024-01-11 05:00:00
184.0084,184.82,183.2859,184.147,1705035600,40477800.0,2024-01-12 05:00:00
181.742,182.3655,179.0698,180.2871,1705381200,65603000.0,2024-01-16 05:00:00
180.8017,181.0492,178.4462,179.4063,1705467600,47317400.0,2024-01-17 05:00:00
186.6906,187.1953,183.9194,184.1767,1705554000,78005800.0,2024-01-18 05:00:00
189.5904,189.9764,186.8786,187.3834,1705640400,68903000.0,2024-01-19 05:00:00
191.8965,193.3217,190.2832,190.3228,1705899600,60133900.0,2024-01-22 05:00:00
193.1732,193.7374,191.8371,193.0149,1705986000,42355600.0,2024-01-23 05:00:00
192.5002,194.3609,192.3419,193.4108,1706072400,53631300.0,2024-01-24 05:00:00
192.1736,194.252,191.1245,193.2128,1706158800,54822100.0,2024-01-25 05:00:00
190.4416,192.7576,189.9666,192.2726,1706245200,44594000.0,2024-01-26 05:00:00
189.7587,190.2239,187.6308,190.0358,1706504400,47145600.0,2024-01-29 05:00:00
186.1066,189.828,185.5425,188.9768,1706590800,55859400.0,2024-01-30 05:00:00
182.5041,185.1763,182.4546,185.1169,1706677200,55467800.0,2024-01-31 05:00:00
184.9388,185.0279,181.93,182.0983,1706763600,64885400.0,2024-02-01 05:00:00
183.9392,185.4039,177.407,178.0107,1706850000,102551700.0,2024-02-02 05:00:00
185.7503,187.3042,183.9293,186.2155,1707109200,69668800.0,2024-02-05 05:00:00
187.3537,187.3636,184.8497,184.9388,1707195600,43490800.0,2024-02-06 05:00:00
187.4625,189.0857,186.6708,188.6799,1707282000,53439000.0,2024-02-07 05:00:00
186.3838,187.5912,185.4238,187.4428,1707368400,40962000.0,2024-02-08 05:00:00
187.1468,188.2765,186.3045,186.9486,1707454800,45155200.0,2024-02-09 05:00:00
185.4621,186.9684,185.1054,186.7207,1707714000,41781900.0,2024-02-12 05:00:00
183.3712,184.5306,181.855,184.0946,1707800400,56529500.0,2024-02-13 05:00:00
182.4892,183.8567,180.7946,183.6486,1707886800,54630500.0,2024-02-14 05:00:00
182.2018,182.8262,179.7145,181.8946,1707973200,65434500.0,2024-02-15 05:00:00
180.6658,183.1829,180.0316,181.7658,1708059600,49752500.0,2024-02-16 05:00:00
179.9225,180.7847,178.3766,180.1505,1708405200,53665600.0,2024-02-20 05:00:00
180.6757,181.2406,179.0307,180.2991,1708491600,41371400.0,2024-02-21 05:00:00
182.7072,183.2919,180.8145,181.8252,1708578000,52292200.0,2024-02-22 05:00:00
180.8739,183.3711,180.5865,183.3414,1708664400,45119700.0,2024-02-23 05:00:00
179.5262,181.1117,179.0208,180.5964,1708923600,40867400.0,2024-02-26 05:00:00
180.9829,182.2613,177.9406,179.4667,1709010000,54318900.0,2024-02-27 05:00:00
179.7838,181.4685,178.5055,180.864,1709096400,48953900.0,2024-02-28 05:00:00
179.1199,180.9235,177.9109,179.6352,1709182800,136682600.0,2024-02-29 05:00:00
178.0397,178.9019,175.7803,177.9307,1709269200,73563100.0,2024-03-01 05:00:00
173.5208,175.3046,172.2226,174.5613,1709528400,81510100.0,2024-03-04 05:00:00
168.5857,170.4884,168.0902,169.22,1709614800,95132400.0,2024-03-05 05:00:00
167.5947,169.6956,167.1587,169.5172,1709701200,68587700.0,2024-03-06 05:00:00
167.4758,169.1902,166.9705,167.6245,1709787600,71765100.0,2024-03-07 05:00:00
169.1902,172.1334,167.4164,167.4758,1709874000,76267000.0,2024-03-08 05:00:00
171.192,172.8073,170.4983,171.3803,1710129600,60139500.0,2024-03-11 04:00:00
171.6677,172.4605,169.4677,171.5884,1710216000,59825400.0,2024-03-12 04:00:00
169.5866,171.628,169.22,171.2118,1710302400,52488700.0,2024-03-13 04:00:00
171.4397,172.7379,170.4983,171.3506,1710388800,72913500.0,2024-03-14 04:00:00
171.0632,171.0632,168.7542,169.6263,1710475200,121752700.0,2024-03-15 04:00:00
172.1533,176.1073,171.9551,173.9866,1710734400,75604200.0,2024-03-18 04:00:00
174.492,175.0172,171.4695,172.7677,1710820800,55215200.0,2024-03-19 04:00:00
177.0586,177.0586,173.5109,174.1352,1710907200,53423100.0,2024-03-20 04:00:00
169.8244,175.8893,169.2992,175.4532,1710993600,106181300.0,2024-03-21 04:00:00
170.7263,171.4893,168.5263,170.211,1711080000,71160100.0,2024-03-22 04:00:00
169.3092,170.3893,167.9218,169.0317,1711339200,54288300.0,2024-03-25 04:00:00
168.1794,169.874,168.0506,168.4668,1711425600,57388400.0,2024-03-26 04:00:00
171.747,172.0344,168.5758,168.8731,1711512000,60273300.0,2024-03-27 04:00:00
169.9334,170.6767,168.9722,170.201,1711598400,65672700.0,2024-03-28 04:00:00
168.4966,169.7055,167.9515,169.6461,1711944000,46240500.0,2024-04-01 04:00:00
167.3173,167.8128,166.7128,167.5551,1712030400,49329500.0,2024-04-02 04:00:00
168.1199,169.1407,167.0596,167.2677,1712116800,47691700.0,2024-04-03 04:00:00
167.2975,170.3695,167.2975,168.7542,1712203200,53704400.0,2024-04-04 04:00:00
168.0506,168.8533,167.4263,168.0605,1712289600,42104800.0,2024-04-05 04:00:00
166.9308,167.674,166.7227,167.5056,1712548800,37425500.0,2024-04-08 04:00:00
168.1398,168.5461,166.8317,167.1785,1712635200,42373800.0,2024-04-09 04:00:00
166.2668,167.565,165.6029,167.2776,1712721600,49709300.0,2024-04-10 04:00:00
173.4614,173.8776,166.6434,166.8218,1712808000,91070300.0,2024-04-11 04:00:00
174.9577,176.7514,172.6388,172.6884,1712894400,101670900.0,2024-04-12 04:00:00
171.1326,175.037,170.9443,173.7785,1713153600,73531800.0,2024-04-15 04:00:00
167.8524,172.1929,166.7524,170.201,1713240000,73711200.0,2024-04-16 04:00:00
166.4848,169.1109,166.4848,168.0803,1713326400,50901200.0,2024-04-17 04:00:00
165.5335,167.1191,165.0479,166.5146,1713412800,43122900.0,2024-04-18 04:00:00
163.5119,164.8993,162.6002,164.711,1713499200,68149400.0,2024-04-19 04:00:00
164.3443,165.7515,163.284,164.0272,1713758400,48116400.0,2024-04-22 04:00:00
165.3948,165.5434,163.4326,163.8588,1713844800,49537800.0,2024-04-23 04:00:00
167.4957,167.7731,164.711,165.038,1713931200,48251800.0,2024-04-24 04:00:00
168.3578,169.0713,166.6335,168.0011,1714017600,50558300.0,2024-04-25 04:00:00
167.7731,169.7947,167.6542,168.3479,1714104000,44838400.0,2024-04-26 04:00:00
171.9352,174.4424,171.5389,171.8064,1714363200,68169400.0,2024-04-29 04:00:00
168.7938,173.4118,168.4668,171.7668,1714449600,65934800.0,2024-04-30 04:00:00
167.7731,171.1524,167.5848,168.0506,1714536000,50383100.0,2024-05-01 04:00:00
171.4695,171.856,169.3488,170.9542,1714622400,94214900.0,2024-05-02 04:00:00
181.7261,185.3135,181.0126,184.9666,1714708800,163224100.0,2024-05-03 04:00:00
180.0712,182.5387,178.7928,180.7054,1714968000,78569700.0,2024-05-06 04:00:00
180.755,183.2324,179.6847,181.7955,1715054400,77305800.0,2024-05-07 04:00:00
181.0919,181.4189,179.8135,181.2009,1715140800,45057100.0,2024-05-08 04:00:00
182.9054,182.9946,180.4676,180.9135,1715227200,48983000.0,2024-05-09 04:00:00
181.6452,183.6695,180.7322,183.4809,1715313600,50759500.0,2024-05-10 04:00:00
184.8504,185.6641,183.2031,184.0168,1715572800,72044800.0,2024-05-13 04:00:00
185.9915,186.8549,184.8603,186.0709,1715659200,52393600.0,2024-05-14 04:00:00
188.264,189.1868,185.932,186.4679,1715745600,70400000.0,2024-05-15 04:00:00
188.383,189.6334,188.2044,189.0082,1715832000,52845200.0,2024-05-16 04:00:00
188.4128,189.3456,187.7281,188.0556,1715918400,41282900.0,2024-05-17 04:00:00
189.5738,190.4471,187.5594,187.877,1716177600,44361300.0,2024-05-20 04:00:00
190.8738,191.2509,189.4547,189.6234,1716264000,42309400.0,2024-05-21 04:00:00
189.4349,191.3402,188.8097,190.7944,1716350400,34648500.0,2024-05-22 04:00:00
185.4458,189.5341,185.1977,189.5143,1716436800,51005900.0,2024-05-23 04:00:00
188.522,189.1174,186.5968,187.3709,1716523200,36327000.0,2024-05-24 04:00:00
188.5319,191.5188,187.6487,190.0402,1716868800,52280100.0,2024-05-28 04:00:00
188.8296,190.7746,188.0556,188.1548,1716955200,53068000.0,2024-05-29 04:00:00
189.8219,190.7051,189.167,189.296,1717041600,49889100.0,2024-05-30 04:00:00
190.7745,191.0921,188.4525,189.9707,1717128000,75158300.0,2024-05-31 04:00:00
192.5409,193.4935,191.0425,191.4195,1717387200,50080500.0,2024-06-03 04:00:00
192.8584,193.821,191.5486,193.1462,1717473600,47471400.0,2024-06-04 04:00:00
194.3668,195.3889,193.3744,193.9004,1717560000,54156800.0,2024-06-05 04:00:00
192.9874,194.9919,192.6798,194.1881,1717646400,41181800.0,2024-06-06 04:00:00
195.3789,195.4286,192.65,193.1561,1717732800,53103900.0,2024-06-07 04:00:00
191.6379,195.7858,190.6753,195.3889,1717992000,97010200.0,2024-06-10 04:00:00
205.5602,205.5701,192.144,192.1638,1718078400,172373300.0,2024-06-11 04:00:00
211.4348,218.5101,205.3121,205.7785,1718164800,198134300.0,2024-06-12 04:00:00
212.5958,215.0865,209.9761,213.092,1718251200,97862700.0,2024-06-13 04:00:00
210.8592,213.5186,209.6783,212.2088,1718337600,70122700.0,2024-06-14 04:00:00
215.0071,217.2696,211.0875,211.7325,1718596800,93728300.0,2024-06-17 04:00:00
212.6454,216.9521,211.3653,215.9201,1718683200,79943300.0,2024-06-18 04:00:00
208.0708,212.5958,207.2471,212.2881,1718856000,86172500.0,2024-06-20 04:00:00
205.8976,210.2638,205.5205,208.7753,1718942400,241805100.0,2024-06-21 04:00:00
206.5426,211.0676,205.0045,206.1258,1719201600,80727000.0,2024-06-24 04:00:00
207.4655,209.7577,207.009,207.5448,1719288000,55549700.0,2024-06-25 04:00:00
211.6134,213.211,209.0234,209.8768,1719374400,66213200.0,2024-06-26 04:00:00
212.4569,214.0843,210.7203,213.0424,1719460800,49772700.0,2024-06-27 04:00:00
209.0036,214.4118,208.686,214.1141,1719547200,82542700.0,2024-06-28 04:00:00
215.0865,215.8407,210.2936,210.4623,1719806400,60402900.0,2024-07-01 04:00:00
218.5795,218.6887,213.4492,214.4911,1719892800,58046200.0,2024-07-02 04:00:00
219.8497,219.8497,217.349,218.3116,1719979200,37369800.0,2024-07-03 04:00:00
224.6029,224.7121,219.9489,219.9489,1720152000,60412400.0,2024-07-05 04:00:00
226.0716,226.1013,221.5366,225.3472,1720411200,59085900.0,2024-07-08 04:00:00
226.925,227.6394,224.6327,226.1807,1720497600,48076100.0,2024-07-09 04:00:00
231.192,231.2912,227.4906,227.5402,1720584000,62627700.0,2024-07-10 04:00:00
225.8235,230.6065,224.0373,229.6142,1720670400,64710600.0,2024-07-11 04:00:00
228.7707,230.8546,226.925,227.1631,1720756800,53046500.0,2024-07-12 04:00:00
232.6011,235.4093,231.3011,234.6651,1721016000,62631300.0,2024-07-15 04:00:00
233.0178,234.4567,230.5469,233.1964,1721102400,43234300.0,2024-07-16 04:00:00
227.1234,229.6836,224.9006,227.689,1721188800,57345900.0,2024-07-17 04:00:00
222.4595,228.6715,220.5642,228.5127,1721275200,66034600.0,2024-07-18 04:00:00
222.5885,225.0594,221.5664,223.0946,1721361600,49151500.0,2024-07-19 04:00:00
222.2412,226.0319,221.3779,225.2678,1721620800,48201800.0,2024-07-22 04:00:00
223.2831,225.1983,220.971,222.648,1721707200,39960300.0,2024-07-23 04:00:00
216.8628,223.0747,215.4636,222.2809,1721793600,61777600.0,2024-07-24 04:00:00
215.8208,219.1551,212.9729,217.2498,1721880000,51391200.0,2024-07-25 04:00:00
216.2872,217.8055,214.3522,217.0216,1721966400,41601300.0,2024-07-26 04:00:00
216.5651,217.617,214.0942,215.2949,1722225600,36311800.0,2024-07-29 04:00:00
217.1208,218.639,214.4613,217.5078,1722312000,41643800.0,2024-07-30 04:00:00
220.3756,222.1023,218.9368,219.7405,1722398400,50036300.0,2024-07-31 04:00:00
216.6842,222.7572,215.3544,222.648,1722484800,62501000.0,2024-08-01 04:00:00
218.1727,223.8686,216.0392,217.4681,1722571200,105568600.0,2024-08-02 04:00:00
207.6639,211.8615,194.4958,197.562,1722830400,119548600.0,2024-08-05 04:00:00
205.6396,208.3784,199.5269,203.7244,1722916800,69660500.0,2024-08-06 04:00:00
208.2097,212.0004,204.806,205.3121,1723003200,63516400.0,2024-08-07 04:00:00
211.6729,212.5561,207.2273,211.4745,1723089600,47161100.0,2024-08-08 04:00:00
214.5804,215.1163,210.3432,210.4722,1723176000,42201600.0,2024-08-09 04:00:00
216.1104,218.0775,214.193,214.6599,1723435200,38028100.0,2024-08-12 04:00:00
219.826,220.4419,217.5807,217.5807,1723521600,44155300.0,2024-08-13 04:00:00
220.2731,221.5745,218.2662,219.1306,1723608000,41960600.0,2024-08-14 04:00:00
223.2535,223.8794,221.3062,223.1343,1723694400,46414000.0,2024-08-15 04:00:00
224.5748,225.3497,222.1904,222.4587,1723780800,44340200.0,2024-08-16 04:00:00
224.4158,224.5152,221.5844,224.2469,1724040000,40687800.0,2024-08-19 04:00:00
225.0318,225.6875,223.9787,224.2966,1724126400,30299000.0,2024-08-20 04:00:00
224.9225,226.4922,223.5813,225.0417,1724212800,34765500.0,2024-08-21 04:00:00
223.0647,226.8498,222.4388,226.3034,1724299200,43695300.0,2024-08-22 04:00:00
225.3596,226.7306,222.866,224.1873,1724385600,38677300.0,2024-08-23 04:00:00
225.6974,225.7968,222.4289,225.2802,1724644800,30602200.0,2024-08-26 04:00:00
226.5419,227.3565,223.4224,224.5251,1724731200,35934600.0,2024-08-27 04:00:00
225.0119,228.3599,224.2072,226.4326,1724817600,38052200.0,2024-08-28 04:00:00
228.2904,231.4,227.3863,228.5984,1724904000,51906300.0,2024-08-29 04:00:00
227.5056,228.8964,225.9955,228.6878,1724990400,52990800.0,2024-08-30 04:00:00
221.3162,227.5055,219.7266,227.0585,1725336000,50190600.0,2024-09-03 04:00:00
219.4087,220.3326,216.0607,220.2134,1725422400,43840200.0,2024-09-04 04:00:00
220.9287,224.0085,220.0744,220.1836,1725508800,36615400.0,2024-09-05 04:00:00
219.3789,223.7701,218.3358,222.4885,1725595200,48423000.0,2024-09-06 04:00:00
219.4683,219.826,215.2958,219.3789,1725854400,67180000.0,2024-09-09 04:00:00
218.6736,220.0346,215.3156,217.4913,1725940800,51591000.0,2024-09-10 04:00:00
221.2069,221.6341,216.468,220.0147,1726027200,44587100.0,2024-09-11 04:00:00
221.3162,222.0911,218.3855,221.048,1726113600,37455600.0,2024-09-12 04:00:00
221.048,222.5779,220.4618,222.1209,1726200000,36766600.0,2024-09-13 04:00:00
214.9083,215.8024,212.5239,215.1268,1726459200,59357400.0,2024-09-16 04:00:00
215.3752,215.4845,213.1002,214.342,1726545600,45519300.0,2024-09-17 04:00:00
219.2498,221.2566,216.1203,216.1303,1726632000,59894900.0,2024-09-18 04:00:00
227.3764,228.3202,223.1641,223.5217,1726718400,66781300.0,2024-09-19 04:00:00
226.7108,231.5688,226.1345,228.4692,1726804800,318679900.0,2024-09-20 04:00:00
224.9921,227.9526,224.3364,225.8564,1727064000,54146000.0,2024-09-23 04:00:00
225.8862,227.8533,224.2569,227.1578,1727150400,43556100.0,2024-09-24 04:00:00
224.8927,225.8067,222.558,223.4621,1727236800,42308700.0,2024-09-25 04:00:00
226.0352,227.0088,223.9389,225.8166,1727323200,36636700.0,2024-09-26 04:00:00
226.3034,228.0221,225.8166,226.969,1727409600,34026000.0,2024-09-27 04:00:00
231.4794,231.4794,228.1513,228.5388,1727668800,54541900.0,2024-09-30 04:00:00
224.7338,228.1513,222.2799,228.0222,1727755200,63285000.0,2024-10-01 04:00:00
225.3,225.8862,221.5646,224.4158,1727841600,32880600.0,2024-10-02 04:00:00
224.1973,225.3298,221.8626,223.6707,1727928000,34044200.0,2024-10-03 04:00:00
225.3199,226.5121,222.6673,226.4127,1728014400,37245100.0,2024-10-04 04:00:00
220.2432,224.2171,219.8856,223.0349,1728273600,39505400.0,2024-10-07 04:00:00
224.2966,224.5052,221.793,222.8362,1728360000,31855700.0,2024-10-08 04:00:00
228.042,228.2507,223.3628,223.7602,1728446400,33591100.0,2024-10-09 04:00:00
227.5453,228.0023,225.6875,226.2935,1728532800,28183500.0,2024-10-10 04:00:00
226.065,227.9129,225.8564,227.8036,1728619200,31759200.0,2024-10-11 04:00:00
229.7905,230.2177,227.1082,227.2075,1728878400,39882100.0,2024-10-14 04:00:00
232.3239,235.9401,230.8535,232.0855,1728964800,64751400.0,2024-10-15 04:00:00
230.2674,230.6051,228.34,230.0885,1729051200,34082200.0,2024-10-16 04:00:00
230.635,232.3239,229.0156,231.9066,1729137600,32993800.0,2024-10-17 04:00:00
233.4664,234.6387,232.4828,234.6387,1729224000,46431500.0,2024-10-18 04:00:00
234.9367,235.3043,232.92,232.92,1729483200,36254500.0,2024-10-21 04:00:00
234.3208,234.6784,231.0821,232.3636,1729569600,38846600.0,2024-10-22 04:00:00
229.254,233.6055,226.2736,232.5524,1729656000,52287000.0,2024-10-23 04:00:00
229.0653,229.3137,226.9194,228.4791,1729742400,31109500.0,2024-10-24 04:00:00
229.8998,231.698,228.0718,228.2407,1729828800,38802300.0,2024-10-25 04:00:00
231.8768,233.1981,231.0324,231.7974,1730088000,36087100.0,2024-10-28 04:00:00
232.1451,232.8007,230.8039,231.5788,1730174400,35417200.0,2024-10-29 04:00:00
228.5984,231.9464,228.0519,231.092,1730260800,47070900.0,2024-10-30 04:00:00
224.4357,228.3301,223.8992,227.8433,1730347200,64370100.0,2024-10-31 04:00:00
221.4553,223.8794,218.8325,219.528,1730433600,65276700.0,2024-11-01 04:00:00
220.5612,221.3361,218.2762,219.5478,1730696400,44944500.0,2024-11-04 05:00:00
221.9918,222.4885,219.6968,220.3525,1730782800,28111300.0,2024-11-05 05:00:00
221.2665,224.5947,219.7465,221.1572,1730869200,54561100.0,2024-11-06 05:00:00
225.9954,226.3928,223.1044,223.164,1730955600,42137700.0,2024-11-07 05:00:00
225.7269,227.4177,225.1799,225.9358,1731042000,38328800.0,2024-11-08 05:00:00
223.0117,224.4738,220.2966,223.7776,1731301200,42005600.0,2024-11-11 05:00:00
223.0117,224.3644,222.1465,223.33,1731387600,40398300.0,2024-11-12 05:00:00
223.8969,225.4186,221.5497,222.7929,1731474000,48566200.0,2024-11-13 05:00:00
226.9801,227.6265,223.7776,223.7975,1731560400,44923900.0,2024-11-14 05:00:00
223.7776,225.6871,223.0515,225.17,1731646800,47923700.0,2024-11-15 05:00:00
226.7812,228.4918,223.9467,224.0262,1731906000,44633700.0,2024-11-18 05:00:00
227.0397,228.9095,225.4286,225.7468,1731992400,36211800.0,2024-11-19 05:00:00
227.7558,228.6808,224.6627,226.8209,1732078800,35169600.0,2024-11-20 05:00:00
227.2785,228.9095,224.4837,227.6365,1732165200,42108300.0,2024-11-21 05:00:00
228.6211,229.4665,226.8209,226.8209,1732251600,38168300.0,2024-11-22 05:00:00
231.6048,231.9827,228.4918,230.2025,1732510800,90152800.0,2024-11-25 05:00:00
233.7829,234.2902,232.0623,232.0623,1732597200,45986200.0,2024-11-26 05:00:00
233.6536,234.4095,232.5397,233.1961,1732683600,33498400.0,2024-11-27 05:00:00
236.0406,236.518,232.6988,233.5343,1732856400,28481400.0,2024-11-29 05:00:00
238.2883,239.4818,235.8715,235.9809,1733115600,48137100.0,2024-12-02 05:00:00
241.3317,241.4411,237.6021,238.5071,1733202000,38861000.0,2024-12-03 05:00:00
241.6897,242.7837,239.9393,241.5505,1733288400,44383900.0,2024-12-04 05:00:00
241.7196,243.2114,240.8145,242.6644,1733374800,40033900.0,2024-12-05 05:00:00
241.5206,243.3009,240.7648,241.5903,1733461200,36870600.0,2024-12-06 05:00:00
245.4094,245.8967,240.4366,240.5161,1733720400,44649200.0,2024-12-09 05:00:00
246.4239,246.8615,244.0071,245.5487,1733806800,36914800.0,2024-12-10 05:00:00
245.1508,249.4374,244.9221,246.6128,1733893200,45205800.0,2024-12-11 05:00:00
246.6128,247.3886,244.3452,245.5486,1733979600,32777500.0,2024-12-12 05:00:00
246.7819,247.9356,244.9022,246.4736,1734066000,33155300.0,2024-12-13 05:00:00
249.6761,250.0142,246.3045,246.6427,1734325200,51694800.0,2024-12-16 05:00:00
252.1028,252.4509,248.4229,248.7213,1734411600,51356400.0,2024-12-17 05:00:00
246.7023,252.8985,246.394,250.79,1734498000,56774100.0,2024-12-18 05:00:00
248.4329,250.6309,245.7475,246.1553,1734584400,60882300.0,2024-12-19 05:00:00
253.1073,253.6146,244.3552,246.6924,1734670800,147495300.0,2024-12-20 05:00:00
253.8831,254.261,252.073,253.3858,1734930000,40858800.0,2024-12-23 05:00:00
256.7972,256.8071,253.903,254.1019,1735016400,23234700.0,2024-12-24 05:00:00
257.6127,258.6869,256.2303,256.7872,1735189200,27237100.0,2024-12-26 05:00:00
254.2014,257.2945,251.6851,256.4292,1735275600,42355300.0,2024-12-27 05:00:00
250.8298,252.1227,249.3877,250.8596,1735534800,35557500.0,2024-12-30 05:00:00
249.0595,251.9039,248.0748,251.0685,1735621200,39480700.0,2024-12-31 05:00:00
242.5252,247.7466,240.5062,247.5775,1735794000,55740700.0,2025-01-02 05:00:00
242.0378,242.8534,240.5758,242.0378,1735880400,40244100.0,2025-01-03 05:00:00
243.6689,245.9863,241.8787,242.9827,1736139600,45045600.0,2025-01-06 05:00:00
240.8941,244.2159,240.0387,241.6599,1736226000,40856000.0,2025-01-07 05:00:00
241.3814,242.3859,238.7458,240.6056,1736312400,37628900.0,2025-01-08 05:00:00
235.5632,238.8552,231.7341,238.706,1736485200,61710900.0,2025-01-10 05:00:00
233.1265,233.395,228.4719,232.2612,1736744400,49630700.0,2025-01-13 05:00:00
232.0126,234.8371,231.207,233.4746,1736830800,39435300.0,2025-01-14 05:00:00
236.5776,237.6617,233.1563,233.3652,1736917200,39832000.0,2025-01-15 05:00:00
227.0199,236.7169,226.7911,236.0605,1737003600,71759100.0,2025-01-16 05:00:00
228.7305,231.028,227.2387,230.8589,1737090000,68488300.0,2025-01-17 05:00:00
221.4304,223.2007,218.1881,222.783,1737435600,98070400.0,2025-01-21 05:00:00
222.6139,222.9024,218.5959,218.5959,1737522000,64126500.0,2025-01-22 05:00:00
222.4449,225.7966,221.0923,223.519,1737608400,60234800.0,2025-01-23 05:00:00
221.5696,224.4041,220.2071,223.5588,1737694800,54697900.0,2025-01-24 05:00:00
228.6112,230.8887,222.7631,222.8029,1737954000,94863400.0,2025-01-27 05:00:00
236.9655,238.885,229.556,229.5958,1738040400,75707600.0,2025-01-28 05:00:00
238.0595,238.5568,232.7386,232.848,1738126800,45486100.0,2025-01-29 05:00:00
236.2992,239.4818,235.9212,237.3733,1738213200,55658300.0,2025-01-30 05:00:00
234.7178,245.847,232.1717,245.847,1738299600,100959800.0,2025-01-31 05:00:00
226.7712,230.5704,224.4737,228.7404,1738558800,73063300.0,2025-02-03 05:00:00
231.5352,231.8634,225.4186,226.0154,1738645200,45067300.0,2025-02-04 05:00:00
231.207,231.4059,227.0298,227.2884,1738731600,39620300.0,2025-02-05 05:00:00
231.9529,232.5298,229.1781,230.0334,1738818000,29925300.0,2025-02-06 05:00:00
226.3933,232.7287,226.0253,231.3363,1738904400,39707200.0,2025-02-07 05:00:00
226.6621,229.5894,226.2141,228.5738,1739163600,33115600.0,2025-02-10 05:00:00
231.6105,234.2092,227.14,227.2097,1739250000,53718400.0,2025-02-11 05:00:00
235.8421,235.9317,229.679,230.1967,1739336400,45243300.0,2025-02-12 05:00:00
240.4819,241.2884,234.5477,235.8819,1739422800,53614100.0,2025-02-13 05:00:00
243.5386,244.4844,239.9442,240.2031,1739509200,40896200.0,2025-02-14 05:00:00
243.4091,244.116,240.7905,243.0905,1739854800,48822500.0,2025-02-18 05:00:00
243.8074,244.9424,242.1048,243.5983,1739941200,32204200.0,2025-02-19 05:00:00
244.7632,245.7091,243.2299,243.8771,1740027600,32316900.0,2025-02-20 05:00:00
244.4844,247.6108,244.1559,244.8827,1740114000,53197400.0,2025-02-21 05:00:00
246.0277,247.7801,243.3593,243.8671,1740373200,51326400.0,2025-02-24 05:00:00
245.968,248.9151,243.8472,246.9238,1740459600,48013300.0,2025-02-25 05:00:00
239.317,243.9169,238.0923,243.2697,1740546000,44433600.0,2025-02-26 05:00:00
236.2702,241.4079,236.0313,238.3711,1740632400,41153600.0,2025-02-27 05:00:00
240.7905,241.0395,229.2011,235.9218,1740718800,56833400.0,2025-02-28 05:00:00
236.9971,242.971,235.0854,240.7407,1740978000,47184000.0,2025-03-03 05:00:00
234.9062,239.0282,233.6616,236.6785,1741064400,53798100.0,2025-03-04 05:00:00
234.717,235.5235,228.2352,234.3984,1741150800,47227600.0,2025-03-05 05:00:00
234.3088,236.8278,232.1482,233.4226,1741237200,45170400.0,2025-03-06 05:00:00
238.0326,240.3226,233.7413,234.0897,1741323600,46273600.0,2025-03-07 05:00:00
226.4928,235.1352,223.247,234.5179,1741579200,72071200.0,2025-03-10 04:00:00
219.8817,224.86,216.5064,222.8388,1741665600,76137400.0,2025-03-11 04:00:00
216.0384,220.7877,213.9774,219.1847,1741752000,62547500.0,2025-03-12 04:00:00
208.7701,215.899,207.5156,215.0129,1741838400,61368300.0,2025-03-13 04:00:00
212.5636,213.0215,208.6705,210.3333,1741924800,60107600.0,2025-03-14 04:00:00
213.0714,214.2861,209.0588,212.3843,1742184000,48073400.0,2025-03-17 04:00:00
211.767,214.2163,210.5722,213.2307,1742270400,42432400.0,2025-03-18 04:00:00
214.306,217.8107,212.8224,213.2904,1742356800,54385400.0,2025-03-19 04:00:00
213.1709,216.5462,211.2991,213.0614,1742443200,48862900.0,2025-03-20 04:00:00
217.3228,217.8903,210.3632,210.6419,1742529600,94127800.0,2025-03-21 04:00:00
219.7721,220.5189,217.6315,220.041,1742788800,44299500.0,2025-03-24 04:00:00
222.779,223.1275,219.125,219.812,1742875200,34493600.0,2025-03-25 04:00:00
220.5687,224.0435,219.5133,222.5401,1742961600,34466100.0,2025-03-26 04:00:00
222.8786,224.0137,219.6029,220.4293,1743048000,37094800.0,2025-03-27 04:00:00
216.9544,222.8388,216.7354,220.7081,1743134400,39818600.0,2025-03-28 04:00:00
221.1661,224.6409,215.2917,216.0683,1743393600,65299300.0,2025-03-31 04:00:00
222.2215,222.7093,217.9501,218.8561,1743480000,36412700.0,2025-04-01 04:00:00
222.9184,224.2128,220.0609,220.3596,1743566400,35905900.0,2025-04-02 04:00:00
202.3083,206.5896,200.3767,204.6481,1743652800,103419000.0,2025-04-03 04:00:00
187.5625,199.0126,186.527,193.0486,1743739200,125910900.0,2025-04-04 04:00:00
180.6726,193.3075,173.8622,176.431,1743998400,160466300.0,2025-04-07 04:00:00
171.6718,189.514,168.4757,185.8898,1744084800,120859500.0,2025-04-08 04:00:00
197.9871,199.7394,171.1441,171.2038,1744171200,184395900.0,2025-04-09 04:00:00
189.5937,193.9348,182.2059,188.2495,1744257600,121880000.0,2025-04-10 04:00:00
197.2901,198.6741,185.2526,185.2924,1744344000,87435900.0,2025-04-11 04:00:00
201.6412,212.0159,200.2871,210.5224,1744603200,101352900.0,2025-04-14 04:00:00
201.2628,202.6269,198.933,200.984,1744689600,51343900.0,2025-04-15 04:00:00
193.427,199.829,191.5352,197.4992,1744776000,59732400.0,2025-04-16 04:00:00
196.1252,197.9672,193.5763,196.3443,1744862400,52164700.0,2025-04-17 04:00:00
192.3218,192.959,188.9863,192.4313,1745208000,46742500.0,2025-04-21 04:00:00
198.8732,200.7152,195.1196,195.2689,1745294400,52976400.0,2025-04-22 04:00:00
203.7121,207.0974,201.9199,205.106,1745380800,52929200.0,2025-04-23 04:00:00
207.4658,207.9238,202.0593,204.0009,1745467200,47311000.0,2025-04-24 04:00:00
208.3718,208.8398,205.3052,205.4745,1745553600,38222300.0,2025-04-25 04:00:00
209.2281,210.5822,206.5597,209.0887,1745812800,38743100.0,2025-04-28 04:00:00
210.2935,211.319,207.4658,207.7844,1745899200,36827600.0,2025-04-29 04:00:00
211.5779,212.6532,205.7731,208.3917,1745985600,52286500.0,2025-04-30 04:00:00
212.3943,213.6289,207.9935,208.1727,1746072000,57365700.0,2025-05-01 04:00:00
204.4589,206.0918,201.2827,205.1957,1746158400,101010600.0,2025-05-02 04:00:00
198.0269,203.2143,197.3499,202.2187,1746417600,69018500.0,2025-05-05 04:00:00
197.6486,199.7793,196.165,197.3499,1746504000,51216500.0,2025-05-06 04:00:00
195.3984,198.5745,192.4114,198.3057,1746590400,68536700.0,2025-05-07 04:00:00
196.633,199.1819,193.8352,196.862,1746676800,50478900.0,2025-05-08 04:00:00
197.6685,199.6698,196.6828,198.1364,1746763200,36453900.0,2025-05-09 04:00:00
210.1505,210.629,206.1227,210.3299,1747022400,63775800.0,2025-05-12 04:00:00
212.284,212.7526,208.3659,209.7916,1747108800,51909300.0,2025-05-13 04:00:00
211.6858,213.2909,209.9411,211.7855,1747195200,49325800.0,2025-05-14 04:00:00
210.8085,212.3139,208.9043,210.31,1747281600,45029500.0,2025-05-15 04:00:00
210.6191,211.9251,209.1336,211.7157,1747368000,54737900.0,2025-05-16 04:00:00
208.1466,208.8445,203.6403,207.2792,1747627200,46140500.0,2025-05-19 04:00:00
206.2324,207.8375,204.408,207.04,1747713600,42496600.0,2025-05-20 04:00:00
201.4769,206.4119,200.1011,204.5476,1747800000,59211800.0,2025-05-21 04:00:00
200.7491,202.1349,199.0941,200.1011,1747886400,46742400.0,2025-05-22 04:00:00
194.6776,197.1002,192.8731,193.0824,1747972800,78432900.0,2025-05-23 04:00:00
199.6026,200.131,196.831,197.6984,1748318400,56288500.0,2025-05-27 04:00:00
199.812,202.115,199.2935,199.9814,1748404800,45339700.0,2025-05-28 04:00:00
199.3434,203.1917,197.9077,202.9624,1748491200,51396800.0,2025-05-29 04:00:00
200.2407,201.3473,196.183,198.7651,1748577600,70819900.0,2025-05-30 04:00:00
201.0881,201.5168,199.5129,199.6724,1748836800,35423300.0,2025-06-02 04:00:00
202.6533,203.1518,200.3503,200.7391,1748923200,46381600.0,2025-06-03 04:00:00
202.2047,205.6143,201.4869,202.2944,1749009600,43604000.0,2025-06-04 04:00:00
200.0213,204.1288,199.5428,202.8826,1749096000,55126100.0,2025-06-05 04:00:00
203.3013,205.0759,201.437,202.3841,1749182400,46607700.0,2025-06-06 04:00:00
200.8388,205.375,199.4132,203.7699,1749441600,72862600.0,2025-06-09 04:00:00
202.0551,203.73,199.9615,199.9914,1749528000,54672600.0,2025-06-10 04:00:00
198.1769,203.8796,197.8081,202.8826,1749614400,60989900.0,2025-06-11 04:00:00
198.5957,199.0742,196.7612,198.476,1749700800,43904600.0,2025-06-12 04:00:00
195.854,199.7621,195.1063,199.1241,1749787200,51447300.0,2025-06-13 04:00:00
197.818,198.0872,195.9637,196.7014,1750046400,43020700.0,2025-06-16 04:00:00
195.0465,197.7881,194.6178,196.6017,1750132800,38856200.0,2025-06-17 04:00:00
195.9836,196.9706,194.4782,195.3455,1750219200,45394700.0,2025-06-18 04:00:00
200.3902,201.0881,196.2628,197.6386,1750392000,96813500.0,2025-06-20 04:00:00
200.8887,201.6862,198.3564,201.0183,1750651200,55814300.0,2025-06-23 04:00:00
199.6923,202.8228,199.5926,201.9754,1750737600,54064000.0,2025-06-24 04:00:00
200.9485,203.0521,200.0113,200.8388,1750824000,39525700.0,2025-06-25 04:00:00
200.3902,202.0252,198.8549,200.8189,1750910400,50799100.0,2025-06-26 04:00:00
200.47,202.6035,199.3932,201.2775,1750996800,73188600.0,2025-06-27 04:00:00
204.5475,206.7608,198.6555,201.3971,1751256000,91912800.0,2025-06-30 04:00:00
207.1895,209.5523,205.5146,206.043,1751342400,78788900.0,2025-07-01 04:00:00
211.7955,212.6927,207.5085,208.2762,1751428800,67941800.0,2025-07-02 04:00:00
212.9021,213.9988,211.1674,211.5064,1751515200,34955800.0,2025-07-03 04:00:00
209.313,215.574,208.1665,212.0348,1751860800,50229000.0,2025-07-07 04:00:00
209.3728,210.7885,207.8176,209.4626,1751947200,42848900.0,2025-07-08 04:00:00
210.4994,210.6889,206.5913,208.8943,1752033600,48749400.0,2025-07-09 04:00:00
211.7656,212.8323,209.3928,209.8713,1752120000,44443600.0,2025-07-10 04:00:00
210.5194,211.4864,209.2233,209.9312,1752206400,39765800.0,2025-07-11 04:00:00
207.9871,210.2701,206.9103,209.2931,1752465600,38840100.0,2025-07-14 04:00:00
208.4756,211.2472,208.2862,208.5853,1752552000,42296300.0,2025-07-15 04:00:00
209.5224,211.7556,208.007,209.662,1752638400,47490500.0,2025-07-16 04:00:00
209.3828,211.1574,208.9541,209.9312,1752724800,48068100.0,2025-07-17 04:00:00
210.5393,211.1475,209.0638,210.2302,1752811200,48974600.0,2025-07-18 04:00:00
211.8354,215.1253,210.9879,211.4565,1753070400,51377400.0,2025-07-21 04:00:00
213.7495,214.2979,211.5861,212.4934,1753156800,46404100.0,2025-07-22 04:00:00
213.5003,214.4973,211.7656,214.3477,1753243200,46989300.0,2025-07-23 04:00:00
213.1115,215.0356,212.8822,213.2511,1753329600,46022600.0,2025-07-24 04:00:00
213.2311,214.587,212.7526,214.0486,1753416000,40268800.0,2025-07-25 04:00:00
213.4006,214.1982,212.4136,213.3807,1753675200,37858000.0,2025-07-28 04:00:00
210.629,214.1583,210.1804,213.5302,1753761600,51411700.0,2025-07-29 04:00:00
208.4158,211.7457,207.0898,211.2571,1753848000,45512500.0,2025-07-30 04:00:00
206.9403,209.2034,206.5315,207.8575,1753934400,80698400.0,2025-07-31 04:00:00
201.766,212.932,200.8887,210.2302,1754020800,104434500.0,2025-08-01 04:00:00
202.7331,207.2493,201.0681,203.8895,1754280000,75109300.0,2025-08-04 04:00:00
202.3044,204.717,201.5467,202.7829,1754366400,44155100.0,2025-08-05 04:00:00
212.603,214.7266,204.9663,205.0062,1754452800,108483100.0,2025-08-06 04:00:00
219.3625,220.18,215.9229,218.216,1754539200,90224800.0,2025-08-07 04:00:00
228.6542,230.2992,218.5848,220.16,1754625600,113854000.0,2025-08-08 04:00:00
226.7478,229.1233,224.3324,227.4864,1754884800,61806100.0,2025-08-11 04:00:00
229.2131,230.3609,226.638,227.5762,1754971200,55626200.0,2025-08-12 04:00:00
232.8861,234.5529,229.9916,230.6304,1755057600,69878500.0,2025-08-13 04:00:00
232.3372,234.6727,230.4108,233.6147,1755144000,51916300.0,2025-08-14 04:00:00
231.1494,233.8343,228.9037,233.5548,1755230400,56038700.0,2025-08-15 04:00:00
230.4508,232.6765,229.6722,231.2592,1755489600,37476200.0,2025-08-18 04:00:00
230.1214,232.427,228.9137,230.84,1755576000,39402600.0,2025-08-19 04:00:00
225.58,230.0316,225.3405,229.5425,1755662400,42263900.0,2025-08-20 04:00:00
224.4722,226.0891,223.3543,225.8396,1755748800,30621200.0,2025-08-21 04:00:00
227.3267,228.6542,224.9812,225.7397,1755835200,42477800.0,2025-08-22 04:00:00
226.7278,228.8638,225.7996,226.0491,1756094400,30983100.0,2025-08-25 04:00:00
228.8738,229.0534,224.2626,226.4384,1756180800,54575100.0,2025-08-26 04:00:00
230.0515,230.4607,227.8258,228.1751,1756267200,31259500.0,2025-08-27 04:00:00
232.1176,232.966,228.9037,230.3809,1756353600,38074700.0,2025-08-28 04:00:00
231.6984,232.936,230.9298,232.0677,1756440000,39418400.0,2025-08-29 04:00:00
229.283,230.4108,226.5382,228.8139,1756785600,44075600.0,2025-09-02 04:00:00
238.0163,238.3956,233.9142,236.7587,1756872000,66427800.0,2025-09-03 04:00:00
239.3238,239.4436,236.2896,237.9964,1756958400,47549400.0,2025-09-04 04:00:00
239.234,240.8609,238.0363,239.5434,1757044800,54870400.0,2025-09-05 04:00:00
237.4275,239.6931,235.8904,238.8448,1757304000,48999500.0,2025-09-08 04:00:00
233.9042,238.3257,232.9161,236.5491,1757390400,66313900.0,2025-09-09 04:00:00
226.3586,231.9778,225.5202,231.7483,1757476800,83440800.0,2025-09-10 04:00:00
229.5924,230.0116,226.2188,226.4484,1757563200,50208600.0,2025-09-11 04:00:00
233.6247,234.0639,228.5843,228.7839,1757649600,55824200.0,2025-09-12 04:00:00
236.2497,237.7369,234.5829,236.5491,1757908800,42699500.0,2025-09-15 04:00:00
237.6969,240.7611,235.8704,236.7288,1757995200,63421100.0,2025-09-16 04:00:00
238.5354,239.6432,237.2777,238.5154,1758081600,46508000.0,2025-09-17 04:00:00
237.4275,240.7411,236.1998,239.5135,1758168000,44249600.0,2025-09-18 04:00:00
245.033,245.8314,239.753,240.7711,1758254400,163741300.0,2025-09-19 04:00:00
255.5928,256.1518,247.648,247.8276,1758513600,105517400.0,2025-09-22 04:00:00
253.946,256.8504,253.0976,255.3932,1758600000,60275200.0,2025-09-23 04:00:00
251.83,255.2535,250.5624,254.7345,1758686400,42303700.0,2025-09-24 04:00:00
256.3813,256.6808,251.2311,252.7283,1758772800,55202100.0,2025-09-25 04:00:00
254.974,257.1099,253.2972,253.6166,1758859200,46076300.0,2025-09-26 04:00:00
253.946,254.5149,252.5287,254.0757,1759118400,40127700.0,2025-09-29 04:00:00
254.1456,255.4331,252.6285,254.3752,1759204800,37704300.0,2025-09-30 04:00:00
254.964,258.2977,254.445,254.5548,1759291200,48713900.0,2025-10-01 04:00:00
256.6408,257.6888,253.6665,256.0919,1759377600,42630200.0,2025-10-02 04:00:00
257.5291,258.7468,253.4669,254.1855,1759464000,49155600.0,2025-10-03 04:00:00
256.2017,258.5771,254.5648,257.4992,1759723200,44664100.0,2025-10-06 04:00:00
255.9921,256.9103,254.9441,256.3215,1759809600,31955800.0,2025-10-07 04:00:00
257.5691,258.0282,255.6228,256.032,1759896000,36496900.0,2025-10-08 04:00:00
253.5567,257.5092,252.6584,257.3195,1759982400,38322000.0,2025-10-09 04:00:00
244.8034,255.8923,243.5358,254.455,1760068800,61999100.0,2025-10-10 04:00:00
247.1889,249.215,245.0928,248.9056,1760328000,38142900.0,2025-10-13 04:00:00
247.2986,248.3766,244.2345,246.1309,1760414400,35478000.0,2025-10-14 04:00:00
248.8657,251.341,246.9992,249.0154,1760500800,33893600.0,2025-10-15 04:00:00
246.9793,248.5662,244.6637,247.7777,1760587200,39777000.0,2025-10-16 04:00:00
251.81,252.898,246.7996,247.5482,1760673600,49147000.0,2025-10-17 04:00:00
261.7411,263.8771,255.1437,255.4032,1760932800,90483000.0,2025-10-20 04:00:00
262.2701,264.7853,261.3319,261.3818,1761019200,46695900.0,2025-10-21 04:00:00
257.9583,262.35,254.9441,262.1503,1761105600,45015300.0,2025-10-22 04:00:00
259.0862,260.1242,257.5192,259.4455,1761192000,32754900.0,2025-10-23 04:00:00
262.32,263.6275,258.6869,260.6931,1761278400,38253700.0,2025-10-24 04:00:00
268.2986,268.608,264.1465,264.3761,1761537600,44888200.0,2025-10-27 04:00:00
268.4883,269.3766,267.6399,268.4783,1761624000,41534800.0,2025-10-28 04:00:00
269.1869,270.8937,266.6018,268.7677,1761710400,51086700.0,2025-10-29 04:00:00
270.8837,273.6185,267.9692,271.4725,1761796800,69886500.0,2025-10-30 04:00:00
269.8557,276.7924,268.648,276.4631,1761883200,86167100.0,2025-10-31 04:00:00
268.5381,270.3347,265.7435,269.9056,1762146000,50194600.0,2025-11-03 05:00:00
269.5263,270.9735,267.1109,267.8195,1762232400,49274800.0,2025-11-04 05:00:00
269.6261,271.1831,266.4222,268.099,1762318800,43683100.0,2025-11-05 05:00:00
269.2568,272.8799,267.3804,267.3804,1762405200,51204000.0,2025-11-06 05:00:00
267.9593,271.772,266.2625,269.2867,1762491600,48227400.0,2025-11-07 05:00:00
269.1781,273.4741,267.21,268.7086,1762750800,41312400.0,2025-11-10 05:00:00
274.9927,275.6521,269.5478,269.5578,1762837200,46208300.0,2025-11-11 05:00:00
273.2144,275.4723,271.446,274.7429,1762923600,48398000.0,2025-11-12 05:00:00
272.6949,276.4413,271.8356,273.8537,1763010000,49602800.0,2025-11-13 05:00:00
272.1553,275.702,269.348,270.7966,1763096400,47431300.0,2025-11-14 05:00:00
267.21,270.2371,265.4816,268.5687,1763355600,45018300.0,2025-11-17 05:00:00
267.19,270.4569,265.072,269.7376,1763442000,45677300.0,2025-11-18 05:00:00
268.3089,271.9555,265.2518,265.2818,1763528400,40424500.0,2025-11-19 05:00:00
266.0011,275.1725,265.6714,270.5768,1763614800,45823600.0,2025-11-20 05:00:00
271.2362,273.0745,265.4216,265.7014,1763701200,59030800.0,2025-11-21 05:00:00
275.6621,276.7411,270.6468,270.6468,1763960400,65585800.0,2025-11-24 05:00:00
276.7111,280.1179,274.9927,275.0127,1764046800,46914200.0,2025-11-25 05:00:00
277.2905,279.2687,276.3714,276.7011,1764133200,33431400.0,2025-11-26 05:00:00
278.5893,278.7392,275.732,277.0008,1764306000,20135600.0,2025-11-28 05:00:00
282.8354,283.1551,275.8819,277.7501,1764565200,46587700.0,2025-12-01 05:00:00
285.9225,287.1313,282.3658,282.7354,1764651600,53669500.0,2025-12-02 05:00:00
283.8844,288.3502,283.0352,285.9325,1764738000,43538700.0,2025-12-03 05:00:00
280.4376,284.4638,278.3295,283.8344,1764824400,43989100.0,2025-12-04 05:00:00
278.5194,280.8772,277.7901,280.2777,1764910800,47265800.0,2025-12-05 05:00:00
277.6302,279.4086,275.8918,277.87,1765170000,38211800.0,2025-12-08 05:00:00
276.9209,279.7682,276.6611,277.9,1765256400,32193300.0,2025-12-09 05:00:00
278.5194,279.4885,276.1816,277.4903,1765342800,33038300.0,2025-12-10 05:00:00
277.7701,279.3286,273.554,278.8391,1765429200,33248000.0,2025-12-11 05:00:00
278.0199,278.959,276.5612,277.6402,1765515600,39532900.0,2025-12-12 05:00:00
273.8537,279.8881,272.5849,279.8881,1765774800,50409100.0,2025-12-15 05:00:00
274.3533,275.2425,271.5359,272.565,1765861200,37648600.0,2025-12-16 05:00:00
271.5859,275.9018,271.3861,274.7529,1765947600,50138700.0,2025-12-17 05:00:00
271.9355,273.3742,266.7005,273.3542,1766034000,51630700.0,2025-12-18 05:00:00
273.4142,274.3433,269.6477,271.8956,1766120400,144632000.0,2025-12-19 05:00:00
270.7167,273.624,270.2571,272.6049,1766379600,36571800.0,2025-12-22 05:00:00
272.1054,272.2453,269.308,270.5868,1766466000,29642000.0,2025-12-23 05:00:00
273.554,275.1725,271.9455,272.0854,1766552400,17910600.0,2025-12-24 05:00:00
273.1444,275.1126,272.6049,273.9037,1766725200,21521800.0,2025-12-26 05:00:00
273.5041,274.1035,272.0954,272.4351,1766984400,23715200.0,2025-12-29 05:00:00
272.8247,273.8238,272.0255,272.555,1767070800,22139600.0,2025-12-30 05:00:00
271.6058,273.4241,271.496,272.8047,1767157200,27293600.0,2025-12-31 05:00:00
270.7567,277.5803,268.7485,272.0055,1767330000,37838100.0,2026-01-02 05:00:00
267.0102,271.2562,265.8912,270.387,1767589200,45647200.0,2026-01-05 05:00:00
262.1147,267.2999,261.8749,266.7504,1767675600,52352100.0,2026-01-06 05:00:00
260.0866,263.4335,259.5671,262.954,1767762000,48309800.0,2026-01-07 05:00:00
258.7979,259.0476,255.461,256.7797,1767848400,50419300.0,2026-01-08 05:00:00
259.1275,259.9667,255.9805,258.8378,1767934800,39997000.0,2026-01-09 05:00:00
260.0067,261.0557,256.5599,258.9177,1768194000,45263800.0,2026-01-12 05:00:00
260.8059,261.5652,258.1485,258.4781,1768280400,45730800.0,2026-01-13 05:00:00
259.717,261.5753,256.47,259.2474,1768366800,40019400.0,2026-01-14 05:00:00
257.9686,260.796,256.8097,260.4063,1768453200,39388600.0,2026-01-15 05:00:00
255.2911,258.658,254.6917,257.6589,1768539600,72142800.0,2026-01-16 05:00:00
246.4694,254.5518,243.1924,252.4937,1768885200,80267500.0,2026-01-20 05:00:00
247.4185,251.3248,244.9508,248.4675,1768971600,54641700.0,2026-01-21 05:00:00
248.1178,250.7654,247.918,248.967,1769058000,39708300.0,2026-01-22 05:00:00
247.8081,249.1769,244.4513,247.0888,1769144400,41689000.0,2026-01-23 05:00:00
255.1712,256.3202,249.5665,251.2449,1769403600,55969200.0,2026-01-26 05:00:00
258.0285,261.7051,257.9686,258.9277,1769490000,49648300.0,2026-01-27 05:00:00
256.2003,258.618,254.2721,257.4091,1769576400,41288000.0,2026-01-28 05:00:00
258.0385,259.4073,254.1722,257.7588,1769662800,67253000.0,2026-01-29 05:00:00
259.2374,261.6551,251.9442,254.9314,1769749200,92443400.0,2026-01-30 05:00:00
269.7576,270.2371,258.9677,259.7869,1770008400,73913400.0,2026-02-02 05:00:00
269.2281,271.6258,267.3598,268.9484,1770094800,64394700.0,2026-02-03 05:00:00
276.2315,278.6892,272.0355,272.0355,1770181200,90545700.0,2026-02-04 05:00:00
275.6521,279.2387,272.9746,277.87,1770267600,52977400.0,2026-02-05 05:00:00
277.86,280.6474,276.6711,276.8609,1770354000,50453400.0,2026-02-06 05:00:00
274.62,278.2,271.7,277.91,1770613200,44623400.0,2026-02-09 05:00:00
273.68,275.37,272.94,274.89,1770699600,34376900.0,2026-02-10 05:00:00
275.5,280.18,274.45,274.7,1770786000,51931300.0,2026-02-11 05:00:00
261.73,275.72,260.18,275.59,1770872400,81077200.0,2026-02-12 05:00:00
255.78,262.23,255.45,262.01,1770958800,56290700.0,2026-02-13 05:00:00
263.88,266.29,255.54,258.05,1771304400,58469100.0,2026-02-17 05:00:00
264.35,266.82,262.45,263.6,1771390800,34203300.0,2026-02-18 05:00:00
260.58,264.48,260.05,262.6,1771477200,30845300.0,2026-02-19 05:00:00
264.58,264.75,258.16,258.97,1771563600,42070500.0,2026-02-20 05:00:00
266.18,269.43,263.38,263.49,1771822800,37308200.0,2026-02-23 05:00:00
272.14,274.89,267.71,267.86,1771909200,47014600.0,2026-02-24 05:00:00
274.23,274.94,271.05,271.78,1771995600,33714300.0,2026-02-25 05:00:00
272.95,276.11,270.8,274.95,1772082000,32345100.0,2026-02-26 05:00:00
264.18,272.81,262.89,272.81,1772168400,72366500.0,2026-02-27 05:00:00
264.72,266.53,260.2,262.41,1772427600,41827900.0,2026-03-02 05:00:00
263.75,265.56,260.13,263.48,1772514000,38568900.0,2026-03-03 05:00:00
262.52,266.15,261.42,264.65,1772600400,39803100.0,2026-03-04 05:00:00
260.29,261.56,257.25,260.79,1772686800,49658600.0,2026-03-05 05:00:00
257.46,258.77,254.37,258.63,1772773200,41120000.0,2026-03-06 05:00:00
259.88,261.15,253.68,255.69,1773028800,38218500.0,2026-03-09 04:00:00
260.83,262.48,256.95,257.65,1773115200,30590800.0,2026-03-10 04:00:00
260.81,262.13,259.55,261.09,1773201600,26218900.0,2026-03-11 04:00:00
255.76,258.95,254.18,258.66,1773288000,40794000.0,2026-03-12 04:00:00
250.12,256.33,249.52,255.48,1773374400,36930000.0,2026-03-13 04:00:00
252.82,253.89,249.88,252.11,1773633600,32074200.0,2026-03-16 04:00:00
254.23,255.13,252.18,252.96,1773720000,32361600.0,2026-03-17 04:00:00
249.94,254.94,249.0,252.63,1773806400,35757900.0,2026-03-18 04:00:00
248.96,251.83,247.3,249.4,1773892800,34864100.0,2026-03-19 04:00:00
247.99,249.2,246.0,247.98,1773979200,88331100.0,2026-03-20 04:00:00
251.49,254.56,250.28,253.99,1774238400,37465587.0,2026-03-23 04:00:00
258.86,262.16,256.46,256.51,1775448000,29329900.0,2026-04-06 04:00:00
253.5,256.2,245.7,256.16,1775534400,62148000.0,2026-04-07 04:00:00
258.9,259.75,256.53,258.45,1775620800,41032800.0,2026-04-08 04:00:00
260.49,261.12,256.07,259.0,1775707200,28121600.0,2026-04-09 04:00:00
260.48,262.19,259.02,259.98,1775793600,31259500.0,2026-04-10 04:00:00
