close,high,low,open,time,volume,date
112.4306,113.2492,111.4029,111.8304,1603166400,2898400.0,2020-10-20 04:00:00
113.4675,114.4224,111.8668,112.849,1603252800,3992800.0,2020-10-21 04:00:00
113.4584,113.8131,111.794,113.2856,1603339200,2070400.0,2020-10-22 04:00:00
112.9582,114.2769,112.276,113.8858,1603425600,2304100.0,2020-10-23 04:00:00
110.166,112.4579,108.9655,112.2123,1603684800,2186200.0,2020-10-26 04:00:00
109.402,111.1392,109.3475,110.5844,1603771200,2475100.0,2020-10-27 04:00:00
105.9278,108.7199,105.6822,108.1378,1603857600,3387200.0,2020-10-28 04:00:00
107.7559,108.6381,105.1729,105.7095,1603944000,2680200.0,2020-10-29 04:00:00
107.8013,107.9196,105.8005,106.6918,1604030400,3099200.0,2020-10-30 04:00:00
107.7559,109.2656,106.9737,109.2656,1604293200,2445300.0,2020-11-02 05:00:00
108.9109,110.3297,108.4744,108.6835,1604379600,2549900.0,2020-11-03 05:00:00
114.5406,114.9408,110.066,111.312,1604466000,3765300.0,2020-11-04 05:00:00
118.5969,119.0972,115.3774,115.914,1604552400,3752900.0,2020-11-05 05:00:00
121.4164,121.671,118.2332,119.1245,1604638800,3814600.0,2020-11-06 05:00:00
123.5263,127.6736,123.4172,126.0183,1604898000,5150800.0,2020-11-09 05:00:00
122.5805,124.4723,121.7802,122.7806,1604984400,4742600.0,2020-11-10 05:00:00
124.9452,126.0911,123.2899,123.2899,1605070800,2515200.0,2020-11-11 05:00:00
123.2171,125.2271,122.2258,124.9179,1605157200,2013500.0,2020-11-12 05:00:00
123.9357,125.4454,123.399,124.9906,1605243600,2220300.0,2020-11-13 05:00:00
125.5182,127.4826,124.4268,125.309,1605502800,3433200.0,2020-11-16 05:00:00
123.5718,125.0179,122.917,124.5905,1605589200,2978000.0,2020-11-17 05:00:00
121.1708,124.1539,120.9343,123.6446,1605675600,2359100.0,2020-11-18 05:00:00
123.8447,123.8993,119.5974,119.7429,1605762000,2473900.0,2020-11-19 05:00:00
122.6715,124.5177,122.4895,124.254,1605848400,2295000.0,2020-11-20 05:00:00
124.6632,124.9088,122.9443,123.0352,1606107600,2881900.0,2020-11-23 05:00:00
124.4995,125.4363,120.8161,125.2271,1606194000,4677800.0,2020-11-24 05:00:00
123.6446,125.4636,122.7442,124.2449,1606280400,2040200.0,2020-11-25 05:00:00
125.2817,126.0092,124.8178,125.6182,1606453200,1305700.0,2020-11-27 05:00:00
126.4913,126.7096,124.6905,125.1907,1606712400,3010400.0,2020-11-30 05:00:00
127.9919,129.0651,126.2457,127.328,1606798800,3161000.0,2020-12-01 05:00:00
127.9283,128.8196,127.3917,127.9737,1606885200,2193000.0,2020-12-02 05:00:00
127.6633,129.1889,127.2797,128.4216,1606971600,1734100.0,2020-12-03 05:00:00
131.5184,131.6737,127.1701,127.6633,1607058000,3349100.0,2020-12-04 05:00:00
131.2809,132.1669,130.1755,132.1669,1607317200,1734400.0,2020-12-07 05:00:00
133.4916,133.656,130.8241,130.8607,1607403600,2837400.0,2020-12-08 05:00:00
129.5178,133.656,128.7231,132.8247,1607490000,3019500.0,2020-12-09 05:00:00
129.061,130.3308,128.0196,128.4124,1607576400,2704300.0,2020-12-10 05:00:00
128.9423,129.7736,127.4258,127.9283,1607662800,3216000.0,2020-12-11 05:00:00
130.0202,131.4818,129.4082,129.7736,1607922000,2214400.0,2020-12-14 05:00:00
131.6006,132.6968,131.0799,132.6968,1608008400,2554500.0,2020-12-15 05:00:00
130.4495,132.24,129.3259,132.24,1608094800,1583100.0,2020-12-16 05:00:00
131.3448,131.427,130.276,131.1347,1608181200,2354200.0,2020-12-17 05:00:00
132.0573,132.4593,131.0342,131.8929,1608267600,4230700.0,2020-12-18 05:00:00
130.2577,130.9885,129.0884,129.4721,1608526800,1827200.0,2020-12-21 05:00:00
131.8016,132.167,130.3308,130.3856,1608613200,2161600.0,2020-12-22 05:00:00
130.8333,133.0257,130.7054,132.2766,1608699600,2200900.0,2020-12-23 05:00:00
131.9752,131.9843,130.6414,131.6463,1608786000,466400.0,2020-12-24 05:00:00
132.1669,134.7248,131.9477,133.7473,1609131600,1630800.0,2020-12-28 05:00:00
131.2352,132.6785,130.3947,132.6237,1609218000,1130900.0,2020-12-29 05:00:00
133.5372,133.93,132.0025,132.1396,1609304400,1138800.0,2020-12-30 05:00:00
134.9532,135.0445,133.0987,133.8296,1609390800,1626800.0,2020-12-31 05:00:00
133.3911,137.5201,132.1122,135.6109,1609736400,2496600.0,2021-01-04 05:00:00
135.7753,135.8119,132.5872,133.1627,1609822800,1513700.0,2021-01-05 05:00:00
136.3874,139.1188,134.3868,134.9532,1609909200,2498200.0,2021-01-06 05:00:00
142.1516,142.6998,138.0682,138.6986,1609995600,2661100.0,2021-01-07 05:00:00
143.1839,145.9884,142.3435,142.5262,1610082000,4204900.0,2021-01-08 05:00:00
144.609,145.4312,141.6035,142.6267,1610341200,2609400.0,2021-01-11 05:00:00
145.3307,145.5591,142.983,143.4306,1610427600,2573800.0,2021-01-12 05:00:00
144.7735,147.788,144.472,146.162,1610514000,2622900.0,2021-01-13 05:00:00
145.6687,146.9111,145.4129,145.4129,1610600400,2028100.0,2021-01-14 05:00:00
144.1066,145.3033,142.0786,144.3623,1610686800,2338000.0,2021-01-15 05:00:00
146.6553,147.0481,144.609,144.7552,1611032400,2992100.0,2021-01-19 05:00:00
146.0067,148.8842,145.7783,147.4683,1611118800,2296100.0,2021-01-20 05:00:00
145.5134,147.0115,143.933,146.7192,1611205200,2469500.0,2021-01-21 05:00:00
142.1242,145.1936,141.978,144.0883,1611291600,3147200.0,2021-01-22 05:00:00
140.4251,143.6863,139.3015,143.4214,1611550800,3697100.0,2021-01-25 05:00:00
141.5396,142.0786,138.8813,140.6169,1611637200,2329100.0,2021-01-26 05:00:00
134.7248,139.6029,134.0579,138.0226,1611723600,5644400.0,2021-01-27 05:00:00
136.3052,138.726,135.6109,137.3649,1611810000,4352000.0,2021-01-28 05:00:00
134.5878,136.5975,133.9666,135.7296,1611896400,3512700.0,2021-01-29 05:00:00
138.7442,139.0914,134.5786,135.5104,1612155600,2958500.0,2021-02-01 05:00:00
138.7351,140.9093,137.9312,139.7856,1612242000,2536500.0,2021-02-02 05:00:00
134.8162,139.2284,134.7065,138.8539,1612328400,2703600.0,2021-02-03 05:00:00
137.5018,137.6206,134.2863,135.0445,1612414800,2027600.0,2021-02-04 05:00:00
135.8941,138.7899,135.7571,138.5981,1612501200,2169300.0,2021-02-05 05:00:00
139.9501,140.0414,135.8941,137.173,1612760400,2295700.0,2021-02-08 05:00:00
139.6303,140.2332,138.6072,139.4933,1612846800,1689300.0,2021-02-09 05:00:00
139.9775,141.4026,138.4885,141.3204,1612933200,1761800.0,2021-02-10 05:00:00
145.0658,145.2576,141.2382,141.2382,1613019600,2981500.0,2021-02-11 05:00:00
146.8745,147.4409,144.2528,145.2394,1613106000,2387900.0,2021-02-12 05:00:00
146.6096,149.7704,146.4909,148.7655,1613451600,3172400.0,2021-02-16 05:00:00
145.9336,148.0895,141.5944,143.5585,1613538000,3815900.0,2021-02-17 05:00:00
144.4172,145.0384,142.1973,144.2802,1613624400,3807700.0,2021-02-18 05:00:00
149.6333,150.1814,146.162,146.7375,1613710800,2944000.0,2021-02-19 05:00:00
145.4677,149.277,144.7643,148.2722,1613970000,3510200.0,2021-02-22 05:00:00
144.0609,144.947,140.0505,143.7503,1614056400,3022200.0,2021-02-23 05:00:00
147.7697,147.9159,141.7406,142.9829,1614142800,2748700.0,2021-02-24 05:00:00
140.99,146.9257,140.6322,145.5955,1614229200,3282600.0,2021-02-25 05:00:00
142.9533,144.7239,139.6872,143.6322,1614315600,5574200.0,2021-02-26 05:00:00
145.4945,145.6689,142.2285,144.1092,1614574800,3385500.0,2021-03-01 05:00:00
141.5496,146.2469,141.3111,146.2469,1614661200,3016500.0,2021-03-02 05:00:00
137.5588,142.201,137.1735,140.5221,1614747600,2665700.0,2021-03-03 05:00:00
132.5864,137.2377,130.5038,136.8708,1614834000,4870000.0,2021-03-04 05:00:00
136.5863,137.2652,131.5497,136.6964,1614920400,4040100.0,2021-03-05 05:00:00
132.1643,137.2102,131.8983,135.568,1615179600,3996300.0,2021-03-08 05:00:00
137.0909,138.6322,135.935,136.4487,1615266000,5203400.0,2021-03-09 05:00:00
134.9625,139.0083,134.9441,138.834,1615352400,3137300.0,2021-03-10 05:00:00
138.5588,139.5588,137.6047,137.9349,1615438800,4462100.0,2021-03-11 05:00:00
137.1918,137.4579,135.3662,136.3294,1615525200,3658500.0,2021-03-12 05:00:00
138.5313,138.6322,135.7423,137.2653,1615780800,2113200.0,2021-03-15 04:00:00
140.4395,141.7514,139.3937,139.7606,1615867200,2324600.0,2021-03-16 04:00:00
141.4304,142.0817,137.6781,137.9992,1615953600,2852800.0,2021-03-17 04:00:00
137.1093,140.623,136.9533,138.8524,1616040000,3853400.0,2021-03-18 04:00:00
139.3661,140.5588,135.5405,137.0634,1616126400,4624900.0,2021-03-19 04:00:00
141.7422,143.412,140.5679,140.5679,1616385600,3321600.0,2021-03-22 04:00:00
138.0634,142.1734,137.2744,141.8248,1616472000,2505200.0,2021-03-23 04:00:00
138.0175,141.256,137.7973,139.7606,1616558400,2792800.0,2021-03-24 04:00:00
137.5221,138.4487,134.4121,136.1827,1616644800,2725300.0,2021-03-25 04:00:00
144.1367,144.3753,135.779,136.1643,1616731200,3686200.0,2021-03-26 04:00:00
141.146,143.3111,139.4671,142.2285,1616990400,2779000.0,2021-03-29 04:00:00
140.0083,140.7606,138.99,139.5863,1617076800,2114000.0,2021-03-30 04:00:00
142.2744,143.2193,140.9257,141.4854,1617163200,3457000.0,2021-03-31 04:00:00
147.1367,147.2376,143.9257,144.3844,1617249600,3345800.0,2021-04-01 04:00:00
149.9899,150.366,147.3386,148.7697,1617595200,2628400.0,2021-04-05 04:00:00
148.3569,149.6229,146.5679,148.8982,1617681600,2422100.0,2021-04-06 04:00:00
146.2835,148.6046,145.5313,148.3294,1617768000,2062700.0,2021-04-07 04:00:00
148.7331,148.834,146.3294,148.2743,1617854400,2599500.0,2021-04-08 04:00:00
147.9257,148.5954,146.9441,147.522,1617940800,2250400.0,2021-04-09 04:00:00
146.5404,147.6046,145.834,147.3752,1618200000,2026700.0,2021-04-12 04:00:00
146.0175,147.6597,144.3661,147.2927,1618286400,1704600.0,2021-04-13 04:00:00
145.3753,147.3661,144.6322,144.6872,1618372800,1596400.0,2021-04-14 04:00:00
147.4395,147.9991,145.5863,146.7881,1618459200,1816000.0,2021-04-15 04:00:00
146.3385,148.0083,145.9991,147.6963,1618545600,1861900.0,2021-04-16 04:00:00
143.9533,145.8707,142.8432,145.3936,1618804800,3405000.0,2021-04-19 04:00:00
141.7147,143.3569,140.889,142.1092,1618891200,2339700.0,2021-04-20 04:00:00
145.2193,145.2652,141.3936,142.6505,1618977600,2713100.0,2021-04-21 04:00:00
142.5404,145.0725,142.1184,144.2835,1619064000,2487900.0,2021-04-22 04:00:00
145.889,146.7606,143.2193,143.7606,1619150400,3415500.0,2021-04-23 04:00:00
147.3752,148.5312,145.2009,145.5312,1619409600,2705500.0,2021-04-26 04:00:00
146.3753,148.5496,146.3019,148.0174,1619496000,3232400.0,2021-04-27 04:00:00
143.1734,145.6505,142.2377,145.412,1619582400,3304600.0,2021-04-28 04:00:00
144.9624,145.0542,141.2927,143.6138,1619668800,5833000.0,2021-04-29 04:00:00
140.5129,143.4028,139.9716,142.6964,1619755200,4035000.0,2021-04-30 04:00:00
138.8249,141.4487,138.2561,141.2836,1620014400,3265500.0,2021-05-03 04:00:00
139.3661,139.4487,136.2836,137.6138,1620100800,3849600.0,2021-05-04 04:00:00
141.2193,142.4028,139.724,140.623,1620187200,4415400.0,2021-05-05 04:00:00
142.5863,143.5587,140.2377,141.2744,1620273600,4775100.0,2021-05-06 04:00:00
144.2744,145.2744,143.1368,143.7331,1620360000,2706500.0,2021-05-07 04:00:00
138.3386,144.1918,138.3111,143.8799,1620619200,4132300.0,2021-05-10 04:00:00
138.3845,139.5313,135.6414,136.091,1620705600,4643100.0,2021-05-11 04:00:00
133.9901,136.7056,133.6231,135.2286,1620792000,4733000.0,2021-05-12 04:00:00
134.5221,136.9992,133.5955,135.4212,1620878400,4053200.0,2021-05-13 04:00:00
137.2561,138.3203,134.5221,135.7698,1620964800,4852100.0,2021-05-14 04:00:00
135.8708,136.5313,133.7882,136.1185,1621224000,5079800.0,2021-05-17 04:00:00
133.8432,137.4212,133.7698,137.256,1621310400,4223000.0,2021-05-18 04:00:00
140.4762,140.6689,132.1735,133.7515,1621396800,7065800.0,2021-05-19 04:00:00
146.3019,147.889,142.0817,142.5404,1621483200,5986500.0,2021-05-20 04:00:00
146.201,147.4945,145.8523,146.5037,1621569600,3526700.0,2021-05-21 04:00:00
149.0909,149.5313,147.4579,147.6964,1621828800,3434600.0,2021-05-24 04:00:00
150.2009,151.5312,149.256,150.7422,1621915200,3327300.0,2021-05-25 04:00:00
150.3477,151.522,149.2376,150.2009,1622001600,4016300.0,2021-05-26 04:00:00
150.3662,152.3378,150.1174,150.3478,1622088000,3469200.0,2021-05-27 04:00:00
151.6468,152.5865,150.2464,150.8452,1622174400,2750200.0,2021-05-28 04:00:00
150.8084,153.2314,149.408,150.8729,1622520000,2981800.0,2021-06-01 04:00:00
151.5546,152.3101,150.5043,150.965,1622606400,2071800.0,2021-06-02 04:00:00
149.3158,150.8452,148.3485,148.9197,1622692800,2553700.0,2021-06-03 04:00:00
152.5496,153.0748,149.6107,149.6107,1622779200,2443000.0,2021-06-04 04:00:00
151.5362,152.5404,151.1032,151.702,1623038400,1999200.0,2021-06-07 04:00:00
151.9324,153.4065,150.3938,153.4065,1623124800,2437100.0,2021-06-08 04:00:00
153.2775,153.775,151.96,152.4022,1623211200,3245400.0,2021-06-09 04:00:00
154.1712,154.6594,151.7297,154.033,1623297600,2905800.0,2021-06-10 04:00:00
154.4107,154.5397,153.342,154.4936,1623384000,2383300.0,2021-06-11 04:00:00
155.1846,155.1846,152.7339,154.5673,1623643200,2755500.0,2021-06-14 04:00:00
154.4291,155.636,153.9408,155.1754,1623729600,2377800.0,2021-06-15 04:00:00
152.9551,155.3597,151.5086,154.8345,1623816000,2360900.0,2021-06-16 04:00:00
153.1393,154.9819,152.0982,152.955,1623902400,2391500.0,2021-06-17 04:00:00
149.4264,152.3285,148.7631,152.3285,1623988800,3936500.0,2021-06-18 04:00:00
151.2322,151.3796,149.4172,149.7765,1624248000,2973200.0,2021-06-21 04:00:00
150.7899,151.2782,149.6475,150.6701,1624334400,2983800.0,2021-06-22 04:00:00
150.7531,151.9508,150.1727,150.7531,1624420800,2257000.0,2021-06-23 04:00:00
153.8947,154.1066,152.2364,153.1208,1624507200,2059900.0,2021-06-24 04:00:00
154.466,156.1335,153.9224,154.3462,1624593600,2959500.0,2021-06-25 04:00:00
157.1469,157.6905,155.1846,155.6452,1624852800,2265900.0,2021-06-28 04:00:00
157.9116,158.317,156.5297,156.8798,1624939200,2121400.0,2021-06-29 04:00:00
158.6118,158.879,156.8061,157.6813,1625025600,2954400.0,2021-06-30 04:00:00
155.8571,158.5473,155.5992,158.4921,1625112000,2865100.0,2021-07-01 04:00:00
157.2391,157.755,156.281,156.889,1625198400,1563500.0,2021-07-02 04:00:00
155.0741,158.0314,153.6276,158.0314,1625544000,2293400.0,2021-07-06 04:00:00
152.4115,156.0967,151.6836,155.9493,1625630400,4204600.0,2021-07-07 04:00:00
151.011,151.3704,147.5746,149.537,1625716800,3152500.0,2021-07-08 04:00:00
153.1853,153.4986,149.9331,151.0571,1625803200,2346200.0,2021-07-09 04:00:00
154.3646,154.4291,152.6326,153.4157,1626062400,2074000.0,2021-07-12 04:00:00
154.0974,155.1109,152.9182,153.8763,1626148800,2127100.0,2021-07-13 04:00:00
153.084,156.6218,152.8168,155.3965,1626235200,2012800.0,2021-07-14 04:00:00
150.7807,152.8537,149.5462,152.8537,1626321600,3505900.0,2021-07-15 04:00:00
147.8141,151.785,147.6483,151.0848,1626408000,2284100.0,2021-07-16 04:00:00
146.469,147.0495,144.2303,146.2295,1626667200,2772000.0,2021-07-19 04:00:00
148.2471,149.0763,145.4924,146.8007,1626753600,2831100.0,2021-07-20 04:00:00
151.8679,151.8679,148.1274,148.5973,1626840000,2076000.0,2021-07-21 04:00:00
149.2698,150.2003,148.1735,149.4909,1626926400,3250900.0,2021-07-22 04:00:00
150.6794,150.9466,148.9473,150.3846,1627012800,2178700.0,2021-07-23 04:00:00
151.0018,151.4072,148.5788,148.5788,1627272000,1733600.0,2021-07-26 04:00:00
149.795,150.8637,146.985,150.6426,1627358400,4077700.0,2021-07-27 04:00:00
151.1308,151.6928,150.0253,150.4675,1627444800,3632400.0,2021-07-28 04:00:00
153.4341,154.0053,151.5915,151.8126,1627531200,3164400.0,2021-07-29 04:00:00
154.2448,154.9635,152.1443,152.5496,1627617600,2678800.0,2021-07-30 04:00:00
154.4291,157.8472,154.1988,155.3689,1627876800,2822000.0,2021-08-02 04:00:00
155.4057,155.7189,152.5588,155.1201,1627963200,3271200.0,2021-08-03 04:00:00
158.9988,161.4587,155.332,155.461,1628049600,10201100.0,2021-08-04 04:00:00
156.5573,160.0951,155.5439,159.9017,1628136000,3468300.0,2021-08-05 04:00:00
157.6629,158.363,155.12,155.5439,1628222400,3164200.0,2021-08-06 04:00:00
157.8287,158.9527,156.0598,157.5984,1628481600,2580800.0,2021-08-09 04:00:00
157.5431,158.1327,155.7005,157.8287,1628568000,1943800.0,2021-08-10 04:00:00
157.0456,158.5473,155.4057,158.5013,1628654400,1946400.0,2021-08-11 04:00:00
155.3136,156.3546,153.4525,156.1612,1628740800,2562100.0,2021-08-12 04:00:00
156.6955,157.3312,155.1385,156.023,1628827200,2040700.0,2021-08-13 04:00:00
157.6076,158.0591,156.1335,156.2809,1629086400,2163200.0,2021-08-16 04:00:00
153.213,156.7508,152.6233,156.7508,1629172800,4593000.0,2021-08-17 04:00:00
152.7339,154.8161,148.5973,151.9232,1629259200,5452700.0,2021-08-18 04:00:00
153.6644,153.8303,150.6794,152.1259,1629345600,3451100.0,2021-08-19 04:00:00
153.5263,154.9451,152.0798,153.7382,1629432000,2913000.0,2021-08-20 04:00:00
156.281,159.2015,152.9919,156.843,1629691200,13465500.0,2021-08-23 04:00:00
152.7984,156.9535,151.785,156.4744,1629777600,8137000.0,2021-08-24 04:00:00
151.094,154.7147,150.2464,153.038,1629864000,19156400.0,2021-08-25 04:00:00
154.841,155.8773,151.4456,152.6576,1629950400,7306300.0,2021-08-26 04:00:00
154.0269,157.1078,153.74,154.7855,1630036800,9136200.0,2021-08-27 04:00:00
154.4894,155.683,154.1841,154.4802,1630296000,4901600.0,2021-08-30 04:00:00
150.7609,154.0639,149.2713,153.7215,1630382400,9136300.0,2021-08-31 04:00:00
149.0585,151.9174,148.9938,151.5196,1630468800,6513600.0,2021-09-01 04:00:00
150.4556,150.7516,149.1603,150.0022,1630555200,4514700.0,2021-09-02 04:00:00
150.2891,151.2698,149.6415,150.3631,1630641600,2385600.0,2021-09-03 04:00:00
151.057,151.4918,150.0207,150.4926,1630987200,5132100.0,2021-09-07 04:00:00
151.4271,153.2775,150.2521,151.4641,1631073600,4620100.0,2021-09-08 04:00:00
156.1826,157.4039,151.057,151.057,1631160000,7601800.0,2021-09-09 04:00:00
157.228,159.2172,156.8672,156.9135,1631246400,4280800.0,2021-09-10 04:00:00
159.8833,160.1887,157.5611,158.7546,1631505600,7431700.0,2021-09-13 04:00:00
160.494,161.0769,158.7084,160.5588,1631592000,5335200.0,2021-09-14 04:00:00
161.0584,161.4099,159.208,160.9288,1631678400,4498500.0,2021-09-15 04:00:00
160.2535,161.41,159.5318,159.5318,1631764800,4582700.0,2021-09-16 04:00:00
158.6899,160.0777,157.5519,158.5788,1631851200,13056400.0,2021-09-17 04:00:00
156.8024,157.9867,154.5357,157.3761,1632110400,10189700.0,2021-09-20 04:00:00
157.8109,158.8009,155.6552,158.0422,1632196800,4011300.0,2021-09-21 04:00:00
160.8456,161.2249,158.4215,159.1339,1632283200,3484500.0,2021-09-22 04:00:00
163.9727,164.4908,161.1231,161.4469,1632369600,3391900.0,2021-09-23 04:00:00
165.1755,165.4623,162.6867,163.3436,1632456000,2393300.0,2021-09-24 04:00:00
163.6767,164.8054,162.4646,164.0097,1632715200,4497200.0,2021-09-27 04:00:00
158.4771,161.7985,158.3753,159.393,1632801600,5494000.0,2021-09-28 04:00:00
156.2103,158.9767,155.5442,157.7832,1632888000,3498400.0,2021-09-29 04:00:00
154.952,158.4493,154.841,157.6166,1632974400,4820600.0,2021-09-30 04:00:00
154.8503,156.2474,152.4355,155.2759,1633060800,3549200.0,2021-10-01 04:00:00
151.9729,155.1556,151.4085,154.2674,1633320000,5377500.0,2021-10-04 04:00:00
152.9999,154.2582,151.6954,152.8796,1633406400,2899100.0,2021-10-05 04:00:00
153.629,153.8325,150.9367,151.5288,1633492800,2754000.0,2021-10-06 04:00:00
154.4894,156.6266,154.2674,154.9058,1633579200,2174100.0,2021-10-07 04:00:00
156.0068,156.3121,154.2119,155.8772,1633665600,3145900.0,2021-10-08 04:00:00
155.3407,158.7084,155.2481,155.5442,1633924800,1964800.0,2021-10-11 04:00:00
151.7509,156.8857,151.5658,155.905,1634011200,3018000.0,2021-10-12 04:00:00
152.0562,154.2396,151.3345,153.5458,1634097600,3416600.0,2021-10-13 04:00:00
155.6182,155.9883,153.703,154.0639,1634184000,5043100.0,2021-10-14 04:00:00
159.1709,159.2264,157.0245,157.3113,1634270400,2887000.0,2021-10-15 04:00:00
160.3645,160.6698,157.0245,157.6351,1634529600,2541500.0,2021-10-18 04:00:00
163.4176,163.5286,159.6428,160.7438,1634616000,3336700.0,2021-10-19 04:00:00
163.6859,164.5556,162.7607,163.6766,1634702400,3025800.0,2021-10-20 04:00:00
165.4345,165.6566,162.9643,163.4454,1634788800,2744000.0,2021-10-21 04:00:00
165.0737,167.2479,164.3891,165.8324,1634875200,3074300.0,2021-10-22 04:00:00
167.0166,167.5532,165.0737,165.2217,1635134400,2498200.0,2021-10-25 04:00:00
166.4245,168.7467,166.2024,168.3581,1635220800,2209200.0,2021-10-26 04:00:00
157.7091,161.9095,157.2835,161.0861,1635307200,6263900.0,2021-10-27 04:00:00
159.5596,161.3082,158.6991,159.3745,1635393600,2781100.0,2021-10-28 04:00:00
160.5125,160.8548,157.8294,158.5788,1635480000,3137400.0,2021-10-29 04:00:00
161.9003,162.1408,159.9759,160.2257,1635739200,2180700.0,2021-11-01 04:00:00
164.6296,164.9164,161.6319,161.9003,1635825600,2405800.0,2021-11-02 04:00:00
165.4253,165.8601,162.7144,164.1485,1635912000,1997700.0,2021-11-03 04:00:00
167.2109,167.4237,163.066,165.6103,1635998400,5252700.0,2021-11-04 04:00:00
170.4028,172.1792,168.5709,170.005,1636084800,3415700.0,2021-11-05 04:00:00
170.6619,172.0312,169.6442,169.746,1636347600,2582300.0,2021-11-08 05:00:00
171.1615,171.985,169.1446,170.5324,1636434000,2508500.0,2021-11-09 05:00:00
167.3312,171.6241,166.5725,169.3111,1636520400,2735500.0,2021-11-10 05:00:00
169.4036,169.6534,166.9333,169.5239,1636606800,1703300.0,2021-11-11 05:00:00
170.9672,171.8091,167.9696,169.8385,1636693200,1847600.0,2021-11-12 05:00:00
171.217,171.8276,169.9958,171.8276,1636952400,1337200.0,2021-11-15 05:00:00
173.6318,173.7983,170.6989,170.7729,1637038800,2126300.0,2021-11-16 05:00:00
173.0489,174.0296,171.6611,173.9648,1637125200,2242300.0,2021-11-17 05:00:00
174.0204,174.5755,172.0775,174.0296,1637211600,2091800.0,2021-11-18 05:00:00
174.6773,175.7875,173.6781,174.0204,1637298000,3299800.0,2021-11-19 05:00:00
171.6241,177.5916,171.4946,175.7875,1637557200,5228600.0,2021-11-22 05:00:00
168.8022,173.9371,166.7483,172.318,1637643600,4976400.0,2021-11-23 05:00:00
168.8208,168.8578,166.2302,167.8771,1637730000,2914800.0,2021-11-24 05:00:00
164.6852,166.9149,163.5564,165.6103,1637902800,2539100.0,2021-11-26 05:00:00
169.4961,169.9495,165.1015,167.0351,1638162000,4374800.0,2021-11-29 05:00:00
166.7668,170.4769,165.5271,168.9503,1638248400,4561800.0,2021-11-30 05:00:00
167.3127,174.1221,167.1369,168.645,1638334800,4831300.0,2021-12-01 05:00:00
167.7585,169.5231,165.3159,167.1734,1638421200,3795600.0,2021-12-02 05:00:00
167.9071,170.8419,165.9753,169.9318,1638507600,2958600.0,2021-12-03 05:00:00
168.1579,169.6531,163.6349,169.3281,1638766800,3938200.0,2021-12-06 05:00:00
173.3402,174.3154,170.5075,170.5818,1638853200,4850000.0,2021-12-07 05:00:00
172.9873,173.2288,171.1948,172.5229,1638939600,3167800.0,2021-12-08 05:00:00
170.5911,174.2875,170.4054,171.7521,1639026000,3457800.0,2021-12-09 05:00:00
170.359,173.2102,168.2229,173.1266,1639112400,2570800.0,2021-12-10 05:00:00
165.7524,171.5014,165.5203,170.3776,1639371600,4457700.0,2021-12-13 05:00:00
163.7184,165.5388,161.2201,164.3407,1639458000,3770900.0,2021-12-14 05:00:00
166.7368,166.8761,161.7309,164.9537,1639544400,3598700.0,2021-12-15 05:00:00
160.3007,167.9164,159.8921,167.3127,1639630800,4817300.0,2021-12-16 05:00:00
157.9881,160.1335,156.9944,158.9262,1639717200,7659800.0,2021-12-17 05:00:00
156.3257,157.0686,154.496,154.9511,1639976400,4087400.0,2021-12-20 05:00:00
159.8178,160.0592,156.8922,157.9974,1640062800,3018100.0,2021-12-21 05:00:00
160.0127,160.3192,158.7961,159.4183,1640149200,2025500.0,2021-12-22 05:00:00
160.3564,162.0096,160.2728,160.4865,1640235600,2026200.0,2021-12-23 05:00:00
162.9662,163.0219,160.6815,160.6815,1640581200,2134900.0,2021-12-27 05:00:00
161.9538,164.1921,161.6288,163.8485,1640667600,1634800.0,2021-12-28 05:00:00
163.0126,163.9692,162.0932,162.0932,1640754000,1685500.0,2021-12-29 05:00:00
162.3254,164.35,162.0375,163.4584,1640840400,1638600.0,2021-12-30 05:00:00
163.2448,164.0714,162.1396,162.2975,1640926800,1917200.0,2021-12-31 05:00:00
164.5265,164.9444,162.2975,162.6876,1641186000,2667500.0,2022-01-03 05:00:00
163.0405,166.7276,161.7124,165.0187,1641272400,3889300.0,2022-01-04 05:00:00
160.5236,164.5543,160.4214,162.8269,1641358800,3655200.0,2022-01-05 05:00:00
161.0344,162.4926,159.7806,160.7651,1641445200,3584400.0,2022-01-06 05:00:00
156.8086,161.378,154.171,160.7651,1641531600,6747500.0,2022-01-07 05:00:00
158.2575,158.564,153.5952,156.1307,1641790800,6017100.0,2022-01-10 05:00:00
161.2573,161.6288,156.4557,156.7437,1641877200,3789300.0,2022-01-11 05:00:00
161.3687,162.8919,159.7156,162.8919,1641963600,1993400.0,2022-01-12 05:00:00
157.6816,163.7092,157.1801,163.0962,1642050000,3954000.0,2022-01-13 05:00:00
159.7435,159.8549,156.1121,156.4093,1642136400,2869600.0,2022-01-14 05:00:00
154.6354,157.9974,154.3289,156.6693,1642482000,4160300.0,2022-01-18 05:00:00
151.4405,156.7622,151.3569,155.1926,1642568400,3736600.0,2022-01-19 05:00:00
147.3262,153.0193,147.2983,152.1463,1642654800,4021300.0,2022-01-20 05:00:00
148.1528,151.0876,145.7752,147.5027,1642741200,5547500.0,2022-01-21 05:00:00
149.9359,150.196,140.6764,147.6791,1643000400,6665200.0,2022-01-24 05:00:00
144.67,148.2178,144.3449,146.1746,1643086800,4064200.0,2022-01-25 05:00:00
148.3849,153.3351,146.1281,147.6698,1643173200,5850000.0,2022-01-26 05:00:00
143.5741,152.0814,143.0633,151.0133,1643259600,4691100.0,2022-01-27 05:00:00
147.3262,147.4005,140.407,143.1375,1643346000,3839700.0,2022-01-28 05:00:00
152.2856,152.5271,146.0074,147.0383,1643605200,4504800.0,2022-01-31 05:00:00
153.5859,153.7066,149.5737,152.4064,1643691600,3038000.0,2022-02-01 05:00:00
156.8736,157.3565,153.1494,153.6416,1643778000,2824500.0,2022-02-02 05:00:00
150.4746,155.6756,150.0567,153.8367,1643864400,4452100.0,2022-02-03 05:00:00
149.5552,150.809,145.5988,148.7379,1643950800,5174400.0,2022-02-04 05:00:00
149.3602,151.617,148.8772,149.6016,1644210000,2443300.0,2022-02-07 05:00:00
151.5055,152.0163,148.9701,149.4623,1644296400,3173200.0,2022-02-08 05:00:00
156.2236,156.3443,151.8306,153.5952,1644382800,3207900.0,2022-02-09 05:00:00
150.1496,156.335,149.5552,152.1464,1644469200,3462600.0,2022-02-10 05:00:00
142.9332,151.6448,142.1717,150.4189,1644555600,5455500.0,2022-02-11 05:00:00
143.0075,145.8959,140.7228,143.8805,1644814800,4501500.0,2022-02-14 05:00:00
150.4932,150.7718,145.9052,146.0631,1644901200,4909600.0,2022-02-15 05:00:00
156.3443,156.8551,150.0567,150.3539,1644987600,5825200.0,2022-02-16 05:00:00
148.9979,154.4218,148.905,154.2917,1645074000,4702700.0,2022-02-17 05:00:00
148.9329,151.1062,147.2705,149.6295,1645160400,3921600.0,2022-02-18 05:00:00
149.4159,151.2734,147.0104,147.577,1645506000,4269500.0,2022-02-22 05:00:00
145.3387,151.8492,145.0415,150.5211,1645592400,5087000.0,2022-02-23 05:00:00
149.1278,149.3238,141.8856,144.0321,1645678800,4152200.0,2022-02-24 05:00:00
151.3023,151.3583,147.1492,149.2118,1645765200,2741600.0,2022-02-25 05:00:00
149.5944,150.565,146.7479,150.565,1646024400,3606900.0,2022-02-28 05:00:00
146.4773,150.0237,145.1707,148.8851,1646110800,3761800.0,2022-03-01 05:00:00
149.1558,150.7517,146.6266,146.9626,1646197200,2578700.0,2022-03-02 05:00:00
148.6518,150.9103,146.4959,150.6863,1646283600,2656100.0,2022-03-03 05:00:00
146.384,148.6425,145.3574,147.1586,1646370000,2778600.0,2022-03-04 05:00:00
136.5192,146.8412,136.4539,146.5426,1646629200,5701300.0,2022-03-07 05:00:00
138.6098,142.5855,134.2514,136.2766,1646715600,4745200.0,2022-03-08 05:00:00
143.3695,144.7134,141.2043,142.8748,1646802000,3046300.0,2022-03-09 05:00:00
140.5136,141.6616,137.9845,140.7843,1646888400,4035700.0,2022-03-10 05:00:00
137.7512,143.5188,137.4618,142.9775,1646974800,3964300.0,2022-03-11 05:00:00
135.9126,138.9084,134.2141,137.6765,1647230400,3910500.0,2022-03-14 04:00:00
140.8496,141.3536,136.6406,137.4898,1647316800,3309900.0,2022-03-15 04:00:00
147.9892,148.1571,142.3522,142.8748,1647403200,4376200.0,2022-03-16 04:00:00
149.3051,149.3704,145.3667,146.4026,1647489600,4272400.0,2022-03-17 04:00:00
152.5435,153.0008,146.6079,147.9798,1647576000,9901900.0,2022-03-18 04:00:00
153.2622,153.7475,150.6957,151.0037,1647835200,3258900.0,2022-03-21 04:00:00
153.7755,155.3807,152.5155,152.8608,1647921600,2568300.0,2022-03-22 04:00:00
148.5212,153.3462,148.1945,152.4782,1648008000,3409900.0,2022-03-23 04:00:00
153.9528,154.0461,149.1931,150.0891,1648094400,3152200.0,2022-03-24 04:00:00
154.5781,154.8487,151.9929,154.0461,1648180800,2236300.0,2022-03-25 04:00:00
156.0993,156.2766,152.4502,153.2248,1648440000,2745200.0,2022-03-28 04:00:00
158.8244,160.1124,156.5379,157.7699,1648526400,3127700.0,2022-03-29 04:00:00
155.3713,158.6565,154.718,157.5179,1648612800,2689100.0,2022-03-30 04:00:00
154.1581,156.734,154.0648,155.8194,1648699200,3881500.0,2022-03-31 04:00:00
154.3261,155.9873,151.9836,155.39,1648785600,2941000.0,2022-04-01 04:00:00
153.5235,154.8767,150.929,154.1488,1649044800,4159600.0,2022-04-04 04:00:00
149.3051,152.5995,145.4693,151.6662,1649131200,7223600.0,2022-04-05 04:00:00
149.5851,153.3182,146.7759,146.9159,1649217600,6036000.0,2022-04-06 04:00:00
150.4904,152.0396,148.5211,148.6425,1649304000,3161800.0,2022-04-07 04:00:00
148.1478,150.2664,147.8305,149.7531,1649390400,3025000.0,2022-04-08 04:00:00
144.5547,147.5412,144.3681,147.1492,1649649600,3693700.0,2022-04-11 04:00:00
145.1241,148.9131,144.6481,146.8319,1649736000,2580000.0,2022-04-12 04:00:00
147.5692,148.3532,144.8534,146.2626,1649822400,2335200.0,2022-04-13 04:00:00
146.0573,149.1931,145.8613,147.8025,1649908800,5228700.0,2022-04-14 04:00:00
149.6411,150.4904,145.7493,145.852,1650254400,2728500.0,2022-04-18 04:00:00
151.489,151.9369,148.0265,149.6411,1650340800,2674700.0,2022-04-19 04:00:00
150.6117,154.5128,149.8277,153.4862,1650427200,2582400.0,2022-04-20 04:00:00
148.1198,153.6915,147.4292,151.6569,1650513600,3555000.0,2022-04-21 04:00:00
144.8907,148.9785,144.8161,147.4385,1650600000,2640400.0,2022-04-22 04:00:00
148.3158,148.5304,143.5001,143.9014,1650859200,4487500.0,2022-04-25 04:00:00
142.6135,146.8226,142.5482,146.4586,1650945600,3661200.0,2022-04-26 04:00:00
141.5963,145.3387,139.6924,139.991,1651032000,3077300.0,2022-04-27 04:00:00
149.7437,151.4423,143.4721,143.8454,1651118400,4156000.0,2022-04-28 04:00:00
144.0787,149.0624,143.9481,147.4945,1651204800,4835800.0,2022-04-29 04:00:00
147.5972,147.9612,142.5948,144.9747,1651464000,2865900.0,2022-05-02 04:00:00
148.2692,149.0531,146.0666,147.3452,1651550400,2441900.0,2022-05-03 04:00:00
153.7755,153.9154,143.9667,148.0918,1651636800,3940400.0,2022-05-04 04:00:00
147.6812,152.4689,146.0666,151.209,1651723200,3961500.0,2022-05-05 04:00:00
145.712,148.1758,144.0508,146.104,1651809600,2710400.0,2022-05-06 04:00:00
142.0909,145.6187,141.6523,143.9108,1652068800,4123100.0,2022-05-09 04:00:00
144.8627,147.9332,142.4642,145.5347,1652155200,3157800.0,2022-05-10 04:00:00
141.8483,146.8133,141.6243,143.1922,1652241600,3861700.0,2022-05-11 04:00:00
142.6882,143.4255,139.963,140.9616,1652328000,3117700.0,2022-05-12 04:00:00
148.1478,149.0438,143.6121,144.6947,1652414400,4783200.0,2022-05-13 04:00:00
146.9346,148.5585,145.1987,146.7386,1652673600,2328400.0,2022-05-16 04:00:00
152.9075,153.4115,149.9024,150.2477,1652760000,4952200.0,2022-05-17 04:00:00
149.2491,155.2314,148.6145,155.2314,1652846400,5684400.0,2022-05-18 04:00:00
150.201,153.2155,148.4651,150.117,1652932800,3812600.0,2022-05-19 04:00:00
151.6009,154.1394,146.2626,152.6835,1653019200,3977400.0,2022-05-20 04:00:00
150.7703,152.5902,149.2118,150.8357,1653278400,2291100.0,2022-05-23 04:00:00
151.0503,152.3569,148.2131,149.2118,1653364800,3172000.0,2022-05-24 04:00:00
151.489,152.3476,148.7078,149.7624,1653451200,2500300.0,2022-05-25 04:00:00
153.0569,154.8207,150.6397,151.5263,1653537600,3820100.0,2022-05-26 04:00:00
157.098,157.6699,153.9288,155.1665,1653624000,4942300.0,2022-05-27 04:00:00
157.8949,159.0107,153.385,156.4885,1653969600,5102500.0,2022-05-31 04:00:00
154.4914,158.7482,153.1319,158.6263,1654056000,3283600.0,2022-06-01 04:00:00
158.6826,158.8419,153.4694,154.2476,1654142400,2637700.0,2022-06-02 04:00:00
154.9321,156.5635,154.5289,156.1979,1654228800,2539100.0,2022-06-03 04:00:00
154.9602,158.2982,154.2945,156.9105,1654488000,2273800.0,2022-06-06 04:00:00
156.5354,156.9011,152.6818,153.5257,1654574400,2108000.0,2022-06-07 04:00:00
154.7164,157.4824,153.7038,155.5134,1654660800,2928800.0,2022-06-08 04:00:00
151.5285,156.6104,151.4348,153.7601,1654747200,3144800.0,2022-06-09 04:00:00
147.1311,150.1877,147.028,148.4719,1654833600,3369800.0,2022-06-10 04:00:00
138.5519,144.7965,138.1394,143.6713,1655092800,5861600.0,2022-06-13 04:00:00
137.9893,140.774,136.9392,139.9021,1655179200,2765000.0,2022-06-14 04:00:00
140.7178,142.9587,137.5768,139.8646,1655265600,3263200.0,2022-06-15 04:00:00
134.5108,137.2299,132.8512,137.2299,1655352000,4722800.0,2022-06-16 04:00:00
135.6078,136.4235,132.9449,135.0358,1655438400,6723900.0,2022-06-17 04:00:00
139.0957,140.9147,138.1018,138.1393,1655784000,3085600.0,2022-06-21 04:00:00
138.4394,139.6864,136.761,137.783,1655870400,3720400.0,2022-06-22 04:00:00
136.461,139.902,134.9608,139.7239,1655956800,2946000.0,2022-06-23 04:00:00
140.3521,140.6897,138.0175,138.3831,1656043200,5108900.0,2022-06-24 04:00:00
141.196,142.8274,140.2115,141.6742,1656302400,2048300.0,2022-06-27 04:00:00
139.227,143.6057,139.1145,141.9648,1656388800,2786500.0,2022-06-28 04:00:00
138.0831,138.3081,135.7203,137.7455,1656475200,2586600.0,2022-06-29 04:00:00
136.9767,139.9115,134.3608,136.3766,1656561600,4158000.0,2022-06-30 04:00:00
133.9951,136.0485,131.7542,134.9608,1656648000,3175000.0,2022-07-01 04:00:00
134.1451,134.2388,129.8601,131.1728,1656993600,3792500.0,2022-07-05 04:00:00
135.6734,136.8079,133.17,134.6795,1657080000,2708600.0,2022-07-06 04:00:00
139.302,140.3427,138.055,138.4956,1657166400,2742600.0,2022-07-07 04:00:00
140.5865,141.1491,136.6298,138.2049,1657252800,1997900.0,2022-07-08 04:00:00
138.355,139.9489,137.1361,138.9363,1657512000,2684900.0,2022-07-11 04:00:00
138.8144,140.8115,138.2049,139.1988,1657598400,2305800.0,2022-07-12 04:00:00
139.8833,140.6146,136.1328,136.4141,1657684800,2306900.0,2022-07-13 04:00:00
143.7463,144.5433,138.0362,139.4708,1657771200,3794000.0,2022-07-14 04:00:00
148.1156,148.4062,143.765,144.2432,1657857600,3736600.0,2022-07-15 04:00:00
145.5653,149.447,144.7402,148.9313,1658116800,2930000.0,2022-07-18 04:00:00
151.3785,151.8942,147.0467,147.1405,1658203200,3582000.0,2022-07-19 04:00:00
152.9443,153.5069,148.8563,149.6908,1658289600,3126000.0,2022-07-20 04:00:00
154.8852,154.9321,152.1567,154.1257,1658376000,2990800.0,2022-07-21 04:00:00
153.085,155.3259,152.1849,155.3259,1658462400,2944900.0,2022-07-22 04:00:00
152.8693,152.9725,150.2721,152.7849,1658721600,3085800.0,2022-07-25 04:00:00
151.6879,154.0226,151.2004,153.3475,1658808000,3151300.0,2022-07-26 04:00:00
157.8293,159.0482,153.0756,153.0756,1658894400,4672500.0,2022-07-27 04:00:00
159.0857,160.2859,156.8636,158.1856,1658980800,3880200.0,2022-07-28 04:00:00
161.2329,161.9455,157.248,157.8949,1659067200,4744400.0,2022-07-29 04:00:00
160.7641,161.6173,158.8701,160.0609,1659326400,2277100.0,2022-08-01 04:00:00
160.1171,161.7673,159.0295,159.6577,1659412800,2179600.0,2022-08-02 04:00:00
165.3584,165.9397,160.3328,160.3328,1659499200,2766400.0,2022-08-03 04:00:00
165.921,166.8492,164.2145,165.3678,1659585600,2395100.0,2022-08-04 04:00:00
166.1929,166.4461,163.2394,163.8489,1659672000,2495300.0,2022-08-05 04:00:00
164.8896,166.6617,162.9394,165.2272,1659931200,2308600.0,2022-08-08 04:00:00
159.7421,163.0425,158.495,162.5924,1660017600,3717700.0,2022-08-09 04:00:00
164.1583,164.3646,160.5391,162.8831,1660104000,3213500.0,2022-08-10 04:00:00
163.6613,167.1586,163.3613,165.1709,1660190400,2709900.0,2022-08-11 04:00:00
168.0775,168.5463,164.2989,164.2989,1660276800,3198300.0,2022-08-12 04:00:00
168.6682,168.7807,166.3616,167.2805,1660536000,2798500.0,2022-08-15 04:00:00
167.8712,168.5182,165.7803,168.1338,1660622400,3138200.0,2022-08-16 04:00:00
159.5171,163.1644,156.6761,163.1456,1660708800,6158600.0,2022-08-17 04:00:00
159.5171,161.7205,155.5884,157.2668,1660795200,4513300.0,2022-08-18 04:00:00
157.5199,158.3638,156.6011,157.9231,1660881600,3396500.0,2022-08-19 04:00:00
153.6194,155.9072,152.7662,154.8571,1661140800,3731100.0,2022-08-22 04:00:00
154.1539,155.9166,153.2819,153.2819,1661227200,2128300.0,2022-08-23 04:00:00
153.4413,154.5664,152.1193,153.5913,1661313600,3253100.0,2022-08-24 04:00:00
156.6479,156.8167,153.9382,154.0413,1661400000,2981700.0,2022-08-25 04:00:00
148.7719,157.0323,148.6219,156.4323,1661486400,4238300.0,2022-08-26 04:00:00
146.2093,148.7154,145.2483,147.745,1661745600,3353300.0,2022-08-29 04:00:00
143.8917,147.2174,142.7517,147.0949,1661832000,3670100.0,2022-08-30 04:00:00
142.7611,144.5795,141.64,144.5795,1661918400,3535300.0,2022-08-31 04:00:00
141.9698,142.2995,138.0599,140.3681,1662004800,3783900.0,2022-09-01 04:00:00
140.029,144.3816,139.2941,142.8836,1662091200,2787500.0,2022-09-02 04:00:00
139.6521,141.3856,138.0505,140.0101,1662436800,2480300.0,2022-09-06 04:00:00
141.9792,143.0249,139.6427,140.924,1662523200,2496600.0,2022-09-07 04:00:00
143.3264,143.9953,140.2362,140.924,1662609600,2457600.0,2022-09-08 04:00:00
145.2578,146.2187,143.6656,143.6656,1662696000,2620300.0,2022-09-09 04:00:00
146.6427,146.8312,144.7961,146.4449,1662955200,3866800.0,2022-09-12 04:00:00
139.6709,143.3923,139.247,142.2618,1663041600,4202100.0,2022-09-13 04:00:00
141.5552,142.535,139.426,140.8675,1663128000,2272900.0,2022-09-14 04:00:00
139.3129,142.0357,138.4839,141.037,1663214400,3142400.0,2022-09-15 04:00:00
140.6696,140.8298,136.7692,138.2389,1663300800,4592400.0,2022-09-16 04:00:00
140.9523,141.6871,139.3129,139.5014,1663560000,2398200.0,2022-09-19 04:00:00
141.1124,141.8002,139.6804,140.0949,1663646400,2574300.0,2022-09-20 04:00:00
139.85,145.0882,139.7557,141.282,1663732800,3315600.0,2022-09-21 04:00:00
136.9293,139.7463,135.8553,139.426,1663819200,3355700.0,2022-09-22 04:00:00
133.7073,136.0249,131.9832,135.4879,1663905600,4839300.0,2022-09-23 04:00:00
132.6709,135.4219,132.4825,134.4138,1664164800,4502400.0,2022-09-26 04:00:00
133.6036,135.6009,131.7759,134.4327,1664251200,2964300.0,2022-09-27 04:00:00
136.2133,136.9387,131.823,132.6992,1664337600,3307000.0,2022-09-28 04:00:00
133.7732,134.6306,131.823,134.6306,1664424000,3453500.0,2022-09-29 04:00:00
131.2766,134.3762,131.1823,132.7086,1664510400,3525900.0,2022-09-30 04:00:00
136.7315,138.1258,131.757,133.1043,1664769600,4708300.0,2022-10-03 04:00:00
142.1205,142.9684,139.4449,139.671,1664856000,4181800.0,2022-10-04 04:00:00
143.1003,144.1084,140.2268,140.4718,1664942400,3052000.0,2022-10-05 04:00:00
142.2336,144.7302,141.998,142.5727,1665028800,2286500.0,2022-10-06 04:00:00
136.5337,140.029,135.7894,139.1245,1665115200,4351100.0,2022-10-07 04:00:00
132.7463,137.0612,130.8714,136.7409,1665374400,3828700.0,2022-10-10 04:00:00
130.7678,132.9064,129.0343,131.578,1665460800,4735300.0,2022-10-11 04:00:00
130.57,132.2187,130.391,130.9845,1665547200,2541100.0,2022-10-12 04:00:00
134.4892,135.6104,125.7557,126.9051,1665633600,5040500.0,2022-10-13 04:00:00
128.8176,136.5619,128.6009,136.251,1665720000,4970400.0,2022-10-14 04:00:00
131.0693,133.1043,129.7786,131.9455,1665979200,5039800.0,2022-10-17 04:00:00
132.9347,136.8069,131.2766,136.2699,1666065600,3280300.0,2022-10-18 04:00:00
133.1514,134.6965,131.2012,132.6144,1666152000,2465400.0,2022-10-19 04:00:00
133.858,138.2578,133.0761,134.1972,1666238400,3341100.0,2022-10-20 04:00:00
138.107,138.889,132.7934,133.7167,1666324800,3612400.0,2022-10-21 04:00:00
136.1662,138.3803,134.1407,136.5902,1666584000,3334500.0,2022-10-24 04:00:00
137.8997,138.9737,136.0532,136.6655,1666670400,3644800.0,2022-10-25 04:00:00
133.1985,137.2214,132.4071,134.5081,1666756800,6726400.0,2022-10-26 04:00:00
132.539,135.0545,131.9361,134.2443,1666843200,4666400.0,2022-10-27 04:00:00
136.496,137.5418,132.9818,133.3116,1666929600,3482000.0,2022-10-28 04:00:00
134.3668,135.5539,132.4637,135.4879,1667188800,3078300.0,2022-10-31 04:00:00
136.3264,137.4664,135.0262,136.7126,1667275200,2322800.0,2022-11-01 04:00:00
133.0666,139.2564,132.8593,137.0235,1667361600,3327700.0,2022-11-02 04:00:00
130.0329,132.8499,129.8162,131.333,1667448000,3706400.0,2022-11-03 04:00:00
135.9401,136.9859,132.9441,134.0841,1667534400,5004300.0,2022-11-04 04:00:00
140.3116,140.5565,135.5538,137.3721,1667797200,3981600.0,2022-11-07 05:00:00
142.2995,146.5956,141.348,142.3937,1667883600,4968300.0,2022-11-08 05:00:00
139.6521,142.111,139.0491,140.5094,1667970000,3696300.0,2022-11-09 05:00:00
151.0896,151.457,145.5593,146.8877,1668056400,5617300.0,2022-11-10 05:00:00
154.566,155.348,150.0909,150.1757,1668142800,3211500.0,2022-11-11 05:00:00
151.9281,157.1569,151.5418,153.6804,1668402000,4269700.0,2022-11-14 05:00:00
155.6118,158.1461,153.1528,157.7693,1668488400,4158100.0,2022-11-15 05:00:00
151.9375,152.7289,150.9577,152.5216,1668574800,3859000.0,2022-11-16 05:00:00
152.126,152.3332,148.9416,149.2807,1668661200,2835400.0,2022-11-17 05:00:00
152.4839,154.3964,151.6548,154.095,1668747600,4016500.0,2022-11-18 05:00:00
150.025,152.6347,149.9402,151.8339,1669006800,6276300.0,2022-11-21 05:00:00
158.6832,159.0789,153.2942,155.6212,1669093200,5739900.0,2022-11-22 05:00:00
159.4086,163.2713,157.9954,159.5499,1669179600,3851800.0,2022-11-23 05:00:00
157.4207,159.6912,157.317,159.2578,1669352400,1698600.0,2022-11-25 05:00:00
154.5189,157.6186,153.134,155.348,1669611600,3910900.0,2022-11-28 05:00:00
154.4059,155.4611,153.0115,155.2255,1669698000,2685800.0,2022-11-29 05:00:00
161.9618,162.2256,153.2847,155.0371,1669784400,5396300.0,2022-11-30 05:00:00
161.5567,163.1866,159.9362,163.1866,1669870800,3222200.0,2022-12-01 05:00:00
159.5789,159.7303,156.3708,158.2256,1669957200,3055200.0,2022-12-02 05:00:00
158.8312,159.8343,157.8281,158.8502,1670216400,2615800.0,2022-12-05 05:00:00
157.5726,159.4085,156.4276,158.7461,1670302800,3572100.0,2022-12-06 05:00:00
157.0994,159.4369,156.1531,157.3644,1670389200,1881600.0,2022-12-07 05:00:00
160.5441,160.6861,157.0143,158.1026,1670475600,2836300.0,2022-12-08 05:00:00
159.6262,161.216,158.888,159.4275,1670562000,2514900.0,2022-12-09 05:00:00
163.014,163.0897,158.7366,160.0898,1670821200,2966800.0,2022-12-12 05:00:00
166.0706,170.2912,164.3578,168.4553,1670907600,4778100.0,2022-12-13 05:00:00
162.4651,167.3576,160.9794,166.4302,1670994000,3202500.0,2022-12-14 05:00:00
157.1751,160.6576,156.6074,160.1371,1671080400,3985000.0,2022-12-15 05:00:00
157.866,158.2729,155.2636,156.4086,1671166800,7411900.0,2022-12-16 05:00:00
156.2762,158.5,154.9608,158.4527,1671426000,2621800.0,2022-12-19 05:00:00
155.5096,156.9102,154.781,154.9324,1671512400,2102300.0,2022-12-20 05:00:00
158.4243,158.8312,156.3519,156.5033,1671598800,2181400.0,2022-12-21 05:00:00
154.9608,155.9828,152.4152,155.9828,1671685200,2972000.0,2022-12-22 05:00:00
155.0459,155.3109,152.595,153.9671,1671771600,1498300.0,2022-12-23 05:00:00
153.494,154.9134,152.5003,154.7904,1672117200,1932000.0,2022-12-27 05:00:00
151.677,154.7905,151.4688,152.8316,1672203600,1499900.0,2022-12-28 05:00:00
155.1784,155.9355,152.8315,153.8536,1672290000,2148900.0,2022-12-29 05:00:00
155.2257,155.3488,152.1313,153.6454,1672376400,1619400.0,2022-12-30 05:00:00
153.7305,157.2792,152.7747,156.6831,1672722000,4475700.0,2023-01-03 05:00:00
157.0049,158.5947,154.9702,156.5033,1672808400,3477900.0,2023-01-04 05:00:00
151.1187,156.7399,151.0146,155.6421,1672894800,4750300.0,2023-01-05 05:00:00
156.6358,157.7998,151.3458,153.0776,1672981200,3483400.0,2023-01-06 05:00:00
158.131,160.7902,156.7872,158.4054,1673240400,3734100.0,2023-01-09 05:00:00
160.1372,160.6387,157.5632,157.5632,1673326800,2351900.0,2023-01-10 05:00:00
160.6766,160.9983,158.3297,158.7177,1673413200,3068900.0,2023-01-11 05:00:00
159.6167,161.481,158.1878,160.8942,1673499600,2478100.0,2023-01-12 05:00:00
159.91,160.3359,157.4875,158.5095,1673586000,1891200.0,2023-01-13 05:00:00
157.9512,160.0899,157.1373,158.8975,1673931600,3320200.0,2023-01-17 05:00:00
157.09,160.2886,156.9953,159.4842,1674018000,2627700.0,2023-01-18 05:00:00
154.3741,156.7493,153.3993,156.6736,1674104400,3082500.0,2023-01-19 05:00:00
156.3046,156.3708,152.3962,155.027,1674190800,3841900.0,2023-01-20 05:00:00
160.5535,161.1119,156.7304,157.601,1674450000,3521900.0,2023-01-23 05:00:00
159.7965,160.9037,158.377,158.8975,1674536400,2407100.0,2023-01-24 05:00:00
159.4085,159.6735,155.3961,157.6767,1674622800,2739800.0,2023-01-25 05:00:00
161.5756,161.7743,157.9038,160.8185,1674709200,3539900.0,2023-01-26 05:00:00
161.6607,162.7963,159.3612,159.9952,1674795600,2453400.0,2023-01-27 05:00:00
159.8627,161.9636,159.3044,160.0236,1675054800,3135600.0,2023-01-30 05:00:00
162.2664,162.3137,159.8343,159.8627,1675141200,2549400.0,2023-01-31 05:00:00
167.1116,168.9285,162.0393,162.1339,1675227600,4200300.0,2023-02-01 05:00:00
169.6762,170.3859,166.7331,168.3135,1675314000,4206200.0,2023-02-02 05:00:00
169.2219,171.6067,166.7615,167.4334,1675400400,4005700.0,2023-02-03 05:00:00
168.0201,169.6951,166.9034,167.4901,1675659600,2916600.0,2023-02-06 05:00:00
171.3038,172.0987,167.509,168.815,1675746000,3531600.0,2023-02-07 05:00:00
168.2188,170.2155,167.8781,169.061,1675832400,3520600.0,2023-02-08 05:00:00
168.938,172.4488,167.8024,171.0483,1675918800,2983300.0,2023-02-09 05:00:00
168.8812,169.4112,166.6195,167.6321,1676005200,4003300.0,2023-02-10 05:00:00
170.7644,171.8811,169.3449,169.7518,1676264400,3975500.0,2023-02-13 05:00:00
172.7422,173.3006,168.9475,169.4585,1676350800,3784200.0,2023-02-14 05:00:00
185.6501,185.8678,180.8428,183.9089,1676437200,7456000.0,2023-02-15 05:00:00
183.4262,185.7636,182.6029,184.117,1676523600,4481700.0,2023-02-16 05:00:00
182.3664,183.9656,181.0888,182.726,1676610000,3774900.0,2023-02-17 05:00:00
175.9881,180.9185,175.5244,180.398,1676955600,5117800.0,2023-02-21 05:00:00
173.8967,176.66,173.0261,176.66,1677042000,3512600.0,2023-02-22 05:00:00
175.6853,177.4076,173.31,176.9439,1677128400,4501800.0,2023-02-23 05:00:00
173.9265,174.8106,172.662,174.2497,1677214800,3177900.0,2023-02-24 05:00:00
174.1451,176.7406,173.9264,176.4364,1677474000,2769500.0,2023-02-27 05:00:00
174.4303,176.3888,173.5461,173.9835,1677560400,2644400.0,2023-02-28 05:00:00
174.0881,176.3889,173.6983,174.8011,1677646800,2600300.0,2023-03-01 05:00:00
175.4951,176.1797,170.3897,172.2056,1677733200,2906400.0,2023-03-02 05:00:00
177.0733,177.5962,173.9264,176.1796,1677819600,3112400.0,2023-03-03 05:00:00
176.3793,179.2695,175.9705,178.0906,1678078800,2664100.0,2023-03-06 05:00:00
175.8279,177.7294,174.4684,176.8642,1678165200,2415100.0,2023-03-07 05:00:00
177.3776,178.2142,176.0751,177.1874,1678251600,3182000.0,2023-03-08 05:00:00
174.5159,179.4882,174.3448,177.9005,1678338000,3627300.0,2023-03-09 05:00:00
172.8046,176.4363,172.3957,175.6282,1678424400,3166800.0,2023-03-10 05:00:00
173.5556,175.2194,170.2566,170.9506,1678680000,3310200.0,2023-03-13 04:00:00
177.3871,178.7657,174.9247,175.8469,1678766400,4147400.0,2023-03-14 04:00:00
173.9169,176.3698,171.4546,175.1529,1678852800,3972700.0,2023-03-15 04:00:00
177.4346,178.0811,171.3214,172.3863,1678939200,3753500.0,2023-03-16 04:00:00
176.6931,179.4977,175.3811,178.1572,1679025600,6216500.0,2023-03-17 04:00:00
177.8434,178.2808,175.999,176.9307,1679284800,3033500.0,2023-03-20 04:00:00
179.1174,180.5625,176.8357,179.5738,1679371200,3232700.0,2023-03-21 04:00:00
177.4156,182.0647,177.1684,179.5548,1679457600,3481000.0,2023-03-22 04:00:00
180.1157,183.0534,177.8434,179.6593,1679544000,2658300.0,2023-03-23 04:00:00
178.4424,180.0872,176.5124,179.7829,1679630400,3401800.0,2023-03-24 04:00:00
175.6663,179.0794,175.3906,178.9748,1679889600,3616900.0,2023-03-27 04:00:00
174.554,174.9342,171.968,174.668,1679976000,3319900.0,2023-03-28 04:00:00
179.8495,180.9238,176.8737,176.8737,1680062400,3577800.0,2023-03-29 04:00:00
184.6412,185.5159,181.4848,181.827,1680148800,4367100.0,2023-03-30 04:00:00
187.5028,187.8261,183.7284,183.9851,1680235200,3873000.0,2023-03-31 04:00:00
186.6092,188.0067,184.6887,186.7898,1680494400,3120700.0,2023-04-03 04:00:00
185.5063,188.4821,184.2419,187.8261,1680580800,3633600.0,2023-04-04 04:00:00
180.9904,184.9264,179.7354,184.7838,1680667200,3368300.0,2023-04-05 04:00:00
177.948,180.4485,177.6153,179.4407,1680753600,3010100.0,2023-04-06 04:00:00
181.5418,181.789,175.8944,176.4839,1681099200,2573500.0,2023-04-10 04:00:00
180.0777,182.8443,179.7544,182.7492,1681185600,2336400.0,2023-04-11 04:00:00
178.0621,181.3992,177.8054,181.3992,1681272000,2085400.0,2023-04-12 04:00:00
179.7829,180.7337,176.9878,178.0716,1681358400,2020200.0,2023-04-13 04:00:00
179.222,181.6654,177.8244,178.8607,1681444800,1988100.0,2023-04-14 04:00:00
180.2298,180.5911,178.1667,178.4139,1681704000,2095000.0,2023-04-17 04:00:00
180.2393,182.502,179.1554,181.5132,1681790400,1745500.0,2023-04-18 04:00:00
179.26,179.7164,178.3188,178.6326,1681876800,1556000.0,2023-04-19 04:00:00
177.7674,179.897,174.0785,176.4268,1681963200,2807800.0,2023-04-20 04:00:00
177.1589,177.9765,175.5427,177.0734,1682049600,1975300.0,2023-04-21 04:00:00
177.7484,178.1572,176.56,177.1589,1682308800,1782000.0,2023-04-24 04:00:00
172.2151,176.9688,172.1486,176.9593,1682395200,3474800.0,2023-04-25 04:00:00
171.7588,173.4891,170.7985,172.3007,1682481600,3603100.0,2023-04-26 04:00:00
168.8685,170.1235,162.8029,169.7337,1682568000,4621700.0,2023-04-27 04:00:00
171.0172,171.2834,167.5851,168.8876,1682654400,3167800.0,2023-04-28 04:00:00
173.5462,173.9169,171.7588,171.8444,1682913600,2572800.0,2023-05-01 04:00:00
174.611,177.3966,173.1468,175.3525,1683000000,2710800.0,2023-05-02 04:00:00
173.4035,176.0561,173.0613,174.3828,1683086400,1788500.0,2023-05-03 04:00:00
172.3958,173.9549,171.5876,173.0327,1683172800,2308200.0,2023-05-04 04:00:00
174.3542,175.362,170.7225,171.7397,1683259200,3672100.0,2023-05-05 04:00:00
175.4286,175.4761,172.776,174.7345,1683518400,1936900.0,2023-05-08 04:00:00
170.77,173.7173,169.2583,173.5366,1683604800,3353300.0,2023-05-09 04:00:00
172.4908,173.3085,170.713,172.7285,1683691200,3364700.0,2023-05-10 04:00:00
171.6922,172.1676,169.9334,171.5116,1683777600,2252600.0,2023-05-11 04:00:00
171.6732,173.5556,170.057,172.5003,1683864000,1376800.0,2023-05-12 04:00:00
175.286,175.6187,171.3975,171.7778,1684123200,2435800.0,2023-05-15 04:00:00
173.7838,176.1321,173.5937,174.5825,1684209600,2178800.0,2023-05-16 04:00:00
178.6991,179.3076,174.1261,174.9342,1684296000,3002200.0,2023-05-17 04:00:00
182.7872,183.5288,179.0889,179.6403,1684382400,2959000.0,2023-05-18 04:00:00
181.1425,183.158,180.4104,182.7872,1684468800,3598300.0,2023-05-19 04:00:00
181.8841,183.6239,180.1252,180.553,1684728000,2494400.0,2023-05-22 04:00:00
178.6611,180.9808,178.1667,180.4389,1684814400,3864700.0,2023-05-23 04:00:00
164.6663,167.9273,161.3768,163.0501,1684900800,10367100.0,2023-05-24 04:00:00
163.8962,165.3699,153.9516,158.3059,1684987200,9915900.0,2023-05-25 04:00:00
167.8323,168.9827,163.0406,163.9818,1685073600,6794800.0,2023-05-26 04:00:00
168.6879,170.0285,166.197,169.3439,1685419200,5233100.0,2023-05-30 04:00:00
168.9351,171.1313,166.6058,166.7579,1685505600,7035300.0,2023-05-31 04:00:00
171.5211,173.2229,167.9939,170.3897,1685592000,4361700.0,2023-06-01 04:00:00
171.7599,173.8615,170.9193,173.2024,1685678400,3697400.0,2023-06-02 04:00:00
167.1554,171.3205,165.8945,171.1581,1685937600,3311400.0,2023-06-05 04:00:00
170.0117,170.7282,165.6556,165.8467,1686024000,3487400.0,2023-06-06 04:00:00
172.3044,175.1607,170.2983,170.2983,1686110400,4060900.0,2023-06-07 04:00:00
173.5559,174.3774,171.9988,173.3266,1686196800,2995000.0,2023-06-08 04:00:00
174.301,177.5776,172.9827,175.0748,1686283200,3164500.0,2023-06-09 04:00:00
179.2684,179.555,176.4504,176.7274,1686542400,3845700.0,2023-06-12 04:00:00
183.7678,183.9302,180.9497,181.8286,1686628800,3827900.0,2023-06-13 04:00:00
183.3093,185.2963,181.3701,184.0066,1686715200,4061300.0,2023-06-14 04:00:00
181.179,183.3093,180.9784,182.2489,1686801600,3414400.0,2023-06-15 04:00:00
179.9371,183.2042,179.3544,181.9719,1686888000,6889200.0,2023-06-16 04:00:00
179.5741,180.5485,177.1095,178.6379,1687233600,2663500.0,2023-06-20 04:00:00
177.1477,179.8416,177.0522,177.7018,1687320000,2941300.0,2023-06-21 04:00:00
177.7878,178.0361,175.0365,175.6575,1687406400,2973200.0,2023-06-22 04:00:00
177.6254,178.724,175.3136,175.8677,1687492800,5021500.0,2023-06-23 04:00:00
178.0075,183.0609,177.912,179.45,1687752000,3365800.0,2023-06-26 04:00:00
183.7774,183.9971,176.7369,178.4469,1687838400,3631900.0,2023-06-27 04:00:00
181.4083,182.612,180.1378,181.5229,1687924800,3836400.0,2023-06-28 04:00:00
181.007,182.1343,179.2111,181.3127,1688011200,2623200.0,2023-06-29 04:00:00
186.0987,186.6241,182.268,182.44,1688097600,3376000.0,2023-06-30 04:00:00
185.6402,187.7609,183.6723,185.3058,1688356800,1367600.0,2023-07-03 04:00:00
181.5038,184.704,181.3796,183.8251,1688529600,2693700.0,2023-07-05 04:00:00
177.8642,179.5551,176.3166,178.5424,1688616000,4203800.0,2023-07-06 04:00:00
177.0235,180.2237,176.8994,178.0553,1688702400,3038000.0,2023-07-07 04:00:00
182.5069,182.5451,177.463,177.5967,1688961600,3367200.0,2023-07-10 04:00:00
182.4113,183.4812,179.2111,183.0896,1689048000,2039700.0,2023-07-11 04:00:00
186.6623,187.2833,183.9684,184.7613,1689134400,3117600.0,2023-07-12 04:00:00
189.404,190.5217,187.1495,187.8851,1689220800,3364400.0,2023-07-13 04:00:00
183.3857,188.5633,182.9271,188.5538,1689307200,2922100.0,2023-07-14 04:00:00
187.5794,188.7066,182.0579,182.0579,1689566400,3249100.0,2023-07-17 04:00:00
187.7132,188.0093,185.153,186.2038,1689652800,3022900.0,2023-07-18 04:00:00
187.0349,188.5729,186.5763,188.3532,1689739200,2040800.0,2023-07-19 04:00:00
181.1694,185.2772,180.3192,183.2997,1689825600,3991000.0,2023-07-20 04:00:00
183.3762,184.9906,182.1916,183.08,1689912000,8748400.0,2023-07-21 04:00:00
183.7678,184.9524,182.1247,182.8794,1690171200,2663500.0,2023-07-24 04:00:00
186.9107,188.143,184.3696,184.3696,1690257600,2958700.0,2023-07-25 04:00:00
182.9558,184.1977,181.4083,183.3475,1690344000,2793200.0,2023-07-26 04:00:00
186.7101,189.2416,185.0288,186.7579,1690430400,3474600.0,2023-07-27 04:00:00
189.5473,190.1205,187.417,189.4231,1690516800,2883900.0,2023-07-28 04:00:00
190.6077,191.1522,189.5568,189.853,1690776000,2091300.0,2023-07-31 04:00:00
190.5599,191.1235,188.0188,188.8022,1690862400,1900300.0,2023-08-01 04:00:00
183.8538,189.2989,183.2902,189.232,1690948800,3739700.0,2023-08-02 04:00:00
182.9272,184.5989,180.4912,182.1534,1691035200,3040100.0,2023-08-03 04:00:00
179.9276,181.7522,176.479,180.5485,1691121600,3632900.0,2023-08-04 04:00:00
181.5993,182.8125,180.4243,182.1725,1691380800,2035200.0,2023-08-07 04:00:00
178.2654,178.9818,175.5333,178.6379,1691467200,2939500.0,2023-08-08 04:00:00
176.5459,179.1156,176.1447,178.0743,1691553600,2341900.0,2023-08-09 04:00:00
176.4504,180.5008,175.9059,178.6857,1691640000,2268000.0,2023-08-10 04:00:00
175.0175,176.202,173.8807,174.8168,1691726400,2859400.0,2023-08-11 04:00:00
177.0999,177.3197,174.3869,175.1798,1691985600,2057000.0,2023-08-14 04:00:00
173.212,175.8676,172.9445,174.7786,1692072000,1959500.0,2023-08-15 04:00:00
169.2475,172.5623,167.9101,172.3235,1692158400,4869000.0,2023-08-16 04:00:00
167.6427,170.2983,166.8211,169.792,1692244800,2804100.0,2023-08-17 04:00:00
167.891,168.6075,165.6652,166.1237,1692331200,2834600.0,2023-08-18 04:00:00
169.2953,169.7156,166.4294,168.2445,1692590400,3345900.0,2023-08-21 04:00:00
168.7603,171.3587,167.5185,170.9862,1692676800,4234700.0,2023-08-22 04:00:00
169.5436,170.7951,161.0034,161.0703,1692763200,7413500.0,2023-08-23 04:00:00
165.9232,170.2792,165.2162,168.8654,1692849600,6811300.0,2023-08-24 04:00:00
170.1933,170.9957,165.627,165.627,1692936000,4538700.0,2023-08-25 04:00:00
172.2662,173.0209,171.225,172.037,1693195200,2851700.0,2023-08-28 04:00:00
174.3965,175.2372,170.1455,170.7282,1693281600,3574800.0,2023-08-29 04:00:00
173.4508,174.7213,172.3331,173.5559,1693368000,3080900.0,2023-08-30 04:00:00
173.6514,175.7339,172.7343,173.4508,1693454400,3362800.0,2023-08-31 04:00:00
175.1007,175.3023,173.4018,175.2639,1693540800,1879000.0,2023-09-01 04:00:00
174.2465,176.0605,172.9699,174.1313,1693886400,2488000.0,2023-09-05 04:00:00
174.8607,175.1391,171.5686,174.2465,1693972800,3382500.0,2023-09-06 04:00:00
171.2902,174.1217,170.5128,172.7108,1694059200,5562200.0,2023-09-07 04:00:00
170.34,171.6837,169.6105,171.2326,1694145600,3182200.0,2023-09-08 04:00:00
170.5127,172.682,168.2476,172.3268,1694404800,2768100.0,2023-09-11 04:00:00
168.0172,171.8181,167.9884,169.409,1694491200,2862900.0,2023-09-12 04:00:00
169.0922,170.484,168.2572,168.8427,1694577600,2269400.0,2023-09-13 04:00:00
172.4516,172.8739,168.1804,171.0886,1694664000,4135400.0,2023-09-14 04:00:00
170.9831,172.3652,170.0905,172.2021,1694750400,6062500.0,2023-09-15 04:00:00
172.4996,173.1139,170.2728,170.9447,1695009600,2733700.0,2023-09-18 04:00:00
171.5686,171.8277,169.0826,171.0407,1695096000,2852700.0,2023-09-19 04:00:00
169.0058,171.8853,168.8619,171.8277,1695182400,2606500.0,2023-09-20 04:00:00
166.8558,169.5625,166.4335,168.3532,1695268800,3780800.0,2023-09-21 04:00:00
168.4299,169.7737,167.259,167.9596,1695355200,2839700.0,2023-09-22 04:00:00
168.3819,168.5259,166.1071,167.4893,1695614400,2300400.0,2023-09-25 04:00:00
165.4161,166.8366,164.533,166.3951,1695700800,3492500.0,2023-09-26 04:00:00
165.8672,167.0094,163.794,166.04,1695787200,2558400.0,2023-09-27 04:00:00
169.3226,170.484,165.3393,165.8672,1695873600,2781800.0,2023-09-28 04:00:00
168.0556,171.4342,167.1342,170.8103,1695960000,2703800.0,2023-09-29 04:00:00
168.3819,169.7929,166.7118,167.9692,1696219200,1727200.0,2023-10-02 04:00:00
164.6194,169.313,163.6404,166.7982,1696305600,3226100.0,2023-10-03 04:00:00
166.8078,167.3261,164.821,165.656,1696392000,3601000.0,2023-10-04 04:00:00
165.1857,167.6141,163.0645,167.2206,1696478400,2874600.0,2023-10-05 04:00:00
166.9806,168.2476,163.2949,163.8516,1696564800,3259900.0,2023-10-06 04:00:00
166.3567,166.9134,164.5427,165.9056,1696824000,2571900.0,2023-10-09 04:00:00
168.9003,170.436,166.5007,166.6735,1696910400,2924500.0,2023-10-10 04:00:00
167.8924,169.9849,166.2799,169.2842,1696996800,2466900.0,2023-10-11 04:00:00
166.6255,169.1018,165.3009,168.8235,1697083200,3569000.0,2023-10-12 04:00:00
164.1971,167.259,163.1989,166.9902,1697169600,2699900.0,2023-10-13 04:00:00
165.8096,166.7694,164.6098,164.8306,1697428800,3258900.0,2023-10-16 04:00:00
165.6753,167.0766,161.9511,162.6806,1697515200,2283600.0,2023-10-17 04:00:00
164.3891,166.0112,162.9014,163.842,1697601600,3827200.0,2023-10-18 04:00:00
161.9415,166.0784,161.4712,165.9824,1697688000,3692800.0,2023-10-19 04:00:00
159.8299,162.9206,159.3404,162.2295,1697774400,3399600.0,2023-10-20 04:00:00
157.2864,160.5882,157.0752,158.8989,1698033600,2757500.0,2023-10-23 04:00:00
158.3038,158.6781,156.3074,158.0063,1698120000,3206300.0,2023-10-24 04:00:00
153.3703,155.9618,152.612,155.5011,1698206400,5142300.0,2023-10-25 04:00:00
154.3973,157.3439,154.2245,154.4069,1698292800,3528300.0,2023-10-26 04:00:00
154.119,155.9618,153.3799,154.9924,1698379200,2168900.0,2023-10-27 04:00:00
149.6174,151.6714,148.7632,151.2875,1698638400,4421400.0,2023-10-30 04:00:00
151.0091,151.3067,148.9263,150.2125,1698724800,3151800.0,2023-10-31 04:00:00
152.8424,153.0728,149.2239,151.1339,1698811200,4324600.0,2023-11-01 04:00:00
157.7375,158.6301,155.1459,155.4723,1698897600,4105900.0,2023-11-02 04:00:00
161.1737,162.6518,159.2732,159.2732,1698984000,3536600.0,2023-11-03 04:00:00
160.8377,162.1335,158.9372,160.7129,1699246800,2132900.0,2023-11-06 05:00:00
161.356,162.3254,160.233,160.8377,1699333200,2537400.0,2023-11-07 05:00:00
162.1239,163.65,160.7706,161.7304,1699419600,3452000.0,2023-11-08 05:00:00
160.4154,163.7652,160.0795,162.671,1699506000,4211500.0,2023-11-09 05:00:00
165.3969,166.04,161.0969,162.479,1699592400,3671000.0,2023-11-10 05:00:00
163.8036,164.725,163.2661,163.8899,1699851600,3243700.0,2023-11-13 05:00:00
170.4456,171.1366,167.9692,168.1612,1699938000,3448600.0,2023-11-14 05:00:00
173.517,175.4654,171.8277,171.8277,1700024400,3293200.0,2023-11-15 05:00:00
172.6148,174.3617,171.4822,174.0449,1700110800,3286900.0,2023-11-16 05:00:00
175.6958,176.1949,173.8433,175.571,1700197200,3279000.0,2023-11-17 05:00:00
176.4349,177.2795,174.7744,174.7744,1700456400,3811100.0,2023-11-20 05:00:00
173.9681,177.1164,172.2309,175.7054,1700542800,4965900.0,2023-11-21 05:00:00
175.3311,176.8092,174.1505,174.8416,1700629200,2926300.0,2023-11-22 05:00:00
175.6958,176.0222,174.8896,175.4559,1700802000,1127100.0,2023-11-24 05:00:00
176.3869,176.9723,174.1409,175.3215,1701061200,3520200.0,2023-11-27 05:00:00
175.8398,177.1356,175.0143,175.8974,1701147600,2797900.0,2023-11-28 05:00:00
175.3695,179.4199,175.1967,177.8458,1701234000,2986600.0,2023-11-29 05:00:00
176.0125,176.1277,173.4978,175.8206,1701320400,4356200.0,2023-11-30 05:00:00
176.543,177.3241,174.701,176.2536,1701406800,2332900.0,2023-12-01 05:00:00
176.7262,176.9094,173.756,175.1832,1701666000,3316000.0,2023-12-04 05:00:00
174.19,176.0029,173.2256,175.7233,1701752400,2620000.0,2023-12-05 05:00:00
174.1321,176.4754,173.7463,176.4754,1701838800,2763400.0,2023-12-06 05:00:00
177.8062,179.0984,173.9392,175.8389,1701925200,3717600.0,2023-12-07 05:00:00
178.2884,179.6578,177.2565,177.6809,1702011600,2404200.0,2023-12-08 05:00:00
183.3512,184.2963,178.9442,179.0309,1702270800,3499500.0,2023-12-11 05:00:00
184.1613,184.2384,182.3772,183.438,1702357200,2841100.0,2023-12-12 05:00:00
185.4149,186.2057,182.898,184.5856,1702443600,3701800.0,2023-12-13 05:00:00
193.0333,193.1201,186.3021,186.3021,1702530000,5610000.0,2023-12-14 05:00:00
193.718,195.5406,192.8886,194.7402,1702616400,7057400.0,2023-12-15 05:00:00
189.5809,194.0169,189.1662,193.718,1702875600,3421000.0,2023-12-18 05:00:00
190.7767,191.0371,189.6773,190.6513,1702962000,1981800.0,2023-12-19 05:00:00
185.3378,190.4006,185.2124,189.2627,1703048400,3629500.0,2023-12-20 05:00:00
189.282,190.6513,187.8258,188.1633,1703134800,2636800.0,2023-12-21 05:00:00
190.0727,192.3486,188.7516,190.5742,1703221200,1754600.0,2023-12-22 05:00:00
191.7796,192.7054,190.497,190.8442,1703566800,1606900.0,2023-12-26 05:00:00
192.2425,192.3293,191.0178,191.7796,1703653200,1646100.0,2023-12-27 05:00:00
193.1008,194.2869,192.5897,193.6986,1703739600,2215500.0,2023-12-28 05:00:00
191.4807,193.5444,191.0274,192.7439,1703826000,1542400.0,2023-12-29 05:00:00
186.6782,190.0438,184.682,190.0438,1704171600,3279200.0,2024-01-02 05:00:00
182.2229,184.2866,181.9336,183.9684,1704258000,3297400.0,2024-01-03 05:00:00
179.436,180.2267,175.3279,175.4147,1704344400,3923500.0,2024-01-04 05:00:00
179.8989,181.1043,178.3848,179.3781,1704430800,2492200.0,2024-01-05 05:00:00
182.2422,182.7051,180.3425,180.5064,1704690000,2587200.0,2024-01-08 05:00:00
182.9944,183.5345,179.2624,179.8507,1704776400,3151700.0,2024-01-09 05:00:00
181.654,182.8594,179.706,182.8594,1704862800,3080400.0,2024-01-10 05:00:00
182.2229,182.9944,179.1081,181.6636,1704949200,2918700.0,2024-01-11 05:00:00
181.6443,183.5248,180.7378,182.9269,1705035600,1597100.0,2024-01-12 05:00:00
181.0946,182.6183,178.8381,181.1525,1705381200,2373300.0,2024-01-16 05:00:00
178.8188,179.0792,176.3597,178.0955,1705467600,2925900.0,2024-01-17 05:00:00
183.1969,183.9202,181.0175,183.573,1705554000,3585500.0,2024-01-18 05:00:00
187.8258,188.6069,184.2288,184.5373,1705640400,4408400.0,2024-01-19 05:00:00
190.2752,190.796,188.5008,189.0119,1705899600,2861800.0,2024-01-22 05:00:00
194.1905,194.3834,189.8702,190.1113,1705986000,3801100.0,2024-01-23 05:00:00
191.2299,195.2223,190.8056,193.6987,1706072400,4255300.0,2024-01-24 05:00:00
190.2656,194.8462,189.9377,194.798,1706158800,2957300.0,2024-01-25 05:00:00
187.0157,189.4652,186.5721,188.3562,1706245200,2379100.0,2024-01-26 05:00:00
190.1691,190.2849,186.0417,187.0254,1706504400,2766500.0,2024-01-29 05:00:00
187.7969,189.552,186.4564,188.848,1706590800,2479800.0,2024-01-30 05:00:00
185.5017,189.0987,184.7881,186.6107,1706677200,4125600.0,2024-01-31 05:00:00
185.1642,185.7621,182.0108,185.2606,1706763600,2628000.0,2024-02-01 05:00:00
185.251,186.0032,182.9751,183.5441,1706850000,2948400.0,2024-02-02 05:00:00
185.6946,187.0736,183.6309,185.9164,1707109200,3193700.0,2024-02-05 05:00:00
182.9462,186.3214,182.2808,186.3214,1707195600,3991700.0,2024-02-06 05:00:00
185.1256,185.9453,182.1458,184.9906,1707282000,3500400.0,2024-02-07 05:00:00
187.1411,188.2116,185.0678,186.09,1707368400,2594500.0,2024-02-08 05:00:00
188.0669,188.5587,186.5528,188.5587,1707454800,3183900.0,2024-02-09 05:00:00
187.1315,188.7034,185.7428,187.739,1707714000,6264900.0,2024-02-12 05:00:00
178.1052,182.2133,176.4851,181.4515,1707800400,6800200.0,2024-02-13 05:00:00
179.6771,180.41,178.163,179.2817,1707886800,3780800.0,2024-02-14 05:00:00
180.8535,182.5797,180.0339,181.085,1707973200,2811200.0,2024-02-15 05:00:00
181.5286,183.7273,179.4263,180.9018,1708059600,4353300.0,2024-02-16 05:00:00
182.6472,182.7533,179.3878,180.5739,1708405200,4600500.0,2024-02-20 05:00:00
186.8132,187.3629,183.3898,183.4766,1708491600,5555900.0,2024-02-21 05:00:00
185.0678,190.3042,182.3001,190.1113,1708578000,5780400.0,2024-02-22 05:00:00
183.3319,186.1768,183.1005,186.1768,1708664400,3720400.0,2024-02-23 05:00:00
182.2712,184.6628,182.1458,184.4602,1708923600,2827100.0,2024-02-26 05:00:00
182.329,183.5827,181.2875,183.033,1709010000,1886100.0,2024-02-27 05:00:00
181.0657,181.924,179.5806,180.5257,1709096400,1774800.0,2024-02-28 05:00:00
184.981,185.4342,182.0301,183.3513,1709182800,3119300.0,2024-02-29 05:00:00
189.1663,190.1885,184.7881,185.685,1709269200,2934700.0,2024-03-01 05:00:00
188.6043,190.1254,187.6742,189.7379,1709528400,3150700.0,2024-03-04 05:00:00
183.8955,188.9822,183.0138,187.2769,1709614800,3328500.0,2024-03-05 05:00:00
185.7364,187.9648,184.4671,185.4166,1709701200,3905300.0,2024-03-06 05:00:00
192.0729,193.1871,187.6548,187.6548,1709787600,4275300.0,2024-03-07 05:00:00
189.8445,193.4584,189.4957,192.8093,1709874000,3752600.0,2024-03-08 05:00:00
192.0439,192.3151,188.5462,188.5462,1710129600,3110900.0,2024-03-11 04:00:00
193.0031,193.3906,190.4161,193.1,1710216000,3864600.0,2024-03-12 04:00:00
192.4217,193.6134,191.2784,192.2764,1710302400,3647400.0,2024-03-13 04:00:00
188.3814,193.6813,187.5191,192.8674,1710388800,4361800.0,2024-03-14 04:00:00
189.1275,189.8251,182.8781,182.8781,1710475200,10198200.0,2024-03-15 04:00:00
185.2713,192.1213,185.1744,191.0749,1710734400,2846500.0,2024-03-18 04:00:00
184.6125,185.1357,182.2484,184.409,1710820800,2226700.0,2024-03-19 04:00:00
188.2749,188.6915,184.0408,184.535,1710907200,2594300.0,2024-03-20 04:00:00
189.079,192.4895,188.2555,190.513,1710993600,3109000.0,2024-03-21 04:00:00
187.49,189.5344,186.5599,189.2147,1711080000,2104300.0,2024-03-22 04:00:00
184.6997,186.1336,184.5059,184.8741,1711339200,1768700.0,2024-03-25 04:00:00
183.0816,185.9592,182.8878,184.6997,1711425600,2711500.0,2024-03-26 04:00:00
187.3157,187.3835,183.4885,184.7481,1711512000,2410300.0,2024-03-27 04:00:00
191.6369,192.3927,187.897,188.0036,1711598400,3119700.0,2024-03-28 04:00:00
190.5033,193.4778,190.077,191.259,1711944000,2032300.0,2024-04-01 04:00:00
188.8174,189.4956,186.744,189.1468,1712030400,2495800.0,2024-04-02 04:00:00
189.2825,190.5517,186.6568,186.9959,1712116800,1928300.0,2024-04-03 04:00:00
185.9786,192.5186,185.3779,192.1795,1712203200,2931000.0,2024-04-04 04:00:00
188.7011,189.5732,185.2228,186.6374,1712289600,2087400.0,2024-04-05 04:00:00
190.5711,190.8521,187.9939,188.5752,1712548800,2456700.0,2024-04-08 04:00:00
197.77,197.8475,191.7629,192.3345,1712635200,4598000.0,2024-04-09 04:00:00
190.2223,194.5048,189.3212,194.1463,1712721600,4517700.0,2024-04-10 04:00:00
192.4605,192.8965,188.1974,191.8016,1712808000,3427100.0,2024-04-11 04:00:00
186.2886,190.5421,186.1045,188.9628,1712894400,3337200.0,2024-04-12 04:00:00
184.3702,189.7863,183.3432,188.8853,1713153600,2561500.0,2024-04-15 04:00:00
185.281,188.0035,184.5446,186.7537,1713240000,2268000.0,2024-04-16 04:00:00
183.537,186.8312,183.3141,186.4339,1713326400,2763200.0,2024-04-17 04:00:00
181.7445,184.283,180.795,182.4615,1713412800,2748900.0,2024-04-18 04:00:00
177.6558,182.0836,176.8904,181.2698,1713499200,4121300.0,2024-04-19 04:00:00
180.514,182.4518,177.4911,178.7022,1713758400,3557800.0,2024-04-22 04:00:00
184.0214,184.9225,180.6303,181.1826,1713844800,4177800.0,2024-04-23 04:00:00
190.387,195.4059,188.9628,193.8072,1713931200,6527500.0,2024-04-24 04:00:00
191.7822,192.9061,189.0306,191.7047,1714017600,3301500.0,2024-04-25 04:00:00
195.6869,196.2973,190.8424,190.9296,1714104000,3136300.0,2024-04-26 04:00:00
197.5568,197.6343,194.3982,194.563,1714363200,2289200.0,2024-04-29 04:00:00
194.3692,197.8475,194.2626,197.2952,1714449600,2668400.0,2024-04-30 04:00:00
187.8582,193.3131,187.8195,190.9296,1714536000,3554600.0,2024-05-01 04:00:00
190.3773,191.1815,185.6298,189.9995,1714622400,2728100.0,2024-05-02 04:00:00
193.4197,195.5512,192.848,192.848,1714708800,2372800.0,2024-05-03 04:00:00
196.9949,197.1015,193.7782,193.9429,1714968000,2168900.0,2024-05-06 04:00:00
197.2371,199.3687,197.1983,198.1382,1715054400,3276700.0,2024-05-07 04:00:00
198.487,198.6226,195.5318,196.0938,1715140800,2464300.0,2024-05-08 04:00:00
198.4191,199.0683,197.363,198.1188,1715227200,2941800.0,2024-05-09 04:00:00
200.7445,201.2967,198.8551,199.543,1715313600,2617000.0,2024-05-10 04:00:00
201.8975,203.2249,201.5777,202.3335,1715572800,2314800.0,2024-05-13 04:00:00
205.3467,205.8118,200.2794,202.4982,1715659200,2683400.0,2024-05-14 04:00:00
209.0382,209.1835,206.0928,207.7592,1715745600,3802700.0,2024-05-15 04:00:00
207.4589,209.2804,207.0132,209.2804,1715832000,2820000.0,2024-05-16 04:00:00
207.4201,208.9219,206.3447,207.8368,1715918400,2373800.0,2024-05-17 04:00:00
210.7144,211.8964,207.2845,208.2728,1716177600,2647900.0,2024-05-20 04:00:00
209.9005,210.3268,207.8755,208.5053,1716264000,3428800.0,2024-05-21 04:00:00
232.6888,232.8923,217.7582,220.7036,1716350400,9445800.0,2024-05-22 04:00:00
227.263,234.3553,224.7827,233.3864,1716436800,5578400.0,2024-05-23 04:00:00
225.2768,230.9061,224.9764,228.978,1716523200,4544300.0,2024-05-24 04:00:00
226.1779,227.0014,223.2712,223.2712,1716868800,2673800.0,2024-05-28 04:00:00
221.0524,224.4242,220.7424,222.593,1716955200,3002100.0,2024-05-29 04:00:00
222.8449,223.5134,220.9168,221.5659,1717041600,2884600.0,2024-05-30 04:00:00
227.1952,227.4277,220.568,222.9418,1717128000,6460100.0,2024-05-31 04:00:00
224.9861,228.9392,221.4012,227.7765,1717387200,3087800.0,2024-06-03 04:00:00
224.3441,225.8519,222.7099,225.5406,1717473600,2616000.0,2024-06-04 04:00:00
229.2565,229.5386,224.918,225.6768,1717560000,4016700.0,2024-06-05 04:00:00
230.9393,231.8829,226.9316,228.1281,1717646400,2757000.0,2024-06-06 04:00:00
228.3713,231.1339,226.9122,229.6164,1717732800,2208200.0,2024-06-07 04:00:00
228.9549,229.5483,224.8888,225.9589,1717992000,2765600.0,2024-06-10 04:00:00
229.8596,230.0638,226.776,227.2818,1718078400,3098600.0,2024-06-11 04:00:00
231.9413,234.0229,229.9958,232.5152,1718164800,2515000.0,2024-06-12 04:00:00
227.6514,229.8109,226.1534,226.2118,1718251200,2673800.0,2024-06-13 04:00:00
224.8889,226.2312,223.1963,223.8286,1718337600,2252400.0,2024-06-14 04:00:00
226.0562,226.1632,221.7274,224.2566,1718596800,2415000.0,2024-06-17 04:00:00
228.9647,229.986,224.9764,225.4239,1718683200,2457400.0,2024-06-18 04:00:00
223.2546,226.3285,222.5737,226.0951,1718856000,4562300.0,2024-06-20 04:00:00
224.7527,225.56,222.8266,225.2293,1718942400,7167000.0,2024-06-21 04:00:00
222.2333,225.6184,221.8831,224.7527,1719201600,2413600.0,2024-06-24 04:00:00
224.062,224.7818,219.6847,224.7818,1719288000,2001300.0,2024-06-25 04:00:00
221.6302,223.7216,220.3948,223.0698,1719374400,2510600.0,2024-06-26 04:00:00
220.5018,222.2138,219.8209,220.8131,1719460800,2159000.0,2024-06-27 04:00:00
222.0387,225.7449,220.6769,221.9317,1719547200,3634000.0,2024-06-28 04:00:00
219.0426,220.7644,217.817,220.5212,1719806400,2307800.0,2024-07-01 04:00:00
222.0193,222.1457,218.4395,218.4395,1719892800,2417900.0,2024-07-02 04:00:00
223.7507,224.6943,220.8519,222.4375,1719979200,1425700.0,2024-07-03 04:00:00
224.597,225.2001,222.1457,225.1126,1720152000,2251800.0,2024-07-05 04:00:00
226.9802,227.3791,225.3558,225.8519,1720411200,1729500.0,2024-07-08 04:00:00
225.6865,227.8752,224.6165,227.3888,1720497600,1315500.0,2024-07-09 04:00:00
231.8342,232.5735,226.7468,228.0697,1720584000,4037600.0,2024-07-10 04:00:00
227.3694,232.6805,227.3013,232.2525,1720670400,3103700.0,2024-07-11 04:00:00
232.058,235.5599,229.7136,231.8537,1720756800,3105700.0,2024-07-12 04:00:00
231.2409,233.235,229.665,230.6767,1721016000,2057200.0,2024-07-15 04:00:00
236.698,237.1843,231.1728,232.4957,1721102400,1964600.0,2024-07-16 04:00:00
229.1884,237.4859,228.9939,233.9257,1721188800,4448200.0,2024-07-17 04:00:00
232.4763,234.5288,229.8498,230.0347,1721275200,3688500.0,2024-07-18 04:00:00
224.918,233.7505,224.4511,233.7505,1721361600,2894900.0,2024-07-19 04:00:00
233.4976,233.7116,226.9608,230.6572,1721620800,2827300.0,2024-07-22 04:00:00
224.0426,230.4627,222.7877,227.7195,1721707200,3876200.0,2024-07-23 04:00:00
218.4979,224.6651,217.6419,224.3441,1721793600,4589600.0,2024-07-24 04:00:00
214.8987,221.4064,211.3288,215.4727,1721880000,5114600.0,2024-07-25 04:00:00
220.2586,221.0562,216.8929,219.1594,1721966400,4296200.0,2024-07-26 04:00:00
221.2022,223.994,219.1886,222.5057,1722225600,2672200.0,2024-07-29 04:00:00
218.459,223.9064,216.8248,222.6126,1722312000,3955600.0,2024-07-30 04:00:00
225.0737,225.8324,220.7547,223.4978,1722398400,4308100.0,2024-07-31 04:00:00
212.9533,224.8986,210.8619,221.8636,1722484800,5404600.0,2024-08-01 04:00:00
202.292,207.2627,201.0761,206.6888,1722571200,6796700.0,2024-08-02 04:00:00
195.0937,203.3912,193.3135,200.4146,1722830400,4879700.0,2024-08-05 04:00:00
199.2959,203.0118,195.6968,195.8719,1722916800,4671100.0,2024-08-06 04:00:00
195.8232,205.6577,195.3855,204.7336,1723003200,4178200.0,2024-08-07 04:00:00
207.8172,208.3036,198.7026,200.5702,1723089600,4510100.0,2024-08-08 04:00:00
205.5507,207.9047,203.4593,204.2278,1723176000,2482100.0,2024-08-09 04:00:00
206.2997,207.5837,204.2764,206.3678,1723435200,1712100.0,2024-08-12 04:00:00
212.0681,212.642,207.3892,207.4378,1723521600,4011000.0,2024-08-13 04:00:00
209.4514,212.1653,207.0001,211.0078,1723608000,2409500.0,2024-08-14 04:00:00
217.5738,218.1283,213.4397,214.4416,1723694400,5197400.0,2024-08-15 04:00:00
217.1069,217.7003,215.3851,216.9707,1723780800,2573600.0,2024-08-16 04:00:00
219.7917,219.9181,215.4532,216.3676,1724040000,2803100.0,2024-08-19 04:00:00
217.3987,219.8598,215.3559,217.8559,1724126400,3994200.0,2024-08-20 04:00:00
221.2994,230.4043,218.6827,223.2644,1724212800,5595100.0,2024-08-21 04:00:00
215.8618,222.0387,215.2295,219.529,1724299200,3708100.0,2024-08-22 04:00:00
222.1652,222.9628,218.6341,219.6944,1724385600,3208000.0,2024-08-23 04:00:00
219.4609,221.9706,217.6905,221.6302,1724644800,2532300.0,2024-08-26 04:00:00
225.5211,226.0172,218.1964,218.9746,1724731200,3707500.0,2024-08-27 04:00:00
220.9784,226.8927,219.0038,224.7819,1724817600,3211800.0,2024-08-28 04:00:00
224.597,228.702,223.2255,223.2352,1724904000,2711500.0,2024-08-29 04:00:00
228.4393,229.7039,225.5017,228.5366,1724990400,2770900.0,2024-08-30 04:00:00
213.5858,224.6308,212.5506,223.3319,1725336000,4868600.0,2024-09-03 04:00:00
216.6033,218.7322,213.0095,214.8553,1725422400,2736400.0,2024-09-04 04:00:00
213.9275,216.4275,212.6189,214.3377,1725508800,2730000.0,2024-09-05 04:00:00
208.6345,214.2693,207.7165,213.449,1725595200,3437000.0,2024-09-06 04:00:00
213.4393,214.1717,210.9881,211.9256,1725854400,2450800.0,2024-09-09 04:00:00
213.5955,213.8982,209.1033,212.4041,1725940800,2048900.0,2024-09-10 04:00:00
219.7967,220.4315,209.6795,214.7381,1726027200,3431800.0,2024-09-11 04:00:00
216.3397,218.2147,213.8006,218.2049,1726113600,2157800.0,2024-09-12 04:00:00
220.1385,221.242,217.785,218.5955,1726200000,2032300.0,2024-09-13 04:00:00
218.0487,219.201,215.5193,217.1795,1726459200,2124000.0,2024-09-16 04:00:00
220.0702,223.6737,217.4334,222.1112,1726545600,2524500.0,2024-09-17 04:00:00
217.4237,223.5077,216.7596,223.5077,1726632000,2527300.0,2024-09-18 04:00:00
227.9804,230.2363,222.5311,224.6112,1726718400,7157700.0,2024-09-19 04:00:00
221.4667,227.0331,219.0936,226.5351,1726804800,5009500.0,2024-09-20 04:00:00
220.7147,221.5253,218.9471,219.5135,1727064000,1357900.0,2024-09-23 04:00:00
222.0038,225.3925,221.5057,223.2831,1727150400,1984800.0,2024-09-24 04:00:00
221.3299,222.2479,218.8494,218.8494,1727236800,2042600.0,2024-09-25 04:00:00
227.0136,228.498,219.5428,227.1698,1727323200,3883000.0,2024-09-26 04:00:00
226.6132,229.7479,225.6756,229.2108,1727409600,2277800.0,2024-09-27 04:00:00
224.7772,225.1581,221.3495,223.537,1727668800,2711400.0,2024-09-30 04:00:00
218.4295,224.0644,217.1893,223.5663,1727755200,3124400.0,2024-10-01 04:00:00
222.3944,224.5819,218.3026,219.7088,1727841600,1858000.0,2024-10-02 04:00:00
221.2518,223.4784,219.201,219.367,1727928000,2087700.0,2024-10-03 04:00:00
222.8827,226.9159,220.8124,226.4667,1728014400,1895200.0,2024-10-04 04:00:00
221.203,221.9842,218.8397,220.3631,1728273600,1564700.0,2024-10-07 04:00:00
224.0253,225.1093,219.0545,221.4276,1728360000,2447400.0,2024-10-08 04:00:00
227.7753,228.1073,223.9178,225.0018,1728446400,2410700.0,2024-10-09 04:00:00
225.2948,226.3983,223.3124,224.3182,1728532800,1793700.0,2024-10-10 04:00:00
227.4042,228.5175,223.9472,223.9472,1728619200,1428900.0,2024-10-11 04:00:00
230.8905,231.4765,227.2479,228.3222,1728878400,1770300.0,2024-10-14 04:00:00
220.578,231.2128,218.8299,230.4804,1728964800,4112200.0,2024-10-15 04:00:00
222.16,224.9433,220.6659,223.4882,1729051200,1585700.0,2024-10-16 04:00:00
222.0135,228.0878,221.8475,227.0722,1729137600,3637700.0,2024-10-17 04:00:00
222.9804,224.3964,221.6522,223.8007,1729224000,1763100.0,2024-10-18 04:00:00
220.3827,221.1053,217.1991,220.9979,1729483200,2212200.0,2024-10-21 04:00:00
219.3573,220.3241,217.492,219.1815,1729569600,1833700.0,2024-10-22 04:00:00
221.535,224.1327,218.7616,222.7362,1729656000,2492000.0,2024-10-23 04:00:00
224.2987,224.9432,222.0916,223.3807,1729742400,2376100.0,2024-10-24 04:00:00
224.7772,229.6894,224.6503,226.4081,1729828800,1733500.0,2024-10-25 04:00:00
224.7479,226.5155,223.244,223.7616,1730088000,3403700.0,2024-10-28 04:00:00
229.7187,230.3339,223.6444,224.3182,1730174400,2055900.0,2024-10-29 04:00:00
224.7284,227.5312,224.494,225.3729,1730260800,2084400.0,2024-10-30 04:00:00
217.8827,224.8065,215.6561,224.7675,1730347200,4258100.0,2024-10-31 04:00:00
220.1971,221.2909,217.7752,218.6248,1730433600,2922800.0,2024-11-01 04:00:00
218.9373,221.4667,218.2049,219.7284,1730696400,1599600.0,2024-11-04 05:00:00
212.5018,214.1717,210.2752,214.1717,1730782800,3753400.0,2024-11-05 05:00:00
220.9491,222.746,216.7401,218.4393,1730869200,3615300.0,2024-11-06 05:00:00
222.4335,224.8749,220.4315,224.2499,1730955600,2500600.0,2024-11-07 05:00:00
220.5096,222.7753,219.494,221.2518,1731042000,3426900.0,2024-11-08 05:00:00
215.3045,219.7381,213.3025,218.6053,1731301200,3271700.0,2024-11-11 05:00:00
214.4061,215.6756,210.8416,215.324,1731387600,2593900.0,2024-11-12 05:00:00
207.8533,212.5799,207.4626,211.6912,1731474000,4609800.0,2024-11-13 05:00:00
207.2673,210.0017,206.5056,208.4392,1731560400,3214100.0,2024-11-14 05:00:00
201.5153,205.4509,200.5876,203.8786,1731646800,3881000.0,2024-11-15 05:00:00
204.738,204.9724,201.2809,201.6813,1731906000,3774000.0,2024-11-18 05:00:00
205.4997,205.8806,201.9548,202.8337,1731992400,2958600.0,2024-11-19 05:00:00
206.0662,206.2127,202.3943,202.3943,1732078800,3072400.0,2024-11-20 05:00:00
208.947,209.9724,205.1286,207.3162,1732165200,2540600.0,2024-11-21 05:00:00
209.5623,209.7185,206.5837,206.5837,1732251600,2695200.0,2024-11-22 05:00:00
218.3416,219.7283,210.9392,212.6384,1732510800,7303600.0,2024-11-25 05:00:00
213.9178,228.078,210.949,226.7108,1732597200,6568700.0,2024-11-26 05:00:00
212.0818,214.2596,208.8884,214.1815,1732683600,2943400.0,2024-11-27 05:00:00
212.9412,216.5057,212.4041,214.0545,1732856400,1992600.0,2024-11-29 05:00:00
217.8924,219.5233,211.9256,213.0193,1733115600,3240200.0,2024-12-02 05:00:00
216.3494,218.0975,214.7967,216.3885,1733202000,2340500.0,2024-12-03 05:00:00
213.1853,217.9803,212.7556,217.8826,1733288400,2635200.0,2024-12-04 05:00:00
209.5232,214.2498,208.8494,212.1404,1733374800,2474800.0,2024-12-05 05:00:00
213.0877,213.4686,208.7224,209.699,1733461200,3189400.0,2024-12-06 05:00:00
214.8137,219.2367,211.0086,211.803,1733720400,2467200.0,2024-12-09 05:00:00
211.4499,215.4316,210.3613,214.8137,1733806800,2679400.0,2024-12-10 05:00:00
212.9308,214.8137,211.4009,211.8618,1733893200,3839200.0,2024-12-11 05:00:00
213.5192,214.5097,210.4986,210.9988,1733979600,2995000.0,2024-12-12 05:00:00
212.4306,213.7644,209.6258,211.2538,1734066000,3067300.0,2024-12-13 05:00:00
212.1364,213.5878,209.5375,210.7732,1734325200,3409800.0,2024-12-16 05:00:00
209.6945,213.7251,208.2626,211.7245,1734411600,3240500.0,2024-12-17 05:00:00
203.7612,214.7255,203.261,211.0086,1734498000,4077400.0,2024-12-18 05:00:00
203.771,206.5464,203.2316,205.5559,1734584400,3941900.0,2024-12-19 05:00:00
207.6938,209.2433,201.8586,202.2999,1734670800,6604100.0,2024-12-20 05:00:00
210.7438,211.4205,207.4682,207.8409,1734930000,2478500.0,2024-12-23 05:00:00
213.882,213.9997,209.5473,211.7735,1735016400,1063500.0,2024-12-24 05:00:00
213.8526,214.8432,211.2341,211.2341,1735189200,1189000.0,2024-12-26 05:00:00
212.8033,214.039,211.087,213.2348,1735275600,1926700.0,2024-12-27 05:00:00
208.4588,210.4888,206.9583,210.1162,1735534800,2578300.0,2024-12-30 05:00:00
208.3607,210.4104,206.9975,209.871,1735621200,1608800.0,2024-12-31 05:00:00
207.2721,213.0583,205.703,211.3322,1735794000,2378700.0,2025-01-02 05:00:00
211.2145,211.9403,206.3404,208.6549,1735880400,2547200.0,2025-01-03 05:00:00
213.7938,217.2557,210.6359,211.1753,1736139600,2490700.0,2025-01-06 05:00:00
211.7049,216.0298,210.1652,215.5492,1736226000,3573100.0,2025-01-07 05:00:00
216.1867,216.8928,208.5274,211.244,1736312400,3096400.0,2025-01-08 05:00:00
208.2724,215.1374,207.7036,213.3427,1736485200,4108500.0,2025-01-10 05:00:00
208.8412,209.2531,204.075,205.3009,1736744400,3960600.0,2025-01-13 05:00:00
210.5084,210.6849,207.4584,209.0472,1736830800,1634600.0,2025-01-14 05:00:00
214.0096,215.3531,211.5382,213.3034,1736917200,3302500.0,2025-01-15 05:00:00
210.8713,214.088,208.6059,214.088,1737003600,3116000.0,2025-01-16 05:00:00
214.9314,216.3829,213.6369,216.3044,1737090000,2871100.0,2025-01-17 05:00:00
217.1772,219.3348,214.9314,215.0,1737435600,4090900.0,2025-01-21 05:00:00
219.7565,221.8552,216.834,217.1772,1737522000,2883300.0,2025-01-22 05:00:00
223.9441,224.0226,217.2557,217.5989,1737608400,2608000.0,2025-01-23 05:00:00
213.1759,221.6786,212.9406,220.286,1737694800,3929200.0,2025-01-24 05:00:00
211.2636,216.5594,209.5179,213.2054,1737954000,7088000.0,2025-01-27 05:00:00
205.4774,209.7827,203.8887,208.7039,1738040400,3748600.0,2025-01-28 05:00:00
205.8599,207.7821,204.9772,205.497,1738126800,2258500.0,2025-01-29 05:00:00
208.3018,208.9589,205.0655,206.1737,1738213200,2976400.0,2025-01-30 05:00:00
207.8017,213.4211,206.6249,207.6252,1738299600,3486400.0,2025-01-31 05:00:00
201.28,205.6049,198.8576,205.2518,1738558800,4483500.0,2025-02-03 05:00:00
202.0351,204.33,200.1326,200.6523,1738645200,4651500.0,2025-02-04 05:00:00
205.752,206.4875,200.2208,201.4663,1738731600,4515700.0,2025-02-05 05:00:00
203.82,206.4483,201.7802,204.7027,1738818000,2715100.0,2025-02-06 05:00:00
201.2506,205.5068,199.8089,203.6729,1738904400,3194700.0,2025-02-07 05:00:00
200.9073,203.212,199.0538,202.5941,1739163600,2820500.0,2025-02-10 05:00:00
199.5343,202.6334,198.7301,199.0145,1739250000,2335700.0,2025-02-11 05:00:00
201.1721,201.4369,196.9256,197.1316,1739336400,2411500.0,2025-02-12 05:00:00
205.3009,205.6049,201.0348,201.0348,1739422800,3134900.0,2025-02-13 05:00:00
210.4692,210.9988,206.566,207.1642,1739509200,3938600.0,2025-02-14 05:00:00
215.971,216.2554,211.6068,213.0779,1739854800,7400200.0,2025-02-18 05:00:00
236.9973,237.8309,219.7761,225.5819,1739941200,9789600.0,2025-02-19 05:00:00
239.1156,242.3323,237.8701,238.841,1740027600,5889800.0,2025-02-20 05:00:00
234.3004,241.332,233.1725,240.2042,1740114000,6176500.0,2025-02-21 05:00:00
232.4174,235.997,231.623,235.6439,1740373200,4778300.0,2025-02-24 05:00:00
230.76,233.7315,229.8577,233.7315,1740459600,4136800.0,2025-02-25 05:00:00
229.2203,231.8192,227.357,230.505,1740546000,2908200.0,2025-02-26 05:00:00
219.5309,229.7106,219.1877,229.7106,1740632400,4480000.0,2025-02-27 05:00:00
225.6211,225.6799,218.7463,221.6296,1740718800,4631200.0,2025-02-28 05:00:00
224.1206,229.3184,221.3158,227.3668,1740978000,5000100.0,2025-03-03 05:00:00
222.781,227.962,220.5353,226.9967,1741064400,4742400.0,2025-03-04 05:00:00
226.0216,226.4057,219.3533,223.766,1741150800,3927300.0,2025-03-05 05:00:00
219.4223,225.4306,218.7131,222.2886,1741237200,4818700.0,2025-03-06 05:00:00
222.4659,223.2538,216.4378,220.23,1741323600,4062900.0,2025-03-07 05:00:00
213.0101,217.8266,209.9469,216.9106,1741579200,4946600.0,2025-03-10 04:00:00
205.938,214.1232,203.3771,214.0641,1741665600,4225500.0,2025-03-11 04:00:00
203.515,209.7893,202.53,205.938,1741752000,3917700.0,2025-03-12 04:00:00
200.7374,205.0319,199.5456,202.9043,1741838400,2625200.0,2025-03-13 04:00:00
205.613,206.6965,203.1309,204.2439,1741924800,2614100.0,2025-03-14 04:00:00
208.4989,210.1635,204.2537,204.628,1742184000,2514500.0,2025-03-17 04:00:00
206.0168,207.5829,204.5689,207.4155,1742270400,2657000.0,2025-03-18 04:00:00
206.8146,209.8286,204.9629,206.0464,1742356800,2571900.0,2025-03-19 04:00:00
202.8058,205.0417,201.7322,205.0417,1742443200,2775400.0,2025-03-20 04:00:00
201.3284,202.1853,198.2552,200.0085,1742529600,5070200.0,2025-03-21 04:00:00
209.149,210.8629,206.5881,206.8442,1742788800,3458300.0,2025-03-24 04:00:00
210.3704,211.4046,207.8095,207.8095,1742875200,2549800.0,2025-03-25 04:00:00
207.3662,211.6706,206.5389,209.9469,1742961600,2453300.0,2025-03-26 04:00:00
205.8001,207.8292,202.7861,205.544,1743048000,2884800.0,2025-03-27 04:00:00
198.531,204.9334,197.7529,204.697,1743134400,3521400.0,2025-03-28 04:00:00
198.6394,199.4766,193.8426,197.221,1743393600,3803700.0,2025-03-31 04:00:00
196.1868,197.8218,192.1878,197.2506,1743480000,3383000.0,2025-04-01 04:00:00
196.5907,199.2599,192.8182,192.8182,1743566400,2437500.0,2025-04-02 04:00:00
178.1618,190.2967,177.689,188.9374,1743652800,6970800.0,2025-04-03 04:00:00
162.1265,173.759,161.6734,171.986,1743739200,9633900.0,2025-04-04 04:00:00
168.7652,180.5553,156.2659,160.7475,1743998400,10236500.0,2025-04-07 04:00:00
163.594,176.5464,159.3981,172.7444,1744084800,7640300.0,2025-04-08 04:00:00
193.6751,195.4776,162.1068,163.5547,1744171200,10941600.0,2025-04-09 04:00:00
175.6797,186.7803,168.3613,186.7803,1744257600,8547900.0,2025-04-10 04:00:00
176.4677,178.2603,164.6874,169.5433,1744344000,6528800.0,2025-04-11 04:00:00
175.9161,182.2199,172.9414,180.506,1744603200,3912100.0,2025-04-14 04:00:00
176.8419,179.7279,175.394,175.9161,1744689600,3035900.0,2025-04-15 04:00:00
173.2862,174.6947,167.8294,171.0601,1744776000,4392800.0,2025-04-16 04:00:00
173.6211,175.66,170.9715,175.2167,1744862400,3341200.0,2025-04-17 04:00:00
172.3603,172.8331,168.4303,170.0555,1745208000,3650100.0,2025-04-21 04:00:00
175.8176,176.4972,172.577,174.1234,1745294400,3735000.0,2025-04-22 04:00:00
180.3583,185.0172,179.7378,183.195,1745380800,4323300.0,2025-04-23 04:00:00
192.2962,194.5518,188.179,189.8337,1745467200,5606700.0,2025-04-24 04:00:00
191.6658,193.419,188.8094,190.0504,1745553600,3206800.0,2025-04-25 04:00:00
190.8088,193.419,187.0955,190.4542,1745812800,3401400.0,2025-04-28 04:00:00
189.7746,191.8923,187.4993,188.6222,1745899200,3939800.0,2025-04-29 04:00:00
191.9908,192.4045,183.9239,184.7316,1745985600,4415400.0,2025-04-30 04:00:00
190.8285,194.207,190.533,193.8819,1746072000,3439500.0,2025-05-01 04:00:00
195.6057,196.7088,194.1873,194.8866,1746158400,3795900.0,2025-05-02 04:00:00
194.7487,196.7187,192.6507,193.2122,1746417600,2022700.0,2025-05-05 04:00:00
192.6606,194.4335,191.3407,191.9613,1746504000,2535500.0,2025-05-06 04:00:00
196.8566,197.7036,192.7492,193.6751,1746590400,2965700.0,2025-05-07 04:00:00
199.7327,202.9437,197.94,199.2205,1746676800,3422400.0,2025-05-08 04:00:00
204.3916,206.9821,203.1899,204.1257,1746763200,3537500.0,2025-05-09 04:00:00
219.7966,222.1014,215.8074,219.5208,1747022400,6358100.0,2025-05-12 04:00:00
223.2735,223.6577,216.9402,218.6343,1747108800,4373500.0,2025-05-13 04:00:00
223.4114,224.9086,220.6437,224.2191,1747195200,4648400.0,2025-05-14 04:00:00
223.7069,225.3617,220.6437,221.0573,1747281600,3044800.0,2025-05-15 04:00:00
223.6971,224.3767,222.1408,223.7463,1747368000,3617900.0,2025-05-16 04:00:00
221.1657,223.4016,219.7178,220.2792,1747627200,3974200.0,2025-05-19 04:00:00
221.1165,221.2248,218.5949,218.9791,1747713600,2619200.0,2025-05-20 04:00:00
218.8806,223.9729,218.0039,219.2548,1747800000,5091100.0,2025-05-21 04:00:00
208.7452,221.0278,208.1936,218.132,1747886400,8968300.0,2025-05-22 04:00:00
207.3071,207.8686,202.9043,205.8395,1747972800,4848100.0,2025-05-23 04:00:00
213.6307,214.5959,209.5332,211.9168,1748318400,5542200.0,2025-05-27 04:00:00
212.3797,214.9111,212.2221,214.3398,1748404800,3853900.0,2025-05-28 04:00:00
212.5078,215.2165,210.7841,214.7831,1748491200,3800200.0,2025-05-29 04:00:00
210.7644,212.5964,207.6322,212.0449,1748577600,10923400.0,2025-05-30 04:00:00
212.2123,212.951,209.0309,209.2081,1748836800,2233700.0,2025-06-02 04:00:00
215.1475,215.6006,209.8484,210.8136,1748923200,3515800.0,2025-06-03 04:00:00
216.1963,218.858,215.0387,217.5123,1749009600,4199200.0,2025-06-04 04:00:00
215.7412,220.2432,214.7319,217.4826,1749096000,3496200.0,2025-06-05 04:00:00
219.9167,222.9741,218.3039,218.3534,1749182400,3246000.0,2025-06-06 04:00:00
225.2598,226.7637,221.0546,221.4603,1749441600,4110600.0,2025-06-09 04:00:00
230.8799,232.2849,225.6061,225.8633,1749528000,4164800.0,2025-06-10 04:00:00
230.0883,233.6306,227.8422,231.622,1749614400,3311800.0,2025-06-11 04:00:00
229.6727,231.2757,228.4161,229.089,1749700800,2144000.0,2025-06-12 04:00:00
222.6575,226.5263,222.0143,225.1608,1749787200,3349600.0,2025-06-13 04:00:00
229.3561,229.4749,225.1015,225.7248,1750046400,3344900.0,2025-06-16 04:00:00
225.0421,229.2473,224.9134,226.7835,1750132800,2726500.0,2025-06-17 04:00:00
227.2288,230.6226,226.4273,227.9907,1750219200,2551500.0,2025-06-18 04:00:00
225.9425,229.5738,223.1918,229.3066,1750392000,5316100.0,2025-06-20 04:00:00
228.5447,228.8713,224.3099,225.7842,1750651200,3573500.0,2025-06-23 04:00:00
232.5026,233.1259,230.7513,231.4439,1750737600,3636100.0,2025-06-24 04:00:00
232.2057,233.9571,229.178,233.116,1750824000,3548600.0,2025-06-25 04:00:00
234.7981,235.7084,232.6213,233.5415,1750910400,3057800.0,2025-06-26 04:00:00
234.4617,236.5495,232.463,234.5013,1750996800,3617800.0,2025-06-27 04:00:00
235.5105,236.1537,233.1754,235.0356,1751256000,3258700.0,2025-06-30 04:00:00
238.1029,239.2606,233.3337,234.0461,1751342400,3500600.0,2025-07-01 04:00:00
242.5654,242.8523,237.4993,237.9347,1751428800,3538300.0,2025-07-02 04:00:00
243.0898,243.9506,241.6056,243.2481,1751515200,1837400.0,2025-07-03 04:00:00
239.2606,242.7237,237.8259,242.2289,1751860800,2783400.0,2025-07-07 04:00:00
242.5654,245.1182,240.1016,241.0317,1751947200,3964200.0,2025-07-08 04:00:00
240.161,244.3167,238.4591,243.0007,1752033600,3339000.0,2025-07-09 04:00:00
242.5456,243.1491,239.6663,242.1993,1752120000,2428200.0,2025-07-10 04:00:00
242.1003,243.1887,239.4585,240.7942,1752206400,2037700.0,2025-07-11 04:00:00
240.8932,241.5561,238.8846,240.5667,1752465600,2045400.0,2025-07-14 04:00:00
237.8852,243.1689,237.7368,242.407,1752552000,3001700.0,2025-07-15 04:00:00
238.0732,238.469,233.7889,237.2223,1752638400,2842100.0,2025-07-16 04:00:00
238.4294,239.3397,236.5594,237.4103,1752724800,2830800.0,2025-07-17 04:00:00
239.3002,241.0317,238.2909,240.4776,1752811200,2761600.0,2025-07-18 04:00:00
237.9446,243.1294,237.816,240.7646,1753070400,2997800.0,2025-07-21 04:00:00
233.0171,238.8549,231.5329,236.2724,1753156800,6027500.0,2025-07-22 04:00:00
225.6753,230.0487,219.6594,228.337,1753243200,7845200.0,2025-07-23 04:00:00
223.9834,226.0612,221.4009,226.0612,1753329600,4771000.0,2025-07-24 04:00:00
225.4181,226.2393,222.8059,224.2505,1753416000,2695600.0,2025-07-25 04:00:00
228.337,228.6041,226.4471,226.4966,1753675200,3136200.0,2025-07-28 04:00:00
228.3172,230.1873,226.7242,229.5342,1753761600,2174200.0,2025-07-29 04:00:00
228.6734,229.7519,226.6846,229.3858,1753848000,2324100.0,2025-07-30 04:00:00
222.2617,227.3574,220.0255,225.8732,1753934400,5339800.0,2025-07-31 04:00:00
219.3725,220.8072,216.5427,220.0157,1754020800,3740500.0,2025-08-01 04:00:00
220.0552,221.1733,218.2742,219.0855,1754280000,2848100.0,2025-08-04 04:00:00
218.3533,222.707,217.0769,220.6291,1754366400,3099000.0,2025-08-05 04:00:00
218.3633,218.8382,216.0677,218.3533,1754452800,2547300.0,2025-08-06 04:00:00
220.7676,223.2611,219.8475,220.7479,1754539200,2522000.0,2025-08-07 04:00:00
221.5889,222.5684,218.8184,220.7083,1754625600,3078200.0,2025-08-08 04:00:00
221.7076,225.9128,221.0842,222.6278,1754884800,3479200.0,2025-08-11 04:00:00
229.5936,231.8199,223.0533,224.0922,1754971200,4979300.0,2025-08-12 04:00:00
235.1246,235.7579,229.6727,230.5138,1755057600,3804700.0,2025-08-13 04:00:00
233.7196,234.3727,230.5138,232.3839,1755144000,2182100.0,2025-08-14 04:00:00
229.1879,234.7091,228.6041,234.7091,1755230400,3826400.0,2025-08-15 04:00:00
229.1087,231.5725,228.0698,228.0698,1755489600,2260100.0,2025-08-18 04:00:00
228.0105,231.7506,227.3871,229.1978,1755576000,4569000.0,2025-08-19 04:00:00
242.2883,242.8127,225.705,237.1629,1755662400,8529000.0,2025-08-20 04:00:00
244.3464,247.5423,240.9229,241.4275,1755748800,5991800.0,2025-08-21 04:00:00
249.541,254.4982,245.603,246.5529,1755835200,4990800.0,2025-08-22 04:00:00
251.8069,252.5787,248.6109,249.9764,1756094400,3419100.0,2025-08-25 04:00:00
252.9349,255.0029,251.0153,251.3221,1756180800,5735100.0,2025-08-26 04:00:00
252.8062,253.5483,250.204,251.9058,1756267200,3347400.0,2025-08-27 04:00:00
251.5694,255.4085,251.4903,254.1717,1756353600,4038100.0,2025-08-28 04:00:00
248.6604,251.5694,247.8788,250.392,1756440000,3599000.0,2025-08-29 04:00:00
246.6737,246.8723,242.2134,244.8657,1756785600,3115700.0,2025-09-02 04:00:00
242.9287,247.22,240.326,246.6737,1756872000,3024500.0,2025-09-03 04:00:00
244.4783,244.6869,237.9916,241.3989,1756958400,3574700.0,2025-09-04 04:00:00
245.432,248.0743,243.7532,244.5876,1757044800,2166100.0,2025-09-05 04:00:00
247.3293,247.7763,245.0048,246.4055,1757304000,2417900.0,2025-09-08 04:00:00
246.5346,247.667,244.8856,246.4651,1757390400,2154600.0,2025-09-09 04:00:00
245.571,247.3988,244.2399,246.6538,1757476800,2474500.0,2025-09-10 04:00:00
246.5942,248.3425,244.8558,246.1174,1757563200,2244700.0,2025-09-11 04:00:00
243.5843,246.5843,243.3558,245.9783,1757649600,2110000.0,2025-09-12 04:00:00
243.2863,245.3326,237.1969,237.8327,1757908800,2333100.0,2025-09-15 04:00:00
242.4817,245.6803,240.6141,241.3393,1757995200,2913800.0,2025-09-16 04:00:00
244.6869,248.5412,242.4916,242.4916,1758081600,2617600.0,2025-09-17 04:00:00
247.3988,250.3293,246.6339,249.4253,1758168000,3129900.0,2025-09-18 04:00:00
243.7035,248.2929,241.9651,248.2929,1758254400,5182600.0,2025-09-19 04:00:00
245.7002,247.3889,243.9519,243.9817,1758513600,2167300.0,2025-09-22 04:00:00
245.1439,248.7001,244.6969,246.7233,1758600000,2085700.0,2025-09-23 04:00:00
246.9618,248.1637,245.0644,245.4121,1758686400,2479000.0,2025-09-24 04:00:00
245.8889,246.6836,241.9055,245.9287,1758772800,2410900.0,2025-09-25 04:00:00
245.9187,247.7565,244.1306,247.0611,1758859200,2648500.0,2025-09-26 04:00:00
243.1671,247.8458,242.2333,247.677,1759118400,3296300.0,2025-09-29 04:00:00
244.071,245.5611,241.4585,244.1803,1759204800,2507800.0,2025-09-30 04:00:00
237.6936,243.9618,234.6539,242.0942,1759291200,4916300.0,2025-10-01 04:00:00
240.0677,242.3525,238.8459,240.5247,1759377600,2774100.0,2025-10-02 04:00:00
240.3857,244.5677,239.9883,240.4453,1759464000,2118500.0,2025-10-03 04:00:00
240.8923,243.3856,237.336,243.3856,1759723200,4021200.0,2025-10-06 04:00:00
232.2003,241.7764,231.485,241.7764,1759809600,3397800.0,2025-10-07 04:00:00
236.3525,237.7731,232.2499,232.2499,1759896000,4017900.0,2025-10-08 04:00:00
236.3029,236.8095,233.5413,235.2698,1759982400,3069200.0,2025-10-09 04:00:00
223.8262,237.4552,223.2202,236.1638,1760068800,4425100.0,2025-10-10 04:00:00
233.1142,234.2566,225.4553,226.8063,1760328000,4609900.0,2025-10-13 04:00:00
233.8393,237.1969,227.6109,229.6175,1760414400,3431200.0,2025-10-14 04:00:00
236.5711,237.2168,233.4023,236.6108,1760500800,2773700.0,2025-10-15 04:00:00
240.0082,242.6108,236.9387,238.7367,1760587200,2898700.0,2025-10-16 04:00:00
241.2598,241.9254,237.0082,240.1671,1760673600,2401200.0,2025-10-17 04:00:00
244.5876,245.2035,241.2598,241.2598,1760932800,2759700.0,2025-10-20 04:00:00
244.7366,247.1803,243.9816,246.1969,1761019200,2361300.0,2025-10-21 04:00:00
238.7664,240.0379,235.3393,238.9452,1761105600,5270800.0,2025-10-22 04:00:00
241.677,243.326,235.687,235.7267,1761192000,2774900.0,2025-10-23 04:00:00
236.432,243.8823,235.0612,243.8227,1761278400,3489000.0,2025-10-24 04:00:00
241.3989,242.4916,236.7698,238.1108,1761537600,3506200.0,2025-10-27 04:00:00
237.7632,242.0644,237.2565,239.9088,1761624000,2421000.0,2025-10-28 04:00:00
233.4817,240.3062,232.9652,238.1704,1761710400,3438500.0,2025-10-29 04:00:00
231.3559,235.0612,231.2764,233.4817,1761796800,2940400.0,2025-10-30 04:00:00
232.5778,234.0678,230.0049,231.3559,1761883200,2698100.0,2025-10-31 04:00:00
232.0612,235.4287,231.0678,233.3923,1762146000,2266900.0,2025-11-03 05:00:00
227.8592,232.2301,227.2433,231.4652,1762232400,3956600.0,2025-11-04 05:00:00
234.4353,236.8989,228.5645,228.5645,1762318800,2971900.0,2025-11-05 05:00:00
231.336,235.4684,229.6672,233.6307,1762405200,3126800.0,2025-11-06 05:00:00
226.9652,229.2798,221.9884,227.8791,1762491600,4583600.0,2025-11-07 05:00:00
230.4619,231.6837,226.8162,230.3228,1762750800,3264100.0,2025-11-10 05:00:00
231.8625,233.442,229.9056,229.9751,1762837200,3159900.0,2025-11-11 05:00:00
239.8393,240.3956,234.2764,235.3492,1762923600,4677300.0,2025-11-12 05:00:00
235.9552,239.7201,233.8791,238.0512,1763010000,4897200.0,2025-11-13 05:00:00
233.3327,235.4784,228.9023,232.6373,1763096400,3319600.0,2025-11-14 05:00:00
228.4155,232.6672,226.2698,231.485,1763355600,3885000.0,2025-11-17 05:00:00
228.6043,230.8096,226.2103,228.3261,1763442000,3953400.0,2025-11-18 05:00:00
230.6606,232.846,227.8096,228.0182,1763528400,2790300.0,2025-11-19 05:00:00
223.707,233.7201,222.7633,232.7367,1763614800,4316600.0,2025-11-20 05:00:00
230.7798,232.9751,223.5083,224.1341,1763701200,4467200.0,2025-11-21 05:00:00
237.8128,239.1638,231.7036,232.1009,1763960400,8219900.0,2025-11-24 05:00:00
250.3491,250.8061,227.7698,229.0712,1764046800,7515100.0,2025-11-25 05:00:00
256.2101,259.0113,251.2432,253.5279,1764133200,5253100.0,2025-11-26 05:00:00
263.5808,263.9881,256.3293,257.6405,1764306000,2589700.0,2025-11-28 05:00:00
264.7431,266.6901,260.263,261.2067,1764565200,7333500.0,2025-12-01 05:00:00
271.1602,272.3126,264.2762,266.4119,1764651600,5266400.0,2025-12-02 05:00:00
276.3953,276.9317,269.7794,272.6702,1764738000,4203100.0,2025-12-03 05:00:00
275.4218,277.6966,273.7132,275.5211,1764824400,3253800.0,2025-12-04 05:00:00
279.4251,281.3621,277.2893,278.2628,1764910800,3834100.0,2025-12-05 05:00:00
278.2587,281.6581,276.1055,280.9005,1765170000,3190800.0,2025-12-08 05:00:00
275.3777,278.9167,274.3908,276.7136,1765256400,2584600.0,2025-12-09 05:00:00
280.6911,281.5185,273.404,274.7896,1765342800,5176700.0,2025-12-10 05:00:00
282.5055,282.9241,277.6207,280.6911,1765429200,2840000.0,2025-12-11 05:00:00
278.4482,283.3428,277.2021,281.5385,1765515600,4182300.0,2025-12-12 05:00:00
279.5646,281.8375,278.0294,280.7509,1765774800,3594500.0,2025-12-15 05:00:00
277.531,281.1198,276.8531,280.083,1765861200,3625300.0,2025-12-16 05:00:00
270.194,279.5547,269.2968,278.508,1765947600,4006000.0,2025-12-17 05:00:00
274.0619,276.2351,271.9485,274.8295,1766034000,4104700.0,2025-12-18 05:00:00
273.5834,277.541,273.1447,274.2313,1766120400,9419900.0,2025-12-19 05:00:00
274.9591,277.541,274.5404,276.574,1766379600,3369600.0,2025-12-22 05:00:00
275.8662,276.6039,273.7229,274.7697,1766466000,1763400.0,2025-12-23 05:00:00
276.6936,278.2986,275.9958,276.2949,1766552400,887700.0,2025-12-24 05:00:00
275.9759,277.1322,275.0787,276.8631,1766725200,1746400.0,2025-12-26 05:00:00
274.7697,277.0027,273.2943,274.7796,1766984400,1747900.0,2025-12-29 05:00:00
273.9622,276.2351,273.7329,275.8363,1767070800,1287400.0,2025-12-30 05:00:00
270.3535,274.9391,270.2538,273.9622,1767157200,1790900.0,2025-12-31 05:00:00
272.8856,275.1385,269.6158,274.2114,1767330000,3608900.0,2026-01-02 05:00:00
276.4245,280.9503,272.9154,274.3609,1767589200,3006700.0,2026-01-05 05:00:00
292.0256,293.2318,278.7173,278.8668,1767675600,6428000.0,2026-01-06 05:00:00
291.9758,292.1652,285.855,287.9883,1767762000,3570200.0,2026-01-07 05:00:00
298.2262,298.5951,288.6064,289.4736,1767848400,3775500.0,2026-01-08 05:00:00
299.9907,302.2536,296.1926,298.8343,1767934800,3088100.0,2026-01-09 05:00:00
292.9427,297.4188,291.5372,296.5714,1768194000,3308200.0,2026-01-12 05:00:00
295.2854,301.5358,293.7403,294.2586,1768280400,2759600.0,2026-01-13 05:00:00
297.0598,297.9271,292.3646,293.6705,1768366800,3597400.0,2026-01-14 05:00:00
301.157,304.6561,297.7079,300.8679,1768453200,4087000.0,2026-01-15 05:00:00
299.3128,308.2149,298.7546,306.5701,1768539600,4261100.0,2026-01-16 05:00:00
294.7471,301.0873,292.9029,296.063,1768885200,4321000.0,2026-01-20 05:00:00
304.0181,307.1881,297.4686,298.0268,1768971600,3753900.0,2026-01-21 05:00:00
307.557,312.2124,305.9121,308.504,1769058000,2793700.0,2026-01-22 05:00:00
304.6461,312.5613,302.2137,309.5208,1769144400,2907000.0,2026-01-23 05:00:00
303.0611,305.7327,302.8118,304.1975,1769403600,2757700.0,2026-01-26 05:00:00
302.8816,306.0318,299.8212,304.2872,1769490000,3552700.0,2026-01-27 05:00:00
316.6385,317.1769,307.537,312.023,1769576400,3888300.0,2026-01-28 05:00:00
317.7052,318.2635,307.9657,315.0834,1769662800,3131800.0,2026-01-29 05:00:00
309.9096,316.3295,308.3046,313.9769,1769749200,4405600.0,2026-01-30 05:00:00
315.8709,317.3264,305.962,305.962,1770008400,3773000.0,2026-02-02 05:00:00
310.3184,320.2273,307.9956,315.871,1770094800,5546000.0,2026-02-03 05:00:00
319.4398,322.0815,310.757,314.7644,1770181200,6275300.0,2026-02-04 05:00:00
321.1145,326.2883,312.4217,315.3526,1770267600,5935700.0,2026-02-05 05:00:00
319.4498,326.727,315.0136,321.9519,1770354000,6775000.0,2026-02-06 05:00:00
321.9619,322.879,316.8978,318.3332,1770613200,3163100.0,2026-02-09 05:00:00
324.1451,325.3612,318.7519,319.7388,1770699600,2642000.0,2026-02-10 05:00:00
335.9481,336.7855,326.398,328.8503,1770786000,3908900.0,2026-02-11 05:00:00
330.3257,342.8864,329.7973,338.3107,1770872400,4483000.0,2026-02-12 05:00:00
336.0478,336.9051,327.4248,328.7008,1770958800,3443200.0,2026-02-13 05:00:00
336.4565,339.3973,329.2989,334.5525,1771304400,4547600.0,2026-02-17 05:00:00
345.2888,354.2508,338.9387,351.1106,1771390800,8474700.0,2026-02-18 05:00:00
344.2222,352.1773,338.5998,343.8932,1771477200,5101200.0,2026-02-19 05:00:00
353.9218,354.3405,343.9331,344.2222,1771563600,5341300.0,2026-02-20 05:00:00
354.0414,356.8826,348.4888,351.4296,1771822800,4132900.0,2026-02-23 05:00:00
354.9785,361.3585,354.5299,357.8794,1771909200,4541300.0,2026-02-24 05:00:00
359.6738,362.0663,357.4807,359.8931,1771995600,3425000.0,2026-02-25 05:00:00
353.244,360.5511,349.9044,359.6539,1772082000,4662700.0,2026-02-26 05:00:00
354.6794,354.9187,345.4882,350.1935,1772168400,6109500.0,2026-02-27 05:00:00
351.31,354.9386,346.9138,347.6913,1772427600,3326000.0,2026-03-02 05:00:00
338.99,342.59,335.08,339.15,1772514000,5312400.0,2026-03-03 05:00:00
341.51,346.39,339.29,344.04,1772600400,3202500.0,2026-03-04 05:00:00
329.72,339.95,325.33,336.75,1772686800,5368400.0,2026-03-05 05:00:00
315.81,323.33,314.31,319.48,1772773200,4536700.0,2026-03-06 05:00:00
319.71,319.9,307.22,310.24,1773028800,5945400.0,2026-03-09 04:00:00
318.81,323.94,317.08,318.72,1773115200,4351500.0,2026-03-10 04:00:00
319.22,321.53,316.35,319.29,1773201600,2575600.0,2026-03-11 04:00:00
307.27,314.37,304.26,313.9,1773288000,4826800.0,2026-03-12 04:00:00
306.07,311.25,303.51,309.88,1773374400,2792700.0,2026-03-13 04:00:00
310.92,313.86,309.11,311.67,1773633600,3254900.0,2026-03-16 04:00:00
313.66,315.29,310.72,312.2,1773720000,2699700.0,2026-03-17 04:00:00
308.59,316.91,307.88,313.33,1773806400,3555200.0,2026-03-18 04:00:00
310.44,313.59,300.91,303.37,1773892800,3289100.0,2026-03-19 04:00:00
309.43,312.25,305.95,311.15,1773979200,7029300.0,2026-03-20 04:00:00
312.19,317.53,311.71,315.48,1774238400,3495300.0,2026-03-23 04:00:00
321.83,324.79,311.1,311.25,1774324800,3404200.0,2026-03-24 04:00:00
322.03,328.18,320.62,325.0,1774411200,2460900.0,2026-03-25 04:00:00
313.42,321.12,312.39,319.1,1774497600,3923800.0,2026-03-26 04:00:00
307.44,313.19,306.18,310.87,1774584000,3282100.0,2026-03-27 04:00:00
303.1,314.03,300.56,314.03,1774843200,3914600.0,2026-03-30 04:00:00
318.14,319.32,306.5,309.37,1774929600,4285900.0,2026-03-31 04:00:00
320.58,325.75,317.21,318.2,1775016000,3145000.0,2026-04-01 04:00:00
318.34,321.71,309.79,310.27,1775102400,2386700.0,2026-04-02 04:00:00
327.36,327.46,318.75,320.0,1775448000,2353700.0,2026-04-06 04:00:00
327.41,327.51,321.0,323.79,1775534400,2344400.0,2026-04-07 04:00:00
346.21,349.0,341.98,345.81,1775620800,4522200.0,2026-04-08 04:00:00
351.36,352.78,345.49,346.0,1775707200,2927400.0,2026-04-09 04:00:00
350.14,354.29,349.01,353.0,1775793600,2504200.0,2026-04-10 04:00:00
