close,high,low,open,time,volume,date
59.3726,60.0878,59.1437,59.7636,1603166400,4479700.0,2020-10-20 04:00:00
59.2295,59.9447,59.0388,59.5061,1603252800,6188900.0,2020-10-21 04:00:00
58.8385,59.2677,58.0375,58.8671,1603339200,6013400.0,2020-10-22 04:00:00
58.1233,59.2867,57.8468,58.8385,1603425600,6519800.0,2020-10-23 04:00:00
56.7501,57.6942,55.93,57.5321,1603684800,6715400.0,2020-10-26 04:00:00
56.1016,57.2078,56.0444,57.0076,1603771200,4626200.0,2020-10-27 04:00:00
54.6617,55.5199,54.2325,55.1003,1603857600,8976600.0,2020-10-28 04:00:00
56.7406,57.4367,54.3088,54.5758,1603944000,6314400.0,2020-10-29 04:00:00
56.4831,56.5308,55.5581,56.0158,1604030400,7336200.0,2020-10-30 04:00:00
57.5321,57.6751,56.7692,57.1697,1604293200,7475100.0,2020-11-02 05:00:00
58.9625,59.5442,58.1615,58.1615,1604379600,9967600.0,2020-11-03 05:00:00
61.852,62.1667,59.2486,60.4978,1604466000,9808300.0,2020-11-04 05:00:00
66.7059,66.8108,62.8533,62.9391,1604552400,13118100.0,2020-11-05 05:00:00
67.259,67.5737,65.1801,65.7046,1604638800,8639700.0,2020-11-06 05:00:00
67.9933,72.4086,67.9552,69.8052,1604898000,10154600.0,2020-11-09 05:00:00
66.1719,68.1745,65.8953,67.6595,1604984400,8206100.0,2020-11-10 05:00:00
67.8598,68.3747,66.6392,66.9443,1605070800,8071900.0,2020-11-11 05:00:00
66.5629,67.8502,66.21,67.5737,1605157200,8542700.0,2020-11-12 05:00:00
69.4333,70.5109,68.1936,68.9183,1605243600,10179400.0,2020-11-13 05:00:00
71.0259,71.0735,69.214,69.5859,1605502800,8104400.0,2020-11-16 05:00:00
70.921,71.1117,69.6717,70.3392,1605589200,5460100.0,2020-11-17 05:00:00
72.413,73.3312,71.3418,71.4374,1605675600,10667700.0,2020-11-18 05:00:00
73.8859,74.1346,71.2652,71.9826,1605762000,8990100.0,2020-11-19 05:00:00
73.379,75.1484,73.3407,73.8381,1605848400,7609100.0,2020-11-20 05:00:00
76.9944,77.0709,73.6182,73.6182,1606107600,8809800.0,2020-11-23 05:00:00
79.3377,79.5194,76.344,77.4726,1606194000,9542000.0,2020-11-24 05:00:00
77.6065,79.4047,77.5396,79.2899,1606280400,5518500.0,2020-11-25 05:00:00
79.0604,79.8925,78.123,78.2474,1606453200,3098200.0,2020-11-27 05:00:00
78.8882,78.9934,77.1953,78.4291,1606712400,7543100.0,2020-11-30 05:00:00
80.6003,80.935,79.2708,79.4334,1606798800,7041400.0,2020-12-01 05:00:00
81.5758,81.8627,79.969,80.0455,1606885200,5272800.0,2020-12-02 05:00:00
82.3505,83.24,81.9584,82.0062,1606971600,4825000.0,2020-12-03 05:00:00
84.9712,85.0477,82.8766,83.1348,1607058000,6876900.0,2020-12-04 05:00:00
85.2581,85.5642,83.9956,85.3825,1607317200,5524100.0,2020-12-07 05:00:00
85.8416,86.3294,85.1625,85.3442,1607403600,4703000.0,2020-12-08 05:00:00
83.9956,86.1763,83.3835,85.6694,1607490000,7017800.0,2020-12-09 05:00:00
84.0626,84.7512,82.6949,83.2113,1607576400,5731200.0,2020-12-10 05:00:00
84.4547,84.7321,82.8192,83.2592,1607662800,5776400.0,2020-12-11 05:00:00
84.646,86.578,84.4739,84.646,1607922000,6425500.0,2020-12-14 05:00:00
84.6173,86.6641,84.12,85.9851,1608008400,6179500.0,2020-12-15 05:00:00
84.6938,85.3634,83.4887,84.4643,1608094800,5808100.0,2020-12-16 05:00:00
83.6895,85.3538,83.3357,85.2486,1608181200,5559400.0,2020-12-17 05:00:00
82.341,84.3113,81.6236,83.8426,1608267600,14603100.0,2020-12-18 05:00:00
82.647,82.7618,80.1507,80.715,1608526800,5226600.0,2020-12-21 05:00:00
81.9106,82.8383,81.8149,82.781,1608613200,3901200.0,2020-12-22 05:00:00
80.3707,82.7331,80.3037,82.5418,1608699600,4585900.0,2020-12-23 05:00:00
81.6141,81.6715,80.5333,81.0498,1608786000,1409200.0,2020-12-24 05:00:00
81.1741,82.9627,80.8776,82.6088,1609131600,3018300.0,2020-12-28 05:00:00
80.6003,81.4132,79.8925,81.3176,1609218000,4518000.0,2020-12-29 05:00:00
83.1922,83.7565,81.4515,81.6619,1609304400,6294300.0,2020-12-30 05:00:00
82.5418,83.2687,81.461,83.2018,1609390800,5715900.0,2020-12-31 05:00:00
83.087,85.4112,82.3984,83.4409,1609736400,8449900.0,2021-01-04 05:00:00
85.6981,85.7173,82.6375,82.6375,1609822800,6987200.0,2021-01-05 05:00:00
86.8746,87.898,84.4356,84.4452,1609909200,9818000.0,2021-01-06 05:00:00
90.4421,90.9203,87.984,88.1179,1609995600,8784100.0,2021-01-07 05:00:00
91.3986,93.541,90.7482,92.0968,1610082000,9059700.0,2021-01-08 05:00:00
93.6941,94.0193,90.0787,90.4995,1610341200,8357500.0,2021-01-11 05:00:00
95.6548,96.4774,93.9236,94.2392,1610427600,7186100.0,2021-01-12 05:00:00
93.7802,96.1139,93.6941,96.1139,1610514000,5310000.0,2021-01-13 05:00:00
101.1927,101.9578,98.2276,98.352,1610600400,11663000.0,2021-01-14 05:00:00
98.6485,100.8292,96.7451,100.5805,1610686800,8981200.0,2021-01-15 05:00:00
104.4637,104.808,99.844,100.5231,1611032400,9362200.0,2021-01-19 05:00:00
103.1438,106.0514,100.5805,105.3149,1611118800,9926000.0,2021-01-20 05:00:00
103.2681,104.5211,101.6422,104.3585,1611205200,7271400.0,2021-01-21 05:00:00
101.6996,104.9706,101.6231,103.3447,1611291600,6207600.0,2021-01-22 05:00:00
103.4116,105.3054,102.3404,102.8282,1611550800,8437500.0,2021-01-25 05:00:00
100.9344,104.1577,100.6857,104.1098,1611637200,6029800.0,2021-01-26 05:00:00
94.2871,99.5284,93.8088,97.6538,1611723600,9782700.0,2021-01-27 05:00:00
96.7452,98.8494,95.6165,96.7834,1611810000,7433000.0,2021-01-28 05:00:00
92.4698,96.0852,91.8864,95.8652,1611896400,7943400.0,2021-01-29 05:00:00
96.8025,97.7016,93.4263,94.9279,1612155600,9083600.0,2021-02-01 05:00:00
99.0789,99.4136,97.3381,98.505,1612242000,5108600.0,2021-02-02 05:00:00
95.5209,99.8632,95.4731,99.7771,1612328400,5399200.0,2021-02-03 05:00:00
98.7441,99.2128,95.8461,95.8461,1612414800,6356300.0,2021-02-04 05:00:00
96.3243,100.6188,96.3052,100.2936,1612501200,6349300.0,2021-02-05 05:00:00
101.5657,101.6231,97.3286,97.4147,1612760400,6621400.0,2021-02-08 05:00:00
100.7909,102.6847,100.2171,101.5848,1612846800,5769200.0,2021-02-09 05:00:00
101.2692,103.4881,100.4562,102.283,1612933200,5001700.0,2021-02-10 05:00:00
108.0791,109.3225,102.6178,102.7517,1613019600,12147100.0,2021-02-11 05:00:00
111.618,112.6892,106.8262,108.0791,1613106000,8157500.0,2021-02-12 05:00:00
113.1962,115.8551,112.5649,113.3492,1613451600,9260100.0,2021-02-16 05:00:00
110.6711,111.9623,107.2087,111.3884,1613538000,7225200.0,2021-02-17 05:00:00
108.4904,110.5946,107.5435,109.0356,1613624400,8239600.0,2021-02-18 05:00:00
114.2578,119.0783,113.7222,116.3142,1613710800,21054100.0,2021-02-19 05:00:00
110.212,114.6499,109.6286,112.8327,1613970000,7850600.0,2021-02-22 05:00:00
111.0824,112.6701,105.8697,107.9452,1614056400,9387900.0,2021-02-23 05:00:00
117.6848,117.8861,109.645,110.2487,1614142800,10098100.0,2021-02-24 05:00:00
109.1754,116.1612,108.8592,116.1133,1614229200,11352800.0,2021-02-25 05:00:00
113.2576,115.2317,108.7059,111.6669,1614315600,11626500.0,2021-02-26 05:00:00
117.1482,117.3686,114.4746,116.1229,1614574800,7003000.0,2021-03-01 05:00:00
112.5964,116.8224,112.3473,116.7553,1614661200,6505000.0,2021-03-02 05:00:00
110.6224,114.8484,110.2966,113.3439,1614747600,7257100.0,2021-03-03 05:00:00
103.7229,111.6286,102.6592,110.5266,1614834000,12433400.0,2021-03-04 05:00:00
108.7155,109.5683,101.241,106.9331,1614920400,9962700.0,2021-03-05 05:00:00
101.2697,109.3575,101.0972,108.0926,1615179600,12091500.0,2021-03-08 05:00:00
109.4533,110.1529,104.8441,105.6586,1615266000,12040800.0,2021-03-09 05:00:00
107.9776,111.6382,107.8818,110.9674,1615352400,8820300.0,2021-03-10 05:00:00
112.2994,112.9318,110.8141,112.3665,1615438800,7715500.0,2021-03-11 05:00:00
109.5204,111.5903,108.6005,109.7696,1615525200,7426000.0,2021-03-12 05:00:00
110.0858,110.6128,108.3801,109.8462,1615780800,7061200.0,2021-03-15 04:00:00
113.5547,116.2091,112.0406,112.1461,1615867200,10383000.0,2021-03-16 04:00:00
114.8963,116.0845,110.1049,111.3411,1615953600,8342600.0,2021-03-17 04:00:00
109.5108,113.823,109.3479,112.9414,1616040000,9040500.0,2021-03-18 04:00:00
110.0666,112.1748,107.4601,109.7312,1616126400,13044700.0,2021-03-19 04:00:00
114.3501,116.4103,112.0885,112.6923,1616385600,11318700.0,2021-03-22 04:00:00
111.5232,115.1838,110.7374,114.8963,1616472000,8263800.0,2021-03-23 04:00:00
116.0462,120.55,115.3946,117.5315,1616558400,20252500.0,2021-03-24 04:00:00
114.7238,115.4521,111.3698,113.8038,1616644800,10381600.0,2021-03-25 04:00:00
123.2715,123.5973,114.1967,114.6759,1616731200,14037000.0,2021-03-26 04:00:00
120.4638,122.4953,118.3173,121.7383,1616990400,10539600.0,2021-03-29 04:00:00
121.47,122.5624,118.691,119.678,1617076800,7970900.0,2021-03-30 04:00:00
128.0245,129.8452,123.6165,124.546,1617163200,18589500.0,2021-03-31 04:00:00
135.614,136.419,131.4743,132.3751,1617249600,15929200.0,2021-04-01 04:00:00
137.0802,139.9071,135.8249,139.4279,1617595200,14377400.0,2021-04-05 04:00:00
133.7167,139.2363,131.2347,137.8756,1617681600,18004800.0,2021-04-06 04:00:00
133.3334,135.9495,131.1102,134.3971,1617768000,13702700.0,2021-04-07 04:00:00
133.5345,135.7673,132.4421,134.742,1617854400,10238000.0,2021-04-08 04:00:00
133.1129,134.3299,131.7522,132.5476,1617940800,9637200.0,2021-04-09 04:00:00
129.3661,132.9405,128.8966,132.0684,1618200000,11147500.0,2021-04-12 04:00:00
129.4619,131.2731,127.6412,130.9281,1618286400,8034300.0,2021-04-13 04:00:00
128.542,131.4168,127.6796,129.0499,1618372800,8134200.0,2021-04-14 04:00:00
128.8007,130.4585,127.3058,130.3243,1618459200,8269400.0,2021-04-15 04:00:00
128.1492,129.117,127.4592,127.9288,1618545600,7686300.0,2021-04-16 04:00:00
125.4276,129.6344,123.329,127.8233,1618804800,12826400.0,2021-04-19 04:00:00
123.2236,126.1751,122.9553,123.9807,1618891200,7583300.0,2021-04-20 04:00:00
129.414,129.5194,123.6165,124.7089,1618977600,12108800.0,2021-04-21 04:00:00
126.2518,130.0753,125.006,129.1457,1619064000,11483500.0,2021-04-22 04:00:00
129.2319,129.529,127.21,127.9191,1619150400,8079100.0,2021-04-23 04:00:00
131.5701,132.883,128.5995,129.2032,1619409600,7927200.0,2021-04-26 04:00:00
131.0718,132.4805,129.8932,132.3846,1619496000,5767400.0,2021-04-27 04:00:00
130.0273,131.206,128.9541,130.9377,1619582400,6172700.0,2021-04-28 04:00:00
129.7399,131.8576,127.5358,131.5222,1619668800,6668400.0,2021-04-29 04:00:00
127.1717,128.7912,125.9163,126.4913,1619755200,8691800.0,2021-04-30 04:00:00
127.3058,129.9507,126.2038,128.6474,1620014400,7750200.0,2021-05-03 04:00:00
123.3482,125.2264,120.0901,124.5652,1620100800,14199100.0,2021-05-04 04:00:00
124.8527,126.9896,123.3865,126.2326,1620187200,7276600.0,2021-05-05 04:00:00
126.2326,126.3859,122.4283,124.2298,1620273600,7270500.0,2021-05-06 04:00:00
127.4017,128.5037,126.1464,127.0184,1620360000,7524800.0,2021-05-07 04:00:00
119.4864,126.4147,119.3139,126.4147,1620619200,10471500.0,2021-05-10 04:00:00
118.394,119.151,112.7114,114.9921,1620705600,15287800.0,2021-05-11 04:00:00
110.0858,115.96,109.6162,114.3501,1620792000,18648200.0,2021-05-12 04:00:00
114.9155,116.4008,112.9702,113.5451,1620878400,14228000.0,2021-05-13 04:00:00
119.6205,120.5501,115.2413,116.8032,1620964800,12422300.0,2021-05-14 04:00:00
118.4131,118.461,115.3467,116.9086,1621224000,9379000.0,2021-05-17 04:00:00
116.7266,120.1572,116.6116,120.1092,1621310400,7536700.0,2021-05-18 04:00:00
119.5918,119.8601,112.8743,113.478,1621396800,10424200.0,2021-05-19 04:00:00
124.8718,125.2168,120.0134,121.5179,1621483200,18239800.0,2021-05-20 04:00:00
123.2907,125.236,121.7191,124.4311,1621569600,14252400.0,2021-05-21 04:00:00
128.9637,129.9699,124.1819,124.7569,1621828800,11405600.0,2021-05-24 04:00:00
131.7618,133.3429,130.2669,130.7556,1621915200,12721000.0,2021-05-25 04:00:00
131.4162,133.4033,130.7539,132.4434,1622001600,10577900.0,2021-05-26 04:00:00
132.2994,132.6545,130.3987,130.4947,1622088000,10623400.0,2021-05-27 04:00:00
132.5969,133.8736,132.2993,133.5953,1622174400,7186300.0,2021-05-28 04:00:00
132.6738,136.4271,131.7618,133.4321,1622520000,8839300.0,2021-06-01 04:00:00
133.4417,134.7376,131.4354,132.5201,1622606400,6401200.0,2021-06-02 04:00:00
130.9171,132.501,129.6787,131.8962,1622692800,8191900.0,2021-06-03 04:00:00
134.248,135.208,132.1074,132.213,1622779200,6662800.0,2021-06-04 04:00:00
133.4033,134.0944,132.6545,133.8737,1623038400,5943100.0,2021-06-07 04:00:00
130.4179,135.112,129.8227,134.7184,1623124800,8129200.0,2021-06-08 04:00:00
129.2563,131.9634,129.1795,131.3682,1623211200,6887800.0,2021-06-09 04:00:00
131.6658,132.6353,129.8803,130.4275,1623297600,6163000.0,2021-06-10 04:00:00
131.3394,131.6562,129.8131,131.445,1623384000,6077700.0,2021-06-11 04:00:00
133.4609,133.96,130.3122,131.3202,1623643200,6062900.0,2021-06-14 04:00:00
133.0865,134.9776,132.6641,133.5569,1623729600,6059300.0,2021-06-15 04:00:00
131.493,134.6704,130.5906,133.9217,1623816000,8030400.0,2021-06-16 04:00:00
131.8194,133.0961,129.6404,131.0803,1623902400,7690300.0,2021-06-17 04:00:00
125.9733,130.8018,125.3974,129.8323,1623988800,13258400.0,2021-06-18 04:00:00
127.7205,128.2292,125.0998,125.935,1624248000,5984000.0,2021-06-21 04:00:00
128.0948,129.0547,126.3285,127.4996,1624334400,5680900.0,2021-06-22 04:00:00
130.0723,130.7539,128.9012,128.9204,1624420800,6327400.0,2021-06-23 04:00:00
132.7217,132.9233,131.2338,131.5122,1624507200,6374100.0,2021-06-24 04:00:00
130.7346,133.6337,129.9571,133.1537,1624593600,7276700.0,2021-06-25 04:00:00
135.3424,135.7551,132.4049,133.2209,1624852800,6984400.0,2021-06-28 04:00:00
136.2351,137.0703,134.7664,134.824,1624939200,5340500.0,2021-06-29 04:00:00
136.6959,136.9263,134.4592,136.3023,1625025600,5963400.0,2021-06-30 04:00:00
132.4241,136.4943,132.0786,136.0239,1625112000,7693500.0,2021-07-01 04:00:00
132.6257,134.8912,132.0114,134.3248,1625198400,5299600.0,2021-07-02 04:00:00
131.301,135.4576,129.4195,133.7009,1625544000,7432600.0,2021-07-06 04:00:00
129.4675,133.1825,128.6516,132.9617,1625630400,5956800.0,2021-07-07 04:00:00
127.2212,129.0067,124.5238,126.3669,1625716800,7770900.0,2021-07-08 04:00:00
129.4963,129.9571,126.7989,128.0756,1625803200,5762900.0,2021-07-09 04:00:00
131.3202,131.541,129.2756,130.5427,1626062400,5459600.0,2021-07-12 04:00:00
130.8307,131.4834,129.3524,130.5523,1626148800,4950600.0,2021-07-13 04:00:00
130.2163,134.2768,129.9859,132.6545,1626235200,5982300.0,2021-07-14 04:00:00
127.8644,130.4851,126.3285,129.5731,1626321600,7057900.0,2021-07-15 04:00:00
123.0455,129.1987,122.7959,128.6324,1626408000,8190600.0,2021-07-16 04:00:00
123.4679,123.5639,118.9178,120.1753,1626667200,8934000.0,2021-07-19 04:00:00
126.6837,127.7876,122.6807,124.0246,1626753600,7417600.0,2021-07-20 04:00:00
132.4722,132.7313,127.2213,127.4997,1626840000,6434100.0,2021-07-21 04:00:00
131.685,133.1921,130.9074,131.5122,1626926400,5564000.0,2021-07-22 04:00:00
132.8849,133.4321,131.061,132.4241,1627012800,4345600.0,2021-07-23 04:00:00
132.9329,134.2769,131.9346,132.6929,1627272000,4638200.0,2021-07-26 04:00:00
129.4963,132.117,126.3093,132.117,1627358400,6344100.0,2021-07-27 04:00:00
131.7138,132.357,129.5923,130.1971,1627444800,5041900.0,2021-07-28 04:00:00
131.9922,132.3378,128.162,129.9859,1627531200,5382600.0,2021-07-29 04:00:00
134.3249,135.736,131.0035,131.0323,1627617600,8556400.0,2021-07-30 04:00:00
136.3215,139.4317,135.2464,135.3904,1627876800,10230600.0,2021-08-02 04:00:00
136.4655,137.6174,134.6224,136.8303,1627963200,5589600.0,2021-08-03 04:00:00
137.0415,138.9038,136.1296,137.2719,1628049600,5434600.0,2021-08-04 04:00:00
136.5711,138.1166,135.5056,137.6846,1628136000,4282200.0,2021-08-05 04:00:00
136.9359,137.4254,135.9183,136.0431,1628222400,3843300.0,2021-08-06 04:00:00
136.312,137.9343,135.784,137.7423,1628481600,4026600.0,2021-08-09 04:00:00
132.5297,137.2719,129.8803,137.1855,1628568000,6403900.0,2021-08-10 04:00:00
129.4195,133.0385,127.2885,132.9617,1628654400,9630600.0,2021-08-11 04:00:00
124.0438,126.7317,122.5751,126.7125,1628740800,12962600.0,2021-08-12 04:00:00
124.6966,125.215,123.4295,123.9575,1628827200,8812400.0,2021-08-13 04:00:00
126.4149,126.7605,123.9287,124.2455,1629086400,10412000.0,2021-08-16 04:00:00
123.6407,125.5989,121.6344,124.8406,1629172800,8208400.0,2021-08-17 04:00:00
122.268,126.3669,122.0856,123.6503,1629259200,6768800.0,2021-08-18 04:00:00
124.0246,124.783,120.2617,121.164,1629345600,9020200.0,2021-08-19 04:00:00
122.1047,126.7029,120.2329,125.1574,1629432000,13707600.0,2021-08-20 04:00:00
126.2229,126.2325,122.6807,123.1703,1629691200,7710700.0,2021-08-23 04:00:00
126.1749,128.0372,125.3877,126.5205,1629777600,6356600.0,2021-08-24 04:00:00
127.7329,129.06,126.4057,126.5019,1629864000,6735100.0,2021-08-25 04:00:00
127.4155,128.7042,126.55,127.6944,1629950400,3958700.0,2021-08-26 04:00:00
131.32,131.897,127.7714,127.9156,1630036800,8413900.0,2021-08-27 04:00:00
130.8391,132.6087,130.1948,132.3009,1630296000,4617700.0,2021-08-30 04:00:00
129.9545,131.3682,128.435,131.2239,1630382400,5586000.0,2021-08-31 04:00:00
128.3484,130.8295,128.1368,130.4833,1630468800,6260300.0,2021-09-01 04:00:00
129.3004,130.743,128.7523,129.5697,1630555200,5142200.0,2021-09-02 04:00:00
130.6276,131.2046,128.2426,128.7138,1630641600,4836000.0,2021-09-03 04:00:00
131.2623,131.9163,128.6273,131.4162,1630987200,5550400.0,2021-09-07 04:00:00
128.4445,130.7334,126.7039,130.5026,1631073600,7440600.0,2021-09-08 04:00:00
129.8294,130.6468,127.829,127.9348,1631160000,6808600.0,2021-09-09 04:00:00
131.5989,135.4072,131.3777,132.9838,1631246400,9054700.0,2021-09-10 04:00:00
134.0993,135.8881,132.2913,133.4069,1631505600,8507600.0,2021-09-13 04:00:00
134.7725,136.3689,132.6279,132.8203,1631592000,8073200.0,2021-09-14 04:00:00
135.8208,135.9266,132.1759,134.6283,1631678400,6103200.0,2021-09-15 04:00:00
138.5712,139.0905,133.8397,134.9841,1631764800,8467300.0,2021-09-16 04:00:00
135.4072,137.5229,134.0416,137.5229,1631851200,10884400.0,2021-09-17 04:00:00
130.3391,131.4546,128.4349,131.3296,1632110400,8822500.0,2021-09-20 04:00:00
130.0025,131.9836,128.3388,131.8778,1632196800,5782200.0,2021-09-21 04:00:00
132.8106,133.4838,130.3583,130.9738,1632283200,6344300.0,2021-09-22 04:00:00
135.7053,136.7055,133.3973,133.9935,1632369600,5620700.0,2021-09-23 04:00:00
136.4844,136.9171,133.8301,134.0705,1632456000,3729900.0,2021-09-24 04:00:00
137.2729,137.7826,134.1955,134.2532,1632715200,5248600.0,2021-09-27 04:00:00
127.8002,134.234,127.454,132.3394,1632801600,12873900.0,2021-09-28 04:00:00
123.3571,128.9061,123.1359,127.7136,1632888000,10730100.0,2021-09-29 04:00:00
123.7995,125.8383,123.5879,124.4246,1632974400,7329800.0,2021-09-30 04:00:00
124.1842,124.6362,121.578,124.3092,1633060800,6459200.0,2021-10-01 04:00:00
120.4047,122.9244,118.4525,122.7705,1633320000,9549500.0,2021-10-04 04:00:00
123.1648,124.2515,120.5971,122.5974,1633406400,7330400.0,2021-10-05 04:00:00
121.6742,123.2706,120.9048,121.4626,1633492800,7388700.0,2021-10-06 04:00:00
122.9821,124.9728,122.5782,123.7226,1633579200,5761300.0,2021-10-07 04:00:00
121.3856,123.8572,121.049,123.386,1633665600,6300500.0,2021-10-08 04:00:00
122.6166,124.2515,120.8471,120.8856,1633924800,5472000.0,2021-10-11 04:00:00
121.905,123.8957,120.1547,123.8284,1634011200,7637900.0,2021-10-12 04:00:00
123.2994,124.5208,122.6166,123.8476,1634097600,4950600.0,2021-10-13 04:00:00
127.0116,127.1847,124.6843,126.5788,1634184000,7947600.0,2021-10-14 04:00:00
126.55,127.8194,126.223,127.1943,1634270400,4826600.0,2021-10-15 04:00:00
128.1752,128.2906,124.867,125.3671,1634529600,4208500.0,2021-10-18 04:00:00
129.4447,130.1564,127.5309,128.2233,1634616000,3694300.0,2021-10-19 04:00:00
128.8484,130.0217,128.2425,128.8388,1634702400,4619000.0,2021-10-20 04:00:00
128.233,128.3964,125.5113,126.6173,1634788800,5611000.0,2021-10-21 04:00:00
130.7237,136.1381,129.3581,130.0313,1634875200,10744900.0,2021-10-22 04:00:00
130.5602,132.6375,130.1179,131.0315,1635134400,4005600.0,2021-10-25 04:00:00
126.9443,132.1375,126.6365,132.0221,1635220800,7864600.0,2021-10-26 04:00:00
127.0981,129.1369,126.3768,128.1752,1635307200,7837600.0,2021-10-27 04:00:00
130.8103,132.5702,129.3678,129.4159,1635393600,6391700.0,2021-10-28 04:00:00
131.4162,132.0028,129.3966,129.6274,1635480000,5715300.0,2021-10-29 04:00:00
134.1667,134.3206,131.195,131.7336,1635739200,5329000.0,2021-11-01 04:00:00
135.8015,136.0516,133.5704,134.157,1635825600,4822900.0,2021-11-02 04:00:00
137.2825,137.8596,134.5225,136.0227,1635912000,4117500.0,2021-11-03 04:00:00
144.3799,144.7261,137.0421,137.7826,1635998400,9272800.0,2021-11-04 04:00:00
147.4189,147.842,143.0912,144.5146,1636084800,7706800.0,2021-11-05 04:00:00
147.1015,148.9576,145.4378,148.9287,1636347600,5878500.0,2021-11-08 05:00:00
150.3039,150.679,145.6205,147.1207,1636434000,7274600.0,2021-11-09 05:00:00
144.6396,149.0634,144.5145,147.3804,1636520400,7149500.0,2021-11-10 05:00:00
148.0055,148.2747,145.5051,146.3994,1636606800,5061000.0,2021-11-11 05:00:00
150.8137,151.3811,148.2075,148.746,1636693200,5778600.0,2021-11-12 05:00:00
150.2847,152.0831,149.2557,150.9483,1636952400,7304300.0,2021-11-15 05:00:00
151.8138,152.9101,147.6689,149.4288,1637038800,6200700.0,2021-11-16 05:00:00
150.0058,152.4389,149.9192,151.8619,1637125200,5759200.0,2021-11-17 05:00:00
152.6601,152.8909,148.8133,152.4293,1637211600,9929500.0,2021-11-18 05:00:00
144.2837,150.4578,144.0048,145.1877,1637298000,16028700.0,2021-11-19 05:00:00
141.8987,147.1207,141.716,145.2166,1637557200,9029100.0,2021-11-22 05:00:00
143.2162,144.2068,139.5425,143.0143,1637643600,7254500.0,2021-11-23 05:00:00
143.5341,143.6497,140.4517,142.9369,1637730000,6185900.0,2021-11-24 05:00:00
138.0243,141.7713,136.9936,140.259,1637902800,7334100.0,2021-11-26 05:00:00
145.6629,145.9904,140.1531,141.3764,1638162000,9932300.0,2021-11-29 05:00:00
141.781,146.3949,141.0778,145.5569,1638248400,13505800.0,2021-11-30 05:00:00
146.0963,150.8259,144.3336,145.6918,1638334800,14372000.0,2021-12-01 05:00:00
141.1067,144.3914,138.4578,142.5612,1638421200,9573200.0,2021-12-02 05:00:00
140.471,145.2005,138.0628,143.0525,1638507600,7768000.0,2021-12-03 05:00:00
141.964,142.908,135.8377,140.4228,1638766800,8579700.0,2021-12-06 05:00:00
151.1245,152.1937,144.6129,145.4509,1638853200,10514900.0,2021-12-07 05:00:00
151.5098,152.0589,149.4485,151.0956,1638939600,6582400.0,2021-12-08 05:00:00
147.0403,152.5212,146.7802,150.1131,1639026000,5420000.0,2021-12-09 05:00:00
147.1174,151.1245,145.1138,150.3732,1639112400,5291900.0,2021-12-10 05:00:00
141.6943,148.7935,141.3283,148.4274,1639371600,6202500.0,2021-12-13 05:00:00
142.3011,142.7539,139.2187,139.6522,1639458000,5691500.0,2021-12-14 05:00:00
148.0132,148.2348,139.8256,142.5131,1639544400,6883000.0,2021-12-15 05:00:00
141.309,149.6411,140.8852,148.726,1639630800,7155900.0,2021-12-16 05:00:00
140.7792,143.5052,138.9201,139.9508,1639717200,9334700.0,2021-12-17 05:00:00
139.6811,141.386,137.9858,138.5156,1639976400,4653400.0,2021-12-20 05:00:00
145.8555,145.9519,141.6172,143.8712,1640062800,5986900.0,2021-12-21 05:00:00
146.7224,146.838,143.4474,144.4588,1640149200,4293700.0,2021-12-22 05:00:00
149.776,150.7874,147.3775,147.4449,1640235600,4625500.0,2021-12-23 05:00:00
156.7403,156.827,150.4502,150.4502,1640581200,6416500.0,2021-12-27 05:00:00
153.7734,157.0003,152.9161,156.8655,1640667600,5834300.0,2021-12-28 05:00:00
155.0642,157.0293,153.6868,154.0239,1640754000,4654400.0,2021-12-29 05:00:00
152.1744,155.0064,151.8373,154.7752,1640840400,4171400.0,2021-12-30 05:00:00
151.5772,153.8023,151.269,152.3286,1640926800,3594300.0,2021-12-31 05:00:00
154.0528,154.8715,150.9415,151.9433,1641186000,5363900.0,2022-01-03 05:00:00
152.5405,155.8926,148.832,154.1106,1641272400,6947000.0,2022-01-04 05:00:00
148.0903,153.051,147.8591,152.2323,1641358800,6840100.0,2022-01-05 05:00:00
150.5947,151.6158,146.2601,147.6472,1641445200,6576000.0,2022-01-06 05:00:00
145.2679,151.5965,145.1042,149.4003,1641531600,6335700.0,2022-01-07 05:00:00
144.0928,144.3914,138.005,142.2915,1641790800,9683900.0,2022-01-10 05:00:00
146.8477,147.05,140.8948,142.9273,1641877200,6824400.0,2022-01-11 05:00:00
153.6868,153.8794,148.9379,149.0439,1641963600,10379800.0,2022-01-12 05:00:00
151.4039,160.4103,150.7489,157.9733,1642050000,12553600.0,2022-01-13 05:00:00
160.863,160.9208,149.8819,150.0553,1642136400,11437300.0,2022-01-14 05:00:00
146.761,159.7938,145.9519,159.2833,1642482000,12417000.0,2022-01-18 05:00:00
137.8124,150.0938,137.6679,148.7549,1642568400,12929000.0,2022-01-19 05:00:00
134.0364,141.9062,133.4681,140.3361,1642654800,10573800.0,2022-01-20 05:00:00
130.0968,136.6854,129.7018,132.4664,1642741200,12408200.0,2022-01-21 05:00:00
134.1713,134.3158,124.9241,126.6772,1643000400,13204800.0,2022-01-24 05:00:00
128.1028,131.3971,126.5423,129.8463,1643086800,11800000.0,2022-01-25 05:00:00
130.5976,136.3771,127.9583,132.6494,1643173200,11852600.0,2022-01-26 05:00:00
125.3672,130.4724,124.5484,129.3069,1643259600,13539100.0,2022-01-27 05:00:00
127.5826,127.6308,119.2987,124.8374,1643346000,13292900.0,2022-01-28 05:00:00
133.1021,133.2851,126.7928,128.0354,1643605200,8588900.0,2022-01-31 05:00:00
133.5163,134.1617,128.4689,133.1503,1643691600,8151400.0,2022-02-01 05:00:00
135.5873,136.2038,132.1677,135.5295,1643778000,8134100.0,2022-02-02 05:00:00
131.4935,136.0304,130.1353,133.1118,1643864400,10040600.0,2022-02-03 05:00:00
130.588,131.7246,127.0914,129.4032,1643950800,8514400.0,2022-02-04 05:00:00
131.1274,133.2081,130.2316,130.771,1644210000,7242200.0,2022-02-07 05:00:00
133.6511,134.0846,128.5941,129.8848,1644296400,6644100.0,2022-02-08 05:00:00
138.9008,139.6522,134.3639,136.4542,1644382800,7652600.0,2022-02-09 05:00:00
134.6336,139.8256,133.9016,134.6529,1644469200,8525700.0,2022-02-10 05:00:00
127.6212,135.3946,126.4556,134.4217,1644555600,9473100.0,2022-02-11 05:00:00
127.0143,129.461,124.9241,127.5056,1644814800,9529300.0,2022-02-14 05:00:00
134.7011,135.2213,129.355,129.7404,1644901200,9065200.0,2022-02-15 05:00:00
135.7799,136.5024,131.8691,133.391,1644987600,7990700.0,2022-02-16 05:00:00
131.4549,138.5059,129.7981,137.5812,1645074000,11879800.0,2022-02-17 05:00:00
128.4496,131.9943,126.1185,131.9558,1645160400,8151300.0,2022-02-18 05:00:00
125.6993,130.4278,124.001,125.3906,1645506000,7667700.0,2022-02-22 05:00:00
123.3834,129.5207,123.1518,127.3399,1645592400,8413800.0,2022-02-23 05:00:00
128.7487,128.9514,118.3848,118.7708,1645678800,8500900.0,2022-02-24 05:00:00
130.9682,131.3735,127.1275,128.6908,1645765200,7784500.0,2022-02-25 05:00:00
129.5014,132.2613,127.4074,129.1347,1646024400,7428100.0,2022-02-28 05:00:00
125.0721,130.3313,123.6053,129.0575,1646110800,9212500.0,2022-03-01 05:00:00
128.5171,129.762,125.1107,125.4485,1646197200,7008700.0,2022-03-02 05:00:00
126.0661,130.3892,125.0335,130.3892,1646283600,5449700.0,2022-03-03 05:00:00
121.3376,125.0239,119.7743,123.8852,1646370000,7096100.0,2022-03-04 05:00:00
115.0459,123.5667,114.9397,123.0939,1646629200,9207100.0,2022-03-07 05:00:00
119.8033,123.393,114.0327,115.5959,1646715600,10525000.0,2022-03-08 05:00:00
124.1168,125.2941,121.7815,123.229,1646802000,7623200.0,2022-03-09 05:00:00
120.5946,121.5885,118.3848,121.3183,1646888400,5604400.0,2022-03-10 05:00:00
119.3111,125.4485,119.0506,125.4485,1646974800,6016000.0,2022-03-11 05:00:00
115.924,120.3533,114.9301,119.4076,1647230400,6733200.0,2022-03-14 04:00:00
120.0542,120.5753,115.6635,117.4584,1647316800,6875300.0,2022-03-15 04:00:00
125.9117,126.1626,120.7104,122.8623,1647403200,9668900.0,2022-03-16 04:00:00
127.3688,127.6293,123.8176,124.7923,1647489600,6781100.0,2022-03-17 04:00:00
130.4085,130.9971,125.2072,126.0275,1647576000,11516500.0,2022-03-18 04:00:00
129.5014,130.6401,127.3012,129.4049,1647835200,6206600.0,2022-03-21 04:00:00
130.7366,132.5315,129.1637,129.3084,1647921600,4997800.0,2022-03-22 04:00:00
126.8187,130.3699,126.6064,128.9321,1648008000,5457900.0,2022-03-23 04:00:00
133.7377,133.7956,126.7319,128.3531,1648094400,7617800.0,2022-03-24 04:00:00
132.2613,134.1237,130.0804,133.7763,1648180800,6074200.0,2022-03-25 04:00:00
132.8403,132.9271,129.0189,130.3602,1648440000,5209600.0,2022-03-28 04:00:00
136.4879,137.038,134.0465,135.1755,1648526400,6162600.0,2022-03-29 04:00:00
131.0454,136.3528,130.3506,135.7642,1648612800,6387500.0,2022-03-30 04:00:00
127.1854,132.5411,127.0407,131.3349,1648699200,8474800.0,2022-03-31 04:00:00
122.9492,128.382,121.1736,128.2276,1648785600,10138100.0,2022-04-01 04:00:00
124.9081,125.159,122.457,122.7175,1649044800,8347800.0,2022-04-04 04:00:00
117.4487,124.4642,117.1013,124.2712,1649131200,11653700.0,2022-04-05 04:00:00
115.152,116.9759,112.9712,114.8432,1649217600,11602000.0,2022-04-06 04:00:00
118.1145,119.562,114.4379,114.9108,1649304000,11817200.0,2022-04-07 04:00:00
115.76,118.1049,115.2775,117.0145,1649390400,6408100.0,2022-04-08 04:00:00
112.1702,114.8818,112.0737,114.0616,1649649600,7785100.0,2022-04-11 04:00:00
110.549,115.0845,110.1727,113.9651,1649736000,9883800.0,2022-04-12 04:00:00
112.7685,113.9844,110.4815,111.2052,1649822400,9351400.0,2022-04-13 04:00:00
109.3911,113.4151,109.2849,113.2993,1649908800,7711200.0,2022-04-14 04:00:00
110.8482,111.9193,108.4068,108.5612,1650254400,6822700.0,2022-04-18 04:00:00
112.9615,113.1352,109.5648,110.1341,1650340800,6086600.0,2022-04-19 04:00:00
113.7625,118.0856,113.4054,116.3004,1650427200,8856100.0,2022-04-20 04:00:00
111.6395,116.8408,111.3018,115.0363,1650513600,7849400.0,2022-04-21 04:00:00
108.8507,112.122,108.6866,111.1956,1650600000,8489400.0,2022-04-22 04:00:00
110.4622,110.7034,107.3067,107.5093,1650859200,8518300.0,2022-04-25 04:00:00
105.1065,109.2366,105.0197,108.8893,1650945600,9461800.0,2022-04-26 04:00:00
105.0004,108.4357,104.1222,104.5758,1651032000,6891600.0,2022-04-27 04:00:00
110.6166,111.929,105.7531,107.5094,1651118400,7379100.0,2022-04-28 04:00:00
106.4864,112.093,106.3031,109.0726,1651204800,7998900.0,2022-04-29 04:00:00
109.0147,109.2367,104.3924,107.2102,1651464000,9425100.0,2022-05-02 04:00:00
109.8157,110.7131,107.5286,108.2524,1651550400,5463700.0,2022-05-03 04:00:00
114.6502,114.9494,108.1173,110.1727,1651636800,6352100.0,2022-05-04 04:00:00
109.4972,112.8071,107.9339,112.0062,1651723200,8172500.0,2022-05-05 04:00:00
108.5612,111.0219,106.0426,107.9629,1651809600,6247000.0,2022-05-06 04:00:00
102.0475,106.911,101.6905,104.1608,1652068800,10088400.0,2022-05-09 04:00:00
103.4274,105.7338,101.4975,105.396,1652155200,8881000.0,2022-05-10 04:00:00
100.2816,105.3091,99.9824,102.9256,1652241600,8311700.0,2022-05-11 04:00:00
103.0221,103.1379,99.3841,99.4227,1652328000,9287100.0,2022-05-12 04:00:00
107.9436,108.6866,104.2477,104.4021,1652414400,8321100.0,2022-05-13 04:00:00
106.6119,108.3778,104.817,105.7724,1652673600,7218200.0,2022-05-16 04:00:00
112.7492,113.2124,109.3621,110.5298,1652760000,6646500.0,2022-05-17 04:00:00
107.4418,112.9519,106.911,109.999,1652846400,8522800.0,2022-05-18 04:00:00
106.8628,109.5069,106.3417,107.5093,1652932800,10115800.0,2022-05-19 04:00:00
102.7326,108.7928,97.7823,108.0787,1653019200,16285500.0,2022-05-20 04:00:00
106.0812,107.4514,103.2344,103.3406,1653278400,7669100.0,2022-05-23 04:00:00
102.8581,104.9232,102.0089,104.1029,1653364800,6785400.0,2022-05-24 04:00:00
104.9863,105.8472,101.6392,101.6392,1653451200,7378200.0,2022-05-25 04:00:00
111.3127,111.9318,103.3321,103.4675,1653537600,9173100.0,2022-05-26 04:00:00
115.5787,115.7915,112.5993,112.8121,1653624000,8510500.0,2022-05-27 04:00:00
113.4602,114.8048,111.7867,113.7117,1653969600,9751200.0,2022-05-31 04:00:00
110.7226,114.6307,109.1168,114.1084,1654056000,6852200.0,2022-06-01 04:00:00
113.4989,113.5763,109.8424,110.9451,1654142400,6408500.0,2022-06-02 04:00:00
111.2063,112.5412,110.4131,111.1386,1654228800,5080700.0,2022-06-03 04:00:00
111.245,114.031,110.6356,113.3151,1654488000,3824600.0,2022-06-06 04:00:00
111.8931,112.2027,108.7299,109.5038,1654574400,4725500.0,2022-06-07 04:00:00
108.7879,111.8931,107.5594,111.5062,1654660800,5138300.0,2022-06-08 04:00:00
103.7384,108.3139,103.6513,107.4723,1654747200,5947900.0,2022-06-09 04:00:00
98.5534,102.8387,98.4857,102.0068,1654833600,8391600.0,2022-06-10 04:00:00
93.1749,95.6223,92.5268,95.0516,1655092800,10484200.0,2022-06-13 04:00:00
93.4651,94.7614,92.2753,94.2197,1655179200,7058400.0,2022-06-14 04:00:00
94.239,96.0576,92.4688,94.655,1655265600,9377200.0,2022-06-15 04:00:00
86.6647,92.0044,85.8521,91.6949,1655352000,13359300.0,2022-06-16 04:00:00
86.8968,87.9706,84.759,85.3297,1655438400,14451300.0,2022-06-17 04:00:00
92.0625,92.5558,88.1834,88.7058,1655784000,12207400.0,2022-06-21 04:00:00
90.8727,92.7977,89.8183,90.0504,1655870400,7652000.0,2022-06-22 04:00:00
90.2342,92.2076,89.1024,91.5401,1655956800,8286300.0,2022-06-23 04:00:00
94.181,95.0709,91.5788,92.2076,1656043200,10582900.0,2022-06-24 04:00:00
94.4228,95.6417,93.3878,94.7711,1656302400,4950100.0,2022-06-27 04:00:00
91.9174,95.6804,91.6465,94.9065,1656388800,6494200.0,2022-06-28 04:00:00
88.938,91.1242,88.4253,90.9017,1656475200,7570200.0,2022-06-29 04:00:00
88.0093,90.4664,86.3551,87.3031,1656561600,8183600.0,2022-06-30 04:00:00
83.4531,85.8231,81.7022,85.8231,1656648000,13121600.0,2022-07-01 04:00:00
83.1919,83.4144,79.9706,80.522,1656993600,9549900.0,2022-07-05 04:00:00
83.7336,84.6236,82.1762,83.4338,1657080000,5732400.0,2022-07-06 04:00:00
87.7868,88.1834,85.7747,85.7941,1657166400,7469600.0,2022-07-07 04:00:00
88.2125,88.6574,86.3842,86.7131,1657252800,4890800.0,2022-07-08 04:00:00
85.7264,87.129,84.9525,86.5776,1657512000,5319300.0,2022-07-11 04:00:00
85.8328,87.0807,85.2137,86.3261,1657598400,5492300.0,2022-07-12 04:00:00
86.1713,87.1774,83.6562,83.7046,1657684800,5786900.0,2022-07-13 04:00:00
88.6768,89.0734,83.5885,85.5909,1657771200,8686500.0,2022-07-14 04:00:00
91.3853,91.5014,87.2644,89.3442,1657857600,8051200.0,2022-07-15 04:00:00
90.0988,93.2523,89.528,92.6332,1658116800,5683400.0,2022-07-18 04:00:00
95.0226,95.4192,91.2886,91.5885,1658203200,8203200.0,2022-07-19 04:00:00
98.892,99.5014,94.3261,94.4035,1658289600,8314000.0,2022-07-20 04:00:00
100.4494,100.5752,97.7215,100.1592,1658376000,5463800.0,2022-07-21 04:00:00
98.3503,100.5655,97.6441,100.3237,1658462400,5100400.0,2022-07-22 04:00:00
97.7021,97.9633,96.2124,97.2281,1658721600,4367000.0,2022-07-25 04:00:00
95.6804,97.6828,95.3515,97.2958,1658808000,5073900.0,2022-07-26 04:00:00
100.0818,101.0878,96.7928,97.2862,1658894400,7275000.0,2022-07-27 04:00:00
101.7263,101.8521,97.4603,99.9947,1658980800,6090500.0,2022-07-28 04:00:00
102.5195,103.0709,99.6755,100.1205,1659067200,5817700.0,2022-07-29 04:00:00
102.9258,103.8351,100.2849,101.0782,1659326400,4737500.0,2022-08-01 04:00:00
101.5618,103.0612,100.2753,101.291,1659412800,4137900.0,2022-08-02 04:00:00
105.4506,106.9887,102.2293,102.2874,1659499200,6088000.0,2022-08-03 04:00:00
107.4337,107.5594,105.4699,105.8472,1659585600,5279600.0,2022-08-04 04:00:00
106.0407,107.5884,103.9319,105.499,1659672000,4784000.0,2022-08-05 04:00:00
104.3091,106.7565,102.4808,105.6344,1659931200,6038600.0,2022-08-08 04:00:00
96.4059,100.5751,94.684,100.3623,1660017600,10355800.0,2022-08-09 04:00:00
101.6199,101.6973,97.6441,99.4143,1660104000,8599800.0,2022-08-10 04:00:00
102.0842,105.3539,101.5618,102.3357,1660190400,5555600.0,2022-08-11 04:00:00
106.7758,107.6852,102.3067,102.7323,1660276800,6644700.0,2022-08-12 04:00:00
106.1954,108.0044,104.4736,106.2148,1660536000,8342600.0,2022-08-15 04:00:00
104.9476,106.0117,103.5159,104.8992,1660622400,4892400.0,2022-08-16 04:00:00
102.5389,103.7674,100.7203,103.5062,1660708800,5495600.0,2022-08-17 04:00:00
104.7347,105.7601,102.0552,103.1967,1660795200,10062400.0,2022-08-18 04:00:00
101.2136,103.7964,99.9754,103.1483,1660881600,12380900.0,2022-08-19 04:00:00
97.5183,100.0431,97.0733,99.4433,1661140800,6180100.0,2022-08-22 04:00:00
98.6018,99.9367,97.7505,97.8085,1661227200,4882300.0,2022-08-23 04:00:00
98.4175,99.0091,97.1179,98.1944,1661313600,4741200.0,2022-08-24 04:00:00
101.8313,102.0058,98.4078,98.8927,1661400000,7645200.0,2022-08-25 04:00:00
95.8184,101.8313,95.5759,101.8313,1661486400,7757100.0,2022-08-26 04:00:00
93.6266,95.7311,93.4617,94.6061,1661745600,5609700.0,2022-08-29 04:00:00
91.6675,95.3141,90.7365,94.9552,1661832000,11623200.0,2022-08-30 04:00:00
91.2311,91.9585,89.8152,91.8518,1661918400,8729700.0,2022-08-31 04:00:00
89.0393,89.1945,86.3432,88.7775,1662004800,9953700.0,2022-09-01 04:00:00
88.4865,91.0081,87.8076,90.3389,1662091200,6795400.0,2022-09-02 04:00:00
87.5652,88.8357,86.5275,88.3702,1662436800,5922500.0,2022-09-06 04:00:00
89.1654,89.9703,87.1676,87.8367,1662523200,5567500.0,2022-09-07 04:00:00
90.9596,90.9984,87.5361,88.2732,1662609600,5233000.0,2022-09-08 04:00:00
93.5975,94.0824,92.1912,92.2494,1662696000,5094300.0,2022-09-09 04:00:00
93.3938,94.7225,92.3658,93.9757,1662955200,5329300.0,2022-09-12 04:00:00
87.6622,90.5328,87.2839,89.6406,1663041600,8422200.0,2022-09-13 04:00:00
87.9046,89.1654,86.896,89.1654,1663128000,5828200.0,2022-09-14 04:00:00
86.2365,88.0792,85.4316,87.3227,1663214400,7120300.0,2022-09-15 04:00:00
86.188,86.6536,84.3163,84.9758,1663300800,10893600.0,2022-09-16 04:00:00
87.0124,87.5652,85.063,85.1988,1663560000,5260300.0,2022-09-19 04:00:00
85.4607,86.3335,84.7139,85.3637,1663646400,4435700.0,2022-09-20 04:00:00
84.4618,88.5059,84.423,85.7031,1663732800,6953400.0,2022-09-21 04:00:00
82.4736,84.1708,82.0372,84.0253,1663819200,8558400.0,2022-09-22 04:00:00
81.7463,81.9305,80.2042,81.6493,1663905600,7384500.0,2022-09-23 04:00:00
80.437,82.9973,80.34,81.7463,1664164800,7015800.0,2022-09-26 04:00:00
81.6105,82.6094,80.0394,81.882,1664251200,6220000.0,2022-09-27 04:00:00
83.4047,83.7926,80.34,80.4952,1664337600,7992500.0,2022-09-28 04:00:00
81.8723,82.5318,80.6892,82.1924,1664424000,8542500.0,2022-09-29 04:00:00
79.4575,81.9111,79.0695,79.4672,1664510400,9051000.0,2022-09-30 04:00:00
83.6471,84.9661,80.5049,80.534,1664769600,9631500.0,2022-10-03 04:00:00
86.7118,87.5458,85.8001,86.4305,1664856000,7914900.0,2022-10-04 04:00:00
86.5275,87.4488,83.5889,85.0049,1664942400,7608600.0,2022-10-05 04:00:00
85.4607,88.438,85.2279,86.2947,1665028800,6686700.0,2022-10-06 04:00:00
80.1073,82.9585,79.5448,82.5997,1665115200,10029900.0,2022-10-07 04:00:00
76.8002,79.6514,75.0254,79.5254,1665374400,14211900.0,2022-10-10 04:00:00
73.9974,76.3928,72.7075,75.3939,1665460800,12441100.0,2022-10-11 04:00:00
73.7161,74.6763,73.1924,74.2399,1665547200,7770200.0,2022-10-12 04:00:00
77.0232,79.0599,68.9737,70.0017,1665633600,17560200.0,2022-10-13 04:00:00
72.562,77.4887,72.339,77.159,1665720000,10453000.0,2022-10-14 04:00:00
72.1644,75.5394,71.922,74.8799,1665979200,10772300.0,2022-10-17 04:00:00
72.9597,75.103,71.9123,74.3756,1666065600,10231000.0,2022-10-18 04:00:00
74.9284,75.4424,72.1935,72.7366,1666152000,10579200.0,2022-10-19 04:00:00
76.2862,79.6418,74.8799,75.9952,1666238400,13287900.0,2022-10-20 04:00:00
79.9327,80.1558,75.7722,76.451,1666324800,11569500.0,2022-10-21 04:00:00
82.3766,82.5124,79.4284,80.3303,1666584000,12005000.0,2022-10-24 04:00:00
84.8885,85.8292,83.1622,83.3465,1666670400,10349400.0,2022-10-25 04:00:00
85.4801,87.5264,83.2107,83.8605,1666756800,8989100.0,2022-10-26 04:00:00
83.9284,87.2742,83.7635,86.1008,1666843200,6822500.0,2022-10-27 04:00:00
87.0124,87.2161,83.8508,84.0059,1666929600,6388600.0,2022-10-28 04:00:00
85.6255,86.7021,85.0146,86.1783,1667188800,6875400.0,2022-10-31 04:00:00
87.0803,88.0598,86.3141,87.7689,1667275200,6105600.0,2022-11-01 04:00:00
85.1116,90.4747,84.8885,87.6234,1667361600,10650300.0,2022-11-02 04:00:00
83.6956,85.063,82.1439,83.3659,1667448000,6849700.0,2022-11-03 04:00:00
88.9326,89.0296,86.1589,87.3324,1667534400,8692700.0,2022-11-04 04:00:00
92.1719,92.2494,89.3206,89.4758,1667797200,7684200.0,2022-11-07 05:00:00
94.5188,95.8087,91.9197,94.0533,1667883600,10067000.0,2022-11-08 05:00:00
91.5318,93.6945,91.396,92.4046,1667970000,6864600.0,2022-11-09 05:00:00
101.6276,101.7246,96.4779,97.1373,1668056400,11692800.0,2022-11-10 05:00:00
107.1944,107.5435,101.6276,102.1319,1668142800,11160000.0,2022-11-11 05:00:00
104.3625,106.9034,104.2073,105.5748,1668402000,7761700.0,2022-11-14 05:00:00
107.1265,108.7364,105.4875,107.8151,1668488400,9438600.0,2022-11-15 05:00:00
101.0748,103.897,99.8819,102.1998,1668574800,12082500.0,2022-11-16 05:00:00
101.2978,102.4131,97.1858,97.3895,1668661200,10682800.0,2022-11-17 05:00:00
101.5403,106.6804,100.522,106.6707,1668747600,10921100.0,2022-11-18 05:00:00
101.967,102.7138,98.7666,100.4056,1669006800,9282400.0,2022-11-21 05:00:00
103.8097,104.0522,100.716,102.7235,1669093200,8497200.0,2022-11-22 05:00:00
104.6749,105.5499,103.3625,103.3625,1669179600,4077500.0,2022-11-23 05:00:00
102.8764,104.5097,102.8472,103.9458,1669352400,3012500.0,2022-11-25 05:00:00
100.5918,102.1667,99.9501,101.107,1669611600,6382700.0,2022-11-28 05:00:00
100.3779,102.0014,100.0571,101.1654,1669698000,3450400.0,2022-11-29 05:00:00
106.5513,106.5902,99.8043,101.0779,1669784400,11167000.0,2022-11-30 05:00:00
104.0333,107.5915,102.8181,107.086,1669870800,6976200.0,2022-12-01 05:00:00
103.7416,104.3347,101.3209,101.4181,1669957200,3903300.0,2022-12-02 05:00:00
103.4694,104.6944,102.2834,103.4111,1670216400,4692500.0,2022-12-05 05:00:00
101.7973,104.0916,100.8834,103.8486,1670302800,4571700.0,2022-12-06 05:00:00
103.1584,104.6555,101.2432,101.7973,1670389200,6383600.0,2022-12-07 05:00:00
105.5888,106.3957,103.5375,104.0625,1670475600,5493200.0,2022-12-08 05:00:00
104.3541,106.6874,104.0236,104.7819,1670562000,4705700.0,2022-12-09 05:00:00
106.3277,106.3763,102.7014,103.8486,1670821200,4831400.0,2022-12-12 05:00:00
108.7581,112.8607,108.0679,112.1802,1670907600,9557300.0,2022-12-13 05:00:00
106.5901,109.4775,105.5305,108.2623,1670994000,6429300.0,2022-12-14 05:00:00
101.6515,105.0152,101.1265,104.7527,1671080400,6773500.0,2022-12-15 05:00:00
101.8167,102.9834,100.6696,101.2529,1671166800,12925700.0,2022-12-16 05:00:00
101.0973,102.1375,99.814,101.914,1671426000,6162500.0,2022-12-19 05:00:00
100.6209,101.7001,99.2015,99.2307,1671512400,4761800.0,2022-12-20 05:00:00
102.9542,103.5472,101.3015,101.7195,1671598800,4889100.0,2022-12-21 05:00:00
94.8851,99.7557,93.3004,99.2696,1671685200,11326600.0,2022-12-22 05:00:00
94.5156,94.6809,92.6782,94.0004,1671771600,4753500.0,2022-12-23 05:00:00
92.6879,94.1462,92.5227,93.5046,1672117200,6121400.0,2022-12-27 05:00:00
91.6088,93.1157,91.0741,92.0366,1672203600,4274000.0,2022-12-28 05:00:00
94.4379,94.924,92.4838,93.3782,1672290000,5071800.0,2022-12-29 05:00:00
94.6712,94.7684,92.3866,92.9407,1672376400,3407000.0,2022-12-30 05:00:00
94.0393,97.2377,93.4462,96.9947,1672722000,5921500.0,2023-01-03 05:00:00
96.5475,96.8489,94.4865,95.4878,1672808400,6289500.0,2023-01-04 05:00:00
95.1962,96.4794,94.6517,95.1184,1672894800,4557100.0,2023-01-05 05:00:00
101.3695,101.9431,95.8378,97.2183,1672981200,7241700.0,2023-01-06 05:00:00
103.5278,105.7346,101.2626,102.6139,1673240400,6212300.0,2023-01-09 05:00:00
105.0347,105.1805,102.9153,103.1875,1673326800,4638800.0,2023-01-10 05:00:00
106.9985,107.1248,103.5667,103.7125,1673413200,5532600.0,2023-01-11 05:00:00
107.1346,108.7776,104.2472,107.504,1673499600,5330900.0,2023-01-12 05:00:00
106.911,107.1346,104.4513,104.5388,1673586000,5641600.0,2023-01-13 05:00:00
106.3666,107.5526,104.7819,106.3666,1673931600,4848100.0,2023-01-17 05:00:00
106.6485,109.2637,106.5318,107.679,1674018000,5374100.0,2023-01-18 05:00:00
103.207,106.5902,103.1389,106.4443,1674104400,5325100.0,2023-01-19 05:00:00
106.5999,106.7263,103.5278,103.8292,1674190800,5078500.0,2023-01-20 05:00:00
110.9844,111.7136,105.4819,105.511,1674450000,7669300.0,2023-01-23 05:00:00
109.847,110.8969,109.3414,110.3136,1674536400,3504700.0,2023-01-24 05:00:00
110.7803,111.2566,106.3665,107.9026,1674622800,5957600.0,2023-01-25 05:00:00
112.3649,112.5399,109.147,111.2177,1674709200,5813000.0,2023-01-26 05:00:00
109.3706,110.7219,107.6207,109.4873,1674795600,8705700.0,2023-01-27 05:00:00
105.1902,107.8831,104.9666,107.6109,1675054800,7351700.0,2023-01-30 05:00:00
108.3887,108.4567,105.5888,105.9291,1675141200,6577100.0,2023-01-31 05:00:00
115.6995,116.7883,108.797,108.9914,1675227600,9886400.0,2023-02-01 05:00:00
120.8035,121.4451,116.9536,116.9633,1675314000,11206500.0,2023-02-02 05:00:00
116.6425,120.2299,116.2828,119.5007,1675400400,6156900.0,2023-02-03 05:00:00
114.4162,116.1175,113.6579,114.9217,1675659600,5331000.0,2023-02-06 05:00:00
117.1675,117.9161,113.5024,114.1246,1675746000,4935300.0,2023-02-07 05:00:00
112.7246,116.0495,112.258,115.8356,1675832400,6460500.0,2023-02-08 05:00:00
112.851,116.2342,111.8788,115.0676,1675918800,5512200.0,2023-02-09 05:00:00
111.5774,111.7719,109.8275,111.6066,1676005200,4374400.0,2023-02-10 05:00:00
113.2885,113.4732,111.3636,111.9663,1676264400,4198200.0,2023-02-13 05:00:00
115.1454,115.6995,110.683,111.6747,1676350800,4870700.0,2023-02-14 05:00:00
116.137,116.2537,112.7635,113.7454,1676437200,4980000.0,2023-02-15 05:00:00
112.1802,114.7954,111.9371,113.6287,1676523600,9117600.0,2023-02-16 05:00:00
112.2288,114.1343,110.2261,113.5315,1676610000,9287100.0,2023-02-17 05:00:00
108.1845,111.6358,107.8442,110.4789,1676955600,7583900.0,2023-02-21 05:00:00
107.5901,109.5098,106.6839,108.282,1677042000,5089200.0,2023-02-22 05:00:00
110.0263,111.0494,107.1029,109.6657,1677128400,7136100.0,2023-02-23 05:00:00
108.4671,109.2369,107.5609,108.1748,1677214800,5808400.0,2023-02-24 05:00:00
109.2077,110.9812,108.6425,110.6109,1677474000,5362700.0,2023-02-27 05:00:00
113.1835,115.0545,111.9167,113.1738,1677560400,13010900.0,2023-02-28 05:00:00
114.2652,116.2725,113.9533,114.6939,1677646800,6756800.0,2023-03-01 05:00:00
115.4248,116.0484,111.0202,112.5014,1677733200,6502200.0,2023-03-02 05:00:00
115.9217,116.0971,113.9631,115.7171,1677819600,7232400.0,2023-03-03 05:00:00
115.5125,118.3969,115.2006,116.789,1678078800,5775700.0,2023-03-06 05:00:00
113.3979,115.6879,112.706,115.3078,1678165200,5225900.0,2023-03-07 05:00:00
115.6197,116.0582,113.6415,113.6415,1678251600,4474900.0,2023-03-08 05:00:00
114.0508,117.8707,113.8656,115.6586,1678338000,5701400.0,2023-03-09 05:00:00
111.4685,115.5904,111.0105,115.3176,1678424400,7009600.0,2023-03-10 05:00:00
112.8814,114.3236,109.0615,110.8838,1678680000,8221300.0,2023-03-13 04:00:00
117.2665,118.1435,114.8693,115.7463,1678766400,8322400.0,2023-03-14 04:00:00
115.454,115.7951,112.745,115.493,1678852800,9517700.0,2023-03-15 04:00:00
119.6929,120.2776,113.9144,115.1909,1678939200,6787700.0,2023-03-16 04:00:00
119.4688,121.2131,118.5138,120.492,1679025600,13761500.0,2023-03-17 04:00:00
120.872,121.5736,119.3031,119.8586,1679284800,4974700.0,2023-03-20 04:00:00
117.325,122.4116,115.3858,120.7161,1679371200,10090100.0,2023-03-21 04:00:00
115.8243,120.5797,115.6586,117.1983,1679457600,8342500.0,2023-03-22 04:00:00
119.6442,121.7977,117.1008,118.1727,1679544000,6182200.0,2023-03-23 04:00:00
116.4772,119.001,115.035,118.5333,1679630400,6354500.0,2023-03-24 04:00:00
115.834,117.8901,115.2981,117.666,1679889600,4628200.0,2023-03-27 04:00:00
113.4271,116.0192,112.6281,115.8535,1679976000,5523800.0,2023-03-28 04:00:00
116.789,117.9194,114.3626,115.6879,1680062400,7865300.0,2023-03-29 04:00:00
118.9913,120.2288,118.2409,118.8841,1680148800,6213800.0,2023-03-30 04:00:00
119.6929,120.3653,117.9096,118.4164,1680235200,5016500.0,2023-03-31 04:00:00
119.1959,119.3129,117.5199,118.5236,1680494400,5146800.0,2023-04-03 04:00:00
117.0521,119.8293,116.3407,119.8001,1680580800,4772200.0,2023-04-04 04:00:00
114.3236,116.6331,112.6963,116.5356,1680667200,6691700.0,2023-04-05 04:00:00
111.5269,112.3455,109.0128,111.2638,1680753600,6275000.0,2023-04-06 04:00:00
113.5246,113.7292,109.578,109.5975,1681099200,4096500.0,2023-04-10 04:00:00
113.4076,114.8206,113.1153,114.3334,1681185600,3373000.0,2023-04-11 04:00:00
110.2699,114.7914,109.9873,114.7232,1681272000,5838900.0,2023-04-12 04:00:00
110.572,111.0007,108.6718,110.6304,1681358400,5299500.0,2023-04-13 04:00:00
110.0165,112.1116,108.5256,110.4647,1681444800,5211600.0,2023-04-14 04:00:00
108.9349,109.1103,106.2161,106.4305,1681704000,6952200.0,2023-04-17 04:00:00
108.4282,110.6889,107.7071,109.6267,1681790400,5055000.0,2023-04-18 04:00:00
107.5219,107.785,106.333,107.0444,1681876800,6796800.0,2023-04-19 04:00:00
111.4685,113.3589,108.4086,108.4086,1681963200,8699500.0,2023-04-20 04:00:00
110.5622,111.1859,109.3442,110.572,1682049600,4516800.0,2023-04-21 04:00:00
110.7084,111.0299,109.6657,110.5914,1682308800,3218100.0,2023-04-24 04:00:00
107.785,110.7571,107.5998,109.6267,1682395200,6282600.0,2023-04-25 04:00:00
107.4927,108.6523,107.0152,108.3209,1682481600,6245800.0,2023-04-26 04:00:00
108.8277,109.3149,106.3623,108.4574,1682568000,9447000.0,2023-04-27 04:00:00
110.1432,110.3673,108.282,108.8472,1682654400,8064400.0,2023-04-28 04:00:00
110.0652,111.5172,109.2369,110.4063,1682913600,4171600.0,2023-05-01 04:00:00
109.2954,110.494,108.3599,110.036,1683000000,4850200.0,2023-05-02 04:00:00
110.3966,112.326,109.0323,109.081,1683086400,5624100.0,2023-05-03 04:00:00
109.578,110.5135,108.8667,110.1627,1683172800,3579600.0,2023-05-04 04:00:00
113.0958,113.6415,110.0847,110.7961,1683259200,4874200.0,2023-05-05 04:00:00
112.7937,114.5867,111.9947,113.8851,1683518400,3247600.0,2023-05-08 04:00:00
110.9325,111.488,109.9775,111.1664,1683604800,3173700.0,2023-05-09 04:00:00
112.4624,113.2712,111.2248,112.5696,1683691200,4101000.0,2023-05-10 04:00:00
112.5111,112.8814,111.0007,112.3552,1683777600,3630400.0,2023-05-11 04:00:00
113.125,114.08,112.0531,113.7292,1683864000,3838700.0,2023-05-12 04:00:00
118.0168,118.163,113.0568,113.7097,1684123200,5859200.0,2023-05-15 04:00:00
117.8317,119.9268,117.364,117.744,1684209600,5080700.0,2023-05-16 04:00:00
122.4896,123.0743,118.7672,119.1277,1684296000,7349600.0,2023-05-17 04:00:00
126.6018,128.6871,122.5481,122.5968,1684382400,10891200.0,2023-05-18 04:00:00
123.7077,125.0427,122.0511,125.0232,1684468800,10257200.0,2023-05-19 04:00:00
123.3179,124.3021,122.4409,123.9805,1684728000,4709100.0,2023-05-22 04:00:00
121.3105,123.4933,121.0182,122.6747,1684814400,4604500.0,2023-05-23 04:00:00
118.9267,119.7962,117.4124,119.1123,1684900800,6315600.0,2023-05-24 04:00:00
127.4654,127.7194,123.2254,124.2414,1684987200,9575700.0,2023-05-25 04:00:00
132.9267,133.5422,126.9965,127.7585,1685073600,9083800.0,2023-05-26 04:00:00
133.4249,135.6036,132.3698,134.822,1685419200,7753800.0,2023-05-30 04:00:00
130.2303,132.6238,129.1165,130.5233,1685505600,11368600.0,2023-05-31 04:00:00
131.725,133.0537,128.6573,130.6503,1685592000,5007000.0,2023-06-01 04:00:00
131.5296,132.2135,129.3314,132.0279,1685678400,5327400.0,2023-06-02 04:00:00
130.6504,132.0377,129.9763,131.7153,1685937600,3798300.0,2023-06-05 04:00:00
130.8555,132.233,127.739,128.374,1686024000,5468900.0,2023-06-06 04:00:00
131.9009,133.8841,130.5038,132.1549,1686110400,4835700.0,2023-06-07 04:00:00
133.0635,133.6106,131.0607,132.7216,1686196800,4507000.0,2023-06-08 04:00:00
132.9853,134.8025,132.6922,134.6168,1686283200,3675200.0,2023-06-09 04:00:00
136.7857,137.0007,133.679,134.568,1686542400,5931900.0,2023-06-12 04:00:00
138.5247,139.2477,136.1996,138.2414,1686628800,6859500.0,2023-06-13 04:00:00
137.919,138.1047,135.0467,135.2226,1686715200,6474600.0,2023-06-14 04:00:00
136.8835,138.173,134.7536,135.4962,1686801600,5524400.0,2023-06-15 04:00:00
135.7306,137.7041,134.949,137.6455,1686888000,8847400.0,2023-06-16 04:00:00
135.33,137.0886,134.1088,135.9064,1687233600,3840000.0,2023-06-20 04:00:00
133.5226,135.9553,132.7411,135.3398,1687320000,4715300.0,2023-06-21 04:00:00
135.7208,136.3852,131.8911,131.8911,1687406400,3763600.0,2023-06-22 04:00:00
132.9365,133.6399,131.7348,133.4054,1687492800,6956900.0,2023-06-23 04:00:00
136.5806,137.6259,133.3272,133.3272,1687752000,7256100.0,2023-06-26 04:00:00
143.1751,143.3119,136.7369,136.9225,1687838400,7343900.0,2023-06-27 04:00:00
140.7131,142.5596,138.7787,139.5115,1687924800,6645200.0,2023-06-28 04:00:00
140.9085,141.9051,140.2051,141.358,1688011200,3916500.0,2023-06-29 04:00:00
141.2114,142.1981,140.1367,141.9539,1688097600,6142600.0,2023-06-30 04:00:00
142.12,142.5499,140.0781,140.7034,1688356800,2533600.0,2023-07-03 04:00:00
138.9839,141.5827,138.8862,140.9281,1688529600,5198400.0,2023-07-05 04:00:00
137.1472,138.0753,135.5645,137.4208,1688616000,5793500.0,2023-07-06 04:00:00
136.3559,138.8471,136.1996,136.4047,1688702400,3459400.0,2023-07-07 04:00:00
137.3231,138.6127,136.4829,136.561,1688961600,6364400.0,2023-07-10 04:00:00
134.3922,137.2058,130.9239,136.9518,1689048000,7706100.0,2023-07-11 04:00:00
135.6915,136.4829,134.6755,136.0042,1689134400,5590100.0,2023-07-12 04:00:00
139.3649,140.3517,136.7955,136.8932,1689220800,5410800.0,2023-07-13 04:00:00
139.4529,142.0418,139.1012,141.2407,1689307200,6058800.0,2023-07-14 04:00:00
142.1493,143.1263,138.5638,139.6873,1689566400,6306700.0,2023-07-17 04:00:00
141.1821,141.8074,138.642,140.4885,1689652800,6492700.0,2023-07-18 04:00:00
138.515,141.3189,137.9288,140.7327,1689739200,5379400.0,2023-07-19 04:00:00
130.9532,135.0076,130.4452,134.6462,1689825600,9883200.0,2023-07-20 04:00:00
133.2589,134.1381,132.0767,132.106,1689912000,15686100.0,2023-07-21 04:00:00
135.164,135.8772,133.6985,134.4313,1690171200,5276000.0,2023-07-24 04:00:00
136.8346,138.1437,135.3105,135.4961,1690257600,5038500.0,2023-07-25 04:00:00
135.8185,137.0593,133.6594,134.4605,1690344000,4050400.0,2023-07-26 04:00:00
142.7746,146.9658,140.889,140.9086,1690430400,8928900.0,2023-07-27 04:00:00
148.4312,149.7502,145.2756,146.1354,1690516800,7802000.0,2023-07-28 04:00:00
148.0991,149.164,147.0537,148.4312,1690776000,4184400.0,2023-07-31 04:00:00
149.1151,149.3398,146.8192,147.4445,1690862400,3088100.0,2023-08-01 04:00:00
143.9371,147.1514,143.4975,147.1514,1690948800,5468300.0,2023-08-02 04:00:00
144.4061,145.2756,142.0125,142.6476,1691035200,4338600.0,2023-08-03 04:00:00
142.3056,145.6371,141.7292,144.1228,1691121600,3984500.0,2023-08-04 04:00:00
146.9169,147.2198,143.6441,143.6636,1691380800,3896100.0,2023-08-07 04:00:00
144.6015,144.8946,142.5401,144.7383,1691467200,3443700.0,2023-08-08 04:00:00
141.8171,145.4808,141.4654,144.5722,1691553600,4796600.0,2023-08-09 04:00:00
141.2798,144.5722,139.8046,143.3901,1691640000,4018300.0,2023-08-10 04:00:00
135.6329,139.1891,135.3398,138.9448,1691726400,5193200.0,2023-08-11 04:00:00
138.6224,138.6713,134.4996,135.0174,1691985600,4850400.0,2023-08-14 04:00:00
136.8541,138.5834,136.522,138.0167,1692072000,3384900.0,2023-08-15 04:00:00
135.0663,138.0069,134.9881,137.2937,1692158400,4613000.0,2023-08-16 04:00:00
134.4214,136.5708,133.4249,135.9846,1692244800,7065700.0,2023-08-17 04:00:00
139.3747,140.3419,132.4089,134.1674,1692331200,11541800.0,2023-08-18 04:00:00
145.344,145.7836,139.8632,139.9804,1692590400,8121900.0,2023-08-21 04:00:00
144.4452,147.6692,143.5561,147.2881,1692676800,4865900.0,2023-08-22 04:00:00
144.9053,145.4634,142.9961,143.936,1692763200,5300400.0,2023-08-23 04:00:00
139.5399,146.8146,138.8546,146.4132,1692849600,6771000.0,2023-08-24 04:00:00
141.3415,141.9289,138.0126,140.5876,1692936000,4720600.0,2023-08-25 04:00:00
142.3793,144.1123,141.0282,142.2716,1693195200,3565800.0,2023-08-28 04:00:00
146.844,147.3727,140.8519,140.8519,1693281600,5017200.0,2023-08-29 04:00:00
147.7937,148.4007,145.0816,146.0705,1693368000,4000000.0,2023-08-30 04:00:00
149.5658,150.1826,146.2859,146.2859,1693454400,6593800.0,2023-08-31 04:00:00
150.7701,151.3086,149.3113,151.2695,1693540800,3693100.0,2023-09-01 04:00:00
150.3981,151.5828,149.135,150.7505,1693886400,4266700.0,2023-09-05 04:00:00
149.9771,152.0136,148.3811,150.0456,1693972800,3109600.0,2023-09-06 04:00:00
145.1305,146.3642,142.0954,146.0998,1694059200,6720300.0,2023-09-07 04:00:00
144.4452,145.3949,143.1234,144.6312,1694145600,4473300.0,2023-09-08 04:00:00
143.6423,146.8635,141.0281,146.8635,1694404800,4145000.0,2023-09-11 04:00:00
140.9596,143.378,140.7149,142.9765,1694491200,4470600.0,2023-09-12 04:00:00
141.5569,144.034,140.7932,141.1946,1694577600,4625200.0,2023-09-13 04:00:00
141.5471,143.6423,140.9302,143.3486,1694664000,5629800.0,2023-09-14 04:00:00
135.3592,138.2671,133.8514,137.9049,1694750400,13654600.0,2023-09-15 04:00:00
137.337,138.0321,134.6445,134.997,1695009600,5607700.0,2023-09-18 04:00:00
134.8305,137.1216,133.8123,136.7887,1695096000,6365400.0,2023-09-19 04:00:00
134.106,136.7398,134.0277,135.8586,1695182400,5806900.0,2023-09-20 04:00:00
132.3632,134.6347,132.1184,132.1968,1695268800,5241000.0,2023-09-21 04:00:00
133.3227,135.418,132.9115,134.1256,1695355200,5301100.0,2023-09-22 04:00:00
133.7339,134.1745,131.9031,133.0486,1695614400,5161300.0,2023-09-25 04:00:00
131.2764,133.1857,130.7477,132.7744,1695700800,5343000.0,2023-09-26 04:00:00
132.2359,133.2248,130.3169,132.3926,1695787200,6296200.0,2023-09-27 04:00:00
135.3298,136.8768,131.4722,131.8639,1695873600,5341600.0,2023-09-28 04:00:00
135.555,138.6,135.183,137.288,1695960000,4448200.0,2023-09-29 04:00:00
136.5928,138.4531,134.3899,135.9564,1696219200,4896900.0,2023-10-02 04:00:00
133.8612,137.0824,132.5982,135.7802,1696305600,6173000.0,2023-10-03 04:00:00
136.3873,136.6908,134.106,134.6934,1696392000,5543600.0,2023-10-04 04:00:00
136.3677,137.2195,134.899,136.5341,1696478400,4310400.0,2023-10-05 04:00:00
137.3566,138.2084,132.324,135.1634,1696564800,5234400.0,2023-10-06 04:00:00
137.2195,137.9832,134.8795,136.5537,1696824000,3271500.0,2023-10-09 04:00:00
138.4434,139.7456,137.4153,138.0909,1696910400,3342900.0,2023-10-10 04:00:00
139.207,139.9511,137.8657,139.8337,1696996800,5136900.0,2023-10-11 04:00:00
141.9681,145.297,139.7847,140.0099,1697083200,8109900.0,2023-10-12 04:00:00
138.1888,144.0242,137.7776,143.9752,1697169600,6600500.0,2023-10-13 04:00:00
138.0517,139.677,136.8181,138.7958,1697428800,6097400.0,2023-10-16 04:00:00
139.7357,139.8043,133.9493,136.2208,1697515200,5915900.0,2023-10-17 04:00:00
138.4923,139.5008,135.2124,136.9747,1697601600,5357900.0,2023-10-18 04:00:00
131.6191,140.0588,130.9729,139.8532,1697688000,9400300.0,2023-10-19 04:00:00
131.3156,133.3031,130.5715,131.7072,1697774400,6149500.0,2023-10-20 04:00:00
131.4232,132.9702,129.142,130.4148,1698033600,3820100.0,2023-10-23 04:00:00
132.0793,132.7157,130.7184,132.5003,1698120000,5238800.0,2023-10-24 04:00:00
127.3894,130.4736,127.037,130.2875,1698206400,7118100.0,2023-10-25 04:00:00
128.1042,131.5995,127.7811,128.3685,1698292800,5462700.0,2023-10-26 04:00:00
128.5546,130.3267,127.83,128.5252,1698379200,4397300.0,2023-10-27 04:00:00
128.2902,130.1798,127.1055,129.2008,1698638400,4604600.0,2023-10-30 04:00:00
129.5826,129.7784,126.5082,129.0441,1698724800,4108100.0,2023-10-31 04:00:00
132.4611,132.9898,130.0036,130.2484,1698811200,5127800.0,2023-11-01 04:00:00
135.6138,136.8572,133.8122,134.9284,1698897600,6088400.0,2023-11-02 04:00:00
136.8279,138.8056,136.1621,136.5733,1698984000,5560300.0,2023-11-03 04:00:00
137.4251,137.8461,136.2992,137.4643,1699246800,4823200.0,2023-11-06 05:00:00
138.7762,138.9525,136.7691,137.0726,1699333200,4886800.0,2023-11-07 05:00:00
141.2142,141.5079,138.649,139.3931,1699419600,4305900.0,2023-11-08 05:00:00
140.1763,144.1319,139.9022,141.8702,1699506000,4979900.0,2023-11-09 05:00:00
147.5293,147.8328,141.645,142.1541,1699592400,6699400.0,2023-11-10 05:00:00
146.609,147.1083,144.4648,145.8844,1699851600,4125200.0,2023-11-13 05:00:00
150.8582,151.6709,148.9588,149.8302,1699938000,6505000.0,2023-11-14 05:00:00
152.1212,153.492,150.8386,151.7296,1700024400,4383300.0,2023-11-15 05:00:00
151.573,154.4613,148.0385,152.1506,1700110800,10513800.0,2023-11-16 05:00:00
145.483,145.9334,138.9721,139.07,1700197200,18912700.0,2023-11-17 05:00:00
149.3798,149.8008,145.6984,145.7669,1700456400,7087400.0,2023-11-20 05:00:00
146.1292,148.6357,145.0718,148.4007,1700542800,6517900.0,2023-11-21 05:00:00
146.6689,150.8978,146.2175,148.1897,1700629200,5071300.0,2023-11-22 05:00:00
147.5127,147.8267,146.5217,146.5217,1700802000,1992000.0,2023-11-24 05:00:00
147.9739,148.906,145.9722,146.6885,1701061200,3429700.0,2023-11-27 05:00:00
145.2755,147.1693,143.7547,146.5511,1701147600,5799600.0,2023-11-28 05:00:00
146.5511,149.9461,146.0507,147.4146,1701234000,4975600.0,2023-11-29 05:00:00
146.9632,147.6501,144.2747,147.5814,1701320400,7555600.0,2023-11-30 05:00:00
148.7392,149.1218,145.8349,146.7474,1701406800,4929400.0,2023-12-01 05:00:00
145.4816,147.8267,142.9207,147.2183,1701666000,5859600.0,2023-12-04 05:00:00
143.4015,144.6967,142.489,143.7743,1701752400,5206300.0,2023-12-05 05:00:00
141.9788,145.9232,141.969,145.8839,1701838800,4491100.0,2023-12-06 05:00:00
145.5994,145.7465,141.8512,144.1963,1701925200,5753600.0,2023-12-07 05:00:00
144.942,146.0115,143.2445,144.6476,1702011600,4990200.0,2023-12-08 05:00:00
152.2224,152.7327,146.3353,146.404,1702270800,6945800.0,2023-12-11 05:00:00
154.2633,155.2052,151.7318,152.2224,1702357200,5705200.0,2023-12-12 05:00:00
154.0376,155.4015,151.722,154.0769,1702443600,5561700.0,2023-12-13 05:00:00
158.6983,159.9935,154.7441,154.803,1702530000,7401200.0,2023-12-14 05:00:00
158.9044,161.1219,158.453,159.1595,1702616400,8577200.0,2023-12-15 05:00:00
157.3443,158.3156,154.7637,157.8643,1702875600,4772300.0,2023-12-18 05:00:00
159.2772,159.6697,157.0107,157.5601,1702962000,4958200.0,2023-12-19 05:00:00
153.9689,158.9534,153.8806,157.7858,1703048400,5488700.0,2023-12-20 05:00:00
158.3549,158.7768,156.5789,157.9722,1703134800,4257300.0,2023-12-21 05:00:00
159.0025,159.9346,157.8152,158.5609,1703221200,2770600.0,2023-12-22 05:00:00
161.1905,161.8675,159.0515,159.2478,1703566800,2520500.0,2023-12-26 05:00:00
161.1219,161.8872,160.4547,161.4457,1703653200,3319600.0,2023-12-27 05:00:00
160.0523,161.9068,159.7874,161.897,1703739600,2909700.0,2023-12-28 05:00:00
159.0221,160.4841,157.6779,160.0426,1703826000,2980700.0,2023-12-29 05:00:00
151.4669,157.0989,150.5446,156.991,1704171600,8607300.0,2024-01-02 05:00:00
148.6018,150.2895,147.8954,148.857,1704258000,6100100.0,2024-01-03 05:00:00
146.5021,149.1415,145.9526,146.9829,1704344400,6196100.0,2024-01-04 05:00:00
146.1979,148.6705,145.2658,147.2576,1704430800,5400100.0,2024-01-05 05:00:00
148.7098,149.9166,146.9044,147.0123,1704690000,6515500.0,2024-01-08 05:00:00
148.1897,148.8373,146.1292,147.0516,1704776400,5606700.0,2024-01-09 05:00:00
146.9927,149.0434,145.4522,148.9158,1704862800,5035700.0,2024-01-10 05:00:00
149.0924,149.5732,145.6877,147.4244,1704949200,5995600.0,2024-01-11 05:00:00
148.4056,149.534,147.5421,149.3377,1705035600,4083700.0,2024-01-12 05:00:00
150.8684,151.3394,147.0221,148.4546,1705381200,6528000.0,2024-01-16 05:00:00
150.4857,150.8586,147.3753,150.2306,1705467600,6630600.0,2024-01-17 05:00:00
157.3246,157.7171,153.8316,155.6762,1705554000,8133700.0,2024-01-18 05:00:00
164.7817,165.1153,159.2478,159.5127,1705640400,9159000.0,2024-01-19 05:00:00
165.1349,168.6771,164.4874,165.0172,1705899600,7176400.0,2024-01-22 05:00:00
163.9084,164.8406,161.6125,164.6051,1705986000,5053600.0,2024-01-23 05:00:00
170.8651,172.6509,167.4604,168.1668,1706072400,9729000.0,2024-01-24 05:00:00
169.3835,175.045,169.1873,173.8382,1706158800,7234400.0,2024-01-25 05:00:00
163.7613,166.3811,163.4865,165.8905,1706245200,6653700.0,2024-01-26 05:00:00
165.3116,165.341,162.9567,163.1824,1706504400,5370700.0,2024-01-29 05:00:00
163.1137,165.9886,162.7016,164.1832,1706590800,5255300.0,2024-01-30 05:00:00
161.2102,163.4866,157.933,160.9158,1706677200,6049400.0,2024-01-31 05:00:00
163.8299,164.5855,161.7302,162.3483,1706763600,4082600.0,2024-02-01 05:00:00
165.0172,165.9984,162.3484,162.7997,1706850000,4740800.0,2024-02-02 05:00:00
167.8725,169.0401,165.1153,165.4293,1707109200,5749100.0,2024-02-05 05:00:00
165.5274,169.462,164.35,167.7744,1707195600,4550100.0,2024-02-06 05:00:00
167.686,169.6582,165.655,167.2837,1707282000,5103400.0,2024-02-07 05:00:00
170.6198,171.709,166.1946,166.7932,1707368400,7327900.0,2024-02-08 05:00:00
182.3451,182.6492,175.251,175.673,1707454800,9539900.0,2024-02-09 05:00:00
182.0507,184.6705,181.1677,181.7858,1707714000,7085400.0,2024-02-12 05:00:00
176.9191,178.7637,173.6124,175.2412,1707800400,9692500.0,2024-02-13 05:00:00
182.6885,183.4636,179.2053,179.2053,1707886800,8437900.0,2024-02-14 05:00:00
184.1308,185.9068,182.8749,185.4456,1707973200,8622900.0,2024-02-15 05:00:00
195.8169,202.8815,193.5896,198.2208,1708059600,15557900.0,2024-02-16 05:00:00
185.583,192.1766,182.6198,191.9117,1708405200,11216100.0,2024-02-20 05:00:00
187.0672,187.1065,182.7033,184.6985,1708491600,6977500.0,2024-02-21 05:00:00
196.306,198.0948,193.2984,194.8808,1708578000,10225900.0,2024-02-22 05:00:00
193.7801,197.8884,193.2395,195.903,1708664400,5108100.0,2024-02-23 05:00:00
200.0605,200.493,195.7163,196.3748,1708923600,6466600.0,2024-02-26 05:00:00
199.3823,200.9352,197.7704,200.2374,1709010000,5167100.0,2024-02-27 05:00:00
194.1535,195.7654,193.1215,195.0873,1709096400,6207900.0,2024-02-28 05:00:00
198.1636,198.5371,193.8783,196.4829,1709182800,9449600.0,2024-02-29 05:00:00
206.6456,207.7563,200.0703,200.2767,1709269200,7647400.0,2024-03-01 05:00:00
205.8987,209.7122,205.4564,208.3656,1709528400,7089800.0,2024-03-04 05:00:00
203.8347,207.1469,201.2694,204.1885,1709614800,6100200.0,2024-03-05 05:00:00
208.5327,209.8498,205.5449,206.3508,1709701200,5642400.0,2024-03-06 05:00:00
208.9652,210.5869,207.884,209.5746,1709787600,6363100.0,2024-03-07 05:00:00
202.0361,209.9382,201.869,208.8374,1709874000,6940800.0,2024-03-08 05:00:00
197.9179,199.7952,194.2224,199.7952,1710129600,6566600.0,2024-03-11 04:00:00
201.4267,201.4955,195.9227,200.3849,1710216000,7211300.0,2024-03-12 04:00:00
197.1218,200.3849,196.5124,199.4905,1710302400,5050300.0,2024-03-13 04:00:00
197.3085,198.9302,195.6377,198.4683,1710388800,4934900.0,2024-03-14 04:00:00
195.2445,197.8294,193.6228,196.021,1710475200,9936400.0,2024-03-15 04:00:00
197.2888,199.687,196.2077,198.2226,1710734400,5062300.0,2024-03-18 04:00:00
197.8884,198.0948,193.9177,195.7654,1710820800,4624500.0,2024-03-19 04:00:00
201.5446,202.3899,195.392,197.5542,1710907200,4278000.0,2024-03-20 04:00:00
207.1862,211.2258,206.7538,209.7122,1710993600,6145200.0,2024-03-21 04:00:00
206.6456,208.0904,204.8568,204.9355,1711080000,3829200.0,2024-03-22 04:00:00
204.8864,207.6875,203.7954,204.0706,1711339200,3137600.0,2024-03-25 04:00:00
203.127,207.5892,203.0287,206.1935,1711425600,3607400.0,2024-03-26 04:00:00
204.4342,204.9158,200.4045,204.4735,1711512000,3123900.0,2024-03-27 04:00:00
202.6946,204.0902,199.2349,204.0018,1711598400,5750100.0,2024-03-28 04:00:00
205.1124,208.1396,202.4292,203.3826,1711944000,3189700.0,2024-04-01 04:00:00
202.5766,203.0386,199.9131,203.0386,1712030400,4311400.0,2024-04-02 04:00:00
203.8248,205.5645,200.0113,200.1096,1712116800,3375600.0,2024-04-03 04:00:00
199.9032,209.3878,198.2127,207.9823,1712203200,6242800.0,2024-04-04 04:00:00
204.2868,205.938,201.3873,201.3873,1712289600,3330700.0,2024-04-05 04:00:00
205.4564,209.3485,204.562,209.2109,1712548800,4435500.0,2024-04-08 04:00:00
206.8029,208.464,204.0706,207.7268,1712635200,3659200.0,2024-04-09 04:00:00
205.6628,208.0315,204.5522,205.309,1712721600,4645300.0,2024-04-10 04:00:00
209.3289,209.6729,204.7881,205.8692,1712808000,4291600.0,2024-04-11 04:00:00
204.2966,206.3508,203.3629,204.4342,1712894400,5854800.0,2024-04-12 04:00:00
202.154,210.7835,200.7682,208.2674,1713153600,4492500.0,2024-04-15 04:00:00
205.8888,206.8127,202.2228,202.8027,1713240000,3749200.0,2024-04-16 04:00:00
196.4632,203.4514,194.7039,202.557,1713326400,6350300.0,2024-04-17 04:00:00
190.9887,195.0184,190.2024,194.0847,1713412800,6219400.0,2024-04-18 04:00:00
186.5168,191.3524,184.9344,190.9298,1713499200,6495200.0,2024-04-19 04:00:00
186.2121,188.4923,183.6566,188.2662,1713758400,7149800.0,2024-04-22 04:00:00
189.9273,191.1657,186.7133,186.9885,1713844800,4425900.0,2024-04-23 04:00:00
192.6989,195.9423,189.4162,194.5958,1713931200,4609400.0,2024-04-24 04:00:00
194.1142,195.048,190.2811,192.9152,1714017600,4238300.0,2024-04-25 04:00:00
199.8934,200.493,193.6523,193.6523,1714104000,3933500.0,2024-04-26 04:00:00
201.7412,201.7707,198.3208,200.0212,1714363200,2789200.0,2024-04-29 04:00:00
195.2445,202.3014,195.1659,200.1785,1714449600,3898200.0,2024-04-30 04:00:00
190.6644,197.2397,189.3867,192.7186,1714536000,5815500.0,2024-05-01 04:00:00
194.5172,195.0774,189.9666,192.8955,1714622400,3523200.0,2024-05-02 04:00:00
200.5912,201.751,196.5222,198.5371,1714708800,3818500.0,2024-05-03 04:00:00
205.2795,205.594,200.7977,201.7903,1714968000,3638500.0,2024-05-06 04:00:00
203.7659,205.879,203.6676,205.653,1715054400,3200900.0,2024-05-07 04:00:00
203.8052,204.3949,201.2399,202.3801,1715140800,2932300.0,2024-05-08 04:00:00
202.7929,204.6799,202.1933,203.8052,1715227200,2758200.0,2024-05-09 04:00:00
206.1346,208.9259,204.9453,205.2205,1715313600,3502900.0,2024-05-10 04:00:00
203.0877,204.8962,201.9181,204.8274,1715572800,3526900.0,2024-05-13 04:00:00
206.223,206.4982,201.2006,202.3112,1715659200,3442200.0,2024-05-14 04:00:00
213.7615,213.8795,207.2354,208.8571,1715745600,5820900.0,2024-05-15 04:00:00
210.3609,214.9999,210.2527,214.479,1715832000,7977900.0,2024-05-16 04:00:00
208.4443,215.5995,206.626,212.6902,1715918400,8031800.0,2024-05-17 04:00:00
216.1794,217.9485,208.4738,208.5131,1716177600,5954500.0,2024-05-20 04:00:00
216.0319,216.484,212.1103,214.2628,1716264000,3918200.0,2024-05-21 04:00:00
214.8011,217.3415,212.9106,217.1347,1716350400,5047000.0,2024-05-22 04:00:00
214.6042,221.6149,213.0091,221.546,1716436800,5806600.0,2024-05-23 04:00:00
217.4991,219.6948,215.2836,216.8197,1716523200,3795700.0,2024-05-24 04:00:00
217.9225,219.7933,216.5046,218.7397,1716868800,5509400.0,2024-05-28 04:00:00
215.6873,217.2627,213.8263,214.2497,1716955200,4718800.0,2024-05-29 04:00:00
213.2158,216.3175,212.1918,214.6239,1717041600,4059200.0,2024-05-30 04:00:00
211.7782,215.1556,205.8113,213.4226,1717128000,13548700.0,2024-05-31 04:00:00
210.9216,214.998,205.7226,214.9783,1717387200,3828100.0,2024-06-03 04:00:00
208.9622,211.0595,205.8211,210.5179,1717473600,4379600.0,2024-06-04 04:00:00
219.941,221.2703,214.8405,216.2289,1717560000,7887900.0,2024-06-05 04:00:00
218.3459,219.8327,215.6578,218.2671,1717646400,3951200.0,2024-06-06 04:00:00
218.3262,221.1029,216.7015,220.7681,1717732800,3627200.0,2024-06-07 04:00:00
224.6575,225.3172,216.2584,216.3372,1717992000,4796900.0,2024-06-10 04:00:00
226.4397,226.5381,221.1915,223.7811,1718078400,4768600.0,2024-06-11 04:00:00
234.0018,234.7402,227.2372,227.8772,1718164800,5573500.0,2024-06-12 04:00:00
233.9033,234.7009,227.8674,227.9167,1718251200,3682400.0,2024-06-13 04:00:00
233.3913,234.6024,230.0336,230.4866,1718337600,3306500.0,2024-06-14 04:00:00
239.1318,239.5453,232.643,233.0368,1718596800,4974600.0,2024-06-17 04:00:00
244.0255,245.5911,238.3736,239.053,1718683200,5256900.0,2024-06-18 04:00:00
236.3058,244.0255,234.9963,243.2082,1718856000,7045000.0,2024-06-20 04:00:00
231.7962,234.819,229.2558,234.6615,1718942400,15289800.0,2024-06-21 04:00:00
226.3117,231.7962,225.908,229.4232,1719201600,5928700.0,2024-06-24 04:00:00
230.6737,230.9494,225.0316,227.4932,1719288000,4594900.0,2024-06-25 04:00:00
228.6059,233.283,227.2569,231.3924,1719374400,4818700.0,2024-06-26 04:00:00
228.9604,234.1692,228.2416,233.8541,1719460800,4309600.0,2024-06-27 04:00:00
232.3673,237.5859,230.3192,231.7371,1719547200,6387400.0,2024-06-28 04:00:00
233.7655,234.7009,229.502,233.2239,1719806400,4239600.0,2024-07-01 04:00:00
237.1625,237.3003,231.4121,231.4121,1719892800,3510600.0,2024-07-02 04:00:00
239.5749,240.9632,236.168,237.9305,1719979200,2768800.0,2024-07-03 04:00:00
238.866,240.9633,237.1724,240.9337,1720152000,4076200.0,2024-07-05 04:00:00
242.5092,243.3855,239.378,239.378,1720411200,3782100.0,2024-07-08 04:00:00
247.6096,248.2595,243.6809,244.1929,1720497600,4889900.0,2024-07-09 04:00:00
251.0559,251.9618,246.8121,249.1161,1720584000,4258100.0,2024-07-10 04:00:00
237.5563,251.6467,237.3988,251.6467,1720670400,5623800.0,2024-07-11 04:00:00
239.6635,244.9511,236.8474,237.901,1720756800,5396300.0,2024-07-12 04:00:00
241.7805,244.9905,239.8703,240.7663,1721016000,3674300.0,2024-07-15 04:00:00
242.066,243.7203,238.2259,243.1689,1721102400,4124800.0,2024-07-16 04:00:00
216.6917,229.7382,216.3864,227.6902,1721188800,10538900.0,2024-07-17 04:00:00
214.3088,218.917,209.9763,218.7397,1721275200,7715800.0,2024-07-18 04:00:00
207.0322,214.9291,206.4513,214.1611,1721361600,6517100.0,2024-07-19 04:00:00
220.0395,220.65,210.0847,212.9106,1721620800,7515600.0,2024-07-22 04:00:00
216.2781,218.5428,215.2639,217.0658,1721707200,3635300.0,2024-07-23 04:00:00
203.3595,214.427,202.3748,214.0331,1721793600,9263400.0,2024-07-24 04:00:00
199.2141,205.9984,197.2547,203.97,1721880000,9961400.0,2024-07-25 04:00:00
203.3004,205.1614,199.6966,203.8124,1721966400,5209000.0,2024-07-26 04:00:00
202.4142,209.2674,201.7447,205.1023,1722225600,4199200.0,2024-07-29 04:00:00
193.7198,205.959,192.3413,205.0629,1722312000,7652600.0,2024-07-30 04:00:00
208.9425,209.6022,201.3607,202.9361,1722398400,11123700.0,2024-07-31 04:00:00
193.2865,205.8703,189.3676,200.9963,1722484800,11268300.0,2024-08-01 04:00:00
179.019,186.6599,176.8725,184.986,1722571200,12991600.0,2024-08-02 04:00:00
179.0978,184.2967,168.9756,172.4711,1722830400,10079100.0,2024-08-05 04:00:00
180.496,185.6161,177.5322,180.5058,1722916800,5803900.0,2024-08-06 04:00:00
175.7696,188.4618,175.2084,187.0833,1723003200,6652100.0,2024-08-07 04:00:00
187.6248,187.9005,178.4085,182.416,1723089600,8637100.0,2024-08-08 04:00:00
188.2451,190.3523,185.1632,187.0931,1723176000,5050800.0,2024-08-09 04:00:00
190.1258,193.385,187.4279,188.5602,1723435200,5568100.0,2024-08-12 04:00:00
197.7175,198.7317,190.7462,193.4244,1723521600,6198900.0,2024-08-13 04:00:00
198.5347,201.6659,194.6946,199.5785,1723608000,5377900.0,2024-08-14 04:00:00
208.5782,209.7302,201.981,204.1275,1723694400,12073500.0,2024-08-15 04:00:00
204.7085,205.6833,198.0916,201.8038,1723780800,11644600.0,2024-08-16 04:00:00
207.7018,207.8692,199.3914,203.8223,1724040000,5285400.0,2024-08-19 04:00:00
202.9952,207.3572,201.213,206.0771,1724126400,4860300.0,2024-08-20 04:00:00
205.9097,206.7762,203.3989,204.8562,1724212800,4460500.0,2024-08-21 04:00:00
197.5044,207.5079,196.7547,205.8209,1724299200,6621900.0,2024-08-22 04:00:00
199.9412,203.0587,197.4847,199.4381,1724385600,5296400.0,2024-08-23 04:00:00
193.5879,198.5502,192.5224,197.9681,1724644800,7333900.0,2024-08-26 04:00:00
193.1341,194.1502,189.2077,192.1574,1724731200,6632500.0,2024-08-27 04:00:00
190.2929,193.9924,188.231,192.0588,1724817600,6412500.0,2024-08-28 04:00:00
190.3817,195.6399,189.0893,194.022,1724904000,6730300.0,2024-08-29 04:00:00
194.604,195.1762,189.9575,194.8704,1724990400,7313800.0,2024-08-30 04:00:00
180.9011,191.457,180.0428,190.4803,1725336000,12163400.0,2024-09-03 04:00:00
179.9244,181.8383,175.041,177.5666,1725422400,6378100.0,2024-09-04 04:00:00
177.8132,181.2661,175.4949,176.6294,1725508800,6495000.0,2024-09-05 04:00:00
172.3971,178.2769,171.0554,177.0832,1725595200,8887900.0,2024-09-06 04:00:00
175.1594,176.146,172.2196,174.7155,1725854400,7492500.0,2024-09-09 04:00:00
175.6527,176.1065,171.7657,175.5738,1725940800,5367900.0,2024-09-10 04:00:00
183.4365,183.9001,173.0482,177.8132,1726027200,8187100.0,2024-09-11 04:00:00
180.7432,182.6374,177.6258,181.8777,1726113600,8011700.0,2024-09-12 04:00:00
185.9324,186.258,182.4598,182.8051,1726200000,4851300.0,2024-09-13 04:00:00
185.0544,185.3799,180.6742,182.5091,1726459200,5915800.0,2024-09-16 04:00:00
186.0508,187.9351,183.4759,186.9485,1726545600,4026100.0,2024-09-17 04:00:00
183.6338,189.0794,183.249,188.1915,1726632000,4266900.0,2024-09-18 04:00:00
194.0615,195.6596,190.3126,191.9305,1726718400,7326100.0,2024-09-19 04:00:00
189.5727,192.8973,186.9189,191.7332,1726804800,14306900.0,2024-09-20 04:00:00
191.4274,193.0058,190.0956,191.8023,1727064000,4457900.0,2024-09-23 04:00:00
194.1305,195.1861,191.1512,193.8641,1727150400,4849700.0,2024-09-24 04:00:00
194.6534,197.5932,192.6606,192.6606,1727236800,5060100.0,2024-09-25 04:00:00
206.7878,209.2936,199.7735,207.9815,1727323200,7849800.0,2024-09-26 04:00:00
202.1609,208.4846,201.2533,208.238,1727409600,4524800.0,2024-09-27 04:00:00
199.3296,201.5591,196.0148,198.2937,1727668800,5746000.0,2024-09-30 04:00:00
194.5449,201.3125,191.0328,200.6713,1727755200,6930100.0,2024-10-01 04:00:00
198.4417,201.7564,194.0911,195.1664,1727841600,5536600.0,2024-10-02 04:00:00
196.9027,200.395,195.048,195.048,1727928000,3813300.0,2024-10-03 04:00:00
199.2506,202.1609,196.8238,201.865,1728014400,4131100.0,2024-10-04 04:00:00
197.4354,198.8757,195.561,196.6955,1728273600,3711100.0,2024-10-07 04:00:00
198.1753,199.8228,195.9951,197.4354,1728360000,3616100.0,2024-10-08 04:00:00
202.299,202.8219,197.9287,198.6883,1728446400,4141600.0,2024-10-09 04:00:00
201.2138,201.4999,197.2578,198.3134,1728532800,3796800.0,2024-10-10 04:00:00
202.299,204.4398,199.4183,199.4183,1728619200,2604100.0,2024-10-11 04:00:00
211.0101,211.3653,204.1735,204.1735,1728878400,5239300.0,2024-10-14 04:00:00
188.448,212.7957,187.0176,210.8029,1728964800,16613200.0,2024-10-15 04:00:00
182.1046,190.6184,181.4239,190.6184,1729051200,10972600.0,2024-10-16 04:00:00
180.7728,188.231,180.5361,187.4418,1729137600,9727100.0,2024-10-17 04:00:00
183.8508,184.275,182.154,183.7719,1729224000,5758600.0,2024-10-18 04:00:00
181.9764,184.1961,181.6212,183.6535,1729483200,4918100.0,2024-10-21 04:00:00
180.536,182.7853,180.1118,182.1145,1729569600,6753600.0,2024-10-22 04:00:00
180.2401,181.2661,177.3693,179.5002,1729656000,6015200.0,2024-10-23 04:00:00
181.276,185.2714,180.763,184.3638,1729742400,6122100.0,2024-10-24 04:00:00
184.0087,186.6526,183.6634,183.9791,1729828800,4794700.0,2024-10-25 04:00:00
182.8445,185.1136,181.9271,184.0086,1730088000,4101000.0,2024-10-28 04:00:00
187.5602,188.9512,182.1638,182.8445,1730174400,6007400.0,2024-10-29 04:00:00
182.8051,185.6562,182.2131,184.4822,1730260800,5851300.0,2024-10-30 04:00:00
179.1352,182.7163,176.8661,182.7163,1730347200,7307500.0,2024-10-31 04:00:00
180.9109,182.9728,178.78,179.3818,1730433600,6318900.0,2024-11-01 04:00:00
179.3719,181.3845,178.0303,180.7334,1730696400,3857600.0,2024-11-04 05:00:00
183.9692,184.2355,180.6347,180.832,1730782800,4053000.0,2024-11-05 05:00:00
184.9952,186.8301,182.2625,186.4158,1730869200,6393300.0,2024-11-06 05:00:00
191.4767,191.7135,188.3889,188.3889,1730955600,5274700.0,2024-11-07 05:00:00
189.4445,191.4866,188.6947,189.701,1731042000,4767300.0,2024-11-08 05:00:00
186.0212,190.5987,183.9495,189.7207,1731301200,5475200.0,2024-11-11 05:00:00
184.0974,187.1951,181.9862,186.1692,1731387600,5478400.0,2024-11-12 05:00:00
180.3289,182.9826,180.0625,181.5916,1731474000,8634600.0,2024-11-13 05:00:00
183.4957,185.0938,182.5979,184.2651,1731560400,11747400.0,2024-11-14 05:00:00
166.6062,171.7263,165.077,166.0734,1731646800,16287500.0,2024-11-15 05:00:00
168.4313,169.3586,164.6035,165.4223,1731906000,8324400.0,2024-11-18 05:00:00
167.0304,167.6716,165.2349,166.0734,1731992400,8651100.0,2024-11-19 05:00:00
168.1945,168.2339,164.8106,167.0304,1732078800,6197300.0,2024-11-20 05:00:00
173.7914,175.0967,169.1438,169.3119,1732165200,8917400.0,2024-11-21 05:00:00
172.9311,174.1177,171.4478,173.1684,1732251600,4242600.0,2024-11-22 05:00:00
172.6048,175.2154,170.014,174.7407,1732510800,8926500.0,2024-11-25 05:00:00
171.2698,173.5343,169.0251,173.386,1732597200,6517100.0,2024-11-26 05:00:00
169.4108,171.4082,166.8793,171.2698,1732683600,4348700.0,2024-11-27 05:00:00
172.763,176.4415,172.318,174.4144,1732856400,5944400.0,2024-11-29 05:00:00
181.2276,182.2165,172.763,173.5244,1733115600,9100600.0,2024-12-02 05:00:00
181.1188,181.2177,178.7851,179.1906,1733202000,5939900.0,2024-12-03 05:00:00
179.1411,183.6305,178.439,183.2745,1733288400,5819800.0,2024-12-04 05:00:00
170.1129,177.4205,168.6494,174.5726,1733374800,8663800.0,2024-12-05 05:00:00
171.0918,171.3885,169.4405,170.2414,1733461200,6058500.0,2024-12-06 05:00:00
169.9447,172.5553,168.3131,170.0535,1733720400,7647100.0,2024-12-09 05:00:00
166.2959,171.9423,165.574,171.5665,1733806800,8230900.0,2024-12-10 05:00:00
169.2229,171.2698,167.6012,167.8385,1733893200,6698600.0,2024-12-11 05:00:00
167.1957,168.2142,164.951,167.8088,1733979600,6108500.0,2024-12-12 05:00:00
167.4627,169.6184,165.9003,167.2155,1734066000,7051700.0,2024-12-13 05:00:00
167.5221,169.8261,166.9683,168.145,1734325200,6643000.0,2024-12-16 05:00:00
168.4417,168.8471,166.4936,167.1166,1734411600,6817600.0,2024-12-17 05:00:00
163.6062,172.4861,162.7162,169.035,1734498000,9000700.0,2024-12-18 05:00:00
159.6409,163.3985,159.2354,160.9758,1734584400,9252600.0,2024-12-19 05:00:00
161.7669,162.8942,157.1885,158.1971,1734670800,15336700.0,2024-12-20 05:00:00
165.5938,165.8212,162.3405,162.9338,1734930000,5040200.0,2024-12-23 05:00:00
166.4936,166.8397,165.04,165.5641,1735016400,2595800.0,2024-12-24 05:00:00
165.6828,166.9683,164.8917,165.485,1735189200,2793700.0,2024-12-26 05:00:00
164.9708,165.3367,162.7953,164.2984,1735275600,3599600.0,2024-12-27 05:00:00
161.8164,163.1315,160.165,162.1723,1735534800,4763100.0,2024-12-30 05:00:00
160.8176,163.3392,160.165,162.5975,1735621200,3565500.0,2024-12-31 05:00:00
162.0438,164.8521,161.0154,162.6371,1735794000,4164600.0,2025-01-02 05:00:00
168.1648,168.5208,162.9338,163.537,1735880400,5719800.0,2025-01-03 05:00:00
175.5021,178.3698,172.9113,173.03,1736139600,8475500.0,2025-01-06 05:00:00
175.8383,179.8135,174.4341,178.0633,1736226000,7332100.0,2025-01-07 05:00:00
175.0176,176.1844,172.8915,175.7691,1736312400,4581700.0,2025-01-08 05:00:00
169.7371,172.7729,167.6209,172.7729,1736485200,6325300.0,2025-01-10 05:00:00
168.9559,169.6975,165.8608,167.2155,1736744400,5465800.0,2025-01-13 05:00:00
171.7148,171.7642,168.4219,169.9448,1736830800,3842100.0,2025-01-14 05:00:00
176.3921,177.5095,173.92,174.7803,1736917200,5908600.0,2025-01-15 05:00:00
184.4018,189.5735,180.9705,183.7294,1737003600,10825400.0,2025-01-16 05:00:00
189.9098,191.0074,186.6861,190.8492,1737090000,8115100.0,2025-01-17 05:00:00
190.7206,193.0444,188.6935,192.5698,1737435600,7959100.0,2025-01-21 05:00:00
193.3312,198.315,193.1532,194.6365,1737522000,7288600.0,2025-01-22 05:00:00
188.5748,189.0692,185.6972,188.0112,1737608400,6307300.0,2025-01-23 05:00:00
184.6688,189.1483,183.5415,188.7627,1737694800,6088400.0,2025-01-24 05:00:00
172.6245,177.5589,168.5208,177.549,1737954000,12150200.0,2025-01-27 05:00:00
170.9237,172.8817,168.1055,171.8137,1738040400,7360500.0,2025-01-28 05:00:00
173.3266,178.2017,171.8433,177.994,1738126800,5679900.0,2025-01-29 05:00:00
179.6949,181.2276,175.4824,177.4007,1738213200,6013800.0,2025-01-30 05:00:00
178.3401,184.3623,178.0534,180.5552,1738299600,5898400.0,2025-01-31 05:00:00
176.8074,178.2413,172.2982,173.3662,1738558800,5321300.0,2025-02-03 05:00:00
176.5701,177.3018,173.4947,173.5145,1738645200,4687100.0,2025-02-04 05:00:00
178.6566,178.9928,173.3266,174.7605,1738731600,3958500.0,2025-02-05 05:00:00
180.7628,181.0397,176.5701,177.6084,1738818000,4479100.0,2025-02-06 05:00:00
177.994,181.4946,176.7382,181.099,1738904400,4992000.0,2025-02-07 05:00:00
181.6133,181.9791,179.3982,180.8222,1739163600,5744100.0,2025-02-10 05:00:00
181.1584,181.5342,179.0719,179.774,1739250000,3913300.0,2025-02-11 05:00:00
178.8741,179.507,176.3031,177.4205,1739336400,6640800.0,2025-02-12 05:00:00
182.2165,182.4637,177.6183,178.3006,1739422800,10302000.0,2025-02-13 05:00:00
167.3144,174.0386,166.731,172.8915,1739509200,12452800.0,2025-02-14 05:00:00
170.0832,171.8236,167.2155,169.8755,1739854800,10704900.0,2025-02-18 05:00:00
172.1202,172.9509,169.2229,170.3897,1739941200,5797000.0,2025-02-19 05:00:00
174.4494,176.7885,172.9528,173.5871,1740027600,6687300.0,2025-02-20 05:00:00
170.4551,174.6873,169.0874,174.5683,1740114000,7365400.0,2025-02-21 05:00:00
167.0754,173.6763,166.8474,172.2293,1740373200,7126200.0,2025-02-24 05:00:00
164.0722,168.1755,162.9919,166.6293,1740459600,8570300.0,2025-02-25 05:00:00
167.0159,168.7405,164.9444,165.8959,1740546000,5048500.0,2025-02-26 05:00:00
155.2511,169.0576,154.9935,168.7405,1740632400,9543600.0,2025-02-27 05:00:00
156.6685,158.6309,152.585,155.8954,1740718800,9427600.0,2025-02-28 05:00:00
150.7811,158.8985,149.3341,158.3137,1740978000,9259100.0,2025-03-03 05:00:00
151.5146,154.8448,148.224,151.7029,1741064400,8538600.0,2025-03-04 05:00:00
153.9429,154.488,148.67,151.7822,1741150800,5860000.0,2025-03-05 05:00:00
150.1964,152.6841,148.2736,150.1964,1741237200,6967800.0,2025-03-06 05:00:00
154.2996,154.9637,148.8583,150.1171,1741323600,5537800.0,2025-03-07 05:00:00
148.6601,153.0806,146.5688,151.0686,1741579200,8008400.0,2025-03-10 04:00:00
145.6867,149.1755,144.0811,147.6492,1741665600,7739900.0,2025-03-11 04:00:00
147.7384,150.3748,147.1239,150.3748,1741752000,8482200.0,2025-03-12 04:00:00
148.6205,151.7029,147.0545,147.5699,1741838400,5702200.0,2025-03-13 04:00:00
154.2798,155.1124,150.7811,150.7811,1741924800,5138800.0,2025-03-14 04:00:00
154.0816,155.8161,151.4848,151.5938,1742184000,4764300.0,2025-03-17 04:00:00
152.1489,153.5662,150.464,152.9517,1742270400,4282300.0,2025-03-18 04:00:00
153.0905,155.6773,151.4353,151.8218,1742356800,4426500.0,2025-03-19 04:00:00
153.0112,154.2402,150.3351,150.8802,1742443200,5480300.0,2025-03-20 04:00:00
150.7712,150.8406,147.6888,148.9574,1742529600,15911300.0,2025-03-21 04:00:00
153.5761,154.8844,153.2292,154.1213,1742788800,5855200.0,2025-03-24 04:00:00
152.2777,153.5761,151.1677,153.4671,1742875200,5093700.0,2025-03-25 04:00:00
149.344,152.6247,148.1844,151.7822,1742961600,4850800.0,2025-03-26 04:00:00
146.3706,148.5709,145.6371,148.5015,1743048000,6933800.0,2025-03-27 04:00:00
143.7738,148.4718,142.8422,147.4807,1743134400,7715000.0,2025-03-28 04:00:00
143.8333,144.3883,139.9084,141.5041,1743393600,7116300.0,2025-03-31 04:00:00
144.3685,144.8145,140.5427,142.8223,1743480000,5869500.0,2025-04-01 04:00:00
146.44,147.9861,142.5646,142.7529,1743566400,4904800.0,2025-04-02 04:00:00
134.3085,140.6121,134.1995,139.7498,1743652800,11779600.0,2025-04-03 04:00:00
125.8244,131.2855,122.8411,127.9652,1743739200,15564000.0,2025-04-04 04:00:00
131.6721,140.3148,122.6428,123.8619,1743998400,18941900.0,2025-04-07 04:00:00
127.8166,139.4525,126.3695,137.1828,1744084800,16423700.0,2025-04-08 04:00:00
148.4024,149.6215,127.4598,128.4311,1744171200,20667300.0,2025-04-09 04:00:00
137.0143,142.5349,132.3064,140.9689,1744257600,16290700.0,2025-04-10 04:00:00
143.6549,144.9334,134.2986,137.3414,1744344000,10617200.0,2025-04-11 04:00:00
143.2485,146.3904,140.8797,145.5777,1744603200,6835900.0,2025-04-14 04:00:00
144.1604,145.7363,142.9611,143.6846,1744689600,5259900.0,2025-04-15 04:00:00
136.9647,139.8291,133.1588,136.598,1744776000,9279100.0,2025-04-16 04:00:00
136.2412,138.4118,135.7258,137.7576,1744862400,6494800.0,2025-04-17 04:00:00
134.358,134.8041,131.6225,133.9319,1745208000,8395300.0,2025-04-21 04:00:00
137.0738,137.8468,135.1113,135.9637,1745294400,5222700.0,2025-04-22 04:00:00
142.3069,146.5193,141.4744,143.5657,1745380800,7994300.0,2025-04-23 04:00:00
148.8385,149.0665,144.0613,146.3012,1745467200,7609200.0,2025-04-24 04:00:00
150.2063,151.2569,146.5589,146.886,1745553600,4805200.0,2025-04-25 04:00:00
149.453,150.5234,146.2021,149.453,1745812800,7052500.0,2025-04-28 04:00:00
148.224,149.7305,146.5986,147.6789,1745899200,5721300.0,2025-04-29 04:00:00
149.3737,149.7008,143.4269,144.6757,1745985600,7273600.0,2025-04-30 04:00:00
147.6392,150.9298,147.4212,150.2955,1746072000,6732000.0,2025-05-01 04:00:00
153.7248,155.3106,151.3362,151.4353,1746158400,6083200.0,2025-05-02 04:00:00
153.2392,155.2512,152.4859,152.7436,1746417600,4069300.0,2025-05-05 04:00:00
151.6731,153.1103,150.5532,150.6523,1746504000,3471700.0,2025-05-06 04:00:00
154.4285,154.815,150.1666,151.9903,1746590400,5499000.0,2025-05-07 04:00:00
154.6168,157.392,154.4285,156.6288,1746676800,4824600.0,2025-05-08 04:00:00
154.2303,156.5991,153.2788,155.5386,1746763200,3884200.0,2025-05-09 04:00:00
166.5005,168.2945,164.1813,164.9643,1747022400,11724100.0,2025-05-12 04:00:00
171.4958,172.6356,166.9763,167.3727,1747108800,8980200.0,2025-05-13 04:00:00
172.596,173.7259,171.5156,171.9121,1747195200,7069700.0,2025-05-14 04:00:00
173.2006,174.8161,169.682,170.2272,1747281600,12811600.0,2025-05-15 04:00:00
164.102,167.9674,160.4843,166.9366,1747368000,16540400.0,2025-05-16 04:00:00
164.4687,164.5282,160.9303,161.0988,1747627200,7465700.0,2025-05-19 04:00:00
164.2605,164.4687,162.7738,163.5866,1747713600,5372400.0,2025-05-20 04:00:00
160.7916,164.8156,160.2365,162.09,1747800000,5658600.0,2025-05-21 04:00:00
159.5491,162.3123,159.3106,159.7181,1747886400,6355700.0,2025-05-22 04:00:00
156.5573,157.4519,154.7185,155.6926,1747972800,5733400.0,2025-05-23 04:00:00
160.8512,161.4973,158.2073,159.6585,1748318400,8470400.0,2025-05-27 04:00:00
160.6127,162.6801,159.907,160.9307,1748404800,6727200.0,2025-05-28 04:00:00
158.5154,164.5388,157.4916,164.4593,1748491200,6845600.0,2025-05-29 04:00:00
155.8019,158.2669,152.5418,158.0781,1748577600,15273600.0,2025-05-30 04:00:00
156.3188,156.6667,154.4899,154.8477,1748836800,5875300.0,2025-06-02 04:00:00
160.7618,160.9705,155.4143,155.9808,1748923200,6355400.0,2025-06-03 04:00:00
160.9506,162.4912,159.2112,161.5172,1749009600,5990600.0,2025-06-04 04:00:00
163.1969,164.6183,160.1256,162.2328,1749096000,7386800.0,2025-06-05 04:00:00
165.7315,168.5047,164.4394,164.4394,1749182400,5717500.0,2025-06-06 04:00:00
168.7631,170.7808,166.795,166.795,1749441600,6320000.0,2025-06-09 04:00:00
172.719,173.3353,168.9619,169.5483,1749528000,5711600.0,2025-06-10 04:00:00
171.7449,174.7268,169.2998,173.1862,1749614400,6133200.0,2025-06-11 04:00:00
173.9416,174.2994,171.238,171.4467,1749700800,4468500.0,2025-06-12 04:00:00
169.5582,172.5301,169.3594,170.0254,1749787200,5297100.0,2025-06-13 04:00:00
175.4822,175.8102,171.7449,171.9735,1750046400,6712900.0,2025-06-16 04:00:00
173.0371,177.2415,173.0072,175.2138,1750132800,6631400.0,2025-06-17 04:00:00
171.7946,174.2,170.7709,174.2,1750219200,4946900.0,2025-06-18 04:00:00
168.4351,174.3093,164.9065,173.4148,1750392000,18396600.0,2025-06-20 04:00:00
170.9199,171.2479,167.6995,169.2302,1750651200,6838800.0,2025-06-23 04:00:00
179.0902,179.4282,173.9416,174.0111,1750737600,7254500.0,2025-06-24 04:00:00
181.9628,182.1019,179.4083,180.0146,1750824000,5431800.0,2025-06-25 04:00:00
182.41,183.3841,180.9589,182.082,1750910400,5199700.0,2025-06-26 04:00:00
182.1019,184.6762,180.0245,183.2648,1750996800,14202800.0,2025-06-27 04:00:00
181.9628,183.6525,181.426,182.6883,1751256000,4070700.0,2025-06-30 04:00:00
182.6486,183.8115,179.8059,181.3366,1751342400,6572300.0,2025-07-01 04:00:00
188.8608,189.7553,180.5315,181.5254,1751428800,8800600.0,2025-07-02 04:00:00
189.8945,190.8785,188.1253,188.2048,1751515200,3568500.0,2025-07-03 04:00:00
189.6261,190.4908,187.4692,187.8966,1751860800,6577400.0,2025-07-07 04:00:00
193.8107,195.1127,190.3616,190.9779,1751947200,8097100.0,2025-07-08 04:00:00
194.2082,196.7627,193.0652,194.6158,1752033600,6170800.0,2025-07-09 04:00:00
196.8323,198.2139,195.4606,196.8024,1752120000,5229100.0,2025-07-10 04:00:00
196.7329,197.5777,194.9636,195.6594,1752206400,4424400.0,2025-07-11 04:00:00
195.9079,197.6175,193.3137,194.4269,1752465600,7264000.0,2025-07-14 04:00:00
198.0846,199.8936,197.2994,198.8699,1752552000,6007100.0,2025-07-15 04:00:00
193.6317,193.9796,188.6023,192.8266,1752638400,9400000.0,2025-07-16 04:00:00
191.3556,192.8565,190.789,191.455,1752724800,5704000.0,2025-07-17 04:00:00
189.2882,192.3993,188.99,191.8923,1752811200,4757100.0,2025-07-18 04:00:00
191.4451,193.2242,189.6261,189.6361,1753070400,5061500.0,2025-07-21 04:00:00
186.0081,191.3357,184.0103,191.1071,1753156800,7074500.0,2025-07-22 04:00:00
185.8789,188.2545,185.0142,186.5449,1753243200,5419800.0,2025-07-23 04:00:00
186.9822,188.8906,185.9386,187.022,1753329600,4819900.0,2025-07-24 04:00:00
184.5669,185.3919,182.9865,184.6862,1753416000,6608700.0,2025-07-25 04:00:00
189.1192,189.3478,187.4891,187.8668,1753675200,4913000.0,2025-07-28 04:00:00
187.2705,191.286,186.8132,190.461,1753761600,4605400.0,2025-07-29 04:00:00
188.2445,189.7156,186.6045,188.5825,1753848000,4018500.0,2025-07-30 04:00:00
178.9709,180.3724,173.4545,176.8041,1753934400,11375400.0,2025-07-31 04:00:00
178.9014,180.5315,175.184,175.5319,1754020800,8393200.0,2025-08-01 04:00:00
181.7143,181.8932,179.4083,180.8992,1754280000,4189300.0,2025-08-04 04:00:00
178.0665,182.1516,176.327,181.5652,1754366400,5292000.0,2025-08-05 04:00:00
177.0626,178.1559,174.4186,177.7981,1754452800,5857800.0,2025-08-06 04:00:00
182.0423,185.6702,180.7601,183.235,1754539200,6616600.0,2025-08-07 04:00:00
183.7519,184.2588,181.5155,182.0423,1754625600,4338400.0,2025-08-08 04:00:00
183.2648,188.5725,182.6685,186.0181,1754884800,7816000.0,2025-08-11 04:00:00
187.3102,188.5825,183.1654,184.6067,1754971200,5915400.0,2025-08-12 04:00:00
188.8806,189.9839,187.5885,188.652,1755057600,5923400.0,2025-08-13 04:00:00
187.1015,188.8807,185.6503,186.7238,1755144000,10992400.0,2025-08-14 04:00:00
160.7816,166.4869,160.7319,161.7159,1755230400,31803300.0,2025-08-15 04:00:00
162.5409,163.5548,160.7717,160.8313,1755489600,10125800.0,2025-08-18 04:00:00
161.2389,164.2008,160.5133,163.2467,1755576000,8921500.0,2025-08-19 04:00:00
159.9865,160.9904,156.9847,160.8214,1755662400,9323300.0,2025-08-20 04:00:00
159.3286,160.7739,158.571,159.4283,1755748800,8294900.0,2025-08-21 04:00:00
161.9701,164.4721,159.4681,160.1659,1755835200,7448100.0,2025-08-22 04:00:00
161.4717,162.0997,160.2357,161.7907,1756094400,4186800.0,2025-08-25 04:00:00
163.9836,164.2827,161.1627,161.4916,1756180800,6770200.0,2025-08-26 04:00:00
163.864,164.1232,162.0299,162.7376,1756267200,4633500.0,2025-08-27 04:00:00
164.7412,165.6284,163.2161,164.193,1756353600,7899500.0,2025-08-28 04:00:00
160.2456,163.1364,158.9199,162.3489,1756440000,7202100.0,2025-08-29 04:00:00
157.0659,157.7935,155.5108,156.2186,1756785600,7683400.0,2025-09-02 04:00:00
155.7501,157.5443,153.9758,157.5443,1756872000,7335000.0,2025-09-03 04:00:00
157.7337,159.1591,154.9028,155.4411,1756958400,6245100.0,2025-09-04 04:00:00
162.2293,162.329,158.3119,159.7472,1757044800,7046800.0,2025-09-05 04:00:00
161.5315,164.1232,161.3322,163.2859,1757304000,7933600.0,2025-09-08 04:00:00
162.9769,163.7344,161.2325,161.4019,1757390400,5315400.0,2025-09-09 04:00:00
162.8971,164.8708,162.0299,163.7743,1757476800,5690200.0,2025-09-10 04:00:00
169.6056,170.114,163.4753,163.4753,1757563200,8999900.0,2025-09-11 04:00:00
167.2631,169.1271,166.6451,167.3728,1757649600,5170600.0,2025-09-12 04:00:00
170.3831,170.5127,167.9908,168.5689,1757908800,5597600.0,2025-09-15 04:00:00
172.9847,173.543,171.031,171.9082,1757995200,6447500.0,2025-09-16 04:00:00
177.5601,178.9755,173.4134,173.6925,1758081600,9588300.0,2025-09-17 04:00:00
189.1528,190.9371,183.2418,187.3985,1758168000,15473700.0,2025-09-18 04:00:00
189.4918,191.2362,188.0564,190.2095,1758254400,18903500.0,2025-09-19 04:00:00
199.8784,200.5064,191.8143,192.5719,1758513600,15475500.0,2025-09-22 04:00:00
200.2273,203.447,198.1639,200.5861,1758600000,12417900.0,2025-09-23 04:00:00
200.7955,203.0981,196.7684,198.443,1758686400,6360500.0,2025-09-24 04:00:00
198.9614,200.0778,195.5722,198.4032,1758772800,6027600.0,2025-09-25 04:00:00
203.2675,204.5435,196.7584,199.3601,1758859200,7363300.0,2025-09-26 04:00:00
204.2943,209.8265,204.0251,205.6798,1759118400,9295400.0,2025-09-29 04:00:00
204.0849,209.5972,202.2209,203.7061,1759204800,12253800.0,2025-09-30 04:00:00
217.0433,217.7411,202.9585,204.0849,1759291200,12699200.0,2025-10-01 04:00:00
222.8746,225.6856,218.0302,224.2801,1759377600,11166000.0,2025-10-02 04:00:00
216.834,219.7945,214.9102,219.2064,1759464000,9269800.0,2025-10-03 04:00:00
223.1936,225.7654,220.0637,221.6286,1759723200,7891900.0,2025-10-06 04:00:00
210.8831,224.1106,210.594,223.1936,1759809600,10543300.0,2025-10-07 04:00:00
216.8141,217.9504,208.3313,209.3281,1759896000,7875500.0,2025-10-08 04:00:00
219.5951,220.1533,214.8205,216.3057,1759982400,6701400.0,2025-10-09 04:00:00
209.2783,223.7518,209.059,219.9939,1760068800,12829700.0,2025-10-10 04:00:00
218.7778,220.4225,216.3356,219.645,1760328000,7853000.0,2025-10-13 04:00:00
217.4919,220.9408,213.0262,213.2156,1760414400,8260000.0,2025-10-14 04:00:00
226.8519,227.3702,219.8144,223.2434,1760500800,8033600.0,2025-10-15 04:00:00
226.9914,231.3275,223.3132,229.8622,1760587200,7742800.0,2025-10-16 04:00:00
224.2701,226.6326,221.9875,225.7454,1760673600,5272800.0,2025-10-17 04:00:00
227.4001,230.5899,225.8052,226.4232,1760932800,5494800.0,2025-10-20 04:00:00
225.2769,227.43,224.4894,225.1972,1761019200,4557500.0,2025-10-21 04:00:00
219.8543,226.0444,215.3787,225.2769,1761105600,7498100.0,2025-10-22 04:00:00
227.739,229.8123,217.4221,217.6912,1761192000,7001900.0,2025-10-23 04:00:00
228.0181,229.9818,225.566,228.2673,1761278400,5346700.0,2025-10-24 04:00:00
230.5899,235.0356,230.3905,232.2545,1761537600,7671700.0,2025-10-27 04:00:00
226.9117,230.2808,226.3534,228.9451,1761624000,6118500.0,2025-10-28 04:00:00
234.9957,236.6305,231.2577,232.1548,1761710400,7784500.0,2025-10-29 04:00:00
231.806,241.7241,231.3375,237.0192,1761796800,7317700.0,2025-10-30 04:00:00
232.3542,237.1488,229.7127,232.9921,1761883200,6532600.0,2025-10-31 04:00:00
236.9494,239.0228,233.2513,234.916,1762146000,6160600.0,2025-11-03 05:00:00
229.4535,236.2118,229.0349,230.6796,1762232400,6896400.0,2025-11-04 05:00:00
240.1193,241.136,229.3638,229.4535,1762318800,7230800.0,2025-11-05 05:00:00
232.7828,239.9996,232.1847,239.9996,1762405200,9278400.0,2025-11-06 05:00:00
229.3339,231.7761,222.6653,231.5269,1762491600,6892800.0,2025-11-07 05:00:00
234.3279,235.7832,231.3175,235.4742,1762750800,7673700.0,2025-11-10 05:00:00
227.9384,232.5037,226.2737,231.8259,1762837200,6237600.0,2025-11-11 05:00:00
229.9918,231.0982,228.1676,230.4902,1762923600,5955400.0,2025-11-12 05:00:00
222.5158,228.2673,218.9273,226.6625,1763010000,13465900.0,2025-11-13 05:00:00
225.2869,225.4364,202.7492,203.0981,1763096400,15254400.0,2025-11-14 05:00:00
227.9782,230.9686,222.5457,223.4827,1763355600,8713600.0,2025-11-17 05:00:00
224.3997,226.8917,218.718,225.7554,1763442000,12167400.0,2025-11-18 05:00:00
234.3777,235.1552,225.7753,226.5628,1763528400,8870500.0,2025-11-19 05:00:00
219.9557,240.4601,218.6873,238.4926,1763614800,9264000.0,2025-11-20 05:00:00
223.731,227.8758,215.2316,218.927,1763701200,8596800.0,2025-11-21 05:00:00
230.6224,232.9095,222.5824,222.5824,1763960400,8806600.0,2025-11-24 05:00:00
242.158,244.3153,232.8496,237.2541,1764046800,8330300.0,2025-11-25 05:00:00
249.6586,252.3453,242.5275,242.5275,1764133200,8791100.0,2025-11-26 05:00:00
251.9358,252.1655,247.5413,250.4876,1764306000,2916300.0,2025-11-28 05:00:00
254.4327,255.4714,248.2204,249.9183,1764565200,6842400.0,2025-12-01 05:00:00
264.9995,266.7173,255.3116,255.3116,1764651600,9196800.0,2025-12-02 05:00:00
268.2954,268.8147,259.3865,264.9695,1764738000,7999600.0,2025-12-03 05:00:00
269.1044,272.4202,265.6687,268.0057,1764824400,6348800.0,2025-12-04 05:00:00
267.6662,273.2492,267.027,269.4539,1764910800,5373400.0,2025-12-05 05:00:00
267.826,271.821,266.208,269.1643,1765170000,5338100.0,2025-12-08 05:00:00
266.8073,268.3753,264.4002,265.7386,1765256400,4062600.0,2025-12-09 05:00:00
274.8073,275.7561,265.5288,266.4377,1765342800,6244600.0,2025-12-10 05:00:00
269.7735,271.6512,262.5026,270.8822,1765429200,7061200.0,2025-12-11 05:00:00
258.8871,269.374,256.8097,266.9271,1765515600,6739300.0,2025-12-12 05:00:00
260.9445,265.3591,259.4664,263.1019,1765774800,6406000.0,2025-12-15 05:00:00
258.5176,261.2542,254.982,259.4664,1765861200,5859700.0,2025-12-16 05:00:00
247.9608,259.776,246.6124,257.8384,1765947600,7855400.0,2025-12-17 05:00:00
253.1842,260.4951,251.9158,258.7673,1766034000,8741200.0,2025-12-18 05:00:00
256.0906,260.9945,253.2641,255.3915,1766120400,25749700.0,2025-12-19 05:00:00
258.6874,262.5026,257.2791,262.5026,1766379600,4182000.0,2025-12-22 05:00:00
259.9059,260.1256,257.5588,257.8384,1766466000,3791500.0,2025-12-23 05:00:00
260.4552,261.1543,259.007,259.9059,1766552400,1279500.0,2025-12-24 05:00:00
261.5738,262.6125,259.8759,261.5138,1766725200,1836000.0,2025-12-26 05:00:00
262.7223,264.3203,259.6761,260.4951,1766984400,2601600.0,2025-12-29 05:00:00
259.6462,264.6799,259.4564,263.8609,1767070800,2185100.0,2025-12-30 05:00:00
256.6699,261.5039,255.6412,261.1443,1767157200,3025800.0,2025-12-31 05:00:00
268.5351,270.8922,264.7698,266.7473,1767330000,7553200.0,2026-01-02 05:00:00
283.9659,287.3816,275.7761,275.7761,1767589200,10398700.0,2026-01-05 05:00:00
295.6413,297.8485,285.0745,285.0745,1767675600,7237900.0,2026-01-06 05:00:00
291.836,294.8822,289.6388,291.6363,1767762000,6148400.0,2026-01-07 05:00:00
281.2892,291.5564,279.1019,290.3379,1767848400,5500700.0,2026-01-08 05:00:00
300.8048,302.4029,286.1431,288.0408,1767934800,9427600.0,2026-01-09 05:00:00
306.8573,309.1145,300.2156,301.3442,1768194000,6612800.0,2026-01-12 05:00:00
304.4902,310.2531,302.2131,306.6775,1768280400,7146500.0,2026-01-13 05:00:00
301.514,301.5639,296.6301,301.0945,1768366800,6545200.0,2026-01-14 05:00:00
318.6825,330.5877,318.4328,327.6713,1768453200,11262800.0,2026-01-15 05:00:00
326.6027,329.7787,319.7712,325.3143,1768539600,11399300.0,2026-01-16 05:00:00
317.8336,324.0858,315.3068,315.7063,1768885200,9387300.0,2026-01-20 05:00:00
324.8349,328.2806,316.5153,319.0821,1768971600,7914000.0,2026-01-21 05:00:00
318.3929,332.6152,317.0646,332.5752,1769058000,6036100.0,2026-01-22 05:00:00
321.9785,323.2369,310.6825,318.5827,1769144400,6201000.0,2026-01-23 05:00:00
319.0621,321.5989,316.1757,321.5989,1769403600,4777200.0,2026-01-26 05:00:00
332.2956,336.0509,322.8873,324.0459,1769490000,8033000.0,2026-01-27 05:00:00
336.3305,343.6115,332.5452,341.5041,1769576400,8470000.0,2026-01-28 05:00:00
340.9148,344.1708,328.4704,340.3156,1769662800,7350500.0,2026-01-29 05:00:00
321.9185,340.5253,321.1395,332.5153,1769749200,9814100.0,2026-01-30 05:00:00
327.9909,330.0284,319.4516,320.2007,1770008400,7409600.0,2026-02-02 05:00:00
318.2731,338.0184,311.5614,336.5203,1770094800,10697000.0,2026-02-03 05:00:00
297.2293,323.5864,287.1319,323.5864,1770181200,14719400.0,2026-02-04 05:00:00
303.6113,303.9709,291.9559,299.6962,1770267600,8514300.0,2026-02-05 05:00:00
322.1083,323.9959,307.916,309.0246,1770354000,8344400.0,2026-02-06 05:00:00
330.1582,331.9859,315.7063,317.1644,1770613200,7458900.0,2026-02-09 05:00:00
328.6601,334.1932,321.1195,329.4491,1770699600,6785800.0,2026-02-10 05:00:00
339.4566,343.9111,330.4778,337.4891,1770786000,7160900.0,2026-02-11 05:00:00
327.981,340.6452,325.1545,339.4566,1770872400,9764400.0,2026-02-12 05:00:00
354.4679,375.8513,352.82,364.4954,1770958800,15706000.0,2026-02-13 05:00:00
358.6827,362.1783,347.227,350.5628,1771304400,8791300.0,2026-02-17 05:00:00
368.84,373.5342,358.8125,361.1796,1771390800,8784300.0,2026-02-18 05:00:00
369.83,370.07,360.4,362.2,1771477200,6640100.0,2026-02-19 05:00:00
375.38,377.11,366.27,366.27,1771563600,8178700.0,2026-02-20 05:00:00
373.55,378.86,369.68,372.4,1771822800,6077400.0,2026-02-23 05:00:00
377.93,380.51,368.0,376.59,1771909200,5711800.0,2026-02-24 05:00:00
394.95,395.95,384.0,385.0,1771995600,9745000.0,2026-02-25 05:00:00
375.72,393.47,366.54,391.8,1772082000,7717100.0,2026-02-26 05:00:00
372.3,378.58,365.61,365.94,1772168400,9041400.0,2026-02-27 05:00:00
372.18,373.81,363.28,366.58,1772427600,5802100.0,2026-03-02 05:00:00
351.32,359.53,348.59,350.9,1772514000,7982000.0,2026-03-03 05:00:00
357.76,362.34,350.7,359.22,1772600400,5980400.0,2026-03-04 05:00:00
346.53,354.76,336.3,351.04,1772686800,5899700.0,2026-03-05 05:00:00
324.74,341.4,321.74,329.52,1772773200,8655200.0,2026-03-06 05:00:00
338.94,339.16,316.66,320.48,1773028800,9504100.0,2026-03-09 04:00:00
345.88,355.28,339.0,339.85,1773115200,6121100.0,2026-03-10 04:00:00
351.07,353.0,343.53,348.0,1773201600,4517200.0,2026-03-11 04:00:00
337.27,345.48,334.01,344.19,1773288000,5978200.0,2026-03-12 04:00:00
341.53,349.25,340.28,342.47,1773374400,5332200.0,2026-03-13 04:00:00
346.18,350.75,343.57,347.7,1773633600,4427000.0,2026-03-16 04:00:00
352.46,352.81,343.01,346.18,1773720000,4833900.0,2026-03-17 04:00:00
349.47,357.86,349.23,353.39,1773806400,5170500.0,2026-03-18 04:00:00
357.21,359.05,338.09,340.74,1773892800,6459700.0,2026-03-19 04:00:00
357.06,362.0,346.66,359.77,1773979200,17587900.0,2026-03-20 04:00:00
361.79,374.25,361.45,367.82,1774238400,6490700.0,2026-03-23 04:00:00
373.99,379.99,358.0,358.16,1774324800,6406200.0,2026-03-24 04:00:00
369.34,375.68,360.66,371.0,1774411200,5052000.0,2026-03-25 04:00:00
338.55,359.48,337.53,358.37,1774497600,9261000.0,2026-03-26 04:00:00
337.17,345.69,334.34,337.63,1774584000,5984800.0,2026-03-27 04:00:00
323.12,344.54,320.69,344.0,1774843200,6568100.0,2026-03-30 04:00:00
341.79,342.06,325.46,328.83,1774929600,8335600.0,2026-03-31 04:00:00
353.8,359.0,341.43,345.29,1775016000,5974800.0,2026-04-01 04:00:00
348.47,354.31,337.25,338.0,1775102400,4269400.0,2026-04-02 04:00:00
352.62,353.5,345.83,351.02,1775448000,2505500.0,2026-04-06 04:00:00
354.31,356.0,345.5,348.15,1775534400,4024800.0,2026-04-07 04:00:00
385.72,389.3,377.78,378.89,1775620800,7628500.0,2026-04-08 04:00:00
397.81,398.74,385.13,385.25,1775707200,5373600.0,2026-04-09 04:00:00
399.49,407.29,398.98,402.5,1775793600,6397400.0,2026-04-10 04:00:00
