close,high,low,open,time,volume,date
194.7541,196.271,193.2878,194.7204,1603166400,1950100.0,2020-10-20 04:00:00
192.9591,194.7626,191.754,193.3721,1603252800,1978700.0,2020-10-21 04:00:00
192.1248,193.7681,190.591,192.2259,1603339200,2172900.0,2020-10-22 04:00:00
191.4337,193.8861,190.709,192.7484,1603425600,2104200.0,2020-10-23 04:00:00
189.5208,192.3355,186.9083,190.4731,1603684800,3087100.0,2020-10-26 04:00:00
188.3157,190.4141,188.046,189.664,1603771200,1934400.0,2020-10-27 04:00:00
182.3492,186.2931,181.9699,184.5739,1603857600,2874000.0,2020-10-28 04:00:00
183.5627,185.678,177.2086,180.0317,1603944000,2994100.0,2020-10-29 04:00:00
182.8211,183.0992,180.3098,182.2143,1604030400,3262500.0,2020-10-30 04:00:00
185.5768,187.3971,183.0402,186.7145,1604293200,2029000.0,2020-11-02 05:00:00
185.4504,187.9954,184.102,186.883,1604379600,2533600.0,2020-11-03 05:00:00
194.1052,198.8666,189.6977,190.7006,1604466000,3810000.0,2020-11-04 05:00:00
195.4873,197.0547,193.8271,197.0042,1604552400,2070300.0,2020-11-05 05:00:00
195.2345,196.5323,193.8608,196.0688,1604638800,2028500.0,2020-11-06 05:00:00
198.0407,206.2994,197.198,204.732,1604898000,2996200.0,2020-11-09 05:00:00
203.6027,207.1759,201.8077,205.6253,1604984400,3742800.0,2020-11-10 05:00:00
202.8359,207.0327,200.9903,204.3781,1605070800,2244800.0,2020-11-11 05:00:00
199.8442,203.0044,198.5801,202.7179,1605157200,2438200.0,2020-11-12 05:00:00
201.3884,202.4319,199.386,200.9896,1605243600,1767100.0,2020-11-13 05:00:00
200.7944,203.4755,199.6066,201.4393,1605502800,2069200.0,2020-11-16 05:00:00
197.214,201.0235,196.9424,199.3945,1605589200,1935100.0,2020-11-17 05:00:00
193.2433,198.8515,193.1414,198.58,1605675600,2466200.0,2020-11-18 05:00:00
190.6215,192.573,189.7052,192.573,1605762000,2595700.0,2020-11-19 05:00:00
189.3488,190.9779,187.915,189.3913,1605848400,2956200.0,2020-11-20 05:00:00
188.5428,189.3488,186.9477,188.407,1606107600,2032600.0,2020-11-23 05:00:00
187.0495,189.247,186.5065,188.7379,1606194000,3198300.0,2020-11-24 05:00:00
186.9223,189.8579,185.7429,187.5926,1606280400,2550300.0,2020-11-25 05:00:00
190.7403,191.9282,187.8386,187.8556,1606453200,1698300.0,2020-11-27 05:00:00
188.3901,191.1391,186.1926,190.3331,1606712400,4857700.0,2020-11-30 05:00:00
190.9694,191.5633,188.967,190.7997,1606798800,3050600.0,2020-12-01 05:00:00
192.2251,195.2116,190.5706,190.9694,1606885200,2641200.0,2020-12-02 05:00:00
192.5221,193.8287,191.3427,191.75,1606971600,2167800.0,2020-12-03 05:00:00
194.4735,195.4238,191.5378,191.5378,1607058000,2008800.0,2020-12-04 05:00:00
192.1317,194.4735,190.9948,194.2953,1607317200,2250300.0,2020-12-07 05:00:00
194.2444,194.3802,192.0469,194.3038,1607403600,2124500.0,2020-12-08 05:00:00
195.0165,196.4928,193.345,194.9571,1607490000,2210000.0,2020-12-09 05:00:00
193.5826,195.1438,193.0396,194.8214,1607576400,1558100.0,2020-12-10 05:00:00
192.9378,193.2772,191.3257,192.1487,1607662800,2019300.0,2020-12-11 05:00:00
194.6856,197.0019,193.0905,194.7026,1607922000,2904700.0,2020-12-14 05:00:00
195.5935,196.2298,192.5984,194.3038,1608008400,2566600.0,2020-12-15 05:00:00
193.8202,196.2298,193.5402,195.1353,1608094800,2589100.0,2020-12-16 05:00:00
196.1958,196.3146,194.1511,194.3971,1608181200,2510400.0,2020-12-17 05:00:00
193.8626,196.8746,192.8105,196.8746,1608267600,5888900.0,2020-12-18 05:00:00
192.8614,193.396,187.9998,191.4785,1608526800,2311400.0,2020-12-21 05:00:00
187.4992,192.1572,186.7271,191.5124,1608613200,3571600.0,2020-12-22 05:00:00
189.1537,189.6967,187.2192,187.9149,1608699600,1763500.0,2020-12-23 05:00:00
189.1452,190.5452,188.6022,189.4082,1608786000,955400.0,2020-12-24 05:00:00
189.7561,192.5136,189.2301,189.2301,1609131600,1495100.0,2020-12-28 05:00:00
192.4881,194.6941,191.1306,191.6481,1609218000,1564400.0,2020-12-29 05:00:00
192.7427,194.3208,192.2421,193.4299,1609304400,1891400.0,2020-12-30 05:00:00
195.0759,195.3559,191.6567,192.8615,1609390800,1821000.0,2020-12-31 05:00:00
192.3099,196.2043,189.7731,196.2043,1609736400,3088200.0,2021-01-04 05:00:00
193.2433,194.2105,190.35,192.5475,1609822800,2494000.0,2021-01-05 05:00:00
197.9012,198.1387,190.9015,190.9015,1609909200,3754800.0,2021-01-06 05:00:00
198.5545,199.6999,196.391,196.7218,1609995600,2647800.0,2021-01-07 05:00:00
202.3472,202.6611,199.4709,199.8357,1610082000,2511100.0,2021-01-08 05:00:00
201.5666,203.9253,198.9024,203.6283,1610341200,2600500.0,2021-01-11 05:00:00
200.735,202.5932,199.683,201.1847,1610427600,1771500.0,2021-01-12 05:00:00
201.7108,202.3556,199.5727,200.226,1610514000,1412300.0,2021-01-13 05:00:00
205.0367,206.5894,199.963,200.6587,1610600400,2594000.0,2021-01-14 05:00:00
208.2863,209.4317,203.6452,204.6294,1610686800,2855200.0,2021-01-15 05:00:00
210.645,211.2643,209.0414,209.1432,1611032400,2172900.0,2021-01-19 05:00:00
214.1151,214.9551,208.8208,209.9238,1611118800,2768200.0,2021-01-20 05:00:00
213.8351,214.4291,211.7055,213.8097,1611205200,2215900.0,2021-01-21 05:00:00
215.0823,216.5502,212.5879,214.0303,1611291600,1866600.0,2021-01-22 05:00:00
218.1368,218.1453,213.6824,213.8521,1611550800,1830700.0,2021-01-25 05:00:00
219.4095,219.8083,216.2363,217.7041,1611637200,2008900.0,2021-01-26 05:00:00
213.0121,220.1222,212.3843,216.7538,1611723600,3237900.0,2021-01-27 05:00:00
210.2037,234.7579,206.5554,214.2169,1611810000,5205600.0,2021-01-28 05:00:00
204.8416,209.1178,203.8404,207.8111,1611896400,3792800.0,2021-01-29 05:00:00
203.9931,208.2778,203.2719,207.2766,1612155600,2173500.0,2021-02-01 05:00:00
204.0441,205.2828,200.9133,203.6283,1612242000,2444200.0,2021-02-02 05:00:00
201.1508,203.518,196.3231,196.4674,1612328400,4479200.0,2021-02-03 05:00:00
201.2696,201.8126,198.3255,200.472,1612414800,2819700.0,2021-02-04 05:00:00
200.506,202.678,199.7084,202.1944,1612501200,2421800.0,2021-02-05 05:00:00
201.5666,203.3144,200.1072,201.9229,1612760400,2258200.0,2021-02-08 05:00:00
200.786,201.6514,199.2078,201.3205,1612846800,1996500.0,2021-02-09 05:00:00
202.3217,203.8828,200.8284,202.2707,1612933200,2964400.0,2021-02-10 05:00:00
200.9028,204.3988,200.0053,203.9799,1613019600,1633900.0,2021-02-11 05:00:00
202.7576,202.8772,199.5779,200.9027,1613106000,1460300.0,2021-02-12 05:00:00
199.0223,203.1679,198.7573,201.7319,1613451600,2018100.0,2021-02-16 05:00:00
201.3899,201.5865,197.6546,198.5863,1613538000,1575400.0,2021-02-17 05:00:00
198.7573,201.2361,198.5607,201.2361,1613624400,1945300.0,2021-02-18 05:00:00
198.0393,199.2872,197.3213,198.3128,1613710800,2471500.0,2021-02-19 05:00:00
197.8513,199.8428,196.6973,196.8768,1613970000,2334800.0,2021-02-22 05:00:00
198.6974,203.4328,197.4238,198.8598,1614056400,2919200.0,2021-02-23 05:00:00
196.5862,197.27,194.6373,196.4836,1614142800,2690500.0,2021-02-24 05:00:00
194.475,197.0222,193.945,196.5862,1614229200,2769200.0,2021-02-25 05:00:00
192.2526,196.8597,191.1414,196.8597,1614315600,3453500.0,2021-02-26 05:00:00
194.0647,194.8254,192.5176,193.0732,1614574800,2178100.0,2021-03-01 05:00:00
192.9107,194.7912,192.5603,194.0305,1614661200,2407500.0,2021-03-02 05:00:00
191.415,192.9108,189.1669,191.056,1614747600,2610600.0,2021-03-03 05:00:00
189.6797,194.7741,188.2608,194.7314,1614834000,3577000.0,2021-03-04 05:00:00
194.6544,195.0134,189.2865,190.1413,1614920400,3021300.0,2021-03-05 05:00:00
194.7228,198.4752,193.7741,194.9536,1615179600,3101000.0,2021-03-08 05:00:00
195.7315,199.2616,195.552,196.5948,1615266000,3057300.0,2021-03-09 05:00:00
196.5606,199.5779,195.7571,197.8427,1615352400,2309800.0,2021-03-10 05:00:00
197.5948,199.9796,195.5519,197.1589,1615438800,2244000.0,2021-03-11 05:00:00
196.9025,197.2444,195.475,196.7999,1615525200,1752600.0,2021-03-12 05:00:00
201.6891,201.8601,196.4238,196.5947,1615780800,2911000.0,2021-03-15 04:00:00
205.4158,206.8689,202.2532,203.5354,1615867200,3386300.0,2021-03-16 04:00:00
208.7922,210.1854,204.4757,205.4073,1615953600,3255500.0,2021-03-17 04:00:00
208.9204,211.2453,205.5697,205.5697,1616040000,3063100.0,2021-03-18 04:00:00
210.2197,211.4676,206.5356,210.0487,1616126400,12589900.0,2021-03-19 04:00:00
213.425,213.4934,207.1596,207.1596,1616385600,2059800.0,2021-03-22 04:00:00
209.4504,213.69,209.3307,213.6814,1616472000,2604700.0,2021-03-23 04:00:00
209.8179,211.459,208.4075,209.4161,1616558400,2237500.0,2021-03-24 04:00:00
210.4846,211.5872,209.399,211.1598,1616644800,2707600.0,2021-03-25 04:00:00
216.1346,216.4936,209.8777,210.2453,1616731200,2638900.0,2021-03-26 04:00:00
217.9296,219.3314,214.9293,214.9977,1616990400,2488100.0,2021-03-29 04:00:00
213.4763,217.1176,212.6899,216.4081,1617076800,1979000.0,2021-03-30 04:00:00
212.6728,213.6472,211.4334,213.0318,1617163200,3571900.0,2021-03-31 04:00:00
212.9805,213.69,210.6214,213.4592,1617249600,2176900.0,2021-04-01 04:00:00
215.4166,215.938,212.8865,212.8865,1617595200,2230500.0,2021-04-05 04:00:00
212.9207,215.861,212.1856,215.1773,1617681600,2040100.0,2021-04-06 04:00:00
212.083,213.878,211.2111,212.1257,1617768000,1583500.0,2021-04-07 04:00:00
211.0231,213.2455,210.2538,212.9207,1617854400,1633600.0,2021-04-08 04:00:00
212.7924,212.9207,210.1085,211.7325,1617940800,1368600.0,2021-04-09 04:00:00
212.7839,213.6899,211.8009,212.4249,1618200000,1722000.0,2021-04-12 04:00:00
213.6472,213.9891,211.2026,212.9634,1618286400,1766000.0,2021-04-13 04:00:00
213.3651,214.9721,212.8352,213.6728,1618372800,1753800.0,2021-04-14 04:00:00
218.0749,219.6733,214.1173,214.6302,1618459200,2366300.0,2021-04-15 04:00:00
218.5707,221.229,217.6817,219.1946,1618545600,2768700.0,2021-04-16 04:00:00
218.7929,218.9125,215.9465,216.126,1618804800,2345100.0,2021-04-19 04:00:00
221.5025,222.5452,217.827,217.827,1618891200,1579300.0,2021-04-20 04:00:00
221.1947,223.0923,220.3143,222.588,1618977600,2173600.0,2021-04-21 04:00:00
218.0065,220.9383,216.8184,220.1349,1619064000,3370700.0,2021-04-22 04:00:00
219.6989,220.6477,216.8269,217.9467,1619150400,2426900.0,2021-04-23 04:00:00
218.4082,219.4596,217.468,219.3741,1619409600,1782700.0,2021-04-26 04:00:00
218.0749,219.2715,216.9039,218.1262,1619496000,2184900.0,2021-04-27 04:00:00
202.3302,208.5357,199.8086,206.4416,1619582400,7550800.0,2021-04-28 04:00:00
200.6207,201.7233,197.4751,200.9284,1619668800,4053400.0,2021-04-29 04:00:00
204.8346,205.7065,200.1847,200.2446,1619755200,3420900.0,2021-04-30 04:00:00
209.741,211.1428,205.6125,205.7151,1620014400,3587700.0,2021-05-03 04:00:00
211.4334,211.6215,207.5955,211.3565,1620100800,3555900.0,2021-05-04 04:00:00
213.1344,213.6729,210.194,210.5188,1620187200,2765100.0,2021-05-05 04:00:00
214.8011,214.955,211.0915,213.0745,1620273600,2790800.0,2021-05-06 04:00:00
217.2885,218.5877,215.2114,215.2114,1620360000,2512700.0,2021-05-07 04:00:00
215.9294,221.2204,215.4507,218.8185,1620619200,4079900.0,2021-05-10 04:00:00
215.6559,218.7843,215.0747,216.391,1620705600,2307100.0,2021-05-11 04:00:00
214.3994,216.8696,213.4164,214.8951,1620792000,2431900.0,2021-05-12 04:00:00
215.4593,217.1859,213.5104,213.8353,1620878400,3275300.0,2021-05-13 04:00:00
216.3804,219.1434,216.1824,217.6801,1620964800,2286800.0,2021-05-14 04:00:00
217.2411,219.2037,215.7434,217.1636,1621224000,1922200.0,2021-05-17 04:00:00
215.9327,217.8609,215.4679,216.9829,1621310400,1729400.0,2021-05-18 04:00:00
214.0132,214.4092,212.395,213.8066,1621396800,2652500.0,2021-05-19 04:00:00
216.8537,218.9712,213.3935,213.4795,1621483200,2227400.0,2021-05-20 04:00:00
216.0618,218.6872,215.8294,218.3859,1621569600,2177900.0,2021-05-21 04:00:00
213.2557,218.1879,213.1008,215.6745,1621828800,2552000.0,2021-05-24 04:00:00
208.3063,213.2557,208.1169,212.3175,1621915200,3210600.0,2021-05-25 04:00:00
205.3367,208.7195,205.1473,208.1686,1622001600,3812100.0,2021-05-26 04:00:00
202.5477,206.1199,201.9194,205.6465,1622088000,3701100.0,2021-05-27 04:00:00
204.8116,207.3336,203.2536,203.3224,1622174400,3239300.0,2021-05-28 04:00:00
201.0587,208.5474,200.5078,208.4785,1622520000,3799600.0,2021-06-01 04:00:00
202.4187,203.7357,201.3255,202.1949,1622606400,2266800.0,2021-06-02 04:00:00
202.9179,203.6409,200.8692,201.1361,1622692800,2010600.0,2021-06-03 04:00:00
203.8734,205.965,202.9265,203.7787,1622779200,1875700.0,2021-06-04 04:00:00
204.166,207.0754,202.4531,203.9336,1623038400,2153800.0,2021-06-07 04:00:00
203.8475,205.8273,202.4961,205.6637,1623124800,1638000.0,2021-06-08 04:00:00
206.1716,207.7124,203.77,204.7944,1623211200,3047700.0,2021-06-09 04:00:00
210.5787,211.1727,205.9134,206.2146,1623297600,2655900.0,2021-06-10 04:00:00
208.9691,211.319,208.2891,210.7853,1623384000,2002300.0,2021-06-11 04:00:00
207.6091,208.9261,205.9736,208.7884,1623643200,2083200.0,2021-06-14 04:00:00
206.4557,208.2891,205.7671,208.0825,1623729600,2508800.0,2021-06-15 04:00:00
206.2232,210.4668,204.8632,207.3336,1623816000,3185600.0,2021-06-16 04:00:00
207.2389,208.6764,205.1559,206.1888,1623902400,2142800.0,2021-06-17 04:00:00
205.4485,207.4455,203.5462,206.2232,1623988800,5560400.0,2021-06-18 04:00:00
206.7914,207.3681,204.562,206.2749,1624248000,2149000.0,2021-06-21 04:00:00
206.5073,207.2304,205.1129,206.3352,1624334400,1780400.0,2021-06-22 04:00:00
205.4744,206.3696,203.9422,206.2835,1624420800,1654300.0,2021-06-23 04:00:00
207.4025,209.1929,205.9736,206.9377,1624507200,1943000.0,2021-06-24 04:00:00
208.8916,209.7266,206.6795,207.9964,1624593600,4309900.0,2021-06-25 04:00:00
209.0294,211.3276,208.8744,210.0537,1624852800,1680700.0,2021-06-28 04:00:00
208.7023,209.9763,208.358,209.3565,1624939200,1337200.0,2021-06-29 04:00:00
209.8127,210.2603,208.358,208.9261,1625025600,2325100.0,2021-06-30 04:00:00
212.5241,212.6962,209.6405,209.804,1625112000,2091600.0,2021-07-01 04:00:00
214.0735,215.1064,211.9646,212.8942,1625198400,1943600.0,2021-07-02 04:00:00
209.7266,213.5742,209.3134,212.8339,1625544000,2792300.0,2021-07-06 04:00:00
209.3565,210.2689,207.7382,210.0882,1625630400,2381700.0,2021-07-07 04:00:00
210.2689,212.3519,208.6937,210.2345,1625716800,1994300.0,2021-07-08 04:00:00
211.0608,211.6892,208.0567,209.2446,1625803200,1609900.0,2021-07-09 04:00:00
210.3464,213.3849,209.6319,210.4497,1626062400,2149400.0,2021-07-12 04:00:00
210.7423,212.395,209.1499,211.2243,1626148800,1618200.0,2021-07-13 04:00:00
210.6304,211.1727,207.8673,210.2172,1626235200,2185200.0,2021-07-14 04:00:00
212.2917,213.1008,208.4268,210.3119,1626321600,2106700.0,2021-07-15 04:00:00
213.4365,214.7879,212.2142,213.5398,1626408000,3141400.0,2021-07-16 04:00:00
212.3777,215.1494,210.7595,213.2988,1626667200,2529900.0,2021-07-19 04:00:00
212.5155,215.5282,211.4998,212.8426,1626753600,3035200.0,2021-07-20 04:00:00
210.7595,212.5757,208.9002,212.5327,1626840000,1901900.0,2021-07-21 04:00:00
210.6648,211.9388,209.279,210.0106,1626926400,1379800.0,2021-07-22 04:00:00
213.2299,213.9529,210.7767,211.9818,1627012800,1747300.0,2021-07-23 04:00:00
210.9575,213.8067,210.7251,213.2299,1627272000,1518500.0,2021-07-26 04:00:00
210.6132,211.4137,209.4942,210.1312,1627358400,2166400.0,2021-07-27 04:00:00
210.243,213.2127,209.6147,210.5013,1627444800,1649100.0,2021-07-28 04:00:00
208.7023,211.0264,208.4871,210.4239,1627531200,1498900.0,2021-07-29 04:00:00
207.9104,209.2532,207.1271,208.84,1627617600,2284100.0,2021-07-30 04:00:00
206.404,208.7195,205.1817,208.4096,1627876800,1849400.0,2021-08-02 04:00:00
210.0967,210.3636,206.0769,207.239,1627963200,2320400.0,2021-08-03 04:00:00
196.5224,206.0856,195.4809,205.1818,1628049600,6952800.0,2021-08-04 04:00:00
201.4116,201.4546,196.3072,196.9011,1628136000,3294100.0,2021-08-05 04:00:00
198.1062,200.7746,196.9183,199.5695,1628222400,2363800.0,2021-08-06 04:00:00
196.1608,199.1821,195.5841,198.4247,1628481600,2250300.0,2021-08-09 04:00:00
196.2211,196.4277,192.7608,196.4277,1628568000,2860200.0,2021-08-10 04:00:00
196.3674,197.9771,195.8165,197.2368,1628654400,2104900.0,2021-08-11 04:00:00
196.3847,197.5295,194.3705,196.4277,1628740800,1798600.0,2021-08-12 04:00:00
197.7016,199.6039,196.9097,197.211,1628827200,1797300.0,2021-08-13 04:00:00
200.434,200.6248,197.7016,197.9966,1629086400,2434500.0,2021-08-16 04:00:00
200.5468,200.6161,199.0895,199.2109,1629172800,2666500.0,2021-08-17 04:00:00
196.7648,200.6595,196.5567,199.9569,1629259200,2988100.0,2021-08-18 04:00:00
194.6397,197.5108,193.6942,195.7673,1629345600,2669000.0,2021-08-19 04:00:00
193.8937,196.2444,192.5752,194.6397,1629432000,2811600.0,2021-08-20 04:00:00
195.7239,197.2853,194.1018,194.4575,1629691200,1932600.0,2021-08-23 04:00:00
194.631,195.7586,193.9197,195.6198,1629777600,1790400.0,2021-08-24 04:00:00
192.2109,195.0213,191.8552,194.5702,1629864000,2173200.0,2021-08-25 04:00:00
192.1068,192.6186,190.9705,192.6186,1629950400,2844500.0,2021-08-26 04:00:00
193.2431,195.481,191.0225,192.7574,1630036800,2660900.0,2021-08-27 04:00:00
194.4141,195.4377,192.6533,192.8094,1630296000,1881800.0,2021-08-30 04:00:00
195.6285,195.7325,193.7288,195.1167,1630382400,2904700.0,2021-08-31 04:00:00
193.7376,196.1403,192.4625,195.6459,1630468800,2699000.0,2021-09-01 04:00:00
196.0015,196.0622,193.8069,193.9891,1630555200,1817800.0,2021-09-02 04:00:00
196.3571,197.0684,194.4748,195.828,1630641600,1664100.0,2021-09-03 04:00:00
191.994,195.1167,190.4153,193.4339,1630987200,3281800.0,2021-09-07 04:00:00
191.5863,192.8181,190.9184,191.9854,1631073600,2140400.0,2021-09-08 04:00:00
186.9977,191.3955,186.8502,191.2654,1631160000,3273600.0,2021-09-09 04:00:00
185.4103,188.2207,185.2368,187.7957,1631246400,2217800.0,2021-09-10 04:00:00
187.9866,190.0076,186.5553,188.2815,1631505600,2553400.0,2021-09-13 04:00:00
187.3967,189.0274,186.5987,188.7499,1631592000,1999300.0,2021-09-14 04:00:00
189.2096,190.7623,187.2406,188.03,1631678400,2555600.0,2021-09-15 04:00:00
188.5417,189.6607,185.6272,189.1142,1631764800,2695600.0,2021-09-16 04:00:00
190.2939,190.7276,187.2493,188.4289,1631851200,5659900.0,2021-09-17 04:00:00
186.59,190.7016,185.8701,189.4265,1632110400,3293000.0,2021-09-20 04:00:00
186.8069,189.1836,185.9395,187.1105,1632196800,2112100.0,2021-09-21 04:00:00
185.3149,187.8478,185.1588,187.8478,1632283200,2542800.0,2021-09-22 04:00:00
186.538,186.9803,184.1526,184.3347,1632369600,2181500.0,2021-09-23 04:00:00
185.2889,186.9543,184.9332,186.2777,1632456000,1908600.0,2021-09-24 04:00:00
184.8552,186.4513,184.4996,184.9766,1632715200,1943000.0,2021-09-27 04:00:00
184.1266,186.2864,183.5887,184.1526,1632801600,2919000.0,2021-09-28 04:00:00
186.4079,188.056,183.7622,184.3261,1632888000,1900800.0,2021-09-29 04:00:00
184.4562,187.9432,184.3434,187.1798,1632974400,2491900.0,2021-09-30 04:00:00
185.5578,186.1563,182.8514,185.2715,1633060800,2629400.0,2021-10-01 04:00:00
183.4066,187.0498,182.8254,185.7139,1633320000,2856300.0,2021-10-04 04:00:00
183.7709,185.6185,183.0943,183.2071,1633406400,2481900.0,2021-10-05 04:00:00
182.1402,183.9618,181.2641,183.3025,1633492800,2928200.0,2021-10-06 04:00:00
181.3942,184.2827,180.8824,180.8824,1633579200,3331700.0,2021-10-07 04:00:00
181.2467,182.3137,180.1191,182.2703,1633665600,2349800.0,2021-10-08 04:00:00
179.2951,182.0621,179.1996,181.3422,1633924800,1982200.0,2021-10-11 04:00:00
175.1228,180.041,173.8911,179.9283,1634011200,3544000.0,2021-10-12 04:00:00
176.6147,177.725,175.3049,175.9295,1634097600,3303300.0,2021-10-13 04:00:00
179.3644,179.989,177.378,177.378,1634184000,3015100.0,2021-10-14 04:00:00
180.2839,181.3075,178.8874,180.8477,1634270400,3684600.0,2021-10-15 04:00:00
176.1983,179.5552,175.6085,179.0001,1634529600,2812500.0,2021-10-18 04:00:00
179.3644,179.4685,176.155,177.378,1634616000,2480500.0,2021-10-19 04:00:00
181.8626,183.5367,178.9047,179.9022,1634702400,2308600.0,2021-10-20 04:00:00
181.2814,182.3831,180.1365,182.2876,1634788800,1921100.0,2021-10-21 04:00:00
181.4983,182.5912,180.8564,181.8973,1634875200,1349300.0,2021-10-22 04:00:00
180.1017,182.0014,179.5292,181.7238,1635134400,1916500.0,2021-10-25 04:00:00
181.0125,182.1402,180.1018,180.5962,1635220800,1664400.0,2021-10-26 04:00:00
179.1909,182.5045,178.523,182.0447,1635307200,2003300.0,2021-10-27 04:00:00
179.7027,181.7152,178.3496,179.6333,1635393600,2166500.0,2021-10-28 04:00:00
179.5292,180.1624,177.1265,178.9914,1635480000,2592300.0,2021-10-29 04:00:00
181.9754,183.9704,180.2232,180.4227,1635739200,3105300.0,2021-11-01 04:00:00
185.8527,186.2517,180.5441,182.5999,1635825600,3329300.0,2021-11-02 04:00:00
189.2096,190.1811,181.9841,182.9469,1635912000,3775600.0,2021-11-03 04:00:00
186.4339,189.4872,183.6495,189.3571,1635998400,2781300.0,2021-11-04 04:00:00
185.4277,188.5938,184.5256,187.0238,1636084800,2300100.0,2021-11-05 04:00:00
183.3459,186.0089,182.9642,185.6793,1636347600,2532900.0,2021-11-08 05:00:00
183.6408,185.367,182.5652,183.0423,1636434000,2296300.0,2021-11-09 05:00:00
184.9419,186.9283,184.3521,185.0026,1636520400,2360400.0,2021-11-10 05:00:00
183.5107,185.6966,182.6433,185.6966,1636606800,2615700.0,2021-11-11 05:00:00
183.3632,184.6557,182.4871,184.1526,1636693200,4614100.0,2021-11-12 05:00:00
181.4126,184.4653,181.1327,184.2904,1636952400,3129200.0,2021-11-15 05:00:00
179.6545,182.8471,179.5495,181.9637,1637038800,2942500.0,2021-11-16 05:00:00
180.0306,181.3689,178.0888,179.4971,1637125200,3329300.0,2021-11-17 05:00:00
178.4562,180.3892,178.2025,179.8644,1637211600,4261500.0,2021-11-18 05:00:00
180.258,180.363,178.15,179.5495,1637298000,3217100.0,2021-11-19 05:00:00
177.3278,180.4505,175.5959,179.707,1637557200,2835100.0,2021-11-22 05:00:00
178.9023,179.7332,176.0507,176.8904,1637643600,2149300.0,2021-11-23 05:00:00
178.4124,179.5583,177.5202,178.7011,1637730000,1699800.0,2021-11-24 05:00:00
175.8933,180.1881,175.3947,179.0859,1637902800,3197900.0,2021-11-26 05:00:00
177.9751,179.1647,176.3306,177.1091,1638162000,2519900.0,2021-11-29 05:00:00
173.9602,178.325,173.829,177.3278,1638248400,5400100.0,2021-11-30 05:00:00
175.6396,179.8732,173.7503,175.3247,1638334800,3057700.0,2021-12-01 05:00:00
175.9633,177.6514,174.3363,175.5784,1638421200,2858200.0,2021-12-02 05:00:00
177.0741,178.2637,175.6746,176.1469,1638507600,3591900.0,2021-12-03 05:00:00
182.6285,185.2526,180.1618,180.5204,1638766800,3998600.0,2021-12-06 05:00:00
184.8415,185.8211,181.3777,182.9434,1638853200,3309500.0,2021-12-07 05:00:00
186.7746,187.107,184.063,186.2148,1638939600,2624400.0,2021-12-08 05:00:00
185.9348,187.1681,183.2495,186.7745,1639026000,2699800.0,2021-12-09 05:00:00
184.4653,187.5793,183.6956,186.5734,1639112400,2812200.0,2021-12-10 05:00:00
184.9027,186.4771,182.8121,184.063,1639371600,2721300.0,2021-12-13 05:00:00
186.9582,187.8942,183.888,184.8415,1639458000,2602600.0,2021-12-14 05:00:00
191.7778,191.9965,186.4159,187.1856,1639544400,3924500.0,2021-12-15 05:00:00
194.6906,202.0905,192.4338,192.4338,1639630800,6027200.0,2021-12-16 05:00:00
194.6206,196.0726,191.8391,194.7868,1639717200,6424000.0,2021-12-17 05:00:00
192.4251,194.6119,191.288,194.4019,1639976400,2922200.0,2021-12-20 05:00:00
193.2386,195.2766,192.3989,192.915,1640062800,2987500.0,2021-12-21 05:00:00
193.7722,194.0958,190.4745,192.4339,1640149200,2677700.0,2021-12-22 05:00:00
195.749,196.3525,193.7459,194.5069,1640235600,1668800.0,2021-12-23 05:00:00
196.956,197.2097,194.7693,195.7664,1640581200,1763200.0,2021-12-27 05:00:00
197.4809,198.5393,196.8511,196.9561,1640667600,1304500.0,2021-12-28 05:00:00
199.0816,199.6151,196.7986,197.3147,1640754000,1389400.0,2021-12-29 05:00:00
198.0932,200.7872,197.8045,199.0816,1640840400,1507400.0,2021-12-30 05:00:00
196.7811,199.204,196.6324,197.9095,1640926800,1668400.0,2021-12-31 05:00:00
198.2856,198.5305,194.2095,195.609,1641186000,2742800.0,2022-01-03 05:00:00
199.2915,200.1312,196.1514,197.4721,1641272400,2491700.0,2022-01-04 05:00:00
196.9298,201.0671,196.3875,198.5917,1641358800,2806000.0,2022-01-05 05:00:00
196.956,198.2593,195.6615,196.9298,1641445200,2198300.0,2022-01-06 05:00:00
198.8104,199.5977,195.5303,195.5303,1641531600,2343000.0,2022-01-07 05:00:00
201.5045,201.7406,197.682,200.5248,1641790800,3191900.0,2022-01-10 05:00:00
203.2626,203.3764,199.5277,201.592,1641877200,2317900.0,2022-01-11 05:00:00
202.7203,203.4638,199.8863,203.2626,1641963600,1885800.0,2022-01-12 05:00:00
201.9243,204.0061,201.4695,202.974,1642050000,2152900.0,2022-01-13 05:00:00
205.8692,206.2541,201.1721,201.7844,1642136400,3012000.0,2022-01-14 05:00:00
204.531,205.3532,202.6679,204.2598,1642482000,3720400.0,2022-01-18 05:00:00
202.318,204.9683,201.7932,204.5047,1642568400,2061200.0,2022-01-19 05:00:00
200.2187,204.4435,200.14,204.4435,1642654800,2093700.0,2022-01-20 05:00:00
199.1865,202.4579,198.8279,201.7057,1642741200,3534800.0,2022-01-21 05:00:00
197.752,200.4286,192.4163,198.9766,1643000400,4419100.0,2022-01-24 05:00:00
196.8423,198.9941,194.4194,195.6527,1643086800,2769900.0,2022-01-25 05:00:00
194.6556,198.4955,193.4135,193.8509,1643173200,2861600.0,2022-01-26 05:00:00
195.9327,199.4665,194.4544,194.5332,1643259600,2744000.0,2022-01-27 05:00:00
200.4286,200.4374,194.4019,195.9764,1643346000,2502100.0,2022-01-28 05:00:00
198.6792,199.379,197.2622,198.5393,1643605200,4504300.0,2022-01-31 05:00:00
200.0263,200.4811,197.2622,198.6792,1643691600,2498200.0,2022-02-01 05:00:00
200.2449,200.4286,197.4546,199.5539,1643778000,2397800.0,2022-02-02 05:00:00
195.9676,200.3061,195.714,200.0087,1643864400,3002400.0,2022-02-03 05:00:00
194.2795,196.5974,193.2823,194.2882,1643950800,3162000.0,2022-02-04 05:00:00
195.5216,196.5974,192.9849,194.262,1644210000,3596400.0,2022-02-07 05:00:00
210.8113,214.0477,203.114,203.7525,1644296400,8394800.0,2022-02-08 05:00:00
207.4699,210.8375,205.8342,210.8375,1644382800,5075200.0,2022-02-09 05:00:00
200.1487,206.5515,199.1778,205.5543,1644469200,5035000.0,2022-02-10 05:00:00
199.6064,202.4667,199.5627,199.8863,1644555600,3557700.0,2022-02-11 05:00:00
197.8508,200.1974,194.8425,199.9151,1644814800,3931500.0,2022-02-14 05:00:00
197.5597,199.5182,195.1601,198.4949,1644901200,2474500.0,2022-02-15 05:00:00
196.4305,198.583,195.0013,197.1451,1644987600,2369000.0,2022-02-16 05:00:00
195.5659,196.9863,193.581,195.3895,1645074000,2157000.0,2022-02-17 05:00:00
194.7631,197.595,193.8985,194.9395,1645160400,2795800.0,2022-02-18 05:00:00
195.3277,196.6422,193.4663,194.7543,1645506000,2835900.0,2022-02-22 05:00:00
194.966,197.3921,194.6308,196.4481,1645592400,2994800.0,2022-02-23 05:00:00
193.4398,193.9956,189.1347,193.1398,1645678800,3746700.0,2022-02-24 05:00:00
200.2857,201.2649,195.8129,196.2805,1645765200,3557100.0,2022-02-25 05:00:00
199.8005,200.0387,196.3158,197.6391,1646024400,4738100.0,2022-02-28 05:00:00
198.6801,200.9562,197.3833,198.7419,1646110800,4573500.0,2022-03-01 05:00:00
201.6619,203.2587,198.186,198.5301,1646197200,3387200.0,2022-03-02 05:00:00
205.2348,206.6728,202.9146,203.6821,1646283600,3638400.0,2022-03-03 05:00:00
205.473,207.9696,203.0293,203.5234,1646370000,3764400.0,2022-03-04 05:00:00
206.7522,211.4279,203.9909,204.0439,1646629200,3713200.0,2022-03-07 05:00:00
203.8762,208.9753,203.3998,206.3111,1646715600,2974900.0,2022-03-08 05:00:00
204.1938,206.9022,203.2851,206.6375,1646802000,2640900.0,2022-03-09 05:00:00
200.2151,203.2764,199.4476,202.6059,1646888400,3957200.0,2022-03-10 05:00:00
201.8913,202.9323,200.0563,201.2385,1646974800,2667000.0,2022-03-11 05:00:00
202.2089,205.0672,201.953,203.8586,1647230400,2902700.0,2022-03-14 04:00:00
204.282,205.6053,201.2385,204.1233,1647316800,3178200.0,2022-03-15 04:00:00
204.3791,205.1289,201.5384,205.1289,1647403200,4220300.0,2022-03-16 04:00:00
208.0755,208.7019,203.9821,204.4232,1647489600,3262300.0,2022-03-17 04:00:00
208.4196,208.5519,205.3319,207.2374,1647576000,7617100.0,2022-03-18 04:00:00
208.4813,212.0101,207.0786,209.143,1647835200,2385200.0,2022-03-21 04:00:00
208.6136,209.5399,206.911,208.4813,1647921600,2212200.0,2022-03-22 04:00:00
206.5934,211.1808,206.4699,209.337,1648008000,2533100.0,2022-03-23 04:00:00
208.9665,209.8311,206.4346,208.0226,1648094400,2349000.0,2022-03-24 04:00:00
210.6604,211.2779,208.3843,208.9665,1648180800,1424500.0,2022-03-25 04:00:00
212.1424,212.2306,209.9457,210.6868,1648440000,2045300.0,2022-03-28 04:00:00
213.0864,214.0303,210.5015,213.1923,1648526400,2230600.0,2022-03-29 04:00:00
213.9951,215.9006,213.5099,214.8773,1648612800,2593300.0,2022-03-30 04:00:00
213.3334,216.5623,213.2099,215.4154,1648699200,3102800.0,2022-03-31 04:00:00
214.4803,215.2125,212.3718,214.4009,1648785600,1883900.0,2022-04-01 04:00:00
216.0241,217.418,214.0656,214.2333,1649044800,3518800.0,2022-04-04 04:00:00
215.7506,219.447,215.0272,215.0272,1649131200,2180800.0,2022-04-05 04:00:00
220.488,221.8378,216.0065,216.0065,1649217600,3869000.0,2022-04-06 04:00:00
221.9966,222.9582,219.6852,219.844,1649304000,2674400.0,2022-04-07 04:00:00
222.3319,223.9816,221.0262,221.8996,1649390400,2745800.0,2022-04-08 04:00:00
221.3173,228.0044,220.6821,223.7257,1649649600,2975200.0,2022-04-11 04:00:00
220.5851,222.7994,217.7003,221.4055,1649736000,2261100.0,2022-04-12 04:00:00
223.6463,224.0521,220.3469,221.5555,1649822400,2402800.0,2022-04-13 04:00:00
224.0962,227.228,223.7698,224.4315,1649908800,2861800.0,2022-04-14 04:00:00
222.2524,225.3048,221.5643,222.7465,1650254400,3615500.0,2022-04-18 04:00:00
223.5228,225.6048,220.8586,222.7465,1650340800,2355100.0,2022-04-19 04:00:00
225.296,226.637,223.6375,224.1403,1650427200,1888100.0,2022-04-20 04:00:00
225.3666,227.9515,224.9167,226.2047,1650513600,2117300.0,2022-04-21 04:00:00
220.8586,225.7548,220.6028,224.1668,1650600000,2617800.0,2022-04-22 04:00:00
222.4642,222.8876,218.706,221.4408,1650859200,2271000.0,2022-04-25 04:00:00
220.4351,223.1964,220.3028,220.8145,1650945600,3306000.0,2022-04-26 04:00:00
219.4823,222.3319,217.4092,219.7029,1651032000,2973500.0,2022-04-27 04:00:00
210.0781,214.295,203.9203,207.9608,1651118400,6609500.0,2022-04-28 04:00:00
205.72,212.1512,205.323,208.6401,1651204800,4029300.0,2022-04-29 04:00:00
203.7175,206.4788,200.5416,205.8789,1651464000,4154800.0,2022-05-02 04:00:00
204.8378,206.6022,202.5529,206.214,1651550400,2443800.0,2022-05-03 04:00:00
208.2872,209.1782,204.1409,205.1731,1651636800,2494900.0,2022-05-04 04:00:00
206.7434,210.7044,204.8819,207.7579,1651723200,3357100.0,2022-05-05 04:00:00
208.6401,209.487,204.4496,204.4585,1651809600,4682100.0,2022-05-06 04:00:00
211.0573,214.1803,206.911,208.7107,1652068800,4376300.0,2022-05-09 04:00:00
212.3542,215.6183,212.1424,213.6775,1652155200,4234800.0,2022-05-10 04:00:00
212.2924,214.7096,211.0309,212.0454,1652241600,3411700.0,2022-05-11 04:00:00
215.8918,215.9977,210.8897,211.7807,1652328000,3733300.0,2022-05-12 04:00:00
214.7273,216.1388,212.8659,215.8212,1652414400,2631900.0,2022-05-13 04:00:00
216.8705,217.9732,214.4605,214.5317,1652673600,2414500.0,2022-05-16 04:00:00
218.1866,218.9603,212.7708,217.9999,1652760000,2344100.0,2022-05-17 04:00:00
216.9505,219.9118,216.0968,219.2004,1652846400,3376800.0,2022-05-18 04:00:00
217.6708,218.6401,215.083,215.5187,1652932800,2414200.0,2022-05-19 04:00:00
220.0986,220.2409,216.0612,217.0394,1653019200,3860500.0,2022-05-20 04:00:00
221.4681,223.2556,220.4365,222.0372,1653278400,2272600.0,2022-05-23 04:00:00
224.0025,224.4561,220.8367,221.139,1653364800,2667300.0,2022-05-24 04:00:00
224.9985,226.5992,222.3484,224.9896,1653451200,3538400.0,2022-05-25 04:00:00
225.0341,227.3107,224.1715,225.3365,1653537600,2222300.0,2022-05-26 04:00:00
226.9994,227.8621,223.1399,225.4343,1653624000,2678900.0,2022-05-27 04:00:00
228.3156,228.778,223.22,226.7682,1653969600,6737500.0,2022-05-31 04:00:00
225.3631,229.4094,223.5223,229.3294,1654056000,2664600.0,2022-06-01 04:00:00
220.7922,224.7496,216.8527,224.6517,1654142400,3916200.0,2022-06-02 04:00:00
220.9434,222.9354,220.2942,220.81,1654228800,2086500.0,2022-06-03 04:00:00
218.2666,221.2813,216.6393,220.8367,1654488000,2413700.0,2022-06-06 04:00:00
219.1293,219.4761,216.4258,217.5641,1654574400,2693800.0,2022-06-07 04:00:00
218.3022,219.5472,216.6126,219.3516,1654660800,2353900.0,2022-06-08 04:00:00
214.9852,219.4049,214.7095,217.6264,1654747200,2695200.0,2022-06-09 04:00:00
213.4378,215.2786,211.1168,213.4467,1654833600,2910900.0,2022-06-10 04:00:00
210.5565,212.5841,209.8629,211.597,1655092800,4462300.0,2022-06-13 04:00:00
209.605,212.2728,207.5952,210.7344,1655179200,3020800.0,2022-06-14 04:00:00
209.4982,210.9922,206.2968,210.343,1655265600,3076700.0,2022-06-15 04:00:00
205.1674,208.5734,204.1714,207.7375,1655352000,4102700.0,2022-06-16 04:00:00
208.7335,211.8727,204.0825,204.6517,1655438400,13114500.0,2022-06-17 04:00:00
212.015,212.4151,208.0309,210.6188,1655784000,3882200.0,2022-06-21 04:00:00
213.5534,215.5098,210.6721,210.9122,1655870400,4172900.0,2022-06-22 04:00:00
216.1768,217.0038,214.2382,214.9585,1655956800,3229600.0,2022-06-23 04:00:00
218.2044,218.7646,215.9901,216.9861,1656043200,4527700.0,2022-06-24 04:00:00
217.7419,219.0225,217.0127,218.0265,1656302400,2767500.0,2022-06-27 04:00:00
216.5503,220.1697,216.4436,218.7024,1656388800,2430100.0,2022-06-28 04:00:00
218.2578,219.7429,216.7371,218.9959,1656475200,2610400.0,2022-06-29 04:00:00
216.3635,217.8753,214.0781,217.1372,1656561600,3033800.0,2022-06-30 04:00:00
218.3645,218.7647,214.0692,216.3191,1656648000,2745500.0,2022-07-01 04:00:00
219.4138,219.4227,215.4921,218.0443,1656993600,2483600.0,2022-07-05 04:00:00
218.0977,220.6143,217.4663,219.316,1657080000,4320500.0,2022-07-06 04:00:00
220.0275,220.5699,217.244,217.4308,1657166400,3068200.0,2022-07-07 04:00:00
220.9701,222.5352,219.8318,220.6766,1657252800,2215400.0,2022-07-08 04:00:00
220.3476,222.4196,219.645,221.6815,1657512000,1805000.0,2022-07-11 04:00:00
219.6272,222.4018,218.4801,220.3476,1657598400,2699300.0,2022-07-12 04:00:00
219.7339,221.2102,218.0176,219.0937,1657684800,2498000.0,2022-07-13 04:00:00
218.4,219.4938,216.0523,217.8931,1657771200,2886400.0,2022-07-14 04:00:00
221.1568,221.5481,218.2666,220.0007,1657857600,2805500.0,2022-07-15 04:00:00
216.8438,221.8327,216.0257,221.0323,1658116800,2231400.0,2022-07-18 04:00:00
219.9385,220.3476,217.9109,219.6184,1658203200,3375000.0,2022-07-19 04:00:00
219.3249,220.9523,217.5641,219.3871,1658289600,2664600.0,2022-07-20 04:00:00
218.569,219.4761,216.6392,218.5334,1658376000,2009500.0,2022-07-21 04:00:00
218.7202,221.5481,218.071,219.4761,1658462400,1843600.0,2022-07-22 04:00:00
221.1835,221.5125,219.2626,219.5294,1658721600,1771100.0,2022-07-25 04:00:00
223.3356,225.6744,221.2102,221.9928,1658808000,2528600.0,2022-07-26 04:00:00
223.8514,224.7673,220.6232,221.5748,1658894400,2180900.0,2022-07-27 04:00:00
222.0995,223.8514,218.5245,223.8514,1658980800,2214400.0,2022-07-28 04:00:00
220.0719,221.9394,218.5334,220.9523,1659067200,3289700.0,2022-07-29 04:00:00
218.4445,220.6855,217.5641,219.9563,1659326400,1960500.0,2022-08-01 04:00:00
216.906,220.4098,216.7904,219.3782,1659412800,2295100.0,2022-08-02 04:00:00
219.7784,221.726,218.0354,218.7113,1659499200,2061400.0,2022-08-03 04:00:00
219.6362,221.4325,218.9425,219.6539,1659585600,2650600.0,2022-08-04 04:00:00
218.9869,219.725,215.0207,219.1737,1659672000,2723900.0,2022-08-05 04:00:00
219.9118,220.312,217.2617,217.8753,1659931200,2784400.0,2022-08-08 04:00:00
220.8634,222.0728,219.8407,219.8407,1660017600,2061600.0,2022-08-09 04:00:00
224.1804,224.5094,221.0145,222.1528,1660104000,2628600.0,2022-08-10 04:00:00
220.8544,225.3098,220.5343,224.1359,1660190400,2686900.0,2022-08-11 04:00:00
220.8901,222.1884,219.0315,221.0057,1660276800,3461100.0,2022-08-12 04:00:00
223.2822,223.6824,220.4365,221.4948,1660536000,2659100.0,2022-08-15 04:00:00
225.123,226.0212,223.798,223.9759,1660622400,2206100.0,2022-08-16 04:00:00
224.5584,226.4135,223.8146,225.1051,1660708800,1882200.0,2022-08-17 04:00:00
223.7699,224.9707,222.2016,224.8721,1660795200,1888800.0,2022-08-18 04:00:00
224.8094,225.8399,221.9148,221.9148,1660881600,2207500.0,2022-08-19 04:00:00
221.2606,225.141,220.938,224.0208,1661140800,3078300.0,2022-08-22 04:00:00
219.083,221.0724,217.6312,221.0724,1661227200,2659700.0,2022-08-23 04:00:00
219.1009,219.54,217.4161,218.2764,1661313600,2329200.0,2022-08-24 04:00:00
220.1673,220.5078,218.4915,220.463,1661400000,1725400.0,2022-08-25 04:00:00
215.6596,220.7767,215.4804,218.7066,1661486400,2969400.0,2022-08-26 04:00:00
214.5215,216.0002,213.2938,214.0376,1661745600,2113000.0,2022-08-29 04:00:00
214.2885,215.355,213.5447,214.9696,1661832000,3673000.0,2022-08-30 04:00:00
215.346,218.5632,214.9427,216.502,1661918400,4303900.0,2022-08-31 04:00:00
220.006,220.2211,215.7403,216.0808,1662004800,2488200.0,2022-09-01 04:00:00
217.201,222.0492,216.278,220.8842,1662091200,2325100.0,2022-09-02 04:00:00
217.0666,219.1905,216.4572,218.4288,1662436800,2102600.0,2022-09-06 04:00:00
219.3697,219.8447,217.1114,217.5864,1662523200,2127300.0,2022-09-07 04:00:00
219.9612,220.4541,217.685,219.3787,1662609600,2895800.0,2022-09-08 04:00:00
221.9686,223.3486,219.5848,219.9612,1662696000,2318000.0,2022-09-09 04:00:00
212.9443,216.6006,210.6949,213.2848,1662955200,6294600.0,2022-09-12 04:00:00
203.3017,212.5142,203.0866,212.4156,1663041600,4447200.0,2022-09-13 04:00:00
204.4308,205.0223,202.6475,203.9021,1663128000,2715600.0,2022-09-14 04:00:00
204.0186,205.2284,202.4055,204.4129,1663214400,2206100.0,2022-09-15 04:00:00
207.1372,208.105,203.0776,203.3285,1663300800,4604100.0,2022-09-16 04:00:00
206.7966,206.8863,203.5167,206.6891,1663560000,1981400.0,2022-09-19 04:00:00
204.0634,206.1066,203.0059,204.7714,1663646400,1745900.0,2022-09-20 04:00:00
201.1509,206.6712,201.0613,205.3359,1663732800,2186300.0,2022-09-21 04:00:00
204.0992,205.551,200.1113,200.3354,1663819200,2081200.0,2022-09-22 04:00:00
203.4002,204.8699,201.2405,204.3143,1663905600,2148600.0,2022-09-23 04:00:00
203.3106,204.8968,201.9754,203.221,1664164800,2454000.0,2022-09-26 04:00:00
202.522,206.0798,201.6528,203.4003,1664251200,2009800.0,2022-09-27 04:00:00
206.9938,207.7914,204.0903,206.0798,1664337600,2782400.0,2022-09-28 04:00:00
204.6907,207.5047,203.4003,207.5047,1664424000,2335700.0,2022-09-29 04:00:00
201.9933,206.1156,201.7872,204.6997,1664510400,2543400.0,2022-09-30 04:00:00
206.5099,206.9669,202.9073,204.5652,1664769600,2521700.0,2022-10-03 04:00:00
208.822,209.7809,205.9364,206.9938,1664856000,2331000.0,2022-10-04 04:00:00
209.5389,210.9728,206.9759,208.4725,1664942400,2060400.0,2022-10-05 04:00:00
206.958,208.9295,206.3217,208.3739,1665028800,1523800.0,2022-10-06 04:00:00
205.2463,207.4777,204.8341,206.1156,1665115200,2060000.0,2022-10-07 04:00:00
208.0423,209.8257,206.017,207.0834,1665374400,1630100.0,2022-10-10 04:00:00
219.9522,224.4688,213.1414,214.6201,1665460800,6256000.0,2022-10-11 04:00:00
220.8484,222.9006,218.133,218.9844,1665547200,2639800.0,2022-10-12 04:00:00
225.5263,226.1626,217.6222,219.3518,1665633600,3288900.0,2022-10-13 04:00:00
225.2395,226.8257,224.2448,225.831,1665720000,2864400.0,2022-10-14 04:00:00
226.6644,227.1035,223.5816,225.3112,1665979200,2577100.0,2022-10-17 04:00:00
225.9386,228.2506,224.9618,227.4979,1666065600,2060000.0,2022-10-18 04:00:00
222.4167,226.1447,221.2965,225.2127,1666152000,1883000.0,2022-10-19 04:00:00
221.7535,223.1963,220.463,221.8431,1666238400,2058000.0,2022-10-20 04:00:00
225.7772,226.1805,221.3592,221.8162,1666324800,3531200.0,2022-10-21 04:00:00
234.1832,234.4251,228.4298,228.4746,1666584000,2883200.0,2022-10-24 04:00:00
232.9912,234.6043,230.482,233.4393,1666670400,2548900.0,2022-10-25 04:00:00
238.9686,240.1516,234.3535,235.6797,1666756800,3008900.0,2022-10-26 04:00:00
239.4795,241.3435,238.2696,240.1695,1666843200,2260900.0,2022-10-27 04:00:00
245.3761,246.0303,241.1732,241.675,1666929600,2924100.0,2022-10-28 04:00:00
242.2754,243.5838,240.1694,241.2448,1667188800,3033600.0,2022-10-31 04:00:00
243.8078,244.5337,240.51,241.6033,1667275200,2062600.0,2022-11-01 04:00:00
241.0746,246.335,241.0208,243.4315,1667361600,2637300.0,2022-11-02 04:00:00
238.2697,240.7072,237.499,240.6445,1667448000,2779500.0,2022-11-03 04:00:00
241.1015,241.3345,232.8569,234.7388,1667534400,3402000.0,2022-11-04 04:00:00
248.2528,248.6651,239.9455,240.3039,1667797200,2926700.0,2022-11-07 05:00:00
262.0266,265.8622,252.9127,253.2264,1667883600,6911300.0,2022-11-08 05:00:00
259.5713,265.459,259.2218,259.8849,1667970000,3469100.0,2022-11-09 05:00:00
260.79,263.8996,255.7177,263.5412,1668056400,4083200.0,2022-11-10 05:00:00
255.422,259.3113,250.5828,258.5854,1668142800,3255100.0,2022-11-11 05:00:00
255.673,260.6914,255.1353,255.1353,1668402000,2812800.0,2022-11-14 05:00:00
254.1496,259.3742,251.1206,256.3183,1668488400,2763200.0,2022-11-15 05:00:00
256.0534,258.9589,254.9616,256.279,1668574800,2443500.0,2022-11-16 05:00:00
259.2386,260.5921,255.0519,255.2865,1668661200,2172000.0,2022-11-17 05:00:00
259.2296,260.538,256.6489,256.6489,1668747600,2371700.0,2022-11-18 05:00:00
260.0146,263.1187,259.78,260.8538,1669006800,2795100.0,2022-11-21 05:00:00
259.013,261.1335,255.8278,259.8793,1669093200,3636000.0,2022-11-22 05:00:00
255.7196,261.2599,254.0954,259.365,1669179600,2875600.0,2022-11-23 05:00:00
256.0263,257.6776,253.9239,254.4112,1669352400,1220700.0,2022-11-25 05:00:00
255.0157,260.1229,254.6277,257.1633,1669611600,2375900.0,2022-11-28 05:00:00
254.4472,255.7015,252.3628,255.7015,1669698000,2135300.0,2022-11-29 05:00:00
258.4265,259.8341,251.6861,254.9616,1669784400,5776200.0,2022-11-30 05:00:00
258.0114,259.9514,252.5433,259.8702,1669870800,2914600.0,2022-12-01 05:00:00
257.6234,258.1738,255.53,256.3151,1669957200,2267000.0,2022-12-02 05:00:00
257.0821,258.7694,255.3586,256.0715,1670216400,3274700.0,2022-12-05 05:00:00
255.6203,259.365,254.1766,257.9212,1670302800,2608800.0,2022-12-06 05:00:00
257.8491,258.0024,254.2849,255.7286,1670389200,2492600.0,2022-12-07 05:00:00
257.6776,258.598,256.0263,258.5258,1670475600,1769800.0,2022-12-08 05:00:00
251.4335,257.3167,251.1538,256.4324,1670562000,2205700.0,2022-12-09 05:00:00
249.7461,252.1824,246.0015,246.1729,1670821200,3427400.0,2022-12-12 05:00:00
245.6677,255.0609,245.0902,254.4744,1670907600,3871300.0,2022-12-13 05:00:00
244.648,246.6692,241.1831,245.4059,1670994000,3795000.0,2022-12-14 05:00:00
240.1454,244.6389,237.7181,244.0254,1671080400,3200400.0,2022-12-15 05:00:00
241.2914,241.8057,238.4941,239.0716,1671166800,8789000.0,2022-12-16 05:00:00
239.7483,242.6448,238.0429,240.7589,1671426000,2679800.0,2022-12-19 05:00:00
238.8911,241.535,237.1497,240.6417,1671512400,1609100.0,2022-12-20 05:00:00
240.2537,241.2823,238.44,239.0085,1671598800,2057000.0,2022-12-21 05:00:00
239.3513,240.1724,237.4835,239.8386,1671685200,1979100.0,2022-12-22 05:00:00
238.1422,239.3784,237.2218,239.0085,1671771600,1465500.0,2022-12-23 05:00:00
237.664,240.5695,237.2038,239.7393,1672117200,1604700.0,2022-12-27 05:00:00
235.8864,239.6762,235.6337,238.5934,1672203600,1349500.0,2022-12-28 05:00:00
237.4565,239.0085,236.5361,236.8338,1672290000,1446400.0,2022-12-29 05:00:00
236.9873,237.5196,234.163,237.0685,1672376400,1622000.0,2022-12-30 05:00:00
236.0939,236.9512,233.5855,235.3901,1672722000,2594800.0,2023-01-03 05:00:00
238.5663,239.1258,235.5074,237.3211,1672808400,1773800.0,2023-01-04 05:00:00
240.795,241.8237,236.8789,238.2776,1672894800,2056000.0,2023-01-05 05:00:00
248.3205,249.7822,242.7531,243.6645,1672981200,2887800.0,2023-01-06 05:00:00
243.7366,248.6633,242.4192,248.6633,1673240400,2160700.0,2023-01-09 05:00:00
247.1294,247.788,243.7276,245.3879,1673326800,1783400.0,2023-01-10 05:00:00
246.2541,249.8003,243.7908,249.0153,1673413200,2044400.0,2023-01-11 05:00:00
244.4585,246.0195,242.6268,245.3608,1673499600,1454100.0,2023-01-12 05:00:00
245.1894,245.6406,243.8088,244.4766,1673586000,1696800.0,2023-01-13 05:00:00
243.105,247.0842,242.5726,245.6135,1673931600,2472800.0,2023-01-17 05:00:00
238.5663,244.0976,237.8986,243.105,1674018000,2218100.0,2023-01-18 05:00:00
236.4368,237.7813,235.4442,236.4097,1674104400,2090500.0,2023-01-19 05:00:00
237.5286,238.07,234.4878,236.4368,1674190800,2574100.0,2023-01-20 05:00:00
235.4803,238.8731,234.4336,238.2144,1674450000,2025000.0,2023-01-23 05:00:00
234.3344,236.4098,232.3673,236.2744,1674536400,1596900.0,2023-01-24 05:00:00
231.483,236.0037,231.0138,234.6863,1674622800,1910600.0,2023-01-25 05:00:00
229.9852,231.6184,228.2978,231.4831,1674709200,2522100.0,2023-01-26 05:00:00
228.8753,230.5446,227.8737,229.9761,1674795600,2109900.0,2023-01-27 05:00:00
227.0165,229.3355,226.1232,228.7039,1675054800,2042800.0,2023-01-30 05:00:00
227.7474,229.0648,225.4826,229.0648,1675141200,3418300.0,2023-01-31 05:00:00
222.3425,225.1758,216.5585,224.8239,1675227600,5344700.0,2023-02-01 05:00:00
222.4507,222.4868,213.2831,219.9693,1675314000,5489100.0,2023-02-02 05:00:00
221.2236,225.5457,218.5527,225.5457,1675400400,3073000.0,2023-02-03 05:00:00
220.0325,222.6944,219.6716,221.395,1675659600,2196900.0,2023-02-06 05:00:00
220.1679,221.0161,217.8399,219.2836,1675746000,2408000.0,2023-02-07 05:00:00
216.739,219.7708,216.1976,219.2565,1675832400,2761200.0,2023-02-08 05:00:00
216.5586,219.6806,215.6472,217.5692,1675918800,3056200.0,2023-02-09 05:00:00
218.8144,220.2942,216.9285,218.291,1676005200,2687200.0,2023-02-10 05:00:00
219.8611,220.0145,217.7316,219.446,1676264400,2321900.0,2023-02-13 05:00:00
219.4059,221.1992,217.6582,220.9261,1676350800,2015900.0,2023-02-14 05:00:00
218.5321,218.9599,217.3123,218.6595,1676437200,1783300.0,2023-02-15 05:00:00
213.2069,217.5671,213.043,217.0665,1676523600,3291800.0,2023-02-16 05:00:00
218.9508,220.034,212.7426,214.2264,1676610000,2978100.0,2023-02-17 05:00:00
216.8662,220.2161,216.8298,219.1875,1676955600,2524100.0,2023-02-21 05:00:00
214.9728,219.3695,214.5996,218.7414,1677042000,2187600.0,2023-02-22 05:00:00
216.3018,216.5203,213.6893,215.4644,1677128400,2211600.0,2023-02-23 05:00:00
212.6971,215.7921,212.2056,215.5827,1677214800,1853900.0,2023-02-24 05:00:00
213.4162,214.1172,211.9962,214.1172,1677474000,1723000.0,2023-02-27 05:00:00
210.8765,213.4344,210.8219,212.6698,1677560400,2615700.0,2023-02-28 05:00:00
215.0001,215.2277,209.4929,209.7023,1677646800,2441300.0,2023-03-01 05:00:00
213.6803,215.164,212.9156,214.9365,1677733200,1777100.0,2023-03-02 05:00:00
213.7439,214.727,212.6425,213.9169,1677819600,2214500.0,2023-03-03 05:00:00
214.017,214.4904,212.6789,213.9169,1678078800,2591000.0,2023-03-06 05:00:00
208.2003,214.099,207.8635,214.017,1678165200,2362200.0,2023-03-07 05:00:00
207.9363,211.004,206.9714,209.5111,1678251600,1842200.0,2023-03-08 05:00:00
205.5332,209.2107,205.1782,208.9013,1678338000,1736900.0,2023-03-09 05:00:00
207.4266,209.6204,205.3875,206.4253,1678424400,2661800.0,2023-03-10 05:00:00
212.2602,215.9833,209.8207,210.4396,1678680000,3146000.0,2023-03-13 04:00:00
209.8934,212.5151,208.8284,212.5151,1678766400,3227100.0,2023-03-14 04:00:00
213.8259,214.4358,208.0456,209.7296,1678852800,3092300.0,2023-03-15 04:00:00
213.5255,213.6074,209.4201,212.7699,1678939200,2326000.0,2023-03-16 04:00:00
209.1743,212.8337,208.0183,212.6152,1679025600,7817000.0,2023-03-17 04:00:00
213.662,214.0626,209.4929,209.8935,1679284800,2020800.0,2023-03-20 04:00:00
212.0508,214.1718,210.3121,213.662,1679371200,2128600.0,2023-03-21 04:00:00
209.2108,212.9611,208.9923,212.506,1679457600,1725100.0,2023-03-22 04:00:00
212.1874,213.0976,209.2653,209.4019,1679544000,2175700.0,2023-03-23 04:00:00
216.6751,217.1029,212.1054,213.2069,1679630400,2547300.0,2023-03-24 04:00:00
215.519,218.4228,213.9806,218.1133,1679889600,2129100.0,2023-03-27 04:00:00
217.0847,217.2667,215.6555,215.7374,1679976000,1887800.0,2023-03-28 04:00:00
219.4059,219.9157,216.9482,218.2044,1680062400,2744000.0,2023-03-29 04:00:00
219.8338,221.0262,218.5685,220.7713,1680148800,2577000.0,2023-03-30 04:00:00
220.0613,220.653,217.6946,219.77,1680235200,2762500.0,2023-03-31 04:00:00
222.51,222.7922,219.7063,220.2889,1680494400,2478700.0,2023-04-03 04:00:00
225.3228,225.8507,221.9274,222.5828,1680580800,2942800.0,2023-04-04 04:00:00
230.6388,230.9483,225.9599,226.2695,1680667200,2468000.0,2023-04-05 04:00:00
230.5933,232.514,230.2383,231.54,1680753600,2047800.0,2023-04-06 04:00:00
228.3904,233.4334,227.6167,233.4334,1681099200,1595600.0,2023-04-10 04:00:00
228.8729,230.3749,228.4633,228.8638,1681185600,1272800.0,2023-04-11 04:00:00
227.1161,230.0381,226.5517,229.8469,1681272000,2268900.0,2023-04-12 04:00:00
228.882,229.3007,225.9964,226.2968,1681358400,2020900.0,2023-04-13 04:00:00
227.5712,229.1733,226.6245,228.1356,1681444800,1866200.0,2023-04-14 04:00:00
225.8143,228.9366,225.3683,228.3813,1681704000,1784800.0,2023-04-17 04:00:00
224.012,226.67,222.7012,226.0874,1681790400,1638800.0,2023-04-18 04:00:00
224.1212,224.6218,222.4463,223.2473,1681876800,1246500.0,2023-04-19 04:00:00
221.6179,224.2941,221.2447,224.0393,1681963200,1691300.0,2023-04-20 04:00:00
221.982,222.0366,220.8806,221.6179,1682049600,1721300.0,2023-04-21 04:00:00
222.5191,223.3565,220.5893,221.3812,1682308800,1232100.0,2023-04-24 04:00:00
222.9014,224.4125,222.3917,223.129,1682395200,1509700.0,2023-04-25 04:00:00
217.376,221.6998,217.1757,220.3617,1682481600,2002900.0,2023-04-26 04:00:00
218.7778,219.1146,214.281,217.7765,1682568000,2533900.0,2023-04-27 04:00:00
218.2316,218.5593,212.2511,215.5736,1682654400,2721400.0,2023-04-28 04:00:00
217.467,219.6517,216.7297,218.4957,1682913600,1920500.0,2023-05-01 04:00:00
214.7999,217.558,214.2719,216.7206,1683000000,2127200.0,2023-05-02 04:00:00
208.7374,215.1003,208.437,214.7999,1683086400,2998000.0,2023-05-03 04:00:00
211.0859,211.2133,208.5917,209.6477,1683172800,2228500.0,2023-05-04 04:00:00
215.3096,215.7739,211.2498,211.7868,1683259200,2806800.0,2023-05-05 04:00:00
213.571,214.5905,211.3681,214.2264,1683518400,1667800.0,2023-05-08 04:00:00
213.398,214.3174,212.2966,213.5892,1683604800,1468900.0,2023-05-09 04:00:00
213.1068,213.9169,210.5944,213.8168,1683691200,1530800.0,2023-05-10 04:00:00
211.45,213.9078,209.7387,213.5983,1683777600,1612400.0,2023-05-11 04:00:00
212.0508,212.597,210.4669,212.1236,1683864000,1295600.0,2023-05-12 04:00:00
212.5788,212.9338,211.2953,212.3421,1684123200,1551300.0,2023-05-15 04:00:00
207.4357,213.4709,207.3083,213.1978,1684209600,2646500.0,2023-05-16 04:00:00
206.7649,207.7481,202.5565,207.6838,1684296000,3352900.0,2023-05-17 04:00:00
206.039,206.5168,203.9164,206.5168,1684382400,2245300.0,2023-05-18 04:00:00
205.2947,207.5551,204.7066,206.2319,1684468800,2395700.0,2023-05-19 04:00:00
205.8185,208.4189,204.7434,206.6087,1684728000,1848600.0,2023-05-22 04:00:00
206.2319,208.4189,204.725,206.0206,1684814400,2296600.0,2023-05-23 04:00:00
203.3651,207.6286,203.1078,207.3346,1684900800,1765000.0,2023-05-24 04:00:00
199.8182,202.244,197.4935,202.244,1684987200,2968200.0,2023-05-25 04:00:00
199.3312,200.7555,197.08,198.4399,1685073600,3081000.0,2023-05-26 04:00:00
200.8014,201.2333,197.3005,197.5853,1685419200,3125900.0,2023-05-30 04:00:00
202.7494,203.852,199.5701,201.7662,1685505600,3884700.0,2023-05-31 04:00:00
196.887,202.7035,194.5347,202.1154,1685592000,4831400.0,2023-06-01 04:00:00
200.3787,201.0127,194.8196,196.4092,1685678400,3687200.0,2023-06-02 04:00:00
203.8796,204.9455,200.7463,201.8489,1685937600,2498700.0,2023-06-05 04:00:00
203.2732,205.065,201.4906,204.9823,1686024000,1736100.0,2023-06-06 04:00:00
203.3007,203.8704,201.904,202.8505,1686110400,2555400.0,2023-06-07 04:00:00
202.8505,203.8888,201.5641,203.3099,1686196800,1877300.0,2023-06-08 04:00:00
201.0127,203.0159,200.1031,201.5457,1686283200,1707900.0,2023-06-09 04:00:00
199.7263,201.463,197.8518,201.463,1686542400,2704300.0,2023-06-12 04:00:00
203.9807,204.3023,199.3312,199.7906,1686628800,2318500.0,2023-06-13 04:00:00
204.2472,205.5428,203.1629,205.1477,1686715200,2453000.0,2023-06-14 04:00:00
209.9074,210.2842,204.8812,204.9179,1686801600,2633900.0,2023-06-15 04:00:00
211.0285,213.1327,209.2735,211.3777,1686888000,6765000.0,2023-06-16 04:00:00
210.0453,212.1127,208.7588,210.4496,1687233600,2492700.0,2023-06-20 04:00:00
208.621,211.3409,207.2887,209.6685,1687320000,2282600.0,2023-06-21 04:00:00
211.0285,211.2307,208.3638,208.8691,1687406400,1607200.0,2023-06-22 04:00:00
208.6853,211.8371,208.0421,211.2214,1687492800,4130700.0,2023-06-23 04:00:00
206.4984,208.4005,202.2624,208.4005,1687752000,2565500.0,2023-06-26 04:00:00
204.5504,206.4157,203.1905,205.9747,1687838400,2705900.0,2023-06-27 04:00:00
203.3559,204.3115,200.9117,204.2104,1687924800,2263400.0,2023-06-28 04:00:00
203.2181,203.6775,201.123,201.803,1688011200,1860300.0,2023-06-29 04:00:00
204.0083,205.0099,203.0802,203.9899,1688097600,2843300.0,2023-06-30 04:00:00
206.7557,207.2703,202.0051,203.264,1688356800,1479200.0,2023-07-03 04:00:00
207.5551,208.8783,204.3667,206.4341,1688529600,2440400.0,2023-07-05 04:00:00
204.8904,207.6562,203.7142,206.673,1688616000,2457800.0,2023-07-06 04:00:00
200.9117,204.1369,200.7187,203.8613,1688702400,2841500.0,2023-07-07 04:00:00
206.4984,206.6546,200.8749,201.3803,1688961600,2501700.0,2023-07-10 04:00:00
205.699,207.2795,204.238,205.6714,1689048000,2021500.0,2023-07-11 04:00:00
207.3714,208.8783,205.9103,206.9027,1689134400,2619500.0,2023-07-12 04:00:00
209.1907,209.6134,206.7465,207.5276,1689220800,1803600.0,2023-07-13 04:00:00
208.9794,210.1096,207.6287,209.3561,1689307200,2044700.0,2023-07-14 04:00:00
209.3561,210.0545,206.1401,208.4648,1689566400,2049200.0,2023-07-17 04:00:00
213.7024,215.0807,208.9518,209.3102,1689652800,2621200.0,2023-07-18 04:00:00
213.2246,215.5218,213.1695,214.0791,1689739200,2047200.0,2023-07-19 04:00:00
214.3089,219.1329,214.0148,214.8418,1689825600,3741300.0,2023-07-20 04:00:00
215.7699,217.2033,213.8953,214.805,1689912000,9381100.0,2023-07-21 04:00:00
216.3212,216.9736,214.9429,215.9353,1690171200,1771300.0,2023-07-24 04:00:00
216.2201,217.3779,215.2737,215.3472,1690257600,1325600.0,2023-07-25 04:00:00
216.1282,216.6152,213.5829,214.9704,1690344000,1576800.0,2023-07-26 04:00:00
216.9001,219.1329,215.3012,215.4574,1690430400,2439600.0,2023-07-27 04:00:00
217.1941,218.8573,216.018,217.6076,1690516800,1889500.0,2023-07-28 04:00:00
215.1542,217.2952,214.1159,217.2952,1690776000,2826600.0,2023-07-31 04:00:00
213.2889,216.2844,211.883,215.8709,1690862400,1843400.0,2023-08-01 04:00:00
211.7176,214.1251,210.1464,213.8402,1690948800,2593500.0,2023-08-02 04:00:00
211.9841,212.3516,209.6961,212.0668,1691035200,2322200.0,2023-08-03 04:00:00
223.5435,226.4288,217.773,218.6092,1691121600,5181200.0,2023-08-04 04:00:00
232.4198,233.2284,223.7089,224.4348,1691380800,4076600.0,2023-08-07 04:00:00
239.6422,242.3896,235.691,236.6283,1691467200,5321600.0,2023-08-08 04:00:00
238.2823,242.3712,238.0985,238.8336,1691553600,2428100.0,2023-08-09 04:00:00
240.7999,243.2993,239.3297,240.3221,1691640000,1919200.0,2023-08-10 04:00:00
241.2134,242.6836,239.6697,240.4692,1691726400,1560600.0,2023-08-11 04:00:00
239.7984,242.0956,238.7693,240.947,1691985600,1966100.0,2023-08-14 04:00:00
244.4296,244.9993,238.8704,240.12,1692072000,2781200.0,2023-08-15 04:00:00
243.5198,246.4786,243.1155,244.7236,1692158400,2244000.0,2023-08-16 04:00:00
244.4091,246.9379,243.8718,244.4276,1692244800,2256100.0,2023-08-17 04:00:00
242.5287,243.6125,241.8339,243.2605,1692331200,2814500.0,2023-08-18 04:00:00
241.4912,243.1308,239.9257,242.3063,1692590400,2324100.0,2023-08-21 04:00:00
238.6381,241.2133,238.388,241.0651,1692676800,1720300.0,2023-08-22 04:00:00
238.3973,240.7038,237.119,240.3796,1692763200,2256800.0,2023-08-23 04:00:00
237.7118,241.0188,237.295,237.8137,1692849600,1888900.0,2023-08-24 04:00:00
237.4895,238.7493,236.0352,238.1657,1692936000,1786600.0,2023-08-25 04:00:00
237.647,239.1013,236.3409,238.0268,1693195200,1661300.0,2023-08-28 04:00:00
240.5093,240.7038,237.8971,238.3973,1693281600,2216600.0,2023-08-29 04:00:00
238.879,241.6487,238.0175,240.8428,1693368000,1694300.0,2023-08-30 04:00:00
237.4525,239.9165,237.4061,239.1939,1693454400,2065000.0,2023-08-31 04:00:00
237.7952,239.9443,237.2302,239.62,1693540800,1350200.0,2023-09-01 04:00:00
235.2941,238.4251,235.2107,237.7952,1693886400,1763600.0,2023-09-05 04:00:00
230.6625,235.6925,230.079,235.6925,1693972800,1988900.0,2023-09-06 04:00:00
235.6461,235.9333,231.9501,232.0798,1694059200,2228300.0,2023-09-07 04:00:00
240.3148,241.1577,236.1834,236.9059,1694145600,2449000.0,2023-09-08 04:00:00
242.436,243.4457,238.4436,239.1846,1694404800,2135100.0,2023-09-11 04:00:00
241.13,243.6403,238.8605,243.3253,1694491200,1574000.0,2023-09-12 04:00:00
238.2769,241.0466,238.0823,240.2314,1694577600,2182800.0,2023-09-13 04:00:00
242.9733,243.7514,239.4904,239.8238,1694664000,3072400.0,2023-09-14 04:00:00
241.5097,244.4832,240.676,244.3257,1694750400,6161100.0,2023-09-15 04:00:00
243.7607,245.6782,242.6306,243.9738,1695009600,1770100.0,2023-09-18 04:00:00
244.8352,246.1876,243.103,243.7514,1695096000,1528200.0,2023-09-19 04:00:00
251.4584,252.959,244.5202,245.4744,1695182400,3575300.0,2023-09-20 04:00:00
249.5594,252.4032,247.9754,252.0234,1695268800,2437100.0,2023-09-21 04:00:00
247.9754,249.6428,246.8824,247.9477,1695355200,1894100.0,2023-09-22 04:00:00
247.1973,248.0773,245.4836,247.8272,1695614400,1705300.0,2023-09-25 04:00:00
249.2167,250.0041,246.095,247.0306,1695700800,2367600.0,2023-09-26 04:00:00
249.1611,253.45,247.1047,251.7085,1695787200,2331900.0,2023-09-27 04:00:00
250.8655,251.3842,246.9009,248.0588,1695873600,2430700.0,2023-09-28 04:00:00
248.9573,251.0323,247.5308,251.0323,1695960000,2118100.0,2023-09-29 04:00:00
246.6879,248.7072,244.9001,247.9847,1696219200,1912300.0,2023-10-02 04:00:00
241.7784,246.4192,240.5371,244.5851,1696305600,2797900.0,2023-10-03 04:00:00
245.8819,246.5304,241.6857,242.788,1696392000,2526400.0,2023-10-04 04:00:00
245.5485,248.1792,243.1956,246.5767,1696478400,2883700.0,2023-10-05 04:00:00
247.7624,248.7999,242.9085,243.7607,1696564800,2838000.0,2023-10-06 04:00:00
251.5325,252.5144,248.7906,251.0693,1696824000,2284300.0,2023-10-09 04:00:00
251.2639,252.042,248.3645,250.9304,1696910400,1808700.0,2023-10-10 04:00:00
262.7039,263.3801,253.9502,254.6079,1696996800,4523100.0,2023-10-11 04:00:00
264.0378,266.6407,262.7039,263.0559,1697083200,3052600.0,2023-10-12 04:00:00
263.167,267.2057,259.3691,266.5017,1697169600,3473200.0,2023-10-13 04:00:00
265.7422,266.6037,262.8984,263.5376,1697428800,2459400.0,2023-10-16 04:00:00
263.4635,266.1683,261.685,264.1768,1697515200,2863200.0,2023-10-17 04:00:00
262.6853,264.2323,260.2862,262.426,1697601600,2789100.0,2023-10-18 04:00:00
259.9249,262.3426,257.6091,261.3051,1697688000,2536400.0,2023-10-19 04:00:00
258.2668,260.351,255.4322,259.9249,1697774400,2455000.0,2023-10-20 04:00:00
252.9405,259.4803,252.607,259.4803,1698033600,2433500.0,2023-10-23 04:00:00
255.7751,256.6458,251.1527,252.042,1698120000,2253000.0,2023-10-24 04:00:00
252.1068,256.303,252.0419,254.8209,1698206400,2302300.0,2023-10-25 04:00:00
249.8373,253.2925,249.3093,251.4954,1698292800,2269900.0,2023-10-26 04:00:00
242.2971,249.5131,240.991,249.1334,1698379200,2874900.0,2023-10-27 04:00:00
243.7977,246.7249,243.1585,245.4743,1698638400,2974600.0,2023-10-30 04:00:00
236.8596,238.4529,231.3017,237.0356,1698724800,4885100.0,2023-10-31 04:00:00
241.6209,241.9451,236.2945,237.3876,1698811200,2509600.0,2023-11-01 04:00:00
246.9472,248.3459,243.1215,243.8996,1698897600,2470400.0,2023-11-02 04:00:00
249.9763,250.6154,245.9375,248.735,1698984000,2509800.0,2023-11-03 04:00:00
252.7274,254.6912,250.8007,250.8192,1699246800,2768100.0,2023-11-06 05:00:00
251.1341,253.8112,249.5316,252.8571,1699333200,2526500.0,2023-11-07 05:00:00
253.1258,254.5245,250.8007,252.3477,1699419600,1916800.0,2023-11-08 05:00:00
244.6037,253.098,244.2702,252.079,1699506000,2266000.0,2023-11-09 05:00:00
247.6141,248.1977,243.1678,246.9935,1699592400,2070600.0,2023-11-10 05:00:00
247.0399,247.5308,244.1034,246.1043,1699851600,1579800.0,2023-11-13 05:00:00
250.1245,252.8386,248.5868,249.3834,1699938000,2060000.0,2023-11-14 05:00:00
252.9127,254.3763,250.1245,250.3653,1700024400,2795100.0,2023-11-15 05:00:00
251.1388,256.2176,250.0839,254.5091,1700110800,2366200.0,2023-11-16 05:00:00
247.7686,251.5216,247.031,251.5216,1700197200,2642900.0,2023-11-17 05:00:00
247.7312,248.9916,244.0902,245.1545,1700456400,2213900.0,2023-11-20 05:00:00
245.3692,248.3754,243.2219,247.7219,1700542800,2636600.0,2023-11-21 05:00:00
247.0217,248.7769,244.8464,247.2084,1700629200,1649100.0,2023-11-22 05:00:00
247.834,248.4315,247.3018,247.5165,1700802000,930800.0,2023-11-24 05:00:00
246.7229,247.9366,244.2862,247.8059,1701061200,1846400.0,2023-11-27 05:00:00
247.8899,248.8982,246.1441,246.8069,1701147600,1753400.0,2023-11-28 05:00:00
248.8982,250.308,246.0041,247.1617,1701234000,2005200.0,2023-11-29 05:00:00
251.7364,252.5953,249.5891,249.9345,1701320400,2686400.0,2023-11-30 05:00:00
254.3598,254.4905,249.8505,252.0351,1701406800,2303900.0,2023-12-01 05:00:00
254.4438,255.2747,252.1658,252.8941,1701666000,2357400.0,2023-12-04 05:00:00
252.8847,253.9397,250.6441,253.8183,1701752400,1853600.0,2023-12-05 05:00:00
251.4656,253.9023,251.2602,253.3889,1701838800,1765900.0,2023-12-06 05:00:00
253.2955,255.256,248.9262,252.5392,1701925200,2081300.0,2023-12-07 05:00:00
251.2509,253.9117,250.9708,253.1648,1702011600,2608200.0,2023-12-08 05:00:00
254.0704,257.5807,252.4646,253.9023,1702270800,2838600.0,2023-12-11 05:00:00
255.7975,258.8411,255.116,258.729,1702357200,2556900.0,2023-12-12 05:00:00
262.9209,263.1357,255.1627,255.9563,1702443600,2380000.0,2023-12-13 05:00:00
257.9728,263.9572,255.8816,262.6408,1702530000,2935200.0,2023-12-14 05:00:00
257.1606,260.7269,255.1813,257.9261,1702616400,8731000.0,2023-12-15 05:00:00
257.1886,258.701,256.1336,258.6076,1702875600,2227600.0,2023-12-18 05:00:00
259.9521,261.9407,258.2249,260.1855,1702962000,2484100.0,2023-12-19 05:00:00
256.9085,260.2881,256.7498,259.3825,1703048400,2561200.0,2023-12-20 05:00:00
260.7829,261.2404,258.0475,258.1875,1703134800,1850000.0,2023-12-21 05:00:00
265.2922,266.7113,261.4085,261.4085,1703221200,1814200.0,2023-12-22 05:00:00
265.0495,265.8151,262.9676,265.2549,1703566800,1330400.0,2023-12-26 05:00:00
267.5049,268.2144,264.536,265.6096,1703653200,1866800.0,2023-12-27 05:00:00
269.3068,269.8483,268.5319,268.7653,1703739600,1228400.0,2023-12-28 05:00:00
268.8959,269.3347,267.3742,268.7465,1703826000,1766600.0,2023-12-29 05:00:00
277.6438,280.6873,268.2051,268.2051,1704171600,3374900.0,2024-01-02 05:00:00
280.7247,283.1147,277.3264,280.1272,1704258000,2771500.0,2024-01-03 05:00:00
283.0401,284.8326,278.7642,281.481,1704344400,3357900.0,2024-01-04 05:00:00
282.8813,283.3761,279.8565,282.1344,1704430800,1874400.0,2024-01-05 05:00:00
290.2381,290.3968,280.4073,281.4529,1704690000,3467700.0,2024-01-08 05:00:00
286.8585,289.3885,285.6261,287.568,1704776400,2603700.0,2024-01-09 05:00:00
284.3471,287.2133,284.067,286.7651,1704862800,2210900.0,2024-01-10 05:00:00
282.9747,284.3844,280.0805,283.2827,1704949200,2137100.0,2024-01-11 05:00:00
286.1583,286.5691,283.2547,284.9726,1705035600,1567900.0,2024-01-12 05:00:00
283.3295,287.5493,281.1822,286.1583,1705381200,1996300.0,2024-01-16 05:00:00
283.8896,284.4031,281.1075,282.3772,1705467600,2210400.0,2024-01-17 05:00:00
284.2724,285.3554,279.6604,282.1811,1705554000,2357000.0,2024-01-18 05:00:00
287.3719,288.567,281.1168,284.4965,1705640400,2566500.0,2024-01-19 05:00:00
289.5659,291.4331,286.2423,288.2029,1705899600,2599900.0,2024-01-22 05:00:00
289.3325,290.6302,288.5763,288.9777,1705986000,1775400.0,2024-01-23 05:00:00
285.2153,291.7039,284.9726,289.3419,1706072400,1954200.0,2024-01-24 05:00:00
289.6593,289.7153,285.402,288.2215,1706158800,2005400.0,2024-01-25 05:00:00
291.069,291.3024,289.2858,289.9487,1706245200,2035800.0,2024-01-26 05:00:00
292.6375,292.7961,289.3138,290.7609,1706504400,2447600.0,2024-01-29 05:00:00
293.7298,294.0099,289.902,291.7785,1706590800,2637000.0,2024-01-30 05:00:00
293.3937,295.6157,291.8626,295.0181,1706677200,3456700.0,2024-01-31 05:00:00
303.0098,303.2525,292.8709,293.6177,1706763600,3883200.0,2024-02-01 05:00:00
301.7307,304.1394,299.4528,302.1509,1706850000,2585900.0,2024-02-02 05:00:00
300.5917,307.8271,296.6146,302.0482,1707109200,3563300.0,2024-02-05 05:00:00
295.0835,305.2504,293.8511,303.794,1707195600,5767400.0,2024-02-06 05:00:00
276.2248,294.5607,275.6646,294.5607,1707282000,8411300.0,2024-02-07 05:00:00
275.2725,278.2133,269.6055,277.2797,1707368400,5946100.0,2024-02-08 05:00:00
271.7901,275.4125,270.4737,275.2725,1707454800,3341100.0,2024-02-09 05:00:00
274.8803,275.0391,269.6802,270.7165,1707714000,3298500.0,2024-02-12 05:00:00
271.1927,275.898,267.841,275.0484,1707800400,3610100.0,2024-02-13 05:00:00
270.8099,271.5567,268.4572,270.6325,1707886800,2617300.0,2024-02-14 05:00:00
271.986,273.1904,268.7211,270.8663,1707973200,2902000.0,2024-02-15 05:00:00
266.9333,270.7063,266.5287,270.7063,1708059600,3596800.0,2024-02-16 05:00:00
266.7546,268.4388,263.9695,267.0745,1708405200,3402000.0,2024-02-20 05:00:00
266.7076,268.8904,264.2048,268.006,1708491600,1934300.0,2024-02-21 05:00:00
268.3259,268.834,264.6752,265.7855,1708578000,2992700.0,2024-02-22 05:00:00
272.0895,274.9686,269.1068,269.5867,1708664400,2462400.0,2024-02-23 05:00:00
269.4456,272.7387,268.5611,271.2427,1708923600,2448900.0,2024-02-26 05:00:00
262.0313,264.5999,260.714,262.6052,1709010000,3353700.0,2024-02-27 05:00:00
261.0621,263.8566,260.714,262.5017,1709096400,3027000.0,2024-02-28 05:00:00
257.6467,263.2921,257.2703,262.0595,1709182800,5863400.0,2024-02-29 05:00:00
263.7625,265.268,258.6346,260.1589,1709269200,3772700.0,2024-03-01 05:00:00
262.8781,268.9939,261.2409,266.5194,1709528400,2470300.0,2024-03-04 05:00:00
260.3,263.2168,258.7663,263.0945,1709614800,3064000.0,2024-03-05 05:00:00
260.2435,262.4829,258.3241,259.105,1709701200,2240200.0,2024-03-06 05:00:00
256.734,260.4505,253.6478,259.9707,1709787600,4066300.0,2024-03-07 05:00:00
257.5714,260.2153,255.9343,256.687,1709874000,2251100.0,2024-03-08 05:00:00
259.0862,261.7489,256.8563,258.2864,1710129600,1851000.0,2024-03-11 04:00:00
260.1965,261.7114,257.9384,260.4882,1710216000,1738700.0,2024-03-12 04:00:00
259.679,262.0971,258.9451,261.7396,1710302400,1641000.0,2024-03-13 04:00:00
255.492,260.8457,254.4664,260.4788,1710388800,2370500.0,2024-03-14 04:00:00
252.9798,258.9169,252.3212,256.0095,1710475200,8795800.0,2024-03-15 04:00:00
254.8898,257.4114,253.2997,254.043,1710734400,3608300.0,2024-03-18 04:00:00
255.6708,257.0162,253.582,254.2123,1710820800,3037500.0,2024-03-19 04:00:00
256.9127,256.9409,253.3279,255.1815,1710907200,2564500.0,2024-03-20 04:00:00
260.5823,261.495,258.1736,258.3994,1710993600,2489400.0,2024-03-21 04:00:00
259.8484,261.8431,258.8416,260.9963,1711080000,2303100.0,2024-03-22 04:00:00
264.2236,264.7034,259.1333,260.093,1711339200,2954400.0,2024-03-25 04:00:00
265.1174,267.686,264.1106,265.4749,1711425600,3343000.0,2024-03-26 04:00:00
269.3797,269.869,265.8513,267.4226,1711512000,2256300.0,2024-03-27 04:00:00
267.5167,271.5155,267.4132,270.8475,1711598400,2289900.0,2024-03-28 04:00:00
266.3123,267.0556,262.5111,265.4373,1711944000,1868600.0,2024-04-01 04:00:00
259.886,267.131,259.7261,266.5946,1712030400,2220500.0,2024-04-02 04:00:00
258.2018,260.1306,257.5055,259.3967,1712116800,1669200.0,2024-04-03 04:00:00
252.2459,260.3753,251.926,259.7354,1712203200,2451200.0,2024-04-04 04:00:00
253.996,256.9316,249.4138,250.1853,1712289600,2293800.0,2024-04-05 04:00:00
253.2903,254.2406,251.7472,253.5538,1712548800,1830800.0,2024-04-08 04:00:00
254.3817,255.2568,252.7069,254.2218,1712635200,1792600.0,2024-04-09 04:00:00
250.7028,252.5188,248.9904,252.1236,1712721600,1949500.0,2024-04-10 04:00:00
254.043,256.8657,252.5846,254.25,1712808000,2169600.0,2024-04-11 04:00:00
251.4838,253.3844,250.4394,252.8857,1712894400,2140100.0,2024-04-12 04:00:00
249.8184,254.9181,248.727,253.9772,1713153600,1740000.0,2024-04-15 04:00:00
249.9407,251.7002,248.2188,251.0603,1713240000,2017600.0,2024-04-16 04:00:00
248.4635,252.8857,247.8237,251.7284,1713326400,2175100.0,2024-04-17 04:00:00
247.2215,250.2042,247.0616,249.9407,1713412800,2082700.0,2024-04-18 04:00:00
253.0362,253.4597,245.2738,248.9904,1713499200,3380100.0,2024-04-19 04:00:00
255.8401,256.9975,253.8925,253.8925,1713758400,2165800.0,2024-04-22 04:00:00
257.3738,258.2583,255.0309,256.0566,1713844800,2493300.0,2024-04-23 04:00:00
256.8751,258.6158,253.7137,254.6358,1713931200,2467100.0,2024-04-24 04:00:00
253.4597,258.1359,251.4461,257.2891,1714017600,1794000.0,2024-04-25 04:00:00
254.0242,255.6237,250.016,250.016,1714104000,2436900.0,2024-04-26 04:00:00
260.046,260.4976,253.0927,253.2715,1714363200,2678900.0,2024-04-29 04:00:00
257.7502,259.8013,256.2541,259.7919,1714449600,2477300.0,2024-04-30 04:00:00
260.9774,263.3015,257.2233,257.976,1714536000,2323700.0,2024-05-01 04:00:00
261.9372,262.163,258.6534,261.2786,1714622400,3177500.0,2024-05-02 04:00:00
292.8928,303.5344,290.437,294.8687,1714708800,9644700.0,2024-05-03 04:00:00
281.7807,294.2477,279.9365,292.507,1714968000,4717600.0,2024-05-06 04:00:00
282.5523,285.008,280.8681,283.9166,1715054400,2452100.0,2024-05-07 04:00:00
289.148,289.3927,281.2256,282.3829,1715140800,2859600.0,2024-05-08 04:00:00
294.37,296.0072,288.2165,291.2368,1715227200,2921300.0,2024-05-09 04:00:00
291.8202,296.28,291.5097,294.3982,1715313600,2611800.0,2024-05-10 04:00:00
290.2206,293.702,288.9128,293.702,1715572800,1558500.0,2024-05-13 04:00:00
293.0057,293.9372,289.2986,290.4841,1715659200,1631100.0,2024-05-14 04:00:00
300.1847,302.4429,294.3794,296.2141,1715745600,3466000.0,2024-05-15 04:00:00
298.2233,299.5689,294.4709,298.138,1715832000,2367800.0,2024-05-16 04:00:00
296.0912,298.7539,294.1013,298.7539,1715918400,1974200.0,2024-05-17 04:00:00
298.0527,299.2562,296.2334,297.9295,1716177600,1394600.0,2024-05-20 04:00:00
298.3464,300.071,295.551,297.6452,1716264000,1705900.0,2024-05-21 04:00:00
293.1917,298.4886,292.3483,298.2044,1716350400,2849100.0,2024-05-22 04:00:00
290.4341,295.6364,288.4253,292.3009,1716436800,2139700.0,2024-05-23 04:00:00
289.8087,291.3817,287.9704,290.3583,1716523200,2425800.0,2024-05-24 04:00:00
284.4549,287.6009,282.6734,287.2218,1716868800,2636700.0,2024-05-28 04:00:00
280.8351,283.3841,280.3045,283.3652,1716955200,2475900.0,2024-05-29 04:00:00
285.2224,287.6577,280.0012,281.6026,1717041600,2727100.0,2024-05-30 04:00:00
289.8182,289.8656,283.8011,286.1795,1717128000,4488900.0,2024-05-31 04:00:00
291.3059,295.1531,287.9231,290.709,1717387200,2447400.0,2024-06-03 04:00:00
291.2585,294.6225,290.9553,291.8555,1717473600,1830200.0,2024-06-04 04:00:00
291.268,294.0444,290.3394,291.666,1717560000,1748600.0,2024-06-05 04:00:00
289.6666,293.7602,288.3589,290.8321,1717646400,1927900.0,2024-06-06 04:00:00
289.0317,291.8176,288.52,290.6426,1717732800,1925000.0,2024-06-07 04:00:00
288.7474,289.515,285.1182,288.5863,1717992000,1992800.0,2024-06-10 04:00:00
284.9382,286.7196,284.0853,286.4448,1718078400,1740200.0,2024-06-11 04:00:00
285.2982,287.6293,283.7347,285.4973,1718164800,1640100.0,2024-06-12 04:00:00
282.8535,283.6495,279.8212,281.3942,1718251200,1732700.0,2024-06-13 04:00:00
282.9672,284.0285,280.3897,282.0101,1718337600,1713600.0,2024-06-14 04:00:00
287.3829,288.0367,281.0151,282.8439,1718596800,1875900.0,2024-06-17 04:00:00
289.9508,290.4815,286.1889,286.8807,1718683200,2166200.0,2024-06-18 04:00:00
293.6465,294.0349,287.6388,288.8517,1718856000,2890200.0,2024-06-20 04:00:00
292.0071,297.0104,291.1827,296.7166,1718942400,6596800.0,2024-06-21 04:00:00
301.4734,301.6535,291.7797,293.7507,1719201600,3389300.0,2024-06-24 04:00:00
302.5727,309.0257,301.7104,302.4969,1719288000,3150600.0,2024-06-25 04:00:00
296.4229,300.848,295.3805,300.5543,1719374400,2800200.0,2024-06-26 04:00:00
297.2473,300.1848,294.433,295.39,1719460800,2082200.0,2024-06-27 04:00:00
296.0723,300.0805,294.3097,297.2567,1719547200,3518100.0,2024-06-28 04:00:00
294.7078,302.2789,293.9687,296.9156,1719806400,1769400.0,2024-07-01 04:00:00
294.4803,296.0533,291.5144,293.9876,1719892800,1542700.0,2024-07-02 04:00:00
293.1632,296.1575,290.0646,295.1626,1719979200,1000700.0,2024-07-03 04:00:00
294.5846,296.9819,292.3957,294.7267,1720152000,1274400.0,2024-07-05 04:00:00
295.1342,298.9435,294.3287,295.0394,1720411200,1167200.0,2024-07-08 04:00:00
299.3509,299.512,291.5049,295.2858,1720497600,1852500.0,2024-07-09 04:00:00
304.809,305.9556,298.1475,300.4406,1720584000,2192100.0,2024-07-10 04:00:00
308.0497,310.7977,303.397,305.1217,1720670400,2254000.0,2024-07-11 04:00:00
313.4889,316.3506,308.9215,310.6367,1720756800,2191300.0,2024-07-12 04:00:00
312.8445,315.365,310.684,314.4838,1721016000,1688800.0,2024-07-15 04:00:00
315.6777,318.3025,310.8071,313.1382,1721102400,1879400.0,2024-07-16 04:00:00
318.0752,318.9659,311.3757,312.7024,1721188800,1933200.0,2024-07-17 04:00:00
313.6216,321.2117,313.3373,316.6823,1721275200,2228400.0,2024-07-18 04:00:00
313.9247,316.4737,311.2146,316.161,1721361600,1848700.0,2024-07-19 04:00:00
318.3594,319.4207,315.0429,315.763,1721620800,1733700.0,2024-07-22 04:00:00
315.7725,319.3733,313.9437,316.8338,1721707200,1458200.0,2024-07-23 04:00:00
318.0182,319.506,313.0245,315.782,1721793600,2459300.0,2024-07-24 04:00:00
316.7769,328.6691,315.564,318.3784,1721880000,2435700.0,2024-07-25 04:00:00
317.2981,321.1737,315.8104,317.0233,1721966400,1515500.0,2024-07-26 04:00:00
315.0808,317.2887,313.9342,316.5685,1722225600,1611200.0,2024-07-29 04:00:00
315.8104,320.8231,314.2848,315.5451,1722312000,1584000.0,2024-07-30 04:00:00
315.0428,318.7763,313.2424,314.1711,1722398400,2120500.0,2024-07-31 04:00:00
317.9425,323.0215,315.981,318.4731,1722484800,2387700.0,2024-08-01 04:00:00
316.4832,320.6147,308.6562,319.7334,1722571200,2106200.0,2024-08-02 04:00:00
308.1729,315.8673,304.5626,315.2798,1722830400,2974900.0,2024-08-05 04:00:00
311.7074,315.5261,306.562,308.1824,1722916800,2436500.0,2024-08-06 04:00:00
296.1197,306.0693,290.5194,304.1646,1723003200,4618400.0,2024-08-07 04:00:00
307.6707,308.0781,296.3945,297.541,1723089600,2746700.0,2024-08-08 04:00:00
305.586,308.0023,302.5916,306.7799,1723176000,1786400.0,2024-08-09 04:00:00
303.2265,306.9221,301.265,306.9221,1723435200,1828700.0,2024-08-12 04:00:00
306.4957,307.0169,302.44,304.9132,1723521600,1632800.0,2024-08-13 04:00:00
305.8134,307.358,302.8096,303.634,1723608000,1656100.0,2024-08-14 04:00:00
308.334,310.0112,305.0648,306.9031,1723694400,1886800.0,2024-08-15 04:00:00
306.7119,309.937,305.815,308.8206,1723780800,1442500.0,2024-08-16 04:00:00
312.9427,313.1431,306.6833,306.731,1724040000,1214200.0,2024-08-19 04:00:00
313.4961,315.3568,311.6545,313.0858,1724126400,1352600.0,2024-08-20 04:00:00
314.0686,315.8243,312.8855,314.4503,1724212800,1138200.0,2024-08-21 04:00:00
309.6603,314.4026,308.3149,314.4026,1724299200,2172000.0,2024-08-22 04:00:00
313.7346,316.1105,310.4713,311.3205,1724385600,1771100.0,2024-08-23 04:00:00
311.8072,315.1278,310.5859,313.3625,1724644800,1769900.0,2024-08-26 04:00:00
311.9503,314.7174,310.6622,313.3721,1724731200,1444300.0,2024-08-27 04:00:00
314.393,315.3663,310.4809,311.0057,1724817600,1444200.0,2024-08-28 04:00:00
315.8434,318.954,314.164,316.4732,1724904000,1294300.0,2024-08-29 04:00:00
318.5342,320.2803,315.1755,316.7403,1724990400,2173400.0,2024-08-30 04:00:00
315.3663,317.8758,314.0209,316.6831,1725336000,2120500.0,2024-09-03 04:00:00
315.4903,315.9292,312.5896,314.8128,1725422400,1622100.0,2024-09-04 04:00:00
309.4981,316.6544,307.1604,315.7384,1725508800,1977400.0,2024-09-05 04:00:00
305.8722,311.9885,304.3836,309.8225,1725595200,2242400.0,2024-09-06 04:00:00
310.9866,312.79,305.4333,307.7424,1725854400,1707800.0,2024-09-09 04:00:00
313.8587,314.1449,307.6184,312.0171,1725940800,1408400.0,2024-09-10 04:00:00
314.8606,315.4998,305.6241,312.79,1726027200,1711000.0,2024-09-11 04:00:00
314.9369,317.1506,311.4541,315.0896,1726113600,1590000.0,2024-09-12 04:00:00
317.2174,319.1258,312.1602,312.9331,1726200000,1397000.0,2024-09-13 04:00:00
319.8987,322.0933,317.6659,320.4521,1726459200,2360600.0,2024-09-16 04:00:00
317.5514,319.2498,315.9102,319.2498,1726545600,2014000.0,2024-09-17 04:00:00
317.6659,323.4673,315.8339,318.6296,1726632000,1366600.0,2024-09-18 04:00:00
320.5571,323.1811,319.2785,321.5876,1726718400,1626100.0,2024-09-19 04:00:00
321.9215,323.4387,318.954,319.7937,1726804800,4068200.0,2024-09-20 04:00:00
320.2326,323.6295,318.0857,323.4673,1727064000,1677500.0,2024-09-23 04:00:00
315.7575,320.0418,315.3567,317.8853,1727150400,2101000.0,2024-09-24 04:00:00
298.525,314.4026,297.8571,313.9255,1727236800,4249500.0,2024-09-25 04:00:00
304.4791,305.1279,299.0116,299.3074,1727323200,2555700.0,2024-09-26 04:00:00
307.8855,312.9522,305.834,307.9141,1727409600,2432600.0,2024-09-27 04:00:00
307.4466,308.4199,304.1833,306.5974,1727668800,1966900.0,2024-09-30 04:00:00
305.6432,307.4371,302.399,307.2939,1727755200,2097400.0,2024-10-01 04:00:00
305.0802,305.9772,301.6929,303.0764,1727841600,2614400.0,2024-10-02 04:00:00
302.9333,305.0803,301.0059,302.5803,1727928000,1525300.0,2024-10-03 04:00:00
305.0135,306.044,301.9314,304.1165,1728014400,1467800.0,2024-10-04 04:00:00
302.9047,305.5382,301.4448,305.4141,1728273600,1262300.0,2024-10-07 04:00:00
303.1241,305.2902,301.9791,304.5459,1728360000,1453300.0,2024-10-08 04:00:00
307.6375,308.1909,300.2807,302.1509,1728446400,1379400.0,2024-10-09 04:00:00
306.3016,307.7901,304.1451,306.2443,1728532800,1254600.0,2024-10-10 04:00:00
313.3053,314.0877,305.4333,307.4371,1728619200,1567200.0,2024-10-11 04:00:00
309.7462,311.9694,307.8092,310.6717,1728878400,1613300.0,2024-10-14 04:00:00
310.1946,312.332,309.1832,311.0915,1728964800,1956200.0,2024-10-15 04:00:00
306.8932,311.7595,306.5974,311.2538,1729051200,1776700.0,2024-10-16 04:00:00
306.6069,310.9866,305.815,310.9866,1729137600,1635600.0,2024-10-17 04:00:00
306.9218,307.7806,304.5554,305.9199,1729224000,1552100.0,2024-10-18 04:00:00
302.2272,307.0554,301.3971,305.4905,1729483200,1533200.0,2024-10-21 04:00:00
305.0135,306.3684,299.5937,300.796,1729569600,2106500.0,2024-10-22 04:00:00
300.4715,303.9543,299.3265,301.5307,1729656000,1526300.0,2024-10-23 04:00:00
301.2253,302.7043,299.2597,300.023,1729742400,1326600.0,2024-10-24 04:00:00
302.4562,304.5745,300.4525,303.897,1729828800,1604400.0,2024-10-25 04:00:00
302.6375,305.4714,301.4257,303.4867,1730088000,1816000.0,2024-10-28 04:00:00
301.5211,304.5841,300.3952,302.4849,1730174400,1466500.0,2024-10-29 04:00:00
301.0822,303.334,296.3972,297.6567,1730260800,2223600.0,2024-10-30 04:00:00
305.4905,308.5821,301.1872,303.1337,1730347200,2713500.0,2024-10-31 04:00:00
304.5936,306.9599,302.3894,304.0879,1730433600,1826700.0,2024-11-01 04:00:00
302.3894,305.8912,300.1948,305.8912,1730696400,2090100.0,2024-11-04 05:00:00
304.6604,304.8798,298.6777,301.6738,1730782800,1472300.0,2024-11-05 05:00:00
307.0459,310.4809,303.5917,310.1088,1730869200,2208600.0,2024-11-06 05:00:00
307.1603,308.1718,303.9448,307.2462,1730955600,2654700.0,2024-11-07 05:00:00
310.3759,313.2098,306.5592,307.7042,1731042000,1978100.0,2024-11-08 05:00:00
307.0649,312.5706,306.8741,310.9771,1731301200,2457000.0,2024-11-11 05:00:00
285.1474,306.5019,280.3383,304.9466,1731387600,6680300.0,2024-11-12 05:00:00
287.6282,293.3438,285.2142,291.9793,1731474000,3725600.0,2024-11-13 05:00:00
282.3707,284.8039,278.9357,284.26,1731560400,3515600.0,2024-11-14 05:00:00
270.6152,278.1437,266.8081,278.1437,1731646800,5324700.0,2024-11-15 05:00:00
268.1145,270.6152,265.9985,268.7108,1731906000,3174600.0,2024-11-18 05:00:00
269.2591,270.846,265.0367,267.0661,1731992400,3210300.0,2024-11-19 05:00:00
276.8766,277.4633,267.9221,270.3651,1732078800,4759200.0,2024-11-20 05:00:00
278.8291,279.9929,273.2891,277.1748,1732165200,3553200.0,2024-11-21 05:00:00
283.2823,284.196,277.7519,279.7332,1732251600,3053200.0,2024-11-22 05:00:00
282.7725,285.9657,282.2916,282.3397,1732510800,4695700.0,2024-11-25 05:00:00
269.3168,269.6342,247.9549,254.1298,1732597200,17010300.0,2024-11-26 05:00:00
269.3745,271.8944,267.3835,268.3453,1732683600,6622800.0,2024-11-27 05:00:00
272.0676,272.8082,267.0373,268.7878,1732856400,2232800.0,2024-11-29 05:00:00
267.4797,271.6059,266.316,271.3077,1733115600,4677800.0,2024-12-02 05:00:00
267.6913,270.6345,265.9408,266.4217,1733202000,5468800.0,2024-12-03 05:00:00
267.6336,268.7397,263.4016,265.2772,1733288400,4173900.0,2024-12-04 05:00:00
263.8536,268.3838,262.7187,266.4217,1733374800,3187000.0,2024-12-05 05:00:00
262.1705,264.8443,261.1125,264.5077,1733461200,3970200.0,2024-12-06 05:00:00
267.0277,269.3072,261.882,262.7284,1733720400,3222100.0,2024-12-09 05:00:00
265.2195,267.2874,261.9589,267.2489,1733806800,2791400.0,2024-12-10 05:00:00
262.9688,265.7292,260.2469,265.4599,1733893200,4493500.0,2024-12-11 05:00:00
263.594,265.3445,261.7569,263.3535,1733979600,3749200.0,2024-12-12 05:00:00
260.2854,263.6036,259.7083,262.536,1734066000,2906300.0,2024-12-13 05:00:00
256.3227,262.2763,256.0534,260.2854,1734325200,3711100.0,2024-12-16 05:00:00
255.7937,259.9391,254.6972,255.3224,1734411600,4742500.0,2024-12-17 05:00:00
248.8975,256.9863,248.8013,255.0531,1734498000,4093600.0,2024-12-18 05:00:00
251.2155,251.8118,243.6268,248.1473,1734584400,4725800.0,2024-12-19 05:00:00
253.3218,259.3139,252.1965,258.7272,1734670800,13687600.0,2024-12-20 05:00:00
253.9182,254.6876,250.9077,253.0622,1734930000,3025700.0,2024-12-23 05:00:00
254.3895,254.4472,251.379,252.4562,1735016400,1520600.0,2024-12-24 05:00:00
253.1295,254.6203,251.7637,252.1965,1735189200,1637300.0,2024-12-26 05:00:00
252.6198,253.4373,250.5615,251.129,1735275600,2157400.0,2024-12-27 05:00:00
249.3976,251.5713,248.6282,250.8692,1735534800,3039300.0,2024-12-30 05:00:00
250.6865,251.5521,248.9649,250.7923,1735621200,1966200.0,2024-12-31 05:00:00
249.3784,253.5142,248.4455,252.1677,1735794000,2357400.0,2025-01-02 05:00:00
251.2443,252.0715,249.869,250.0709,1735880400,2979700.0,2025-01-03 05:00:00
248.7148,251.2155,247.2336,249.1572,1736139600,4668200.0,2025-01-06 05:00:00
252.0523,255.082,249.4458,250.2825,1736226000,3173700.0,2025-01-07 05:00:00
254.1201,254.1586,249.8978,251.9657,1736312400,2421500.0,2025-01-08 05:00:00
252.2158,254.678,250.5999,250.8308,1736485200,2721800.0,2025-01-10 05:00:00
259.8718,260.1603,251.302,252.1003,1736744400,3365900.0,2025-01-13 05:00:00
256.8998,261.2375,254.7934,261.2375,1736830800,2942300.0,2025-01-14 05:00:00
258.6695,262.4014,258.3233,259.0446,1736917200,3737500.0,2025-01-15 05:00:00
259.1408,259.9872,256.9479,258.6503,1737003600,2684500.0,2025-01-16 05:00:00
261.7185,266.3929,259.4775,266.3929,1737090000,3244000.0,2025-01-17 05:00:00
264.3154,265.9408,259.9584,261.7473,1737435600,3928500.0,2025-01-21 05:00:00
262.9977,264.5173,261.68,262.2474,1737522000,3518300.0,2025-01-22 05:00:00
267.2681,267.3835,261.9205,262.9977,1737608400,2496000.0,2025-01-23 05:00:00
264.9021,266.768,263.0554,265.71,1737694800,2008600.0,2025-01-24 05:00:00
272.1445,272.4138,265.633,266.7775,1737954000,3493200.0,2025-01-27 05:00:00
269.5957,272.6735,269.2783,269.4322,1738040400,2735500.0,2025-01-28 05:00:00
270.923,272.2311,268.6435,269.336,1738126800,2454900.0,2025-01-29 05:00:00
273.1736,274.7799,270.8845,274.1162,1738213200,2556100.0,2025-01-30 05:00:00
274.5202,275.7417,271.2115,271.4039,1738299600,3799900.0,2025-01-31 05:00:00
277.8384,278.5213,272.5773,275.9533,1738558800,4473500.0,2025-02-03 05:00:00
277.9827,279.387,273.6545,274.6741,1738645200,3262400.0,2025-02-04 05:00:00
296.0551,296.4495,278.4636,279.5889,1738731600,5890600.0,2025-02-05 05:00:00
286.4082,297.671,285.7734,297.671,1738818000,4624500.0,2025-02-06 05:00:00
282.3301,288.1683,281.4067,287.7355,1738904400,3388300.0,2025-02-07 05:00:00
283.5323,285.5425,279.5697,285.5425,1739163600,2375600.0,2025-02-10 05:00:00
285.3309,286.5717,277.3479,279.4639,1739250000,3506900.0,2025-02-11 05:00:00
283.792,284.8885,281.4548,282.5994,1739336400,2629900.0,2025-02-12 05:00:00
285.6291,286.9564,282.3397,286.1869,1739422800,2061700.0,2025-02-13 05:00:00
282.3034,286.1818,281.615,285.7842,1739509200,2189300.0,2025-02-14 05:00:00
283.8935,284.4074,280.2091,282.8852,1739854800,2162200.0,2025-02-18 05:00:00
285.3188,286.9671,282.9239,283.1179,1739941200,2806900.0,2025-02-19 05:00:00
288.8675,289.0615,284.9892,285.7067,1740027600,2319000.0,2025-02-20 05:00:00
293.7929,296.0423,288.15,290.1279,1740114000,3261400.0,2025-02-21 05:00:00
300.2989,304.2063,295.1407,295.9939,1740373200,4286600.0,2025-02-24 05:00:00
306.0291,308.6178,300.8612,302.3156,1740459600,4365700.0,2025-02-25 05:00:00
297.0605,304.0899,296.2557,302.461,1740546000,2786900.0,2025-02-26 05:00:00
296.5175,301.5399,293.8802,296.0133,1740632400,3249100.0,2025-02-27 05:00:00
298.6893,299.2323,294.2874,299.1257,1740718800,3173000.0,2025-02-28 05:00:00
301.3266,302.9749,297.9913,297.9913,1740978000,2970700.0,2025-03-03 05:00:00
302.6938,310.0917,302.6065,306.9017,1741064400,3820000.0,2025-03-04 05:00:00
306.9405,309.2384,300.7061,301.1812,1741150800,2629000.0,2025-03-05 05:00:00
308.1525,308.9863,302.9943,306.7951,1741237200,3076500.0,2025-03-06 05:00:00
314.9783,318.207,308.1137,309.2481,1741323600,3944900.0,2025-03-07 05:00:00
317.4023,325.6631,312.9519,314.2705,1741579200,4120700.0,2025-03-10 04:00:00
309.19,319.0894,308.7343,318.7985,1741665600,3080100.0,2025-03-11 04:00:00
302.9943,306.4072,299.2518,301.9181,1741752000,3182200.0,2025-03-12 04:00:00
303.1301,307.115,302.4998,304.119,1741838400,2062700.0,2025-03-13 04:00:00
304.1675,304.9432,300.8612,302.7325,1741924800,2396800.0,2025-03-14 04:00:00
307.5223,308.9669,302.3059,305.0692,1742184000,2292900.0,2025-03-17 04:00:00
308.9572,309.5972,305.5928,307.9004,1742270400,2549300.0,2025-03-18 04:00:00
306.1454,309.219,303.8669,307.8519,1742356800,1834300.0,2025-03-19 04:00:00
305.4571,306.3781,302.7422,304.6232,1742443200,2049700.0,2025-03-20 04:00:00
306.4266,306.8629,301.6951,302.335,1742529600,9995000.0,2025-03-21 04:00:00
304.8171,307.9198,303.896,305.4182,1742788800,2439400.0,2025-03-24 04:00:00
297.5258,304.662,294.2777,304.4293,1742875200,2565300.0,2025-03-25 04:00:00
296.4108,299.688,295.0922,297.1186,1742961600,2375200.0,2025-03-26 04:00:00
296.469,298.2142,295.034,296.9053,1743048000,1736900.0,2025-03-27 04:00:00
297.6131,298.796,295.4412,298.0882,1743134400,1768400.0,2025-03-28 04:00:00
302.0732,305.4183,296.2557,298.224,1743393600,3336200.0,2025-03-31 04:00:00
297.5841,303.1107,295.7225,301.1327,1743480000,3042300.0,2025-04-01 04:00:00
296.4012,297.4289,290.9715,296.12,1743566400,1912500.0,2025-04-02 04:00:00
300.4249,305.3213,297.3708,301.7145,1743652800,3280300.0,2025-04-03 04:00:00
285.4352,302.6161,284.7855,302.6161,1743739200,5253100.0,2025-04-04 04:00:00
280.8781,287.9076,273.1312,278.939,1743998400,4923000.0,2025-04-07 04:00:00
271.735,285.0667,269.0686,280.4515,1744084800,4097200.0,2025-04-08 04:00:00
282.2355,282.6331,259.2661,260.7302,1744171200,6055700.0,2025-04-09 04:00:00
272.85,279.7437,261.4671,279.2202,1744257600,4679100.0,2025-04-10 04:00:00
277.281,279.1426,268.6711,273.9069,1744344000,3467100.0,2025-04-11 04:00:00
284.9795,286.2011,276.5344,278.0469,1744603200,2492700.0,2025-04-14 04:00:00
286.3175,287.161,283.2536,285.3576,1744689600,2593600.0,2025-04-15 04:00:00
274.0426,285.7842,272.4816,285.7745,1744776000,2656300.0,2025-04-16 04:00:00
268.8553,270.203,260.3327,268.6129,1744862400,4371800.0,2025-04-17 04:00:00
265.3551,269.7861,262.1361,268.8553,1745208000,1803600.0,2025-04-21 04:00:00
269.9315,270.2515,266.1405,267.3137,1745294400,2081000.0,2025-04-22 04:00:00
269.4468,274.9734,268.0118,271.3956,1745380800,2679500.0,2025-04-23 04:00:00
271.3278,273.6742,266.0726,269.9994,1745467200,2260500.0,2025-04-24 04:00:00
272.2973,273.6063,268.0312,270.969,1745553600,1994600.0,2025-04-25 04:00:00
274.4789,275.4582,271.4829,272.0937,1745812800,2082400.0,2025-04-28 04:00:00
279.7825,281.0818,270.5715,272.5688,1745899200,2147700.0,2025-04-29 04:00:00
282.0708,283.1179,277.3877,280.6358,1745985600,2612300.0,2025-04-30 04:00:00
275.1479,279.1232,273.4899,278.3087,1746072000,2942700.0,2025-05-01 04:00:00
272.6658,282.7397,266.8289,282.6331,1746158400,4537000.0,2025-05-02 04:00:00
271.541,273.393,267.6918,273.0051,1746417600,2781400.0,2025-05-05 04:00:00
262.2137,269.1656,260.6333,268.6614,1746504000,3253400.0,2025-05-06 04:00:00
267.4494,268.2639,262.2137,263.7553,1746590400,2363400.0,2025-05-07 04:00:00
263.7747,266.4216,257.9281,261.2538,1746676800,3618000.0,2025-05-08 04:00:00
257.773,265.1612,257.5791,262.427,1746763200,3328900.0,2025-05-09 04:00:00
266.4023,267.6918,254.9903,258.3645,1747022400,4216800.0,2025-05-12 04:00:00
262.2234,265.5878,260.3618,265.5006,1747108800,2660700.0,2025-05-13 04:00:00
254.3019,262.1167,253.4777,261.6319,1747195200,3933000.0,2025-05-14 04:00:00
263.4257,263.4257,256.115,257.23,1747281600,3995100.0,2025-05-15 04:00:00
266.4579,266.5851,261.8802,264.7462,1747368000,2589300.0,2025-05-16 04:00:00
269.8228,269.9695,266.0569,266.6242,1747627200,2189400.0,2025-05-19 04:00:00
269.0011,270.8498,268.2871,269.8815,1747713600,2188300.0,2025-05-20 04:00:00
265.4113,269.5684,264.5994,268.1892,1747800000,2559700.0,2025-05-21 04:00:00
265.9591,266.4873,263.2203,265.4113,1747886400,1919800.0,2025-05-22 04:00:00
265.7243,266.5655,263.2496,263.5919,1747972800,2532000.0,2025-05-23 04:00:00
273.3441,273.5202,267.1524,267.7198,1748318400,2917100.0,2025-05-27 04:00:00
272.317,275.1928,270.5759,272.9235,1748404800,3863800.0,2025-05-28 04:00:00
277.3448,277.6186,272.317,273.1191,1748491200,2801900.0,2025-05-29 04:00:00
281.8833,282.4996,274.8994,276.435,1748577600,5439200.0,2025-05-30 04:00:00
282.167,283.1256,278.5479,279.3989,1748836800,2394000.0,2025-06-02 04:00:00
283.243,285.3851,276.8557,279.2815,1748923200,2320400.0,2025-06-03 04:00:00
280.739,286.8035,280.6216,283.8495,1749009600,2338300.0,2025-06-04 04:00:00
280.827,284.9939,278.7631,280.0738,1749096000,2522400.0,2025-06-05 04:00:00
283.9864,287.1556,282.6952,283.4679,1749182400,1996100.0,2025-06-06 04:00:00
283.644,285.2873,281.2574,284.1233,1749441600,1967100.0,2025-06-09 04:00:00
287.0186,289.1804,283.4582,283.6636,1749528000,2441500.0,2025-06-10 04:00:00
285.4341,288.2316,284.7885,286.8035,1749614400,1828300.0,2025-06-11 04:00:00
290.7943,290.941,286.285,287.7816,1749700800,2159700.0,2025-06-12 04:00:00
288.7696,292.9463,287.6447,288.2903,1749787200,2191200.0,2025-06-13 04:00:00
289.1021,292.242,286.0698,289.8357,1750046400,2047600.0,2025-06-16 04:00:00
283.7125,289.3369,283.3017,287.9772,1750132800,2515100.0,2025-06-17 04:00:00
283.3017,285.4927,280.3379,284.4364,1750219200,2026800.0,2025-06-18 04:00:00
283.0082,288.1142,282.2355,285.7862,1750392000,6801300.0,2025-06-20 04:00:00
266.4873,284.3092,261.978,283.7418,1750651200,5764900.0,2025-06-23 04:00:00
271.4269,273.8919,263.1322,267.1622,1750737600,3686900.0,2025-06-24 04:00:00
274.2244,274.4103,267.1622,269.7738,1750824000,2740300.0,2025-06-25 04:00:00
273.0115,279.9173,271.6812,273.8821,1750910400,2998200.0,2025-06-26 04:00:00
271.0748,275.1733,269.6761,272.4833,1750996800,2894500.0,2025-06-27 04:00:00
273.1093,273.9212,270.5368,272.7572,1751256000,2963500.0,2025-06-30 04:00:00
284.1722,287.5566,272.8844,273.8919,1751342400,3502700.0,2025-07-01 04:00:00
290.3639,291.4008,283.1745,284.6711,1751428800,2287000.0,2025-07-02 04:00:00
291.7235,292.4572,289.0532,290.5106,1751515200,1518500.0,2025-07-03 04:00:00
286.5491,291.4888,285.0134,291.3714,1751860800,2144500.0,2025-07-07 04:00:00
290.5107,292.1539,284.8863,285.5808,1751947200,1534100.0,2025-07-08 04:00:00
290.0411,295.0688,285.3949,291.9877,1752033600,2098000.0,2025-07-09 04:00:00
293.807,295.7731,288.7207,289.7184,1752120000,1925800.0,2025-07-10 04:00:00
288.8184,293.3571,287.5762,291.7138,1752206400,1619800.0,2025-07-11 04:00:00
290.54,290.6476,286.4416,287.4393,1752465600,1202300.0,2025-07-14 04:00:00
286.1188,291.0291,285.5612,290.6965,1752552000,1592700.0,2025-07-15 04:00:00
292.4865,292.7995,285.9427,286.1188,1752638400,1881000.0,2025-07-16 04:00:00
291.7334,293.3962,289.8064,291.0878,1752724800,1725600.0,2025-07-17 04:00:00
288.3196,294.4232,287.3316,294.3548,1752811200,1967700.0,2025-07-18 04:00:00
289.4053,290.5987,287.1849,288.3098,1753070400,2025100.0,2025-07-21 04:00:00
299.0108,300.0965,289.3955,289.9824,1753156800,2520800.0,2025-07-22 04:00:00
302.4637,302.7277,299.3042,301.0845,1753243200,1782700.0,2025-07-23 04:00:00
301.8083,304.4786,300.6345,302.4734,1753329600,1531200.0,2025-07-24 04:00:00
299.8813,302.2778,297.7979,301.8376,1753416000,1451300.0,2025-07-25 04:00:00
294.7069,299.314,293.5429,299.1379,1753675200,1948000.0,2025-07-28 04:00:00
296.9273,297.4261,291.2736,294.5406,1753761600,1406500.0,2025-07-29 04:00:00
294.7852,298.8934,293.1126,297.6805,1753848000,1550400.0,2025-07-30 04:00:00
288.6522,296.3404,287.2143,291.9192,1753934400,2252700.0,2025-07-31 04:00:00
290.3932,291.9974,286.197,290.5693,1754020800,2410900.0,2025-08-01 04:00:00
295.3427,295.7242,289.8259,290.8041,1754280000,2316200.0,2025-08-04 04:00:00
293.5233,295.4992,290.5302,294.1592,1754366400,2664100.0,2025-08-05 04:00:00
278.4501,292.017,275.496,289.0532,1754452800,4576000.0,2025-08-06 04:00:00
278.4794,282.93,275.5352,281.0715,1754539200,2588800.0,2025-08-07 04:00:00
281.9323,282.1866,277.2958,277.2958,1754625600,1803300.0,2025-08-08 04:00:00
278.8608,285.3655,278.4989,283.4092,1754884800,1856800.0,2025-08-11 04:00:00
278.7533,280.0053,276.4253,279.2424,1754971200,2200300.0,2025-08-12 04:00:00
283.0082,283.2527,278.4696,279.0858,1755057600,1784900.0,2025-08-13 04:00:00
283.9473,285.17,281.1302,282.5681,1755144000,1932300.0,2025-08-14 04:00:00
289.9922,290.5009,284.2309,285.6493,1755230400,2168300.0,2025-08-15 04:00:00
286.2263,291.6258,285.9133,290.4422,1755489600,1743800.0,2025-08-18 04:00:00
289.0923,290.5009,285.7275,286.0209,1755576000,1858500.0,2025-08-19 04:00:00
289.9727,294.883,289.3368,289.777,1755662400,1723700.0,2025-08-20 04:00:00
289.2978,293.3473,288.0555,289.4347,1755748800,1843700.0,2025-08-21 04:00:00
289.633,293.745,289.2681,291.3784,1755835200,1644000.0,2025-08-22 04:00:00
284.4561,290.5008,283.5587,288.5384,1756094400,1734300.0,2025-08-25 04:00:00
285.5506,285.8563,282.543,283.7658,1756180800,1750400.0,2025-08-26 04:00:00
283.963,286.2113,282.6614,284.8209,1756267200,1400800.0,2025-08-27 04:00:00
281.6358,283.2333,280.9061,283.2333,1756353600,1886700.0,2025-08-28 04:00:00
283.7066,284.2884,281.1921,281.8232,1756440000,1302700.0,2025-08-29 04:00:00
282.9276,284.7223,280.7484,283.4897,1756785600,1948200.0,2025-09-02 04:00:00
279.9003,282.9375,276.4786,280.1271,1756872000,2604100.0,2025-09-03 04:00:00
276.2025,280.7977,274.8713,280.7977,1756958400,2622000.0,2025-09-04 04:00:00
279.6933,281.3203,275.1178,275.9067,1757044800,2299400.0,2025-09-05 04:00:00
276.2913,278.5001,273.4612,277.1393,1757304000,2452900.0,2025-09-08 04:00:00
276.0743,278.155,274.9009,275.6109,1757390400,1733000.0,2025-09-09 04:00:00
274.6346,276.4096,271.3313,276.1039,1757476800,2150700.0,2025-09-10 04:00:00
278.7959,278.9635,274.1317,274.6445,1757563200,2233100.0,2025-09-11 04:00:00
272.5442,279.003,272.2286,277.1295,1757649600,2143700.0,2025-09-12 04:00:00
270.5818,273.3823,267.8306,272.2286,1757908800,2563100.0,2025-09-15 04:00:00
269.2802,273.7274,267.949,272.0511,1757995200,2157400.0,2025-09-16 04:00:00
270.8875,273.9345,269.2013,270.3255,1758081600,1748800.0,2025-09-17 04:00:00
271.9919,272.6526,270.1578,270.8777,1758168000,3322500.0,2025-09-18 04:00:00
281.4386,282.1683,273.5105,274.7628,1758254400,8735100.0,2025-09-19 04:00:00
282.0204,283.2037,277.7901,280.1764,1758513600,3050500.0,2025-09-22 04:00:00
282.8192,283.2629,280.0088,280.0088,1758600000,2342000.0,2025-09-23 04:00:00
275.3348,282.7107,274.1318,281.4978,1758686400,2374200.0,2025-09-24 04:00:00
267.4066,277.1393,266.8742,275.1178,1758772800,2802700.0,2025-09-25 04:00:00
269.1816,271.6665,266.0163,270.5227,1758859200,1812200.0,2025-09-26 04:00:00
270.1578,270.7001,266.9037,269.2999,1759118400,1769100.0,2025-09-29 04:00:00
278.2733,280.8569,270.2071,270.3255,1759204800,3508700.0,2025-09-30 04:00:00
294.3465,297.4625,279.0622,280.492,1759291200,4835400.0,2025-10-01 04:00:00
293.2618,296.3187,291.3488,294.1592,1759377600,2123200.0,2025-10-02 04:00:00
293.745,297.3442,291.5164,293.5773,1759464000,2518500.0,2025-10-03 04:00:00
290.0274,293.4787,288.9526,293.4787,1759723200,1957300.0,2025-10-06 04:00:00
291.4277,291.7334,286.1718,289.1892,1759809600,1504300.0,2025-10-07 04:00:00
290.5205,293.4886,288.2229,291.6742,1759896000,2940600.0,2025-10-08 04:00:00
291.3192,292.5025,289.6133,290.0373,1759982400,1369000.0,2025-10-09 04:00:00
286.093,292.9561,285.5506,292.0391,1760068800,2660500.0,2025-10-10 04:00:00
288.3314,292.0095,285.4126,287.6904,1760328000,1838400.0,2025-10-13 04:00:00
289.7612,292.7392,286.9213,287.6904,1760414400,1975900.0,2025-10-14 04:00:00
293.1829,294.0605,288.3609,288.7455,1760500800,2502100.0,2025-10-15 04:00:00
291.6939,298.064,290.343,293.9225,1760587200,1715000.0,2025-10-16 04:00:00
294.6522,295.2044,289.0611,291.1319,1760673600,1959400.0,2025-10-17 04:00:00
299.1093,299.4347,293.6069,295.3129,1760932800,1613400.0,2025-10-20 04:00:00
296.9498,299.6221,293.883,298.3894,1761019200,1533400.0,2025-10-21 04:00:00
291.8615,298.6064,291.4868,297.0977,1761105600,1698500.0,2025-10-22 04:00:00
288.8145,292.3348,287.8482,291.8911,1761192000,1496800.0,2025-10-23 04:00:00
287.7003,289.8499,286.6156,288.8146,1761278400,1376300.0,2025-10-24 04:00:00
287.1086,287.937,284.249,287.1579,1761537600,1794300.0,2025-10-27 04:00:00
288.0257,288.5582,284.249,284.9096,1761624000,2217200.0,2025-10-28 04:00:00
287.7101,290.7078,285.4125,287.7003,1761710400,2824300.0,2025-10-29 04:00:00
287.937,290.4613,284.9787,286.5367,1761796800,2058200.0,2025-10-30 04:00:00
294.2775,294.7212,283.9926,284.4462,1761883200,2687100.0,2025-10-31 04:00:00
292.1771,296.8117,288.0553,294.2775,1762146000,2753300.0,2025-11-03 05:00:00
292.5715,294.8987,290.3824,294.5535,1762232400,3412500.0,2025-11-04 05:00:00
315.4093,318.4859,297.926,298.9121,1762318800,5486200.0,2025-11-05 05:00:00
311.1987,316.8391,308.1714,314.6599,1762405200,3330300.0,2025-11-06 05:00:00
315.7446,316.9476,309.6308,311.6819,1762491600,2665200.0,2025-11-07 05:00:00
319.1564,321.6413,315.0937,316.139,1762750800,2518600.0,2025-11-10 05:00:00
333.7406,333.8392,318.9198,318.9198,1762837200,3136500.0,2025-11-11 05:00:00
331.6008,337.6356,331.1472,333.9279,1762923600,2941000.0,2025-11-12 05:00:00
331.3247,341.0278,330.4569,333.1982,1763010000,3413500.0,2025-11-13 05:00:00
332.0544,335.0718,325.7533,332.0544,1763096400,3310300.0,2025-11-14 05:00:00
336.9552,339.2725,332.1431,332.9419,1763355600,2996600.0,2025-11-17 05:00:00
339.2035,340.6826,334.5787,338.9471,1763442000,2966600.0,2025-11-18 05:00:00
337.6356,340.4854,335.2887,338.6907,1763528400,2129800.0,2025-11-19 05:00:00
331.3937,340.2882,330.3386,339.7261,1763614800,3183700.0,2025-11-20 05:00:00
335.2172,340.4807,332.4365,332.5656,1763701200,4128600.0,2025-11-21 05:00:00
331.9995,336.3295,329.4273,333.5289,1763960400,3551600.0,2025-11-24 05:00:00
338.7626,339.3784,333.1019,333.1019,1764046800,2868600.0,2025-11-25 05:00:00
342.1989,342.6557,337.6603,339.1798,1764133200,2333100.0,2025-11-26 05:00:00
343.0827,343.2813,339.9047,341.6328,1764306000,1268800.0,2025-11-28 05:00:00
335.1676,341.6129,333.9361,340.7092,1764565200,2383800.0,2025-12-01 05:00:00
336.0316,340.1431,334.0155,336.5281,1764651600,2446500.0,2025-12-02 05:00:00
343.043,343.9964,336.5182,338.1966,1764738000,2839100.0,2025-12-03 05:00:00
337.8192,343.9467,336.6076,341.8612,1764824400,3695700.0,2025-12-04 05:00:00
327.6199,338.5342,326.3685,338.0178,1764910800,2897700.0,2025-12-05 05:00:00
319.0195,327.4014,317.9668,326.8254,1765170000,3510700.0,2025-12-08 05:00:00
311.6902,320.7773,311.0248,319.6054,1765256400,2924900.0,2025-12-09 05:00:00
313.2097,315.2853,310.8461,314.0737,1765342800,3071500.0,2025-12-10 05:00:00
315.196,317.9866,310.2403,315.7025,1765429200,2454800.0,2025-12-11 05:00:00
315.5535,317.2616,313.021,315.1165,1765515600,2247200.0,2025-12-12 05:00:00
323.0714,323.5282,316.8644,318.9996,1765774800,4049500.0,2025-12-15 05:00:00
324.4915,325.0874,320.7971,322.5848,1765861200,2642500.0,2025-12-16 05:00:00
323.7666,327.7688,323.1905,325.2662,1765947600,2517300.0,2025-12-17 05:00:00
322.1875,325.9812,319.6948,324.0248,1766034000,2669000.0,2025-12-18 05:00:00
325.1271,329.2188,322.4954,323.3197,1766120400,13465700.0,2025-12-19 05:00:00
329.1096,329.5962,323.8361,324.7597,1766379600,2400400.0,2025-12-22 05:00:00
329.2089,331.3739,325.8124,325.8323,1766466000,1552800.0,2025-12-23 05:00:00
331.6619,332.079,328.4442,328.4442,1766552400,833700.0,2025-12-24 05:00:00
330.6389,331.6817,328.5733,331.354,1766725200,792600.0,2025-12-26 05:00:00
327.3617,331.205,327.2028,330.1722,1766984400,2181000.0,2025-12-29 05:00:00
326.4281,327.5007,323.5878,326.3884,1767070800,1255900.0,2025-12-30 05:00:00
325.0576,327.2325,324.8093,326.4281,1767157200,1417300.0,2025-12-31 05:00:00
325.3854,326.9247,322.7735,326.5076,1767330000,1539700.0,2026-01-02 05:00:00
318.513,324.273,316.0202,322.6841,1767589200,2268700.0,2026-01-05 05:00:00
327.8979,328.6626,316.636,317.2914,1767675600,2722500.0,2026-01-06 05:00:00
339.289,340.6893,329.8147,329.8147,1767762000,3599200.0,2026-01-07 05:00:00
327.8383,339.1102,325.9514,335.4357,1767848400,2799300.0,2026-01-08 05:00:00
323.856,329.7948,321.6612,326.5473,1767934800,2118400.0,2026-01-09 05:00:00
323.2998,326.2096,320.5191,326.2096,1768194000,2460600.0,2026-01-12 05:00:00
322.0683,325.4946,317.5894,325.1669,1768280400,2382200.0,2026-01-13 05:00:00
326.7062,326.9346,321.3235,321.8598,1768366800,1897400.0,2026-01-14 05:00:00
327.7589,330.2119,322.9522,326.7062,1768453200,2591900.0,2026-01-15 05:00:00
328.1363,330.7383,324.6504,326.4381,1768539600,4033700.0,2026-01-16 05:00:00
328.7222,329.0599,319.4961,323.3395,1768885200,2947500.0,2026-01-20 05:00:00
341.2355,341.6129,327.0538,327.6795,1768971600,4148600.0,2026-01-21 05:00:00
344.6816,347.5716,339.7856,341.7817,1769058000,3025100.0,2026-01-22 05:00:00
342.3776,346.8268,339.4678,343.7978,1769144400,2024900.0,2026-01-23 05:00:00
347.2836,348.0185,341.2554,342.328,1769403600,3116100.0,2026-01-26 05:00:00
348.9024,350.8191,344.5426,346.1713,1769490000,3269600.0,2026-01-27 05:00:00
339.865,349.5281,337.6603,346.5984,1769576400,2347800.0,2026-01-28 05:00:00
340.5801,344.8803,336.4189,339.3089,1769662800,3153100.0,2026-01-29 05:00:00
339.5274,343.1225,335.7436,338.4647,1769749200,2522400.0,2026-01-30 05:00:00
342.3081,343.5991,337.0744,337.1339,1770008400,1899900.0,2026-02-02 05:00:00
336.26,347.0949,336.26,338.8918,1770094800,4040000.0,2026-02-03 05:00:00
363.68,366.2125,340.0239,349.6075,1770181200,5899600.0,2026-02-04 05:00:00
365.269,372.3201,362.4883,363.2132,1770267600,4007300.0,2026-02-05 05:00:00
381.6753,382.4698,366.3614,367.4439,1770354000,3840300.0,2026-02-06 05:00:00
373.2338,381.9733,369.7778,378.0802,1770613200,2843700.0,2026-02-09 05:00:00
362.1407,374.7632,361.1475,374.4454,1770699600,3526400.0,2026-02-10 05:00:00
364.0574,365.9741,358.5158,362.6273,1770786000,2826000.0,2026-02-11 05:00:00
363.68,368.3278,362.5479,364.1368,1770872400,2374500.0,2026-02-12 05:00:00
369.19,370.42,361.71,362.66,1770958800,2414200.0,2026-02-13 05:00:00
373.36,374.77,369.0,370.88,1771304400,2255400.0,2026-02-17 05:00:00
379.73,380.58,370.44,373.5,1771390800,2731900.0,2026-02-18 05:00:00
375.5,379.93,374.13,377.91,1771477200,2427000.0,2026-02-19 05:00:00
374.75,377.0,371.39,372.01,1771563600,2911700.0,2026-02-20 05:00:00
379.42,381.78,374.74,375.26,1771822800,2951400.0,2026-02-23 05:00:00
382.87,383.2,378.82,380.02,1771909200,2454700.0,2026-02-24 05:00:00
384.33,387.49,380.54,381.5,1771995600,2459500.0,2026-02-25 05:00:00
379.33,385.14,374.25,385.14,1772082000,2589400.0,2026-02-26 05:00:00
388.16,390.14,378.75,379.29,1772168400,3441000.0,2026-02-27 05:00:00
385.7,391.29,381.89,388.0,1772427600,2837900.0,2026-03-02 05:00:00
377.0,381.74,372.71,377.97,1772514000,2710400.0,2026-03-03 05:00:00
379.27,380.09,370.82,380.0,1772600400,2028300.0,2026-03-04 05:00:00
367.6,377.09,361.4,375.18,1772686800,2868400.0,2026-03-05 05:00:00
369.53,369.76,361.71,364.2,1772773200,2443000.0,2026-03-06 05:00:00
376.97,378.82,366.53,368.27,1773028800,2719900.0,2026-03-09 04:00:00
375.43,379.26,372.74,376.17,1773115200,2284500.0,2026-03-10 04:00:00
377.64,380.14,373.0,375.05,1773201600,2299200.0,2026-03-11 04:00:00
367.79,375.0,367.76,373.51,1773288000,1990500.0,2026-03-12 04:00:00
366.21,372.98,365.93,370.68,1773374400,1500300.0,2026-03-13 04:00:00
366.25,370.89,364.72,369.38,1773633600,2099100.0,2026-03-16 04:00:00
361.13,368.78,359.8,368.24,1773720000,2334300.0,2026-03-17 04:00:00
351.48,360.69,350.81,359.82,1773806400,2895100.0,2026-03-18 04:00:00
349.92,356.32,347.85,353.3,1773892800,2168700.0,2026-03-19 04:00:00
347.8,351.25,344.95,348.01,1773979200,9168800.0,2026-03-20 04:00:00
349.77,353.42,348.61,351.8,1774238400,2368700.0,2026-03-23 04:00:00
348.43,352.58,345.8,346.56,1774324800,2336700.0,2026-03-24 04:00:00
353.93,358.0,350.76,350.76,1774411200,1831900.0,2026-03-25 04:00:00
353.16,354.81,348.52,350.33,1774497600,2044800.0,2026-03-26 04:00:00
348.77,355.66,347.8,355.66,1774584000,2274800.0,2026-03-27 04:00:00
349.0,351.83,348.13,351.83,1774843200,2589900.0,2026-03-30 04:00:00
351.85,355.49,347.11,350.73,1774929600,3747100.0,2026-03-31 04:00:00
353.28,357.0,351.66,354.9,1775016000,2726600.0,2026-04-01 04:00:00
347.94,354.16,345.87,352.72,1775102400,1604300.0,2026-04-02 04:00:00
342.57,348.17,340.64,345.45,1775448000,2143700.0,2026-04-06 04:00:00
340.0,341.87,335.06,340.99,1775534400,3162200.0,2026-04-07 04:00:00
349.81,351.33,342.35,345.61,1775620800,2666400.0,2026-04-08 04:00:00
355.6,359.45,346.42,347.46,1775707200,2940700.0,2026-04-09 04:00:00
351.02,357.46,349.75,357.46,1775793600,2257600.0,2026-04-10 04:00:00
