close,high,low,open,time,volume,date
33.3049,33.3887,32.7465,33.1006,1603339200,13547000.0,2020-10-22 04:00:00
33.2469,33.3557,33.072,33.295,1603425600,8868000.0,2020-10-23 04:00:00
32.3834,33.0007,31.8991,32.9686,1603684800,15509000.0,2020-10-26 04:00:00
32.0766,32.5743,32.0427,32.5743,1603771200,9620000.0,2020-10-27 04:00:00
30.9714,31.6538,30.8215,31.577,1603857600,22331000.0,2020-10-28 04:00:00
31.6671,32.0623,30.8072,30.9758,1603944000,15697000.0,2020-10-29 04:00:00
31.1872,31.4869,30.7225,31.1658,1604030400,18530000.0,2020-10-30 04:00:00
31.3317,31.701,31.0731,31.6698,1604293200,11757000.0,2020-11-02 05:00:00
31.5556,32.0445,30.9223,31.751,1604379600,15457000.0,2020-11-03 05:00:00
32.5252,32.9133,31.8571,32.1551,1604466000,21277000.0,2020-11-04 05:00:00
33.9739,34.1326,33.1835,33.2148,1604552400,21783000.0,2020-11-05 05:00:00
33.9516,34.2236,33.6438,33.9007,1604638800,13545000.0,2020-11-06 05:00:00
33.4984,35.1353,33.4511,34.708,1604898000,24088000.0,2020-11-09 05:00:00
32.3914,33.2897,32.1444,33.0328,1604984400,26784000.0,2020-11-10 05:00:00
33.5323,33.6411,32.8749,33.081,1605070800,15133000.0,2020-11-11 05:00:00
33.0221,33.7714,32.8508,33.6492,1605157200,12160000.0,2020-11-12 05:00:00
33.3165,33.6581,33.1452,33.4503,1605243600,10997000.0,2020-11-13 05:00:00
33.9685,34.0185,33.3611,33.4333,1605502800,12100000.0,2020-11-16 05:00:00
33.9498,34.1139,33.6313,33.7767,1605589200,11950000.0,2020-11-17 05:00:00
33.9516,34.3369,33.8624,33.8864,1605675600,13517000.0,2020-11-18 05:00:00
34.2825,34.328,33.3923,33.6929,1605762000,14555000.0,2020-11-19 05:00:00
34.1933,34.6857,34.1371,34.2807,1605848400,16140000.0,2020-11-20 05:00:00
34.5207,34.7124,34.1639,34.3753,1606107600,12212000.0,2020-11-23 05:00:00
34.9872,35.0389,34.4475,34.6652,1606194000,13455000.0,2020-11-24 05:00:00
34.8623,35.2789,34.6991,35.0416,1606280400,11787000.0,2020-11-25 05:00:00
35.2298,35.6062,35.0559,35.0693,1606453200,6846000.0,2020-11-27 05:00:00
35.8212,35.8729,35.0327,35.1468,1606712400,15454000.0,2020-11-30 05:00:00
36.0879,36.2761,35.691,35.9889,1606798800,18181000.0,2020-12-01 05:00:00
36.013,36.1629,35.7793,36.1031,1606885200,10031000.0,2020-12-02 05:00:00
35.6624,36.2726,35.5108,36.0817,1606971600,16120000.0,2020-12-03 05:00:00
36.7221,36.7864,35.8935,35.8944,1607058000,20083000.0,2020-12-04 05:00:00
37.5437,37.7176,36.8702,37.1441,1607317200,19707000.0,2020-12-07 05:00:00
37.7685,38.0619,37.3002,37.4001,1607403600,18121000.0,2020-12-08 05:00:00
37.1271,38.0084,36.8996,37.417,1607490000,20908000.0,2020-12-09 05:00:00
36.5759,37.0406,36.3948,36.7007,1607576400,26244000.0,2020-12-10 05:00:00
36.1994,36.3047,35.5268,36.0371,1607662800,26664000.0,2020-12-11 05:00:00
36.7328,36.9558,36.2155,36.2627,1607922000,26116000.0,2020-12-14 05:00:00
37.2912,37.4099,36.839,37.0433,1608008400,21207000.0,2020-12-15 05:00:00
37.9014,38.1021,37.1931,37.2859,1608094800,23160000.0,2020-12-16 05:00:00
38.0084,38.3572,37.8702,38.0441,1608181200,17152000.0,2020-12-17 05:00:00
39.0933,39.1914,37.9634,38.2153,1608267600,45243000.0,2020-12-18 05:00:00
38.5824,38.863,38.1164,38.5167,1608526800,19096000.0,2020-12-21 05:00:00
38.962,39.0025,38.5032,38.5824,1608613200,17929000.0,2020-12-22 05:00:00
38.2747,39.2229,38.2405,39.1329,1608699600,10533000.0,2020-12-23 05:00:00
38.8145,38.863,38.4645,38.5473,1608786000,4123000.0,2020-12-24 05:00:00
38.8522,39.3371,38.7866,39.0735,1609131600,10625000.0,2020-12-28 05:00:00
38.5968,39.2076,38.3943,39.2076,1609218000,9593000.0,2020-12-29 05:00:00
39.1176,39.4028,38.6921,38.8333,1609304400,10553000.0,2020-12-30 05:00:00
39.3893,39.4478,38.9575,39.2508,1609390800,10211000.0,2020-12-31 05:00:00
38.2531,39.7842,37.8951,39.5224,1609736400,24171000.0,2021-01-04 05:00:00
38.5122,38.6282,37.9994,38.2378,1609822800,15069000.0,2021-01-05 05:00:00
38.2747,39.0951,37.8321,38.0804,1609909200,17226000.0,2021-01-06 05:00:00
39.8877,39.9957,38.7371,38.8684,1609995600,21267000.0,2021-01-07 05:00:00
40.0901,40.4814,39.4613,40.2124,1610082000,15271000.0,2021-01-08 05:00:00
40.1009,40.3726,39.6205,39.6376,1610341200,11660000.0,2021-01-11 05:00:00
40.4275,40.9105,40.0865,40.2817,1610427600,13846000.0,2021-01-12 05:00:00
40.5912,40.7963,40.3123,40.5093,1610514000,13118000.0,2021-01-13 05:00:00
40.6685,41.247,40.602,40.7981,1610600400,19692000.0,2021-01-14 05:00:00
40.109,40.4823,39.6421,40.3186,1610686800,18165000.0,2021-01-15 05:00:00
41.3163,41.3361,40.3276,40.3276,1611032400,18819000.0,2021-01-19 05:00:00
41.5511,41.9028,40.9321,41.3388,1611118800,14710000.0,2021-01-20 05:00:00
41.9955,42.2339,41.4179,41.5718,1611205200,15749000.0,2021-01-21 05:00:00
41.8335,42.0611,41.596,41.7166,1611291600,16248000.0,2021-01-22 05:00:00
41.8129,42.2816,41.0293,42.242,1611550800,14692000.0,2021-01-25 05:00:00
41.7301,42.0144,41.5511,41.6203,1611637200,10742000.0,2021-01-26 05:00:00
40.0055,41.1085,39.7186,40.9807,1611723600,21857000.0,2021-01-27 05:00:00
40.6389,41.2452,40.2152,40.9798,1611810000,16946000.0,2021-01-28 05:00:00
40.5273,41.211,40.2691,40.4733,1611896400,22069000.0,2021-01-29 05:00:00
41.9883,42.2204,40.8053,41.0086,1612155600,17027000.0,2021-02-01 05:00:00
42.9005,42.9086,42.1016,42.26,1612242000,16141000.0,2021-02-02 05:00:00
41.8488,43.048,41.7949,42.905,1612328400,17857000.0,2021-02-03 05:00:00
42.3382,42.3859,41.1553,41.382,1612414800,15243000.0,2021-02-04 05:00:00
41.9226,42.9041,41.8641,42.6711,1612501200,12488000.0,2021-02-05 05:00:00
42.5244,42.5892,41.8839,42.1691,1612760400,17610000.0,2021-02-08 05:00:00
42.6981,42.7485,42.1574,42.4615,1612846800,12758000.0,2021-02-09 05:00:00
42.286,42.9554,41.8758,42.9302,1612933200,14587000.0,2021-02-10 05:00:00
43.0363,43.1227,42.2087,42.6135,1613019600,17123000.0,2021-02-11 05:00:00
43.7497,43.8127,42.7214,43.0354,1613106000,13551000.0,2021-02-12 05:00:00
44.0025,44.5108,43.8127,44.1599,1613451600,15163000.0,2021-02-16 05:00:00
43.4043,43.7317,42.7368,43.5617,1613538000,14084000.0,2021-02-17 05:00:00
43.4744,43.6678,42.743,43.2018,1613624400,16715000.0,2021-02-18 05:00:00
44.0772,44.5432,43.7902,43.8334,1613710800,17992000.0,2021-02-19 05:00:00
42.8537,43.7758,42.7601,43.541,1613970000,16967000.0,2021-02-22 05:00:00
42.4525,42.6972,41.0275,42.3841,1614056400,21303000.0,2021-02-23 05:00:00
43.2603,43.308,41.6212,42.0728,1614142800,15125000.0,2021-02-24 05:00:00
41.1264,43.1254,40.951,42.7089,1614229200,23148000.0,2021-02-25 05:00:00
42.2699,42.7997,41.4485,42.0593,1614315600,22640000.0,2021-02-26 05:00:00
44.043,44.0808,42.6288,43.1542,1614574800,24677000.0,2021-03-01 05:00:00
43.227,44.1581,43.1452,44.114,1614661200,18546000.0,2021-03-02 05:00:00
41.6572,43.3062,41.5592,43.0012,1614747600,23991000.0,2021-03-03 05:00:00
39.9057,42.0117,39.7114,41.5322,1614834000,34575000.0,2021-03-04 05:00:00
40.4949,41.0221,38.953,40.8647,1614920400,42414000.0,2021-03-05 05:00:00
37.896,40.2988,37.7169,40.1972,1615179600,45243000.0,2021-03-08 05:00:00
39.9066,40.2035,38.7371,39.195,1615266000,37884000.0,2021-03-09 05:00:00
39.3659,40.8449,39.1419,40.2439,1615352400,19914000.0,2021-03-10 05:00:00
40.8143,41.1525,39.7707,40.3942,1615438800,26170000.0,2021-03-11 05:00:00
40.5876,40.7963,39.9893,40.0649,1615525200,18906000.0,2021-03-12 05:00:00
42.3508,42.3922,40.7693,40.9483,1615780800,31241000.0,2021-03-15 04:00:00
43.0174,43.541,42.0486,42.3958,1615867200,31190000.0,2021-03-16 04:00:00
43.5041,43.8352,42.2824,42.3085,1615953600,23754000.0,2021-03-17 04:00:00
41.7553,43.4825,41.7193,42.6918,1616040000,28728000.0,2021-03-18 04:00:00
43.0164,43.2177,41.1705,41.438,1616126400,108602000.0,2021-03-19 04:00:00
43.0908,43.6347,42.7635,42.8759,1616385600,31805000.0,2021-03-22 04:00:00
42.0735,43.0989,41.9457,42.9548,1616472000,24712000.0,2021-03-23 04:00:00
41.4579,42.6111,41.4216,42.5622,1616558400,20882000.0,2021-03-24 04:00:00
41.8595,42.0699,40.7362,41.2485,1616644800,17537000.0,2021-03-25 04:00:00
43.7036,43.7907,41.4008,41.4008,1616731200,28925000.0,2021-03-26 04:00:00
42.8496,43.6239,42.4552,43.555,1616990400,28410000.0,2021-03-29 04:00:00
41.3573,42.0681,40.9456,42.0572,1617076800,27935000.0,2021-03-30 04:00:00
42.0372,42.3464,41.0164,41.6147,1617163200,28684000.0,2021-03-31 04:00:00
43.1515,43.2086,42.5395,42.7997,1617249600,23528000.0,2021-04-01 04:00:00
44.2875,44.3927,43.2304,43.5459,1617595200,22966000.0,2021-04-05 04:00:00
43.8696,44.264,43.3138,43.8016,1617681600,18063000.0,2021-04-06 04:00:00
43.7417,43.8732,43.3374,43.5196,1617768000,12074000.0,2021-04-07 04:00:00
44.0155,44.2422,43.5296,44.2422,1617854400,18121000.0,2021-04-08 04:00:00
43.9802,44.0001,43.205,43.5187,1617940800,16614000.0,2021-04-09 04:00:00
43.8514,44.0101,43.3918,43.6937,1618200000,23247000.0,2021-04-12 04:00:00
43.9684,44.2639,43.545,43.972,1618286400,15281000.0,2021-04-13 04:00:00
43.2739,44.3519,43.0826,43.7426,1618372800,18220000.0,2021-04-14 04:00:00
43.5187,43.7281,43.2268,43.6674,1618459200,18370000.0,2021-04-15 04:00:00
43.409,43.6801,43.2267,43.5622,1618545600,16263000.0,2021-04-16 04:00:00
41.8867,43.2286,41.7099,43.2041,1618804800,26319000.0,2021-04-19 04:00:00
41.457,41.8895,41.2104,41.7063,1618891200,19128000.0,2021-04-20 04:00:00
41.6864,41.7362,41.0345,41.272,1618977600,25947000.0,2021-04-21 04:00:00
41.2621,41.8088,40.7081,41.2611,1619064000,27057000.0,2021-04-22 04:00:00
42.2612,42.4171,41.4788,41.5685,1619150400,22890000.0,2021-04-23 04:00:00
42.7798,42.9593,42.0291,42.3419,1619409600,18271000.0,2021-04-26 04:00:00
42.2811,42.9983,42.1642,42.9475,1619496000,13267000.0,2021-04-27 04:00:00
41.6329,42.2467,41.3473,42.1923,1619582400,15940000.0,2021-04-28 04:00:00
42.2757,42.584,41.6175,42.584,1619668800,14650000.0,2021-04-29 04:00:00
41.3609,41.7716,41.1469,41.6791,1619755200,19367000.0,2021-04-30 04:00:00
40.8115,41.6909,40.6428,41.6827,1620014400,15098000.0,2021-05-03 04:00:00
40.3038,40.5903,39.6483,40.5467,1620100800,23497000.0,2021-05-04 04:00:00
40.2394,40.9293,40.107,40.8359,1620187200,16388000.0,2021-05-05 04:00:00
40.67,40.7163,39.8776,40.2367,1620273600,13495000.0,2021-05-06 04:00:00
41.0327,41.5585,40.7262,41.2149,1620360000,11712000.0,2021-05-07 04:00:00
39.5385,40.6655,39.5086,40.6519,1620619200,25239000.0,2021-05-10 04:00:00
39.8985,40.0517,38.3554,38.5322,1620705600,17887000.0,2021-05-11 04:00:00
38.2946,39.0635,38.0009,38.9211,1620792000,29940000.0,2021-05-12 04:00:00
39.0399,39.4225,38.5902,38.9755,1620878400,21841000.0,2021-05-13 04:00:00
40.039,40.3563,39.1714,39.5648,1620964800,16964000.0,2021-05-14 04:00:00
39.8867,40.0861,39.243,40.0861,1621224000,15725000.0,2021-05-17 04:00:00
39.3246,40.2947,39.2829,40.2475,1621310400,17824000.0,2021-05-18 04:00:00
40.0481,40.1188,38.5956,38.6228,1621396800,21369000.0,2021-05-19 04:00:00
41.2521,41.6419,40.3754,40.4134,1621483200,21886000.0,2021-05-20 04:00:00
40.9112,41.5232,40.7389,41.5232,1621569600,13216000.0,2021-05-21 04:00:00
41.632,41.9266,41.3754,41.4262,1621828800,14420000.0,2021-05-24 04:00:00
41.6637,41.9738,41.3881,41.8777,1621915200,9600000.0,2021-05-25 04:00:00
41.7498,41.8958,41.3001,41.7752,1622001600,9873000.0,2021-05-26 04:00:00
42.4017,42.4706,41.6737,41.7054,1622088000,19098000.0,2021-05-27 04:00:00
42.8233,43.0309,42.4017,42.6121,1622174400,19946000.0,2021-05-28 04:00:00
42.4588,43.3374,42.3582,43.1053,1622520000,16277000.0,2021-06-01 04:00:00
42.9502,43.3102,42.564,42.778,1622606400,13286000.0,2021-06-02 04:00:00
42.1406,42.5903,42.001,42.5033,1622692800,20389000.0,2021-06-03 04:00:00
43.0654,43.3736,42.5685,42.6574,1622779200,23865000.0,2021-06-04 04:00:00
42.0481,43.0182,41.9293,42.884,1623038400,24142000.0,2021-06-07 04:00:00
42.0255,42.8287,42.0236,42.4353,1623124800,16615000.0,2021-06-08 04:00:00
42.0617,42.3573,41.8614,42.3573,1623211200,12126000.0,2021-06-09 04:00:00
42.4915,42.5703,41.7245,42.2041,1623297600,15413000.0,2021-06-10 04:00:00
42.6755,42.8052,42.3537,42.4706,1623384000,14508000.0,2021-06-11 04:00:00
43.1406,43.147,42.2548,42.6565,1623643200,14675000.0,2021-06-14 04:00:00
42.6791,43.2077,42.4806,43.2068,1623729600,11131000.0,2021-06-15 04:00:00
42.2267,42.7136,41.8396,42.6365,1623816000,20437000.0,2021-06-16 04:00:00
42.7181,43.0871,42.0626,42.1478,1623902400,20881000.0,2021-06-17 04:00:00
42.0227,42.5903,41.7516,42.3645,1623988800,28537000.0,2021-06-18 04:00:00
42.4531,42.5235,41.8893,42.1388,1624248000,18591000.0,2021-06-21 04:00:00
42.4385,42.8159,42.1525,42.6331,1624334400,13722000.0,2021-06-22 04:00:00
42.6404,42.7519,42.3097,42.3846,1624420800,17674000.0,2021-06-23 04:00:00
42.9511,43.2791,42.8177,42.9356,1624507200,12502000.0,2021-06-24 04:00:00
42.2329,43.1695,42.0319,43.069,1624593600,19100000.0,2021-06-25 04:00:00
43.2015,43.5204,42.5353,42.5801,1624852800,13987000.0,2021-06-28 04:00:00
43.5989,43.6135,43.0132,43.1622,1624939200,14184000.0,2021-06-29 04:00:00
43.5706,43.7305,43.1768,43.6885,1625025600,15381000.0,2021-06-30 04:00:00
42.9127,43.662,42.8478,43.662,1625112000,11153000.0,2021-07-01 04:00:00
42.7784,43.7296,41.6399,43.5642,1625198400,37054000.0,2021-07-02 04:00:00
43.2453,43.5624,42.7903,42.9822,1625544000,13870000.0,2021-07-06 04:00:00
42.9036,43.4354,42.6139,43.4025,1625630400,12581000.0,2021-07-07 04:00:00
42.9913,43.0443,42.1744,42.4357,1625716800,16011000.0,2021-07-08 04:00:00
43.8758,43.9398,42.7656,42.9063,1625803200,16782000.0,2021-07-09 04:00:00
44.3848,45.1404,43.2435,43.98,1626062400,33142000.0,2021-07-12 04:00:00
44.2258,44.5474,44.0421,44.3464,1626148800,11806000.0,2021-07-13 04:00:00
44.0046,44.9558,43.9279,44.7,1626235200,14020000.0,2021-07-14 04:00:00
43.6163,44.266,43.2307,44.159,1626321600,12624000.0,2021-07-15 04:00:00
42.7693,43.8849,42.6952,43.7735,1626408000,13980000.0,2021-07-16 04:00:00
42.55,42.5774,41.8117,42.3499,1626667200,14938000.0,2021-07-19 04:00:00
42.8168,43.1512,42.3307,42.7528,1626753600,20727000.0,2021-07-20 04:00:00
43.7698,43.7936,42.8085,42.9118,1626840000,13660000.0,2021-07-21 04:00:00
43.524,43.7671,43.3577,43.5487,1626926400,12583000.0,2021-07-22 04:00:00
44.1472,44.1865,43.5697,43.8621,1627012800,13489000.0,2021-07-23 04:00:00
44.064,44.1901,43.8301,44.0567,1627272000,11160000.0,2021-07-26 04:00:00
43.4354,44.0247,42.7446,43.9288,1627358400,14715000.0,2021-07-27 04:00:00
43.6446,43.7753,43.3403,43.5578,1627444800,8359000.0,2021-07-28 04:00:00
44.2349,44.3921,43.6254,43.7195,1627531200,9162000.0,2021-07-29 04:00:00
44.3528,44.4387,43.8201,44.0384,1627617600,11548000.0,2021-07-30 04:00:00
44.287,45.1934,44.1801,44.6863,1627876800,15619000.0,2021-08-02 04:00:00
44.4798,44.5684,43.8557,44.361,1627963200,11135000.0,2021-08-03 04:00:00
44.5721,44.7713,44.2258,44.6388,1628049600,12123000.0,2021-08-04 04:00:00
44.5602,44.8124,44.3062,44.8124,1628136000,8372000.0,2021-08-05 04:00:00
44.3555,44.6013,44.2276,44.3226,1628222400,9964000.0,2021-08-06 04:00:00
44.287,44.4834,43.9507,44.4524,1628481600,5952000.0,2021-08-09 04:00:00
44.0659,44.4487,43.6611,44.3985,1628568000,9319000.0,2021-08-10 04:00:00
44.1837,44.4048,43.8402,44.2988,1628654400,9816000.0,2021-08-11 04:00:00
44.2486,44.3162,43.5606,44.0677,1628740800,8702000.0,2021-08-12 04:00:00
44.4222,44.679,44.0522,44.0978,1628827200,8582000.0,2021-08-13 04:00:00
44.6031,44.6735,44.2614,44.3007,1629086400,9188000.0,2021-08-16 04:00:00
43.7396,44.4277,43.3586,44.3701,1629172800,16499000.0,2021-08-17 04:00:00
42.8515,43.5925,42.7948,43.5532,1629259200,15616000.0,2021-08-18 04:00:00
43.2682,43.4783,42.2749,42.6121,1629345600,14044000.0,2021-08-19 04:00:00
43.418,43.5149,42.9858,43.2033,1629432000,10007000.0,2021-08-20 04:00:00
44.0832,44.4249,43.4664,43.524,1629691200,15707000.0,2021-08-23 04:00:00
43.99,44.1371,43.874,44.0786,1629777600,9429000.0,2021-08-24 04:00:00
44.1709,44.4323,44.0028,44.0028,1629864000,10017000.0,2021-08-25 04:00:00
44.3838,44.6004,43.9142,44.1335,1629950400,10836000.0,2021-08-26 04:00:00
45.3158,45.3615,44.4661,44.5913,1630036800,16459000.0,2021-08-27 04:00:00
45.5854,46.4041,45.5269,45.6868,1630296000,19614000.0,2021-08-30 04:00:00
45.4319,45.8047,45.0198,45.8047,1630382400,17378000.0,2021-08-31 04:00:00
45.0618,45.6174,45.0372,45.346,1630468800,12586000.0,2021-09-01 04:00:00
44.9467,45.3195,44.7877,45.3021,1630555200,16991000.0,2021-09-02 04:00:00
45.4748,46.2351,45.2336,45.3131,1630641600,25191000.0,2021-09-03 04:00:00
45.3752,45.4675,44.8645,45.4675,1630987200,12398000.0,2021-09-07 04:00:00
45.1733,45.6768,44.6004,45.6521,1631073600,13987000.0,2021-09-08 04:00:00
45.092,45.568,45.0335,45.0335,1631160000,13174000.0,2021-09-09 04:00:00
45.5178,46.2341,45.3679,45.4173,1631246400,16110000.0,2021-09-10 04:00:00
45.5918,45.9125,45.071,45.8696,1631505600,14927000.0,2021-09-13 04:00:00
45.8577,46.1821,45.537,45.8696,1631592000,14134000.0,2021-09-14 04:00:00
46.5768,46.6645,45.6338,45.8805,1631678400,23346000.0,2021-09-15 04:00:00
46.3584,46.5229,45.706,46.162,1631764800,17569000.0,2021-09-16 04:00:00
46.2351,46.3831,45.7782,46.0496,1631851200,34470000.0,2021-09-17 04:00:00
45.2135,45.9609,44.6305,45.5954,1632110400,30105000.0,2021-09-20 04:00:00
45.1923,45.4464,44.8251,45.4224,1632196800,16935000.0,2021-09-21 04:00:00
46.0759,46.2978,45.3055,45.4924,1632283200,20610000.0,2021-09-22 04:00:00
46.4174,46.6926,46.0759,46.2527,1632369600,18370000.0,2021-09-23 04:00:00
46.4745,46.5279,46.098,46.2306,1632456000,10605000.0,2021-09-24 04:00:00
46.4681,46.5573,45.7805,46.0014,1632715200,9831000.0,2021-09-27 04:00:00
45.1951,46.1551,45.1509,45.7455,1632801600,20124000.0,2021-09-28 04:00:00
45.0533,45.4942,44.8849,45.4353,1632888000,15783000.0,2021-09-29 04:00:00
44.6345,45.5172,44.5931,45.5172,1632974400,15735000.0,2021-09-30 04:00:00
44.8573,44.9779,43.9507,44.9033,1633060800,16052000.0,2021-10-01 04:00:00
43.808,44.7846,43.5162,44.6346,1633320000,20093000.0,2021-10-04 04:00:00
44.6796,45.0819,43.7509,43.8071,1633406400,16557000.0,2021-10-05 04:00:00
44.9889,45.0414,44.1532,44.4689,1633492800,12042000.0,2021-10-06 04:00:00
45.462,46.0124,45.3433,45.3433,1633579200,13261000.0,2021-10-07 04:00:00
45.3635,45.8376,45.219,45.7289,1633665600,10279000.0,2021-10-08 04:00:00
45.3166,45.9839,45.1794,45.2153,1633924800,11186000.0,2021-10-11 04:00:00
44.6668,45.7179,44.3667,45.6387,1634011200,20991000.0,2021-10-12 04:00:00
44.6419,44.676,44.1394,44.2885,1634097600,16424000.0,2021-10-13 04:00:00
45.8007,45.9434,45.1767,45.2724,1634184000,19233000.0,2021-10-14 04:00:00
46.3208,46.561,46.121,46.4266,1634270400,25103000.0,2021-10-15 04:00:00
46.3309,46.388,45.8983,46.0576,1634529600,16042000.0,2021-10-18 04:00:00
46.978,47.0222,46.1846,46.4193,1634616000,16383000.0,2021-10-19 04:00:00
46.8859,47.2578,46.7985,47.0341,1634702400,13458000.0,2021-10-20 04:00:00
47.3241,47.383,46.8132,46.8887,1634788800,11787000.0,2021-10-21 04:00:00
47.44,47.9895,47.22,47.3784,1634875200,15367000.0,2021-10-22 04:00:00
48.0531,48.2767,47.4189,47.6315,1635134400,12416000.0,2021-10-25 04:00:00
49.1392,49.2422,48.2307,48.3439,1635220800,24043000.0,2021-10-26 04:00:00
48.1488,49.3416,48.0337,48.9505,1635307200,23500000.0,2021-10-27 04:00:00
48.7434,48.7783,48.1782,48.2436,1635393600,11872000.0,2021-10-28 04:00:00
48.9367,48.9808,48.1847,48.1847,1635480000,15564000.0,2021-10-29 04:00:00
48.6035,49.0204,48.3163,48.8142,1635739200,16896000.0,2021-11-01 04:00:00
49.4337,49.7789,48.4774,48.5482,1635825600,16262000.0,2021-11-02 04:00:00
49.9215,50.0522,49.13,49.6159,1635912000,14038000.0,2021-11-03 04:00:00
50.4968,50.5382,49.7881,50.0531,1635998400,15956000.0,2021-11-04 04:00:00
51.4448,51.5139,50.6063,50.6238,1636084800,18674000.0,2021-11-05 04:00:00
51.4476,51.9023,51.3694,51.7256,1636347600,17231000.0,2021-11-08 05:00:00
51.3418,51.7191,51.0969,51.4697,1636434000,15838000.0,2021-11-09 05:00:00
50.5106,51.6271,50.4443,51.0196,1636520400,18450000.0,2021-11-10 05:00:00
51.1208,51.2792,50.5143,50.8714,1636606800,14157000.0,2021-11-11 05:00:00
51.8406,52.0818,51.0463,51.3979,1636693200,13592000.0,2021-11-12 05:00:00
52.0753,52.2521,51.5286,52.2521,1636952400,13972000.0,2021-11-15 05:00:00
52.3515,52.4214,51.7964,51.9207,1637038800,13194000.0,2021-11-16 05:00:00
52.4315,52.5899,51.9216,52.2935,1637125200,12532000.0,2021-11-17 05:00:00
52.9074,53.0841,52.4315,52.5659,1637211600,12712000.0,2021-11-18 05:00:00
52.3469,53.1283,52.0901,53.0427,1637298000,19612000.0,2021-11-19 05:00:00
50.9257,52.6524,50.8521,52.6193,1637557200,25898000.0,2021-11-22 05:00:00
51.0951,51.1632,50.4885,50.8466,1637643600,17109000.0,2021-11-23 05:00:00
51.4273,51.4596,50.3836,50.9211,1637730000,12084000.0,2021-11-24 05:00:00
50.3099,51.2957,50.009,50.7867,1637902800,14219000.0,2021-11-26 05:00:00
51.9437,52.2392,50.9625,51.1945,1638162000,18703000.0,2021-11-29 05:00:00
50.9625,52.0035,50.8079,51.8452,1638248400,22574000.0,2021-11-30 05:00:00
51.0619,52.3248,50.9303,51.8646,1638334800,21980000.0,2021-12-01 05:00:00
50.8493,51.4623,50.0716,50.2621,1638421200,22619000.0,2021-12-02 05:00:00
51.3712,52.3726,50.6606,51.9989,1638507600,20305000.0,2021-12-03 05:00:00
52.0026,52.3146,51.1715,51.9722,1638766800,22482000.0,2021-12-06 05:00:00
54.3424,54.5881,52.6488,52.6488,1638853200,29562000.0,2021-12-07 05:00:00
54.173,54.3921,53.6088,54.3921,1638939600,17998000.0,2021-12-08 05:00:00
53.6999,54.3276,53.6106,53.6106,1639026000,29080000.0,2021-12-09 05:00:00
58.1419,59.3449,56.9371,57.4332,1639112400,57087000.0,2021-12-10 05:00:00
57.2196,58.3941,57.1801,58.3554,1639371600,26898000.0,2021-12-13 05:00:00
56.5983,56.9398,55.7451,56.868,1639458000,35956000.0,2021-12-14 05:00:00
58.8948,58.9869,56.1777,56.6591,1639544400,29092000.0,2021-12-15 05:00:00
57.1294,58.9685,56.2845,58.6647,1639630800,42748000.0,2021-12-16 05:00:00
58.4438,58.9068,56.6158,56.8395,1639717200,50661000.0,2021-12-17 05:00:00
59.3707,59.4683,57.5353,57.6467,1639976400,32770000.0,2021-12-20 05:00:00
59.8626,60.1618,58.6639,60.0349,1640062800,36534000.0,2021-12-21 05:00:00
60.6925,60.8741,59.216,59.5921,1640149200,28383000.0,2021-12-22 05:00:00
61.5818,62.1311,60.7787,60.7787,1640235600,23596000.0,2021-12-23 05:00:00
62.46,62.6471,61.5503,61.5818,1640581200,19442000.0,2021-12-27 05:00:00
61.9709,62.7823,61.7884,62.7629,1640667600,17247000.0,2021-12-28 05:00:00
62.3053,62.7119,61.982,62.045,1640754000,14797000.0,2021-12-29 05:00:00
61.6077,62.5915,61.4929,62.3506,1640840400,11473000.0,2021-12-30 05:00:00
61.6383,62.1848,61.4401,61.7828,1640926800,12046000.0,2021-12-31 05:00:00
61.4447,62.221,61.2502,61.7226,1641186000,22591000.0,2022-01-03 05:00:00
62.1487,62.2664,60.8806,61.404,1641272400,21103000.0,2022-01-04 05:00:00
59.5624,62.1756,59.4707,62.1756,1641358800,34961000.0,2022-01-05 05:00:00
59.0094,60.0858,58.7686,59.2994,1641445200,28581000.0,2022-01-06 05:00:00
57.3532,59.2762,57.2892,58.9001,1641531600,27832000.0,2022-01-07 05:00:00
57.5394,57.6209,55.91,56.4,1641790800,29793000.0,2022-01-10 05:00:00
57.6218,58.173,56.9289,57.0188,1641877200,19037000.0,2022-01-11 05:00:00
57.6172,58.4499,57.4078,58.1276,1641963600,18806000.0,2022-01-12 05:00:00
55.319,58.1618,55.0374,58.1239,1642050000,30048000.0,2022-01-13 05:00:00
55.243,55.6145,54.8382,55.1883,1642136400,25661000.0,2022-01-14 05:00:00
53.5219,54.7493,53.3552,54.4973,1642482000,35825000.0,2022-01-18 05:00:00
52.2417,54.1648,52.1824,53.873,1642568400,22692000.0,2022-01-19 05:00:00
50.7364,52.8133,50.6484,52.615,1642654800,25225000.0,2022-01-20 05:00:00
49.3942,51.4479,49.2191,50.6364,1642741200,38010000.0,2022-01-21 05:00:00
50.1677,50.3465,47.5573,49.1774,1643000400,54256000.0,2022-01-24 05:00:00
49.4785,50.5215,48.5596,48.9097,1643086800,38158000.0,2022-01-25 05:00:00
51.6072,53.1866,50.9541,51.1329,1643173200,49715000.0,2022-01-26 05:00:00
50.2353,52.8244,50.1167,52.7744,1643259600,34183000.0,2022-01-27 05:00:00
51.8832,51.9203,49.3164,50.3326,1643346000,30254000.0,2022-01-28 05:00:00
54.2713,54.3167,51.5034,51.8184,1643605200,40288000.0,2022-01-31 05:00:00
54.9049,55.0142,53.3394,54.2704,1643691600,25719000.0,2022-02-01 05:00:00
55.897,56.0239,54.9892,55.4866,1643778000,24443000.0,2022-02-02 05:00:00
53.8054,55.4885,53.7377,55.1782,1643864400,30602000.0,2022-02-03 05:00:00
54.6678,55.2578,53.369,53.3913,1643950800,20548000.0,2022-02-04 05:00:00
54.4334,55.7256,54.112,54.6677,1644210000,18671000.0,2022-02-07 05:00:00
55.5996,55.7506,54.3741,54.5029,1644296400,14570000.0,2022-02-08 05:00:00
56.6297,56.6649,55.7238,56.2601,1644382800,22004000.0,2022-02-09 05:00:00
54.7789,56.9354,54.5205,55.1439,1644469200,24920000.0,2022-02-10 05:00:00
53.1171,55.557,52.7151,54.7789,1644555600,27281000.0,2022-02-11 05:00:00
53.5951,53.9869,52.8068,53.2635,1644814800,19291000.0,2022-02-14 05:00:00
55.8358,56.1387,54.4908,54.5631,1644901200,34284000.0,2022-02-15 05:00:00
55.3208,55.6543,54.3954,55.029,1644987600,22931000.0,2022-02-16 05:00:00
53.634,54.7993,53.6238,54.6251,1645074000,21424000.0,2022-02-17 05:00:00
53.7257,54.4436,53.1041,53.8137,1645160400,19708000.0,2022-02-18 05:00:00
53.4913,54.6724,52.7827,53.7257,1645506000,20204000.0,2022-02-22 05:00:00
52.3547,54.1963,52.313,53.7479,1645592400,22416000.0,2022-02-23 05:00:00
53.7266,54.2537,50.8569,51.094,1645678800,35316000.0,2022-02-24 05:00:00
54.4686,54.5955,53.1708,53.7109,1645765200,22380000.0,2022-02-25 05:00:00
54.4158,54.866,53.3913,53.8192,1646024400,25005000.0,2022-02-28 05:00:00
52.8114,54.4325,52.3649,54.1703,1646110800,24898000.0,2022-03-01 05:00:00
54.262,54.702,53.1319,53.219,1646197200,21771000.0,2022-03-02 05:00:00
53.5969,54.9957,53.2014,54.9938,1646283600,26454000.0,2022-03-03 05:00:00
55.2078,56.1267,54.0981,54.9114,1646370000,44757000.0,2022-03-04 05:00:00
52.8651,55.4662,52.8003,55.3088,1646629200,26494000.0,2022-03-07 05:00:00
53.3514,55.2134,52.2084,53.0013,1646715600,26993000.0,2022-03-08 05:00:00
55.3032,55.7312,54.375,54.5408,1646802000,22560000.0,2022-03-09 05:00:00
54.4426,54.6548,53.3903,54.2416,1646888400,19323000.0,2022-03-10 05:00:00
53.5274,55.0633,53.4598,54.8382,1646974800,19813000.0,2022-03-11 05:00:00
52.5965,53.7248,52.314,53.445,1647230400,25234000.0,2022-03-14 04:00:00
54.9086,55.2791,53.2672,53.4737,1647316800,28260000.0,2022-03-15 04:00:00
56.2388,56.2934,54.1027,55.2689,1647403200,29454000.0,2022-03-16 04:00:00
55.8266,56.2277,55.3597,56.0165,1647489600,18174000.0,2022-03-17 04:00:00
56.5435,56.8029,55.2078,55.947,1647576000,41538000.0,2022-03-18 04:00:00
56.0754,56.4773,54.9162,56.4773,1647835200,25789000.0,2022-03-21 04:00:00
57.0126,57.2141,55.8926,56.1155,1647921600,19262000.0,2022-03-22 04:00:00
55.8973,57.0154,55.8768,56.7012,1648008000,13839000.0,2022-03-23 04:00:00
58.4199,58.4936,56.1416,56.5734,1648094400,26016000.0,2022-03-24 04:00:00
58.6475,58.7911,57.8268,58.4805,1648180800,14538000.0,2022-03-25 04:00:00
59.0214,59.0606,57.4267,58.3686,1648440000,14427000.0,2022-03-28 04:00:00
59.8225,60.1806,58.7528,59.6854,1648526400,23001000.0,2022-03-29 04:00:00
58.8545,60.0855,58.5039,59.5801,1648612800,18626000.0,2022-03-30 04:00:00
58.723,59.5922,58.571,58.7976,1648699200,21731000.0,2022-03-31 04:00:00
58.4712,59.179,57.6981,58.9105,1648785600,16267000.0,2022-04-01 04:00:00
59.2051,59.3795,58.2418,58.419,1649044800,16484000.0,2022-04-04 04:00:00
57.2719,58.9636,57.1674,58.7109,1649131200,19778000.0,2022-04-05 04:00:00
56.1416,57.036,55.3741,56.1491,1649217600,23742000.0,2022-04-06 04:00:00
56.2395,56.6676,55.3247,55.9392,1649304000,16583000.0,2022-04-07 04:00:00
54.7427,55.8236,54.6467,55.7108,1649390400,20464000.0,2022-04-08 04:00:00
54.1468,54.9554,54.0368,54.3305,1649649600,23512000.0,2022-04-11 04:00:00
54.5627,55.8236,54.2923,54.9395,1649736000,17350000.0,2022-04-12 04:00:00
55.2594,55.6483,54.6541,54.8826,1649822400,20266000.0,2022-04-13 04:00:00
53.5164,55.6809,53.4241,55.4879,1649908800,27385000.0,2022-04-14 04:00:00
54.6961,55.1363,53.4231,53.4231,1650254400,21375000.0,2022-04-18 04:00:00
55.7331,55.8339,54.0302,54.0302,1650340800,16581000.0,2022-04-19 04:00:00
55.7425,57.2075,55.5009,56.3468,1650427200,13920000.0,2022-04-20 04:00:00
55.2771,57.4351,55.0841,56.4718,1650513600,20352000.0,2022-04-21 04:00:00
54.7381,55.8376,54.6737,55.0328,1650600000,21064000.0,2022-04-22 04:00:00
54.8248,54.9069,53.2618,54.2289,1650859200,26959000.0,2022-04-25 04:00:00
52.2313,54.5991,52.1977,54.4443,1650945600,35809000.0,2022-04-26 04:00:00
52.1819,53.1648,51.7585,51.8321,1651032000,19313000.0,2022-04-27 04:00:00
53.9911,54.5581,52.0354,52.7787,1651118400,22334000.0,2022-04-28 04:00:00
51.7016,53.9295,51.6092,53.4017,1651204800,26108000.0,2022-04-29 04:00:00
53.7495,53.8698,51.8872,51.958,1651464000,26725000.0,2022-05-02 04:00:00
54.199,54.7194,53.3224,53.7178,1651550400,17064000.0,2022-05-03 04:00:00
56.2964,56.3347,53.5285,54.2569,1651636800,23896000.0,2022-05-04 04:00:00
54.089,55.7564,53.5574,55.417,1651723200,32806000.0,2022-05-05 04:00:00
54.0992,55.0206,53.1042,53.618,1651809600,20745000.0,2022-05-06 04:00:00
52.4971,53.9034,52.2499,53.4259,1652068800,30074000.0,2022-05-09 04:00:00
54.2196,55.1298,53.3252,54.1356,1652155200,29271000.0,2022-05-10 04:00:00
52.8878,54.5273,52.7712,53.5845,1652241600,26660000.0,2022-05-11 04:00:00
53.3038,53.494,52.0625,52.5418,1652328000,25518000.0,2022-05-12 04:00:00
54.8584,55.1708,53.4837,53.8148,1652414400,19449000.0,2022-05-13 04:00:00
54.3389,54.9423,53.8708,54.4984,1652673600,14189000.0,2022-05-16 04:00:00
56.7151,56.7944,55.3592,55.5308,1652760000,24676000.0,2022-05-17 04:00:00
53.2105,56.0222,52.8011,55.9551,1652846400,35024000.0,2022-05-18 04:00:00
50.9387,52.2947,50.2626,52.0382,1652932800,34884000.0,2022-05-19 04:00:00
50.6571,51.7575,47.7894,51.6559,1653019200,40281000.0,2022-05-20 04:00:00
49.0875,49.9464,47.9591,48.8674,1653278400,58586000.0,2022-05-23 04:00:00
48.8861,49.3216,48.1391,49.1155,1653364800,25060000.0,2022-05-24 04:00:00
49.579,50.1218,48.8581,48.8581,1653451200,17842000.0,2022-05-25 04:00:00
51.3537,51.7184,49.2144,49.5706,1653537600,39743000.0,2022-05-26 04:00:00
54.3958,54.5991,52.2257,52.4197,1653624000,37301000.0,2022-05-27 04:00:00
54.102,54.7455,53.7169,54.5096,1653969600,30009000.0,2022-05-31 04:00:00
53.4949,55.1102,53.0109,54.7968,1654056000,18345000.0,2022-06-01 04:00:00
53.7859,53.8819,52.9829,53.8801,1654142400,29488000.0,2022-06-02 04:00:00
52.5344,53.12,52.3161,53.0519,1654228800,20562000.0,2022-06-03 04:00:00
52.3395,53.411,51.9953,53.2991,1654488000,14557000.0,2022-06-06 04:00:00
53.4362,53.5807,51.9944,52.2751,1654574400,15895000.0,2022-06-07 04:00:00
52.7246,53.7421,52.4243,53.3271,1654660800,24004000.0,2022-06-08 04:00:00
51.8722,53.4968,51.8452,52.3329,1654747200,18787000.0,2022-06-09 04:00:00
50.478,51.3892,50.3335,51.3006,1654833600,24018000.0,2022-06-10 04:00:00
48.2725,49.7068,48.1232,49.1267,1655092800,31619000.0,2022-06-13 04:00:00
48.5103,48.9579,47.9899,48.9579,1655179200,24380000.0,2022-06-14 04:00:00
49.1202,49.7842,48.0766,49.3477,1655265600,19141000.0,2022-06-15 04:00:00
46.3662,47.975,45.9093,47.7437,1655352000,37244000.0,2022-06-16 04:00:00
46.5033,46.6628,45.498,46.1629,1655438400,43504000.0,2022-06-17 04:00:00
47.3703,48.0417,47.2876,47.3995,1655784000,21901000.0,2022-06-21 04:00:00
46.6491,47.3703,46.4704,46.6688,1655870400,24721000.0,2022-06-22 04:00:00
46.6942,47.1804,46.1705,47.1804,1655956800,16707000.0,2022-06-23 04:00:00
47.8706,48.1254,47.1522,47.486,1656043200,21201000.0,2022-06-24 04:00:00
47.5527,48.336,47.281,48.3135,1656302400,13207000.0,2022-06-27 04:00:00
46.8701,48.3464,46.8381,48.2016,1656388800,15667000.0,2022-06-28 04:00:00
46.1141,46.6331,45.7624,46.5908,1656475200,14444000.0,2022-06-29 04:00:00
45.6815,46.4272,45.2019,45.8903,1656561600,18890000.0,2022-06-30 04:00:00
44.9321,45.5367,44.1413,45.0797,1656648000,21315000.0,2022-07-01 04:00:00
44.7873,44.8465,43.6222,44.3829,1656993600,20711000.0,2022-07-05 04:00:00
45.3806,45.7981,44.712,45.185,1657080000,22975000.0,2022-07-06 04:00:00
46.8785,47.1465,45.8978,45.8978,1657166400,21319000.0,2022-07-07 04:00:00
46.8926,46.981,46.0755,46.3567,1657252800,12713000.0,2022-07-08 04:00:00
45.4041,46.2278,45.2273,46.0275,1657512000,21449000.0,2022-07-11 04:00:00
45.264,46.32,45.1418,45.8705,1657598400,21159000.0,2022-07-12 04:00:00
45.2979,45.6655,44.4102,44.6632,1657684800,17665000.0,2022-07-13 04:00:00
45.5715,45.7633,44.5174,45.3656,1657771200,19957000.0,2022-07-14 04:00:00
46.4949,46.5212,45.7116,46.1535,1657857600,18714000.0,2022-07-15 04:00:00
46.1752,47.2424,45.9053,47.0309,1658116800,18042000.0,2022-07-18 04:00:00
47.8621,48.0831,46.6293,46.7149,1658203200,27257000.0,2022-07-19 04:00:00
48.1226,48.6717,47.4361,47.9129,1658289600,27412000.0,2022-07-20 04:00:00
48.6783,48.6905,47.5819,48.1959,1658376000,13912000.0,2022-07-21 04:00:00
48.1931,48.8767,47.6439,48.7846,1658462400,17867000.0,2022-07-22 04:00:00
48.2486,48.2683,47.6299,47.9994,1658721600,15061000.0,2022-07-25 04:00:00
48.0586,48.5965,47.8546,48.3915,1658808000,17958000.0,2022-07-26 04:00:00
49.629,49.8546,48.6078,48.7272,1658894400,25699000.0,2022-07-27 04:00:00
50.1762,50.4499,48.951,49.7042,1658980800,14867000.0,2022-07-28 04:00:00
50.3521,50.573,49.8622,50.023,1659067200,18482000.0,2022-07-29 04:00:00
50.4358,50.7573,49.8781,49.9712,1659326400,11485000.0,2022-08-01 04:00:00
49.9505,50.7019,49.5763,50.1396,1659412800,13072000.0,2022-08-02 04:00:00
51.4109,51.5293,50.2242,50.3342,1659499200,19228000.0,2022-08-03 04:00:00
51.9807,52.0136,51.2482,51.5679,1659585600,16293000.0,2022-08-04 04:00:00
51.8528,51.9055,51.0855,51.2378,1659672000,14357000.0,2022-08-05 04:00:00
51.2971,51.9986,50.6586,51.6563,1659931200,13722000.0,2022-08-08 04:00:00
50.1001,50.716,49.6252,50.6915,1660017600,20072000.0,2022-08-09 04:00:00
51.756,51.8133,50.7056,51.3469,1660104000,19519000.0,2022-08-10 04:00:00
51.2877,52.448,51.1767,52.0888,1660190400,14268000.0,2022-08-11 04:00:00
52.4913,52.5082,51.3084,51.5115,1660276800,18399000.0,2022-08-12 04:00:00
52.5599,52.638,51.7644,52.1152,1660536000,14329000.0,2022-08-15 04:00:00
51.8726,52.464,51.3422,52.4245,1660622400,14782000.0,2022-08-16 04:00:00
50.6445,51.22,49.9346,51.188,1660708800,19022000.0,2022-08-17 04:00:00
52.512,52.7104,50.9304,51.0977,1660795200,23459000.0,2022-08-18 04:00:00
51.5698,52.2421,51.5171,51.7983,1660881600,16923000.0,2022-08-19 04:00:00
49.7192,51.0676,49.5594,51.0188,1661140800,18555000.0,2022-08-22 04:00:00
49.8161,50.5533,49.7343,50.1988,1661227200,9003000.0,2022-08-23 04:00:00
49.9157,49.959,49.2199,49.7954,1661313600,11883000.0,2022-08-24 04:00:00
51.7296,51.7625,50.0493,50.1612,1661400000,17345000.0,2022-08-25 04:00:00
48.9773,51.8105,48.8965,51.6083,1661486400,25682000.0,2022-08-26 04:00:00
48.3492,49.1541,48.1442,48.8964,1661745600,16580000.0,2022-08-29 04:00:00
47.6167,48.6999,47.1465,48.5993,1661832000,18282000.0,2022-08-30 04:00:00
46.9321,47.9712,46.6905,47.9712,1661918400,32445000.0,2022-08-31 04:00:00
46.2645,46.3849,45.2142,46.2137,1662004800,31930000.0,2022-09-01 04:00:00
47.0365,48.8786,46.856,48.7084,1662091200,40426000.0,2022-09-02 04:00:00
46.8466,47.3919,46.1103,46.8776,1662436800,24738000.0,2022-09-06 04:00:00
47.4982,47.9025,46.9293,47.2895,1662523200,20440000.0,2022-09-07 04:00:00
48.1376,48.2138,46.8936,47.2603,1662609600,22535000.0,2022-09-08 04:00:00
49.1221,49.4578,48.4677,48.4677,1662696000,23019000.0,2022-09-09 04:00:00
49.7484,49.9553,49.3252,49.5312,1662955200,18157000.0,2022-09-12 04:00:00
47.359,48.7338,47.1738,48.3172,1663041600,35136000.0,2022-09-13 04:00:00
48.0267,48.2382,47.2763,47.6863,1663128000,20605000.0,2022-09-14 04:00:00
47.029,48.1028,46.7601,47.8555,1663214400,36574000.0,2022-09-15 04:00:00
47.2509,47.3628,46.0623,46.8014,1663300800,59012000.0,2022-09-16 04:00:00
47.1888,47.3346,46.4911,46.4911,1663560000,17948000.0,2022-09-19 04:00:00
46.3632,46.9058,46.0492,46.6397,1663646400,17132000.0,2022-09-20 04:00:00
45.7166,47.3987,45.6815,46.5557,1663732800,20669000.0,2022-09-21 04:00:00
45.287,45.818,44.8499,45.7441,1663819200,23540000.0,2022-09-22 04:00:00
44.4403,45.3231,43.8069,45.0348,1663905600,29649000.0,2022-09-23 04:00:00
43.8315,44.8784,43.7415,44.4687,1664164800,19361000.0,2022-09-26 04:00:00
44.0676,44.555,43.2863,44.5228,1664251200,17850000.0,2022-09-27 04:00:00
44.1824,44.4469,43.2711,43.7443,1664337600,27605000.0,2022-09-28 04:00:00
42.6814,43.7472,42.1836,43.7026,1664424000,39997000.0,2022-09-29 04:00:00
42.1011,43.4105,42.066,42.5799,1664510400,27202000.0,2022-09-30 04:00:00
43.3119,43.7073,42.3817,42.597,1664769600,21479000.0,2022-10-03 04:00:00
45.5004,45.5288,44.1729,44.4232,1664856000,27277000.0,2022-10-04 04:00:00
45.9688,46.2807,44.7039,44.8072,1664942400,18493000.0,2022-10-05 04:00:00
45.4662,46.4334,45.3923,45.873,1665028800,17250000.0,2022-10-06 04:00:00
43.6628,44.8821,43.5243,44.7911,1665115200,28425000.0,2022-10-07 04:00:00
41.5028,43.6267,40.9471,43.6172,1665374400,33454000.0,2022-10-10 04:00:00
40.8447,41.5976,40.3535,41.2657,1665460800,28046000.0,2022-10-11 04:00:00
40.8267,41.315,40.584,40.986,1665547200,15046000.0,2022-10-12 04:00:00
41.5284,42.0783,39.357,39.5798,1665633600,27980000.0,2022-10-13 04:00:00
40.4977,42.0963,40.4322,42.0319,1665720000,22816000.0,2022-10-14 04:00:00
41.2818,41.8384,41.0941,41.6782,1665979200,24120000.0,2022-10-17 04:00:00
41.2306,42.5316,40.7878,42.4993,1666065600,20341000.0,2022-10-18 04:00:00
41.2752,41.5597,40.8561,41.0789,1666152000,12702000.0,2022-10-19 04:00:00
40.8011,41.9285,40.5963,41.2591,1666238400,23402000.0,2022-10-20 04:00:00
42.6434,42.7316,40.6939,40.9708,1666324800,26980000.0,2022-10-21 04:00:00
43.2873,43.5025,42.7743,42.9279,1666584000,25287000.0,2022-10-24 04:00:00
43.6239,44.0212,43.3167,43.4267,1666670400,18246000.0,2022-10-25 04:00:00
43.7291,44.7323,43.1754,43.4267,1666756800,29291000.0,2022-10-26 04:00:00
43.1811,44.6385,43.1346,44.1909,1666843200,18512000.0,2022-10-27 04:00:00
44.8404,44.977,43.2048,43.329,1666929600,23094000.0,2022-10-28 04:00:00
44.5768,44.8319,44.0923,44.2668,1667188800,19259000.0,2022-10-31 04:00:00
44.3663,45.2131,43.9178,45.1154,1667275200,16324000.0,2022-11-01 04:00:00
43.2408,45.5563,43.2114,44.592,1667361600,21070000.0,2022-11-02 04:00:00
42.1115,42.9402,41.8498,42.7582,1667448000,23887000.0,2022-11-03 04:00:00
44.1198,44.4602,42.9801,43.3195,1667534400,28891000.0,2022-11-04 04:00:00
45.0604,45.2994,43.7661,44.2592,1667797200,17687000.0,2022-11-07 05:00:00
45.7137,46.3481,44.8973,45.6322,1667883600,20743000.0,2022-11-08 05:00:00
44.5152,45.4188,44.4735,45.3714,1667970000,23695000.0,2022-11-09 05:00:00
48.033,48.0899,46.1954,46.5567,1668056400,33970000.0,2022-11-10 05:00:00
49.1253,49.2116,47.5997,47.8652,1668142800,26728000.0,2022-11-11 05:00:00
48.6636,49.7825,48.6427,48.8693,1668402000,21608000.0,2022-11-14 05:00:00
49.7256,50.4983,48.9186,50.2509,1668488400,23315000.0,2022-11-15 05:00:00
48.5223,49.168,48.3848,48.9954,1668574800,25405000.0,2022-11-16 05:00:00
48.5583,48.6181,47.7078,47.8842,1668661200,20375000.0,2022-11-17 05:00:00
48.8475,49.0912,48.4531,49.0097,1668747600,14536000.0,2022-11-18 05:00:00
49.0637,49.3871,48.4635,48.637,1669006800,18622000.0,2022-11-21 05:00:00
50.2594,50.2812,49.2126,49.5881,1669093200,18920000.0,2022-11-22 05:00:00
50.5998,51.3432,50.1409,50.2878,1669179600,13964000.0,2022-11-23 05:00:00
50.2461,50.6889,50.2054,50.3201,1669352400,7455000.0,2022-11-25 05:00:00
49.516,50.1371,48.9499,49.8033,1669611600,23505000.0,2022-11-28 05:00:00
49.4383,49.8612,48.8162,49.5909,1669698000,12694000.0,2022-11-29 05:00:00
52.2487,52.3085,49.1007,49.6962,1669784400,47349000.0,2022-11-30 05:00:00
52.2222,52.3805,51.3887,52.2487,1669870800,23006000.0,2022-12-01 05:00:00
51.2787,51.4589,50.8312,50.9231,1669957200,19320000.0,2022-12-02 05:00:00
50.3153,51.1535,49.827,50.9914,1670216400,18548000.0,2022-12-05 05:00:00
49.8583,50.5932,49.4724,50.3163,1670302800,19655000.0,2022-12-06 05:00:00
49.1642,49.7806,48.9319,49.2685,1670389200,16524000.0,2022-12-07 05:00:00
50.3571,50.4841,49.3425,49.3833,1670475600,27514000.0,2022-12-08 05:00:00
51.6504,52.4014,51.2977,52.2402,1670562000,37028000.0,2022-12-09 05:00:00
52.7797,52.8025,51.4152,51.6532,1670821200,23416000.0,2022-12-12 05:00:00
54.1461,55.1701,53.5762,54.5993,1670907600,40414000.0,2022-12-13 05:00:00
54.4685,55.5314,53.8322,53.91,1670994000,35218000.0,2022-12-14 05:00:00
52.9096,53.7146,52.8812,53.4577,1671080400,36876000.0,2022-12-15 05:00:00
52.7114,53.0803,52.2335,52.8575,1671166800,49549000.0,2022-12-16 05:00:00
52.5508,53.2058,52.177,52.9705,1671426000,25092000.0,2022-12-19 05:00:00
52.0144,52.4906,51.718,52.1244,1671512400,29831000.0,2022-12-20 05:00:00
53.6599,53.7249,52.2946,52.3634,1671598800,25619000.0,2022-12-21 05:00:00
52.8816,53.0585,52.3185,52.9065,1671685200,27553000.0,2022-12-22 05:00:00
52.8185,52.9323,52.3424,52.5862,1671771600,13761000.0,2022-12-23 05:00:00
52.9247,53.3616,52.2936,52.7344,1672117200,16677000.0,2022-12-27 05:00:00
52.0976,53.3291,51.8643,52.743,1672203600,15410000.0,2022-12-28 05:00:00
53.3329,53.7909,52.634,52.7631,1672290000,18176000.0,2022-12-29 05:00:00
53.4591,53.5088,52.3959,52.7602,1672376400,14376000.0,2022-12-30 05:00:00
52.9189,54.2661,52.6617,54.0204,1672722000,20173000.0,2023-01-03 05:00:00
53.5653,54.3225,53.1627,53.8282,1672808400,17074000.0,2023-01-04 05:00:00
53.0662,53.527,52.6933,53.1321,1672894800,16277000.0,2023-01-05 05:00:00
56.2605,56.5062,53.7622,53.8406,1672981200,35261000.0,2023-01-06 05:00:00
55.1572,57.5264,53.5958,56.6306,1673240400,37739000.0,2023-01-09 05:00:00
54.9698,54.9889,52.5852,54.6896,1673326800,44635000.0,2023-01-10 05:00:00
55.2767,55.2958,54.1992,54.7852,1673413200,22502000.0,2023-01-11 05:00:00
55.64,55.9431,54.8579,55.0329,1673499600,19514000.0,2023-01-12 05:00:00
55.3589,55.6391,55.1361,55.182,1673586000,19647000.0,2023-01-13 05:00:00
55.3819,55.967,54.9325,54.9669,1673931600,15835000.0,2023-01-17 05:00:00
54.9086,56.1774,54.8541,55.7614,1674018000,15703000.0,2023-01-18 05:00:00
53.8502,54.5042,53.5719,54.4143,1674104400,22692000.0,2023-01-19 05:00:00
54.573,54.6284,53.4572,53.832,1674190800,22950000.0,2023-01-20 05:00:00
55.6104,55.9125,54.4774,54.6896,1674450000,23429000.0,2023-01-23 05:00:00
55.9355,56.0942,55.0367,55.3054,1674536400,13825000.0,2023-01-24 05:00:00
55.9976,56.1209,55.0759,55.2318,1674622800,13766000.0,2023-01-25 05:00:00
57.231,57.4203,56.0531,56.4498,1674709200,24525000.0,2023-01-26 05:00:00
56.5053,57.295,56.4288,56.7281,1674795600,19344000.0,2023-01-27 05:00:00
55.5932,56.3734,55.4316,55.7414,1675054800,16984000.0,2023-01-30 05:00:00
55.9335,56.1458,55.5253,55.6525,1675141200,23719000.0,2023-01-31 05:00:00
57.6297,58.1603,55.7127,55.7959,1675227600,26553000.0,2023-02-01 05:00:00
57.9184,58.6231,57.3429,58.0963,1675314000,24188000.0,2023-02-02 05:00:00
57.1392,58.1355,57.0082,57.1755,1675400400,19093000.0,2023-02-03 05:00:00
57.4911,57.6746,56.6267,56.73,1675659600,18709000.0,2023-02-06 05:00:00
58.7483,58.9931,57.34,57.4299,1675746000,24025000.0,2023-02-07 05:00:00
57.5303,58.3401,57.426,58.0054,1675832400,15290000.0,2023-02-08 05:00:00
57.3103,58.7942,56.9346,58.5715,1675918800,18837000.0,2023-02-09 05:00:00
56.7214,57.2195,56.3753,57.014,1676005200,21035000.0,2023-02-10 05:00:00
57.4738,57.5083,56.7424,56.8887,1676264400,19847000.0,2023-02-13 05:00:00
57.5876,57.9003,56.7281,56.8093,1676350800,17571000.0,2023-02-14 05:00:00
58.102,58.1584,57.0512,57.2578,1676437200,12683000.0,2023-02-15 05:00:00
57.4184,58.2215,57.3237,57.4385,1676523600,17449000.0,2023-02-16 05:00:00
56.9451,57.448,56.6449,57.3668,1676610000,14215000.0,2023-02-17 05:00:00
55.6018,56.7061,55.4392,56.4106,1676955600,22737000.0,2023-02-21 05:00:00
55.0883,55.75,54.6992,55.6697,1677042000,23475000.0,2023-02-22 05:00:00
55.8179,56.0225,54.8503,56.0043,1677128400,18939000.0,2023-02-23 05:00:00
55.2394,55.4775,54.8436,55.2184,1677214800,15353000.0,2023-02-24 05:00:00
55.9756,56.3915,55.8618,56.0158,1677474000,18321000.0,2023-02-27 05:00:00
56.8208,57.231,55.663,55.9861,1677560400,27822000.0,2023-02-28 05:00:00
56.752,57.1956,56.4393,56.7931,1677646800,15484000.0,2023-03-01 05:00:00
57.2377,57.4566,56.0406,56.3523,1677733200,27525000.0,2023-03-02 05:00:00
60.499,60.783,58.8726,59.0591,1677819600,46088000.0,2023-03-03 05:00:00
60.5143,61.5784,60.4005,60.7131,1678078800,24983000.0,2023-03-06 05:00:00
59.7714,60.7877,59.6146,60.7007,1678165200,19334000.0,2023-03-07 05:00:00
60.4512,60.4961,59.6299,60.0228,1678251600,20912000.0,2023-03-08 05:00:00
59.5199,61.4245,59.4587,60.2427,1678338000,21775000.0,2023-03-09 05:00:00
58.7847,60.2504,58.5925,60.062,1678424400,26098000.0,2023-03-10 05:00:00
58.9415,59.6987,58.0246,58.0446,1678680000,22364000.0,2023-03-13 04:00:00
60.4703,60.5573,59.1356,59.6031,1678766400,25893000.0,2023-03-14 04:00:00
59.8565,60.2418,58.9157,60.0123,1678852800,22963000.0,2023-03-15 04:00:00
60.8566,60.9111,59.0696,59.4559,1678939200,31716000.0,2023-03-16 04:00:00
60.3278,61.1501,59.9559,60.8566,1679025600,79303000.0,2023-03-17 04:00:00
61.5459,61.6444,60.3881,60.4971,1679284800,25857000.0,2023-03-20 04:00:00
61.3187,62.2662,61.0856,61.9292,1679371200,25000000.0,2023-03-21 04:00:00
60.7572,62.4502,60.7332,61.3331,1679457600,25799000.0,2023-03-22 04:00:00
61.5575,62.4194,60.816,61.5257,1679544000,27162000.0,2023-03-23 04:00:00
61.2628,61.5642,60.529,61.4419,1679630400,17228000.0,2023-03-24 04:00:00
60.3643,61.545,60.2825,61.5353,1679889600,14707000.0,2023-03-27 04:00:00
60.1583,60.3354,59.5959,60.2093,1679976000,12439000.0,2023-03-28 04:00:00
60.2353,61.0548,60.1525,60.9364,1680062400,26395000.0,2023-03-29 04:00:00
61.0298,61.2513,60.6012,60.9315,1680148800,21523000.0,2023-03-30 04:00:00
61.7799,61.8454,60.2748,60.7206,1680235200,22097000.0,2023-03-31 04:00:00
61.8695,62.0072,61.2888,61.5353,1680494400,15682000.0,2023-04-03 04:00:00
61.0933,62.0399,60.8612,61.935,1680580800,13429000.0,2023-04-04 04:00:00
60.5733,60.8323,60.2546,60.7784,1680667200,16908000.0,2023-04-05 04:00:00
59.9599,60.5146,59.6064,60.1062,1680753600,14493000.0,2023-04-06 04:00:00
60.4173,60.4635,59.3638,59.5179,1681099200,15400000.0,2023-04-10 04:00:00
59.8568,60.7534,59.7846,60.7437,1681185600,16518000.0,2023-04-11 04:00:00
59.3879,60.4298,59.3455,60.4125,1681272000,14112000.0,2023-04-12 04:00:00
60.114,60.3316,59.4273,59.6161,1681358400,17265000.0,2023-04-13 04:00:00
59.6613,60.4789,59.2444,59.7519,1681444800,17465000.0,2023-04-14 04:00:00
60.4144,60.5088,59.4948,59.5718,1681704000,13201000.0,2023-04-17 04:00:00
60.8921,61.1983,60.3923,60.8246,1681790400,16806000.0,2023-04-18 04:00:00
61.102,61.3225,60.2401,60.3595,1681876800,19060000.0,2023-04-19 04:00:00
60.9595,61.8945,60.3932,60.4626,1681963200,20239000.0,2023-04-20 04:00:00
60.9479,61.0346,59.8973,60.7264,1682049600,14807000.0,2023-04-21 04:00:00
61.1058,61.5209,60.841,61.0192,1682308800,12338000.0,2023-04-24 04:00:00
59.9002,61.2455,59.8732,61.0529,1682395200,23670000.0,2023-04-25 04:00:00
59.3387,60.0071,59.0807,59.7028,1682481600,17179000.0,2023-04-26 04:00:00
59.5525,59.7143,58.0907,59.3387,1682568000,18250000.0,2023-04-27 04:00:00
60.3316,60.3586,59.1818,59.6161,1682654400,16183000.0,2023-04-28 04:00:00
61.4342,61.5344,60.3027,60.3316,1682913600,17030000.0,2023-05-01 04:00:00
58.968,60.3316,58.2631,60.2603,1683000000,28357000.0,2023-05-02 04:00:00
59.0508,59.8934,58.9738,59.4071,1683086400,19816000.0,2023-05-03 04:00:00
58.7581,59.124,57.9039,58.7426,1683172800,17684000.0,2023-05-04 04:00:00
60.6802,60.8102,59.0672,59.3156,1683259200,24876000.0,2023-05-05 04:00:00
60.5781,60.7389,59.7615,60.6474,1683518400,13934000.0,2023-05-08 04:00:00
59.5622,60.0976,59.307,59.9685,1683604800,16990000.0,2023-05-09 04:00:00
60.3094,60.476,59.539,59.904,1683691200,19174000.0,2023-05-10 04:00:00
60.4443,60.5223,59.5121,60.3393,1683777600,14430000.0,2023-05-11 04:00:00
60.7794,60.9286,60.1111,60.5126,1683864000,11942000.0,2023-05-12 04:00:00
61.6124,61.6336,60.5213,60.8487,1684123200,14614000.0,2023-05-15 04:00:00
61.7703,62.2971,61.5093,61.6759,1684209600,14967000.0,2023-05-16 04:00:00
63.314,63.6443,62.0727,62.3394,1684296000,24133000.0,2023-05-17 04:00:00
65.2814,65.422,63.1724,63.1724,1684382400,26389000.0,2023-05-18 04:00:00
65.7003,65.9603,65.3305,65.4836,1684468800,22968000.0,2023-05-19 04:00:00
65.3266,65.9343,64.9174,65.6184,1684728000,17796000.0,2023-05-22 04:00:00
66.1096,67.3123,65.6781,66.5082,1684814400,36088000.0,2023-05-23 04:00:00
65.4384,65.8987,65.1042,65.6223,1684900800,23021000.0,2023-05-24 04:00:00
70.183,70.5288,66.5208,67.3528,1684987200,49263000.0,2023-05-25 04:00:00
78.2654,78.4821,71.9376,71.9771,1685073600,82500000.0,2023-05-26 04:00:00
77.3612,88.7669,76.9249,80.4216,1685419200,116912000.0,2023-05-30 04:00:00
77.8061,79.1263,76.0891,76.5484,1685505600,89998000.0,2023-05-31 04:00:00
76.0717,77.5971,75.6105,77.0992,1685592000,80792000.0,2023-06-01 04:00:00
78.1951,79.3286,75.8069,76.1382,1685678400,62815000.0,2023-06-02 04:00:00
77.261,77.9255,76.508,77.9255,1685937600,26222000.0,2023-06-05 04:00:00
76.0765,77.2321,74.7649,77.2321,1686024000,37823000.0,2023-06-06 04:00:00
76.3298,77.5644,75.8368,76.0592,1686110400,28957000.0,2023-06-07 04:00:00
77.444,77.522,75.9591,76.5494,1686196800,21909000.0,2023-06-08 04:00:00
77.4845,78.7489,77.4132,77.5981,1686283200,19241000.0,2023-06-09 04:00:00
82.3707,82.6249,78.1104,78.1104,1686542400,51065000.0,2023-06-12 04:00:00
81.9624,83.1315,80.9878,82.9263,1686628800,38990000.0,2023-06-13 04:00:00
85.3386,85.5659,81.5868,82.4227,1686715200,43524000.0,2023-06-14 04:00:00
85.0738,85.511,83.8787,85.1682,1686801600,33814000.0,2023-06-15 04:00:00
83.5985,85.7017,83.3423,85.6372,1686888000,68299000.0,2023-06-16 04:00:00
83.5908,84.4613,82.9148,83.0737,1687233600,27535000.0,2023-06-20 04:00:00
82.064,83.8396,81.7678,83.2587,1687320000,23229000.0,2023-06-21 04:00:00
81.5577,82.1851,80.8684,81.8153,1687406400,23464000.0,2023-06-22 04:00:00
79.5944,80.9372,79.2749,80.7426,1687492800,37413000.0,2023-06-23 04:00:00
79.544,81.032,79.4075,79.8703,1687752000,21372000.0,2023-06-26 04:00:00
82.1357,82.2906,79.483,80.2266,1687838400,24923000.0,2023-06-27 04:00:00
82.0912,83.1164,81.0378,81.1995,1687924800,19445000.0,2023-06-28 04:00:00
83.5075,83.5337,81.943,82.7214,1688011200,23386000.0,2023-06-29 04:00:00
83.978,84.6693,83.6779,84.0836,1688097600,23145000.0,2023-06-30 04:00:00
84.8503,84.8784,83.735,84.0932,1688356800,9038000.0,2023-07-03 04:00:00
83.4388,84.8949,83.4282,83.9751,1688529600,14440000.0,2023-07-05 04:00:00
82.097,82.6682,81.7417,81.8065,1688616000,23939000.0,2023-07-06 04:00:00
81.976,83.0641,81.7736,82.3322,1688702400,19409000.0,2023-07-07 04:00:00
84.9752,85.1146,82.1241,82.1241,1688961600,30622000.0,2023-07-10 04:00:00
85.3934,85.4854,83.7069,85.3024,1689048000,25498000.0,2023-07-11 04:00:00
86.1582,86.8979,85.3886,86.0663,1689134400,28197000.0,2023-07-12 04:00:00
86.198,87.0286,85.0275,87.0286,1689220800,25912000.0,2023-07-13 04:00:00
86.0256,87.4555,85.7913,85.7913,1689307200,18510000.0,2023-07-14 04:00:00
88.1332,88.4101,86.1418,86.2609,1689566400,26819000.0,2023-07-17 04:00:00
87.4633,88.0896,86.9627,87.7101,1689652800,24513000.0,2023-07-18 04:00:00
87.2639,87.7092,85.74,86.8669,1689739200,24118000.0,2023-07-19 04:00:00
86.0024,87.8089,85.7758,86.409,1689825600,28268000.0,2023-07-20 04:00:00
86.8166,88.2107,86.5339,87.5659,1689912000,74287000.0,2023-07-21 04:00:00
87.2852,87.6579,86.5726,87.2087,1690171200,19992000.0,2023-07-24 04:00:00
88.8729,89.3753,87.1912,87.1912,1690257600,20042000.0,2023-07-25 04:00:00
86.4622,88.1594,85.9356,88.0025,1690344000,19877000.0,2023-07-26 04:00:00
86.5048,88.0848,85.7758,87.9541,1690430400,21922000.0,2023-07-27 04:00:00
87.1109,87.4759,86.5455,87.0654,1690516800,18791000.0,2023-07-28 04:00:00
87.0005,87.228,86.2599,86.8892,1690776000,14952000.0,2023-07-31 04:00:00
89.0675,89.1275,86.9085,87.0325,1690862400,19683000.0,2023-08-01 04:00:00
86.3858,88.3898,86.1912,88.322,1690948800,26877000.0,2023-08-02 04:00:00
85.6771,86.6791,85.2995,85.8359,1691035200,18281000.0,2023-08-03 04:00:00
85.3547,86.5136,84.5531,85.6771,1691121600,21156000.0,2023-08-04 04:00:00
86.8466,86.8766,85.7052,85.9385,1691380800,11146000.0,2023-08-07 04:00:00
85.5009,86.2212,84.556,86.1718,1691467200,14081000.0,2023-08-08 04:00:00
82.3613,85.5367,82.1667,85.4583,1691553600,24672000.0,2023-08-09 04:00:00
81.6032,83.404,81.0388,82.5927,1691640000,20186000.0,2023-08-10 04:00:00
80.3311,80.9739,79.7231,80.7426,1691726400,20331000.0,2023-08-11 04:00:00
82.6875,82.6953,80.1007,80.4637,1691985600,17688000.0,2023-08-14 04:00:00
81.5664,82.7379,80.9798,82.2141,1692072000,14035000.0,2023-08-15 04:00:00
80.6438,82.7263,80.5441,82.0766,1692158400,16003000.0,2023-08-16 04:00:00
80.0736,81.2663,80.0649,80.9846,1692244800,19228000.0,2023-08-17 04:00:00
79.9516,80.1772,78.6117,79.3862,1692331200,17759000.0,2023-08-18 04:00:00
83.7563,83.9693,80.5257,80.7474,1692590400,30012000.0,2023-08-21 04:00:00
82.8512,84.6867,82.3758,84.557,1692676800,17079000.0,2023-08-22 04:00:00
84.8639,85.0197,82.2906,82.3651,1692763200,19692000.0,2023-08-23 04:00:00
82.7224,88.0858,82.5288,87.3587,1692849600,30934000.0,2023-08-24 04:00:00
82.4668,84.1726,81.0969,82.9702,1692936000,24181000.0,2023-08-25 04:00:00
83.3633,83.6586,82.0108,82.9092,1693195200,14306000.0,2023-08-28 04:00:00
86.1563,86.438,82.9121,83.1038,1693281600,27822000.0,2023-08-29 04:00:00
86.3838,87.0063,85.1088,86.3945,1693368000,23234000.0,2023-08-30 04:00:00
89.3473,89.4228,86.5281,86.9386,1693454400,55203000.0,2023-08-31 04:00:00
84.4708,87.3122,83.7099,87.3122,1693540800,65017000.0,2023-09-01 04:00:00
84.4369,85.4854,83.9364,84.1794,1693886400,24808000.0,2023-09-05 04:00:00
84.4466,84.9404,83.9112,84.4689,1693972800,20142000.0,2023-09-06 04:00:00
82.9712,83.4223,81.3728,83.2103,1694059200,27789000.0,2023-09-07 04:00:00
83.0215,83.3391,82.3022,82.7746,1694145600,16810000.0,2023-09-08 04:00:00
83.1755,84.13,81.8695,84.1078,1694404800,15710000.0,2023-09-11 04:00:00
81.7601,83.0912,81.4832,82.3138,1694491200,16680000.0,2023-09-12 04:00:00
82.5743,83.1726,81.733,82.0186,1694577600,17413000.0,2023-09-13 04:00:00
84.3856,84.8726,82.7747,83.1648,1694664000,19648000.0,2023-09-14 04:00:00
82.4532,84.0487,81.6032,84.0487,1694750400,50190000.0,2023-09-15 04:00:00
82.2906,82.9034,81.3225,81.5723,1695009600,16541000.0,2023-09-18 04:00:00
82.2131,82.3903,81.1772,81.9024,1695096000,13126000.0,2023-09-19 04:00:00
80.8475,82.7378,80.8261,82.7378,1695182400,13681000.0,2023-09-20 04:00:00
78.6856,80.0619,77.3939,77.3958,1695268800,53654000.0,2023-09-21 04:00:00
80.7024,80.8485,78.8822,78.9659,1695355200,27764000.0,2023-09-22 04:00:00
81.1706,81.6252,80.1116,80.5973,1695614400,15648000.0,2023-09-25 04:00:00
79.4477,80.8183,78.963,80.7112,1695700800,17641000.0,2023-09-26 04:00:00
79.5081,80.1768,78.2982,79.7466,1695787200,15352000.0,2023-09-27 04:00:00
80.9867,81.6544,79.3007,79.8351,1695873600,16180000.0,2023-09-28 04:00:00
80.8484,82.1586,80.1018,81.4198,1695960000,16481000.0,2023-09-29 04:00:00
81.2738,81.6252,80.1593,80.7005,1696219200,14676000.0,2023-10-02 04:00:00
79.3153,81.3517,78.7391,80.5,1696305600,18761000.0,2023-10-03 04:00:00
80.1895,80.8484,79.4584,79.8507,1696392000,16417000.0,2023-10-04 04:00:00
80.1943,80.6586,79.3786,79.8293,1696478400,11474000.0,2023-10-05 04:00:00
82.2774,82.5821,79.0126,79.7602,1696564800,21103000.0,2023-10-06 04:00:00
83.3111,83.3822,81.5541,81.8101,1696824000,15760000.0,2023-10-09 04:00:00
83.5574,84.9338,83.2956,83.4348,1696910400,14718000.0,2023-10-10 04:00:00
85.1295,85.2054,83.3764,83.684,1696996800,14334000.0,2023-10-11 04:00:00
88.1509,89.3511,85.3115,85.3115,1697083200,43871000.0,2023-10-12 04:00:00
85.9685,90.1278,85.8624,88.4818,1697169600,28312000.0,2023-10-13 04:00:00
87.8559,89.1428,86.7268,86.7268,1697428800,21150000.0,2023-10-16 04:00:00
86.0873,86.9224,84.2962,86.1603,1697515200,33008000.0,2023-10-17 04:00:00
86.3433,87.1804,85.1917,85.6541,1697601600,20404000.0,2023-10-18 04:00:00
84.4743,86.5827,84.2641,86.3423,1697688000,26620000.0,2023-10-19 04:00:00
83.0921,85.1625,82.9179,85.1625,1697774400,26953000.0,2023-10-20 04:00:00
83.9283,85.036,82.0399,83.5136,1698033600,16456000.0,2023-10-23 04:00:00
85.767,85.951,84.0159,84.1015,1698120000,14972000.0,2023-10-24 04:00:00
82.7028,85.5354,82.3572,85.3738,1698206400,21432000.0,2023-10-25 04:00:00
80.4756,83.169,79.657,82.5353,1698292800,27917000.0,2023-10-26 04:00:00
81.6058,81.7858,80.6499,80.792,1698379200,18236000.0,2023-10-27 04:00:00
81.8871,82.6833,80.5146,81.8725,1698638400,20889000.0,2023-10-30 04:00:00
81.8987,82.3008,81.0451,82.144,1698724800,14747000.0,2023-10-31 04:00:00
83.025,83.1116,81.3342,81.9601,1698811200,18684000.0,2023-11-01 04:00:00
84.8121,85.7076,83.7122,83.9069,1698897600,18759000.0,2023-11-02 04:00:00
85.9198,86.389,84.7888,85.4156,1698984000,18041000.0,2023-11-03 04:00:00
85.7398,86.2323,84.8034,85.8108,1699246800,12870000.0,2023-11-06 05:00:00
87.3936,87.7781,85.2852,85.8848,1699333200,19365000.0,2023-11-07 05:00:00
88.6891,88.8624,87.5084,87.6058,1699419600,15280000.0,2023-11-08 05:00:00
88.7135,90.5065,88.439,88.8225,1699506000,24486000.0,2023-11-09 05:00:00
93.2048,93.3439,89.3783,89.7219,1699592400,36272000.0,2023-11-10 05:00:00
92.1739,92.7064,91.5461,92.4776,1699851600,16893000.0,2023-11-13 05:00:00
94.7077,95.0785,92.9838,93.6739,1699938000,23886000.0,2023-11-14 05:00:00
94.9452,95.5633,94.1188,95.3453,1700024400,16099000.0,2023-11-15 05:00:00
93.4024,94.293,92.5234,93.8355,1700110800,26198000.0,2023-11-16 05:00:00
95.172,95.7716,92.5701,93.2719,1700197200,19789000.0,2023-11-17 05:00:00
96.9221,97.3271,94.7116,94.7116,1700456400,18674000.0,2023-11-20 05:00:00
95.5098,96.4637,94.5782,94.9063,1700542800,43344000.0,2023-11-21 05:00:00
94.6142,96.1707,94.5169,95.7521,1700629200,33743000.0,2023-11-22 05:00:00
95.283,95.3793,94.1032,94.9024,1700802000,23158000.0,2023-11-24 05:00:00
92.4961,95.4913,92.4075,95.0182,1701061200,96962000.0,2023-11-27 05:00:00
92.1175,92.5565,90.9309,91.4935,1701147600,39025000.0,2023-11-28 05:00:00
91.5802,93.3907,91.438,92.3112,1701234000,34843000.0,2023-11-29 05:00:00
90.1103,91.7349,89.3939,91.5967,1701320400,49571000.0,2023-11-30 05:00:00
90.526,90.9056,88.3845,89.792,1701406800,29612000.0,2023-12-01 05:00:00
89.939,90.6204,89.206,89.6149,1701666000,25009000.0,2023-12-04 05:00:00
88.8829,89.2868,88.1752,88.7349,1701752400,37066000.0,2023-12-05 05:00:00
87.9601,89.647,87.9075,89.5876,1701838800,24813000.0,2023-12-06 05:00:00
89.7725,89.9536,87.9601,88.145,1701925200,43517000.0,2023-12-07 05:00:00
91.9179,92.5438,88.6308,90.3157,1702011600,69668000.0,2023-12-08 05:00:00
100.186,101.1856,93.0656,93.1551,1702270800,101184000.0,2023-12-11 05:00:00
104.3755,105.0675,99.7324,100.0643,1702357200,90242000.0,2023-12-12 05:00:00
106.0702,107.0523,103.4274,103.9589,1702443600,71654000.0,2023-12-13 05:00:00
107.7055,109.1626,106.1276,106.3125,1702530000,66964000.0,2023-12-14 05:00:00
109.9686,111.929,106.55,106.6084,1702616400,118544000.0,2023-12-15 05:00:00
111.6487,112.1179,108.8881,109.0984,1702875600,54741000.0,2023-12-18 05:00:00
111.4365,112.5004,110.7451,111.6731,1702962000,36020000.0,2023-12-19 05:00:00
108.5811,111.6106,108.4716,110.7637,1703048400,34523000.0,2023-12-20 05:00:00
110.2347,111.0297,109.0329,110.7588,1703134800,24106000.0,2023-12-21 05:00:00
109.7154,110.6952,108.8891,110.3021,1703221200,19089000.0,2023-12-22 05:00:00
110.6845,111.0375,109.8171,109.9364,1703566800,16793000.0,2023-12-26 05:00:00
110.1252,111.4355,109.8113,111.0864,1703653200,20055000.0,2023-12-27 05:00:00
109.7575,110.7187,109.4289,110.6649,1703739600,21247000.0,2023-12-28 05:00:00
109.1551,109.9501,109.0006,109.6646,1703826000,20558000.0,2023-12-29 05:00:00
106.1364,107.7616,105.3258,106.7955,1704171600,28831000.0,2024-01-02 05:00:00
103.5157,105.1214,103.1959,104.652,1704258000,34735000.0,2024-01-03 05:00:00
102.5799,104.5835,102.4195,103.4551,1704344400,25658000.0,2024-01-04 05:00:00
102.6063,103.2106,101.8465,102.8332,1704430800,22475000.0,2024-01-05 05:00:00
105.1067,105.4148,102.8723,103.3123,1704690000,33110000.0,2024-01-08 05:00:00
105.8538,106.4464,104.1151,104.2041,1704776400,23225000.0,2024-01-09 05:00:00
105.6661,105.8998,103.9088,105.6445,1704862800,17643000.0,2024-01-10 05:00:00
107.5641,107.6932,105.0735,106.0328,1704949200,25757000.0,2024-01-11 05:00:00
108.3171,109.1003,107.567,108.7493,1705035600,26882000.0,2024-01-12 05:00:00
109.029,110.132,107.4321,108.7728,1705381200,26145000.0,2024-01-16 05:00:00
107.9249,108.8481,106.6087,108.1812,1705467600,18314000.0,2024-01-17 05:00:00
111.8599,112.118,109.7056,110.0009,1705554000,32228000.0,2024-01-18 05:00:00
118.44,119.0072,113.0422,113.1703,1705640400,53077000.0,2024-01-19 05:00:00
119.3494,120.4085,118.1486,118.9338,1705899600,31222000.0,2024-01-22 05:00:00
119.9176,119.9831,117.689,119.3983,1705986000,16952000.0,2024-01-23 05:00:00
122.6126,125.6127,120.3772,121.4812,1706072400,34805000.0,2024-01-24 05:00:00
120.2784,125.2656,120.1611,125.2656,1706158800,36356000.0,2024-01-25 05:00:00
117.822,119.4189,117.3673,119.2712,1706245200,25818000.0,2024-01-26 05:00:00
119.0825,119.6594,117.8328,118.8028,1706504400,21526000.0,2024-01-29 05:00:00
118.1427,120.0828,117.7643,118.9847,1706590800,20683000.0,2024-01-30 05:00:00
115.3891,117.073,114.8326,116.3131,1706677200,27400000.0,2024-01-31 05:00:00
117.3458,117.647,115.302,116.1078,1706763600,19411000.0,2024-02-01 05:00:00
119.7249,120.737,117.8484,118.2004,1706850000,26689000.0,2024-02-02 05:00:00
121.5594,122.0141,119.5108,119.9811,1707109200,22045000.0,2024-02-05 05:00:00
119.5597,124.3962,118.5124,123.5611,1707195600,25354000.0,2024-02-06 05:00:00
122.9245,123.1641,119.9557,120.6696,1707282000,25768000.0,2024-02-07 05:00:00
124.6554,126.7294,123.7019,123.8965,1707368400,29326000.0,2024-02-08 05:00:00
125.5042,125.7301,122.1354,122.4327,1707454800,26293000.0,2024-02-09 05:00:00
123.701,126.1525,123.1143,126.1466,1707714000,24778000.0,2024-02-12 05:00:00
122.3955,122.8082,119.9939,120.7791,1707800400,31907000.0,2024-02-13 05:00:00
123.4291,124.4833,121.3854,124.1156,1707886800,27306000.0,2024-02-14 05:00:00
123.7078,125.1678,121.7306,125.1629,1707973200,21873000.0,2024-02-15 05:00:00
121.7922,124.7453,121.49,123.1182,1708059600,21268000.0,2024-02-16 05:00:00
119.941,121.0333,118.573,120.8514,1708405200,26329000.0,2024-02-20 05:00:00
120.0291,120.0877,117.603,119.105,1708491600,20579000.0,2024-02-21 05:00:00
127.6027,128.1972,124.8226,125.335,1708578000,40819000.0,2024-02-22 05:00:00
126.7685,129.0421,126.0303,127.942,1708664400,23115000.0,2024-02-23 05:00:00
128.0163,128.9609,127.2663,128.1014,1708923600,16282000.0,2024-02-26 05:00:00
126.7549,128.2911,126.3627,128.0163,1709010000,12126000.0,2024-02-27 05:00:00
126.0889,126.9788,125.4582,126.439,1709096400,10967000.0,2024-02-28 05:00:00
127.1714,127.9449,125.8797,127.4472,1709182800,27536000.0,2024-02-29 05:00:00
136.8211,137.6611,129.0793,129.6592,1709269200,44488000.0,2024-03-01 05:00:00
137.1233,140.6348,135.454,137.2103,1709528400,34854000.0,2024-03-04 05:00:00
131.304,136.4133,130.2889,136.4133,1709614800,36040000.0,2024-03-05 05:00:00
132.0129,136.3967,131.7254,136.0789,1709701200,43196000.0,2024-03-06 05:00:00
137.5878,138.3016,134.2512,135.1411,1709787600,62832000.0,2024-03-07 05:00:00
127.9762,138.1735,127.278,136.34,1709874000,74025000.0,2024-03-08 05:00:00
126.4507,127.0277,122.4845,124.9654,1710129600,31105000.0,2024-03-11 04:00:00
126.3295,127.8853,123.1416,127.808,1710216000,42789000.0,2024-03-12 04:00:00
123.0037,125.4494,122.4649,125.4494,1710302400,37838000.0,2024-03-13 04:00:00
123.434,124.496,122.0102,123.4604,1710388800,38029000.0,2024-03-14 04:00:00
120.8163,123.9327,120.2853,122.5725,1710475200,88823000.0,2024-03-15 04:00:00
120.9864,123.4937,120.4446,122.6234,1710734400,25737000.0,2024-03-18 04:00:00
121.0617,121.2827,117.7379,119.0023,1710820800,24491000.0,2024-03-19 04:00:00
125.308,126.4855,120.4558,121.6765,1710907200,40946000.0,2024-03-20 04:00:00
132.3787,137.8398,129.2362,130.446,1710993600,72468000.0,2024-03-21 04:00:00
132.9159,135.15,132.197,132.5751,1711080000,38624000.0,2024-03-22 04:00:00
132.7303,133.4039,131.3446,132.087,1711339200,21237000.0,2024-03-25 04:00:00
130.7574,135.5153,130.6611,134.0177,1711425600,23522000.0,2024-03-26 04:00:00
129.5043,132.5751,127.2741,132.5751,1711512000,25583000.0,2024-03-27 04:00:00
130.1603,130.6199,128.7972,129.4228,1711598400,19856000.0,2024-03-28 04:00:00
132.6006,133.8498,130.1603,130.1868,1711944000,17252000.0,2024-04-01 04:00:00
131.4713,131.8258,127.9998,129.2155,1712030400,24694000.0,2024-04-02 04:00:00
133.8724,135.2089,130.1465,130.4146,1712116800,28650000.0,2024-04-03 04:00:00
129.3835,137.8762,129.138,136.0437,1712203200,27014000.0,2024-04-04 04:00:00
131.5371,133.6779,129.0594,130.2182,1712289600,19438000.0,2024-04-05 04:00:00
131.2101,131.8386,129.2116,130.9695,1712548800,17139000.0,2024-04-08 04:00:00
131.0117,133.5061,128.5134,133.2989,1712635200,17986000.0,2024-04-09 04:00:00
129.8617,131.1757,129.1851,129.9236,1712721600,17467000.0,2024-04-10 04:00:00
135.7628,136.6869,129.9874,130.8742,1712808000,31713000.0,2024-04-11 04:00:00
131.9928,134.1964,131.2611,132.7725,1712894400,27823000.0,2024-04-12 04:00:00
128.7147,134.5392,128.2541,134.5392,1713153600,24370000.0,2024-04-15 04:00:00
130.5187,131.2317,128.7452,129.1753,1713240000,18923000.0,2024-04-16 04:00:00
125.9591,132.2805,125.8403,131.8985,1713326400,24718000.0,2024-04-17 04:00:00
123.6376,126.9431,123.2909,126.4865,1713412800,24888000.0,2024-04-18 04:00:00
118.3071,123.7368,117.6049,123.6376,1713499200,44797000.0,2024-04-19 04:00:00
120.2466,121.1049,117.8976,120.2505,1713758400,25162000.0,2024-04-22 04:00:00
122.6752,123.5306,120.5962,120.611,1713844800,22025000.0,2024-04-23 04:00:00
123.4245,126.2528,122.2598,124.1198,1713931200,20108000.0,2024-04-24 04:00:00
127.1169,128.4535,123.4421,124.9594,1714017600,30410000.0,2024-04-25 04:00:00
131.9928,133.1476,127.9723,128.647,1714104000,24100000.0,2024-04-26 04:00:00
131.4575,132.8677,130.1887,131.9937,1714363200,13372000.0,2024-04-29 04:00:00
127.6914,132.4131,127.5716,130.5011,1714449600,22113000.0,2024-04-30 04:00:00
122.0536,126.9156,121.9053,125.5369,1714536000,30958000.0,2024-05-01 04:00:00
121.6323,124.1738,120.1337,123.3714,1714622400,29480000.0,2024-05-02 04:00:00
125.5152,126.0819,122.4739,123.6386,1714708800,24898000.0,2024-05-03 04:00:00
128.6774,128.7226,125.2167,126.3117,1714968000,16287000.0,2024-05-06 04:00:00
127.9703,129.5298,127.3467,129.2794,1715054400,12413000.0,2024-05-07 04:00:00
130.1564,131.3878,126.5346,127.0266,1715140800,13918000.0,2024-05-08 04:00:00
128.2217,129.7871,127.8613,129.4159,1715227200,12170000.0,2024-05-09 04:00:00
130.886,131.9859,129.1684,129.1684,1715313600,16300000.0,2024-05-10 04:00:00
131.3486,133.399,130.6218,132.3787,1715572800,18507000.0,2024-05-13 04:00:00
135.5242,135.7166,130.1986,130.8408,1715659200,19420000.0,2024-05-14 04:00:00
141.0373,141.3103,134.5372,135.5212,1715745600,32757000.0,2024-05-15 04:00:00
138.6765,141.9437,137.9822,140.0386,1715832000,28395000.0,2024-05-16 04:00:00
137.0228,139.4032,135.696,138.705,1715918400,18174000.0,2024-05-17 04:00:00
138.8631,139.1489,136.8136,137.0925,1716177600,27170000.0,2024-05-20 04:00:00
137.4067,138.4074,136.843,137.3557,1716264000,15333000.0,2024-05-21 04:00:00
136.7232,137.9763,135.9356,137.0934,1716350400,21002000.0,2024-05-22 04:00:00
136.8263,140.3332,135.3248,140.2772,1716436800,31039000.0,2024-05-23 04:00:00
138.2552,138.8189,136.7016,137.4647,1716523200,16730000.0,2024-05-24 04:00:00
138.7079,139.1724,136.7527,138.4673,1716868800,22919000.0,2024-05-28 04:00:00
136.5691,137.3969,135.8158,137.3969,1716955200,26861000.0,2024-05-29 04:00:00
133.9578,135.7942,133.129,135.423,1717041600,21717000.0,2024-05-30 04:00:00
130.4686,133.8076,128.3779,133.6907,1717128000,73091000.0,2024-05-31 04:00:00
129.8156,132.8697,127.9134,132.8403,1717387200,26278000.0,2024-06-03 04:00:00
130.6916,130.8065,128.3533,129.6683,1717473600,23048000.0,2024-06-04 04:00:00
138.7708,138.8945,131.6461,132.1823,1717560000,32947000.0,2024-06-05 04:00:00
137.61,139.7136,136.3304,139.633,1717646400,20172000.0,2024-06-06 04:00:00
138.1374,139.9404,137.1926,138.2493,1717732800,17859000.0,2024-06-07 04:00:00
141.4596,142.3022,138.3819,138.4477,1717992000,31042000.0,2024-06-10 04:00:00
143.4787,143.8695,139.0792,141.2367,1718078400,34844000.0,2024-06-11 04:00:00
146.8647,147.8753,144.9881,147.3057,1718164800,56697000.0,2024-06-12 04:00:00
164.8832,170.4671,162.2837,167.9285,1718251200,89061000.0,2024-06-13 04:00:00
170.3875,171.5856,165.1886,165.656,1718337600,69705000.0,2024-06-14 04:00:00
179.602,180.9896,174.6633,176.7668,1718596800,87528000.0,2024-06-17 04:00:00
177.0143,181.8361,175.2947,180.6547,1718683200,86797000.0,2024-06-18 04:00:00
170.3403,177.2333,169.1285,177.1066,1718856000,68157000.0,2024-06-20 04:00:00
162.8838,168.3213,162.1757,166.5202,1718942400,99289000.0,2024-06-21 04:00:00
156.8575,163.6344,156.7048,161.7675,1719201600,58575000.0,2024-06-24 04:00:00
155.7325,158.22,154.0784,157.6378,1719288000,53329000.0,2024-06-25 04:00:00
156.8369,159.416,155.0232,157.3905,1719374400,46479000.0,2024-06-26 04:00:00
156.3108,158.1786,154.768,156.8368,1719460800,31649000.0,2024-06-27 04:00:00
158.1698,161.4897,156.2458,157.2191,1719547200,69377000.0,2024-06-28 04:00:00
161.6444,162.4276,156.9846,158.4328,1719806400,47623000.0,2024-07-01 04:00:00
163.2877,163.4571,159.7923,161.6444,1719892800,32539000.0,2024-07-02 04:00:00
170.3552,170.3552,163.9753,164.5211,1719979200,39954000.0,2024-07-03 04:00:00
167.8026,173.9263,167.0825,172.9501,1720152000,45240000.0,2024-07-05 04:00:00
171.9945,173.0821,167.9691,167.9691,1720411200,36398000.0,2024-07-08 04:00:00
170.7581,174.4692,168.0243,173.0486,1720497600,37802000.0,2024-07-09 04:00:00
171.8792,174.0268,170.0734,172.0083,1720584000,41074000.0,2024-07-10 04:00:00
168.0627,173.8672,164.3733,173.8466,1720670400,51026000.0,2024-07-11 04:00:00
167.5425,170.0291,166.6204,168.5632,1720756800,30453000.0,2024-07-12 04:00:00
168.8755,170.9344,166.7475,167.4765,1721016000,22999200.0,2024-07-15 04:00:00
166.8658,170.2448,163.93,169.8409,1721102400,22244900.0,2024-07-16 04:00:00
153.6647,160.4228,153.3002,159.9007,1721188800,43343400.0,2024-07-17 04:00:00
158.1373,159.1126,151.6155,156.5315,1721275200,37973500.0,2024-07-18 04:00:00
155.0143,161.5163,154.7877,159.4377,1721361600,26309500.0,2024-07-19 04:00:00
158.6693,160.5706,155.5562,157.8516,1721620800,28813300.0,2024-07-22 04:00:00
161.339,162.8758,157.5264,158.019,1721707200,21570200.0,2024-07-23 04:00:00
149.0935,159.0141,148.8571,157.9698,1721793600,37162600.0,2024-07-24 04:00:00
147.0444,151.2707,143.3599,149.0147,1721880000,30872100.0,2024-07-25 04:00:00
149.3792,151.3002,147.6946,151.2214,1721966400,20839900.0,2024-07-26 04:00:00
147.9901,152.6992,146.936,149.7634,1722225600,16625800.0,2024-07-29 04:00:00
141.3896,151.1919,141.2221,151.0047,1722312000,31102300.0,2024-07-30 04:00:00
158.2949,158.9352,148.7586,149.2216,1722398400,45827500.0,2024-07-31 04:00:00
144.8377,156.5512,144.0003,155.1621,1722484800,40320000.0,2024-08-01 04:00:00
141.6852,143.1925,137.5278,139.8232,1722571200,33745800.0,2024-08-02 04:00:00
139.971,143.2614,126.5926,127.6861,1722830400,41309300.0,2024-08-05 04:00:00
141.7836,146.6996,138.1681,139.6262,1722916800,24751300.0,2024-08-06 04:00:00
134.2472,147.8719,133.8137,146.0494,1723003200,29749800.0,2024-08-07 04:00:00
143.5766,144.0988,136.3456,139.104,1723089600,27583200.0,2024-08-08 04:00:00
146.0592,147.3301,141.9708,142.0595,1723176000,18438700.0,2024-08-09 04:00:00
146.4139,148.8866,144.1973,145.8819,1723435200,17778500.0,2024-08-12 04:00:00
153.842,154.0587,147.5862,149.3004,1723521600,22053600.0,2024-08-13 04:00:00
155.3493,157.8713,152.4233,155.6744,1723608000,20184200.0,2024-08-14 04:00:00
163.664,164.1959,157.9599,158.8071,1723694400,27945000.0,2024-08-15 04:00:00
163.2601,163.6246,160.2652,162.0286,1723780800,19296900.0,2024-08-16 04:00:00
165.2205,165.3387,158.0387,162.4128,1724040000,20441700.0,2024-08-19 04:00:00
163.4866,165.8707,161.7134,164.5703,1724126400,19417500.0,2024-08-20 04:00:00
163.3192,163.9989,160.4622,162.669,1724212800,16097700.0,2024-08-21 04:00:00
159.9302,169.8606,159.0929,168.3041,1724299200,30044500.0,2024-08-22 04:00:00
163.8906,165.7821,161.0336,162.5803,1724385600,18848000.0,2024-08-23 04:00:00
157.2506,163.2404,156.3049,162.5114,1724644800,18521200.0,2024-08-26 04:00:00
158.9943,159.6248,153.5169,155.2606,1724731200,16683100.0,2024-08-27 04:00:00
155.832,159.8711,153.9306,157.7038,1724817600,18063600.0,2024-08-28 04:00:00
154.6005,160.7775,153.1031,156.1374,1724904000,23519300.0,2024-08-29 04:00:00
160.4031,160.8169,156.3541,158.7283,1724990400,25158500.0,2024-08-30 04:00:00
150.522,158.354,149.1329,157.9993,1725336000,37179100.0,2024-09-03 04:00:00
151.8322,155.4478,146.936,148.069,1725422400,20324100.0,2024-09-04 04:00:00
150.5516,154.039,147.8818,148.335,1725508800,31548500.0,2024-09-05 04:00:00
134.9664,141.3699,134.5723,141.1236,1725595200,76634600.0,2024-09-06 04:00:00
138.7297,139.4882,132.8976,137.0451,1725854400,39516700.0,2024-09-09 04:00:00
146.01,147.6355,138.9464,139.1237,1725940800,36067500.0,2024-09-10 04:00:00
155.9207,156.5117,142.887,146.1873,1726027200,39700800.0,2024-09-11 04:00:00
162.1173,163.8512,154.502,155.7532,1726113600,43530700.0,2024-09-12 04:00:00
165.2008,165.585,161.605,164.2649,1726200000,29850000.0,2024-09-13 04:00:00
161.5853,163.0433,158.0289,162.7379,1726459200,26126900.0,2024-09-16 04:00:00
160.0583,163.5556,158.3146,163.0335,1726545600,19844300.0,2024-09-17 04:00:00
159.2702,164.9841,158.9648,161.339,1726632000,26557600.0,2024-09-18 04:00:00
165.4773,168.0274,163.7377,165.7343,1726718400,32453100.0,2024-09-19 04:00:00
169.1146,170.0239,164.5383,165.2401,1726804800,91758500.0,2024-09-20 04:00:00
170.9333,171.3089,166.3965,170.0042,1727064000,29431100.0,2024-09-23 04:00:00
172.8112,173.9479,169.6879,170.8048,1727150400,34223400.0,2024-09-24 04:00:00
173.4833,175.0845,171.7437,172.6234,1727236800,16613800.0,2024-09-25 04:00:00
176.0235,178.1584,172.9693,176.4287,1727323200,24340000.0,2024-09-26 04:00:00
170.6862,176.3991,169.7669,176.1026,1727409600,20580900.0,2024-09-27 04:00:00
170.4984,170.9135,167.6617,169.8757,1727668800,16902000.0,2024-09-30 04:00:00
165.5267,170.2513,163.8761,170.1623,1727755200,23770400.0,2024-10-01 04:00:00
168.6797,170.8344,165.0819,165.6058,1727841600,14317800.0,2024-10-02 04:00:00
169.8954,172.91,167.2268,167.6518,1727928000,13072300.0,2024-10-03 04:00:00
174.5903,174.8473,170.5972,174.2543,1728014400,17921400.0,2024-10-04 04:00:00
173.0484,176.2409,171.8426,172.7915,1728273600,15588300.0,2024-10-07 04:00:00
178.6328,179.4928,172.8606,173.3845,1728360000,20774200.0,2024-10-08 04:00:00
183.7923,184.2568,174.3729,177.1602,1728446400,25504100.0,2024-10-09 04:00:00
183.5353,184.1481,180.412,181.43,1728532800,16318000.0,2024-10-10 04:00:00
179.3741,180.4713,175.3415,179.0381,1728619200,23070000.0,2024-10-11 04:00:00
180.1945,182.8039,178.0398,181.173,1728878400,17195800.0,2024-10-14 04:00:00
173.938,179.5916,171.3583,178.6922,1728964800,27657500.0,2024-10-15 04:00:00
174.7682,177.17,173.2955,176.4386,1729051200,15285100.0,2024-10-16 04:00:00
179.4236,183.3574,178.5933,179.2654,1729137600,25232400.0,2024-10-17 04:00:00
177.8026,180.5899,176.6066,180.2044,1729224000,17835200.0,2024-10-18 04:00:00
177.9015,179.6114,176.1816,177.2985,1729483200,13695100.0,2024-10-21 04:00:00
177.2985,178.5933,175.3514,176.5869,1729569600,12062600.0,2024-10-22 04:00:00
171.4966,176.9032,170.5676,175.5293,1729656000,19513700.0,2024-10-23 04:00:00
169.3617,172.2775,167.5332,172.2379,1729742400,20485200.0,2024-10-24 04:00:00
170.9926,174.7485,170.7158,172.1687,1729828800,19977700.0,2024-10-25 04:00:00
170.0239,171.9513,169.3617,170.9926,1730088000,13195800.0,2024-10-28 04:00:00
177.1602,178.1387,169.2233,170.4391,1730174400,23702300.0,2024-10-29 04:00:00
174.5903,177.1107,173.5821,175.4107,1730260800,17911500.0,2024-10-30 04:00:00
167.8001,172.4258,165.4378,172.4258,1730347200,26086600.0,2024-10-31 04:00:00
166.9599,169.3419,165.5564,166.3076,1730433600,17847000.0,2024-11-01 04:00:00
166.5942,170.4489,166.4657,167.3157,1730696400,13621300.0,2024-11-04 05:00:00
171.8821,172.3763,168.0768,168.0768,1730782800,13441800.0,2024-11-05 05:00:00
177.4666,178.1189,173.9182,177.5456,1730869200,24300800.0,2024-11-06 05:00:00
181.6771,182.7248,179.6806,179.8783,1730955600,18970600.0,2024-11-07 05:00:00
181.5091,182.9027,179.7201,180.8666,1731042000,13503200.0,2024-11-08 05:00:00
176.834,181.4992,174.7682,181.2719,1731301200,17036700.0,2024-11-11 05:00:00
174.1752,177.4764,171.1902,176.8241,1731387600,15862000.0,2024-11-12 05:00:00
171.5658,173.5525,170.5972,172.6827,1731474000,17472500.0,2024-11-13 05:00:00
168.403,173.5327,167.8989,172.742,1731560400,20638900.0,2024-11-14 05:00:00
162.9272,167.1773,161.5336,166.5151,1731646800,20836200.0,2024-11-15 05:00:00
163.7476,164.4197,160.3377,163.7377,1731906000,17856900.0,2024-11-18 05:00:00
163.4313,164.8645,162.4034,164.7261,1731992400,18003400.0,2024-11-19 05:00:00
161.3557,163.6191,158.9934,163.6191,1732078800,17196700.0,2024-11-20 05:00:00
162.0377,164.4098,158.7364,164.3209,1732165200,24835300.0,2024-11-21 05:00:00
162.3243,162.9965,160.5156,162.3935,1732251600,17332500.0,2024-11-22 05:00:00
162.9075,165.2895,160.9999,163.4807,1732510800,26850600.0,2024-11-25 05:00:00
162.8284,164.4395,160.8022,162.69,1732597200,16308800.0,2024-11-26 05:00:00
157.8172,161.3063,155.7119,161.3063,1732683600,19722700.0,2024-11-27 05:00:00
160.1993,160.8022,157.2341,157.7184,1732856400,11024000.0,2024-11-29 05:00:00
164.5779,166.4262,160.8615,161.0592,1733115600,21472400.0,2024-12-02 05:00:00
166.1988,166.3174,162.1266,162.5714,1733202000,17024400.0,2024-12-03 05:00:00
168.5809,173.3548,166.6041,171.4275,1733288400,32748200.0,2024-12-04 05:00:00
168.4919,170.3995,167.2366,168.7687,1733374800,18490000.0,2024-12-05 05:00:00
177.4468,178.5834,167.3652,168.1262,1733461200,27830800.0,2024-12-06 05:00:00
176.8636,178.6922,173.9775,176.8735,1733720400,20886300.0,2024-12-09 05:00:00
169.8164,176.4287,167.7605,175.7467,1733806800,27762600.0,2024-12-10 05:00:00
181.0742,182.7248,174.3827,177.9212,1733893200,41295200.0,2024-12-11 05:00:00
178.5637,179.8881,173.9479,178.8305,1733979600,46967200.0,2024-12-12 05:00:00
222.1915,226.0462,208.6603,211.418,1734066000,121336600.0,2024-12-13 05:00:00
247.0991,248.9573,228.1317,229.1004,1734325200,111623200.0,2024-12-16 05:00:00
237.4424,239.6565,231.0871,237.8576,1734411600,70382100.0,2024-12-17 05:00:00
221.0252,237.0669,216.6763,236.632,1734498000,53960100.0,2024-12-18 05:00:00
215.7867,225.4038,215.0553,225.2654,1734584400,40845200.0,2024-12-19 05:00:00
218.228,227.6178,216.3698,217.803,1734670800,131910400.0,2024-12-20 05:00:00
230.2692,231.3098,223.1139,224.6599,1734930000,40643800.0,2024-12-23 05:00:00
237.5336,238.0786,232.6973,237.9696,1735016400,22827200.0,2024-12-24 05:00:00
243.1627,245.0655,235.4722,237.8507,1735189200,28459000.0,2024-12-26 05:00:00
239.585,243.5789,234.2334,243.4402,1735275600,29282200.0,2024-12-27 05:00:00
233.4703,236.6317,229.5457,232.5982,1735534800,27316800.0,2024-12-30 05:00:00
229.7638,235.3334,229.2385,233.7676,1735621200,17927700.0,2024-12-31 05:00:00
229.9025,237.3552,228.1781,234.0451,1735794000,31525800.0,2025-01-02 05:00:00
230.4674,234.3721,226.9492,231.4981,1735880400,24973200.0,2025-01-03 05:00:00
234.2929,239.585,231.2107,234.3821,1736139600,34028400.0,2025-01-06 05:00:00
226.5924,237.3552,225.5618,237.3552,1736226000,25928600.0,2025-01-07 05:00:00
227.2564,230.3881,224.0355,227.6429,1736312400,18756500.0,2025-01-08 05:00:00
222.3012,225.7897,219.2686,225.2644,1736485200,23864000.0,2025-01-10 05:00:00
223.2724,227.2069,217.5442,218.0199,1736744400,23772100.0,2025-01-13 05:00:00
222.6877,228.1979,221.1021,224.541,1736830800,18143100.0,2025-01-14 05:00:00
225.9582,228.2772,223.5598,226.5032,1736917200,21745600.0,2025-01-15 05:00:00
227.3555,236.4632,227.1573,233.1135,1737003600,23471900.0,2025-01-16 05:00:00
235.3136,235.9677,230.5764,234.9568,1737090000,31196600.0,2025-01-17 05:00:00
238.1579,240.5761,235.274,239.3373,1737435600,30903200.0,2025-01-21 05:00:00
238.7525,244.7781,238.5345,244.5402,1737522000,29610500.0,2025-01-22 05:00:00
238.1282,238.2471,234.0054,236.2749,1737608400,17653900.0,2025-01-23 05:00:00
242.5086,247.3548,239.7436,242.5086,1737694800,25387800.0,2025-01-24 05:00:00
200.3198,216.4739,194.4727,211.4889,1737954000,90569400.0,2025-01-27 05:00:00
205.503,208.0698,197.1089,206.1472,1738040400,50316000.0,2025-01-28 05:00:00
204.502,209.5564,200.9541,206.9697,1738126800,32533700.0,2025-01-29 05:00:00
213.7287,219.9723,211.7862,216.6126,1738213200,42449500.0,2025-01-30 05:00:00
219.2884,224.7689,214.3629,217.6929,1738299600,41104700.0,2025-01-31 05:00:00
215.7801,218.9614,211.5979,213.5305,1738558800,24507300.0,2025-02-03 05:00:00
220.438,221.0327,213.3719,217.3856,1738645200,23768500.0,2025-02-04 05:00:00
229.9223,235.7992,225.4626,231.8449,1738731600,29196000.0,2025-02-05 05:00:00
229.2881,232.6973,226.5131,232.4,1738818000,21169500.0,2025-02-06 05:00:00
222.8562,233.5396,222.103,232.8955,1738904400,22117500.0,2025-02-07 05:00:00
232.9351,233.7081,225.086,225.3933,1739163600,23901600.0,2025-02-10 05:00:00
232.9351,235.7596,227.9105,230.398,1739250000,18476200.0,2025-02-11 05:00:00
234.2334,234.3622,227.9402,228.297,1739336400,16397300.0,2025-02-12 05:00:00
233.6883,234.828,228.6637,233.946,1739422800,20962000.0,2025-02-13 05:00:00
230.953,233.6289,226.8501,232.4297,1739509200,16988800.0,2025-02-14 05:00:00
226.4834,230.1205,222.2913,228.0394,1739854800,26080500.0,2025-02-18 05:00:00
226.6816,227.0186,222.3904,225.8095,1739941200,16375500.0,2025-02-19 05:00:00
224.7095,226.9294,220.7552,226.6023,1740027600,16104000.0,2025-02-20 05:00:00
216.7018,225.7104,213.6989,223.6292,1740114000,24883600.0,2025-02-21 05:00:00
206.0679,217.5145,205.6814,216.6423,1740373200,33050400.0,2025-02-24 05:00:00
200.7262,206.7715,199.1207,205.1462,1740459600,33100800.0,2025-02-25 05:00:00
211.033,211.6277,204.1552,205.057,1740546000,21368300.0,2025-02-26 05:00:00
196.0286,217.2865,195.6322,215.3342,1740632400,27572900.0,2025-02-27 05:00:00
197.644,199.3882,191.4202,194.0069,1740718800,39747200.0,2025-02-28 05:00:00
185.692,202.2326,182.8775,202.1731,1740978000,37435600.0,2025-03-03 05:00:00
185.801,192.2131,178.8637,187.5255,1741064400,37910500.0,2025-03-04 05:00:00
189.8643,192.3419,185.4244,190.1418,1741150800,25644500.0,2025-03-05 05:00:00
177.843,185.1569,176.0194,179.4187,1741237200,56864100.0,2025-03-06 05:00:00
193.2141,193.7294,179.934,186.0488,1741323600,74528900.0,2025-03-07 05:00:00
182.7982,190.2607,178.8142,187.902,1741579200,44217100.0,2025-03-10 04:00:00
188.3877,193.8681,183.6901,186.3659,1741665600,42153200.0,2025-03-11 04:00:00
192.4906,198.1891,190.7265,194.4628,1741752000,30409700.0,2025-03-12 04:00:00
189.6463,194.5619,187.7732,191.4202,1741838400,27236100.0,2025-03-13 04:00:00
193.7888,195.7313,191.4698,194.4429,1741924800,25900900.0,2025-03-14 04:00:00
192.7582,194.9583,185.8209,186.3659,1742184000,26830600.0,2025-03-17 04:00:00
186.9804,191.1626,185.2262,188.7345,1742270400,24951000.0,2025-03-18 04:00:00
193.8186,196.4944,185.2262,187.6444,1742356800,37962700.0,2025-03-19 04:00:00
189.405,192.6854,187.8146,190.3792,1742443200,31430000.0,2025-03-20 04:00:00
190.5184,190.9259,186.2539,187.0889,1742529600,43086500.0,2025-03-21 04:00:00
190.1108,195.5184,189.5343,193.1426,1742788800,33180300.0,2025-03-24 04:00:00
187.1386,190.4587,186.5621,189.7529,1742875200,23417300.0,2025-03-25 04:00:00
178.2022,186.9398,176.5222,185.5481,1742961600,30578500.0,2025-03-26 04:00:00
170.9655,177.3175,169.4447,176.6018,1743048000,32151700.0,2025-03-27 04:00:00
168.1126,172.2677,165.4784,170.9059,1743134400,30391500.0,2025-03-28 04:00:00
166.4327,166.9397,159.6632,163.5102,1743393600,35656400.0,2025-03-31 04:00:00
167.5162,167.7051,162.4466,165.379,1743480000,20472400.0,2025-04-01 04:00:00
171.0649,172.3969,164.5142,165.0907,1743566400,19523700.0,2025-04-02 04:00:00
153.0926,162.4565,152.7845,159.5837,1743652800,44354900.0,2025-04-03 04:00:00
145.4186,151.8898,138.341,147.2874,1743739200,72302200.0,2025-04-04 04:00:00
153.2219,159.4744,137.2774,143.6293,1743998400,68503500.0,2025-04-07 04:00:00
155.1006,168.7687,152.1781,166.6216,1744084800,58888200.0,2025-04-08 04:00:00
184.0471,186.2142,156.5718,159.544,1744171200,72708300.0,2025-04-09 04:00:00
171.2737,175.896,165.4088,174.2558,1744257600,51212200.0,2025-04-10 04:00:00
180.8563,181.572,172.2777,172.5858,1744344000,33964100.0,2025-04-11 04:00:00
177.2976,184.8921,174.7727,183.9776,1744603200,25748300.0,2025-04-14 04:00:00
177.8841,181.1743,177.0193,178.6594,1744689600,17242400.0,2025-04-15 04:00:00
173.5699,175.0312,165.9257,169.4148,1744776000,34638600.0,2025-04-16 04:00:00
169.9715,175.2001,168.9078,175.2001,1744862400,22501800.0,2025-04-17 04:00:00
165.22,166.9993,160.6474,165.9953,1745208000,23469800.0,2025-04-21 04:00:00
168.5699,169.5043,164.2359,166.4327,1745294400,18504900.0,2025-04-22 04:00:00
175.8562,179.3751,174.7727,176.721,1745380800,24380500.0,2025-04-23 04:00:00
187.0293,187.4468,177.2379,178.6197,1745467200,27576900.0,2025-04-24 04:00:00
191.1645,192.2182,185.7768,185.8066,1745553600,21242300.0,2025-04-25 04:00:00
191.3235,191.9498,186.5621,189.3951,1745812800,16385800.0,2025-04-28 04:00:00
190.0313,192.0989,188.9677,190.578,1745899200,14630000.0,2025-04-29 04:00:00
191.3235,192.0492,182.9239,184.7927,1745985600,22768900.0,2025-04-30 04:00:00
196.1546,200.2004,195.0711,196.9598,1746072000,24939700.0,2025-05-01 04:00:00
202.427,204.4548,199.8823,202.6854,1746158400,17766800.0,2025-05-02 04:00:00
199.5244,202.0194,198.8087,199.0572,1746417600,14025400.0,2025-05-05 04:00:00
198.8981,200.7073,194.7729,195.2699,1746504000,16348800.0,2025-05-06 04:00:00
203.59,205.0016,197.248,198.1029,1746590400,20253700.0,2025-05-07 04:00:00
206.5324,209.9022,202.4767,206.761,1746676800,18460900.0,2025-05-08 04:00:00
206.9598,208.7094,205.2899,208.0831,1746763200,13289200.0,2025-05-09 04:00:00
220.2601,220.4788,214.5941,218.1826,1747022400,25437700.0,2025-05-12 04:00:00
231.0356,233.8785,220.6776,220.6776,1747108800,28790500.0,2025-05-13 04:00:00
230.7374,232.1092,226.9898,228.8586,1747195200,19751400.0,2025-05-14 04:00:00
231.2543,233.0634,226.7115,228.789,1747281600,18803700.0,2025-05-15 04:00:00
227.2483,231.2543,225.0415,230.9362,1747368000,23094600.0,2025-05-16 04:00:00
229.2562,229.8725,220.28,220.5285,1747627200,15355500.0,2025-05-19 04:00:00
230.3,230.3894,224.9918,225.1409,1747713600,11787200.0,2025-05-20 04:00:00
228.3616,235.0913,226.4729,227.0296,1747800000,17642900.0,2025-05-21 04:00:00
229.1568,232.298,226.0753,226.9799,1747886400,14340200.0,2025-05-22 04:00:00
227.3576,229.2761,224.8327,225.5882,1747972800,15385600.0,2025-05-23 04:00:00
234.2463,235.0714,229.7533,231.4829,1748318400,17941700.0,2025-05-27 04:00:00
238.0038,239.5545,233.0336,235.7374,1748404800,20443000.0,2025-05-28 04:00:00
240.5287,244.6043,235.9859,244.4452,1748491200,20743700.0,2025-05-29 04:00:00
240.6281,241.7215,233.5008,239.7831,1748577600,27088600.0,2025-05-30 04:00:00
247.2285,248.5109,241.7414,241.8011,1748836800,19197000.0,2025-06-02 04:00:00
255.3201,256.3439,247.9144,248.5904,1748923200,30380200.0,2025-06-03 04:00:00
259.5248,263.8489,256.0556,256.5228,1749009600,31536000.0,2025-06-04 04:00:00
258.3817,263.3122,257.5169,261.3837,1749096000,41970900.0,2025-06-05 04:00:00
245.4591,253.7992,244.6639,249.6441,1749182400,41146700.0,2025-06-06 04:00:00
242.8249,246.6918,239.6738,243.5904,1749441600,25334100.0,2025-06-09 04:00:00
243.1729,244.813,239.9621,242.7653,1749528000,25491300.0,2025-06-10 04:00:00
251.4035,253.2524,242.3478,244.8925,1749614400,24599000.0,2025-06-11 04:00:00
254.5447,256.3539,248.0138,248.6997,1749700800,20410900.0,2025-06-12 04:00:00
247.2186,252.487,246.8707,249.1669,1749787200,19028400.0,2025-06-13 04:00:00
250.5984,253.6699,248.0834,248.8588,1750046400,20363000.0,2025-06-16 04:00:00
247.8846,252.4473,246.4432,249.4552,1750132800,22014300.0,2025-06-17 04:00:00
249.7634,254.1173,247.9244,249.3956,1750219200,30435500.0,2025-06-18 04:00:00
249.0858,252.6031,243.2869,252.2942,1750392000,42134900.0,2025-06-20 04:00:00
252.8521,253.2906,245.5686,248.209,1750651200,19747000.0,2025-06-23 04:00:00
262.816,264.9084,257.8341,257.8341,1750737600,32764900.0,2025-06-24 04:00:00
263.6928,268.8939,262.4772,265.0379,1750824000,18894200.0,2025-06-25 04:00:00
269.1928,270.6874,263.1747,264.1212,1750910400,23569600.0,2025-06-26 04:00:00
268.3758,270.8668,265.9147,269.3223,1750996800,27477600.0,2025-06-27 04:00:00
274.653,276.7056,271.1458,273.7364,1751256000,24708400.0,2025-06-30 04:00:00
263.7824,273.5071,261.71,273.4075,1751342400,28847600.0,2025-07-01 04:00:00
268.9238,271.0162,261.7797,263.0352,1751428800,17582100.0,2025-07-02 04:00:00
274.1847,274.8024,269.143,269.7508,1751515200,10592700.0,2025-07-03 04:00:00
273.1883,276.5561,271.6738,274.1349,1751860800,16760600.0,2025-07-07 04:00:00
270.8169,275.3505,270.1693,275.3505,1751947200,14869400.0,2025-07-08 04:00:00
276.8949,278.4393,271.7336,271.9727,1752033600,20133000.0,2025-07-09 04:00:00
274.4039,280.163,271.7137,278.778,1752120000,17891600.0,2025-07-10 04:00:00
273.3876,275.47,270.9066,273.1485,1752206400,14274700.0,2025-07-11 04:00:00
274.6032,277.3532,268.6049,273.1385,1752465600,11934200.0,2025-07-14 04:00:00
279.9239,282.3351,276.845,278.7979,1752552000,17918400.0,2025-07-15 04:00:00
279.7943,280.4918,274.6729,279.0968,1752638400,15031000.0,2025-07-16 04:00:00
285.4139,287.2373,278.8976,280.1231,1752724800,17231100.0,2025-07-17 04:00:00
282.3152,286.49,279.9837,286.0715,1752811200,15012400.0,2025-07-18 04:00:00
287.1676,289.4892,282.6042,282.9329,1753070400,17726800.0,2025-07-21 04:00:00
277.5824,286.9583,275.4302,286.6096,1753156800,16564800.0,2025-07-22 04:00:00
282.6639,282.9728,272.0126,275.7789,1753243200,20556200.0,2025-07-23 04:00:00
287.6658,290.1468,282.4746,288.7419,1753329600,16413800.0,2025-07-24 04:00:00
289.1304,291.5317,286.231,287.0281,1753416000,12476200.0,2025-07-25 04:00:00
293.2355,294.3814,289.539,291.4022,1753675200,13683400.0,2025-07-28 04:00:00
296.3443,301.097,293.8035,296.424,1753761600,19210800.0,2025-07-29 04:00:00
301.5255,302.1632,294.7301,296.0752,1753848000,16738900.0,2025-07-30 04:00:00
292.6377,305.8398,289.1803,301.7048,1753934400,25488500.0,2025-07-31 04:00:00
287.596,291.5816,280.5914,285.5036,1754020800,21428100.0,2025-08-01 04:00:00
296.6432,297.4004,290.346,291.1432,1754280000,17164600.0,2025-08-04 04:00:00
291.8705,300.1106,290.3959,296.7328,1754366400,18477500.0,2025-08-05 04:00:00
300.5789,301.7147,290.8442,291.8406,1754452800,17392100.0,2025-08-06 04:00:00
302.6613,309.2175,298.7954,305.0626,1754539200,16319400.0,2025-08-07 04:00:00
303.8669,306.7564,301.4557,302.9503,1754625600,12458700.0,2025-08-08 04:00:00
302.8008,307.1949,300.2003,303.9466,1754884800,12396400.0,2025-08-11 04:00:00
311.6985,312.3063,303.5681,305.521,1754971200,17609600.0,2025-08-12 04:00:00
307.972,316.2022,303.6477,315.6043,1755057600,17371200.0,2025-08-13 04:00:00
310.1043,313.0337,305.8896,305.8996,1755144000,15717600.0,2025-08-14 04:00:00
305.232,310.3734,298.6758,309.9051,1755230400,22806900.0,2025-08-15 04:00:00
304.6541,305.0626,297.9186,301.6052,1755489600,14724700.0,2025-08-18 04:00:00
293.8434,301.8044,291.3325,301.3262,1755576000,20149600.0,2025-08-19 04:00:00
290.1169,294.4212,280.8505,294.3913,1755662400,23600500.0,2025-08-20 04:00:00
288.5526,291.3325,285.135,289.0109,1755748800,14946300.0,2025-08-21 04:00:00
292.9366,299.0046,287.9647,290.6948,1755835200,16301300.0,2025-08-22 04:00:00
293.1658,297.3207,290.6549,291.7509,1756094400,15124700.0,2025-08-25 04:00:00
296.9321,299.164,292.9266,293.2854,1756180800,25689100.0,2025-08-26 04:00:00
299.164,300.0907,292.7174,296.4539,1756267200,13830300.0,2025-08-27 04:00:00
307.5336,309.8751,301.2365,301.8343,1756353600,18907100.0,2025-08-28 04:00:00
296.3144,305.8996,292.5979,305.8996,1756440000,21610700.0,2025-08-29 04:00:00
297.1613,297.6296,286.1314,288.2935,1756785600,19693000.0,2025-09-02 04:00:00
301.2963,303.3488,295.3279,301.1967,1756872000,18529400.0,2025-09-03 04:00:00
304.9929,307.6632,301.1568,303.9566,1756958400,31220800.0,2025-09-04 04:00:00
333.6787,355.0511,330.2213,354.4932,1757044800,78401600.0,2025-09-05 04:00:00
344.3998,352.889,340.0157,341.5103,1757304000,43535600.0,2025-09-08 04:00:00
335.4523,349.7106,334.6153,348.2857,1757390400,26972300.0,2025-09-09 04:00:00
368.2333,371.621,349.2821,350.2486,1757476800,51086800.0,2025-09-10 04:00:00
358.3293,372.8765,357.4624,369.8375,1757563200,29430900.0,2025-09-11 04:00:00
358.5684,363.0721,355.8682,361.5974,1757649600,31949800.0,2025-09-12 04:00:00
362.7731,364.178,355.0512,358.5684,1757908800,21792200.0,2025-09-15 04:00:00
358.6979,364.3673,355.6988,364.1083,1757995200,21306500.0,2025-09-16 04:00:00
344.9179,358.6281,340.2648,357.5521,1758081600,45197100.0,2025-09-17 04:00:00
344.1009,349.4316,342.5466,348.7341,1758168000,24663900.0,2025-09-18 04:00:00
343.6924,345.0176,335.2132,343.4034,1758254400,41240100.0,2025-09-19 04:00:00
338.143,346.008,337.2946,341.776,1758513600,28660000.0,2025-09-22 04:00:00
338.2927,344.5607,336.3764,339.5902,1758600000,21944100.0,2025-09-23 04:00:00
338.662,339.4305,333.1725,339.1112,1758686400,19677300.0,2025-09-24 04:00:00
335.4581,337.4144,326.6749,332.3541,1758772800,21678200.0,2025-09-25 04:00:00
333.8911,338.4324,329.9487,336.7856,1758859200,15464700.0,2025-09-26 04:00:00
327.2738,340.3987,326.9245,335.3583,1759118400,21336000.0,2025-09-29 04:00:00
329.28,330.4178,323.9901,329.4896,1759204800,20109500.0,2025-09-30 04:00:00
332.7533,337.3046,323.8803,327.5233,1759291200,21122700.0,2025-10-01 04:00:00
337.5341,346.9461,334.6098,346.9461,1759377600,19917600.0,2025-10-02 04:00:00
337.7238,343.7423,335.0988,340.8478,1759464000,14749100.0,2025-10-03 04:00:00
334.8493,343.4728,333.9211,335.2785,1759723200,18465700.0,2025-10-06 04:00:00
335.7675,337.4643,325.9563,336.3864,1759809600,18086700.0,2025-10-07 04:00:00
344.8402,345.8782,331.9848,333.1825,1759896000,21478300.0,2025-10-08 04:00:00
344.3611,346.6467,339.7499,345.0897,1759982400,17643700.0,2025-10-09 04:00:00
324.01,349.9304,323.4311,344.7304,1760068800,28941000.0,2025-10-10 04:00:00
356.0188,358.6937,342.8639,352.0963,1760328000,45984300.0,2025-10-13 04:00:00
343.4728,350.0003,339.0014,349.4614,1760414400,22078000.0,2025-10-14 04:00:00
350.659,358.7136,346.8364,353.793,1760500800,23918500.0,2025-10-15 04:00:00
353.4737,362.5463,348.8226,356.1186,1760587200,20317200.0,2025-10-16 04:00:00
348.6629,350.2998,340.1292,348.9423,1760673600,20937900.0,2025-10-17 04:00:00
348.573,355.909,347.1757,353.1243,1760932800,15640200.0,2025-10-20 04:00:00
342.0056,350.4295,340.6582,349.3316,1761019200,16092600.0,2025-10-21 04:00:00
339.6501,347.3454,334.8693,346.6367,1761105600,19268800.0,2025-10-22 04:00:00
343.6325,345.9082,339.7499,339.7499,1761192000,12859200.0,2025-10-23 04:00:00
353.4537,357.6157,350.2099,351.8368,1761278400,16143700.0,2025-10-24 04:00:00
361.3586,362.0573,354.4019,360.8496,1761537600,20065800.0,2025-10-27 04:00:00
372.2577,373.3456,361.8377,361.9275,1761624000,21056000.0,2025-10-28 04:00:00
385.2429,385.7419,372.4773,372.4773,1761710400,24975200.0,2025-10-29 04:00:00
375.751,385.6621,369.3533,385.6621,1761796800,24295300.0,2025-10-30 04:00:00
368.9241,378.0966,364.4028,377.5476,1761883200,21598400.0,2025-10-31 04:00:00
361.8576,374.1341,361.2887,371.2896,1762146000,17198900.0,2025-11-03 05:00:00
351.2679,368.2454,350.3297,357.8353,1762232400,24047500.0,2025-11-04 05:00:00
358.2945,364.1732,349.4214,350.2199,1762318800,17087600.0,2025-11-05 05:00:00
354.9109,362.8058,352.0364,359.4223,1762405200,19896900.0,2025-11-06 05:00:00
348.7627,353.823,336.6259,353.5136,1762491600,21903200.0,2025-11-07 05:00:00
357.7056,359.3125,353.9328,357.2165,1762750800,16409000.0,2025-11-10 05:00:00
351.2878,361.1989,349.0022,358.2845,1762837200,16446800.0,2025-11-11 05:00:00
354.5416,358.1846,351.0084,357.3562,1762923600,12190500.0,2025-11-12 05:00:00
339.3307,352.8748,333.5219,350.9086,1763010000,22616600.0,2025-11-13 05:00:00
341.806,344.0816,328.4316,330.837,1763096400,18500800.0,2025-11-14 05:00:00
341.9956,351.5274,336.8754,339.1711,1763355600,14799600.0,2025-11-17 05:00:00
339.8497,347.3055,334.8693,342.5446,1763442000,21726800.0,2025-11-18 05:00:00
353.7432,359.0031,337.1549,340.0593,1763528400,21851900.0,2025-11-19 05:00:00
346.1577,375.3618,344.5208,365.301,1763614800,28867000.0,2025-11-20 05:00:00
339.5503,347.9343,331.1663,344.5008,1763701200,30280300.0,2025-11-21 05:00:00
377.2382,381.2705,346.9961,347.0659,1763960400,47262400.0,2025-11-24 05:00:00
384.2947,387.3888,371.0401,384.1949,1764046800,33507600.0,2025-11-25 05:00:00
396.8108,399.1064,382.5281,384.8137,1764133200,28693000.0,2025-11-26 05:00:00
402.1905,402.2304,396.4015,398.5874,1764306000,13365500.0,2025-11-28 05:00:00
385.3427,394.6649,384.3646,394.096,1764565200,23252000.0,2025-12-01 05:00:00
380.8413,392.7485,379.0647,387.5684,1764651600,22207000.0,2025-12-02 05:00:00
379.8831,381.5699,369.9421,379.2743,1764738000,21336400.0,2025-12-03 05:00:00
380.3023,383.1569,375.8109,379.953,1764824400,15845900.0,2025-12-04 05:00:00
389.4948,392.7785,384.4145,385.4325,1764910800,24779900.0,2025-12-05 05:00:00
400.334,406.5122,396.6411,401.7114,1765170000,30410600.0,2025-12-08 05:00:00
405.5141,406.1529,394.7547,397.9885,1765256400,24546000.0,2025-12-09 05:00:00
412.1813,413.8182,398.7969,401.4319,1765342800,31531000.0,2025-12-10 05:00:00
405.5939,408.5183,393.4372,404.0569,1765429200,45681600.0,2025-12-11 05:00:00
359.2426,381.2705,354.4717,379.2344,1765515600,95588500.0,2025-12-12 05:00:00
339.161,361.3087,336.8654,361.1989,1765774800,65894900.0,2025-12-15 05:00:00
340.6482,346.8364,334.4201,335.3783,1765861200,58061100.0,2025-12-16 05:00:00
325.3974,345.948,320.8062,345.948,1765947600,73300900.0,2025-12-17 05:00:00
329.25,335.3883,323.012,335.3583,1766034000,54501900.0,2025-12-18 05:00:00
339.71,342.7941,331.9449,332.7034,1766120400,159095200.0,2025-12-19 05:00:00
341.45,346.24,337.22,346.03,1766379600,28739600.0,2025-12-22 05:00:00
349.32,350.11,338.54,340.81,1766466000,28232600.0,2025-12-23 05:00:00
350.22,352.86,347.14,350.69,1766552400,11424400.0,2025-12-24 05:00:00
352.13,353.25,347.75,351.06,1766725200,15028100.0,2025-12-26 05:00:00
349.39,350.33,344.69,348.72,1766984400,21946900.0,2025-12-29 05:00:00
349.85,352.68,349.3,349.97,1767070800,16633600.0,2025-12-30 05:00:00
346.1,349.88,345.42,349.73,1767157200,15346100.0,2025-12-31 05:00:00
347.62,360.66,345.56,352.78,1767330000,25398600.0,2026-01-02 05:00:00
343.42,355.03,336.5,354.74,1767589200,31136000.0,2026-01-05 05:00:00
343.77,349.05,338.0,343.6,1767675600,27135500.0,2026-01-06 05:00:00
343.5,349.7,335.88,341.7,1767762000,20249300.0,2026-01-07 05:00:00
332.48,343.68,330.5,342.78,1767848400,24385200.0,2026-01-08 05:00:00
344.97,347.39,333.5,337.92,1767934800,22482500.0,2026-01-09 05:00:00
352.21,353.9,340.95,340.95,1768194000,20949600.0,2026-01-12 05:00:00
354.61,359.49,350.91,352.88,1768280400,18308000.0,2026-01-13 05:00:00
339.89,350.69,334.42,348.97,1768366800,30094700.0,2026-01-14 05:00:00
343.02,349.68,341.67,349.12,1768453200,22218800.0,2026-01-15 05:00:00
351.71,354.51,344.05,346.27,1768539600,31291200.0,2026-01-16 05:00:00
332.6,345.4,331.8,344.1,1768885200,32293900.0,2026-01-20 05:00:00
328.8,335.8,324.2,335.51,1768971600,32006600.0,2026-01-21 05:00:00
325.49,336.99,324.89,335.35,1769058000,24275400.0,2026-01-22 05:00:00
320.05,321.99,314.11,319.3,1769144400,30259500.0,2026-01-23 05:00:00
324.85,328.68,317.6,319.8,1769403600,25006400.0,2026-01-26 05:00:00
332.79,334.76,327.02,329.76,1769490000,25537600.0,2026-01-27 05:00:00
333.24,339.99,326.7,338.85,1769576400,23001700.0,2026-01-28 05:00:00
330.73,335.95,320.28,332.56,1769662800,20447500.0,2026-01-29 05:00:00
331.3,338.2,328.33,332.44,1769749200,28313000.0,2026-01-30 05:00:00
331.11,336.06,325.75,326.11,1770008400,17278200.0,2026-02-02 05:00:00
320.33,338.9,308.65,336.74,1770094800,36914800.0,2026-02-03 05:00:00
308.05,319.51,295.3,319.51,1770181200,43330300.0,2026-02-04 05:00:00
310.51,326.53,306.7,314.34,1770267600,42775800.0,2026-02-05 05:00:00
332.92,335.0,316.3,320.1,1770354000,33003400.0,2026-02-06 05:00:00
343.94,352.34,330.65,330.77,1770613200,30091000.0,2026-02-09 05:00:00
340.44,348.01,339.84,347.47,1770699600,19542700.0,2026-02-10 05:00:00
342.76,347.2,333.74,346.8,1770786000,17004700.0,2026-02-11 05:00:00
331.17,346.29,329.56,343.83,1770872400,22007300.0,2026-02-12 05:00:00
325.17,334.32,324.69,329.85,1770958800,18397200.0,2026-02-13 05:00:00
332.54,335.75,316.31,319.68,1771304400,23469700.0,2026-02-17 05:00:00
333.51,337.88,327.23,329.52,1771390800,13565300.0,2026-02-18 05:00:00
333.99,338.44,329.68,333.01,1771477200,15180900.0,2026-02-19 05:00:00
332.65,340.11,329.58,332.36,1771563600,17658900.0,2026-02-20 05:00:00
330.34,338.5,325.32,332.25,1771822800,16472400.0,2026-02-23 05:00:00
325.49,328.305,314.45,322.798,1771909200,21337493.0,2026-02-24 05:00:00
314.43,316.4,310.28,315.06,1775448000,12111300.0,2026-04-06 04:00:00
333.97,334.15,321.8,326.73,1775534400,33310900.0,2026-04-07 04:00:00
350.63,354.14,342.53,351.75,1775620800,31573100.0,2026-04-08 04:00:00
354.91,358.7,351.5,352.3,1775707200,20514900.0,2026-04-09 04:00:00
371.55,376.55,360.82,360.94,1775793600,29929600.0,2026-04-10 04:00:00
