close,high,low,open,time,volume,date
65.6421,66.3104,65.2255,65.6928,1603166400,7315000.0,2020-10-20 04:00:00
66.8327,66.9203,65.0794,65.1823,1603252800,7112500.0,2020-10-21 04:00:00
70.3663,70.5764,66.8464,67.3102,1603339200,11877500.0,2020-10-22 04:00:00
71.6043,71.7068,70.2457,70.7106,1603425600,7920000.0,2020-10-23 04:00:00
68.6884,70.4154,67.3074,69.7031,1603684800,7372500.0,2020-10-26 04:00:00
66.6631,68.52,66.1781,68.2671,1603771200,6122500.0,2020-10-27 04:00:00
63.0246,65.5742,62.9265,65.3068,1603857600,10520000.0,2020-10-28 04:00:00
64.0145,64.5187,62.3944,62.8263,1603944000,8522500.0,2020-10-29 04:00:00
63.7098,64.1991,62.4768,63.6423,1604030400,10277500.0,2020-10-30 04:00:00
62.9885,64.9271,62.7482,64.9271,1604293200,8567500.0,2020-11-02 05:00:00
65.5585,66.0591,62.7784,63.7212,1604379600,8527500.0,2020-11-03 05:00:00
67.276,68.7881,65.7635,66.8696,1604466000,10580000.0,2020-11-04 05:00:00
69.4353,70.0188,68.0884,68.0884,1604552400,9705000.0,2020-11-05 05:00:00
70.0415,70.523,66.7958,67.5791,1604638800,11307500.0,2020-11-06 05:00:00
83.1758,83.5598,79.052,80.457,1604898000,41232500.0,2020-11-09 05:00:00
78.8251,82.5774,78.1249,81.6581,1604984400,18462500.0,2020-11-10 05:00:00
78.5337,78.847,76.7934,78.4131,1605070800,11032500.0,2020-11-11 05:00:00
77.0769,78.1402,76.6933,77.5512,1605157200,9537500.0,2020-11-12 05:00:00
80.6089,81.2772,77.3549,77.3549,1605243600,11137500.0,2020-11-13 05:00:00
82.8369,83.323,80.9195,83.1612,1605502800,21147500.0,2020-11-16 05:00:00
81.7233,82.1266,80.8088,81.6742,1605589200,8477500.0,2020-11-17 05:00:00
80.2842,82.5974,80.2614,81.5172,1605675600,9417500.0,2020-11-18 05:00:00
78.9637,80.6918,78.5329,79.4298,1605762000,9720000.0,2020-11-19 05:00:00
78.249,79.9669,78.0554,79.224,1605848400,7695000.0,2020-11-20 05:00:00
79.312,80.1845,78.5329,78.7241,1606107600,8412500.0,2020-11-23 05:00:00
82.595,82.7356,79.5778,80.4962,1606194000,11140000.0,2020-11-24 05:00:00
81.0381,83.204,80.2547,82.8027,1606280400,5397500.0,2020-11-25 05:00:00
80.6011,81.8203,80.4287,81.1975,1606453200,2930000.0,2020-11-27 05:00:00
79.65,80.8104,79.3131,80.7974,1606712400,8387500.0,2020-11-30 05:00:00
80.6011,82.0217,79.7109,80.3867,1606798800,7377500.0,2020-12-01 05:00:00
81.6122,82.3806,79.9811,80.6011,1606885200,6192500.0,2020-12-02 05:00:00
82.3272,83.3246,81.0923,82.3339,1606971600,8432500.0,2020-12-03 05:00:00
83.4424,83.9898,82.0669,82.6048,1607058000,8487500.0,2020-12-04 05:00:00
83.5896,83.9293,81.8706,83.2437,1607317200,8037500.0,2020-12-07 05:00:00
81.9353,83.5673,81.7704,82.187,1607403600,8557500.0,2020-12-08 05:00:00
82.7387,85.2094,81.549,82.478,1607490000,17447500.0,2020-12-09 05:00:00
82.6508,84.4849,81.6424,82.2628,1607576400,9505000.0,2020-12-10 05:00:00
82.0359,82.6174,80.5013,82.0755,1607662800,8862500.0,2020-12-11 05:00:00
81.1249,84.1504,81.0884,83.2484,1607922000,8480000.0,2020-12-14 05:00:00
82.383,82.6881,80.693,81.6043,1608008400,7867500.0,2020-12-15 05:00:00
82.4089,83.1742,81.5721,83.1742,1608094800,5965000.0,2020-12-16 05:00:00
82.9869,83.5178,81.302,83.1644,1608181200,7382500.0,2020-12-17 05:00:00
82.4458,83.1958,81.9856,83.1958,1608267600,13405000.0,2020-12-18 05:00:00
81.2109,81.353,79.4761,80.4962,1608526800,8927500.0,2020-12-21 05:00:00
80.607,81.2564,79.7655,81.2168,1608613200,4970000.0,2020-12-22 05:00:00
82.4929,83.0152,80.5131,80.7079,1608699600,7867500.0,2020-12-23 05:00:00
82.0021,83.2056,81.7135,83.2056,1608786000,4562500.0,2020-12-24 05:00:00
83.9485,84.5116,83.42,83.616,1609131600,6275000.0,2020-12-28 05:00:00
85.8129,86.3862,84.5784,85.0504,1609218000,8547500.0,2020-12-29 05:00:00
86.5927,86.9363,85.4034,86.3862,1609304400,5742500.0,2020-12-30 05:00:00
87.457,87.4845,85.7972,86.3104,1609390800,4415000.0,2020-12-31 05:00:00
84.9758,88.6319,83.2924,88.3495,1609736400,8350000.0,2021-01-04 05:00:00
85.9177,87.4048,84.6019,84.9726,1609822800,8705000.0,2021-01-05 05:00:00
88.3421,89.8609,84.8156,85.4395,1609909200,9835000.0,2021-01-06 05:00:00
87.951,89.8416,87.1625,89.4549,1609995600,7492500.0,2021-01-07 05:00:00
89.588,89.9194,88.2894,88.5985,1610082000,7762500.0,2021-01-08 05:00:00
87.2214,89.9218,86.9371,88.4449,1610341200,8015000.0,2021-01-11 05:00:00
86.2425,88.0998,86.0575,87.8532,1610427600,6485000.0,2021-01-12 05:00:00
85.6959,86.7035,85.1454,85.1454,1610514000,5990000.0,2021-01-13 05:00:00
85.7026,87.0058,85.5526,85.8078,1610600400,6827500.0,2021-01-14 05:00:00
83.2146,85.573,83.0878,85.573,1610686800,8520000.0,2021-01-15 05:00:00
84.9349,85.2062,82.8114,83.8339,1611032400,6872500.0,2021-01-19 05:00:00
84.8175,85.6001,83.4239,85.6001,1611118800,8475000.0,2021-01-20 05:00:00
82.8499,84.6981,82.6559,84.0656,1611205200,11520000.0,2021-01-21 05:00:00
81.1339,82.833,81.0852,82.5314,1611291600,8917500.0,2021-01-22 05:00:00
79.2566,80.9027,76.4553,80.2944,1611550800,21987500.0,2021-01-25 05:00:00
77.8717,80.7605,77.5375,79.8432,1611637200,11190000.0,2021-01-26 05:00:00
74.0601,77.5889,73.0643,76.5433,1611723600,17640000.0,2021-01-27 05:00:00
79.8719,80.4479,76.0152,77.7099,1611810000,21082500.0,2021-01-28 05:00:00
76.3469,80.1036,76.1298,79.9465,1611896400,13405000.0,2021-01-29 05:00:00
78.1583,78.7834,77.1586,78.3833,1612155600,11967500.0,2021-02-01 05:00:00
81.106,82.9665,79.5307,79.9072,1612242000,11017500.0,2021-02-02 05:00:00
79.6049,82.2554,79.5036,81.6558,1612328400,8815000.0,2021-02-03 05:00:00
81.7897,81.9059,79.1478,79.954,1612414800,8880000.0,2021-02-04 05:00:00
82.319,83.6372,81.4339,82.8243,1612501200,5960000.0,2021-02-05 05:00:00
82.4423,83.7027,81.3126,83.129,1612760400,5475000.0,2021-02-08 05:00:00
81.8816,82.65,80.5606,81.7873,1612846800,5742500.0,2021-02-09 05:00:00
84.0993,84.8631,82.1132,83.0996,1612933200,8352500.0,2021-02-10 05:00:00
84.7865,85.7446,83.7491,84.2399,1613019600,6457500.0,2021-02-11 05:00:00
84.4457,85.9539,82.8526,83.4942,1613106000,5265000.0,2021-02-12 05:00:00
85.7642,86.3088,83.7832,83.9984,1613451600,6060000.0,2021-02-16 05:00:00
87.7122,87.8764,85.3712,85.734,1613538000,7192500.0,2021-02-17 05:00:00
88.7339,89.3669,85.9947,85.9947,1613624400,7925000.0,2021-02-18 05:00:00
90.0399,91.1783,88.7363,89.2527,1613710800,8837500.0,2021-02-19 05:00:00
92.277,93.9635,88.9648,88.9648,1613970000,12602500.0,2021-02-22 05:00:00
92.6441,92.9437,90.0054,92.2118,1614056400,12882500.0,2021-02-23 05:00:00
95.9476,96.213,91.2623,92.0315,1614142800,15250000.0,2021-02-24 05:00:00
89.2605,95.7689,88.7999,95.0221,1614229200,18795000.0,2021-02-25 05:00:00
91.4323,92.0798,88.4167,92.0366,1614315600,12597500.0,2021-02-26 05:00:00
91.1178,93.5445,90.3211,93.1789,1614574800,8997500.0,2021-03-01 05:00:00
89.6143,91.962,89.3312,91.805,1614661200,7750000.0,2021-03-02 05:00:00
89.3312,91.6848,89.2189,89.7722,1614747600,9112500.0,2021-03-03 05:00:00
87.146,89.4164,84.9491,89.4164,1614834000,12102500.0,2021-03-04 05:00:00
90.5916,90.8155,85.5569,87.7908,1614920400,10882500.0,2021-03-05 05:00:00
93.012,94.7241,90.2485,90.4475,1615179600,14100000.0,2021-03-08 05:00:00
92.9354,95.8789,92.0409,93.4596,1615266000,12042500.0,2021-03-09 05:00:00
93.0348,95.0248,92.8224,93.4286,1615352400,11097500.0,2021-03-10 05:00:00
92.7497,96.1035,92.0319,94.1719,1615438800,12805000.0,2021-03-11 05:00:00
94.2803,94.7433,92.3107,92.6292,1615525200,10115000.0,2021-03-12 05:00:00
95.7905,95.9484,93.219,94.7405,1615780800,11720000.0,2021-03-15 04:00:00
94.1044,95.399,93.4546,94.8815,1615867200,9017500.0,2021-03-16 04:00:00
96.6654,96.9717,93.0615,93.1989,1615953600,9860000.0,2021-03-17 04:00:00
92.1564,96.1031,92.0406,95.3401,1616040000,12450000.0,2021-03-18 04:00:00
89.8314,92.2797,88.9703,91.6016,1616126400,15940000.0,2021-03-19 04:00:00
87.6384,91.8835,87.3679,91.8835,1616385600,13282500.0,2021-03-22 04:00:00
86.9752,88.3739,85.7764,88.3739,1616472000,12547500.0,2021-03-23 04:00:00
86.4934,89.449,86.3473,87.6349,1616558400,11025000.0,2021-03-24 04:00:00
89.0921,89.6406,85.326,85.864,1616644800,10532500.0,2021-03-25 04:00:00
91.2368,91.4645,88.2176,89.3681,1616731200,9425000.0,2021-03-26 04:00:00
92.3296,93.2578,90.6038,90.7448,1616990400,8535000.0,2021-03-29 04:00:00
91.6828,93.0705,90.9721,92.0111,1617076800,6260000.0,2021-03-30 04:00:00
91.4846,92.8228,91.0711,92.1065,1617163200,13270000.0,2021-03-31 04:00:00
93.5508,93.8362,92.2067,92.4442,1617249600,6205000.0,2021-04-01 04:00:00
94.6,95.6876,93.7235,94.6322,1617595200,8557500.0,2021-04-05 04:00:00
95.1033,96.1011,94.5234,94.8285,1617681600,10277500.0,2021-04-06 04:00:00
94.6573,95.8184,94.0656,95.3806,1617768000,5887500.0,2021-04-07 04:00:00
95.3386,95.6307,93.9254,93.9254,1617854400,5550000.0,2021-04-08 04:00:00
96.2052,96.3881,94.4574,95.5745,1617940800,5995000.0,2021-04-09 04:00:00
94.5948,96.2107,94.1017,95.6531,1618200000,13785000.0,2021-04-12 04:00:00
94.4079,94.8595,92.9496,94.3934,1618286400,19742500.0,2021-04-13 04:00:00
96.3685,97.4915,94.5332,94.7539,1618372800,23490000.0,2021-04-14 04:00:00
95.5435,96.9461,95.2675,96.8916,1618459200,15982500.0,2021-04-15 04:00:00
97.2591,97.7503,95.6464,95.9566,1618545600,19587500.0,2021-04-16 04:00:00
96.4463,97.7075,95.9323,97.3977,1618804800,8175000.0,2021-04-19 04:00:00
92.0798,95.6723,90.9918,95.5647,1618891200,11942500.0,2021-04-20 04:00:00
92.5797,92.904,92.0037,92.6657,1618977600,7020000.0,2021-04-21 04:00:00
92.1603,94.0432,92.0013,92.4222,1619064000,7187500.0,2021-04-22 04:00:00
94.0601,94.4095,92.2942,92.9512,1619150400,6342500.0,2021-04-23 04:00:00
96.5268,96.632,94.5144,95.2168,1619409600,8082500.0,2021-04-26 04:00:00
96.7584,96.9536,95.8757,96.517,1619496000,5517500.0,2021-04-27 04:00:00
98.3664,98.7547,96.6348,97.1845,1619582400,8087500.0,2021-04-28 04:00:00
98.2223,98.7944,97.2241,98.4595,1619668800,5470000.0,2021-04-29 04:00:00
96.8342,98.0758,95.6586,98.0758,1619755200,8202500.0,2021-04-30 04:00:00
95.8274,97.6553,95.626,97.5406,1620014400,4752500.0,2021-05-03 04:00:00
93.5696,95.3319,93.0155,94.6239,1620100800,8477500.0,2021-05-04 04:00:00
91.8018,94.3867,91.3805,94.32,1620187200,9537500.0,2021-05-05 04:00:00
89.502,91.2552,88.5517,90.2229,1620273600,10817500.0,2021-05-06 04:00:00
91.3762,92.7246,89.9492,90.7935,1620360000,9540000.0,2021-05-07 04:00:00
88.8639,91.6086,88.8085,91.5552,1620619200,9572500.0,2021-05-10 04:00:00
88.2584,88.851,86.5857,87.5642,1620705600,10472500.0,2021-05-11 04:00:00
85.2966,87.8214,84.9522,87.6156,1620792000,10427500.0,2021-05-12 04:00:00
86.6717,87.7868,84.9,86.1486,1620878400,7487500.0,2021-05-13 04:00:00
89.6249,89.9928,87.4625,88.3935,1620964800,8510000.0,2021-05-14 04:00:00
87.2952,89.3508,86.8413,88.8027,1621224000,8057500.0,2021-05-17 04:00:00
86.8425,88.4516,86.8024,87.6251,1621310400,8615000.0,2021-05-18 04:00:00
89.1353,89.2413,84.8855,85.1018,1621396800,10145000.0,2021-05-19 04:00:00
90.5504,90.6961,88.7779,89.5212,1621483200,7797500.0,2021-05-20 04:00:00
90.0529,91.7382,89.0697,91.2776,1621569600,6580000.0,2021-05-21 04:00:00
92.2165,92.5177,90.3207,90.3804,1621828800,8312500.0,2021-05-24 04:00:00
91.8446,93.2139,91.463,92.5707,1621915200,6952500.0,2021-05-25 04:00:00
92.1584,93.1675,91.9467,92.9237,1622001600,7347500.0,2021-05-26 04:00:00
91.6785,92.6991,91.3609,92.6991,1622088000,17225000.0,2021-05-27 04:00:00
92.7297,92.9755,90.9207,91.8772,1622174400,5807500.0,2021-05-28 04:00:00
91.4233,93.4655,90.9431,93.4542,1622520000,7900000.0,2021-06-01 04:00:00
91.0165,92.5314,90.7334,91.8717,1622606400,7317500.0,2021-06-02 04:00:00
90.1483,91.375,88.8207,90.0545,1622692800,7082500.0,2021-06-03 04:00:00
90.9289,91.4304,90.4793,90.5005,1622779200,4342500.0,2021-06-04 04:00:00
90.2547,91.9275,89.9814,91.0915,1623038400,4970000.0,2021-06-07 04:00:00
90.4597,91.0793,89.9273,90.3293,1623124800,5847500.0,2021-06-08 04:00:00
90.8649,91.5042,90.1071,90.3128,1623211200,6660000.0,2021-06-09 04:00:00
91.2729,91.4418,89.6402,90.6007,1623297600,6735000.0,2021-06-10 04:00:00
90.4844,91.4096,90.0545,90.8586,1623384000,7292500.0,2021-06-11 04:00:00
90.5107,90.9282,89.9536,90.7789,1623643200,4755000.0,2021-06-14 04:00:00
90.3898,91.6086,89.6775,90.4059,1623729600,5302500.0,2021-06-15 04:00:00
90.2433,91.0727,89.7113,90.7848,1623816000,4197500.0,2021-06-16 04:00:00
90.0773,91.0585,89.8201,90.1613,1623902400,6195000.0,2021-06-17 04:00:00
88.0593,90.2744,87.5846,89.6488,1623988800,12072500.0,2021-06-18 04:00:00
88.8627,89.3983,87.6125,88.5023,1624248000,5075000.0,2021-06-21 04:00:00
88.3849,89.396,87.9176,89.052,1624334400,5360000.0,2021-06-22 04:00:00
88.2034,88.7826,87.6714,88.3904,1624420800,4055000.0,2021-06-23 04:00:00
88.2015,89.0551,87.7429,89.0441,1624507200,5307500.0,2021-06-24 04:00:00
89.5927,90.2885,88.2105,88.6597,1624593600,8430000.0,2021-06-25 04:00:00
86.5649,88.7422,85.2714,88.3397,1624852800,15305000.0,2021-06-28 04:00:00
85.2942,86.2633,85.0472,86.0846,1624939200,12942500.0,2021-06-29 04:00:00
85.9185,87.1715,85.4045,85.5435,1625025600,10367500.0,2021-06-30 04:00:00
86.7797,87.3286,86.1769,86.1769,1625112000,6130000.0,2021-07-01 04:00:00
87.9133,88.2156,86.987,87.1766,1625198400,6082500.0,2021-07-02 04:00:00
87.2626,88.0813,87.0914,87.7118,1625544000,7555000.0,2021-07-06 04:00:00
85.0814,87.4641,84.5419,87.3647,1625630400,6830000.0,2021-07-07 04:00:00
84.9695,85.7811,83.4915,84.4288,1625716800,7490000.0,2021-07-08 04:00:00
86.1895,86.5959,84.8332,85.5765,1625803200,7405000.0,2021-07-09 04:00:00
86.5433,86.6289,85.0708,85.6818,1626062400,7555000.0,2021-07-12 04:00:00
85.9323,87.5147,85.829,86.559,1626148800,9872500.0,2021-07-13 04:00:00
85.4681,87.0969,85.4395,86.6226,1626235200,5287500.0,2021-07-14 04:00:00
85.1842,85.7308,84.2462,85.326,1626321600,6797500.0,2021-07-15 04:00:00
84.2156,85.8553,84.0184,85.7536,1626408000,4692500.0,2021-07-16 04:00:00
81.1854,83.3105,80.8371,82.5267,1626667200,11412500.0,2021-07-19 04:00:00
83.6544,84.0871,80.6364,81.1854,1626753600,7850000.0,2021-07-20 04:00:00
86.1518,86.3293,84.1751,84.1751,1626840000,6760000.0,2021-07-21 04:00:00
86.1667,86.568,85.2082,86.054,1626926400,6220000.0,2021-07-22 04:00:00
86.4871,86.943,85.6975,86.1133,1627012800,5382500.0,2021-07-23 04:00:00
87.5917,87.8033,86.3646,86.5386,1627272000,6277500.0,2021-07-26 04:00:00
88.1999,88.3377,86.5087,87.4731,1627358400,7782500.0,2021-07-27 04:00:00
87.4201,88.9244,86.9057,88.3495,1627444800,7555000.0,2021-07-28 04:00:00
86.9493,88.2451,86.8767,88.132,1627531200,7087500.0,2021-07-29 04:00:00
85.5326,86.59,85.2094,86.3312,1627617600,6917500.0,2021-07-30 04:00:00
85.2451,87.7986,84.823,86.0595,1627876800,6317500.0,2021-08-02 04:00:00
84.0023,85.8793,83.0886,85.3492,1627963200,6742500.0,2021-08-03 04:00:00
81.8957,84.3675,81.6416,83.7078,1628049600,9790000.0,2021-08-04 04:00:00
86.6889,87.497,83.8362,84.4225,1628136000,10960000.0,2021-08-05 04:00:00
85.7179,87.563,84.5179,86.6937,1628222400,11447500.0,2021-08-06 04:00:00
84.7284,85.7175,83.6533,85.7175,1628481600,6850000.0,2021-08-09 04:00:00
86.4046,86.5036,84.7284,84.7284,1628568000,6937500.0,2021-08-10 04:00:00
86.3948,86.7757,85.1619,86.1808,1628654400,5622500.0,2021-08-11 04:00:00
86.118,86.2488,84.585,85.6543,1628740800,5157500.0,2021-08-12 04:00:00
86.5205,86.7027,85.0912,86.2448,1628827200,5702500.0,2021-08-13 04:00:00
83.6725,86.3092,82.1725,86.118,1629086400,10360000.0,2021-08-16 04:00:00
82.9806,83.4883,82.1867,82.6127,1629172800,7060000.0,2021-08-17 04:00:00
81.922,83.4012,81.7374,82.8522,1629259200,7517500.0,2021-08-18 04:00:00
81.5117,82.1764,80.8272,81.6397,1629345600,8670000.0,2021-08-19 04:00:00
81.4677,81.792,80.8296,81.4367,1629432000,8750000.0,2021-08-20 04:00:00
83.925,84.3078,81.2875,81.3625,1629691200,12330000.0,2021-08-23 04:00:00
87.6863,88.3409,83.9721,84.4229,1629777600,11490000.0,2021-08-24 04:00:00
88.891,89.4686,86.7855,87.9698,1629864000,8500000.0,2021-08-25 04:00:00
89.4019,90.014,88.3495,88.3495,1629950400,7315000.0,2021-08-26 04:00:00
90.5276,91.0836,89.4698,89.4883,1630036800,6012500.0,2021-08-27 04:00:00
89.4376,90.5708,89.1514,90.3129,1630296000,6122500.0,2021-08-30 04:00:00
90.2999,90.9443,89.6901,89.7639,1630382400,9710000.0,2021-08-31 04:00:00
89.7965,91.4908,89.7239,90.5429,1630468800,8117500.0,2021-09-01 04:00:00
90.3309,91.3648,89.6363,90.4793,1630555200,5795000.0,2021-09-02 04:00:00
90.4876,90.7738,89.3901,89.6956,1630641600,4912500.0,2021-09-03 04:00:00
91.8274,91.9624,90.5202,90.6234,1630987200,5972500.0,2021-09-07 04:00:00
90.9391,92.5118,90.1695,91.8835,1631073600,6617500.0,2021-09-08 04:00:00
91.046,92.0967,90.475,90.5594,1631160000,5592500.0,2021-09-09 04:00:00
90.5013,92.0798,90.3768,91.4908,1631246400,6055000.0,2021-09-10 04:00:00
91.1814,91.4516,89.3379,90.8822,1631505600,5807500.0,2021-09-13 04:00:00
91.4382,92.0233,90.731,91.2179,1631592000,4300000.0,2021-09-14 04:00:00
93.2959,93.3796,90.9144,91.4437,1631678400,6225000.0,2021-09-15 04:00:00
92.0798,93.7593,91.8116,92.9877,1631764800,6075000.0,2021-09-16 04:00:00
91.3091,92.8722,91.0982,92.3088,1631851200,9230000.0,2021-09-17 04:00:00
91.9126,92.1109,89.7592,90.7055,1632110400,7795000.0,2021-09-20 04:00:00
91.3189,92.8071,91.192,92.8071,1632196800,5277500.0,2021-09-21 04:00:00
94.4794,95.3111,91.8384,91.8384,1632283200,10425000.0,2021-09-22 04:00:00
97.2045,97.7315,94.6577,94.6577,1632369600,10487500.0,2021-09-23 04:00:00
97.8265,98.2639,96.2963,96.2963,1632456000,7472500.0,2021-09-24 04:00:00
97.2442,99.7368,96.8217,97.9368,1632715200,8020000.0,2021-09-27 04:00:00
95.5255,97.3557,95.1379,96.5955,1632801600,7745000.0,2021-09-28 04:00:00
93.3686,96.109,93.2488,95.6782,1632888000,7357500.0,2021-09-29 04:00:00
93.2135,94.4908,92.4725,93.5692,1632974400,7790000.0,2021-09-30 04:00:00
96.4333,97.254,94.9007,94.9007,1633060800,7665000.0,2021-10-01 04:00:00
96.5766,97.7283,95.0935,96.4333,1633320000,6435000.0,2021-10-04 04:00:00
95.5094,97.6521,95.2632,96.5562,1633406400,6682500.0,2021-10-05 04:00:00
96.1321,96.2955,93.6112,94.2395,1633492800,5997500.0,2021-10-06 04:00:00
96.9489,98.0558,96.8487,97.1067,1633579200,3920000.0,2021-10-07 04:00:00
97.1597,97.8123,96.707,97.133,1633665600,4107500.0,2021-10-08 04:00:00
96.8864,98.4767,96.7207,97.4,1633924800,3762500.0,2021-10-11 04:00:00
96.78,98.0817,96.3383,97.0074,1634011200,5502500.0,2021-10-12 04:00:00
96.6948,97.4585,95.6637,96.7918,1634097600,4462500.0,2021-10-13 04:00:00
98.0177,98.7834,97.1649,97.4829,1634184000,6960000.0,2021-10-14 04:00:00
99.6716,99.7368,98.7748,98.9515,1634270400,5832500.0,2021-10-15 04:00:00
98.2498,99.6583,97.9451,98.9652,1634529600,5245000.0,2021-10-18 04:00:00
96.7172,98.2941,96.4298,98.2651,1634616000,6865000.0,2021-10-19 04:00:00
93.6183,96.7922,93.012,96.7922,1634702400,10172500.0,2021-10-20 04:00:00
94.6765,95.0181,93.848,94.2611,1634788800,5312500.0,2021-10-21 04:00:00
94.0271,95.7693,93.6788,94.5187,1634875200,4047500.0,2021-10-22 04:00:00
94.7492,95.0452,93.1326,94.1547,1635134400,3560000.0,2021-10-25 04:00:00
95.9291,96.7918,95.1387,95.1387,1635220800,4385000.0,2021-10-26 04:00:00
95.3425,96.5008,94.6322,95.4713,1635307200,4895000.0,2021-10-27 04:00:00
95.4085,95.4662,94.0663,95.2612,1635393600,3735000.0,2021-10-28 04:00:00
95.0555,95.4218,93.9328,94.9812,1635480000,5412500.0,2021-10-29 04:00:00
97.7613,97.7735,95.0299,95.0299,1635739200,7245000.0,2021-11-01 04:00:00
96.3532,97.9321,95.05,97.2112,1635825600,6825000.0,2021-11-02 04:00:00
95.6268,97.1841,94.4358,95.9405,1635912000,9037500.0,2021-11-03 04:00:00
95.6927,99.7125,95.5074,99.6975,1635998400,13327500.0,2021-11-04 04:00:00
102.8377,103.3367,98.7807,99.9072,1636084800,18887500.0,2021-11-05 04:00:00
103.6579,105.5204,102.0947,104.4095,1636347600,12430000.0,2021-11-08 05:00:00
103.9854,105.509,102.9248,103.6242,1636434000,10182500.0,2021-11-09 05:00:00
100.9062,104.8379,100.5221,104.404,1636520400,9152500.0,2021-11-10 05:00:00
97.3431,101.1241,97.1919,101.0428,1636606800,8557500.0,2021-11-11 05:00:00
96.2676,97.9957,95.9052,97.9957,1636693200,7920000.0,2021-11-12 05:00:00
94.4362,96.7526,94.2485,96.3992,1636952400,8427500.0,2021-11-15 05:00:00
93.4671,94.7158,92.9445,94.7158,1637038800,10780000.0,2021-11-16 05:00:00
92.9193,94.349,92.4674,93.698,1637125200,11445000.0,2021-11-17 05:00:00
93.2963,93.731,91.7202,93.2245,1637211600,8512500.0,2021-11-18 05:00:00
91.8831,92.5931,89.449,90.8967,1637298000,12135000.0,2021-11-19 05:00:00
90.2002,92.9056,90.051,91.5227,1637557200,9340000.0,2021-11-22 05:00:00
91.9279,92.2597,90.3981,90.7935,1637643600,6412500.0,2021-11-23 05:00:00
91.2207,92.3256,89.9653,90.7825,1637730000,7377500.0,2021-11-24 05:00:00
84.6412,84.9172,82.425,83.3219,1637902800,18045000.0,2021-11-26 05:00:00
85.6798,87.4809,84.0471,86.6383,1638162000,11252500.0,2021-11-29 05:00:00
82.5322,85.2231,81.4991,83.303,1638248400,16517500.0,2021-11-30 05:00:00
81.1641,85.7018,80.7837,84.3019,1638334800,14315000.0,2021-12-01 05:00:00
85.284,85.9888,81.4779,82.4509,1638421200,13290000.0,2021-12-02 05:00:00
83.0265,86.193,81.966,85.7972,1638507600,10152500.0,2021-12-03 05:00:00
87.4574,90.1145,84.5163,84.9333,1638766800,14260000.0,2021-12-06 05:00:00
88.1544,91.002,87.5838,89.8833,1638853200,10062500.0,2021-12-07 05:00:00
90.5956,91.2753,88.7603,89.094,1638939600,9380000.0,2021-12-08 05:00:00
89.041,90.296,88.6558,90.296,1639026000,6010000.0,2021-12-09 05:00:00
87.8139,89.6779,87.1818,89.2652,1639112400,7842500.0,2021-12-10 05:00:00
84.4036,86.8476,84.097,86.4659,1639371600,9820000.0,2021-12-13 05:00:00
83.4385,85.0201,82.9021,83.2449,1639458000,9810000.0,2021-12-14 05:00:00
83.6525,84.7264,81.9299,84.6644,1639544400,10905000.0,2021-12-15 05:00:00
85.0083,85.9916,83.8339,85.8753,1639630800,13125000.0,2021-12-16 05:00:00
86.7969,87.6113,83.6768,84.5226,1639717200,12172500.0,2021-12-17 05:00:00
86.7298,86.8303,82.7556,84.4621,1639976400,8315000.0,2021-12-20 05:00:00
92.8946,93.0748,88.0106,88.0106,1640062800,13942500.0,2021-12-21 05:00:00
93.6576,94.5077,91.4798,92.1462,1640149200,8215000.0,2021-12-22 05:00:00
94.3278,95.1195,94.0443,94.5442,1640235600,4662500.0,2021-12-23 05:00:00
94.0239,94.8784,93.2382,93.8339,1640581200,4127500.0,2021-12-27 05:00:00
93.7255,94.8254,92.8671,93.7314,1640667600,3650000.0,2021-12-28 05:00:00
93.6379,94.6691,93.2186,93.8056,1640754000,2575000.0,2021-12-29 05:00:00
94.0793,95.3668,93.6772,93.6772,1640840400,4895000.0,2021-12-30 05:00:00
94.2093,94.9235,93.6014,93.892,1640926800,4557500.0,2021-12-31 05:00:00
96.6512,96.8311,94.1064,95.1426,1641186000,9725000.0,2022-01-03 05:00:00
96.7891,98.8827,95.8781,97.1845,1641272400,9540000.0,2022-01-04 05:00:00
94.7617,97.402,94.7421,97.3494,1641358800,6375000.0,2022-01-05 05:00:00
95.4163,96.6014,94.7496,94.7496,1641445200,6177500.0,2022-01-06 05:00:00
95.5973,96.8413,95.1729,95.6138,1641531600,5747500.0,2022-01-07 05:00:00
95.2761,95.5643,92.7635,95.5643,1641790800,8185000.0,2022-01-10 05:00:00
96.9654,97.1554,93.9281,93.9281,1641877200,7222500.0,2022-01-11 05:00:00
95.657,97.9678,94.9074,97.3808,1641963600,6952500.0,2022-01-12 05:00:00
96.5554,97.9698,95.8796,95.9217,1642050000,6310000.0,2022-01-13 05:00:00
96.2401,96.5955,94.3486,96.5554,1642136400,6902500.0,2022-01-14 05:00:00
93.6195,96.2028,93.3211,95.1874,1642482000,8747500.0,2022-01-18 05:00:00
93.3399,94.7814,92.9331,93.1463,1642568400,6822500.0,2022-01-19 05:00:00
95.5604,97.4802,94.6463,94.9757,1642654800,13950000.0,2022-01-20 05:00:00
92.1136,95.5604,91.8564,95.5604,1642741200,14562500.0,2022-01-21 05:00:00
92.2612,92.5255,87.1193,90.9929,1643000400,14602500.0,2022-01-24 05:00:00
91.4523,92.979,87.7617,89.7274,1643086800,11340000.0,2022-01-25 05:00:00
93.0862,95.2086,91.1371,93.2578,1643173200,10982500.0,2022-01-26 05:00:00
92.6551,95.7685,91.9648,95.0016,1643259600,8277500.0,2022-01-27 05:00:00
94.7476,94.8226,91.933,92.6578,1643346000,7570000.0,2022-01-28 05:00:00
96.4435,96.9882,93.1844,94.4665,1643605200,9482500.0,2022-01-31 05:00:00
96.8169,97.2669,95.6366,96.7902,1643691600,9202500.0,2022-02-01 05:00:00
95.8486,97.673,95.7344,97.5771,1643778000,9177500.0,2022-02-02 05:00:00
95.7128,97.0211,95.2675,95.8031,1643864400,11522500.0,2022-02-03 05:00:00
95.9252,96.9874,93.8967,94.5697,1643950800,7817500.0,2022-02-04 05:00:00
97.5006,98.2207,96.3662,96.886,1644210000,10812500.0,2022-02-07 05:00:00
99.791,100.0062,97.2332,97.5771,1644296400,11235000.0,2022-02-08 05:00:00
103.1522,103.6426,101.5902,101.9389,1644382800,17337500.0,2022-02-09 05:00:00
103.2072,104.3808,101.3389,101.3389,1644469200,11830000.0,2022-02-10 05:00:00
99.3445,105.509,98.655,105.2341,1644555600,14850000.0,2022-02-11 05:00:00
99.9591,101.3408,98.7214,99.0131,1644814800,11292500.0,2022-02-14 05:00:00
103.4734,104.4449,101.0515,101.0515,1644901200,11377500.0,2022-02-15 05:00:00
106.1474,106.6344,103.358,103.42,1644987600,12690000.0,2022-02-16 05:00:00
103.0332,105.0931,102.5695,104.6376,1645074000,8265000.0,2022-02-17 05:00:00
102.7371,103.6242,101.4245,103.0752,1645160400,8215000.0,2022-02-18 05:00:00
98.8816,102.7898,97.6494,101.6396,1645506000,12835000.0,2022-02-22 05:00:00
96.9815,100.3949,96.7922,99.6084,1645592400,12950000.0,2022-02-23 05:00:00
90.1165,90.2166,83.9799,84.8788,1645678800,37952500.0,2022-02-24 05:00:00
89.5848,91.7547,88.3499,91.0691,1645765200,13652500.0,2022-02-25 05:00:00
85.2966,88.0275,84.5666,88.0275,1646024400,20442500.0,2022-02-28 05:00:00
81.3601,84.362,81.0157,84.362,1646110800,20915000.0,2022-03-01 05:00:00
84.9538,86.1235,82.0151,82.1124,1646197200,14502500.0,2022-03-02 05:00:00
82.5404,86.3084,82.0626,85.3295,1646283600,11222500.0,2022-03-03 05:00:00
77.9455,80.8877,77.1079,80.4291,1646370000,18667500.0,2022-03-04 05:00:00
71.3534,77.7103,71.3067,77.3651,1646629200,27232500.0,2022-03-07 05:00:00
74.5878,77.8175,70.5402,72.3834,1646715600,30175000.0,2022-03-08 05:00:00
79.9257,81.7916,78.8274,78.9075,1646802000,19410000.0,2022-03-09 05:00:00
79.725,80.9341,77.2026,77.5909,1646888400,15962500.0,2022-03-10 05:00:00
79.2161,81.7037,78.9507,80.9674,1646974800,9017500.0,2022-03-11 05:00:00
78.5309,80.1224,77.9734,78.9334,1647230400,10630000.0,2022-03-14 04:00:00
81.6813,82.509,79.1255,79.8177,1647316800,11885000.0,2022-03-15 04:00:00
86.482,87.9459,83.6379,83.9203,1647403200,18510000.0,2022-03-16 04:00:00
84.8603,85.9782,83.2461,85.0975,1647489600,9825000.0,2022-03-17 04:00:00
85.8487,86.7545,83.7982,84.8603,1647576000,12730000.0,2022-03-18 04:00:00
84.8701,86.5629,84.1087,86.5629,1647835200,7837500.0,2022-03-21 04:00:00
86.4632,87.0624,84.973,85.2475,1647921600,6790000.0,2022-03-22 04:00:00
84.8057,86.7325,84.5022,86.5755,1648008000,7302500.0,2022-03-23 04:00:00
88.8203,88.9766,84.8937,84.9726,1648094400,8500000.0,2022-03-24 04:00:00
88.2682,90.2375,87.4142,89.0159,1648180800,6195000.0,2022-03-25 04:00:00
89.4027,89.5585,87.199,88.7724,1648440000,6620000.0,2022-03-28 04:00:00
93.1369,95.0598,91.8973,91.8973,1648526400,13417500.0,2022-03-29 04:00:00
91.4119,92.9845,91.0169,92.9845,1648612800,6157500.0,2022-03-30 04:00:00
92.2153,93.8256,92.1898,92.8389,1648699200,8882500.0,2022-03-31 04:00:00
92.9763,94.9577,92.2762,93.3607,1648785600,7052500.0,2022-04-01 04:00:00
93.2566,93.4526,91.6495,93.2841,1649044800,7335000.0,2022-04-04 04:00:00
90.2343,93.1644,90.0211,92.1792,1649131200,8880000.0,2022-04-05 04:00:00
87.2556,87.9192,86.1738,87.8634,1649217600,10555000.0,2022-04-06 04:00:00
86.9045,87.3537,85.2565,86.7074,1649304000,7487500.0,2022-04-07 04:00:00
85.1069,87.4888,85.0661,86.5217,1649390400,7540000.0,2022-04-08 04:00:00
85.1772,86.7616,84.2246,84.4229,1649649600,6315000.0,2022-04-11 04:00:00
85.6551,87.6573,85.3189,86.2664,1649736000,6960000.0,2022-04-12 04:00:00
88.7465,89.2256,86.0206,86.0819,1649822400,8210000.0,2022-04-13 04:00:00
87.4578,90.6058,86.9143,89.4097,1649908800,10055000.0,2022-04-14 04:00:00
86.3591,87.4142,85.326,86.7789,1650254400,8235000.0,2022-04-18 04:00:00
87.9325,88.4669,86.5751,86.5751,1650340800,8492500.0,2022-04-19 04:00:00
88.4202,89.6944,88.1049,88.7422,1650427200,6637500.0,2022-04-20 04:00:00
87.9302,91.801,87.3396,90.9439,1650513600,9745000.0,2022-04-21 04:00:00
86.9308,88.8977,86.7718,87.4071,1650600000,7545000.0,2022-04-22 04:00:00
88.194,89.0037,85.8565,86.0748,1650859200,10505000.0,2022-04-25 04:00:00
84.814,88.0853,84.7743,87.6364,1650945600,11090000.0,2022-04-26 04:00:00
88.701,89.5303,85.758,85.915,1651032000,11597500.0,2022-04-27 04:00:00
91.0118,92.8043,88.7116,89.7557,1651118400,12080000.0,2022-04-28 04:00:00
86.791,90.9097,86.6293,90.0199,1651204800,11827500.0,2022-04-29 04:00:00
86.1082,87.3518,83.0878,86.6611,1651464000,14875000.0,2022-05-02 04:00:00
82.6924,86.601,80.9553,86.5338,1651550400,15505000.0,2022-05-03 04:00:00
82.5903,82.8369,78.4245,81.9884,1651636800,21817500.0,2022-05-04 04:00:00
85.2832,90.627,84.686,90.3129,1651723200,25987500.0,2022-05-05 04:00:00
86.1596,88.1524,81.7803,84.2321,1651809600,17250000.0,2022-05-06 04:00:00
79.4584,84.1563,79.3544,82.6696,1652068800,16795000.0,2022-05-09 04:00:00
80.2991,82.4525,79.0666,82.4525,1652155200,12287500.0,2022-05-10 04:00:00
81.366,83.8759,78.9864,81.0303,1652241600,11542500.0,2022-05-11 04:00:00
80.616,83.0399,78.6087,80.5528,1652328000,10910000.0,2022-05-12 04:00:00
82.5338,83.4408,81.3683,82.6284,1652414400,7547500.0,2022-05-13 04:00:00
80.3396,82.2471,79.8527,81.9142,1652673600,7232500.0,2022-05-16 04:00:00
84.289,84.8548,82.8467,83.4412,1652760000,10177500.0,2022-05-17 04:00:00
80.5112,83.797,80.1821,83.2449,1652846400,9012500.0,2022-05-18 04:00:00
82.5931,84.1256,80.2049,80.874,1652932800,9680000.0,2022-05-19 04:00:00
83.0839,83.7271,80.6081,83.55,1653019200,10775000.0,2022-05-20 04:00:00
82.7207,84.7131,82.2499,84.7131,1653278400,7407500.0,2022-05-23 04:00:00
80.4986,82.253,79.2927,82.0445,1653364800,8475000.0,2022-05-24 04:00:00
84.3137,85.1045,80.0278,80.0278,1653451200,8907500.0,2022-05-25 04:00:00
87.2308,88.4281,84.7515,85.2404,1653537600,7555000.0,2022-05-26 04:00:00
88.977,89.2986,87.898,88.8839,1653624000,7715000.0,2022-05-27 04:00:00
88.0967,89.0956,86.1914,88.0872,1653969600,12627500.0,2022-05-31 04:00:00
87.9007,89.4019,86.2743,88.9385,1654056000,6462500.0,2022-06-01 04:00:00
93.1542,93.6073,88.6185,88.7245,1654142400,12002500.0,2022-06-02 04:00:00
91.7214,93.4122,90.7409,90.9945,1654228800,7717500.0,2022-06-03 04:00:00
92.1701,93.9768,91.5988,92.9217,1654488000,5165000.0,2022-06-06 04:00:00
91.3624,92.1199,90.3128,90.3926,1654574400,5865000.0,2022-06-07 04:00:00
92.1113,92.4725,90.3274,90.4483,1654660800,6742500.0,2022-06-08 04:00:00
89.4427,91.7284,89.3795,91.4908,1654747200,9312500.0,2022-06-09 04:00:00
82.6543,86.7082,82.3233,86.3795,1654833600,10787500.0,2022-06-10 04:00:00
77.7209,79.1671,75.1336,78.7862,1655092800,18240000.0,2022-06-13 04:00:00
76.6289,78.3703,74.7248,77.8791,1655179200,14465000.0,2022-06-14 04:00:00
77.4821,78.6853,75.8475,78.2541,1655265600,9507500.0,2022-06-15 04:00:00
72.4953,74.9703,71.9479,74.7186,1655352000,13827500.0,2022-06-16 04:00:00
74.876,75.4882,72.663,72.7183,1655438400,14137500.0,2022-06-17 04:00:00
76.0705,76.7215,75.1317,76.5531,1655784000,15080000.0,2022-06-21 04:00:00
74.2073,76.4388,73.9085,74.4755,1655870400,10967500.0,2022-06-22 04:00:00
72.0563,73.6733,70.4837,73.4927,1655956800,15050000.0,2022-06-23 04:00:00
75.8255,75.9028,72.7737,73.3431,1656043200,12730000.0,2022-06-24 04:00:00
74.4586,76.5539,74.2533,76.1734,1656302400,8612500.0,2022-06-27 04:00:00
72.1882,76.7266,72.0669,75.4607,1656388800,10130000.0,2022-06-28 04:00:00
71.0852,72.0088,69.109,71.6157,1656475200,10575000.0,2022-06-29 04:00:00
68.6766,70.0482,66.8727,68.8196,1656561600,16017500.0,2022-06-30 04:00:00
69.4223,69.4223,67.5285,68.4454,1656648000,8907500.0,2022-07-01 04:00:00
70.2068,70.5681,66.3391,67.2057,1656993600,13140000.0,2022-07-05 04:00:00
68.7501,70.9722,68.5643,70.4319,1657080000,9735000.0,2022-07-06 04:00:00
70.1267,70.6404,69.1408,70.0196,1657166400,8367500.0,2022-07-07 04:00:00
69.4812,69.9532,67.7582,69.2527,1657252800,5767500.0,2022-07-08 04:00:00
67.717,68.8902,67.3027,68.2317,1657512000,8882500.0,2022-07-11 04:00:00
68.2549,69.2004,67.4217,68.0252,1657598400,8067500.0,2022-07-12 04:00:00
68.2463,68.6193,65.8895,66.4597,1657684800,7217500.0,2022-07-13 04:00:00
65.7285,67.1142,65.5491,66.4153,1657771200,13430000.0,2022-07-14 04:00:00
66.6976,67.6683,65.9845,67.1158,1657857600,12025000.0,2022-07-15 04:00:00
68.2761,70.2869,67.8976,68.5164,1658116800,11110000.0,2022-07-18 04:00:00
72.0461,72.3473,69.6438,69.6438,1658203200,11180000.0,2022-07-19 04:00:00
72.0461,72.6068,70.9372,71.7496,1658289600,11887500.0,2022-07-20 04:00:00
71.8344,71.9193,70.126,71.2576,1658376000,8442500.0,2022-07-21 04:00:00
71.0676,72.941,70.5634,72.7615,1658462400,7712500.0,2022-07-22 04:00:00
72.041,72.4069,70.8178,71.419,1658721600,8495000.0,2022-07-25 04:00:00
70.5147,71.6436,70.4735,71.4897,1658808000,7510000.0,2022-07-26 04:00:00
73.7259,74.7304,72.1231,72.1231,1658894400,10187500.0,2022-07-27 04:00:00
75.114,75.1269,72.9205,74.0801,1658980800,8007500.0,2022-07-28 04:00:00
76.0077,76.4306,74.6066,75.1407,1659067200,9965000.0,2022-07-29 04:00:00
74.8682,75.5714,73.153,75.5388,1659326400,10207500.0,2022-08-01 04:00:00
76.817,77.4413,74.7162,74.8682,1659412800,11000000.0,2022-08-02 04:00:00
77.2167,77.5147,75.4953,75.981,1659499200,15337500.0,2022-08-03 04:00:00
76.4616,76.7431,73.647,74.6388,1659585600,20115000.0,2022-08-04 04:00:00
75.5868,76.802,74.7633,75.9319,1659672000,9590000.0,2022-08-05 04:00:00
76.7973,78.1202,75.5047,75.5047,1659931200,8742500.0,2022-08-08 04:00:00
76.8527,76.8527,75.3641,76.6344,1660017600,7495000.0,2022-08-09 04:00:00
79.4631,79.6014,77.7727,78.5337,1660104000,11595000.0,2022-08-10 04:00:00
81.0365,82.4077,80.5308,80.9521,1660190400,9460000.0,2022-08-11 04:00:00
83.2834,83.3623,81.3738,81.8297,1660276800,8242500.0,2022-08-12 04:00:00
83.6281,84.7358,82.4596,82.5381,1660536000,9440000.0,2022-08-15 04:00:00
84.4755,84.8568,83.0564,83.0984,1660622400,6592500.0,2022-08-16 04:00:00
83.6238,84.1504,82.524,82.9551,1660708800,6410000.0,2022-08-17 04:00:00
84.216,84.6086,82.8016,83.2005,1660795200,5397500.0,2022-08-18 04:00:00
81.9459,83.6101,81.8281,83.3152,1660881600,5907500.0,2022-08-19 04:00:00
77.4598,80.1845,77.3188,79.2566,1661140800,11625000.0,2022-08-22 04:00:00
78.2514,79.008,77.5764,77.5893,1661227200,8085000.0,2022-08-23 04:00:00
78.1779,79.2853,77.3742,77.4327,1661313600,5727500.0,2022-08-24 04:00:00
78.8682,79.866,78.335,78.5329,1661400000,6260000.0,2022-08-25 04:00:00
75.0366,79.3512,74.9204,79.0642,1661486400,9595000.0,2022-08-26 04:00:00
74.5536,75.4454,74.0605,74.4885,1661745600,8010000.0,2022-08-29 04:00:00
73.83,75.5875,73.424,75.4309,1661832000,8132500.0,2022-08-30 04:00:00
73.6564,75.2699,73.5626,74.2772,1661918400,9740000.0,2022-08-31 04:00:00
72.7415,73.5669,70.7546,72.9963,1662004800,14422500.0,2022-09-01 04:00:00
72.1682,73.5421,71.4241,73.1872,1662091200,8440000.0,2022-09-02 04:00:00
71.2627,72.5864,69.8978,72.1682,1662436800,8460000.0,2022-09-06 04:00:00
73.5245,73.852,70.9604,71.6295,1662523200,9877500.0,2022-09-07 04:00:00
74.8427,75.0912,71.8494,72.3799,1662609600,11545000.0,2022-09-08 04:00:00
77.788,77.9435,75.315,75.3916,1662696000,13172500.0,2022-09-09 04:00:00
79.056,79.7482,78.5431,78.9338,1662955200,10287500.0,2022-09-12 04:00:00
75.423,77.2681,75.1356,76.2162,1663041600,9900000.0,2022-09-13 04:00:00
77.252,77.3565,74.4932,75.2652,1663128000,7575000.0,2022-09-14 04:00:00
76.8354,79.1239,76.4612,76.7903,1663214400,9522500.0,2022-09-15 04:00:00
73.6815,75.9657,72.8153,75.9413,1663300800,19800000.0,2022-09-16 04:00:00
74.7237,74.9989,72.6076,72.6076,1663560000,6687500.0,2022-09-19 04:00:00
74.4739,75.6449,73.775,74.1245,1663646400,7762500.0,2022-09-20 04:00:00
70.9427,74.2466,70.9109,74.1433,1663732800,9315000.0,2022-09-21 04:00:00
67.5611,70.9184,67.342,70.9152,1663819200,14470000.0,2022-09-22 04:00:00
65.5703,66.7098,64.6341,66.6018,1663905600,15725000.0,2022-09-23 04:00:00
65.5455,67.3145,65.5357,65.8766,1664164800,11222500.0,2022-09-26 04:00:00
65.542,67.1704,65.0013,66.6155,1664251200,10032500.0,2022-09-27 04:00:00
67.8085,68.1662,64.9051,65.2561,1664337600,9547500.0,2022-09-28 04:00:00
65.9252,66.6548,65.1701,66.3819,1664424000,8620000.0,2022-09-29 04:00:00
64.523,66.8221,64.4704,65.1419,1664510400,12460000.0,2022-09-30 04:00:00
65.9256,66.5174,63.8559,65.6708,1664769600,9672500.0,2022-10-03 04:00:00
69.0713,69.3261,67.821,67.8913,1664856000,11652500.0,2022-10-04 04:00:00
67.8018,68.52,67.1288,67.8057,1664942400,8757500.0,2022-10-05 04:00:00
67.135,68.0452,66.4628,67.6824,1665028800,9282500.0,2022-10-06 04:00:00
66.1703,66.7149,65.5012,65.9979,1665115200,11085000.0,2022-10-07 04:00:00
65.6272,66.8178,65.0885,66.7235,1665374400,6957500.0,2022-10-10 04:00:00
64.1853,65.6272,63.6447,65.6272,1665460800,7617500.0,2022-10-11 04:00:00
65.7957,66.0682,63.9655,64.5533,1665547200,7270000.0,2022-10-12 04:00:00
66.444,67.1814,63.488,63.8563,1665633600,11942500.0,2022-10-13 04:00:00
65.5942,68.1611,65.467,67.3526,1665720000,9725000.0,2022-10-14 04:00:00
68.6177,68.7944,66.8056,66.881,1665979200,7970000.0,2022-10-17 04:00:00
69.6571,71.2918,68.7351,70.6839,1666065600,9185000.0,2022-10-18 04:00:00
69.5731,70.6788,68.7505,68.7505,1666152000,7840000.0,2022-10-19 04:00:00
69.6438,71.7398,69.2491,69.4863,1666238400,8627500.0,2022-10-20 04:00:00
71.5745,71.8301,69.1098,69.5813,1666324800,7672500.0,2022-10-21 04:00:00
71.0157,71.8042,69.266,71.1909,1666584000,7845000.0,2022-10-24 04:00:00
73.6093,73.83,70.7691,70.7691,1666670400,8120000.0,2022-10-25 04:00:00
72.7026,75.315,72.5456,73.6093,1666756800,9390000.0,2022-10-26 04:00:00
72.0045,73.658,71.5874,73.4035,1666843200,9390000.0,2022-10-27 04:00:00
73.4958,73.6136,71.2113,72.2114,1666929600,11517500.0,2022-10-28 04:00:00
73.4079,74.0306,72.1655,73.464,1667188800,8955000.0,2022-10-31 04:00:00
74.1948,75.6665,74.0581,74.2627,1667275200,8722500.0,2022-11-01 04:00:00
69.8228,74.0067,69.5535,73.1452,1667361600,15147500.0,2022-11-02 04:00:00
71.6899,74.7123,71.5733,72.6037,1667448000,18565000.0,2022-11-03 04:00:00
73.6011,75.2404,72.7254,74.0106,1667534400,10967500.0,2022-11-04 04:00:00
72.0076,74.0891,70.5979,73.6643,1667797200,10847500.0,2022-11-07 05:00:00
73.0038,74.3294,71.88,72.085,1667883600,7942500.0,2022-11-08 05:00:00
73.2641,73.9128,71.8604,72.2503,1667970000,8987500.0,2022-11-09 05:00:00
76.4325,76.7777,75.2502,76.4463,1668056400,12905000.0,2022-11-10 05:00:00
79.1521,79.8436,76.032,76.032,1668142800,11070000.0,2022-11-11 05:00:00
77.7181,79.2994,77.5124,78.3959,1668402000,10392500.0,2022-11-14 05:00:00
78.6075,80.9659,77.5599,79.696,1668488400,10280000.0,2022-11-15 05:00:00
79.074,79.665,78.1402,78.8843,1668574800,7562500.0,2022-11-16 05:00:00
76.2068,77.4511,74.7029,76.9984,1668661200,12372500.0,2022-11-17 05:00:00
76.1879,77.4413,75.6076,76.9532,1668747600,7652500.0,2022-11-18 05:00:00
75.3716,76.5075,74.6067,75.507,1669006800,6997500.0,2022-11-21 05:00:00
76.4506,76.5716,74.5792,75.7843,1669093200,8177500.0,2022-11-22 05:00:00
77.3333,78.6114,76.6379,76.7612,1669179600,6360000.0,2022-11-23 05:00:00
77.9294,78.3868,77.0887,77.2952,1669352400,4220000.0,2022-11-25 05:00:00
77.94,78.7253,77.6714,77.984,1669611600,8285000.0,2022-11-28 05:00:00
79.2067,79.6155,77.9522,77.9522,1669698000,7117500.0,2022-11-29 05:00:00
81.6526,81.8588,79.012,79.7894,1669784400,11102500.0,2022-11-30 05:00:00
80.9003,82.4847,80.4177,81.8195,1669870800,7297500.0,2022-12-01 05:00:00
81.8878,82.2432,79.504,79.7753,1669957200,6760000.0,2022-12-02 05:00:00
80.7523,81.9444,80.3694,80.7346,1670216400,6975000.0,2022-12-05 05:00:00
80.1896,81.4759,79.4561,80.8119,1670302800,6570000.0,2022-12-06 05:00:00
76.7879,78.0476,76.1871,77.6023,1670389200,10385000.0,2022-12-07 05:00:00
78.9554,79.3493,76.5162,77.0561,1670475600,7852500.0,2022-12-08 05:00:00
79.3175,79.7584,78.1909,78.5977,1670562000,6050000.0,2022-12-09 05:00:00
81.6742,81.7488,79.1219,79.3198,1670821200,8375000.0,2022-12-12 05:00:00
80.411,84.5159,80.0376,84.5159,1670907600,10472500.0,2022-12-13 05:00:00
78.7999,81.2682,78.0621,80.7727,1670994000,10037500.0,2022-12-14 05:00:00
77.1857,77.5992,76.6603,77.2308,1671080400,8557500.0,2022-12-15 05:00:00
76.12,77.4445,75.7061,76.5452,1671166800,20197500.0,2022-12-16 05:00:00
75.8408,76.9407,75.3759,76.6505,1671426000,6962500.0,2022-12-19 05:00:00
76.9037,77.0844,75.5769,75.5769,1671512400,6132500.0,2022-12-20 05:00:00
77.3903,78.4344,77.2701,77.574,1671598800,6275000.0,2022-12-21 05:00:00
75.9017,76.4793,74.896,76.4793,1671685200,6317500.0,2022-12-22 05:00:00
77.4146,77.4861,75.3413,75.6437,1671771600,3945000.0,2022-12-23 05:00:00
78.465,79.0194,77.0482,77.6643,1672117200,5787500.0,2022-12-27 05:00:00
76.9167,79.7109,76.7797,78.827,1672203600,6022500.0,2022-12-28 05:00:00
78.6707,79.0461,77.5347,77.936,1672290000,5165000.0,2022-12-29 05:00:00
79.1329,79.224,77.669,77.7197,1672376400,4917500.0,2022-12-30 05:00:00
79.7977,80.457,78.7516,80.0576,1672722000,6672500.0,2023-01-03 05:00:00
82.8695,82.9932,80.7625,81.2356,1672808400,9202500.0,2023-01-04 05:00:00
84.2242,84.5591,81.8898,81.8898,1672894800,9400000.0,2023-01-05 05:00:00
85.5714,86.0407,84.4684,85.0166,1672981200,8760000.0,2023-01-06 05:00:00
86.7164,87.2705,85.7941,86.1899,1673240400,6790000.0,2023-01-09 05:00:00
87.2088,87.2092,85.5742,86.4082,1673326800,5417500.0,2023-01-10 05:00:00
87.3604,88.2031,86.9948,87.3031,1673413200,7247500.0,2023-01-11 05:00:00
88.6153,89.043,86.9614,87.3887,1673499600,7302500.0,2023-01-12 05:00:00
90.3655,90.3918,87.2563,87.3031,1673586000,7267500.0,2023-01-13 05:00:00
91.6487,91.7394,90.2308,90.2308,1673931600,8600000.0,2023-01-17 05:00:00
90.1735,93.2468,90.0553,92.6688,1674018000,7677500.0,2023-01-18 05:00:00
90.9176,91.1901,89.0705,89.1349,1674104400,7105000.0,2023-01-19 05:00:00
92.052,92.2954,91.1092,91.3778,1674190800,7592500.0,2023-01-20 05:00:00
94.3015,94.3879,91.483,91.8835,1674450000,8522500.0,2023-01-23 05:00:00
94.3314,95.4512,93.9988,94.3424,1674536400,5927500.0,2023-01-24 05:00:00
93.8763,93.9642,89.908,90.2441,1674622800,7607500.0,2023-01-25 05:00:00
95.4626,95.5691,94.1417,94.2395,1674709200,5950000.0,2023-01-26 05:00:00
96.7726,97.1684,95.0947,95.0947,1674795600,7475000.0,2023-01-27 05:00:00
95.6916,96.4502,94.7841,95.5726,1675054800,7930000.0,2023-01-30 05:00:00
95.5785,95.6527,94.3746,95.0185,1675141200,8452500.0,2023-01-31 05:00:00
96.0355,96.6834,93.8527,95.1167,1675227600,10280000.0,2023-02-01 05:00:00
96.387,97.5689,95.7693,96.4325,1675314000,8650000.0,2023-02-02 05:00:00
96.4019,97.0753,94.6274,95.1304,1675400400,7182500.0,2023-02-03 05:00:00
96.9862,97.1794,95.2569,95.41,1675659600,6152500.0,2023-02-06 05:00:00
97.6631,97.7727,94.7452,96.7847,1675746000,10705000.0,2023-02-07 05:00:00
95.2243,97.6152,95.0307,96.7054,1675832400,8765000.0,2023-02-08 05:00:00
95.6578,97.801,95.6366,96.6669,1675918800,8725000.0,2023-02-09 05:00:00
92.2122,94.4217,91.5391,93.5998,1676005200,14190000.0,2023-02-10 05:00:00
95.1438,95.529,92.9276,93.334,1676264400,6725000.0,2023-02-13 05:00:00
97.0294,97.4252,94.6306,94.9514,1676350800,6590000.0,2023-02-14 05:00:00
98.8172,98.9287,97.4601,98.1661,1676437200,7482500.0,2023-02-15 05:00:00
97.8983,99.619,96.9685,97.1766,1676523600,8530000.0,2023-02-16 05:00:00
96.6744,97.1715,95.9087,96.8169,1676610000,7175000.0,2023-02-17 05:00:00
95.2404,96.1914,94.8308,94.8308,1676955600,5630000.0,2023-02-21 05:00:00
95.2883,96.1899,94.9699,95.1532,1677042000,4150000.0,2023-02-22 05:00:00
95.2797,96.3615,93.5543,95.4073,1677128400,10490000.0,2023-02-23 05:00:00
96.3002,97.7424,94.4374,95.4175,1677214800,14092500.0,2023-02-24 05:00:00
98.9939,99.2954,97.1892,97.3961,1677474000,9072500.0,2023-02-27 05:00:00
99.1085,100.0859,98.2113,98.6311,1677560400,8500000.0,2023-02-28 05:00:00
100.2205,100.2963,99.1443,99.3441,1677646800,8222500.0,2023-03-01 05:00:00
101.2222,101.4488,99.2585,99.7234,1677733200,8217500.0,2023-03-02 05:00:00
102.8938,103.2021,101.6726,102.0928,1677819600,10477500.0,2023-03-03 05:00:00
102.6201,103.1318,101.0978,101.0978,1678078800,11200000.0,2023-03-06 05:00:00
101.2643,103.2708,100.9709,102.0838,1678165200,7430000.0,2023-03-07 05:00:00
101.4201,102.0944,100.667,101.2054,1678251600,5285000.0,2023-03-08 05:00:00
98.3778,101.5968,98.3055,100.9701,1678338000,8157500.0,2023-03-09 05:00:00
97.4,99.1317,96.6532,98.5152,1678424400,9590000.0,2023-03-10 05:00:00
95.7666,96.8963,95.5329,96.5896,1678680000,10455000.0,2023-03-13 04:00:00
97.2139,98.6907,96.5955,98.1277,1678766400,9472500.0,2023-03-14 04:00:00
94.8571,95.595,93.579,94.9714,1678852800,10640000.0,2023-03-15 04:00:00
95.8066,96.2986,94.2792,94.3958,1678939200,8440000.0,2023-03-16 04:00:00
95.8435,96.0304,93.9572,95.8066,1679025600,19970000.0,2023-03-17 04:00:00
97.9199,98.3189,95.7367,96.2236,1679284800,8072500.0,2023-03-20 04:00:00
100.9666,101.3742,98.8655,98.8655,1679371200,7062500.0,2023-03-21 04:00:00
100.453,102.5636,100.4043,101.2042,1679457600,6827500.0,2023-03-22 04:00:00
99.6881,102.7065,99.1026,101.033,1679544000,8812500.0,2023-03-23 04:00:00
98.1398,98.7112,96.8319,98.5623,1679630400,8240000.0,2023-03-24 04:00:00
98.4924,99.8467,98.3421,99.1478,1679889600,6160000.0,2023-03-27 04:00:00
99.9378,100.2936,98.4924,98.9515,1679976000,5895000.0,2023-03-28 04:00:00
100.9843,101.4846,100.3313,101.3636,1680062400,5917500.0,2023-03-29 04:00:00
102.476,103.0544,101.3271,101.6373,1680148800,6635000.0,2023-03-30 04:00:00
104.1507,104.4825,102.9562,103.1019,1680235200,9145000.0,2023-03-31 04:00:00
104.6526,105.1234,103.2708,103.8515,1680494400,5577500.0,2023-04-03 04:00:00
103.5979,105.0358,103.0744,104.9255,1680580800,6517500.0,2023-04-04 04:00:00
102.7053,103.473,101.7001,103.3894,1680667200,6522500.0,2023-04-05 04:00:00
101.4586,102.3186,100.208,102.3186,1680753600,6817500.0,2023-04-06 04:00:00
101.0157,101.5069,100.2154,100.7208,1681099200,5145000.0,2023-04-10 04:00:00
100.7762,101.6483,100.5637,101.3785,1681185600,5917500.0,2023-04-11 04:00:00
100.0215,101.6185,99.5216,101.6161,1681272000,6905000.0,2023-04-12 04:00:00
103.2562,103.314,100.5417,100.8755,1681358400,8365000.0,2023-04-13 04:00:00
104.0506,104.3694,102.7061,103.1314,1681444800,4635000.0,2023-04-14 04:00:00
105.079,105.0841,103.3481,103.3481,1681704000,4392500.0,2023-04-17 04:00:00
105.8891,106.8774,105.5408,105.8675,1681790400,6125000.0,2023-04-18 04:00:00
105.088,105.8176,104.942,105.3853,1681876800,4962500.0,2023-04-19 04:00:00
104.479,106.0077,104.3235,104.6157,1681963200,6192500.0,2023-04-20 04:00:00
105.5219,105.6158,103.3886,104.5516,1682049600,5252500.0,2023-04-21 04:00:00
105.2219,106.2943,104.7181,105.9311,1682308800,6090000.0,2023-04-24 04:00:00
103.8606,105.0578,103.7106,105.0578,1682395200,7090000.0,2023-04-25 04:00:00
101.9895,104.4507,101.5356,103.7985,1682481600,8935000.0,2023-04-26 04:00:00
103.6414,103.6968,101.2018,102.9566,1682568000,9422500.0,2023-04-27 04:00:00
105.4819,105.7807,102.9056,103.3175,1682654400,7382500.0,2023-04-28 04:00:00
105.6696,106.804,105.1838,105.2467,1682913600,6307500.0,2023-05-01 04:00:00
106.6497,107.2661,105.5031,105.5031,1683000000,7287500.0,2023-05-02 04:00:00
103.9073,106.8688,103.4977,106.8688,1683086400,9997500.0,2023-05-03 04:00:00
102.233,103.899,102.1159,102.5216,1683172800,12195000.0,2023-05-04 04:00:00
100.8873,104.062,99.1219,103.2833,1683259200,19705000.0,2023-05-05 04:00:00
103.6426,103.9835,101.0373,101.0373,1683518400,8622500.0,2023-05-08 04:00:00
103.4636,104.629,102.4297,103.0917,1683604800,8487500.0,2023-05-09 04:00:00
103.8959,104.6051,102.039,103.4636,1683691200,10295000.0,2023-05-10 04:00:00
104.3145,104.7786,103.4824,103.5405,1683777600,5307500.0,2023-05-11 04:00:00
103.303,105.2235,103.0745,105.2235,1683864000,5507500.0,2023-05-12 04:00:00
103.9018,104.1774,102.9154,103.1526,1684123200,4967500.0,2023-05-15 04:00:00
103.9116,105.7167,103.9112,104.4488,1684209600,5630000.0,2023-05-16 04:00:00
105.8898,106.0092,103.6882,104.523,1684296000,7440000.0,2023-05-17 04:00:00
109.1992,109.4297,105.7972,105.9688,1684382400,8440000.0,2023-05-18 04:00:00
108.582,109.1988,108.121,109.1988,1684468800,8590000.0,2023-05-19 04:00:00
105.8475,109.4038,105.7454,108.5454,1684728000,7070000.0,2023-05-22 04:00:00
103.5649,105.2372,103.0002,105.0868,1684814400,7242500.0,2023-05-23 04:00:00
103.107,103.7875,101.9114,102.9665,1684900800,6752500.0,2023-05-24 04:00:00
101.9895,103.5708,100.9592,103.5637,1684987200,9507500.0,2023-05-25 04:00:00
101.7445,104.6176,101.6361,102.681,1685073600,11632500.0,2023-05-26 04:00:00
99.2959,102.3378,98.9566,101.9051,1685419200,12142500.0,2023-05-30 04:00:00
98.5105,99.0708,96.4749,98.8246,1685505600,20580000.0,2023-05-31 04:00:00
100.1295,100.8441,98.1799,98.2886,1685592000,7977500.0,2023-06-01 04:00:00
103.1,103.4467,100.8551,101.2018,1685678400,8185000.0,2023-06-02 04:00:00
104.8713,105.0228,102.7752,102.7752,1685937600,7820000.0,2023-06-05 04:00:00
106.3375,107.1688,105.4112,105.5737,1686024000,7867500.0,2023-06-06 04:00:00
103.8276,107.0357,103.5288,106.4247,1686110400,7857500.0,2023-06-07 04:00:00
103.9564,105.2043,102.7603,102.7603,1686196800,5945000.0,2023-06-08 04:00:00
102.3335,104.949,102.2499,103.9564,1686283200,7960000.0,2023-06-09 04:00:00
102.3025,103.1632,101.3114,103.1228,1686542400,7937500.0,2023-06-12 04:00:00
102.6445,103.2676,101.4967,103.2676,1686628800,6677500.0,2023-06-13 04:00:00
102.4772,103.0155,101.2823,101.911,1686715200,5857500.0,2023-06-14 04:00:00
104.9082,105.1697,101.5894,101.9177,1686801600,9960000.0,2023-06-15 04:00:00
103.7023,106.1062,103.3556,106.1062,1686888000,20722500.0,2023-06-16 04:00:00
103.5319,104.8403,102.6413,102.8781,1687233600,7312500.0,2023-06-20 04:00:00
103.8126,104.6529,102.8781,103.5319,1687320000,6122500.0,2023-06-21 04:00:00
105.1516,105.3197,103.7027,103.7526,1687406400,5627500.0,2023-06-22 04:00:00
103.0324,104.3742,102.8483,103.5869,1687492800,8115000.0,2023-06-23 04:00:00
102.7116,104.1178,102.2891,102.6417,1687752000,5650000.0,2023-06-26 04:00:00
106.0336,106.9182,103.9595,103.9595,1687838400,9705000.0,2023-06-27 04:00:00
104.7028,106.91,104.5685,105.9405,1687924800,6055000.0,2023-06-28 04:00:00
104.2882,105.0735,103.3886,104.8972,1688011200,5600000.0,2023-06-29 04:00:00
106.0324,106.8048,105.1128,105.4548,1688097600,7665000.0,2023-06-30 04:00:00
106.8358,107.7106,105.3645,105.772,1688356800,4482500.0,2023-07-03 04:00:00
104.9985,106.9277,104.7503,106.6237,1688529600,6920000.0,2023-07-05 04:00:00
103.3764,104.4488,103.0548,104.1024,1688616000,7730000.0,2023-07-06 04:00:00
103.5421,104.521,103.1923,103.1923,1688702400,6722500.0,2023-07-07 04:00:00
107.1515,107.3341,103.5456,103.5456,1688961600,10027500.0,2023-07-10 04:00:00
109.2943,109.5212,107.3396,107.587,1689048000,6952500.0,2023-07-11 04:00:00
109.4933,110.7887,109.2043,110.111,1689134400,7672500.0,2023-07-12 04:00:00
111.3019,112.028,110.8865,110.9277,1689220800,7777500.0,2023-07-13 04:00:00
112.5738,112.6068,111.0479,111.7048,1689307200,5965000.0,2023-07-14 04:00:00
115.8227,116.032,112.1933,112.1933,1689566400,6290000.0,2023-07-17 04:00:00
117.0773,117.1935,114.6581,115.3107,1689652800,7700000.0,2023-07-18 04:00:00
114.9675,117.7208,114.9239,117.0321,1689739200,7497500.0,2023-07-19 04:00:00
114.5599,116.7341,114.5065,114.6659,1689825600,6430000.0,2023-07-20 04:00:00
114.7853,116.7392,114.781,115.4084,1689912000,17470000.0,2023-07-21 04:00:00
113.6277,114.6455,112.7344,114.1232,1690171200,6377500.0,2023-07-24 04:00:00
115.5388,116.2531,113.3038,113.3038,1690257600,6142500.0,2023-07-25 04:00:00
116.1564,116.4725,114.7872,115.5388,1690344000,4172500.0,2023-07-26 04:00:00
116.0677,117.4998,115.922,116.7949,1690430400,5587500.0,2023-07-27 04:00:00
118.2804,118.4367,117.0631,117.3286,1690516800,4727500.0,2023-07-28 04:00:00
116.6528,118.4908,116.4423,117.7994,1690776000,9212500.0,2023-07-31 04:00:00
114.4346,115.8839,114.4173,115.5298,1690862400,7625000.0,2023-08-01 04:00:00
113.2806,114.2677,112.6947,113.4801,1690948800,7087500.0,2023-08-02 04:00:00
111.5132,111.9094,109.7246,110.5343,1691035200,16385000.0,2023-08-03 04:00:00
120.2794,124.3474,115.8364,123.8857,1691121600,24370000.0,2023-08-04 04:00:00
127.3415,127.4899,120.9211,121.1194,1691380800,12802500.0,2023-08-07 04:00:00
126.6724,127.2198,124.4896,125.3617,1691467200,8300000.0,2023-08-08 04:00:00
125.8356,127.6737,125.205,127.6737,1691553600,7450000.0,2023-08-09 04:00:00
126.5633,127.6831,125.8486,126.2417,1691640000,6490000.0,2023-08-10 04:00:00
125.8973,126.3387,124.3855,125.5891,1691726400,5362500.0,2023-08-11 04:00:00
127.0007,127.1032,124.8866,125.6527,1691985600,3917500.0,2023-08-14 04:00:00
125.6747,126.7855,125.4587,126.6151,1692072000,4072500.0,2023-08-15 04:00:00
125.4701,126.6979,124.9235,124.9965,1692158400,4002500.0,2023-08-16 04:00:00
122.1996,125.9487,122.0378,125.7783,1692244800,7370000.0,2023-08-17 04:00:00
120.0937,121.0499,119.1572,120.1098,1692331200,11602500.0,2023-08-18 04:00:00
119.8412,120.7172,118.556,120.433,1692590400,5862500.0,2023-08-21 04:00:00
120.7008,121.1896,119.8817,120.0215,1692676800,4667500.0,2023-08-22 04:00:00
121.6695,122.9299,120.3819,120.3819,1692763200,4677500.0,2023-08-23 04:00:00
118.8356,122.1179,118.6338,121.2132,1692849600,5657500.0,2023-08-24 04:00:00
119.4686,119.8479,118.1155,118.8356,1692936000,4937500.0,2023-08-25 04:00:00
120.5327,121.1001,120.0419,120.407,1693195200,3522500.0,2023-08-28 04:00:00
122.1525,122.5011,120.1554,120.1848,1693281600,4197500.0,2023-08-29 04:00:00
122.9272,123.6493,121.6585,121.6585,1693368000,4100000.0,2023-08-30 04:00:00
121.9235,123.3088,121.3333,122.6967,1693454400,5752500.0,2023-08-31 04:00:00
122.3107,123.1188,121.4488,123.1188,1693540800,4940000.0,2023-09-01 04:00:00
123.4789,124.1071,121.3188,121.3188,1693886400,6552500.0,2023-09-05 04:00:00
123.3442,124.0262,122.3244,122.6421,1693972800,5820000.0,2023-09-06 04:00:00
121.8615,122.5797,120.4659,122.1477,1694059200,6072500.0,2023-09-07 04:00:00
123.4184,123.6084,122.0401,122.315,1694145600,4110000.0,2023-09-08 04:00:00
124.9726,125.1339,123.484,123.7635,1694404800,4447500.0,2023-09-11 04:00:00
124.6094,125.7292,123.7192,124.2465,1694491200,4130000.0,2023-09-12 04:00:00
122.3401,124.6239,122.112,124.3655,1694577600,6272500.0,2023-09-13 04:00:00
125.5568,126.696,122.7756,124.4252,1694664000,7657500.0,2023-09-14 04:00:00
124.0879,126.3351,123.4643,125.6821,1694750400,21440000.0,2023-09-15 04:00:00
124.0164,125.7775,123.4954,123.8464,1695009600,5287500.0,2023-09-18 04:00:00
122.2267,123.3253,121.3769,122.9818,1695096000,7035000.0,2023-09-19 04:00:00
120.5052,123.0968,120.4667,123.0968,1695182400,4557500.0,2023-09-20 04:00:00
119.2236,119.7933,118.3707,119.4128,1695268800,6682500.0,2023-09-21 04:00:00
120.2551,121.5957,119.2471,119.5664,1695355200,5907500.0,2023-09-22 04:00:00
121.6439,121.9019,118.3884,118.7143,1695614400,4880000.0,2023-09-25 04:00:00
120.1781,121.4641,119.3834,120.9407,1695700800,5422500.0,2023-09-26 04:00:00
121.0451,121.7665,119.7764,120.4821,1695787200,4460000.0,2023-09-27 04:00:00
121.9157,122.4006,120.2213,121.0451,1695873600,6760000.0,2023-09-28 04:00:00
121.0958,123.1769,120.462,122.5643,1695960000,6307500.0,2023-09-29 04:00:00
121.481,122.218,120.4251,120.6187,1696219200,4017500.0,2023-10-02 04:00:00
118.2231,121.2321,117.6796,119.959,1696305600,5705000.0,2023-10-03 04:00:00
119.6241,120.1298,118.2517,118.3782,1696392000,4655000.0,2023-10-04 04:00:00
118.536,119.6064,117.413,119.3311,1696478400,4550000.0,2023-10-05 04:00:00
119.7407,119.9421,117.7008,117.7008,1696564800,5140000.0,2023-10-06 04:00:00
118.181,118.6408,115.2254,118.6408,1696824000,6062500.0,2023-10-09 04:00:00
120.1711,121.0962,118.3927,118.5655,1696910400,5512500.0,2023-10-10 04:00:00
120.6246,121.5293,119.3492,121.0585,1696996800,3630000.0,2023-10-11 04:00:00
119.7234,121.1865,118.935,120.4522,1697083200,4290000.0,2023-10-12 04:00:00
115.8392,120.4487,115.6432,119.4804,1697169600,6830000.0,2023-10-13 04:00:00
116.4828,117.8049,116.2747,116.7667,1697428800,5942500.0,2023-10-16 04:00:00
116.9512,117.8551,116.2503,116.7726,1697515200,5307500.0,2023-10-17 04:00:00
111.9188,115.8364,111.5941,115.6707,1697601600,11407500.0,2023-10-18 04:00:00
109.3649,111.415,108.7437,111.3966,1697688000,10907500.0,2023-10-19 04:00:00
108.2435,109.6767,107.8653,109.1529,1697774400,7842500.0,2023-10-20 04:00:00
110.7133,111.5741,107.6686,108.1304,1698033600,6670000.0,2023-10-23 04:00:00
111.3349,112.2589,110.623,111.397,1698120000,4712500.0,2023-10-24 04:00:00
110.4534,111.9691,110.2158,110.8343,1698206400,5885000.0,2023-10-25 04:00:00
107.6957,110.6811,107.3168,109.7713,1698292800,7230000.0,2023-10-26 04:00:00
107.832,109.341,107.4825,107.8822,1698379200,5245000.0,2023-10-27 04:00:00
109.4847,110.453,108.6365,108.6982,1698638400,5247500.0,2023-10-30 04:00:00
109.5361,110.0996,108.5725,109.8978,1698724800,5457500.0,2023-10-31 04:00:00
108.62,110.4616,108.2235,110.0639,1698811200,7762500.0,2023-11-01 04:00:00
111.4625,111.6722,108.2337,110.2213,1698897600,12622500.0,2023-11-02 04:00:00
112.253,112.6543,108.4712,109.1607,1698984000,14512500.0,2023-11-03 04:00:00
116.6775,117.8928,113.4192,113.4235,1699246800,11975000.0,2023-11-06 05:00:00
118.2666,119.1819,116.3763,116.6775,1699333200,7707500.0,2023-11-07 05:00:00
118.598,119.3983,117.9513,119.1737,1699419600,5877500.0,2023-11-08 05:00:00
118.2022,119.1081,117.7413,119.0276,1699506000,5147500.0,2023-11-09 05:00:00
120.7141,120.956,118.309,118.7033,1699592400,5660000.0,2023-11-10 05:00:00
122.4803,123.544,120.8052,120.8433,1699851600,6037500.0,2023-11-13 05:00:00
124.6121,124.9176,123.5064,124.3082,1699938000,7467500.0,2023-11-14 05:00:00
122.5435,125.9401,122.4049,125.5349,1700024400,7105000.0,2023-11-15 05:00:00
122.8588,124.113,121.814,122.2828,1700110800,6475000.0,2023-11-16 05:00:00
123.1102,123.8837,121.8591,123.8837,1700197200,5310000.0,2023-11-17 05:00:00
124.0011,124.4338,123.0595,123.3705,1700456400,5675000.0,2023-11-20 05:00:00
123.495,124.5139,123.3599,123.9249,1700542800,4605000.0,2023-11-21 05:00:00
122.904,124.4268,122.9024,124.3341,1700629200,4815000.0,2023-11-22 05:00:00
122.3382,123.1856,121.9911,123.1856,1700802000,2925000.0,2023-11-24 05:00:00
122.9354,123.409,121.3333,121.6871,1701061200,6332500.0,2023-11-27 05:00:00
123.3717,123.6041,122.5333,123.1502,1701147600,4502500.0,2023-11-28 05:00:00
122.7583,124.6317,121.8854,123.7895,1701234000,3895000.0,2023-11-29 05:00:00
122.7352,122.8412,120.9211,122.8412,1701320400,6392500.0,2023-11-30 05:00:00
124.0647,124.8395,121.6891,122.7191,1701406800,5125000.0,2023-12-01 05:00:00
123.0799,125.1716,122.337,123.5884,1701666000,5895000.0,2023-12-04 05:00:00
123.6112,124.082,121.9019,121.9019,1701752400,4592500.0,2023-12-05 05:00:00
123.6893,125.2133,122.7984,124.8779,1701838800,4727500.0,2023-12-06 05:00:00
127.1554,127.2367,124.7558,124.7974,1701925200,6982500.0,2023-12-07 05:00:00
128.5977,128.6931,126.4757,126.4757,1702011600,6122500.0,2023-12-08 05:00:00
131.4134,132.9287,129.0943,129.0943,1702270800,8267500.0,2023-12-11 05:00:00
133.6041,133.698,131.4861,131.9333,1702357200,6075000.0,2023-12-12 05:00:00
134.457,134.8175,132.7253,134.0655,1702443600,5500000.0,2023-12-13 05:00:00
135.0884,137.2355,134.2324,135.6224,1702530000,6885000.0,2023-12-14 05:00:00
136.6127,137.2362,134.8905,135.1508,1702616400,22607500.0,2023-12-15 05:00:00
136.2754,137.04,135.8796,136.7996,1702875600,5050000.0,2023-12-18 05:00:00
138.033,138.5866,136.6053,136.9437,1702962000,5410000.0,2023-12-19 05:00:00
136.2236,139.0869,136.0104,138.8498,1703048400,7897500.0,2023-12-20 05:00:00
138.2002,138.3797,136.7246,136.7246,1703134800,5450000.0,2023-12-21 05:00:00
138.8344,139.9637,138.2179,138.2179,1703221200,6372500.0,2023-12-22 05:00:00
140.0497,140.3505,138.4256,138.5112,1703566800,4942500.0,2023-12-26 05:00:00
138.7928,140.5983,138.5792,140.5983,1703653200,4225000.0,2023-12-27 05:00:00
139.4144,139.8942,139.0103,139.6347,1703739600,3492500.0,2023-12-28 05:00:00
139.2867,140.374,138.6196,139.6778,1703826000,4112500.0,2023-12-29 05:00:00
136.6693,138.6887,136.0473,138.2179,1704171600,8335000.0,2024-01-02 05:00:00
133.87,136.674,133.7035,135.9609,1704258000,8185000.0,2024-01-03 05:00:00
134.2889,135.417,132.8816,133.5059,1704344400,4415000.0,2024-01-04 05:00:00
133.8256,135.4496,133.2806,134.2819,1704430800,8045000.0,2024-01-05 05:00:00
135.9734,136.0583,133.7737,133.9626,1704690000,6617500.0,2024-01-08 05:00:00
137.0097,137.0595,135.1159,135.1159,1704776400,5607500.0,2024-01-09 05:00:00
138.2631,138.9149,137.1864,137.1864,1704862800,3712500.0,2024-01-10 05:00:00
139.4854,139.5117,136.8813,137.5327,1704949200,4187500.0,2024-01-11 05:00:00
137.5268,140.4455,137.3902,140.2672,1705035600,4180000.0,2024-01-12 05:00:00
137.5779,137.8252,136.123,137.3462,1705381200,4330000.0,2024-01-16 05:00:00
137.036,137.8582,135.9228,137.3046,1705467600,4560000.0,2024-01-17 05:00:00
138.5639,139.0245,136.7081,137.3541,1705554000,5575000.0,2024-01-18 05:00:00
142.0075,142.2463,139.4552,139.8628,1705640400,5877500.0,2024-01-19 05:00:00
137.669,144.0946,136.6712,143.4431,1705899600,11410000.0,2024-01-22 05:00:00
137.0643,138.6499,136.8848,138.3455,1705986000,5955000.0,2024-01-23 05:00:00
137.3049,138.318,136.5098,137.4326,1706072400,6522500.0,2024-01-24 05:00:00
137.5602,139.0138,137.0973,138.2175,1706158800,6952500.0,2024-01-25 05:00:00
138.2022,138.8737,136.6473,137.2732,1706245200,5240000.0,2024-01-26 05:00:00
139.5483,139.9511,137.3062,138.3161,1706504400,5487500.0,2024-01-29 05:00:00
139.5981,140.3964,138.4025,138.4535,1706590800,4637500.0,2024-01-30 05:00:00
137.7259,139.5416,137.475,138.6105,1706677200,4660000.0,2024-01-31 05:00:00
139.7277,141.342,137.892,141.0549,1706763600,4912500.0,2024-02-01 05:00:00
139.8432,140.7086,137.8842,138.962,1706850000,4940000.0,2024-02-02 05:00:00
142.3409,142.4858,138.823,139.0425,1707109200,5770000.0,2024-02-05 05:00:00
143.1239,143.7231,141.5725,142.7336,1707195600,6925000.0,2024-02-06 05:00:00
145.6362,147.071,143.1781,143.3265,1707282000,7120000.0,2024-02-07 05:00:00
150.7918,150.9701,146.3048,147.2492,1707368400,9412500.0,2024-02-08 05:00:00
147.5704,147.7157,143.8334,145.2859,1707454800,9972500.0,2024-02-09 05:00:00
148.8289,150.2727,147.2359,147.5284,1707714000,6182500.0,2024-02-12 05:00:00
147.1554,148.7331,145.3691,147.0529,1707800400,6602500.0,2024-02-13 05:00:00
146.7902,148.0428,145.0895,146.904,1707886800,6342500.0,2024-02-14 05:00:00
147.2751,147.7491,145.7504,147.3529,1707973200,7437500.0,2024-02-15 05:00:00
145.9471,147.4919,145.6381,147.4141,1708059600,5240000.0,2024-02-16 05:00:00
145.3197,146.4706,144.8367,145.6393,1708405200,6372500.0,2024-02-20 05:00:00
146.9009,147.3584,145.6617,145.9361,1708491600,5620000.0,2024-02-21 05:00:00
153.2173,153.846,148.2257,149.3727,1708578000,11850000.0,2024-02-22 05:00:00
137.6666,145.2191,137.0922,145.2191,1708664400,23962500.0,2024-02-23 05:00:00
137.4228,140.8174,137.338,139.7635,1708923600,10830000.0,2024-02-26 05:00:00
136.5734,138.7567,135.9943,138.073,1709010000,9822500.0,2024-02-27 05:00:00
137.261,137.7216,135.8619,136.5734,1709096400,8490000.0,2024-02-28 05:00:00
136.2086,138.0216,135.5278,137.656,1709182800,12022500.0,2024-02-29 05:00:00
137.422,137.8928,135.6326,136.7474,1709269200,8710000.0,2024-03-01 05:00:00
135.9169,137.5202,135.5674,135.9322,1709528400,6770000.0,2024-03-04 05:00:00
134.6938,136.3846,134.1221,135.5478,1709614800,7187500.0,2024-03-05 05:00:00
134.6066,135.3696,133.4655,134.8018,1709701200,5912500.0,2024-03-06 05:00:00
136.9088,137.1584,134.1987,135.1664,1709787600,6767500.0,2024-03-07 05:00:00
137.2213,138.178,135.8404,136.8781,1709874000,7635000.0,2024-03-08 05:00:00
137.8922,139.596,136.8584,136.9088,1710129600,5887500.0,2024-03-11 04:00:00
137.7843,139.4944,137.6875,138.661,1710216000,4710000.0,2024-03-12 04:00:00
137.7843,138.5606,137.0848,137.7843,1710302400,5815000.0,2024-03-13 04:00:00
138.2394,139.7526,137.7953,139.7526,1710388800,8697500.0,2024-03-14 04:00:00
134.3979,137.8236,134.2023,137.717,1710475200,19277500.0,2024-03-15 04:00:00
135.8525,136.6033,134.8833,136.4663,1710734400,5775000.0,2024-03-18 04:00:00
138.0197,138.1854,135.6199,135.9778,1710820800,4692500.0,2024-03-19 04:00:00
140.8742,142.6264,137.7847,138.1811,1710907200,10760000.0,2024-03-20 04:00:00
143.6031,144.0905,141.1958,142.3229,1710993600,7607500.0,2024-03-21 04:00:00
142.6945,143.5366,141.8966,142.704,1711080000,5135000.0,2024-03-22 04:00:00
142.7816,142.8953,140.5203,142.0533,1711339200,4165000.0,2024-03-25 04:00:00
144.1255,145.2211,143.3193,143.65,1711425600,6872500.0,2024-03-26 04:00:00
144.6145,146.1076,143.931,144.7892,1711512000,5230000.0,2024-03-27 04:00:00
142.8185,145.4467,142.4453,145.264,1711598400,6852500.0,2024-03-28 04:00:00
140.4955,143.8802,139.6739,143.7299,1711944000,5690000.0,2024-04-01 04:00:00
140.386,141.1332,138.5165,138.5165,1712030400,6430000.0,2024-04-02 04:00:00
142.9957,143.5362,141.5407,141.6816,1712116800,6375000.0,2024-04-03 04:00:00
138.6476,144.535,138.5047,144.0043,1712203200,8065000.0,2024-04-04 04:00:00
141.7958,142.1335,138.9653,138.9653,1712289600,6462500.0,2024-04-05 04:00:00
141.767,143.0693,141.2938,141.3226,1712548800,4140000.0,2024-04-08 04:00:00
140.9919,142.2808,138.9984,142.1146,1712635200,3950000.0,2024-04-09 04:00:00
141.175,142.4036,139.6318,140.6411,1712721600,4525000.0,2024-04-10 04:00:00
143.2118,143.9574,140.4632,140.8124,1712808000,4362500.0,2024-04-11 04:00:00
139.0361,141.6651,137.8433,140.9088,1712894400,6020000.0,2024-04-12 04:00:00
137.2186,142.7142,137.0355,141.0545,1713153600,5190000.0,2024-04-15 04:00:00
136.5155,137.6847,135.847,136.6241,1713240000,5582500.0,2024-04-16 04:00:00
135.5762,137.5249,135.051,136.7206,1713326400,4272500.0,2024-04-17 04:00:00
135.0341,137.2001,134.7979,136.6033,1713412800,3917500.0,2024-04-18 04:00:00
134.431,136.9257,134.0507,136.2297,1713499200,5470000.0,2024-04-19 04:00:00
136.3277,137.4898,134.8129,135.4664,1713758400,5057500.0,2024-04-22 04:00:00
139.1224,139.6306,136.5332,136.5332,1713844800,3805000.0,2024-04-23 04:00:00
138.474,140.5837,137.991,137.991,1713931200,3897500.0,2024-04-24 04:00:00
137.8819,138.7685,136.4565,138.6787,1714017600,3567500.0,2024-04-25 04:00:00
138.6142,139.4326,137.1635,137.1635,1714104000,3650000.0,2024-04-26 04:00:00
138.3669,139.0468,137.282,138.6142,1714363200,3662500.0,2024-04-29 04:00:00
135.8959,138.4197,135.5888,138.2878,1714449600,5802500.0,2024-04-30 04:00:00
134.4633,137.1981,134.0535,135.314,1714536000,5655000.0,2024-05-01 04:00:00
136.7178,137.3083,133.6094,135.4223,1714622400,11355000.0,2024-05-02 04:00:00
140.8305,147.5555,140.4183,145.6577,1714708800,13365000.0,2024-05-03 04:00:00
141.6584,142.4579,138.6082,142.4579,1714968000,8750000.0,2024-05-06 04:00:00
141.934,142.6288,139.753,140.9632,1715054400,6657500.0,2024-05-07 04:00:00
144.083,144.2248,140.6581,141.8706,1715140800,6830000.0,2024-05-08 04:00:00
148.8082,149.6306,143.2957,143.2957,1715227200,10925000.0,2024-05-09 04:00:00
149.8207,150.0498,148.6267,148.9428,1715313600,7075000.0,2024-05-10 04:00:00
147.4292,149.9015,146.3458,149.6239,1715572800,5960000.0,2024-05-13 04:00:00
148.5255,148.7547,146.7993,146.8217,1715659200,5270000.0,2024-05-14 04:00:00
149.3003,149.4712,147.5945,148.9358,1715745600,4810000.0,2024-05-15 04:00:00
147.0359,149.477,147.0359,149.3003,1715832000,4957500.0,2024-05-16 04:00:00
145.9864,147.9504,145.2841,147.9504,1715918400,4960000.0,2024-05-17 04:00:00
148.3591,148.5449,145.4317,145.8144,1716177600,5497500.0,2024-05-20 04:00:00
150.4738,150.6896,147.591,148.5004,1716264000,5600000.0,2024-05-21 04:00:00
150.5825,151.6808,149.5243,150.7754,1716350400,5082500.0,2024-05-22 04:00:00
147.7315,151.5627,146.9092,151.5627,1716436800,5467500.0,2024-05-23 04:00:00
149.4113,149.8723,147.8197,148.0197,1716523200,3795000.0,2024-05-24 04:00:00
149.2054,150.1849,148.2047,149.4585,1716868800,4267500.0,2024-05-28 04:00:00
147.0076,148.6519,146.7096,147.6654,1716955200,6385000.0,2024-05-29 04:00:00
147.8079,148.2933,145.8376,147.4524,1717041600,5255000.0,2024-05-30 04:00:00
148.6633,148.9456,146.1242,147.5079,1717128000,8827500.0,2024-05-31 04:00:00
148.163,148.9815,146.2045,148.6634,1717387200,5747500.0,2024-06-03 04:00:00
149.6479,150.5297,148.3705,148.5118,1717473600,4067500.0,2024-06-04 04:00:00
150.8163,151.0903,147.7803,149.951,1717560000,3565000.0,2024-06-05 04:00:00
149.9904,151.7552,149.5944,150.8163,1717646400,3660000.0,2024-06-06 04:00:00
150.4552,150.7373,148.755,149.4368,1717732800,4035000.0,2024-06-07 04:00:00
149.4936,150.1577,147.8348,150.1577,1717992000,5667500.0,2024-06-10 04:00:00
149.4929,150.7235,148.4678,148.8726,1718078400,5482500.0,2024-06-11 04:00:00
152.9536,154.3457,150.2149,150.2149,1718164800,6412500.0,2024-06-12 04:00:00
152.1538,152.5496,150.7464,151.9116,1718251200,3842500.0,2024-06-13 04:00:00
152.2707,152.4289,150.4951,151.3991,1718337600,3592500.0,2024-06-14 04:00:00
155.9785,156.1722,152.0896,153.046,1718596800,4502500.0,2024-06-17 04:00:00
156.772,157.4009,155.3618,156.1616,1718683200,4495000.0,2024-06-18 04:00:00
156.7285,158.0038,156.3024,157.6329,1718856000,5302500.0,2024-06-20 04:00:00
157.4001,157.5414,155.4924,157.1433,1718942400,12455000.0,2024-06-21 04:00:00
157.0884,158.544,156.2519,157.4005,1719201600,4047500.0,2024-06-24 04:00:00
158.3976,159.1323,157.2778,158.4959,1719288000,3752500.0,2024-06-25 04:00:00
157.135,158.1534,156.6915,157.3638,1719374400,4377500.0,2024-06-26 04:00:00
158.2011,159.4085,157.8302,159.4085,1719460800,4212500.0,2024-06-27 04:00:00
156.3111,159.0799,155.8968,157.5935,1719547200,8030000.0,2024-06-28 04:00:00
153.2879,156.9365,152.6913,156.9365,1719806400,5777500.0,2024-07-01 04:00:00
154.5241,154.7675,152.9695,152.9695,1719892800,4905000.0,2024-07-02 04:00:00
154.5509,155.3432,153.9614,154.3781,1719979200,1985000.0,2024-07-03 04:00:00
155.0741,155.4533,154.0818,155.3436,1720152000,5042500.0,2024-07-05 04:00:00
157.2238,157.9407,154.4385,155.1791,1720411200,3987500.0,2024-07-08 04:00:00
156.9417,158.6289,156.8004,158.0208,1720497600,3770000.0,2024-07-09 04:00:00
157.4376,157.4708,155.8573,157.0458,1720584000,3975000.0,2024-07-10 04:00:00
155.3211,157.7904,154.9155,157.7904,1720670400,5735000.0,2024-07-11 04:00:00
158.8731,159.8698,155.8574,155.8574,1720756800,4940000.0,2024-07-12 04:00:00
161.3025,161.776,158.3534,159.1963,1721016000,3637500.0,2024-07-15 04:00:00
162.5292,163.5247,162.1958,162.4468,1721102400,3610000.0,2024-07-16 04:00:00
157.4214,162.1197,157.4084,161.8581,1721188800,5670000.0,2024-07-17 04:00:00
155.0903,158.7275,154.0877,157.9147,1721275200,4740000.0,2024-07-18 04:00:00
156.538,156.9219,155.0903,155.3874,1721361600,4002500.0,2024-07-19 04:00:00
154.2554,157.2242,154.0817,156.8832,1721620800,6365000.0,2024-07-22 04:00:00
154.6421,155.6755,153.9488,154.1607,1721707200,5212500.0,2024-07-23 04:00:00
150.1668,153.5321,149.9387,153.0953,1721793600,8052500.0,2024-07-24 04:00:00
144.4099,149.3863,143.7458,149.3863,1721880000,12062500.0,2024-07-25 04:00:00
146.032,146.5548,144.3811,145.9354,1721966400,5850000.0,2024-07-26 04:00:00
148.1683,149.9241,146.5959,147.3779,1722225600,5615000.0,2024-07-29 04:00:00
146.8212,149.601,145.3518,148.0491,1722312000,5492500.0,2024-07-30 04:00:00
146.5852,148.9917,145.9977,148.9917,1722398400,9827500.0,2024-07-31 04:00:00
144.5796,147.9031,143.2874,146.6334,1722484800,13797500.0,2024-08-01 04:00:00
131.3199,136.7425,129.8568,130.6673,1722571200,20037500.0,2024-08-02 04:00:00
133.5019,133.6565,125.475,126.4615,1722830400,16630000.0,2024-08-05 04:00:00
134.8296,137.7376,133.6226,134.7475,1722916800,10732500.0,2024-08-06 04:00:00
130.4317,137.0101,129.8864,134.2603,1723003200,10492500.0,2024-08-07 04:00:00
133.9525,134.5337,130.5216,130.844,1723089600,9432500.0,2024-08-08 04:00:00
135.8544,136.3653,133.9525,133.9525,1723176000,6295000.0,2024-08-09 04:00:00
135.7016,136.9757,134.1269,135.8291,1723435200,5317500.0,2024-08-12 04:00:00
140.7751,140.9523,137.0164,137.508,1723521600,6582500.0,2024-08-13 04:00:00
140.9653,142.4524,140.3758,140.9424,1723608000,4750000.0,2024-08-14 04:00:00
143.4152,144.1763,142.3329,142.8364,1723694400,5045000.0,2024-08-15 04:00:00
142.7914,143.4894,141.7426,143.4152,1723780800,4907500.0,2024-08-16 04:00:00
146.0723,146.2214,142.4592,142.6991,1724040000,4952500.0,2024-08-19 04:00:00
146.0916,146.7628,144.6333,145.6832,1724126400,4400000.0,2024-08-20 04:00:00
147.4923,147.7701,145.3277,146.0916,1724212800,6540000.0,2024-08-21 04:00:00
148.6796,149.5903,148.0613,148.0613,1724299200,4347500.0,2024-08-22 04:00:00
151.1453,152.039,148.3379,149.1212,1724385600,5582500.0,2024-08-23 04:00:00
149.8555,152.2399,149.337,151.5959,1724644800,5480000.0,2024-08-26 04:00:00
153.1525,153.9468,149.8803,149.8803,1724731200,5907500.0,2024-08-27 04:00:00
153.815,154.341,152.3192,153.0164,1724817600,5805000.0,2024-08-28 04:00:00
153.5219,155.0591,153.1853,154.4763,1724904000,5600000.0,2024-08-29 04:00:00
154.2487,155.4726,153.3202,155.0721,1724990400,5990000.0,2024-08-30 04:00:00
150.4824,154.0987,149.8681,152.9379,1725336000,6917500.0,2024-09-03 04:00:00
149.9075,150.2773,148.7349,148.998,1725422400,5490000.0,2024-09-04 04:00:00
149.2238,149.5406,147.267,148.1351,1725508800,5307500.0,2024-09-05 04:00:00
147.5714,150.0626,146.3699,149.3823,1725595200,7077500.0,2024-09-06 04:00:00
150.4007,150.6432,147.0663,148.29,1725854400,6025000.0,2024-09-09 04:00:00
151.6635,151.7668,149.41,151.0126,1725940800,4372500.0,2024-09-10 04:00:00
151.3728,151.7102,147.0964,151.7102,1726027200,6135000.0,2024-09-11 04:00:00
153.0826,154.063,150.8354,151.6457,1726113600,4655000.0,2024-09-12 04:00:00
155.5303,155.7699,154.0242,154.0832,1726200000,3992500.0,2024-09-13 04:00:00
157.3657,158.1768,155.4278,156.2188,1726459200,4512500.0,2024-09-16 04:00:00
159.8743,160.0744,157.603,158.1962,1726545600,4347500.0,2024-09-17 04:00:00
159.3155,161.1165,158.9283,160.1737,1726632000,3400000.0,2024-09-18 04:00:00
158.8887,162.3485,158.1108,162.2998,1726718400,7465000.0,2024-09-19 04:00:00
160.7278,160.8642,157.6256,158.5787,1726804800,11097500.0,2024-09-20 04:00:00
162.0356,162.3437,159.41,160.7278,1727064000,6342500.0,2024-09-23 04:00:00
165.2186,165.4254,161.5539,163.2585,1727150400,5400000.0,2024-09-24 04:00:00
165.145,165.359,164.0823,165.2186,1727236800,4917500.0,2024-09-25 04:00:00
168.8326,168.9884,165.9831,166.513,1727323200,5347500.0,2024-09-26 04:00:00
168.0084,168.9136,167.3345,168.8353,1727409600,4065000.0,2024-09-27 04:00:00
166.5854,167.2281,165.4389,166.903,1727668800,5445000.0,2024-09-30 04:00:00
162.1903,167.2134,161.5658,167.2134,1727755200,5962500.0,2024-10-01 04:00:00
163.1403,163.2838,161.0533,162.1903,1727841600,4112500.0,2024-10-02 04:00:00
162.3141,162.6866,160.6079,161.3602,1727928000,3015000.0,2024-10-03 04:00:00
165.6196,165.9795,163.5085,164.7123,1728014400,4190000.0,2024-10-04 04:00:00
164.9125,168.3319,164.5027,165.1518,1728273600,4612500.0,2024-10-07 04:00:00
167.4183,168.479,165.3151,165.3151,1728360000,4022500.0,2024-10-08 04:00:00
169.7446,170.2496,167.1846,167.253,1728446400,3847500.0,2024-10-09 04:00:00
169.5951,170.3774,168.7653,169.6259,1728532800,3110000.0,2024-10-10 04:00:00
169.457,171.1897,169.1853,170.061,1728619200,3125000.0,2024-10-11 04:00:00
169.9708,170.7804,169.4321,169.9589,1728878400,3495000.0,2024-10-14 04:00:00
170.3682,172.8756,169.0528,169.2047,1728964800,4570000.0,2024-10-15 04:00:00
171.535,172.2726,169.2245,170.0772,1729051200,3100000.0,2024-10-16 04:00:00
172.8598,173.8162,172.3161,172.4339,1729137600,3717500.0,2024-10-17 04:00:00
172.0709,173.1367,171.4254,172.8599,1729224000,3652500.0,2024-10-18 04:00:00
172.581,173.071,170.9797,170.9797,1729483200,3307500.0,2024-10-21 04:00:00
173.1371,173.8181,171.2806,171.3158,1729569600,3105000.0,2024-10-22 04:00:00
170.5755,172.8428,168.8982,172.2006,1729656000,4445000.0,2024-10-23 04:00:00
171.5927,171.6939,169.639,170.0641,1729742400,3995000.0,2024-10-24 04:00:00
171.9522,173.0271,171.4119,173.0271,1729828800,3740000.0,2024-10-25 04:00:00
171.9431,173.2245,170.8551,173.2245,1730088000,5382500.0,2024-10-28 04:00:00
175.1051,175.6322,171.3349,171.3349,1730174400,5047500.0,2024-10-29 04:00:00
176.5443,177.096,173.4226,173.4226,1730260800,8017500.0,2024-10-30 04:00:00
184.9413,192.074,183.6591,187.2253,1730347200,12850000.0,2024-10-31 04:00:00
187.8228,189.4447,184.6546,184.6546,1730433600,12992500.0,2024-11-01 04:00:00
188.9045,190.8242,186.9978,188.7277,1730696400,5000000.0,2024-11-04 05:00:00
194.3828,194.4236,188.649,188.649,1730782800,9630000.0,2024-11-05 05:00:00
197.7924,200.138,195.4566,199.1944,1730869200,6807500.0,2024-11-06 05:00:00
194.6158,198.4184,194.3061,198.2681,1730955600,8380000.0,2024-11-07 05:00:00
195.5017,196.7803,194.6933,194.6933,1731042000,7060000.0,2024-11-08 05:00:00
200.3318,200.4916,195.2142,195.2142,1731301200,4385000.0,2024-11-11 05:00:00
198.6518,199.752,197.5954,198.8926,1731387600,7787500.0,2024-11-12 05:00:00
197.2486,199.0884,196.6517,197.6662,1731474000,4982500.0,2024-11-13 05:00:00
196.5976,197.548,195.845,196.0843,1731560400,6052500.0,2024-11-14 05:00:00
196.7641,196.9456,195.0757,196.5588,1731646800,5890000.0,2024-11-15 05:00:00
198.4485,198.9092,195.0145,196.5347,1731906000,5730000.0,2024-11-18 05:00:00
196.8353,197.5001,195.2581,197.5001,1731992400,5115000.0,2024-11-19 05:00:00
198.3951,198.4987,194.0684,196.4327,1732078800,4185000.0,2024-11-20 05:00:00
206.087,206.1162,198.3955,199.7473,1732165200,6067500.0,2024-11-21 05:00:00
204.7514,206.2879,203.3154,205.7556,1732251600,6165000.0,2024-11-22 05:00:00
202.0494,207.1184,200.6593,206.1693,1732510800,11112500.0,2024-11-25 05:00:00
206.2373,206.2483,202.0957,202.0957,1732597200,4067500.0,2024-11-26 05:00:00
206.5707,206.8416,204.1127,205.1683,1732683600,4277500.0,2024-11-27 05:00:00
205.7334,206.8416,204.7597,204.7597,1732856400,3317500.0,2024-11-29 05:00:00
206.6154,206.9678,205.0635,205.9086,1733115600,5147500.0,2024-12-02 05:00:00
206.2238,207.9569,205.82,206.6154,1733202000,4897500.0,2024-12-03 05:00:00
207.362,207.5799,204.1431,205.6551,1733288400,5080000.0,2024-12-04 05:00:00
209.1331,210.7965,205.6551,207.786,1733374800,4592500.0,2024-12-05 05:00:00
209.9709,211.4311,208.3728,208.3728,1733461200,4707500.0,2024-12-06 05:00:00
203.9994,209.177,203.7015,207.5805,1733720400,6825000.0,2024-12-09 05:00:00
205.4148,206.9336,202.4929,204.966,1733806800,6367500.0,2024-12-10 05:00:00
209.6801,209.7812,206.7399,208.1082,1733893200,4910000.0,2024-12-11 05:00:00
208.7266,211.4327,208.2005,209.9574,1733979600,3687500.0,2024-12-12 05:00:00
207.0897,208.3891,206.5347,207.5806,1734066000,4102500.0,2024-12-13 05:00:00
204.0996,207.2399,203.6662,206.259,1734325200,8562500.0,2024-12-16 05:00:00
204.2117,205.0947,202.4243,203.1833,1734411600,5512500.0,2024-12-17 05:00:00
195.8289,204.6994,195.6902,204.2117,1734498000,7907500.0,2024-12-18 05:00:00
197.2966,198.8915,195.9671,197.9574,1734584400,6955000.0,2024-12-19 05:00:00
199.9979,201.4486,196.3074,196.3074,1734670800,11595000.0,2024-12-20 05:00:00
200.5735,200.9011,198.2759,200.7189,1734930000,4130000.0,2024-12-23 05:00:00
202.9433,202.9433,200.0811,201.4906,1735016400,1965000.0,2024-12-24 05:00:00
201.8776,203.0581,201.7493,201.7992,1735189200,1717500.0,2024-12-26 05:00:00
199.5542,201.1883,198.712,200.4499,1735275600,2912500.0,2024-12-27 05:00:00
197.7114,198.7259,195.6186,197.776,1735534800,3692500.0,2024-12-30 05:00:00
196.822,198.3595,196.6176,197.6769,1735621200,2632500.0,2024-12-31 05:00:00
195.1134,199.6529,193.9797,197.7034,1735794000,3532500.0,2025-01-02 05:00:00
194.2641,196.5657,193.2741,195.6082,1735880400,4137500.0,2025-01-03 05:00:00
194.4994,195.8019,191.9546,195.8019,1736139600,6955000.0,2025-01-06 05:00:00
189.9956,193.6901,189.6748,193.3752,1736226000,5507500.0,2025-01-07 05:00:00
193.019,193.21,189.5757,190.5027,1736312400,6657500.0,2025-01-08 05:00:00
187.7554,191.5703,186.195,190.515,1736485200,7655000.0,2025-01-10 05:00:00
188.72,189.3808,184.6168,186.5963,1736744400,5247500.0,2025-01-13 05:00:00
189.3107,190.5098,188.2122,189.4303,1736830800,5152500.0,2025-01-14 05:00:00
191.3243,194.0934,190.7725,192.1994,1736917200,5757500.0,2025-01-15 05:00:00
192.7251,194.175,190.0776,190.8545,1737003600,4710000.0,2025-01-16 05:00:00
195.1733,197.1603,193.8917,196.0923,1737090000,6502500.0,2025-01-17 05:00:00
185.6503,195.483,182.8214,195.1198,1737435600,10147500.0,2025-01-21 05:00:00
182.9882,186.3673,182.0652,185.4582,1737522000,9322500.0,2025-01-22 05:00:00
190.8687,191.0395,182.5857,183.0453,1737608400,10057500.0,2025-01-23 05:00:00
188.7593,191.2594,187.1311,190.2294,1737694800,6000000.0,2025-01-24 05:00:00
185.2126,189.4038,184.4801,184.4801,1737954000,7490000.0,2025-01-27 05:00:00
185.5818,188.2296,184.6041,185.0042,1738040400,8275000.0,2025-01-28 05:00:00
187.0547,187.9321,185.7438,186.4089,1738126800,4477500.0,2025-01-29 05:00:00
189.1332,189.7278,186.1906,189.7278,1738213200,5925000.0,2025-01-30 05:00:00
187.6766,191.3386,186.626,189.9917,1738299600,6130000.0,2025-01-31 05:00:00
185.9074,187.8866,182.4423,185.0078,1738558800,6290000.0,2025-02-03 05:00:00
185.3544,187.3205,184.4405,185.0204,1738645200,6545000.0,2025-02-04 05:00:00
186.1645,189.3056,185.5576,185.7303,1738731600,5465000.0,2025-02-05 05:00:00
189.3463,192.012,187.3724,187.4025,1738818000,10700000.0,2025-02-06 05:00:00
193.6152,200.953,192.8835,193.5134,1738904400,10765000.0,2025-02-07 05:00:00
194.6456,197.5581,194.3489,196.5958,1739163600,4795000.0,2025-02-10 05:00:00
194.0054,195.3705,192.6696,193.9555,1739250000,4435000.0,2025-02-11 05:00:00
198.7905,198.8915,193.2016,193.2016,1739336400,4972500.0,2025-02-12 05:00:00
198.4177,201.2062,197.4515,200.4285,1739422800,5610000.0,2025-02-13 05:00:00
199.8319,201.4577,197.1041,201.4577,1739509200,5062500.0,2025-02-14 05:00:00
203.6936,204.6095,200.4642,202.3712,1739854800,6947500.0,2025-02-18 05:00:00
202.4544,204.7529,199.7773,204.7529,1739941200,4680000.0,2025-02-19 05:00:00
198.7952,202.4303,197.1148,202.4303,1740027600,7540000.0,2025-02-20 05:00:00
197.7023,209.2444,196.8866,206.5296,1740114000,18112500.0,2025-02-21 05:00:00
200.0173,202.1506,197.9982,198.2315,1740373200,8755000.0,2025-02-24 05:00:00
199.4132,201.6384,196.1684,201.6384,1740459600,8975000.0,2025-02-25 05:00:00
199.4417,203.1833,199.0634,200.3707,1740546000,6430000.0,2025-02-26 05:00:00
194.8298,199.9009,194.7712,199.7412,1740632400,5240000.0,2025-02-27 05:00:00
198.7073,198.7073,193.9575,195.6229,1740718800,7635000.0,2025-02-28 05:00:00
195.9398,200.2419,194.6701,198.7073,1740978000,8797500.0,2025-03-03 05:00:00
194.0482,196.8034,189.7793,192.1079,1741064400,9742500.0,2025-03-04 05:00:00
194.8032,196.0717,191.8234,193.898,1741150800,5327500.0,2025-03-05 05:00:00
186.029,192.9909,185.644,190.7843,1741237200,7640000.0,2025-03-06 05:00:00
185.5134,187.5795,182.6593,185.7265,1741323600,7422500.0,2025-03-07 05:00:00
176.687,181.932,174.8964,181.932,1741579200,9020000.0,2025-03-10 04:00:00
172.8119,175.83,171.0101,174.6618,1741665600,10085000.0,2025-03-11 04:00:00
174.682,175.5466,170.7172,175.2568,1741752000,7642500.0,2025-03-12 04:00:00
170.5092,174.682,169.874,173.9488,1741838400,7977500.0,2025-03-13 04:00:00
177.2606,177.2606,172.8028,173.1521,1741924800,6322500.0,2025-03-14 04:00:00
181.1473,182.9074,177.1134,177.604,1742184000,7105000.0,2025-03-17 04:00:00
177.5,181.2274,175.3227,180.9976,1742270400,7152500.0,2025-03-18 04:00:00
182.2786,184.0903,176.5743,176.5743,1742356800,6960000.0,2025-03-19 04:00:00
182.1651,184.6921,180.507,181.3711,1742443200,5982500.0,2025-03-20 04:00:00
183.2857,184.3912,176.9371,179.8746,1742529600,14360000.0,2025-03-21 04:00:00
186.9559,187.68,184.881,185.5451,1742788800,5800000.0,2025-03-24 04:00:00
189.6628,190.3249,187.4704,187.4704,1742875200,6622500.0,2025-03-25 04:00:00
189.117,189.8251,187.8427,189.6663,1742961600,4482500.0,2025-03-26 04:00:00
188.666,190.831,183.1555,188.1579,1743048000,4850000.0,2025-03-27 04:00:00
183.9597,188.666,183.7755,188.666,1743134400,4635000.0,2025-03-28 04:00:00
182.8748,183.6341,176.2833,179.5364,1743393600,8985000.0,2025-03-31 04:00:00
186.0044,186.3307,179.8115,181.4926,1743480000,5550000.0,2025-04-01 04:00:00
186.1453,187.7451,183.5703,183.5703,1743566400,4835000.0,2025-04-02 04:00:00
176.6672,179.5741,174.0048,178.2038,1743652800,9857500.0,2025-04-03 04:00:00
170.0574,179.1569,170.0574,171.5738,1743739200,12712500.0,2025-04-04 04:00:00
168.4958,177.1987,163.0468,165.5345,1743998400,13960000.0,2025-04-07 04:00:00
165.2991,175.8725,163.9268,173.6693,1744084800,8772500.0,2025-04-08 04:00:00
183.2483,184.7365,162.603,163.7919,1744171200,15065000.0,2025-04-09 04:00:00
178.4182,180.967,173.6229,179.6471,1744257600,10582500.0,2025-04-10 04:00:00
182.0658,184.3344,176.0483,178.9572,1744344000,7625000.0,2025-04-11 04:00:00
180.8872,186.6376,180.5133,186.6376,1744603200,7202500.0,2025-04-14 04:00:00
183.0943,183.2956,179.5872,182.6001,1744689600,5392500.0,2025-04-15 04:00:00
180.2521,183.7025,178.3042,181.5625,1744776000,6220000.0,2025-04-16 04:00:00
181.541,182.7827,179.2911,182.0678,1744862400,5420000.0,2025-04-17 04:00:00
176.1551,181.7594,173.5149,181.2763,1745208000,5887500.0,2025-04-21 04:00:00
182.5243,182.9383,176.9208,177.2416,1745294400,5907500.0,2025-04-22 04:00:00
187.8018,190.5397,185.1807,187.3572,1745380800,5947500.0,2025-04-23 04:00:00
191.6499,192.2767,186.2378,186.813,1745467200,5950000.0,2025-04-24 04:00:00
192.0655,193.6522,190.2836,191.6757,1745553600,4740000.0,2025-04-25 04:00:00
194.1103,195.1523,191.5019,193.7153,1745812800,5822500.0,2025-04-28 04:00:00
194.8756,195.7049,192.1993,192.524,1745899200,9307500.0,2025-04-29 04:00:00
202.4198,203.0891,187.4739,187.8495,1745985600,11450000.0,2025-04-30 04:00:00
202.5051,204.8269,197.2879,198.5689,1746072000,7790000.0,2025-05-01 04:00:00
206.5291,207.481,203.1748,205.5863,1746158400,6772500.0,2025-05-02 04:00:00
206.0655,208.4027,205.4256,205.4256,1746417600,4812500.0,2025-05-05 04:00:00
204.9242,207.0491,204.5157,206.0269,1746504000,4567500.0,2025-05-06 04:00:00
206.2687,207.5513,203.7432,204.9746,1746590400,3935000.0,2025-05-07 04:00:00
205.0393,207.9399,205.0369,206.4585,1746676800,5227500.0,2025-05-08 04:00:00
201.3583,204.4899,199.9873,204.0803,1746763200,5710000.0,2025-05-09 04:00:00
206.2191,207.6088,201.9927,205.5966,1747022400,7345000.0,2025-05-12 04:00:00
208.8958,210.4911,204.4867,204.9238,1747108800,6340000.0,2025-05-13 04:00:00
207.0749,209.9398,205.7257,208.7413,1747195200,4887500.0,2025-05-14 04:00:00
207.9161,209.8092,206.7756,206.9725,1747281600,3890000.0,2025-05-15 04:00:00
211.0652,211.6749,207.2524,209.0831,1747368000,5012500.0,2025-05-16 04:00:00
213.4838,213.5624,207.4989,210.9838,1747627200,3967500.0,2025-05-19 04:00:00
210.8115,213.3635,209.9906,211.6967,1747713600,4460000.0,2025-05-20 04:00:00
210.122,211.7408,208.8394,209.8556,1747800000,3272500.0,2025-05-21 04:00:00
212.0512,212.4438,209.8286,210.2879,1747886400,3400000.0,2025-05-22 04:00:00
211.6895,211.8658,209.3022,209.6226,1747972800,3810000.0,2025-05-23 04:00:00
216.411,217.2065,212.647,212.647,1748318400,6442500.0,2025-05-27 04:00:00
217.3446,218.5251,216.4109,216.4109,1748404800,4715000.0,2025-05-28 04:00:00
218.4061,218.7105,215.7826,217.5328,1748491200,4840000.0,2025-05-29 04:00:00
219.0781,219.6168,217.4161,218.7236,1748577600,5817500.0,2025-05-30 04:00:00
219.8712,220.0904,217.1858,218.3267,1748836800,3417500.0,2025-06-02 04:00:00
217.3371,220.7263,216.923,218.886,1748923200,5310000.0,2025-06-03 04:00:00
220.5894,220.7132,217.2748,217.2867,1749009600,5230000.0,2025-06-04 04:00:00
221.126,223.8722,220.3115,221.3039,1749096000,4642500.0,2025-06-05 04:00:00
223.261,223.9262,220.8425,223.2988,1749182400,4352500.0,2025-06-06 04:00:00
220.2707,223.6193,219.8349,222.7277,1749441600,4982500.0,2025-06-09 04:00:00
218.2256,220.5379,216.1296,219.8945,1749528000,4465000.0,2025-06-10 04:00:00
217.3627,218.4352,214.3275,218.2264,1749614400,6570000.0,2025-06-11 04:00:00
217.1906,218.2264,215.7535,217.3166,1749700800,4832500.0,2025-06-12 04:00:00
210.6863,213.6674,209.6516,212.5401,1749787200,6550000.0,2025-06-13 04:00:00
213.496,213.9195,211.2685,211.744,1750046400,5607500.0,2025-06-16 04:00:00
210.7925,214.3041,210.1543,211.2482,1750132800,4905000.0,2025-06-17 04:00:00
210.2044,212.8145,209.8493,211.0251,1750219200,4525000.0,2025-06-18 04:00:00
210.911,213.8523,209.7566,213.8523,1750392000,11047500.0,2025-06-20 04:00:00
212.0797,212.7389,208.1919,212.3548,1750651200,4390000.0,2025-06-23 04:00:00
217.997,219.4265,213.8722,214.3295,1750737600,5850000.0,2025-06-24 04:00:00
218.121,219.5876,216.3177,217.3178,1750824000,4432500.0,2025-06-25 04:00:00
222.521,223.9767,218.7612,219.5251,1750910400,5482500.0,2025-06-26 04:00:00
226.3833,227.113,223.2224,223.3859,1750996800,7440000.0,2025-06-27 04:00:00
230.205,230.5935,226.3192,226.8195,1751256000,7192500.0,2025-06-30 04:00:00
227.8784,230.4647,225.9121,228.2788,1751342400,5652500.0,2025-07-01 04:00:00
226.7264,227.0624,224.2706,226.2588,1751428800,5285000.0,2025-07-02 04:00:00
227.3245,229.0582,224.7871,226.5487,1751515200,3280000.0,2025-07-03 04:00:00
231.2659,231.2659,226.9718,227.6657,1751860800,4400000.0,2025-07-07 04:00:00
227.1865,232.2,225.7816,231.2294,1751947200,5922500.0,2025-07-08 04:00:00
225.3856,229.3207,224.7923,229.053,1752033600,4625000.0,2025-07-09 04:00:00
227.3925,229.2924,225.2309,227.536,1752120000,4230000.0,2025-07-10 04:00:00
227.3364,227.6661,225.0917,226.363,1752206400,3772500.0,2025-07-11 04:00:00
229.2825,229.4376,226.2202,226.5515,1752465600,3352500.0,2025-07-14 04:00:00
225.6834,230.2352,224.2706,228.3906,1752552000,4092500.0,2025-07-15 04:00:00
224.9915,225.7558,223.6829,224.7859,1752638400,4225000.0,2025-07-16 04:00:00
226.0178,227.3889,224.5251,224.9267,1752724800,3537500.0,2025-07-17 04:00:00
226.7718,228.6284,226.0202,228.6284,1752811200,3677500.0,2025-07-18 04:00:00
225.7478,227.3126,224.6662,225.2647,1753070400,3907500.0,2025-07-21 04:00:00
229.6598,230.0762,225.7618,227.4517,1753156800,3590000.0,2025-07-22 04:00:00
228.1007,229.4233,225.8612,229.2781,1753243200,3737500.0,2025-07-23 04:00:00
224.6682,228.9958,224.4344,228.4832,1753329600,4312500.0,2025-07-24 04:00:00
223.9632,225.8723,223.6427,225.8019,1753416000,4620000.0,2025-07-25 04:00:00
225.8114,226.06,222.0092,224.2233,1753675200,5640000.0,2025-07-28 04:00:00
222.313,226.4974,220.3594,226.4974,1753761600,8110000.0,2025-07-29 04:00:00
223.1934,226.3212,216.0016,218.3059,1753848000,9285000.0,2025-07-30 04:00:00
218.865,225.2412,218.4523,223.6741,1753934400,7210000.0,2025-07-31 04:00:00
214.182,217.8872,212.3063,217.8872,1754020800,4990000.0,2025-08-01 04:00:00
217.7528,217.9485,212.3182,215.2043,1754280000,5922500.0,2025-08-04 04:00:00
217.0279,219.0018,215.1164,218.8599,1754366400,5545000.0,2025-08-05 04:00:00
220.1474,220.2476,215.3236,217.6884,1754452800,4975000.0,2025-08-06 04:00:00
216.0036,222.2824,214.9526,220.6918,1754539200,5065000.0,2025-08-07 04:00:00
214.9622,216.8752,213.3923,216.8752,1754625600,4720000.0,2025-08-08 04:00:00
213.3056,215.9928,212.7027,214.005,1754884800,4372500.0,2025-08-11 04:00:00
217.1743,217.4379,213.3056,213.3056,1754971200,3612500.0,2025-08-12 04:00:00
216.6326,218.0411,214.8536,218.0411,1755057600,4762500.0,2025-08-13 04:00:00
218.098,219.471,215.4795,217.3913,1755144000,4495000.0,2025-08-14 04:00:00
216.886,219.2778,216.2072,219.2778,1755230400,3950000.0,2025-08-15 04:00:00
219.9761,220.1303,215.5034,216.6772,1755489600,4237500.0,2025-08-18 04:00:00
222.047,222.7822,219.7434,220.2592,1755576000,4995000.0,2025-08-19 04:00:00
224.2618,224.5835,221.9754,222.0438,1755662400,4387500.0,2025-08-20 04:00:00
227.0835,227.243,222.6434,224.5823,1755748800,3907500.0,2025-08-21 04:00:00
227.4863,230.4341,225.2667,227.6593,1755835200,4887500.0,2025-08-22 04:00:00
226.7996,229.6181,226.6612,226.9817,1756094400,2890000.0,2025-08-25 04:00:00
226.8823,227.7762,224.4153,226.691,1756180800,4272500.0,2025-08-26 04:00:00
223.3035,226.3781,221.9269,225.7097,1756267200,3780000.0,2025-08-27 04:00:00
224.7474,225.2933,222.4812,223.8729,1756353600,4197500.0,2025-08-28 04:00:00
222.6423,224.0376,222.1929,224.0376,1756440000,3472500.0,2025-08-29 04:00:00
218.9243,221.7782,216.9925,221.7782,1756785600,6115000.0,2025-09-02 04:00:00
222.002,222.5575,218.1071,219.6921,1756872000,4745000.0,2025-09-03 04:00:00
222.1178,222.6204,216.8724,221.4871,1756958400,5510000.0,2025-09-04 04:00:00
219.3111,225.155,217.2876,222.8272,1757044800,5060000.0,2025-09-05 04:00:00
221.8564,224.5969,219.4776,220.2149,1757304000,5350000.0,2025-09-08 04:00:00
221.9413,223.2398,219.7772,220.9443,1757390400,3970000.0,2025-09-09 04:00:00
218.0767,221.6294,214.109,221.6294,1757476800,6242500.0,2025-09-10 04:00:00
219.0004,220.5539,215.4951,218.0767,1757563200,4495000.0,2025-09-11 04:00:00
217.4199,219.8768,216.5981,217.5266,1757649600,3220000.0,2025-09-12 04:00:00
221.4633,221.4701,216.0528,219.0801,1757908800,4127500.0,2025-09-15 04:00:00
218.0847,222.1305,216.2938,222.1305,1757995200,4307500.0,2025-09-16 04:00:00
221.2191,221.3665,217.286,218.8347,1758081600,5287500.0,2025-09-17 04:00:00
216.8049,222.5754,215.5266,221.3506,1758168000,5870000.0,2025-09-18 04:00:00
216.867,217.7122,215.0968,217.0072,1758254400,10512500.0,2025-09-19 04:00:00
217.3725,218.1779,213.9019,215.0968,1758513600,5360000.0,2025-09-22 04:00:00
219.4394,219.7804,216.0492,216.0927,1758600000,4477500.0,2025-09-23 04:00:00
220.0998,220.1982,216.2321,220.1982,1758686400,3805000.0,2025-09-24 04:00:00
222.0966,222.354,217.2478,219.9959,1758772800,6130000.0,2025-09-25 04:00:00
220.9921,222.5304,218.3607,222.205,1758859200,4057500.0,2025-09-26 04:00:00
217.2801,222.5077,217.01,221.9345,1759118400,5932500.0,2025-09-29 04:00:00
215.0677,217.4115,213.1426,216.1723,1759204800,4937500.0,2025-09-30 04:00:00
213.1275,214.1102,209.1219,213.1849,1759291200,8105000.0,2025-10-01 04:00:00
216.0747,216.3301,211.1534,212.1249,1759377600,5212500.0,2025-10-02 04:00:00
215.8158,217.7186,213.907,217.0674,1759464000,6740000.0,2025-10-03 04:00:00
215.8883,224.0548,209.5234,213.8238,1759723200,8847500.0,2025-10-06 04:00:00
208.8033,215.9819,206.6523,215.9819,1759809600,6615000.0,2025-10-07 04:00:00
204.391,208.6531,203.5453,208.0464,1759896000,7227500.0,2025-10-08 04:00:00
206.8088,207.5617,200.7081,202.4615,1759982400,5562500.0,2025-10-09 04:00:00
205.7334,208.7228,204.3758,206.8997,1760068800,4922500.0,2025-10-10 04:00:00
209.2753,209.6513,205.9134,207.2832,1760328000,5117500.0,2025-10-13 04:00:00
210.3225,211.8413,206.971,207.5159,1760414400,5175000.0,2025-10-14 04:00:00
202.3846,210.7941,201.6732,210.7941,1760500800,6875000.0,2025-10-15 04:00:00
197.2641,202.6567,196.4077,201.5414,1760587200,7642500.0,2025-10-16 04:00:00
201.9528,202.4949,196.1185,197.1283,1760673600,7307500.0,2025-10-17 04:00:00
204.8152,206.0548,202.3675,203.378,1760932800,7477500.0,2025-10-20 04:00:00
210.5559,211.5075,203.5055,204.7403,1761019200,7612500.0,2025-10-21 04:00:00
208.3488,212.2273,207.3956,212.2273,1761105600,4895000.0,2025-10-22 04:00:00
202.8869,209.4406,202.3703,209.4406,1761192000,7767500.0,2025-10-23 04:00:00
204.9857,206.1771,202.3504,204.342,1761278400,5637500.0,2025-10-24 04:00:00
209.2972,209.6573,207.243,208.5161,1761537600,5372500.0,2025-10-27 04:00:00
203.9664,210.1177,203.9664,208.7467,1761624000,10177500.0,2025-10-28 04:00:00
202.1854,207.9269,196.3013,207.1307,1761710400,11540000.0,2025-10-29 04:00:00
202.3587,210.3073,201.3545,201.6887,1761796800,8150000.0,2025-10-30 04:00:00
202.2603,203.5386,200.3396,201.7596,1761883200,4430000.0,2025-10-31 04:00:00
200.3806,202.5587,198.4981,201.6971,1762146000,5672500.0,2025-11-03 05:00:00
198.8355,202.3504,197.3131,199.104,1762232400,5670000.0,2025-11-04 05:00:00
195.6246,198.7252,194.6622,198.4073,1762318800,6372500.0,2025-11-05 05:00:00
195.1426,196.3754,193.4039,194.3838,1762405200,7330000.0,2025-11-06 05:00:00
196.7738,199.7381,195.3816,195.8755,1762491600,6785000.0,2025-11-07 05:00:00
197.5067,200.5009,196.904,197.4135,1762750800,6580000.0,2025-11-10 05:00:00
201.1813,202.0269,197.5067,198.0883,1762837200,5090000.0,2025-11-11 05:00:00
206.1576,206.4567,199.8899,201.3545,1762923600,6045000.0,2025-11-12 05:00:00
202.1755,208.5579,201.6772,207.5027,1763010000,7342500.0,2025-11-13 05:00:00
201.0761,204.297,199.9807,202.4161,1763096400,5137500.0,2025-11-14 05:00:00
191.3569,202.7104,190.1217,200.3587,1763355600,10437500.0,2025-11-17 05:00:00
190.5204,193.6835,189.4095,191.1251,1763442000,8140000.0,2025-11-18 05:00:00
186.8463,190.7387,185.7218,190.0082,1763528400,8655000.0,2025-11-19 05:00:00
182.5575,187.5127,182.0803,186.1384,1763614800,9042500.0,2025-11-20 05:00:00
189.9225,191.1837,183.2506,183.2506,1763701200,11915000.0,2025-11-21 05:00:00
194.1994,195.1805,191.6453,192.5272,1763960400,10055000.0,2025-11-24 05:00:00
195.429,197.2625,193.8664,194.4838,1764046800,8380000.0,2025-11-25 05:00:00
195.6525,197.1721,194.7566,195.1657,1764133200,7092500.0,2025-11-26 05:00:00
195.7656,197.2709,194.5889,195.3665,1764306000,3332500.0,2025-11-28 05:00:00
194.8542,197.0187,194.5897,195.6584,1764565200,6165000.0,2025-12-01 05:00:00
204.5439,206.1831,195.3004,195.3796,1764651600,10837500.0,2025-12-02 05:00:00
201.0442,205.8206,200.8431,202.867,1764738000,5130000.0,2025-12-03 05:00:00
200.2472,202.4137,199.9556,201.7529,1764824400,4657500.0,2025-12-04 05:00:00
207.4085,207.5074,200.317,200.9659,1764910800,7595000.0,2025-12-05 05:00:00
206.6242,207.9037,204.3207,207.0716,1765170000,7600000.0,2025-12-08 05:00:00
207.3574,208.6716,199.6322,205.6904,1765256400,8492500.0,2025-12-09 05:00:00
210.6075,214.1351,202.1265,206.469,1765342800,11445000.0,2025-12-10 05:00:00
210.7065,213.904,209.1241,210.5764,1765429200,6167500.0,2025-12-11 05:00:00
211.5829,213.8334,211.0022,211.8735,1765515600,5045000.0,2025-12-12 05:00:00
217.8111,218.9006,213.3724,213.8278,1765774800,9157500.0,2025-12-15 05:00:00
216.9822,220.3034,216.2619,216.5061,1765861200,5717500.0,2025-12-16 05:00:00
213.153,217.5621,212.8816,216.5165,1765947600,4462500.0,2025-12-17 05:00:00
213.3321,216.5767,212.8241,213.0675,1766034000,4870000.0,2025-12-18 05:00:00
215.2585,216.9052,212.6174,213.1262,1766120400,11570000.0,2025-12-19 05:00:00
215.7873,218.3024,215.1093,217.0281,1766379600,3375000.0,2025-12-22 05:00:00
217.0756,217.1574,215.2003,215.3395,1766466000,3017500.0,2025-12-23 05:00:00
217.3645,218.5822,216.1856,216.2674,1766552400,1320000.0,2025-12-24 05:00:00
217.1103,218.9804,216.107,216.9563,1766725200,1740000.0,2025-12-26 05:00:00
217.1578,217.9827,215.6596,217.24,1766984400,2622500.0,2025-12-29 05:00:00
216.5919,217.7149,216.0368,216.0368,1767070800,3387500.0,2025-12-30 05:00:00
213.7256,217.0612,213.6283,216.1074,1767157200,2822500.0,2025-12-31 05:00:00
212.4434,213.8546,209.5747,213.7839,1767330000,4250000.0,2026-01-02 05:00:00
214.2061,217.3123,210.7807,211.2461,1767589200,4462500.0,2026-01-05 05:00:00
213.4487,214.2341,210.3609,213.5249,1767675600,5365000.0,2026-01-06 05:00:00
217.333,218.4572,212.3719,212.3719,1767762000,4515000.0,2026-01-07 05:00:00
217.3043,217.7828,213.8322,217.1446,1767848400,4020000.0,2026-01-08 05:00:00
219.1844,220.2512,215.229,216.1094,1767934800,5122500.0,2026-01-09 05:00:00
215.1699,217.6714,213.9447,217.6714,1768194000,4475000.0,2026-01-12 05:00:00
212.1045,216.2175,210.2412,214.1886,1768280400,4730000.0,2026-01-13 05:00:00
207.0086,210.7313,201.8392,210.0221,1768366800,6202500.0,2026-01-14 05:00:00
207.2496,208.6245,205.2577,207.1734,1768453200,4742500.0,2026-01-15 05:00:00
204.1706,208.644,203.6778,207.2496,1768539600,9327500.0,2026-01-16 05:00:00
200.6223,201.836,197.6467,200.0265,1768885200,7160000.0,2026-01-20 05:00:00
206.0743,206.6837,199.613,199.9331,1768971600,6820000.0,2026-01-21 05:00:00
205.567,209.4666,204.2968,207.8423,1769058000,5565000.0,2026-01-22 05:00:00
203.4758,204.7262,202.2283,202.2283,1769144400,5192500.0,2026-01-23 05:00:00
203.8262,206.01,203.0276,204.0876,1769403600,4517500.0,2026-01-26 05:00:00
205.6672,205.9681,203.0684,203.8262,1769490000,3910000.0,2026-01-27 05:00:00
202.9458,208.0199,202.2586,205.9873,1769576400,5015000.0,2026-01-28 05:00:00
204.0673,205.4417,201.5406,203.7759,1769662800,6107500.0,2026-01-29 05:00:00
199.6182,203.5528,197.7413,202.9195,1769749200,6772500.0,2026-01-30 05:00:00
204.4237,204.7952,198.7466,200.9416,1770008400,5405000.0,2026-02-02 05:00:00
185.3627,204.1343,184.1874,201.9218,1770094800,15850000.0,2026-02-03 05:00:00
183.8658,184.8934,174.1028,181.7454,1770181200,15347500.0,2026-02-04 05:00:00
177.3323,187.454,176.8653,185.5479,1770267600,9667500.0,2026-02-05 05:00:00
177.881,180.5457,174.369,177.3462,1770354000,13297500.0,2026-02-06 05:00:00
169.0962,177.1471,168.3851,176.3453,1770613200,16940000.0,2026-02-09 05:00:00
170.8558,174.8012,166.655,168.3966,1770699600,14335000.0,2026-02-10 05:00:00
172.105,174.7134,167.5969,169.756,1770786000,16720000.0,2026-02-11 05:00:00
165.9853,175.0012,165.2171,170.709,1770872400,17067500.0,2026-02-12 05:00:00
165.247,167.2983,162.4933,165.7818,1770958800,15562500.0,2026-02-13 05:00:00
165.2291,166.3449,160.4556,164.8715,1771304400,12257500.0,2026-02-17 05:00:00
170.4109,171.3822,163.6267,163.8766,1771390800,16902500.0,2026-02-18 05:00:00
159.9332,165.2845,154.488,163.1825,1771477200,22657500.0,2026-02-19 05:00:00
162.7004,162.8274,157.5821,160.1335,1771563600,20137500.0,2026-02-20 05:00:00
154.4808,162.0304,150.2752,161.7063,1771822800,19445000.0,2026-02-23 05:00:00
162.372,162.9483,154.8468,155.2459,1771909200,20127500.0,2026-02-24 05:00:00
166.141,166.7995,161.5451,162.7088,1771995600,18732500.0,2026-02-25 05:00:00
169.6235,171.2932,166.145,166.7995,1772082000,18872500.0,2026-02-26 05:00:00
169.188,169.3237,166.0213,167.3662,1772168400,23010000.0,2026-02-27 05:00:00
166.8107,168.3986,160.7533,161.6313,1772427600,13575000.0,2026-03-02 05:00:00
165.7766,167.3814,162.5644,164.2274,1772514000,10957500.0,2026-03-03 05:00:00
169.756,172.5161,164.804,165.4637,1772600400,10470000.0,2026-03-04 05:00:00
184.1112,184.9417,178.4808,180.0333,1772686800,20312500.0,2026-03-05 05:00:00
182.0172,183.3904,178.1708,180.72,1772773200,9555000.0,2026-03-06 05:00:00
177.6276,179.5568,173.6,178.4684,1773028800,12960000.0,2026-03-09 04:00:00
174.8708,177.276,171.3812,176.5,1773115200,9612500.0,2026-03-10 04:00:00
172.8968,177.3812,171.0344,175.1012,1773201600,6420000.0,2026-03-11 04:00:00
168.7084,173.9268,168.5336,170.9764,1773288000,6462500.0,2026-03-12 04:00:00
169.6504,172.8,169.4076,170.2148,1773374400,5725000.0,2026-03-13 04:00:00
171.7208,173.5692,170.0776,170.6204,1773633600,5045000.0,2026-03-16 04:00:00
177.6932,179.0132,174.16,175.096,1773720000,8277500.0,2026-03-17 04:00:00
175.2556,179.0948,175.1612,176.08,1773806400,6447500.0,2026-03-18 04:00:00
171.7716,177.4688,170.4044,175.1816,1773892800,5987500.0,2026-03-19 04:00:00
172.9616,173.1676,170.3336,171.7352,1773979200,11935000.0,2026-03-20 04:00:00
175.8716,177.7024,174.7208,176.3096,1774238400,8345000.0,2026-03-23 04:00:00
171.626,175.6916,170.6,174.5964,1774324800,8577500.0,2026-03-24 04:00:00
169.51,174.9956,167.2856,171.9376,1774411200,6237500.0,2026-03-25 04:00:00
168.5504,171.0,167.3684,169.1256,1774497600,8120000.0,2026-03-26 04:00:00
162.4856,168.1872,161.2116,167.96,1774584000,8975000.0,2026-03-27 04:00:00
164.7004,166.5428,162.0,162.6,1774843200,10225000.0,2026-03-30 04:00:00
168.4128,169.6,162.6208,165.48,1774929600,9462500.0,2026-03-31 04:00:00
167.3824,170.006,162.0488,168.6732,1775016000,8807500.0,2026-04-01 04:00:00
167.7724,168.1096,162.6204,165.7596,1775102400,5852500.0,2026-04-02 04:00:00
176.19,176.83,166.25,166.25,1775448000,8190500.0,2026-04-06 04:00:00
173.41,175.88,169.71,174.42,1775534400,9117800.0,2026-04-07 04:00:00
181.0,186.65,180.09,181.07,1775620800,8876800.0,2026-04-08 04:00:00
176.6,180.98,173.82,180.03,1775707200,7232500.0,2026-04-09 04:00:00
173.46,179.41,171.55,177.15,1775793600,5115100.0,2026-04-10 04:00:00
