close,high,low,open,time,volume,date
345.3143,347.7312,341.8956,346.7847,1603339200,1813200.0,2020-10-22 04:00:00
344.2574,346.0218,343.3016,345.1855,1603425600,1108000.0,2020-10-23 04:00:00
340.6825,342.447,336.4643,336.9789,1603684800,2145000.0,2020-10-26 04:00:00
342.5297,344.5423,338.8996,338.8996,1603771200,1525400.0,2020-10-27 04:00:00
335.3982,342.2448,335.1317,337.5762,1603857600,1908300.0,2020-10-28 04:00:00
335.9507,339.8455,333.7869,334.4498,1603944000,1838500.0,2020-10-29 04:00:00
329.2844,335.0208,327.5994,332.5163,1604030400,2724100.0,2020-10-30 04:00:00
335.5179,336.6873,332.1295,333.5199,1604293200,1646300.0,2020-11-02 05:00:00
342.4881,345.1031,338.7406,339.7074,1604379600,2013100.0,2020-11-03 05:00:00
346.3647,351.4013,344.3666,344.385,1604466000,2449800.0,2020-11-04 05:00:00
354.7068,355.9498,349.4308,352.1746,1604552400,2255800.0,2020-11-05 05:00:00
355.1026,356.1523,350.7106,351.6221,1604638800,1950200.0,2020-11-06 05:00:00
336.0796,358.6384,335.8586,357.4874,1604898000,4371300.0,2020-11-09 05:00:00
337.5713,342.1015,332.0191,335.0484,1604984400,2662600.0,2020-11-10 05:00:00
343.3722,345.0111,338.9893,340.3889,1605070800,1688800.0,2020-11-11 05:00:00
345.941,348.2705,343.9061,347.0827,1605157200,1535900.0,2020-11-12 05:00:00
348.823,349.7345,345.278,346.6868,1605243600,1274600.0,2020-11-13 05:00:00
349.6978,351.0697,347.0459,347.0459,1605502800,1691500.0,2020-11-16 05:00:00
351.659,357.6992,351.5393,356.6311,1605589200,3299100.0,2020-11-17 05:00:00
351.9445,357.3033,351.4841,352.5522,1605675600,2134600.0,2020-11-18 05:00:00
353.1507,354.2279,350.1766,353.2151,1605762000,1768900.0,2020-11-19 05:00:00
350.9223,354.9553,350.8211,353.5281,1605848400,1807600.0,2020-11-20 05:00:00
351.4656,352.7086,350.2041,352.6534,1606107600,1679600.0,2020-11-23 05:00:00
353.7767,355.4617,350.5448,353.2887,1606194000,2061100.0,2020-11-24 05:00:00
357.027,357.5703,355.0106,355.2223,1606280400,2034200.0,2020-11-25 05:00:00
357.6163,359.7156,357.027,359.5223,1606453200,1329400.0,2020-11-27 05:00:00
360.7285,361.9992,354.7067,360.7101,1606712400,3733800.0,2020-11-30 05:00:00
366.1993,366.6812,360.1709,363.308,1606798800,2996800.0,2020-12-01 05:00:00
362.3632,365.5569,360.5395,364.2246,1606885200,2212800.0,2020-12-02 05:00:00
353.434,357.8561,352.7064,357.1663,1606971600,3976400.0,2020-12-03 05:00:00
352.8482,354.6246,351.3931,354.5301,1607058000,2839700.0,2020-12-04 05:00:00
352.7537,355.749,352.1111,353.6419,1607317200,2652900.0,2020-12-07 05:00:00
356.7884,358.6026,350.3159,353.3396,1607403600,2685500.0,2020-12-08 05:00:00
353.6608,360.0009,352.2529,358.9427,1607490000,2461600.0,2020-12-09 05:00:00
352.2434,354.3316,351.0812,353.6608,1607576400,2566300.0,2020-12-10 05:00:00
354.4261,358.8387,352.0072,358.8387,1607662800,3483900.0,2020-12-11 05:00:00
353.7458,357.3364,352.6403,355.8057,1607922000,2778400.0,2020-12-14 05:00:00
351.3836,354.9836,348.9458,353.8592,1608008400,2133900.0,2020-12-15 05:00:00
349.0782,352.2908,348.5207,350.7034,1608094800,2385100.0,2020-12-16 05:00:00
349.8813,350.5238,347.7175,349.8529,1608181200,2314200.0,2020-12-17 05:00:00
346.7726,350.8923,345.7616,350.6466,1608267600,4140000.0,2020-12-18 05:00:00
344.8545,345.9411,341.8686,344.9678,1608526800,2329700.0,2020-12-21 05:00:00
342.0765,344.656,340.7347,344.0324,1608613200,2105500.0,2020-12-22 05:00:00
341.9442,343.0875,339.6859,342.4733,1608699600,1782100.0,2020-12-23 05:00:00
344.4859,345.204,341.4906,341.4906,1608786000,972500.0,2020-12-24 05:00:00
350.6088,351.2041,344.9584,345.3553,1609131600,3207700.0,2020-12-28 05:00:00
352.1773,352.6875,349.8529,351.7332,1609218000,2072600.0,2020-12-29 05:00:00
353.812,355.1442,352.7065,353.5758,1609304400,1778000.0,2020-12-30 05:00:00
356.0135,356.2592,351.9316,354.3222,1609390800,1628900.0,2020-12-31 05:00:00
359.1977,360.5206,354.152,356.6276,1609736400,3322200.0,2021-01-04 05:00:00
355.0308,359.2544,354.5678,357.9788,1609822800,2748400.0,2021-01-05 05:00:00
349.6261,355.0875,349.2765,353.2167,1609909200,2661400.0,2021-01-06 05:00:00
347.6418,351.1662,346.5741,350.5615,1609995600,2849500.0,2021-01-07 05:00:00
349.5506,349.8529,344.212,347.8309,1610082000,2599700.0,2021-01-08 05:00:00
343.9474,350.5521,343.8056,348.2655,1610341200,2562500.0,2021-01-11 05:00:00
344.1269,344.9489,340.3946,343.9379,1610427600,2387600.0,2021-01-12 05:00:00
346.7253,348.4166,342.993,344.2875,1610514000,1968800.0,2021-01-13 05:00:00
342.3789,346.3001,341.6324,345.8277,1610600400,2363900.0,2021-01-14 05:00:00
342.1994,344.7978,340.9143,341.16,1610686800,2340400.0,2021-01-15 05:00:00
334.9332,342.9458,333.0151,342.3883,1611032400,4533800.0,2021-01-19 05:00:00
341.3867,341.9537,333.9316,334.8576,1611118800,2767200.0,2021-01-20 05:00:00
342.804,343.9284,340.1016,341.3867,1611205200,2121600.0,2021-01-21 05:00:00
342.3316,344.5332,340.0167,343.182,1611291600,1960300.0,2021-01-22 05:00:00
341.9348,342.0104,337.1537,340.971,1611550800,2735900.0,2021-01-25 05:00:00
344.8639,345.7332,339.1001,340.3473,1611637200,1807000.0,2021-01-26 05:00:00
336.7474,345.6387,335.2922,342.9836,1611723600,3120800.0,2021-01-27 05:00:00
337.3804,341.6796,336.445,337.182,1611810000,2251100.0,2021-01-28 05:00:00
333.0056,336.6529,332.4859,335.1978,1611896400,2598700.0,2021-01-29 05:00:00
331.2009,333.3458,329.9631,331.8529,1612155600,2371200.0,2021-02-01 05:00:00
335.982,337.9852,331.3899,332.3726,1612242000,1905000.0,2021-02-02 05:00:00
335.6324,337.8246,333.7426,336.5962,1612328400,1759800.0,2021-02-03 05:00:00
336.9011,339.2963,335.0076,337.7153,1612414800,3411600.0,2021-02-04 05:00:00
336.2573,337.8478,335.2442,337.5638,1612501200,2165600.0,2021-02-05 05:00:00
340.6691,340.8679,336.6359,337.5827,1612760400,2520700.0,2021-02-08 05:00:00
340.4135,342.4111,339.2205,340.8679,1612846800,2154000.0,2021-02-09 05:00:00
337.1566,341.7768,336.2099,341.7768,1612933200,2162400.0,2021-02-10 05:00:00
333.4453,337.5164,332.6785,336.7874,1613019600,2088400.0,2021-02-11 05:00:00
333.9661,334.1839,331.4572,333.2466,1613106000,2096600.0,2021-02-12 05:00:00
335.1495,336.4371,333.2939,334.2785,1613451600,1829000.0,2021-02-16 05:00:00
338.9744,339.0975,333.1708,334.3069,1613538000,2143000.0,2021-02-17 05:00:00
337.9141,339.1259,333.5211,333.5211,1613624400,1914900.0,2021-02-18 05:00:00
335.8785,338.8703,335.6987,337.6963,1613710800,1839400.0,2021-02-19 05:00:00
331.5613,334.4773,330.2453,333.966,1613970000,2215600.0,2021-02-22 05:00:00
323.9305,332.3093,323.8169,331.1731,1614056400,3692600.0,2021-02-23 05:00:00
322.5578,324.2619,319.8974,323.5897,1614142800,3305800.0,2021-02-24 05:00:00
316.1198,324.7352,315.5991,322.6997,1614229200,3618100.0,2021-02-25 05:00:00
313.3742,318.0039,313.3174,317.6441,1614315600,3362200.0,2021-02-26 05:00:00
314.1033,318.1081,313.7151,317.3601,1614574800,4653200.0,2021-03-01 05:00:00
310.9696,316.8678,310.9317,315.9211,1614661200,4660100.0,2021-03-02 05:00:00
306.6713,310.9317,306.5198,310.695,1614747600,4064200.0,2021-03-03 05:00:00
302.0511,308.2618,298.2641,306.1506,1614834000,5501200.0,2021-03-04 05:00:00
300.4228,301.4737,290.6523,298.5387,1614920400,8102800.0,2021-03-05 05:00:00
294.8369,305.166,294.3636,301.9281,1615179600,4873500.0,2021-03-08 05:00:00
301.805,303.2251,296.0582,297.0523,1615266000,5426800.0,2021-03-09 05:00:00
306.5861,309.9565,300.4228,304.0394,1615352400,4523500.0,2021-03-10 05:00:00
311.1493,313.6108,309.3221,312.8156,1615438800,4338900.0,2021-03-11 05:00:00
313.5069,313.9708,308.2619,310.6288,1615525200,3182100.0,2021-03-12 05:00:00
312.9104,315.9116,309.8903,315.8359,1615780800,3243000.0,2021-03-15 04:00:00
309.824,312.456,309.2465,312.1152,1615867200,3066700.0,2021-03-16 04:00:00
311.6607,312.9009,306.8607,308.6406,1615953600,2672400.0,2021-03-17 04:00:00
305.7813,310.6665,305.2133,309.0949,1616040000,2736900.0,2021-03-18 04:00:00
311.3956,311.7175,305.2228,306.3778,1616126400,4859300.0,2021-03-19 04:00:00
316.6784,318.269,310.7139,310.9601,1616385600,4064900.0,2021-03-22 04:00:00
322.2169,324.2714,316.0252,316.1104,1616472000,3641200.0,2021-03-23 04:00:00
320.0394,324.2714,318.8938,323.9968,1616558400,3006400.0,2021-03-24 04:00:00
327.8975,329.2608,319.3104,319.8217,1616644800,4307100.0,2021-03-25 04:00:00
333.275,333.6916,325.7767,327.7744,1616731200,3061200.0,2021-03-26 04:00:00
337.1851,338.7188,332.3188,332.7354,1616990400,3012000.0,2021-03-29 04:00:00
331.1259,335.8785,330.2643,334.7519,1617076800,2602400.0,2021-03-30 04:00:00
333.7104,338.4158,330.6335,331.9873,1617163200,2832200.0,2021-03-31 04:00:00
336.0395,338.2927,332.9057,333.7673,1617249600,2938600.0,2021-04-01 04:00:00
341.6064,343.3579,337.8383,338.4632,1617595200,2705700.0,2021-04-05 04:00:00
340.9437,343.4809,339.8833,340.6407,1617681600,2142000.0,2021-04-06 04:00:00
339.7034,342.2123,338.5673,341.6537,1617768000,1808400.0,2021-04-07 04:00:00
341.9851,346.5295,340.4513,343.4809,1617854400,2839200.0,2021-04-08 04:00:00
343.8691,344.3425,340.4514,341.6916,1617940800,1610800.0,2021-04-09 04:00:00
345.384,345.8006,342.0988,343.5189,1618200000,1836600.0,2021-04-12 04:00:00
345.7626,347.7413,344.8726,345.8857,1618286400,1796400.0,2021-04-13 04:00:00
343.8313,345.4219,343.2443,345.4219,1618372800,1509400.0,2021-04-14 04:00:00
349.1615,349.8715,344.8727,345.4502,1618459200,1850100.0,2021-04-15 04:00:00
350.9792,352.9485,348.9532,350.0136,1618545600,2249200.0,2021-04-16 04:00:00
349.8715,351.7461,348.5934,351.2443,1618804800,1560000.0,2021-04-19 04:00:00
351.9354,355.3721,349.0952,349.3508,1618891200,2330700.0,2021-04-20 04:00:00
354.1697,354.6336,351.6893,351.8218,1618977600,1531800.0,2021-04-21 04:00:00
351.4905,355.4479,350.326,354.4065,1619064000,2138000.0,2021-04-22 04:00:00
353.4028,354.8892,350.6857,351.4904,1619150400,1404500.0,2021-04-23 04:00:00
348.8963,353.9899,348.6028,353.9899,1619409600,2059700.0,2021-04-26 04:00:00
350.4965,351.2066,345.8385,348.5651,1619496000,1875900.0,2021-04-27 04:00:00
349.9094,350.7709,348.5744,349.8715,1619582400,1305600.0,2021-04-28 04:00:00
354.4066,355.5166,349.6532,349.6627,1619668800,1848300.0,2021-04-29 04:00:00
353.0309,354.9949,352.3098,353.8089,1619755200,2118900.0,2021-04-30 04:00:00
359.8905,360.1752,353.7899,354.6912,1620014400,2685800.0,2021-05-03 04:00:00
356.0669,359.8051,354.6058,359.6153,1620100800,2133800.0,2021-05-04 04:00:00
353.4198,358.1827,352.9929,357.0726,1620187200,1905300.0,2021-05-05 04:00:00
363.1543,363.3251,354.0745,354.0745,1620273600,2641400.0,2021-05-06 04:00:00
364.6344,366.6553,362.623,363.2207,1620360000,1817100.0,2021-05-07 04:00:00
361.9399,368.0216,361.7501,365.7445,1620619200,1998700.0,2021-05-10 04:00:00
358.8088,361.4085,356.7405,359.881,1620705600,1859700.0,2021-05-11 04:00:00
353.1352,357.6324,352.101,356.7406,1620792000,2344600.0,2021-05-12 04:00:00
360.0898,361.9019,352.5375,353.9796,1620878400,2023100.0,2021-05-13 04:00:00
364.7293,366.0576,360.6306,362.5661,1620964800,1876100.0,2021-05-14 04:00:00
364.2928,367.2245,363.2871,365.3175,1621224000,1830800.0,2021-05-17 04:00:00
363.2018,369.5017,362.9172,366.6553,1621310400,1698200.0,2021-05-18 04:00:00
360.213,362.177,356.8639,357.8316,1621396800,1725000.0,2021-05-19 04:00:00
363.9323,364.8242,358.9038,359.7577,1621483200,1427300.0,2021-05-20 04:00:00
361.2188,365.6116,360.9436,365.327,1621569600,1706600.0,2021-05-21 04:00:00
363.8089,366.0006,362.3288,364.6533,1621828800,1657000.0,2021-05-24 04:00:00
365.64,365.9816,362.4616,363.9702,1621915200,1379700.0,2021-05-25 04:00:00
365.8678,367.8887,365.2985,366.0955,1622001600,1648000.0,2021-05-26 04:00:00
367.6515,367.9077,363.8564,365.4029,1622088000,4452000.0,2021-05-27 04:00:00
358.8943,365.5738,357.7179,364.4732,1622174400,4681200.0,2021-05-28 04:00:00
358.8563,360.7254,356.2661,360.4692,1622520000,2117800.0,2021-06-01 04:00:00
361.0954,362.3573,358.3629,358.9986,1622606400,1881000.0,2021-06-02 04:00:00
364.2075,364.5111,359.4541,360.1942,1622692800,1780300.0,2021-06-03 04:00:00
367.6705,367.8982,364.0557,364.5111,1622779200,1765900.0,2021-06-04 04:00:00
360.9152,366.6553,359.1789,365.7255,1623038400,2515800.0,2021-06-07 04:00:00
360.251,361.6837,358.344,360.9247,1623124800,1553800.0,2021-06-08 04:00:00
360.4977,362.2245,359.7102,360.7349,1623211200,1398900.0,2021-06-09 04:00:00
363.3915,363.7235,360.0518,360.7918,1623297600,1404000.0,2021-06-10 04:00:00
362.2719,364.198,361.0385,364.198,1623384000,1404200.0,2021-06-11 04:00:00
364.1031,364.3118,359.6628,361.2852,1623643200,1652600.0,2021-06-14 04:00:00
364.2455,364.8052,362.0158,364.1031,1623729600,1252000.0,2021-06-15 04:00:00
359.9759,366.6458,357.8032,364.7103,1623816000,1801700.0,2021-06-16 04:00:00
365.0424,366.6743,359.7861,360.8962,1623902400,1686500.0,2021-06-17 04:00:00
361.3707,365.1942,360.8204,365.0424,1623988800,3415700.0,2021-06-18 04:00:00
366.9873,367.7938,361.067,362.6704,1624248000,1631600.0,2021-06-21 04:00:00
372.0918,372.3954,366.7596,367.1961,1624334400,1934800.0,2021-06-22 04:00:00
371.8925,373.2872,370.5832,372.8697,1624420800,1538000.0,2021-06-23 04:00:00
371.9874,375.2417,371.7312,373.2683,1624507200,1487300.0,2021-06-24 04:00:00
374.3024,374.3404,371.2094,372.8413,1624593600,2056100.0,2021-06-25 04:00:00
376.2285,377.0634,372.9931,374.7674,1624852800,1645500.0,2021-06-28 04:00:00
378.3632,378.9799,375.2133,376.0007,1624939200,1523600.0,2021-06-29 04:00:00
375.4031,379.9572,374.7674,377.5853,1625025600,2031700.0,2021-06-30 04:00:00
374.3214,377.3195,373.7047,376.0007,1625112000,1523400.0,2021-07-01 04:00:00
378.5056,380.2418,375.8205,375.9154,1625198400,1676600.0,2021-07-02 04:00:00
378.4296,380.8395,376.7692,379.3594,1625544000,2113100.0,2021-07-06 04:00:00
383.9516,385.3178,378.7523,378.7523,1625630400,2308600.0,2021-07-07 04:00:00
386.295,387.7087,382.5094,382.832,1625716800,2235500.0,2021-07-08 04:00:00
391.2476,392.7941,386.7124,387.6232,1625803200,2304200.0,2021-07-09 04:00:00
386.9875,393.1261,383.8091,392.832,1626062400,2491300.0,2021-07-12 04:00:00
386.2097,388.3254,383.9706,383.9706,1626148800,1540300.0,2021-07-13 04:00:00
388.9516,389.445,386.3994,387.6518,1626235200,1265800.0,2021-07-14 04:00:00
390.7259,391.0864,386.9877,389.4355,1626321600,1894100.0,2021-07-15 04:00:00
389.35,392.2438,388.7807,391.0104,1626408000,1413900.0,2021-07-16 04:00:00
392.9364,394.0465,389.0464,389.0559,1626667200,2293100.0,2021-07-19 04:00:00
394.9195,396.6557,391.7031,392.7942,1626753600,2045400.0,2021-07-20 04:00:00
393.7524,395.7449,391.1053,395.7449,1626840000,1480000.0,2021-07-21 04:00:00
396.1528,397.1585,392.3671,394.6916,1626926400,1339200.0,2021-07-22 04:00:00
401.7411,402.2724,395.6879,396.8644,1627012800,1344500.0,2021-07-23 04:00:00
401.5513,402.7563,398.8188,401.7126,1627272000,1220000.0,2021-07-26 04:00:00
402.6045,402.8133,400.0049,402.2819,1627358400,1666500.0,2021-07-27 04:00:00
400.5931,403.0979,398.9992,401.5893,1627444800,1362700.0,2021-07-28 04:00:00
404.2527,404.7945,399.5759,400.8307,1627531200,1434200.0,2021-07-29 04:00:00
408.4731,410.1651,404.88,404.918,1627617600,2283900.0,2021-07-30 04:00:00
407.7127,409.4142,404.4428,409.3286,1627876800,1366900.0,2021-08-02 04:00:00
413.5587,415.2032,407.9029,408.6634,1627963200,1448100.0,2021-08-03 04:00:00
413.5302,416.3343,411.4865,414.4427,1628049600,1280500.0,2021-08-04 04:00:00
421.2772,421.5718,415.1366,416.1061,1628136000,1742600.0,2021-08-05 04:00:00
417.8932,421.5338,417.1992,420.8399,1628222400,1789800.0,2021-08-06 04:00:00
418.6917,420.8875,417.589,418.8628,1628481600,1472500.0,2021-08-09 04:00:00
421.1252,421.8571,418.8723,418.8723,1628568000,1893700.0,2021-08-10 04:00:00
422.3323,425.8494,419.9559,423.473,1628654400,2267500.0,2021-08-11 04:00:00
423.3399,424.5472,420.3837,421.0966,1628740800,1230700.0,2021-08-12 04:00:00
425.6783,426.1916,422.5605,423.7392,1628827200,1309300.0,2021-08-13 04:00:00
430.4691,430.7828,424.9463,425.7638,1629086400,1515600.0,2021-08-16 04:00:00
429.9748,431.3436,427.4654,430.4691,1629172800,1936700.0,2021-08-17 04:00:00
424.1479,432.7314,423.8532,428.663,1629259200,2030100.0,2021-08-18 04:00:00
431.7999,432.9786,419.4902,421.0491,1629345600,1953700.0,2021-08-19 04:00:00
436.296,437.8454,431.2295,432.969,1629432000,1911200.0,2021-08-20 04:00:00
432.4367,436.3625,432.1135,434.661,1629691200,1835900.0,2021-08-23 04:00:00
429.452,432.874,428.0357,432.7409,1629777600,1541700.0,2021-08-24 04:00:00
428.9197,430.4311,425.2031,428.5395,1629864000,1520600.0,2021-08-25 04:00:00
427.0946,430.1079,424.6137,428.9197,1629950400,1418600.0,2021-08-26 04:00:00
428.0737,429.2904,424.7087,427.0946,1630036800,1310200.0,2021-08-27 04:00:00
433.3872,434.0146,428.1687,428.739,1630296000,1219800.0,2021-08-30 04:00:00
432.9691,434.2903,430.0699,433.5869,1630382400,1699000.0,2021-08-31 04:00:00
433.9481,434.1002,429.509,432.9596,1630468800,1325400.0,2021-09-01 04:00:00
438.178,438.6248,435.7256,436.7047,1630555200,1455000.0,2021-09-02 04:00:00
439.6799,440.678,436.3055,436.3055,1630641600,1302400.0,2021-09-03 04:00:00
436.8758,440.2978,435.0032,439.6324,1630987200,1463400.0,2021-09-07 04:00:00
442.6742,442.7978,435.431,436.41,1631073600,1372000.0,2021-09-08 04:00:00
442.9023,446.5429,442.2369,444.2331,1631160000,1398700.0,2021-09-09 04:00:00
442.1609,445.2407,440.2978,444.0715,1631246400,1324800.0,2021-09-10 04:00:00
436.9328,445.0886,435.545,443.9669,1631505600,1679500.0,2021-09-13 04:00:00
435.7447,439.3473,434.8036,438.1591,1631592000,1383900.0,2021-09-14 04:00:00
437.95,439.3948,433.5869,435.5831,1631678400,1770300.0,2021-09-15 04:00:00
440.4023,440.8396,433.9956,438.007,1631764800,1577500.0,2021-09-16 04:00:00
436.7903,439.9367,434.4234,438.796,1631851200,3411400.0,2021-09-17 04:00:00
428.8342,438.1591,424.5376,434.0527,1632110400,2602000.0,2021-09-20 04:00:00
429.7561,434.2522,427.9025,428.8341,1632196800,1531300.0,2021-09-21 04:00:00
429.9653,432.836,427.5984,432.2181,1632283200,1380800.0,2021-09-22 04:00:00
430.3931,433.0261,428.7961,429.9368,1632369600,2061200.0,2021-09-23 04:00:00
444.6229,445.5449,432.5033,433.4349,1632456000,3353800.0,2021-09-24 04:00:00
437.7884,447.2274,434.6326,442.5317,1632715200,2526000.0,2021-09-27 04:00:00
425.2315,434.8797,423.6346,434.5375,1632801600,2632700.0,2021-09-28 04:00:00
429.452,433.4539,426.7049,427.6269,1632888000,1922000.0,2021-09-29 04:00:00
427.1327,432.8455,427.0851,431.1915,1632974400,1836400.0,2021-09-30 04:00:00
426.1631,428.7771,418.9674,427.4939,1633060800,1860700.0,2021-10-01 04:00:00
418.378,427.1326,414.6043,426.1726,1633320000,2264000.0,2021-10-04 04:00:00
424.1764,426.9045,417.532,417.8457,1633406400,1808700.0,2021-10-05 04:00:00
427.1231,427.5414,420.5072,421.9806,1633492800,1334600.0,2021-10-06 04:00:00
430.4786,436.8663,429.7181,433.9006,1633579200,1966200.0,2021-10-07 04:00:00
429.5091,433.2162,427.7505,432.9216,1633665600,1545800.0,2021-10-08 04:00:00
427.4653,431.258,427.3132,427.7885,1633924800,1011700.0,2021-10-11 04:00:00
424.7752,430.4596,423.7106,427.8931,1634011200,1380900.0,2021-10-12 04:00:00
423.2828,428.2352,422.1136,426.3626,1634097600,1621500.0,2021-10-13 04:00:00
428.3779,429.3665,424.4235,425.0034,1634184000,1480400.0,2021-10-14 04:00:00
430.0223,431.4957,426.971,431.4481,1634270400,1494800.0,2021-10-15 04:00:00
439.1096,439.4898,426.3246,427.3797,1634529600,2141300.0,2021-10-18 04:00:00
443.9859,444.062,437.5507,440.1077,1634616000,1365300.0,2021-10-19 04:00:00
446.5428,449.1378,444.7082,445.3546,1634702400,1352900.0,2021-10-20 04:00:00
453.6342,454.0334,445.8871,446.543,1634788800,1423300.0,2021-10-21 04:00:00
458.1587,461.0484,454.9078,455.3071,1634875200,1710300.0,2021-10-22 04:00:00
465.8678,467.8734,455.7919,458.1587,1635134400,1903400.0,2021-10-25 04:00:00
461.5238,464.1093,457.4364,458.2919,1635220800,2378600.0,2021-10-26 04:00:00
464.9267,467.1985,459.6511,459.9268,1635307200,1741800.0,2021-10-27 04:00:00
467.0308,468.2685,463.1749,463.6318,1635393600,1362400.0,2021-10-28 04:00:00
467.9925,470.4965,463.3463,463.4605,1635480000,2471600.0,2021-10-29 04:00:00
468.3066,471.182,463.8604,470.4774,1635739200,1548700.0,2021-11-01 04:00:00
473.1814,475.5616,469.116,471.0392,1635825600,2012200.0,2021-11-02 04:00:00
478.2656,478.8654,472.0008,477.323,1635912000,1856000.0,2021-11-03 04:00:00
490.9189,495.2891,481.7693,482.7214,1635998400,2615000.0,2021-11-04 04:00:00
488.5386,493.0897,484.2637,490.1096,1636084800,2071700.0,2021-11-05 04:00:00
479.6747,488.8148,476.2377,488.8148,1636347600,2834800.0,2021-11-08 05:00:00
484.34,484.7114,479.9128,480.922,1636434000,1881800.0,2021-11-09 05:00:00
481.2932,485.9108,479.6365,483.9115,1636520400,1226600.0,2021-11-10 05:00:00
487.6437,487.9484,479.8937,481.9502,1636606800,1227300.0,2021-11-11 05:00:00
492.3947,494.7654,488.6434,489.6146,1636693200,1780200.0,2021-11-12 05:00:00
494.9844,498.0406,493.1945,493.6515,1636952400,1392300.0,2021-11-15 05:00:00
501.4872,502.9915,492.6232,494.9368,1637038800,1690700.0,2021-11-16 05:00:00
501.0778,505.3146,499.3831,502.2298,1637125200,1609400.0,2021-11-17 05:00:00
504.0103,505.3717,497.4598,502.8582,1637211600,1664200.0,2021-11-18 05:00:00
508.2185,509.6372,502.7155,508.4947,1637298000,1909800.0,2021-11-19 05:00:00
513.7978,519.2913,506.8189,507.771,1637557200,2190500.0,2021-11-22 05:00:00
519.139,519.6722,508.1995,512.1888,1637643600,2147000.0,2021-11-23 05:00:00
523.395,524.4423,517.2921,519.4057,1637730000,2316400.0,2021-11-24 05:00:00
519.9672,527.9838,518.2344,523.2234,1637902800,1844800.0,2021-11-26 05:00:00
528.2983,533.9157,516.4256,519.9675,1638162000,2919100.0,2021-11-29 05:00:00
513.5406,530.4784,510.2178,524.604,1638248400,4244200.0,2021-11-30 05:00:00
504.4578,521.9858,504.0389,517.0825,1638334800,2877100.0,2021-12-01 05:00:00
500.3351,505.4764,489.4146,493.6705,1638421200,3277500.0,2021-12-02 05:00:00
503.5912,511.7507,499.6305,504.6004,1638507600,2984400.0,2021-12-03 05:00:00
507.6567,510.3701,502.2964,506.7522,1638766800,2432900.0,2021-12-06 05:00:00
516.0543,516.9874,509.0945,512.4649,1638853200,2579800.0,2021-12-07 05:00:00
504.7147,521.5477,500.3732,520.0435,1638939600,3037500.0,2021-12-08 05:00:00
499.2117,506.8285,498.7071,503.4675,1639026000,3200500.0,2021-12-09 05:00:00
532.0494,534.382,508.9992,509.0944,1639112400,6333600.0,2021-12-10 05:00:00
530.5261,532.9349,521.7287,524.0709,1639371600,3415200.0,2021-12-13 05:00:00
519.2153,530.4786,511.8175,529.8026,1639458000,3494400.0,2021-12-14 05:00:00
538.3903,539.3519,519.396,520.0434,1639544400,2937100.0,2021-12-15 05:00:00
526.1559,539.4091,523.1283,537.7334,1639630800,2683000.0,2021-12-16 05:00:00
521.3764,529.8119,515.064,523.0045,1639717200,5752000.0,2021-12-17 05:00:00
522.2809,522.8332,512.2554,516.159,1639976400,2033600.0,2021-12-20 05:00:00
519.3009,525.3467,510.3988,524.128,1640062800,2472800.0,2021-12-21 05:00:00
523.3377,523.6519,513.9405,519.2532,1640149200,1454500.0,2021-12-22 05:00:00
524.0042,526.1368,521.2621,525.3085,1640235600,1757800.0,2021-12-23 05:00:00
536.4766,538.6378,525.0229,525.1181,1640581200,2262900.0,2021-12-27 05:00:00
537.5906,539.4948,533.8393,536.4385,1640667600,1155000.0,2021-12-28 05:00:00
540.5705,544.1123,536.505,539.2661,1640754000,1753000.0,2021-12-29 05:00:00
536.8956,542.5797,535.4294,542.2465,1640840400,1338700.0,2021-12-30 05:00:00
540.504,541.0277,532.2494,536.4195,1640926800,1509200.0,2021-12-31 05:00:00
539.5615,540.285,528.898,537.962,1641186000,2714100.0,2022-01-03 05:00:00
537.2002,541.4751,534.8771,537.2002,1641272400,2097500.0,2022-01-04 05:00:00
523.5757,537.9809,523.433,536.6861,1641358800,2887500.0,2022-01-05 05:00:00
523.4615,527.0033,517.5109,520.034,1641445200,2503100.0,2022-01-06 05:00:00
510.4939,522.0999,508.6468,521.3192,1641531600,2323900.0,2022-01-07 05:00:00
493.9466,505.0004,484.14,503.934,1641790800,4916800.0,2022-01-10 05:00:00
497.0219,497.4407,485.8442,493.9465,1641877200,2457300.0,2022-01-11 05:00:00
500.6113,504.6387,497.0028,497.0219,1641963600,1729500.0,2022-01-12 05:00:00
492.1185,503.7054,490.5475,502.363,1642050000,2428100.0,2022-01-13 05:00:00
478.8939,488.4053,477.818,487.0629,1642136400,3872500.0,2022-01-14 05:00:00
464.6888,471.3629,463.5367,470.7727,1642482000,3801900.0,2022-01-18 05:00:00
466.6786,472.4673,463.7652,466.4216,1642568400,2709400.0,2022-01-19 05:00:00
459.6903,475.933,458.7572,467.2404,1642654800,2893700.0,2022-01-20 05:00:00
458.5382,470.9154,458.2621,458.8334,1642741200,3295600.0,2022-01-21 05:00:00
465.4789,466.4977,446.5418,452.7684,1643000400,4412600.0,2022-01-24 05:00:00
454.4538,459.5189,449.7409,456.9102,1643086800,3076800.0,2022-01-25 05:00:00
460.3091,470.2109,455.8342,460.0806,1643173200,3074900.0,2022-01-26 05:00:00
459.4046,472.0389,457.3005,463.5938,1643259600,2372300.0,2022-01-27 05:00:00
468.8398,469.1255,453.1017,460.5661,1643346000,1918500.0,2022-01-28 05:00:00
480.9315,482.1597,467.1261,468.4305,1643605200,2480700.0,2022-01-31 05:00:00
484.0543,485.2634,473.1338,480.8076,1643691600,2347200.0,2022-02-01 05:00:00
497.0123,498.8879,485.8918,486.6249,1643778000,2547600.0,2022-02-02 05:00:00
497.5273,501.9803,490.3186,491.911,1643864400,2665100.0,2022-02-03 05:00:00
495.6201,497.7465,487.0668,494.0372,1643950800,2387400.0,2022-02-04 05:00:00
491.9204,497.7465,490.3375,497.0791,1644210000,1863600.0,2022-02-07 05:00:00
496.9361,499.072,486.7809,491.9204,1644296400,1462000.0,2022-02-08 05:00:00
504.2592,509.4178,501.2556,503.4678,1644382800,2256700.0,2022-02-09 05:00:00
494.3901,500.1018,490.8334,496.669,1644469200,2558900.0,2022-02-10 05:00:00
485.9894,497.1267,483.8058,494.3138,1644555600,2349700.0,2022-02-11 05:00:00
483.0239,487.763,478.1418,485.341,1644814800,1749600.0,2022-02-14 05:00:00
490.042,492.0253,487.0288,489.489,1644901200,1984600.0,2022-02-15 05:00:00
488.5926,490.6427,478.3992,487.7248,1644987600,1770800.0,2022-02-16 05:00:00
491.0813,494.1327,483.4721,485.9608,1645074000,2022800.0,2022-02-17 05:00:00
488.8501,493.8371,486.6188,490.967,1645160400,2154700.0,2022-02-18 05:00:00
478.8474,490.6713,475.0142,486.3041,1645506000,2451800.0,2022-02-22 05:00:00
472.2489,484.3684,471.7912,479.5721,1645592400,2021400.0,2022-02-23 05:00:00
482.0894,483.0144,460.5395,460.816,1645678800,2859800.0,2022-02-24 05:00:00
493.4461,494.1708,481.7748,484.9501,1645765200,2003000.0,2022-02-25 05:00:00
495.1243,495.4866,487.5437,490.4043,1646024400,2408900.0,2022-02-28 05:00:00
498.6333,504.7646,495.0671,495.3246,1646110800,2316000.0,2022-03-01 05:00:00
503.4678,508.3213,495.6202,499.6537,1646197200,2571500.0,2022-03-02 05:00:00
508.2832,513.9186,504.9362,509.6563,1646283600,3851800.0,2022-03-03 05:00:00
501.0839,505.2985,488.0013,495.3626,1646370000,4417900.0,2022-03-04 05:00:00
503.9637,519.9545,499.1006,499.1293,1646629200,3896900.0,2022-03-07 05:00:00
499.0434,514.6528,498.1375,501.7705,1646715600,3649700.0,2022-03-08 05:00:00
503.134,506.1949,491.7488,503.1054,1646802000,2789700.0,2022-03-09 05:00:00
507.9684,509.5417,494.0659,498.8049,1646888400,1777700.0,2022-03-10 05:00:00
502.9147,517.4371,501.9707,511.6872,1646974800,1735100.0,2022-03-11 05:00:00
501.513,510.4381,499.2149,503.2484,1647230400,1950000.0,2022-03-14 04:00:00
517.1224,518.5813,503.3915,505.3748,1647316800,2547900.0,2022-03-15 04:00:00
518.1427,525.9903,506.5763,519.2297,1647403200,3017200.0,2022-03-16 04:00:00
527.1061,527.4684,517.9617,518.1047,1647489600,1974200.0,2022-03-17 04:00:00
535.2682,536.4125,523.9784,527.2681,1647576000,3597800.0,2022-03-18 04:00:00
529.7188,540.4175,525.2467,534.1146,1647835200,3136900.0,2022-03-21 04:00:00
533.428,534.3148,526.6674,531.0823,1647921600,1777500.0,2022-03-22 04:00:00
528.2787,534.6388,526.2667,531.0726,1648008000,1546800.0,2022-03-23 04:00:00
532.1788,532.3219,523.7019,529.6997,1648094400,1614200.0,2022-03-24 04:00:00
529.8903,534.391,524.6649,533.8093,1648180800,1974900.0,2022-03-25 04:00:00
538.949,538.9966,527.783,530.8725,1648440000,2056100.0,2022-03-28 04:00:00
543.4973,544.6796,538.3005,541.6093,1648526400,2005400.0,2022-03-29 04:00:00
549.6859,551.3832,542.172,544.4224,1648612800,2086500.0,2022-03-30 04:00:00
549.0945,559.0781,548.7704,551.8122,1648699200,3439800.0,2022-03-31 04:00:00
548.8275,555.9027,545.7189,550.5534,1648785600,1933500.0,2022-04-01 04:00:00
548.408,552.7561,544.918,547.2732,1649044800,2201800.0,2022-04-04 04:00:00
548.5894,556.847,545.5189,545.9862,1649131200,1826800.0,2022-04-05 04:00:00
557.6191,559.5358,543.8691,547.3591,1649217600,2646200.0,2022-04-06 04:00:00
579.7985,583.8224,561.4238,564.7707,1649304000,4804200.0,2022-04-07 04:00:00
572.1605,579.7507,569.9579,578.206,1649390400,3230200.0,2022-04-08 04:00:00
557.5047,573.076,555.7216,570.9686,1649649600,2792700.0,2022-04-11 04:00:00
554.3484,564.2366,551.8692,559.4308,1649736000,2142000.0,2022-04-12 04:00:00
563.6264,565.9149,555.4069,555.4069,1649822400,2211800.0,2022-04-13 04:00:00
562.959,568.5753,559.7741,564.2844,1649908800,2206200.0,2022-04-14 04:00:00
555.0733,564.5991,552.6704,558.1818,1650254400,2161900.0,2022-04-18 04:00:00
566.6874,567.1928,554.9589,556.2461,1650340800,2327800.0,2022-04-19 04:00:00
575.4886,577.1573,569.548,571.3121,1650427200,1793300.0,2022-04-20 04:00:00
564.2463,580.876,563.6837,579.0643,1650513600,2027900.0,2022-04-21 04:00:00
545.1374,564.3989,544.5176,562.9208,1650600000,2878200.0,2022-04-22 04:00:00
541.8094,543.8309,527.8115,543.8119,1650859200,3154500.0,2022-04-25 04:00:00
528.0309,541.9335,527.6018,538.987,1650945600,2057400.0,2022-04-26 04:00:00
528.3362,537.4329,527.1633,530.3481,1651032000,2261600.0,2022-04-27 04:00:00
536.76,539.4342,521.2876,530.5233,1651118400,2118700.0,2022-04-28 04:00:00
507.8399,536.3589,505.9107,535.7381,1651204800,2968000.0,2022-04-29 04:00:00
505.1942,514.9839,494.9939,508.3269,1651464000,3303400.0,2022-05-02 04:00:00
504.3633,510.2753,500.18,506.197,1651550400,2398000.0,2022-05-03 04:00:00
519.9789,521.6122,499.3299,507.7251,1651636800,2465200.0,2022-05-04 04:00:00
494.0865,517.9829,489.1678,517.2474,1651723200,3977000.0,2022-05-05 04:00:00
480.7535,493.2461,476.4174,491.2977,1651809600,3560800.0,2022-05-06 04:00:00
476.4269,484.2778,472.1386,473.8196,1652068800,3292700.0,2022-05-09 04:00:00
478.9388,487.697,473.3707,486.8088,1652155200,2729400.0,2022-05-10 04:00:00
467.1148,485.1851,465.9019,481.2884,1652241600,2782900.0,2022-05-11 04:00:00
464.3451,474.9275,458.2134,464.9277,1652328000,2829500.0,2022-05-12 04:00:00
474.937,476.3888,467.6115,470.9638,1652414400,2338600.0,2022-05-13 04:00:00
472.3201,475.3286,467.6306,473.8578,1652673600,1579700.0,2022-05-16 04:00:00
468.4424,471.3937,458.6623,467.1913,1652760000,2602800.0,2022-05-17 04:00:00
410.1151,443.0275,405.4829,439.3408,1652846400,9511600.0,2022-05-18 04:00:00
403.9358,411.1944,399.9148,411.0416,1652932800,5839600.0,2022-05-19 04:00:00
397.7276,409.5898,388.2532,409.5421,1653019200,5115000.0,2022-05-20 04:00:00
410.1916,410.6882,397.9569,401.1373,1653278400,3687200.0,2022-05-23 04:00:00
418.052,419.0262,405.292,405.7218,1653364800,3473400.0,2022-05-24 04:00:00
420.3441,423.3527,411.4809,416.7339,1653451200,3225100.0,2022-05-25 04:00:00
444.1068,447.0294,427.4118,428.9304,1653537600,5917600.0,2022-05-26 04:00:00
449.6176,453.5526,434.68,436.2846,1653624000,5719600.0,2022-05-27 04:00:00
445.2815,449.6558,437.4593,449.6176,1653969600,4424500.0,2022-05-31 04:00:00
436.466,449.3693,436.1891,448.2996,1654056000,2319400.0,2022-06-01 04:00:00
465.7109,469.0728,437.3161,440.2005,1654142400,4950600.0,2022-06-02 04:00:00
454.8611,466.2266,454.2307,463.2467,1654228800,2857400.0,2022-06-03 04:00:00
451.2508,459.3977,447.8506,458.9201,1654488000,2297000.0,2022-06-06 04:00:00
450.5918,452.4542,438.9492,439.2549,1654574400,2435500.0,2022-06-07 04:00:00
446.972,453.1228,445.9215,450.5918,1654660800,1697000.0,2022-06-08 04:00:00
450.8496,462.4921,446.1697,446.3511,1654747200,3087500.0,2022-06-09 04:00:00
442.5022,447.163,437.2015,444.1163,1654833600,2549900.0,2022-06-10 04:00:00
431.9389,438.0419,428.7393,429.7899,1655092800,3113400.0,2022-06-13 04:00:00
434.3745,438.1566,430.0575,431.939,1655179200,2224600.0,2022-06-14 04:00:00
438.1852,443.5051,431.1176,437.9083,1655265600,2250200.0,2022-06-15 04:00:00
431.4709,437.2109,427.8511,430.086,1655352000,2906600.0,2022-06-16 04:00:00
426.6286,435.2244,423.2954,430.7928,1655438400,3623400.0,2022-06-17 04:00:00
442.3112,443.9444,428.9686,430.3153,1655784000,2420600.0,2022-06-21 04:00:00
439.3026,443.8489,437.9082,438.7583,1655870400,1827500.0,2022-06-22 04:00:00
453.6671,454.8897,444.7944,445.4247,1655956800,2030100.0,2022-06-23 04:00:00
462.6164,463.0557,455.2718,458.4427,1656043200,2862600.0,2022-06-24 04:00:00
460.114,465.3574,455.9116,463.9917,1656302400,2034700.0,2022-06-27 04:00:00
447.5641,465.3575,446.8765,461.7854,1656388800,1754600.0,2022-06-28 04:00:00
448.7389,451.7283,445.4725,449.799,1656475200,1275600.0,2022-06-29 04:00:00
457.7549,460.4387,443.8489,447.2681,1656561600,3852400.0,2022-06-30 04:00:00
463.9439,469.1873,456.5324,459.5696,1656648000,2660400.0,2022-07-01 04:00:00
466.3317,468.8531,456.9718,463.7529,1656993600,2489400.0,2022-07-05 04:00:00
470.5246,474.6983,465.8733,466.3317,1657080000,2262300.0,2022-07-06 04:00:00
472.7212,473.2751,467.2485,469.961,1657166400,2125200.0,2022-07-07 04:00:00
479.0153,482.8165,474.6791,474.9848,1657252800,2607800.0,2022-07-08 04:00:00
476.4938,482.8451,472.6161,478.6141,1657512000,1891100.0,2022-07-11 04:00:00
468.538,479.3591,466.1216,474.6887,1657598400,1775300.0,2022-07-12 04:00:00
470.1139,474.9848,462.0911,462.5687,1657684800,2008400.0,2022-07-13 04:00:00
488.9482,490.2185,471.4509,473.81,1657771200,3715600.0,2022-07-14 04:00:00
499.4637,501.2306,492.6157,493.7045,1657857600,4265100.0,2022-07-15 04:00:00
493.1123,504.7931,492.5106,498.4226,1658116800,2464100.0,2022-07-18 04:00:00
496.8659,501.9756,493.7523,498.948,1658203200,2391000.0,2022-07-19 04:00:00
500.6575,502.5295,493.5994,497.8496,1658289600,1740700.0,2022-07-20 04:00:00
505.6813,505.9487,498.1742,500.5047,1658376000,1716100.0,2022-07-21 04:00:00
505.9297,512.9878,502.4436,506.8752,1658462400,1800800.0,2022-07-22 04:00:00
505.3757,508.3842,502.3767,507.5533,1658721600,1452700.0,2022-07-25 04:00:00
488.9386,496.3405,485.911,491.8707,1658808000,3334800.0,2022-07-26 04:00:00
498.8524,501.7272,488.2127,490.056,1658894400,2060100.0,2022-07-27 04:00:00
512.9835,515.8537,497.7714,497.7714,1658980800,2083300.0,2022-07-28 04:00:00
517.8818,518.6664,508.8885,508.9842,1659067200,2131500.0,2022-07-29 04:00:00
523.1536,528.7984,517.8342,517.9968,1659326400,2256000.0,2022-08-01 04:00:00
519.9486,527.2006,517.375,520.494,1659412800,1984200.0,2022-08-02 04:00:00
523.3449,524.9618,518.6664,521.4219,1659499200,1693300.0,2022-08-03 04:00:00
519.7765,523.5269,517.2794,523.3355,1659585600,2000500.0,2022-08-04 04:00:00
517.2792,518.1689,510.2759,513.9976,1659672000,1711500.0,2022-08-05 04:00:00
518.456,523.8137,515.3657,520.3121,1659931200,1344100.0,2022-08-08 04:00:00
512.6391,521.4219,510.7926,520.1208,1660017600,1877300.0,2022-08-09 04:00:00
516.466,526.1195,514.0454,520.9244,1660104000,2336600.0,2022-08-10 04:00:00
509.1756,519.9771,508.879,519.738,1660190400,2340200.0,2022-08-11 04:00:00
513.9689,515.1074,510.6394,512.9834,1660276800,1918200.0,2022-08-12 04:00:00
522.1394,523.3353,512.5051,513.1939,1660536000,1848000.0,2022-08-15 04:00:00
529.0949,535.7442,525.2201,527.2579,1660622400,2498000.0,2022-08-16 04:00:00
532.2523,535.2469,525.2585,526.2057,1660708800,1835200.0,2022-08-17 04:00:00
536.6915,540.3175,532.3478,534.8736,1660795200,1619200.0,2022-08-18 04:00:00
530.5396,535.0649,529.2383,534.4813,1660881600,1617000.0,2022-08-19 04:00:00
521.8714,529.0757,520.7425,529.0757,1661140800,1860900.0,2022-08-22 04:00:00
518.6187,522.3882,513.6532,522.1299,1661227200,1359000.0,2022-08-23 04:00:00
519.7189,521.6323,516.0259,519.2692,1661313600,1145800.0,2022-08-24 04:00:00
526.9423,527.0762,516.2076,522.1298,1661400000,1483300.0,2022-08-25 04:00:00
508.8121,528.7601,508.6686,526.2056,1661486400,1886800.0,2022-08-26 04:00:00
508.085,512.3329,501.3304,504.2293,1661745600,1579900.0,2022-08-29 04:00:00
501.4644,512.8209,498.9482,511.1657,1661832000,1872700.0,2022-08-30 04:00:00
499.5126,503.55,497.7522,502.8038,1661918400,2179800.0,2022-08-31 04:00:00
506.2768,506.6691,494.662,497.2356,1662004800,2280600.0,2022-09-01 04:00:00
496.652,511.7015,493.7244,509.6541,1662091200,1901700.0,2022-09-02 04:00:00
496.4511,500.5172,490.3567,497.6565,1662436800,1933400.0,2022-09-06 04:00:00
506.7265,508.659,496.4511,497.5035,1662523200,1827900.0,2022-09-07 04:00:00
506.2289,509.9697,498.9959,501.6461,1662609600,1600800.0,2022-09-08 04:00:00
513.3663,514.7822,506.6213,509.0992,1662696000,1930900.0,2022-09-09 04:00:00
516.179,519.1257,513.768,514.4664,1662955200,1522400.0,2022-09-12 04:00:00
488.223,509.2138,486.6827,507.8266,1663041600,2881400.0,2022-09-13 04:00:00
486.0226,491.7726,481.3537,491.629,1663128000,2007300.0,2022-09-14 04:00:00
481.7173,487.0367,478.8758,486.4053,1663214400,1749600.0,2022-09-15 04:00:00
482.3296,484.5301,475.7855,477.9573,1663300800,3004800.0,2022-09-16 04:00:00
484.6545,484.7884,477.3067,480.4353,1663560000,1441300.0,2022-09-19 04:00:00
477.9095,481.6503,472.0734,481.2389,1663646400,1843100.0,2022-09-20 04:00:00
471.7385,484.5205,471.6715,480.7605,1663732800,2082600.0,2022-09-21 04:00:00
466.0938,472.6283,463.4531,472.6283,1663819200,3133100.0,2022-09-22 04:00:00
446.2223,461.4536,443.4765,458.2198,1663905600,5377800.0,2022-09-23 04:00:00
459.5209,463.1661,445.0837,445.7152,1664164800,4001900.0,2022-09-26 04:00:00
457.6075,467.2705,454.8617,464.4864,1664251200,2412400.0,2022-09-27 04:00:00
467.1653,470.2842,453.6753,460.6977,1664337600,2419500.0,2022-09-28 04:00:00
458.2581,467.8541,453.5605,464.6012,1664424000,1963900.0,2022-09-29 04:00:00
451.8383,462.8982,451.4557,459.8654,1664510400,2436700.0,2022-09-30 04:00:00
457.0622,460.0376,450.0493,453.9719,1664769600,2338500.0,2022-10-03 04:00:00
465.0987,466.9069,459.9323,462.8982,1664856000,2175600.0,2022-10-04 04:00:00
459.5401,462.9365,454.278,460.4777,1664942400,1587700.0,2022-10-05 04:00:00
461.6161,472.5134,461.0708,462.5346,1665028800,2430700.0,2022-10-06 04:00:00
447.8966,458.3824,445.9544,457.5692,1665115200,2568100.0,2022-10-07 04:00:00
446.1363,449.9058,441.6396,449.37,1665374400,1616300.0,2022-10-10 04:00:00
451.5992,456.603,443.6392,444.8829,1665460800,2341400.0,2022-10-11 04:00:00
446.2032,458.9852,446.1267,453.7997,1665547200,2043900.0,2022-10-12 04:00:00
447.7435,451.3313,429.6038,438.3675,1665633600,3390900.0,2022-10-13 04:00:00
434.9807,452.9099,434.1579,451.6088,1665720000,2301600.0,2022-10-14 04:00:00
444.0888,446.6816,440.5584,441.6778,1665979200,2097500.0,2022-10-17 04:00:00
452.7951,455.9045,448.5472,452.7282,1666065600,1864000.0,2022-10-18 04:00:00
451.0346,454.3258,446.7485,447.5713,1666152000,1207600.0,2022-10-19 04:00:00
444.5193,451.6566,442.8833,450.6233,1666238400,1709500.0,2022-10-20 04:00:00
457.4926,458.8225,442.2805,443.6486,1666324800,2508400.0,2022-10-21 04:00:00
475.4697,476.4551,460.2002,460.7742,1666584000,2366200.0,2022-10-24 04:00:00
477.4693,478.5504,469.2797,471.9777,1666670400,2130900.0,2022-10-25 04:00:00
477.8425,485.4677,474.2452,476.4552,1666756800,2088700.0,2022-10-26 04:00:00
475.916,482.1172,473.6156,479.0501,1666843200,1576600.0,2022-10-27 04:00:00
489.6507,491.5197,475.3696,476.6443,1666929600,2369300.0,2022-10-28 04:00:00
480.67,488.4719,479.7115,488.4719,1667188800,2192200.0,2022-10-31 04:00:00
479.1939,486.3154,479.0214,482.7786,1667275200,1586300.0,2022-11-01 04:00:00
463.4272,482.3377,463.1971,477.1236,1667361600,2464400.0,2022-11-02 04:00:00
466.0918,470.9224,459.7851,460.9065,1667448000,2010400.0,2022-11-03 04:00:00
466.2066,472.1683,456.6987,470.0309,1667534400,1987300.0,2022-11-04 04:00:00
468.2578,469.6476,454.7914,457.2355,1667797200,2036000.0,2022-11-07 05:00:00
472.2929,477.5645,464.3856,470.3472,1667883600,1709900.0,2022-11-08 05:00:00
469.6188,476.9127,466.638,471.4686,1667970000,1640500.0,2022-11-09 05:00:00
491.8169,493.4654,480.5741,483.9767,1668056400,3098300.0,2022-11-10 05:00:00
494.0597,495.3728,485.6635,491.8169,1668142800,2393500.0,2022-11-11 05:00:00
488.5102,499.0725,488.261,494.3472,1668402000,1820200.0,2022-11-14 05:00:00
504.6028,507.7945,498.4016,498.4016,1668488400,2502200.0,2022-11-15 05:00:00
502.3408,506.606,498.5645,499.6571,1668574800,1833600.0,2022-11-16 05:00:00
499.6667,500.1172,491.654,497.4431,1668661200,1902500.0,2022-11-17 05:00:00
501.9191,507.5453,496.6668,504.9862,1668747600,1584400.0,2022-11-18 05:00:00
501.6316,505.3792,500.3952,503.9031,1669006800,1268300.0,2022-11-21 05:00:00
509.8552,510.6699,504.8041,507.9479,1669093200,1809100.0,2022-11-22 05:00:00
512.2897,514.5037,508.3696,511.82,1669179600,1288200.0,2022-11-23 05:00:00
511.4942,513.6028,510.9287,511.9734,1669352400,744200.0,2022-11-25 05:00:00
508.868,513.9767,506.9703,508.8393,1669611600,1684300.0,2022-11-28 05:00:00
506.9894,511.5517,506.0693,508.983,1669698000,1685700.0,2022-11-29 05:00:00
516.852,520.0437,500.4527,505.5037,1669784400,3601800.0,2022-11-30 05:00:00
482.9319,497.5773,475.0821,497.5773,1669870800,6970400.0,2022-12-01 05:00:00
473.9894,478.245,471.6699,477.8136,1669957200,3632100.0,2022-12-02 05:00:00
468.3633,472.2355,464.5965,472.0438,1670216400,2455300.0,2022-12-05 05:00:00
461.1748,471.0566,457.3505,470.2802,1670302800,2995900.0,2022-12-06 05:00:00
461.9512,466.3314,458.9799,459.1908,1670389200,2072600.0,2022-12-07 05:00:00
461.424,463.2547,453.833,462.8425,1670475600,2901000.0,2022-12-08 05:00:00
462.9575,469.7338,450.9575,455.3665,1670562000,4211100.0,2022-12-09 05:00:00
467.4239,467.5581,460.7051,462.6795,1670821200,2276400.0,2022-12-12 05:00:00
467.9224,477.2866,461.5486,476.3952,1670907600,2626700.0,2022-12-13 05:00:00
463.4367,471.2674,461.0597,468.5549,1670994000,2145000.0,2022-12-14 05:00:00
444.6412,456.9,443.9224,455.5964,1671080400,3437700.0,2022-12-15 05:00:00
442.2834,445.4847,437.9032,442.1013,1671166800,4909200.0,2022-12-16 05:00:00
439.5805,444.162,436.4463,441.7754,1671426000,1939200.0,2022-12-19 05:00:00
438.8042,441.1333,433.7339,437.5966,1671512400,1993700.0,2022-12-20 05:00:00
442.8681,444.4304,437.2515,440.2994,1671598800,1462400.0,2022-12-21 05:00:00
439.6572,441.277,434.5582,439.5997,1671685200,1906100.0,2022-12-22 05:00:00
443.4336,443.9416,435.9096,438.5167,1671771600,1229500.0,2022-12-23 05:00:00
439.456,445.3985,438.1237,445.1109,1672117200,1230800.0,2022-12-27 05:00:00
434.1748,441.3346,433.9927,438.5359,1672203600,1324100.0,2022-12-28 05:00:00
437.5678,439.9352,434.6253,436.7052,1672290000,1465000.0,2022-12-29 05:00:00
437.539,437.7307,432.0278,435.7658,1672376400,1803200.0,2022-12-30 05:00:00
434.4528,439.7435,429.2962,438.9767,1672722000,1978100.0,2023-01-03 05:00:00
437.5966,440.424,433.7915,438.1908,1672808400,2097300.0,2023-01-04 05:00:00
431.4911,437.4719,430.9448,435.6604,1672894800,2169300.0,2023-01-05 05:00:00
462.8138,464.2994,443.0215,443.8457,1672981200,5174500.0,2023-01-06 05:00:00
458.8649,466.6476,458.2802,462.8712,1673240400,2384800.0,2023-01-09 05:00:00
461.4048,462.0662,455.7308,457.3218,1673326800,1649900.0,2023-01-10 05:00:00
464.1939,464.3952,459.2099,460.3792,1673413200,1576400.0,2023-01-11 05:00:00
462.392,464.8552,458.8648,464.8456,1673499600,1628200.0,2023-01-12 05:00:00
465.0949,465.4208,459.1045,460.916,1673586000,1405900.0,2023-01-13 05:00:00
466.5518,470.1077,464.2515,464.9799,1673931600,1539900.0,2023-01-17 05:00:00
459.5549,468.507,458.6444,464.6731,1674018000,1925500.0,2023-01-18 05:00:00
449.9895,457.7243,448.6285,456.4591,1674104400,1919500.0,2023-01-19 05:00:00
460.1684,460.3697,449.9703,454.2355,1674190800,2588600.0,2023-01-20 05:00:00
472.1492,474.6699,457.7626,460.015,1674450000,2709400.0,2023-01-23 05:00:00
471.67,473.0981,466.7818,471.6124,1674536400,1510200.0,2023-01-24 05:00:00
470.491,471.507,464.376,469.0341,1674622800,1329800.0,2023-01-25 05:00:00
477.6028,477.9575,471.344,472.7147,1674709200,1576400.0,2023-01-26 05:00:00
482.3856,487.9542,477.1811,479.0022,1674795600,2034100.0,2023-01-27 05:00:00
482.3761,484.5997,479.5869,479.5869,1675054800,1855900.0,2023-01-30 05:00:00
489.9095,490.1683,481.1492,482.3281,1675141200,1924100.0,2023-01-31 05:00:00
496.3983,498.8329,483.7562,487.1971,1675227600,2080200.0,2023-02-01 05:00:00
502.5624,508.9185,499.8837,503.3881,1675314000,2287400.0,2023-02-02 05:00:00
494.2764,500.7573,492.0681,498.4338,1675400400,1844100.0,2023-02-03 05:00:00
495.035,496.6,491.8474,493.9309,1675659600,1740100.0,2023-02-06 05:00:00
495.9375,497.3393,487.1619,491.5785,1675746000,1927300.0,2023-02-07 05:00:00
483.7246,491.7609,481.5643,490.9064,1675832400,2062900.0,2023-02-08 05:00:00
480.6714,488.8614,478.5495,485.1456,1675918800,1517300.0,2023-02-09 05:00:00
480.0569,480.5946,475.6307,478.6359,1676005200,1536800.0,2023-02-10 05:00:00
486.2593,486.5858,481.3627,481.7371,1676264400,1452600.0,2023-02-13 05:00:00
483.1581,487.6036,478.7511,484.8768,1676350800,1257300.0,2023-02-14 05:00:00
490.8969,491.0313,481.3531,482.6877,1676437200,1422600.0,2023-02-15 05:00:00
484.003,490.3687,483.523,483.5325,1676523600,1456000.0,2023-02-16 05:00:00
487.2483,487.4691,481.8331,484.1662,1676610000,1340400.0,2023-02-17 05:00:00
481.7371,483.8974,476.754,480.8538,1676955600,1811800.0,2023-02-21 05:00:00
477.5606,485.3088,476.8021,483.8302,1677042000,1332000.0,2023-02-22 05:00:00
473.48,478.972,468.4105,478.9144,1677128400,1546300.0,2023-02-23 05:00:00
469.1306,470.8108,465.3765,469.1018,1677214800,1587600.0,2023-02-24 05:00:00
467.6135,473.3455,466.3173,472.9134,1677474000,1501700.0,2023-02-27 05:00:00
464.8772,469.3898,464.4931,466.2406,1677560400,1918200.0,2023-02-28 05:00:00
459.5869,463.341,456.0824,461.92,1677646800,1759300.0,2023-03-01 05:00:00
466.327,467.9976,456.6008,458.3291,1677733200,2379200.0,2023-03-02 05:00:00
456.3128,457.0233,446.7787,455.8999,1677819600,5354200.0,2023-03-03 05:00:00
463.821,469.3322,456.5624,457.5226,1678078800,3104700.0,2023-03-06 05:00:00
465.8085,475.4675,465.6645,466.7207,1678165200,2659100.0,2023-03-07 05:00:00
466.6631,467.4696,461.9584,463.7442,1678251600,1548500.0,2023-03-08 05:00:00
460.403,470.4652,459.5388,468.0456,1678338000,1629400.0,2023-03-09 05:00:00
452.3571,461.3055,449.7071,459.8845,1678424400,2123000.0,2023-03-10 05:00:00
453.1827,457.6858,448.19,448.19,1678680000,1799600.0,2023-03-13 04:00:00
462.7073,465.8181,454.1429,456.476,1678766400,2422900.0,2023-03-14 04:00:00
466.2982,467.604,459.462,462.3136,1678852800,2226300.0,2023-03-15 04:00:00
467.8344,468.6794,463.5138,465.5973,1678939200,1979600.0,2023-03-16 04:00:00
467.6327,470.3691,462.3136,469.5722,1679025600,3959300.0,2023-03-17 04:00:00
469.7834,471.2236,466.3558,468.5449,1679284800,1623800.0,2023-03-20 04:00:00
471.2812,473.3455,466.615,473.3455,1679371200,1664000.0,2023-03-21 04:00:00
468.084,476.8212,467.9208,469.9466,1679457600,1299700.0,2023-03-22 04:00:00
468.3144,473.5855,464.9828,471.1276,1679544000,1565900.0,2023-03-23 04:00:00
475.525,476.1971,467.1623,467.5271,1679630400,1635200.0,2023-03-24 04:00:00
473.5568,479.9321,472.8751,477.455,1679889600,1452100.0,2023-03-27 04:00:00
467.364,474.3633,466.0582,472.9711,1679976000,1407800.0,2023-03-28 04:00:00
471.3005,471.7134,466.5286,469.6971,1680062400,1643000.0,2023-03-29 04:00:00
471.8862,475.9763,471.4253,473.3456,1680148800,1545500.0,2023-03-30 04:00:00
477.0613,478.4919,474.2481,475.2659,1680235200,2082000.0,2023-03-31 04:00:00
477.2149,479.2984,475.2658,476.706,1680494400,1804700.0,2023-04-03 04:00:00
477.8869,482.5436,475.7458,476.706,1680580800,1913300.0,2023-04-04 04:00:00
477.3109,484.0319,475.4195,479.1064,1680667200,1941500.0,2023-04-05 04:00:00
466.6055,468.4009,458.4635,462.7841,1680753600,4114700.0,2023-04-06 04:00:00
474.1425,474.2097,462.4577,464.6083,1681099200,1653600.0,2023-04-10 04:00:00
478.7703,480.0569,473.3455,474.1424,1681185600,1547400.0,2023-04-11 04:00:00
469.8411,480.1145,469.0634,480.0665,1681272000,2063700.0,2023-04-12 04:00:00
478.0406,478.5687,470.7628,473.816,1681358400,1600500.0,2023-04-13 04:00:00
471.7133,480.4217,470.6188,476.4084,1681444800,1675300.0,2023-04-14 04:00:00
474.2481,478.0406,471.5693,473.1247,1681704000,1411800.0,2023-04-17 04:00:00
477.09,477.7909,474.4208,476.3219,1681790400,1339600.0,2023-04-18 04:00:00
476.2548,478.1366,474.1425,477.3109,1681876800,1098800.0,2023-04-19 04:00:00
485.424,490.3015,475.7555,475.9859,1681963200,2936500.0,2023-04-20 04:00:00
486.1633,490.2823,485.3088,489.0629,1682049600,1508600.0,2023-04-21 04:00:00
491.0312,491.2904,485.6449,485.9233,1682308800,1374100.0,2023-04-24 04:00:00
483.1101,492.673,482.2364,490.7527,1682395200,1789900.0,2023-04-25 04:00:00
474.9394,482.8221,473.7201,480.4698,1682481600,1441900.0,2023-04-26 04:00:00
481.2859,482.2364,475.1026,475.1026,1682568000,1361600.0,2023-04-27 04:00:00
483.1581,484.7039,480.681,481.5643,1682654400,1170200.0,2023-04-28 04:00:00
473.9121,480.1145,469.313,479.2504,1682913600,2203200.0,2023-05-01 04:00:00
475.0834,475.9187,470.2827,475.2658,1683000000,1940800.0,2023-05-02 04:00:00
470.5228,478.8952,470.1388,476.8021,1683086400,1426400.0,2023-05-03 04:00:00
471.7736,472.322,467.5306,470.4266,1683172800,1487000.0,2023-05-04 04:00:00
480.1634,480.4905,474.3136,474.5253,1683259200,1709200.0,2023-05-05 04:00:00
480.1634,481.3084,476.9307,478.5374,1683518400,1015000.0,2023-05-08 04:00:00
481.8279,482.7419,477.5945,478.1429,1683604800,1571800.0,2023-05-09 04:00:00
480.7406,485.8495,476.3533,482.9439,1683691200,1257600.0,2023-05-10 04:00:00
482.8863,483.9542,478.7106,480.5964,1683777600,1046700.0,2023-05-11 04:00:00
484.9836,486.8694,482.2223,484.1177,1683864000,1472800.0,2023-05-12 04:00:00
483.0306,485.8785,479.971,484.926,1684123200,1135700.0,2023-05-15 04:00:00
477.3635,481.3467,475.5835,481.0677,1684209600,1229300.0,2023-05-16 04:00:00
476.2571,479.1531,473.2745,479.1435,1684296000,2069500.0,2023-05-17 04:00:00
479.2397,479.7208,475.3719,476.2571,1684382400,2298900.0,2023-05-18 04:00:00
477.7195,480.4809,475.218,480.4809,1684468800,1635000.0,2023-05-19 04:00:00
473.2456,478.1814,470.0417,478.1814,1684728000,1943800.0,2023-05-22 04:00:00
466.5107,468.7236,464.6826,468.7236,1684814400,1800200.0,2023-05-23 04:00:00
464.4806,468.8006,462.7007,468.8006,1684900800,1600600.0,2023-05-24 04:00:00
468.1271,470.0417,458.6982,462.0271,1684987200,3421900.0,2023-05-25 04:00:00
488.0529,491.4107,465.7891,467.2611,1685073600,5302600.0,2023-05-26 04:00:00
488.7937,495.2977,482.5976,490.4871,1685419200,2544800.0,2023-05-30 04:00:00
492.19,494.4126,485.8303,489.5923,1685505600,3320800.0,2023-05-31 04:00:00
493.1907,494.2875,483.0883,490.0445,1685592000,2407700.0,2023-06-01 04:00:00
493.1811,498.8673,490.1118,490.997,1685678400,2284800.0,2023-06-02 04:00:00
498.6267,499.2714,492.6327,493.1811,1685937600,2023500.0,2023-06-05 04:00:00
496.7121,498.9924,493.3446,498.6267,1686024000,1410300.0,2023-06-06 04:00:00
491.8726,499.6274,491.2376,495.0284,1686110400,1784700.0,2023-06-07 04:00:00
500.3971,500.5895,493.0945,493.0945,1686196800,1530400.0,2023-06-08 04:00:00
497.6935,502.2925,495.9809,498.569,1686283200,1287300.0,2023-06-09 04:00:00
501.2438,501.5325,496.462,497.6936,1686542400,1404500.0,2023-06-12 04:00:00
502.254,503.1488,498.2996,502.254,1686628800,1204700.0,2023-06-13 04:00:00
507.2379,507.8632,503.3316,505.1211,1686715200,1841400.0,2023-06-14 04:00:00
509.1429,511.1442,506.7183,508.9697,1686801600,1871600.0,2023-06-15 04:00:00
503.8223,510.3359,502.8409,510.028,1686888000,3147800.0,2023-06-16 04:00:00
500.0218,503.1007,498.5209,502.1866,1687233600,1684400.0,2023-06-20 04:00:00
499.9449,501.8884,496.9815,498.2996,1687320000,1273600.0,2023-06-21 04:00:00
504.3515,504.8133,500.0026,500.9744,1687406400,1114000.0,2023-06-22 04:00:00
504.5824,505.5061,499.6755,503.322,1687492800,1434300.0,2023-06-23 04:00:00
503.601,504.9962,501.5229,504.544,1687752000,1278500.0,2023-06-26 04:00:00
510.2495,512.2507,502.3311,502.8603,1687838400,1673600.0,2023-06-27 04:00:00
512.6258,513.2897,508.5944,508.9504,1687924800,1245200.0,2023-06-28 04:00:00
511.558,512.2892,508.9217,510.49,1688011200,1121800.0,2023-06-29 04:00:00
517.9946,519.1299,513.4245,513.944,1688097600,2221900.0,2023-06-30 04:00:00
520.5538,520.5923,514.1075,516.9073,1688356800,951400.0,2023-07-03 04:00:00
520.6404,525.3741,517.1478,520.7269,1688529600,1630400.0,2023-07-05 04:00:00
517.0227,519.8418,516.2626,518.4755,1688616000,1750100.0,2023-07-06 04:00:00
505.1693,516.1472,504.7652,513.6746,1688702400,2740600.0,2023-07-07 04:00:00
507.0551,511.0383,505.1789,505.1789,1688961600,1955600.0,2023-07-10 04:00:00
509.5855,510.6631,506.2277,507.5265,1689048000,1262300.0,2023-07-11 04:00:00
517.6288,519.6589,510.9997,511.856,1689134400,1960500.0,2023-07-12 04:00:00
518.0619,518.7065,512.6162,517.4365,1689220800,1647200.0,2023-07-13 04:00:00
525.9996,526.1535,517.7252,518.3121,1689307200,1828700.0,2023-07-14 04:00:00
532.0225,533.2251,525.4222,525.4992,1689566400,1909900.0,2023-07-17 04:00:00
532.6287,533.9852,528.5877,531.7435,1689652800,1778800.0,2023-07-18 04:00:00
533.129,534.8416,531.1181,533.485,1689739200,1261100.0,2023-07-19 04:00:00
535.8711,539.8255,532.7442,532.8403,1689825600,1732800.0,2023-07-20 04:00:00
536.737,540.7684,536.3425,537.9974,1689912000,5264300.0,2023-07-21 04:00:00
542.5771,545.1171,534.8319,536.8716,1690171200,2086400.0,2023-07-24 04:00:00
543.7895,546.0601,542.9332,545.3097,1690257600,1602500.0,2023-07-25 04:00:00
544.7322,546.5219,542.0864,544.0973,1690344000,1306400.0,2023-07-26 04:00:00
540.5567,549.5334,539.3732,546.2236,1690430400,1485300.0,2023-07-27 04:00:00
541.9902,546.3102,541.3167,543.2025,1690516800,1371400.0,2023-07-28 04:00:00
539.4406,542.9235,537.882,541.6824,1690776000,1365900.0,2023-07-31 04:00:00
534.4374,541.5669,533.5427,539.4021,1690862400,1445300.0,2023-08-01 04:00:00
531.4355,535.5535,530.1559,531.349,1690948800,1635000.0,2023-08-02 04:00:00
536.5734,539.1327,531.3105,532.571,1691035200,1463400.0,2023-08-03 04:00:00
531.1373,540.037,530.5311,539.8254,1691121600,1142000.0,2023-08-04 04:00:00
537.2661,538.3726,533.9756,533.9756,1691380800,1015400.0,2023-08-07 04:00:00
535.0629,537.7376,530.945,536.8717,1691467200,1020400.0,2023-08-08 04:00:00
538.5073,540.8068,535.7267,536.8524,1691553600,1471800.0,2023-08-09 04:00:00
540.2295,547.6572,539.4694,541.8748,1691640000,1107200.0,2023-08-10 04:00:00
541.6439,543.6066,537.8627,539.1326,1691726400,1043100.0,2023-08-11 04:00:00
540.2101,546.2139,539.2192,543.3852,1691985600,1247600.0,2023-08-14 04:00:00
537.3624,543.7606,537.0642,539.8062,1692072000,1124300.0,2023-08-15 04:00:00
537.8818,543.5585,537.5643,540.4315,1692158400,1340100.0,2023-08-16 04:00:00
526.394,539.2,524.4409,538.286,1692244800,1941900.0,2023-08-17 04:00:00
524.3062,528.6647,522.5455,526.2112,1692331200,1878100.0,2023-08-18 04:00:00
522.6418,524.5083,515.9934,523.2671,1692590400,2076100.0,2023-08-21 04:00:00
517.9849,521.439,517.1479,521.439,1692676800,1286000.0,2023-08-22 04:00:00
520.3806,520.6788,515.9355,518.5525,1692763200,1295800.0,2023-08-23 04:00:00
512.5438,521.4989,511.6858,519.8505,1692849600,1587500.0,2023-08-24 04:00:00
514.7608,516.4766,511.4352,513.7004,1692936000,1511500.0,2023-08-25 04:00:00
516.8622,517.6815,513.9028,516.679,1693195200,945800.0,2023-08-28 04:00:00
523.2051,523.4943,515.079,515.079,1693281600,1468500.0,2023-08-29 04:00:00
522.7135,524.7956,519.8698,523.1665,1693368000,1292800.0,2023-08-30 04:00:00
529.4803,532.295,520.5348,520.5348,1693454400,2086500.0,2023-08-31 04:00:00
524.6317,533.529,521.1519,533.1338,1693540800,1437700.0,2023-09-01 04:00:00
525.0943,529.3936,524.3906,526.0583,1693886400,1714300.0,2023-09-05 04:00:00
526.9837,528.902,520.7084,522.1928,1693972800,1476600.0,2023-09-06 04:00:00
528.8442,531.1287,524.6702,528.8731,1694059200,1340000.0,2023-09-07 04:00:00
531.3215,532.4686,528.3429,529.278,1694145600,1075300.0,2023-09-08 04:00:00
538.6379,539.2259,531.9673,532.8831,1694404800,1388600.0,2023-09-11 04:00:00
538.6477,540.1997,536.1318,539.1201,1694491200,1055500.0,2023-09-12 04:00:00
539.5826,540.2381,534.6279,538.1752,1694577600,1162700.0,2023-09-13 04:00:00
544.412,546.2725,540.055,544.4506,1694664000,1257300.0,2023-09-14 04:00:00
536.3051,545.1253,535.5146,544.9517,1694750400,2945300.0,2023-09-15 04:00:00
542.4359,543.853,537.3752,538.0596,1695009600,1003100.0,2023-09-18 04:00:00
544.0071,544.9519,539.2645,541.3949,1695096000,1144700.0,2023-09-19 04:00:00
543.5058,548.7015,542.3779,544.007,1695182400,1311500.0,2023-09-20 04:00:00
535.0713,544.2192,534.3001,543.7372,1695268800,1687700.0,2023-09-21 04:00:00
538.4548,542.6768,534.7821,535.1484,1695355200,1527300.0,2023-09-22 04:00:00
538.4836,541.0381,534.7434,539.3222,1695614400,1313300.0,2023-09-25 04:00:00
533.0276,541.1345,532.1022,538.9945,1695700800,2425100.0,2023-09-26 04:00:00
543.2168,546.0797,525.0944,527.6489,1695787200,4591400.0,2023-09-27 04:00:00
548.1328,551.5548,543.7372,543.7372,1695873600,2192400.0,2023-09-28 04:00:00
544.5953,550.4079,540.4889,549.4536,1695960000,1887500.0,2023-09-29 04:00:00
550.7164,551.1309,543.6699,547.4389,1696219200,1831700.0,2023-10-02 04:00:00
544.6723,555.4204,542.7155,550.5139,1696305600,2007400.0,2023-10-03 04:00:00
551.1887,551.9695,543.4385,548.9619,1696392000,1798800.0,2023-10-04 04:00:00
548.9908,554.0323,544.0168,551.5453,1696478400,1579700.0,2023-10-05 04:00:00
537.433,546.5135,523.0701,545.6845,1696564800,4246700.0,2023-10-06 04:00:00
538.821,539.573,529.9624,534.9942,1696824000,1781500.0,2023-10-09 04:00:00
541.8286,546.5134,537.1534,539.7368,1696910400,2176800.0,2023-10-10 04:00:00
545.1349,546.0795,540.0066,544.489,1696996800,1449800.0,2023-10-11 04:00:00
543.4576,548.6244,542.1081,547.5737,1697083200,1458000.0,2023-10-12 04:00:00
546.4074,546.9858,541.7226,543.5251,1697169600,1243900.0,2023-10-13 04:00:00
551.6127,553.4057,548.0269,549.1547,1697428800,1428300.0,2023-10-16 04:00:00
553.6371,555.2951,550.1379,551.3236,1697515200,1404600.0,2023-10-17 04:00:00
553.9262,556.4903,551.3814,553.2321,1697601600,1311900.0,2023-10-18 04:00:00
545.241,555.0926,543.7758,553.0201,1697688000,2019600.0,2023-10-19 04:00:00
532.9988,546.2436,532.112,546.1182,1697774400,2295400.0,2023-10-20 04:00:00
532.3819,536.845,526.9259,534.1652,1698033600,1776500.0,2023-10-23 04:00:00
531.9482,535.9486,529.5287,532.1988,1698120000,1678600.0,2023-10-24 04:00:00
530.1649,533.8665,525.9427,528.7768,1698206400,1757500.0,2023-10-25 04:00:00
527.8608,534.6663,525.8655,529.837,1698292800,1925300.0,2023-10-26 04:00:00
523.4557,528.2755,520.7566,527.861,1698379200,1503100.0,2023-10-27 04:00:00
534.8785,536.3052,524.0437,526.068,1698638400,1696200.0,2023-10-30 04:00:00
532.5266,534.0593,529.2684,532.2566,1698724800,1394700.0,2023-10-31 04:00:00
536.7293,538.3102,529.8371,534.9942,1698811200,1735300.0,2023-11-01 04:00:00
536.9126,540.3313,533.0884,537.4245,1698897600,2100600.0,2023-11-02 04:00:00
541.6739,543.6922,536.1982,538.2263,1698984000,1826800.0,2023-11-03 04:00:00
550.288,553.021,540.9302,541.2778,1699246800,2056900.0,2023-11-06 05:00:00
551.6884,554.2185,550.0369,552.8762,1699333200,1373100.0,2023-11-07 05:00:00
547.9318,553.3495,544.9477,552.5093,1699419600,1343600.0,2023-11-08 05:00:00
543.9625,549.4961,542.7457,549.4961,1699506000,1288400.0,2023-11-09 05:00:00
557.3377,558.0813,545.5752,548.4338,1699592400,1908800.0,2023-11-10 05:00:00
558.4097,560.0708,553.8322,555.2905,1699851600,1650700.0,2023-11-13 05:00:00
570.5488,571.2731,561.2876,561.7994,1699938000,2037600.0,2023-11-14 05:00:00
576.3239,579.3273,573.0501,573.6295,1700024400,2165100.0,2023-11-15 05:00:00
558.7477,566.4832,552.625,566.2804,1700110800,2954700.0,2023-11-16 05:00:00
557.3669,560.042,554.3828,559.057,1700197200,1773600.0,2023-11-17 05:00:00
560.8917,562.3596,557.5503,557.5503,1700456400,1624100.0,2023-11-20 05:00:00
564.2716,564.8993,557.9075,562.0505,1700542800,1173700.0,2023-11-21 05:00:00
568.8878,570.8772,566.2514,566.7342,1700629200,1068600.0,2023-11-22 05:00:00
571.0897,573.8323,570.1722,570.7613,1700802000,645800.0,2023-11-24 05:00:00
574.5085,579.3757,572.1038,572.2101,1701061200,1627400.0,2023-11-27 05:00:00
573.6392,576.942,571.1476,572.857,1701147600,1286800.0,2023-11-28 05:00:00
567.7098,574.8079,567.2849,574.7982,1701234000,1319800.0,2023-11-29 05:00:00
572.4223,572.741,562.852,567.6806,1701320400,1755200.0,2023-11-30 05:00:00
575.8121,575.9087,570.3462,572.944,1701406800,1475300.0,2023-12-01 05:00:00
578.545,578.9796,571.1862,571.8526,1701666000,1624000.0,2023-12-04 05:00:00
584.6001,588.0091,576.5653,578.0139,1701752400,2349700.0,2023-12-05 05:00:00
586.6089,587.6229,583.1613,584.7451,1701838800,2233900.0,2023-12-06 05:00:00
590.0082,591.3602,585.5659,589.0908,1701925200,1690400.0,2023-12-07 05:00:00
589.8441,592.577,586.8986,587.7387,1702011600,1502100.0,2023-12-08 05:00:00
602.4756,603.6056,597.5505,600.6504,1702270800,2139300.0,2023-12-11 05:00:00
607.9224,608.1059,601.848,605.933,1702357200,2374400.0,2023-12-12 05:00:00
619.9939,620.5733,609.3709,612.1908,1702443600,2436900.0,2023-12-13 05:00:00
609.1585,619.8973,608.6949,619.202,1702530000,3839200.0,2023-12-14 05:00:00
636.2374,639.1925,618.5454,619.5111,1702616400,8807700.0,2023-12-15 05:00:00
657.8889,658.5359,638.4392,641.7227,1702875600,5733400.0,2023-12-18 05:00:00
654.5088,657.4639,646.1843,651.8627,1702962000,3437300.0,2023-12-19 05:00:00
638.3427,651.235,638.1495,648.7628,1703048400,3782700.0,2023-12-20 05:00:00
642.36,644.4653,636.8457,643.036,1703134800,2388400.0,2023-12-21 05:00:00
648.5792,650.192,643.1712,645.1026,1703221200,1641700.0,2023-12-22 05:00:00
651.4958,652.6933,647.7874,649.941,1703566800,1774800.0,2023-12-26 05:00:00
658.5873,660.3454,652.2662,654.5379,1703653200,1875900.0,2023-12-27 05:00:00
654.9329,658.6466,653.4415,657.649,1703739600,1496900.0,2023-12-28 05:00:00
651.9501,655.0218,649.066,652.8587,1703826000,1947500.0,2023-12-29 05:00:00
642.6362,649.6981,641.5004,647.5055,1704171600,2657700.0,2024-01-02 05:00:00
636.7496,647.3771,635.1792,643.1893,1704258000,2612600.0,2024-01-03 05:00:00
640.3646,641.8955,632.6212,634.1718,1704344400,2171100.0,2024-01-04 05:00:00
647.9302,651.5254,644.2067,648.0981,1704430800,2233500.0,2024-01-05 05:00:00
653.5403,653.9256,645.9747,647.7328,1704690000,2245300.0,2024-01-08 05:00:00
658.9626,659.0712,650.1525,650.7648,1704776400,1886200.0,2024-01-09 05:00:00
664.4739,665.5308,660.7701,661.3133,1704862800,1801900.0,2024-01-10 05:00:00
665.2838,666.2023,659.4169,662.7355,1704949200,1670800.0,2024-01-11 05:00:00
674.8249,675.299,667.7827,669.1556,1705035600,2388400.0,2024-01-12 05:00:00
673.0964,678.0645,669.8074,674.8249,1705381200,1626700.0,2024-01-16 05:00:00
675.7631,676.4347,670.8247,672.1186,1705467600,1786800.0,2024-01-17 05:00:00
678.8447,679.2497,671.8322,674.4199,1705554000,1900600.0,2024-01-18 05:00:00
686.4103,687.5561,674.2618,680.0201,1705640400,2267900.0,2024-01-19 05:00:00
683.9807,690.0549,682.0152,686.8647,1705899600,2452900.0,2024-01-22 05:00:00
679.1213,683.1115,676.1977,682.2127,1705986000,2208600.0,2024-01-23 05:00:00
678.0545,681.4719,674.7062,680.5138,1706072400,1946500.0,2024-01-24 05:00:00
671.5259,678.0446,667.6345,678.0446,1706158800,2751900.0,2024-01-25 05:00:00
678.42,678.7755,671.1309,671.7037,1706245200,1825500.0,2024-01-26 05:00:00
685.4622,685.5807,677.8076,681.4028,1706504400,2215400.0,2024-01-29 05:00:00
692.1092,693.9957,682.2916,684.4053,1706590800,1610500.0,2024-01-30 05:00:00
686.3215,696.8305,684.5042,692.6822,1706677200,1928500.0,2024-01-31 05:00:00
696.826,697.6371,683.9871,686.4599,1706763600,2039200.0,2024-02-01 05:00:00
701.7718,706.5197,694.6303,695.6985,1706850000,2377400.0,2024-02-02 05:00:00
703.4335,705.115,698.013,702.9192,1707109200,2276900.0,2024-02-05 05:00:00
703.0674,704.9765,696.6876,703.5027,1707195600,1920200.0,2024-02-06 05:00:00
711.9598,715.4614,704.2643,706.391,1707282000,2145500.0,2024-02-07 05:00:00
716.2922,720.2586,712.8302,716.0251,1707368400,1918500.0,2024-02-08 05:00:00
715.5406,717.6475,712.2962,717.2617,1707454800,1426100.0,2024-02-09 05:00:00
714.5613,715.9362,707.5285,715.6593,1707714000,1572600.0,2024-02-12 05:00:00
706.4899,713.9381,701.3365,713.5524,1707800400,1951100.0,2024-02-13 05:00:00
714.3339,714.6998,703.3446,708.221,1707886800,1472500.0,2024-02-14 05:00:00
716.6385,718.142,710.4762,713.6513,1707973200,1264100.0,2024-02-15 05:00:00
716.1241,721.139,710.6937,714.1458,1708059600,1764900.0,2024-02-16 05:00:00
717.8056,726.9749,715.8471,720.1202,1708405200,2407300.0,2024-02-20 05:00:00
715.1648,720.8721,712.4447,717.8058,1708491600,1564200.0,2024-02-21 05:00:00
726.421,728.0531,717.9639,717.9639,1708578000,1801600.0,2024-02-22 05:00:00
729.9127,734.443,729.1115,732.0789,1708664400,1265800.0,2024-02-23 05:00:00
737.252,738.6665,730.971,733.9384,1708923600,1707000.0,2024-02-26 05:00:00
736.619,738.528,733.2757,737.895,1709010000,1471300.0,2024-02-27 05:00:00
739.8337,743.7111,735.1353,735.1353,1709096400,1365000.0,2024-02-28 05:00:00
735.8079,744.3837,734.9177,743.2561,1709182800,3361200.0,2024-02-29 05:00:00
741.2975,743.2165,731.2183,732.3953,1709269200,1678100.0,2024-03-01 05:00:00
750.9318,756.4314,745.4817,746.8764,1709528400,2133400.0,2024-03-04 05:00:00
751.6934,760.9122,748.6766,760.0714,1709614800,2353400.0,2024-03-05 05:00:00
764.8391,766.7382,755.3631,756.5303,1709701200,2400600.0,2024-03-06 05:00:00
777.0549,778.5287,768.5681,770.6452,1709787600,4187900.0,2024-03-07 05:00:00
717.6771,748.0039,717.222,747.8358,1709874000,8590200.0,2024-03-08 05:00:00
706.3218,712.1775,703.2852,711.9896,1710129600,3762500.0,2024-03-11 04:00:00
728.8741,732.0097,709.1211,709.2893,1710216000,3727400.0,2024-03-12 04:00:00
726.2233,728.4983,718.6861,727.0146,1710302400,2270300.0,2024-03-13 04:00:00
723.9977,732.6329,721.0699,730.3084,1710388800,1826100.0,2024-03-14 04:00:00
717.7463,724.5614,715.3624,724.5614,1710475200,3390700.0,2024-03-15 04:00:00
723.5921,725.3726,718.1321,718.2112,1710734400,1595200.0,2024-03-18 04:00:00
724.2153,727.3607,722.0887,723.8394,1710820800,1322700.0,2024-03-19 04:00:00
732.6724,734.0275,721.2083,723.058,1710907200,1398700.0,2024-03-20 04:00:00
734.4924,744.1365,733.0483,735.4222,1710993600,2106900.0,2024-03-21 04:00:00
726.8167,736.6981,726.4012,736.342,1711080000,1794100.0,2024-03-22 04:00:00
723.0184,726.1836,718.8442,723.0579,1711339200,1604700.0,2024-03-25 04:00:00
723.0382,726.7178,722.2865,723.058,1711425600,1353500.0,2024-03-26 04:00:00
724.1263,727.8949,719.8433,726.0254,1711512000,1246700.0,2024-03-27 04:00:00
724.6702,726.9156,720.4071,725.8769,1711598400,1713300.0,2024-03-28 04:00:00
713.4041,725.3034,712.3754,723.8098,1711944000,1600700.0,2024-04-01 04:00:00
703.572,712.1775,700.7036,712.1775,1712030400,2326700.0,2024-04-02 04:00:00
698.0231,703.0874,689.6946,702.2664,1712116800,3205500.0,2024-04-03 04:00:00
697.2218,709.3387,696.5689,701.0696,1712203200,2252400.0,2024-04-04 04:00:00
705.9657,709.1013,698.3494,698.3691,1712289600,1552900.0,2024-04-05 04:00:00
704.0764,708.3593,703.1466,705.7579,1712548800,1459000.0,2024-04-08 04:00:00
710.7828,711.2378,699.2989,708.4583,1712635200,1386400.0,2024-04-09 04:00:00
714.7296,716.1143,701.2476,703.2753,1712721600,1832000.0,2024-04-10 04:00:00
724.3932,725.8176,716.2824,723.5525,1712808000,2107800.0,2024-04-11 04:00:00
723.3646,724.9373,718.6464,720.0905,1712894400,1481800.0,2024-04-12 04:00:00
710.4762,732.9493,710.1498,727.4398,1713153600,1808000.0,2024-04-15 04:00:00
708.1912,714.6503,704.393,710.4959,1713240000,1412300.0,2024-04-16 04:00:00
707.4197,715.9361,703.2752,715.1448,1713326400,1376700.0,2024-04-17 04:00:00
703.5225,711.1388,701.8607,707.4197,1713412800,1846400.0,2024-04-18 04:00:00
701.8015,707.1032,694.373,705.2832,1713499200,2190400.0,2024-04-19 04:00:00
707.6869,710.4565,698.4978,707.0934,1713758400,1437100.0,2024-04-22 04:00:00
714.8284,716.4011,708.5177,711.2181,1713844800,1176200.0,2024-04-23 04:00:00
716.0253,717.5485,708.31,711.8907,1713931200,1206600.0,2024-04-24 04:00:00
715.1633,720.5429,707.7824,720.5429,1714017600,1613600.0,2024-04-25 04:00:00
722.4155,724.1691,708.367,708.367,1714104000,1524400.0,2024-04-26 04:00:00
719.5918,725.4569,713.5384,722.7621,1714363200,1526900.0,2024-04-29 04:00:00
716.1936,718.7794,710.4474,718.7794,1714449600,1734800.0,2024-04-30 04:00:00
715.52,723.0891,708.684,715.5695,1714536000,1609100.0,2024-05-01 04:00:00
725.6451,727.587,713.9447,718.0265,1714622400,1826900.0,2024-05-02 04:00:00
736.9989,740.5556,726.5467,727.4682,1714708800,2323300.0,2024-05-03 04:00:00
749.4324,749.9179,739.5549,742.6361,1714968000,1773300.0,2024-05-06 04:00:00
764.1545,765.0759,748.5606,751.6516,1715054400,1897800.0,2024-05-07 04:00:00
756.3278,766.2153,755.6344,762.8567,1715140800,1511900.0,2024-05-08 04:00:00
771.8129,772.4767,756.526,756.7143,1715227200,1716200.0,2024-05-09 04:00:00
779.8873,780.1449,770.941,771.8129,1715313600,1652700.0,2024-05-10 04:00:00
767.959,782.156,766.4035,780.6898,1715572800,1596800.0,2024-05-13 04:00:00
770.6835,773.5664,764.2735,767.741,1715659200,1327700.0,2024-05-14 04:00:00
779.7385,782.3342,771.2976,771.2976,1715745600,1661700.0,2024-05-15 04:00:00
785.7128,797.0962,780.5214,784.4644,1715832000,2000000.0,2024-05-16 04:00:00
788.4273,790.2007,783.2755,786.2477,1715918400,1309100.0,2024-05-17 04:00:00
785.6433,795.5307,785.039,787.8724,1716177600,1347100.0,2024-05-20 04:00:00
793.4998,794.0051,784.6527,788.1896,1716264000,1375700.0,2024-05-21 04:00:00
794.4211,798.8695,790.6069,792.618,1716350400,1192800.0,2024-05-22 04:00:00
788.9524,800.5537,788.0508,796.8385,1716436800,1519200.0,2024-05-23 04:00:00
802.2181,809.2919,791.6769,793.2026,1716523200,1623000.0,2024-05-24 04:00:00
805.6262,807.7265,797.2545,802.228,1716868800,1986300.0,2024-05-28 04:00:00
799.038,805.8938,798.8101,799.5333,1716955200,2282800.0,2024-05-29 04:00:00
807.7761,811.8975,800.8014,802.6838,1717041600,2277800.0,2024-05-30 04:00:00
802.3766,804.2094,780.8878,801.5246,1717128000,4360700.0,2024-05-31 04:00:00
807.8257,820.2295,799.6423,803.4764,1717387200,2008700.0,2024-06-03 04:00:00
819.7143,820.3285,805.4974,807.4194,1717473600,1754500.0,2024-06-04 04:00:00
826.5601,826.6493,814.0572,823.2016,1717560000,2080000.0,2024-06-05 04:00:00
834.8229,841.2131,826.5801,827.6698,1717646400,1735000.0,2024-06-06 04:00:00
837.7355,842.491,834.476,838.8253,1717732800,1593600.0,2024-06-07 04:00:00
840.47,841.5993,834.9219,839.3207,1717992000,1401600.0,2024-06-10 04:00:00
841.431,843.0459,832.4649,841.3616,1718078400,1690500.0,2024-06-11 04:00:00
839.9448,847.8012,835.7838,844.4031,1718164800,1838300.0,2024-06-12 04:00:00
838.1121,839.9449,829.78,839.9449,1718251200,1322400.0,2024-06-13 04:00:00
847.732,848.2373,834.0996,835.5956,1718337600,1395500.0,2024-06-14 04:00:00
859.8583,862.4838,845.4532,846.5629,1718596800,1904900.0,2024-06-17 04:00:00
862.6721,865.8523,859.6504,859.9476,1718683200,1763800.0,2024-06-18 04:00:00
854.4391,865.7432,852.5765,863.2268,1718856000,1944600.0,2024-06-20 04:00:00
840.4403,858.9272,839.7865,858.6003,1718942400,3833100.0,2024-06-21 04:00:00
840.2916,842.7387,833.7034,842.1146,1719201600,1722900.0,2024-06-24 04:00:00
847.5735,847.7518,837.161,841.4409,1719288000,1564200.0,2024-06-25 04:00:00
848.8911,851.7642,842.174,844.8093,1719374400,1505300.0,2024-06-26 04:00:00
842.7287,850.3672,840.7671,849.753,1719460800,1254900.0,2024-06-27 04:00:00
842.1047,849.2874,838.9542,843.353,1719547200,2131700.0,2024-06-28 04:00:00
837.8248,848.059,832.7027,845.5821,1719806400,1989000.0,2024-07-01 04:00:00
851.3877,852.3784,835.2588,837.8445,1719892800,1377900.0,2024-07-02 04:00:00
854.6571,855.5092,847.0682,847.0682,1719979200,814400.0,2024-07-03 04:00:00
877.4536,878.7119,850.7536,856.5395,1720152000,2620700.0,2024-07-05 04:00:00
872.6685,879.7125,869.518,878.5633,1720411200,1611300.0,2024-07-08 04:00:00
878.6227,888.3516,874.7787,875.6505,1720497600,1356800.0,2024-07-09 04:00:00
876.1063,882.0111,872.5298,879.1677,1720584000,1755800.0,2024-07-10 04:00:00
838.7361,882.4964,838.6668,882.4964,1720670400,6021100.0,2024-07-11 04:00:00
835.0804,842.1146,830.6024,842.0056,1720756800,3288400.0,2024-07-12 04:00:00
840.8563,849.9413,836.834,839.0037,1721016000,2064000.0,2024-07-15 04:00:00
842.8774,843.3431,833.5349,839.935,1721102400,1687600.0,2024-07-16 04:00:00
838.4291,842.065,834.8327,840.143,1721188800,1783100.0,2024-07-17 04:00:00
831.5832,847.3654,817.4555,841.5499,1721275200,2338500.0,2024-07-18 04:00:00
830.3547,841.0049,827.8085,828.7497,1721361600,1984400.0,2024-07-19 04:00:00
839.5585,841.7084,830.8203,837.904,1721620800,1920200.0,2024-07-22 04:00:00
844.205,846.6521,837.7356,841.0248,1721707200,1744100.0,2024-07-23 04:00:00
823.1124,838.1516,821.8047,836.7646,1721793600,2511300.0,2024-07-24 04:00:00
808.3804,828.8883,806.7259,828.0363,1721880000,2183700.0,2024-07-25 04:00:00
811.1683,815.8116,802.6459,811.5652,1721966400,1441500.0,2024-07-26 04:00:00
809.1443,817.26,807.6859,816.0893,1722225600,1320400.0,2024-07-29 04:00:00
803.6578,815.5336,796.9609,811.5651,1722312000,2017200.0,2024-07-30 04:00:00
815.5338,818.9864,804.8882,813.9662,1722398400,2135000.0,2024-07-31 04:00:00
810.4639,817.6866,803.3106,812.1108,1722484800,1861400.0,2024-08-01 04:00:00
815.6131,823.7585,798.6774,809.7793,1722571200,2598500.0,2024-08-02 04:00:00
795.5224,804.4417,786.7618,791.7225,1722830400,2820900.0,2024-08-05 04:00:00
810.4539,826.5364,798.7269,798.7269,1722916800,2476300.0,2024-08-06 04:00:00
803.9257,827.2706,802.8939,817.627,1723003200,1702000.0,2024-08-07 04:00:00
832.8266,836.1304,813.9959,815.0377,1723089600,2345000.0,2024-08-08 04:00:00
848.2047,851.0223,831.0408,831.9039,1723176000,1710600.0,2024-08-09 04:00:00
856.7767,863.4042,845.6946,850.5064,1723435200,1748200.0,2024-08-12 04:00:00
858.0168,861.2214,849.4249,858.116,1723521600,1484100.0,2024-08-13 04:00:00
855.9235,859.9118,851.7466,858.0664,1723608000,1341500.0,2024-08-14 04:00:00
870.4482,873.4048,862.164,866.0035,1723694400,1923800.0,2024-08-15 04:00:00
863.7415,870.4483,861.787,870.4483,1723780800,1516300.0,2024-08-16 04:00:00
865.4876,866.7576,861.8664,863.7415,1724040000,1318400.0,2024-08-19 04:00:00
869.3074,869.863,864.3169,865.1404,1724126400,1104600.0,2024-08-20 04:00:00
874.4862,884.1099,870.3192,873.8116,1724212800,1465500.0,2024-08-21 04:00:00
870.6567,877.046,866.3111,875.3594,1724299200,1440900.0,2024-08-22 04:00:00
872.2937,877.6016,864.813,875.5479,1724385600,1305800.0,2024-08-23 04:00:00
885.4891,886.2232,874.5061,876.2225,1724644800,1737000.0,2024-08-26 04:00:00
901.7501,911.7011,880.0918,885.6676,1724731200,2098900.0,2024-08-27 04:00:00
881.064,905.0439,874.7243,903.7938,1724817600,1668400.0,2024-08-28 04:00:00
879.6553,893.3765,878.2067,883.9909,1724904000,1709900.0,2024-08-29 04:00:00
885.3601,889.279,876.1531,883.4949,1724990400,1933500.0,2024-08-30 04:00:00
871.6587,889.8346,867.5612,889.6262,1725336000,1784200.0,2024-09-03 04:00:00
883.0186,884.7449,869.6943,870.5475,1725422400,1425200.0,2024-09-04 04:00:00
879.0104,881.6396,861.8663,881.6396,1725508800,1998800.0,2024-09-05 04:00:00
869.7835,886.1736,864.1482,884.2488,1725595200,2074600.0,2024-09-06 04:00:00
889.4377,891.7594,874.7641,877.7802,1725854400,1954000.0,2024-09-09 04:00:00
887.255,893.6047,880.5383,885.5783,1725940800,1360800.0,2024-09-10 04:00:00
893.317,894.9043,870.9642,887.9594,1726027200,1796100.0,2024-09-11 04:00:00
907.8319,908.4966,889.4576,893.3368,1726113600,1867300.0,2024-09-12 04:00:00
908.7943,916.5627,902.2065,906.4429,1726200000,1327500.0,2024-09-13 04:00:00
900.7282,915.3721,898.228,914.7471,1726459200,1661000.0,2024-09-16 04:00:00
890.2116,901.4524,888.4059,901.2838,1726545600,1387000.0,2024-09-17 04:00:00
885.499,897.861,883.9414,892.8606,1726632000,1338200.0,2024-09-18 04:00:00
893.6542,898.0097,888.4555,897.1466,1726718400,1747500.0,2024-09-19 04:00:00
899.8452,900.6686,888.6539,894.4777,1726804800,4658200.0,2024-09-20 04:00:00
909.8657,912.2667,893.694,899.8451,1727064000,1697600.0,2024-09-23 04:00:00
894.448,905.5897,890.4696,904.8357,1727150400,2432600.0,2024-09-24 04:00:00
901.2737,903.1985,894.0411,895.8964,1727236800,1728100.0,2024-09-25 04:00:00
894.3488,902.0874,891.0648,898.1784,1727323200,2738600.0,2024-09-26 04:00:00
878.6532,886.4613,867.1246,886.2331,1727409600,3459100.0,2024-09-27 04:00:00
879.5462,902.8415,874.4764,884.358,1727668800,2142900.0,2024-09-30 04:00:00
870.478,880.0124,865.8844,878.2861,1727755200,1836700.0,2024-10-01 04:00:00
871.6191,874.2978,860.3385,867.7696,1727841600,1317100.0,2024-10-02 04:00:00
868.7816,874.2482,865.8052,867.5613,1727928000,1451900.0,2024-10-03 04:00:00
876.163,877.3337,868.7815,871.0832,1728014400,1516400.0,2024-10-04 04:00:00
866.7178,880.7268,865.4677,874.6648,1728273600,1963200.0,2024-10-07 04:00:00
883.4155,884.2985,869.8034,869.8034,1728360000,1697900.0,2024-10-08 04:00:00
901.9485,902.8414,880.8855,885.2211,1728446400,1956500.0,2024-10-09 04:00:00
886.6002,902.8414,884.8243,902.8414,1728532800,1765800.0,2024-10-10 04:00:00
882.0364,887.4634,878.5342,887.4634,1728619200,1527300.0,2024-10-11 04:00:00
882.7606,888.128,879.2882,885.4295,1728878400,1431500.0,2024-10-14 04:00:00
887.5725,893.565,882.5523,885.0724,1728964800,1613900.0,2024-10-15 04:00:00
880.3995,884.3184,872.5815,882.9195,1729051200,1475500.0,2024-10-16 04:00:00
878.3257,888.2868,875.8553,884.5464,1729137600,1321500.0,2024-10-17 04:00:00
882.5623,883.604,876.798,878.7922,1729224000,1654000.0,2024-10-18 04:00:00
879.7943,884.3878,876.7484,882.0067,1729483200,1184900.0,2024-10-21 04:00:00
886.4613,887.8503,877.3535,883.971,1729569600,1189700.0,2024-10-22 04:00:00
892.0966,898.5554,887.9494,888.9714,1729656000,2193500.0,2024-10-23 04:00:00
886.3918,896.3926,881.2725,894.4083,1729742400,1649600.0,2024-10-24 04:00:00
884.2091,894.5273,882.9987,888.6043,1729828800,1425800.0,2024-10-25 04:00:00
883.9512,888.9416,882.9987,888.9416,1730088000,912500.0,2024-10-28 04:00:00
880.0125,884.1596,867.214,882.9988,1730174400,1361700.0,2024-10-29 04:00:00
872.1746,879.5958,870.4681,879.4073,1730260800,1412200.0,2024-10-30 04:00:00
867.3033,870.746,861.8168,870.2995,1730347200,1771900.0,2024-10-31 04:00:00
871.5652,873.6514,861.6605,868.5451,1730433600,1625200.0,2024-11-01 04:00:00
880.2678,881.1917,870.9889,875.5688,1730696400,1576700.0,2024-11-04 05:00:00
884.3409,889.7156,880.993,882.1852,1730782800,1622300.0,2024-11-05 05:00:00
893.3616,894.0073,880.4765,892.398,1730869200,2437400.0,2024-11-06 05:00:00
907.9454,913.459,888.5135,892.7356,1730955600,2145500.0,2024-11-07 05:00:00
937.6197,955.7005,907.7665,908.0148,1731042000,3277100.0,2024-11-08 05:00:00
926.7713,945.0508,925.3407,937.6198,1731301200,2181800.0,2024-11-11 05:00:00
926.2746,933.4076,920.9298,929.8212,1731387600,1691400.0,2024-11-12 05:00:00
927.6157,931.4504,917.1546,923.9101,1731474000,1757600.0,2024-11-13 05:00:00
917.8401,925.0526,916.1314,920.9298,1731560400,1859900.0,2024-11-14 05:00:00
901.1302,914.5219,899.6301,911.7303,1731646800,2269900.0,2024-11-15 05:00:00
913.4888,919.8767,901.1699,904.6769,1731906000,1797300.0,2024-11-18 05:00:00
924.0591,927.8839,910.3594,921.9232,1731992400,1690500.0,2024-11-19 05:00:00
922.0028,922.7181,910.4986,919.0225,1732078800,1452100.0,2024-11-20 05:00:00
949.3922,952.2136,923.9101,928.8774,1732165200,2320500.0,2024-11-21 05:00:00
957.6974,969.9069,952.2433,956.4357,1732251600,2078700.0,2024-11-22 05:00:00
954.5978,968.6154,943.4712,968.6154,1732510800,3240900.0,2024-11-25 05:00:00
965.1384,967.9896,954.5979,957.6875,1732597200,1438000.0,2024-11-26 05:00:00
955.2535,965.9231,952.3129,965.0986,1732683600,1499500.0,2024-11-27 05:00:00
965.5158,966.8967,956.1674,961.7506,1732856400,1095900.0,2024-11-29 05:00:00
968.6155,970.1057,958.4425,964.9993,1733115600,1955800.0,2024-12-02 05:00:00
975.7187,976.5631,964.4033,968.3075,1733202000,1653900.0,2024-12-03 05:00:00
984.4312,984.6597,971.1488,975.5696,1733288400,1784700.0,2024-12-04 05:00:00
975.8279,983.6464,971.7945,980.1991,1733374800,2089400.0,2024-12-05 05:00:00
986.1102,991.1769,975.828,975.828,1733461200,1737300.0,2024-12-06 05:00:00
981.3912,990.4813,974.0794,990.4813,1733720400,1855500.0,2024-12-09 05:00:00
986.895,988.4746,979.4242,983.249,1733806800,1556800.0,2024-12-10 05:00:00
988.1765,1001.2007,987.0837,988.4845,1733893200,1903600.0,2024-12-11 05:00:00
981.9178,995.9055,980.7455,995.1207,1733979600,2344300.0,2024-12-12 05:00:00
982.8715,1000.088,959.4061,974.5762,1734066000,2951900.0,2024-12-13 05:00:00
986.3685,1001.6478,979.911,982.5735,1734325200,2581300.0,2024-12-16 05:00:00
975.6491,990.3919,974.3377,987.491,1734411600,2050200.0,2024-12-17 05:00:00
958.4227,979.1461,957.6875,975.5697,1734498000,2725300.0,2024-12-18 05:00:00
948.5477,968.2578,947.2662,968.1287,1734584400,2610800.0,2024-12-19 05:00:00
947.8225,955.641,936.8747,943.1732,1734670800,5373800.0,2024-12-20 05:00:00
943.6897,948.0112,930.8643,947.6337,1734930000,1856800.0,2024-12-23 05:00:00
952.5414,953.0978,939.259,944.5143,1735016400,939000.0,2024-12-24 05:00:00
949.879,953.1275,947.753,950.5545,1735189200,969000.0,2024-12-26 05:00:00
933.5466,944.2262,925.897,942.5075,1735275600,1943400.0,2024-12-27 05:00:00
916.1712,928.0528,909.5051,924.9036,1735534800,1881200.0,2024-12-30 05:00:00
910.2701,918.6846,906.5645,917.6018,1735621200,1742900.0,2024-12-31 05:00:00
903.8523,919.7078,896.0934,909.0083,1735794000,1765100.0,2025-01-02 05:00:00
910.5781,918.1581,905.0346,908.3428,1735880400,1612200.0,2025-01-03 05:00:00
916.6678,921.337,907.2897,911.9688,1736139600,1970400.0,2025-01-06 05:00:00
915.3367,925.2116,910.429,917.7905,1736226000,1888000.0,2025-01-07 05:00:00
921.2973,924.4068,909.4255,916.936,1736312400,1774800.0,2025-01-08 05:00:00
930.8046,938.0966,917.4526,927.2481,1736485200,2765800.0,2025-01-10 05:00:00
918.6449,928.8675,914.9691,927.884,1736744400,1693800.0,2025-01-13 05:00:00
911.2238,921.6848,903.9616,918.2475,1736830800,1683800.0,2025-01-14 05:00:00
917.4526,926.7613,912.2867,921.188,1736917200,1839400.0,2025-01-15 05:00:00
913.7272,921.3272,911.8099,918.6746,1737003600,1353000.0,2025-01-16 05:00:00
937.0137,937.6197,918.5157,923.9101,1737090000,2375000.0,2025-01-17 05:00:00
941.5239,950.2862,937.3216,939.0602,1737435600,2042400.0,2025-01-21 05:00:00
938.5139,945.7064,933.0896,945.0011,1737522000,2155000.0,2025-01-22 05:00:00
935.9904,937.2124,930.3576,935.5235,1737608400,1352400.0,2025-01-23 05:00:00
933.5267,939.8451,927.4468,935.9905,1737694800,1562400.0,2025-01-24 05:00:00
958.9293,960.6579,921.1085,923.9101,1737954000,3044700.0,2025-01-27 05:00:00
952.3923,959.3862,947.8224,955.5316,1738040400,2166400.0,2025-01-28 05:00:00
957.7073,961.9196,948.7464,951.528,1738126800,1713700.0,2025-01-29 05:00:00
972.5992,980.2885,963.7475,963.9462,1738213200,1788200.0,2025-01-30 05:00:00
973.4635,984.5107,969.3904,969.8473,1738299600,1873800.0,2025-01-31 05:00:00
999.2436,1002.9988,962.5951,966.0226,1738558800,2751000.0,2025-02-03 05:00:00
1015.1686,1017.6423,993.1041,998.8164,1738645200,2001600.0,2025-02-04 05:00:00
1036.0511,1036.2597,1013.321,1013.321,1738731600,2047600.0,2025-02-05 05:00:00
1044.1077,1056.039,1037.3621,1043.1242,1738818000,2218000.0,2025-02-06 05:00:00
1038.1206,1050.9502,1029.8658,1041.2932,1738904400,1632900.0,2025-02-07 05:00:00
1056.132,1057.206,1040.2987,1046.266,1739163600,2036900.0,2025-02-10 05:00:00
1052.5713,1060.1896,1043.3221,1054.1328,1739250000,1748500.0,2025-02-11 05:00:00
1059.3145,1061.1842,1045.2714,1048.4043,1739336400,1662300.0,2025-02-12 05:00:00
1070.9905,1072.353,1058.8471,1061.1942,1739422800,1623300.0,2025-02-13 05:00:00
1066.0077,1071.617,1062.1887,1070.6125,1739509200,1410700.0,2025-02-14 05:00:00
1050.274,1065.1624,1039.5428,1063.3821,1739854800,2090600.0,2025-02-18 05:00:00
1056.7487,1057.3852,1047.2606,1050.304,1739941200,1349600.0,2025-02-19 05:00:00
1029.1895,1047.897,1028.2148,1047.897,1740027600,2000500.0,2025-02-20 05:00:00
1029.3885,1030.5621,1019.095,1028.9708,1740114000,1816300.0,2025-02-21 05:00:00
1029.9553,1032.5312,1019.6319,1022.9339,1740373200,1759700.0,2025-02-24 05:00:00
1049.906,1051.2586,1031.8051,1035.0573,1740459600,2083800.0,2025-02-25 05:00:00
1026.3451,1053.1184,1024.5649,1044.4161,1740546000,1555700.0,2025-02-26 05:00:00
1016.1411,1036.8476,1013.2768,1028.3641,1740632400,1629100.0,2025-02-27 05:00:00
1042.8944,1043.6602,1018.4086,1024.9925,1740718800,3307100.0,2025-02-28 05:00:00
1041.1442,1060.1898,1035.4653,1046.0075,1740978000,2422500.0,2025-03-03 05:00:00
1031.2185,1042.2183,1023.1229,1040.0302,1741064400,2536800.0,2025-03-04 05:00:00
1042.0391,1045.2514,1022.894,1027.449,1741150800,1898600.0,2025-03-05 05:00:00
1021.0244,1040.1893,1013.4956,1027.3198,1741237200,2594600.0,2025-03-06 05:00:00
959.054,996.9562,937.6413,989.7259,1741323600,5510700.0,2025-03-07 05:00:00
929.3169,954.4293,918.9935,950.2621,1741579200,4459900.0,2025-03-10 04:00:00
925.4183,932.8874,916.179,925.9256,1741665600,3204900.0,2025-03-11 04:00:00
922.0269,939.2325,918.2177,932.8873,1741752000,2331600.0,2025-03-12 04:00:00
885.7657,918.4665,882.6328,916.9747,1741838400,3447200.0,2025-03-13 04:00:00
898.9931,902.0066,876.755,886.9491,1741924800,3186400.0,2025-03-14 04:00:00
911.6138,918.3569,893.1053,896.7155,1742184000,2256100.0,2025-03-17 04:00:00
893.155,912.5587,891.9517,908.0236,1742270400,2182000.0,2025-03-18 04:00:00
899.1224,905.1991,891.1163,897.9389,1742356800,1908500.0,2025-03-19 04:00:00
890.5195,902.5336,889.2266,896.5863,1742443200,1891800.0,2025-03-20 04:00:00
904.304,904.8112,879.1419,883.9058,1742529600,3447600.0,2025-03-21 04:00:00
920.9925,923.5883,914.9854,914.9854,1742788800,2208100.0,2025-03-24 04:00:00
925.1895,927.2084,917.4618,921.5793,1742875200,1623000.0,2025-03-25 04:00:00
924.6823,934.2996,918.4167,929.2374,1742961600,1644700.0,2025-03-26 04:00:00
933.6332,937.7606,922.9418,924.4933,1743048000,1547000.0,2025-03-27 04:00:00
924.5928,933.6333,920.9527,932.3901,1743134400,2100500.0,2025-03-28 04:00:00
940.625,989.5767,917.0143,917.3326,1743393600,3102000.0,2025-03-31 04:00:00
949.198,952.4998,933.6333,937.2833,1743480000,2041500.0,2025-04-01 04:00:00
959.8198,965.5981,944.8219,945.6574,1743566400,1719900.0,2025-04-02 04:00:00
961.8088,976.001,922.9418,926.0051,1743652800,3096900.0,2025-04-03 04:00:00
911.4846,959.2627,909.1573,949.7946,1743739200,5167000.0,2025-04-04 04:00:00
903.1801,932.7083,866.9586,882.9112,1743998400,4626600.0,2025-04-07 04:00:00
903.7968,937.8502,894.6669,926.9698,1744084800,3545400.0,2025-04-08 04:00:00
959.9292,962.1868,892.7772,903.0509,1744171200,5084500.0,2025-04-09 04:00:00
959.054,987.9953,937.7507,961.232,1744257600,4209100.0,2025-04-10 04:00:00
958.1589,964.9219,938.0192,958.7059,1744344000,2721800.0,2025-04-11 04:00:00
973.9822,981.7496,959.7402,964.713,1744603200,2219900.0,2025-04-14 04:00:00
971.5952,988.5821,968.9398,979.9793,1744689600,1788200.0,2025-04-15 04:00:00
962.4752,973.3158,954.0116,966.8314,1744776000,2531700.0,2025-04-16 04:00:00
989.0794,994.4698,966.6921,967.9751,1744862400,2711100.0,2025-04-17 04:00:00
952.5496,991.5558,937.8302,987.5876,1745208000,2841300.0,2025-04-21 04:00:00
973.8926,982.0678,961.5105,964.4643,1745294400,2230600.0,2025-04-22 04:00:00
970.5211,990.3226,963.7184,989.0993,1745380800,2109700.0,2025-04-23 04:00:00
970.163,972.6693,955.4736,968.2933,1745467200,2468500.0,2025-04-24 04:00:00
971.834,972.9877,957.6318,968.6614,1745553600,1780900.0,2025-04-25 04:00:00
973.2064,979.9295,963.4996,973.1666,1745812800,1616200.0,2025-04-28 04:00:00
986.2946,987.7964,965.7671,972.6693,1745899200,1523100.0,2025-04-29 04:00:00
989.0794,992.3216,971.2272,984.6039,1745985600,2212400.0,2025-04-30 04:00:00
993.5946,1000.8946,979.6312,984.7033,1746072000,1829900.0,2025-05-01 04:00:00
1004.1107,1013.7704,1000.436,1003.6427,1746158400,1547400.0,2025-05-02 04:00:00
1010.6733,1013.5513,998.3348,1003.324,1746417600,1952600.0,2025-05-05 04:00:00
1006.3016,1012.0078,999.3407,1004.2602,1746504000,1381200.0,2025-05-06 04:00:00
1002.9656,1009.8867,997.3091,1006.9788,1746590400,1316000.0,2025-05-07 04:00:00
1003.5232,1012.7746,987.281,1009.2891,1746676800,1882600.0,2025-05-08 04:00:00
1003.9017,1006.5108,993.9033,1000.4361,1746763200,1176700.0,2025-05-09 04:00:00
1011.9282,1012.685,988.1175,1005.5945,1747022400,2069000.0,2025-05-12 04:00:00
994.8793,1019.5762,983.4967,1009.5082,1747108800,2917000.0,2025-05-13 04:00:00
987.4203,995.7058,986.4046,994.6104,1747195200,2215000.0,2025-05-14 04:00:00
1006.2717,1009.7871,978.9159,988.5258,1747281600,2470700.0,2025-05-15 04:00:00
1021.5679,1023.9879,1004.8079,1008.2834,1747368000,2033700.0,2025-05-16 04:00:00
1030.0425,1030.6898,1008.6816,1014.3679,1747627200,1879800.0,2025-05-19 04:00:00
1032.5122,1033.6874,1025.7306,1025.7306,1747713600,2271200.0,2025-05-20 04:00:00
1021.0402,1035.1513,1019.5464,1026.6567,1747800000,1438900.0,2025-05-21 04:00:00
1013.9,1024.5057,1009.9066,1023.4501,1747886400,1660900.0,2025-05-22 04:00:00
1004.3099,1010.8925,1002.8162,1007.7954,1747972800,1413900.0,2025-05-23 04:00:00
1013.5613,1014.7165,1006.7298,1010.7829,1748318400,1868200.0,2025-05-27 04:00:00
1008.9307,1020.3629,1008.7514,1012.8244,1748404800,1674700.0,2025-05-28 04:00:00
1004.5489,1013.3123,999.4302,1011.7887,1748491200,2016700.0,2025-05-29 04:00:00
1035.8584,1048.1172,997.837,998.1357,1748577600,5403800.0,2025-05-30 04:00:00
1052.459,1056.0938,1029.9728,1029.9728,1748836800,2148000.0,2025-06-02 04:00:00
1051.2042,1062.6465,1038.9255,1049.7703,1748923200,1992900.0,2025-06-03 04:00:00
1047.3204,1053.4349,1045.0101,1050.6167,1749009600,1422100.0,2025-06-04 04:00:00
1006.6104,1046.6832,1001.8303,1045.6375,1749096000,3289400.0,2025-06-05 04:00:00
1010.7231,1016.3895,1004.4194,1016.3895,1749182400,1855400.0,2025-06-06 04:00:00
1001.9995,1009.1397,992.8278,1008.2136,1749441600,1696700.0,2025-06-09 04:00:00
1003.085,1007.3074,993.5747,1002.7464,1749528000,2255000.0,2025-06-10 04:00:00
992.6386,1001.2626,989.2527,998.2751,1749614400,2459800.0,2025-06-11 04:00:00
998.5441,999.0818,991.2246,994.8495,1749700800,1720100.0,2025-06-12 04:00:00
986.0959,999.4204,984.5623,994.9291,1749787200,1786000.0,2025-06-13 04:00:00
980.2702,997.6875,977.3624,988.2071,1750046400,2109300.0,2025-06-16 04:00:00
973.6578,982.003,972.1441,978.9159,1750132800,1668200.0,2025-06-17 04:00:00
970.8495,978.5673,970.023,975.9283,1750219200,1509600.0,2025-06-18 04:00:00
976.2171,984.5523,969.8537,979.9017,1750392000,3255700.0,2025-06-20 04:00:00
1000.3066,1000.695,977.1831,979.0652,1750651200,2082900.0,2025-06-23 04:00:00
997.7573,1001.661,987.9482,1001.661,1750737600,2385100.0,2025-06-24 04:00:00
982.4412,1000.8046,981.9034,998.8328,1750824000,1827700.0,2025-06-25 04:00:00
978.8262,983.6262,972.4429,983.6262,1750910400,2262800.0,2025-06-26 04:00:00
981.047,989.0138,976.2271,978.159,1750996800,2129200.0,2025-06-27 04:00:00
985.827,987.6195,975.6794,981.0669,1751256000,2127600.0,2025-06-30 04:00:00
981.8636,992.6984,970.4512,985.8868,1751342400,2200600.0,2025-07-01 04:00:00
978.2785,981.6047,972.8113,979.7822,1751428800,1606100.0,2025-07-02 04:00:00
982.9192,983.5665,973.2694,978.3283,1751515200,1101400.0,2025-07-03 04:00:00
988.0577,988.7648,972.1442,980.9076,1751860800,1832600.0,2025-07-07 04:00:00
981.7441,991.7324,979.842,985.3888,1751947200,1716200.0,2025-07-08 04:00:00
978.0096,984.2835,968.2404,984.2835,1752033600,2922600.0,2025-07-09 04:00:00
966.1392,983.8951,965.0438,982.8993,1752120000,2897000.0,2025-07-10 04:00:00
966.2986,974.9126,961.6878,969.2462,1752206400,1942000.0,2025-07-11 04:00:00
976.8346,977.4122,965.5915,967.0654,1752465600,1679300.0,2025-07-14 04:00:00
963.6595,976.1773,962.6438,975.1815,1752552000,1878000.0,2025-07-15 04:00:00
947.4173,965.5616,946.1825,963.9682,1752638400,2950300.0,2025-07-16 04:00:00
949.9467,950.7833,943.5733,946.4115,1752724800,2280600.0,2025-07-17 04:00:00
946.999,956.2703,945.7044,955.9616,1752811200,2115500.0,2025-07-18 04:00:00
943.6232,951.7891,942.6671,947.5568,1753070400,1742400.0,2025-07-21 04:00:00
937.6979,953.7211,937.3394,944.858,1753156800,1799900.0,2025-07-22 04:00:00
937.2796,944.5592,932.1112,938.4647,1753243200,2401600.0,2025-07-23 04:00:00
929.9203,938.9825,929.6116,937.419,1753329600,2057100.0,2025-07-24 04:00:00
931.5933,937.3791,930.468,932.4099,1753416000,1827700.0,2025-07-25 04:00:00
930.1095,936.3335,927.0224,931.6132,1753675200,2006300.0,2025-07-28 04:00:00
930.6871,937.877,923.5269,930.1095,1753761600,2065900.0,2025-07-29 04:00:00
923.6564,933.8538,921.2962,931.1152,1753848000,1699600.0,2025-07-30 04:00:00
935.736,942.0198,921.1568,921.5153,1753934400,2564400.0,2025-07-31 04:00:00
949.8767,954.065,936.8928,936.8928,1754020800,2934500.0,2025-08-01 04:00:00
952.7188,957.5154,946.0273,949.9564,1754280000,2389900.0,2025-08-04 04:00:00
941.0113,948.8594,933.0833,948.6899,1754366400,2462300.0,2025-08-05 04:00:00
965.8721,967.8566,940.044,941.0113,1754452800,2753000.0,2025-08-06 04:00:00
974.7375,979.2748,968.2655,971.9752,1754539200,1893300.0,2025-08-07 04:00:00
978.2577,985.4577,974.2888,974.4384,1754625600,2189700.0,2025-08-08 04:00:00
985.9961,986.8338,973.6106,980.4316,1754884800,2290100.0,2025-08-11 04:00:00
988.4991,988.9978,977.3302,985.7568,1754971200,1588500.0,2025-08-12 04:00:00
976.1335,983.6626,967.4078,981.2294,1755057600,2352600.0,2025-08-13 04:00:00
972.6832,985.5474,972.4738,977.8787,1755144000,1808700.0,2025-08-14 04:00:00
969.3424,977.2803,964.5358,976.4227,1755230400,1638300.0,2025-08-15 04:00:00
976.6321,978.5568,967.3081,970.5989,1755489600,2078500.0,2025-08-18 04:00:00
978.1281,985.7868,974.0793,975.9043,1755576000,1673400.0,2025-08-19 04:00:00
991.81,996.5269,976.2832,976.2832,1755662400,2229600.0,2025-08-20 04:00:00
966.989,986.5745,964.835,986.1557,1755748800,2145600.0,2025-08-21 04:00:00
955.8799,970.7984,950.465,968.8438,1755835200,3136000.0,2025-08-22 04:00:00
938.967,955.6406,937.9498,952.3099,1756094400,2284300.0,2025-08-25 04:00:00
938.7277,941.4302,930.6601,938.7277,1756180800,4341300.0,2025-08-26 04:00:00
946.885,949.3581,934.6191,937.88,1756267200,1893600.0,2025-08-27 04:00:00
942.3376,948.3609,941.5099,947.6528,1756353600,2067900.0,2025-08-28 04:00:00
940.7021,945.9774,937.8501,942.3775,1756440000,1609000.0,2025-08-29 04:00:00
936.2147,941.8889,933.9809,936.0551,1756785600,1793900.0,2025-09-02 04:00:00
947.1443,947.4534,933.9011,936.3942,1756872000,1670500.0,2025-09-03 04:00:00
953.2473,956.8372,948.4705,950.7542,1756958400,1471900.0,2025-09-04 04:00:00
960.8062,966.8594,953.5664,956.0495,1757044800,1928500.0,2025-09-05 04:00:00
969.153,969.6417,955.9299,961.0556,1757304000,1737000.0,2025-09-08 04:00:00
976.5325,977.1507,960.4372,967.3081,1757390400,1496800.0,2025-09-09 04:00:00
953.6361,978.2776,951.3126,973.6804,1757476800,2277500.0,2025-09-10 04:00:00
961.6439,962.4816,951.6318,955.142,1757563200,1532000.0,2025-09-11 04:00:00
965.214,966.8793,957.3359,957.6251,1757649600,1461600.0,2025-09-12 04:00:00
957.4355,967.0488,957.0467,965.1342,1757908800,2199400.0,2025-09-15 04:00:00
949.4279,956.9171,948.1614,956.4384,1757995200,2012600.0,2025-09-16 04:00:00
960.3575,961.3049,950.844,950.844,1758081600,1556800.0,2025-09-17 04:00:00
949.717,959.8688,948.0317,954.7131,1758168000,1860900.0,2025-09-18 04:00:00
948.5204,954.783,941.1708,952.3498,1758254400,4606000.0,2025-09-19 04:00:00
940.6424,947.3637,937.0025,944.751,1758513600,2794300.0,2025-09-22 04:00:00
940.9814,942.3675,930.9094,940.1437,1758600000,3258500.0,2025-09-23 04:00:00
942.6468,951.0135,940.4927,941.6595,1758686400,2149800.0,2025-09-24 04:00:00
940.6922,950.3553,933.0235,949.8068,1758772800,2991500.0,2025-09-25 04:00:00
913.4081,925.0557,902.5384,922.9815,1758859200,4812900.0,2025-09-26 04:00:00
914.3256,914.6746,900.7833,913.7971,1759118400,4107000.0,2025-09-29 04:00:00
923.0613,927.9277,910.8353,913.7073,1759204800,3096700.0,2025-09-30 04:00:00
914.7943,921.4358,908.6414,920.4386,1759291200,2642100.0,2025-10-01 04:00:00
914.2259,915.9611,907.4846,910.0276,1759377600,2063800.0,2025-10-02 04:00:00
912.8397,915.5521,908.6713,913.0492,1759464000,2319200.0,2025-10-03 04:00:00
908.412,913.2386,901.7406,912.9594,1759723200,2504000.0,2025-10-06 04:00:00
912.2613,915.0934,901.3716,906.2081,1759809600,2601800.0,2025-10-07 04:00:00
912.2613,913.8369,908.432,910.0076,1759896000,2376900.0,2025-10-08 04:00:00
940.2734,941.1509,924.7067,929.7227,1759982400,3742900.0,2025-10-09 04:00:00
927.4291,942.8263,926.4219,941.7991,1760068800,3142500.0,2025-10-10 04:00:00
932.9637,933.3826,920.4386,926.422,1760328000,2169600.0,2025-10-13 04:00:00
943.8834,944.7908,933.3527,937.6507,1760414400,1925900.0,2025-10-14 04:00:00
952.3398,961.3248,942.6368,943.3747,1760500800,2009800.0,2025-10-15 04:00:00
923.0513,955.2417,918.6036,952.8882,1760587200,2721400.0,2025-10-16 04:00:00
933.7316,936.2147,925.5743,927.0004,1760673600,2502200.0,2025-10-17 04:00:00
933.5122,937.192,928.915,933.592,1760932800,1523700.0,2025-10-20 04:00:00
934.8983,940.752,932.4053,933.5122,1761019200,1448200.0,2025-10-21 04:00:00
942.0584,950.3553,929.9122,937.3914,1761105600,2372400.0,2025-10-22 04:00:00
939.4357,942.8462,931.8967,942.8462,1761192000,1974800.0,2025-10-23 04:00:00
929.5532,940.3831,927.5688,937.3914,1761278400,1639400.0,2025-10-24 04:00:00
927.2695,930.6103,922.5527,927.6286,1761537600,1967600.0,2025-10-27 04:00:00
921.5953,928.1371,917.6464,924.2978,1761624000,2090800.0,2025-10-28 04:00:00
909.8879,917.3272,906.7765,916.4496,1761710400,2449600.0,2025-10-29 04:00:00
917.6264,920.4386,907.8436,910.1572,1761796800,2677100.0,2025-10-30 04:00:00
910.2065,918.7449,908.4389,914.9601,1761883200,2456300.0,2025-10-31 04:00:00
926.7739,927.9223,907.1407,911.1552,1762146000,3206600.0,2025-11-03 05:00:00
939.4565,939.8859,927.7026,931.9368,1762232400,2554500.0,2025-11-04 05:00:00
933.7544,943.9904,926.1747,938.7176,1762318800,2974800.0,2025-11-05 05:00:00
922.32,923.7381,907.0608,923.0989,1762405200,3247700.0,2025-11-06 05:00:00
921.4811,935.7216,919.5337,928.2619,1762491600,2584000.0,2025-11-07 05:00:00
914.3109,920.7421,907.8298,917.7462,1762750800,2612700.0,2025-11-10 05:00:00
912.6132,917.6364,911.7544,915.2496,1762837200,1663400.0,2025-11-11 05:00:00
912.7531,916.8474,910.4262,914.221,1762923600,1829700.0,2025-11-12 05:00:00
923.8179,925.4856,910.4761,915.0998,1763010000,2430600.0,2025-11-13 05:00:00
921.7208,927.6227,913.8515,925.8651,1763096400,1739100.0,2025-11-14 05:00:00
911.345,923.6382,907.5701,920.7621,1763355600,2481900.0,2025-11-17 05:00:00
893.8589,917.6563,892.9501,911.345,1763442000,2984700.0,2025-11-18 05:00:00
889.3849,893.779,872.7776,893.779,1763528400,3462300.0,2025-11-19 05:00:00
892.0713,903.3359,889.7844,892.281,1763614800,2648300.0,2025-11-20 05:00:00
897.7835,904.0849,890.9129,893.2996,1763701200,2870100.0,2025-11-21 05:00:00
884.9111,900.1303,880.1176,897.7735,1763960400,3661200.0,2025-11-24 05:00:00
893.1099,894.4979,883.9224,885.4503,1764046800,2534700.0,2025-11-25 05:00:00
907.0209,910.7558,894.3981,894.7976,1764133200,1936200.0,2025-11-26 05:00:00
912.3436,912.9528,901.768,903.7853,1764306000,1092600.0,2025-11-28 05:00:00
910.7158,917.3268,904.9737,911.9541,1764565200,2149400.0,2025-12-01 05:00:00
920.7721,921.7407,903.7653,910.7158,1764651600,2160600.0,2025-12-02 05:00:00
921.0018,925.0562,914.7703,919.5537,1764738000,1886800.0,2025-12-03 05:00:00
894.6378,906.7213,886.8684,905.7926,1764824400,3787800.0,2025-12-04 05:00:00
893.4594,904.6541,891.7817,896.0259,1764910800,2359800.0,2025-12-05 05:00:00
886.3092,892.7803,881.6955,892.281,1765170000,2407900.0,2025-12-08 05:00:00
887.2279,887.8071,880.3074,885.64,1765256400,1899500.0,2025-12-09 05:00:00
873.217,888.3664,869.9016,886.6088,1765342800,3318300.0,2025-12-10 05:00:00
883.2733,884.7913,871.3596,874.6651,1765429200,3041600.0,2025-12-11 05:00:00
883.2633,887.4077,865.937,882.0949,1765515600,4808900.0,2025-12-12 05:00:00
859.3859,886.2792,850.2384,880.9065,1765774800,4771400.0,2025-12-15 05:00:00
859.2162,862.4118,842.9084,856.2702,1765861200,3843300.0,2025-12-16 05:00:00
861.4731,867.395,857.0591,857.3288,1765947600,2363700.0,2025-12-17 05:00:00
856.42,861.9725,851.347,859.1263,1766034000,2467500.0,2025-12-18 05:00:00
854.4527,857.2789,848.1613,855.4014,1766120400,10097600.0,2025-12-19 05:00:00
848.8403,854.3328,846.154,852.8349,1766379600,2373300.0,2025-12-22 05:00:00
853.6238,853.8135,845.6447,847.9415,1766466000,1903300.0,2025-12-23 05:00:00
870.6705,874.8049,857.179,857.4286,1766552400,1822200.0,2025-12-24 05:00:00
872.1584,876.3927,867.8144,869.4522,1766725200,1324100.0,2025-12-26 05:00:00
866.6561,873.307,864.509,872.0986,1766984400,1792500.0,2025-12-29 05:00:00
864.4691,866.6361,860.2548,862.8213,1767070800,1680800.0,2025-12-30 05:00:00
861.1636,866.8158,860.1649,863.4005,1767157200,1490000.0,2025-12-31 05:00:00
853.3342,861.9225,851.337,859.9652,1767330000,2373400.0,2026-01-02 05:00:00
874.5452,877.5711,859.6755,862.7713,1767589200,2805600.0,2026-01-05 05:00:00
887.887,892.8602,870.1113,874.7549,1767675600,2742300.0,2026-01-06 05:00:00
881.3759,892.3808,878.4199,890.783,1767762000,2680100.0,2026-01-07 05:00:00
914.0612,930.3989,894.7776,899.9006,1767848400,5207200.0,2026-01-08 05:00:00
923.6182,928.5814,910.0867,914.7203,1767934800,2895400.0,2026-01-09 05:00:00
941.7934,943.541,915.749,919.1443,1768194000,3246400.0,2026-01-12 05:00:00
940.6449,941.6136,928.3317,936.7403,1768280400,2222100.0,2026-01-13 05:00:00
949.6826,954.3062,937.0099,937.0499,1768366800,2894900.0,2026-01-14 05:00:00
955.4447,956.9726,948.7039,953.2377,1768453200,2185900.0,2026-01-15 05:00:00
962.2953,963.6635,949.7026,960.6876,1768539600,3862900.0,2026-01-16 05:00:00
962.9445,968.5768,952.8283,957.0725,1768885200,3209900.0,2026-01-20 05:00:00
981.5191,988.2899,958.2908,958.2908,1768971600,4073700.0,2026-01-21 05:00:00
974.8382,982.6575,970.2345,976.5559,1769058000,2074400.0,2026-01-22 05:00:00
981.9086,983.5064,969.6853,970.1147,1769144400,1680600.0,2026-01-23 05:00:00
976.3362,991.6453,975.018,985.0842,1769403600,2458700.0,2026-01-26 05:00:00
968.9563,976.6657,960.398,976.3462,1769490000,2077900.0,2026-01-27 05:00:00
959.4692,968.7765,954.3062,968.1873,1769576400,2474800.0,2026-01-28 05:00:00
951.59,958.9898,947.2159,956.683,1769662800,1825000.0,2026-01-29 05:00:00
940.25,951.12,930.3,948.83,1769749200,2396300.0,2026-01-30 05:00:00
968.36,970.32,931.27,944.23,1770008400,2451300.0,2026-02-02 05:00:00
977.92,990.65,964.28,964.35,1770094800,2960700.0,2026-02-03 05:00:00
978.35,994.6,975.19,983.31,1770181200,2631500.0,2026-02-04 05:00:00
989.29,1000.95,987.33,995.5,1770267600,2988800.0,2026-02-05 05:00:00
1001.16,1001.37,983.5,988.15,1770354000,2358600.0,2026-02-06 05:00:00
997.59,1009.62,992.68,1001.32,1770613200,1861700.0,2026-02-09 05:00:00
971.23,997.45,969.0,996.01,1770699600,1781500.0,2026-02-10 05:00:00
978.14,989.57,967.12,973.29,1770786000,1769400.0,2026-02-11 05:00:00
998.86,1009.21,978.14,978.75,1770872400,2970400.0,2026-02-12 05:00:00
1018.48,1022.88,993.76,1000.0,1770958800,2661600.0,2026-02-13 05:00:00
1012.05,1028.4399,1010.48,1022.34,1771304400,1732200.0,2026-02-17 05:00:00
996.08,1016.0,993.5,1010.0,1771390800,1926800.0,2026-02-18 05:00:00
987.82,1007.86,984.11,992.31,1771477200,1750000.0,2026-02-19 05:00:00
985.27,987.37,977.81,983.13,1771563600,1662200.0,2026-02-20 05:00:00
986.02,991.31,978.06,981.8,1771822800,1489300.0,2026-02-23 05:00:00
998.43,998.88,985.06,986.38,1771909200,1647441.0,2026-02-24 05:00:00
1018.55,1020.69,1004.01,1014.96,1775448000,1448600.0,2026-04-06 04:00:00
1013.21,1020.86,1004.85,1020.26,1775534400,1428500.0,2026-04-07 04:00:00
1030.27,1030.46,1000.0,1004.44,1775620800,2265700.0,2026-04-08 04:00:00
1032.03,1035.8199,1025.0601,1029.49,1775707200,1433300.0,2026-04-09 04:00:00
998.47,1029.0,995.5,1026.51,1775793600,2331500.0,2026-04-10 04:00:00
