close,high,low,open,time,volume,date
33.4631,33.7277,33.318,33.668,1603166400,16564900.0,2020-10-20 04:00:00
33.3436,33.7789,33.2753,33.557,1603252800,17016300.0,2020-10-21 04:00:00
33.1387,33.2582,32.7631,33.1643,1603339200,20399000.0,2020-10-22 04:00:00
33.1387,33.2668,32.9936,33.2326,1603425600,15556100.0,2020-10-23 04:00:00
32.157,32.8058,31.7131,32.7802,1603684800,29146500.0,2020-10-26 04:00:00
31.4741,32.0119,31.2351,31.9094,1603771200,37911500.0,2020-10-27 04:00:00
30.4838,31.1668,30.4582,31.0046,1603857600,34561500.0,2020-10-28 04:00:00
30.4668,30.7912,30.1168,30.3131,1603944000,35332000.0,2020-10-29 04:00:00
30.646,30.6717,30.2961,30.39,1604030400,29151200.0,2020-10-30 04:00:00
30.646,31.0302,30.4497,30.8936,1604293200,23483100.0,2020-11-02 05:00:00
31.3119,31.8668,30.9875,31.0387,1604379600,27342900.0,2020-11-03 05:00:00
31.218,31.8412,31.1582,31.6107,1604466000,30121900.0,2020-11-04 05:00:00
31.7814,31.8412,31.5082,31.6021,1604552400,23149700.0,2020-11-05 05:00:00
32.0375,32.0972,31.6534,32.0631,1604638800,19475300.0,2020-11-06 05:00:00
32.6094,34.3424,32.5412,34.0777,1604898000,42649500.0,2020-11-09 05:00:00
33.0533,33.318,32.5838,32.618,1604984400,31514500.0,2020-11-10 05:00:00
33.5741,33.6765,32.8143,33.3009,1605070800,27332800.0,2020-11-11 05:00:00
33.0107,33.6253,32.7802,33.2753,1605157200,29368300.0,2020-11-12 05:00:00
35.3411,35.4436,34.6241,35.1704,1605243600,49106400.0,2020-11-13 05:00:00
36.3143,36.357,35.2984,35.6314,1605502800,34572600.0,2020-11-16 05:00:00
35.7509,36.1521,35.5289,35.785,1605589200,23140900.0,2020-11-17 05:00:00
35.2728,36.0582,35.2216,35.7679,1605675600,21327700.0,2020-11-18 05:00:00
35.1448,35.3155,34.8033,34.9997,1605762000,22177700.0,2020-11-19 05:00:00
34.9741,35.3326,34.9314,35.0423,1605848400,19776300.0,2020-11-20 05:00:00
35.546,35.6826,35.0167,35.0253,1606107600,19651400.0,2020-11-23 05:00:00
36.374,36.4594,35.768,35.9728,1606194000,22849700.0,2020-11-24 05:00:00
36.2801,36.5362,36.0326,36.5192,1606280400,22617700.0,2020-11-25 05:00:00
36.4509,36.6899,36.3996,36.5875,1606453200,10769500.0,2020-11-27 05:00:00
36.724,36.7496,36.2033,36.2289,1606712400,34741600.0,2020-11-30 05:00:00
37.1679,37.6204,36.7155,36.7155,1606798800,23942500.0,2020-12-01 05:00:00
37.4667,37.5265,37.0057,37.0399,1606885200,17422200.0,2020-12-02 05:00:00
37.6545,37.6801,37.2192,37.3728,1606971600,27710700.0,2020-12-03 05:00:00
37.885,37.996,37.4667,37.4667,1607058000,17319800.0,2020-12-04 05:00:00
37.8594,37.9789,37.4838,37.8082,1607317200,14086800.0,2020-12-07 05:00:00
37.8765,38.013,37.5009,37.7399,1607403600,13348500.0,2020-12-08 05:00:00
38.1496,38.2691,37.8679,37.9618,1607490000,22679800.0,2020-12-09 05:00:00
37.8338,38.0813,37.6545,38.0216,1607576400,17741500.0,2020-12-10 05:00:00
37.8338,37.8423,37.3216,37.5094,1607662800,14577700.0,2020-12-11 05:00:00
37.7655,38.3374,37.6887,37.7911,1607922000,16112300.0,2020-12-14 05:00:00
38.1752,38.2435,37.6801,37.8935,1608008400,18159400.0,2020-12-15 05:00:00
38.1752,38.5338,38.013,38.1582,1608094800,16192000.0,2020-12-16 05:00:00
38.2606,38.3545,38.0728,38.3374,1608181200,16141600.0,2020-12-17 05:00:00
38.7899,38.9008,38.2179,38.3289,1608267600,41027000.0,2020-12-18 05:00:00
38.3118,38.3801,37.6204,37.9618,1608526800,19865300.0,2020-12-21 05:00:00
38.1496,38.474,37.9362,37.9362,1608613200,16024000.0,2020-12-22 05:00:00
37.885,38.2435,37.8594,38.1155,1608699600,12032600.0,2020-12-23 05:00:00
38.0216,38.0643,37.757,37.9448,1608786000,5720500.0,2020-12-24 05:00:00
38.346,38.7045,38.1752,38.3545,1609131600,13458400.0,2020-12-28 05:00:00
38.1069,38.6277,38.013,38.3886,1609218000,11829000.0,2020-12-29 05:00:00
37.9704,38.4655,37.9362,38.1923,1609304400,11043100.0,2020-12-30 05:00:00
38.2009,38.2777,37.6972,37.885,1609390800,15105500.0,2020-12-31 05:00:00
37.8308,38.1836,37.3059,38.132,1609736400,24392500.0,2021-01-04 05:00:00
37.848,37.9255,37.3317,37.5898,1609822800,17763700.0,2021-01-05 05:00:00
38.2095,38.6139,37.7706,37.9771,1609909200,21823100.0,2021-01-06 05:00:00
38.6914,38.8205,38.0115,38.0373,1609995600,18218800.0,2021-01-07 05:00:00
38.7774,39.0786,38.0804,38.2783,1610082000,20936300.0,2021-01-08 05:00:00
39.0356,39.5434,38.743,38.8549,1610341200,25058200.0,2021-01-11 05:00:00
39.4057,39.5261,38.6914,38.984,1610427600,20145000.0,2021-01-12 05:00:00
39.0356,39.5606,38.8807,38.9754,1610514000,19367300.0,2021-01-13 05:00:00
38.8549,39.2421,38.5967,38.6139,1610600400,22333500.0,2021-01-14 05:00:00
39.0958,39.2852,38.6225,38.6914,1610686800,30271700.0,2021-01-15 05:00:00
38.8893,39.268,38.5279,39.0098,1611032400,28868800.0,2021-01-19 05:00:00
39.0184,39.1561,38.8463,39.0098,1611118800,16499400.0,2021-01-20 05:00:00
38.8205,38.9323,38.4848,38.8979,1611205200,17488400.0,2021-01-21 05:00:00
38.5279,38.6311,38.0632,38.5107,1611291600,14643400.0,2021-01-22 05:00:00
38.7516,38.8721,38.4762,38.7602,1611550800,16581300.0,2021-01-25 05:00:00
38.9496,39.027,38.5279,38.6311,1611637200,13087800.0,2021-01-26 05:00:00
39.3282,39.9822,38.7946,38.9323,1611723600,29634500.0,2021-01-27 05:00:00
39.0184,39.8187,38.984,39.5089,1611810000,21166000.0,2021-01-28 05:00:00
38.3644,39.0442,38.2783,38.5967,1611896400,22608100.0,2021-01-29 05:00:00
39.07,39.268,38.4332,38.657,1612155600,16776900.0,2021-02-01 05:00:00
39.4401,39.5347,39.0958,39.1733,1612242000,16520900.0,2021-02-02 05:00:00
39.3884,39.7241,39.1905,39.3712,1612328400,13173600.0,2021-02-03 05:00:00
40.6621,40.7223,39.3884,39.4745,1612414800,22285700.0,2021-02-04 05:00:00
41.3764,41.6001,40.8772,40.9375,1612501200,25488600.0,2021-02-05 05:00:00
42.1165,42.4607,41.7894,41.7894,1612760400,25215400.0,2021-02-08 05:00:00
41.7378,42.0218,41.6604,41.9702,1612846800,24795000.0,2021-02-09 05:00:00
40.6535,40.7998,39.4401,39.7155,1612933200,44540900.0,2021-02-10 05:00:00
40.9461,41.2301,40.6191,40.7482,1613019600,18589900.0,2021-02-11 05:00:00
40.6965,41.0407,40.3695,40.817,1613106000,15239800.0,2021-02-12 05:00:00
40.0253,40.6707,39.9306,40.6707,1613451600,18539000.0,2021-02-16 05:00:00
39.8015,39.9306,39.4745,39.8618,1613538000,13296300.0,2021-02-17 05:00:00
39.879,39.9306,39.3196,39.922,1613624400,16867500.0,2021-02-18 05:00:00
39.311,40.1113,39.2249,40.0511,1613710800,25117700.0,2021-02-19 05:00:00
39.0958,39.311,38.5709,38.9754,1613970000,21435800.0,2021-02-22 05:00:00
39.1647,39.397,38.8119,38.9495,1614056400,19714900.0,2021-02-23 05:00:00
39.3626,39.4143,38.7602,38.9323,1614142800,17823600.0,2021-02-24 05:00:00
39.1733,39.7929,38.9323,39.2335,1614229200,21916700.0,2021-02-25 05:00:00
38.6139,39.397,38.5193,39.2249,1614315600,22144900.0,2021-02-26 05:00:00
39.5175,39.7757,38.9151,38.9151,1614574800,17394100.0,2021-03-01 05:00:00
39.1733,39.6552,39.0872,39.5261,1614661200,14833000.0,2021-03-02 05:00:00
38.8377,39.1819,38.7258,39.0958,1614747600,16851100.0,2021-03-03 05:00:00
38.3471,39.1303,37.9943,38.8463,1614834000,24653500.0,2021-03-04 05:00:00
39.8015,40.2232,38.9582,39.1131,1614920400,33197600.0,2021-03-05 05:00:00
40.8858,41.6518,39.7585,39.7929,1615179600,34824500.0,2021-03-08 05:00:00
41.2129,41.6259,41.0666,41.1526,1615266000,26512700.0,2021-03-09 05:00:00
41.5571,41.9874,41.471,41.712,1615352400,19841500.0,2021-03-10 05:00:00
41.996,42.2369,41.5055,41.7464,1615438800,21976600.0,2021-03-11 05:00:00
42.0132,42.1595,41.712,42.0046,1615525200,15196500.0,2021-03-12 05:00:00
42.5209,42.5468,42.082,42.082,1615780800,15523600.0,2021-03-15 04:00:00
42.7447,42.8049,42.3316,42.3316,1615867200,17282300.0,2021-03-16 04:00:00
42.5295,42.693,42.0734,42.693,1615953600,18326900.0,2021-03-17 04:00:00
41.996,42.6586,41.755,41.755,1616040000,18416900.0,2021-03-18 04:00:00
42.1509,42.3574,41.5829,41.9185,1616126400,65366800.0,2021-03-19 04:00:00
43.2868,43.3557,42.1165,42.1165,1616385600,28813900.0,2021-03-22 04:00:00
43.0373,43.6139,42.9426,43.0459,1616472000,28328200.0,2021-03-23 04:00:00
42.7275,43.4159,42.7016,42.977,1616558400,26444700.0,2021-03-24 04:00:00
43.4676,44.2335,43.2782,43.5278,1616644800,34537700.0,2021-03-25 04:00:00
45.2403,45.3006,43.5106,43.545,1616731200,31997000.0,2021-03-26 04:00:00
45.1973,45.5587,44.9908,45.094,1616990400,25032800.0,2021-03-29 04:00:00
44.5519,44.9994,44.0441,44.8445,1617076800,22465100.0,2021-03-30 04:00:00
44.5002,44.7928,44.3626,44.6035,1617163200,22212400.0,2021-03-31 04:00:00
44.7326,44.8101,44.1904,44.5347,1617249600,17896200.0,2021-04-01 04:00:00
45.426,45.868,44.7499,44.7499,1617595200,19860900.0,2021-04-05 04:00:00
45.0966,45.2613,44.88,45.0533,1617681600,15126100.0,2021-04-06 04:00:00
44.8713,45.192,44.7066,45.0793,1617768000,15783600.0,2021-04-07 04:00:00
44.9926,45.0706,44.5939,45.0186,1617854400,15111300.0,2021-04-08 04:00:00
45.1486,45.2006,44.7933,44.9233,1617940800,13135800.0,2021-04-09 04:00:00
44.6979,45.2093,44.6113,45.1313,1618200000,16441700.0,2021-04-12 04:00:00
44.7759,44.9666,44.4986,44.7586,1618286400,13353200.0,2021-04-13 04:00:00
44.5246,44.7933,44.3252,44.6459,1618372800,15376600.0,2021-04-14 04:00:00
44.7586,45.0186,44.5246,44.8626,1618459200,17869800.0,2021-04-15 04:00:00
45.764,46.0934,45.296,45.4607,1618545600,28327900.0,2021-04-16 04:00:00
45.8074,45.9027,45.4953,45.53,1618804800,20245600.0,2021-04-19 04:00:00
44.8886,45.7554,44.7239,45.582,1618891200,21257500.0,2021-04-20 04:00:00
45.0099,45.1313,44.6199,44.9319,1618977600,14015500.0,2021-04-21 04:00:00
44.6373,45.1486,44.5333,44.906,1619064000,15564800.0,2021-04-22 04:00:00
44.9926,45.1833,44.3599,44.6373,1619150400,14016800.0,2021-04-23 04:00:00
44.7586,44.8713,44.6373,44.7673,1619409600,13778200.0,2021-04-26 04:00:00
44.5246,44.7846,44.5073,44.7066,1619496000,13601000.0,2021-04-27 04:00:00
44.2992,44.8713,44.1345,44.6893,1619582400,14984000.0,2021-04-28 04:00:00
44.6026,44.7239,44.1866,44.3599,1619668800,13916600.0,2021-04-29 04:00:00
44.1259,44.4032,43.6925,44.3946,1619755200,19930200.0,2021-04-30 04:00:00
44.3512,44.5506,44.0392,44.3859,1620014400,13465900.0,2021-05-03 04:00:00
43.9525,44.4032,43.5972,44.2992,1620100800,18164800.0,2021-05-04 04:00:00
44.3166,44.4206,43.9265,44.1952,1620187200,16205300.0,2021-05-05 04:00:00
45.452,45.686,44.1606,44.2646,1620273600,27106800.0,2021-05-06 04:00:00
46.3101,46.5268,45.2613,45.4867,1620360000,24146000.0,2021-05-07 04:00:00
46.0761,46.9255,46.0761,46.7781,1620619200,23845600.0,2021-05-10 04:00:00
45.79,46.0327,45.166,46.024,1620705600,20220900.0,2021-05-11 04:00:00
44.7239,45.4433,44.6113,45.2267,1620792000,22123300.0,2021-05-12 04:00:00
45.4953,45.7727,44.9666,45.166,1620878400,15864000.0,2021-05-13 04:00:00
45.8507,46.1281,45.5907,45.8767,1620964800,14789400.0,2021-05-14 04:00:00
45.8854,46.0674,45.66,45.7294,1621224000,15731000.0,2021-05-17 04:00:00
45.8767,46.2321,45.712,45.764,1621310400,20177200.0,2021-05-18 04:00:00
45.478,45.6427,44.9493,44.9666,1621396800,29187900.0,2021-05-19 04:00:00
45.8074,45.9114,43.4238,43.6925,1621483200,48830800.0,2021-05-20 04:00:00
45.4433,45.8767,45.2787,45.738,1621569600,24468400.0,2021-05-21 04:00:00
46.2754,46.6048,45.7554,45.9027,1621828800,21128900.0,2021-05-24 04:00:00
46.2061,46.4401,46.0587,46.2581,1621915200,20657200.0,2021-05-25 04:00:00
45.8594,46.4661,45.7814,46.2407,1622001600,18671200.0,2021-05-26 04:00:00
45.868,46.2407,45.5733,45.8767,1622088000,56216100.0,2021-05-27 04:00:00
45.8507,46.1281,45.7987,46.0934,1622174400,14863500.0,2021-05-28 04:00:00
45.608,46.2147,45.4433,45.9027,1622520000,15741700.0,2021-06-01 04:00:00
45.9027,45.9287,45.4173,45.634,1622606400,14529300.0,2021-06-02 04:00:00
46.2234,46.4227,45.608,45.764,1622692800,17593100.0,2021-06-03 04:00:00
46.8648,46.9515,46.3187,46.3187,1622779200,11676700.0,2021-06-04 04:00:00
46.7348,47.1855,46.6221,47.0815,1623038400,14899800.0,2021-06-07 04:00:00
46.9168,47.1421,46.7088,46.7781,1623124800,15329700.0,2021-06-08 04:00:00
46.8215,47.1681,46.7521,46.9601,1623211200,14860900.0,2021-06-09 04:00:00
47.6969,47.7402,47.0381,47.1768,1623297600,22183500.0,2021-06-10 04:00:00
47.4715,47.9742,47.2722,47.8355,1623384000,17134000.0,2021-06-11 04:00:00
46.9515,47.2635,46.3968,47.1422,1623643200,15131400.0,2021-06-14 04:00:00
46.6221,47.0815,46.5701,47.0035,1623729600,12542600.0,2021-06-15 04:00:00
46.3447,46.7348,46.05,46.6741,1623816000,15477900.0,2021-06-16 04:00:00
46.0501,46.4141,45.946,46.2927,1623902400,18288400.0,2021-06-17 04:00:00
45.1313,45.7987,44.9666,45.7727,1623988800,35758300.0,2021-06-18 04:00:00
46.0934,46.2927,45.322,45.3913,1624248000,17682200.0,2021-06-21 04:00:00
46.1627,46.2494,45.7727,46.1974,1624334400,16451200.0,2021-06-22 04:00:00
45.7294,46.1887,45.582,46.1714,1624420800,14749800.0,2021-06-23 04:00:00
45.7467,45.9807,45.5994,45.8854,1624507200,13974300.0,2021-06-24 04:00:00
45.9894,46.1107,45.634,45.738,1624593600,16682700.0,2021-06-25 04:00:00
45.9027,46.1887,45.868,46.076,1624852800,14008700.0,2021-06-28 04:00:00
45.8594,46.1021,45.738,45.842,1624939200,10926100.0,2021-06-29 04:00:00
45.9374,45.998,45.608,45.894,1625025600,15826400.0,2021-06-30 04:00:00
46.3187,46.4574,45.9374,45.9807,1625112000,15074800.0,2021-07-01 04:00:00
46.729,46.7988,46.118,46.4235,1625198400,15066000.0,2021-07-02 04:00:00
46.2402,46.5719,45.6816,46.4497,1625544000,19394500.0,2021-07-06 04:00:00
46.4846,46.5195,45.9696,46.3188,1625630400,14411600.0,2021-07-07 04:00:00
46.4846,46.8861,46.1791,46.3973,1625716800,15691800.0,2021-07-08 04:00:00
46.9035,47.0693,46.5108,46.5718,1625803200,14673400.0,2021-07-09 04:00:00
46.4584,47.1653,46.3711,47.1653,1626062400,14000600.0,2021-07-12 04:00:00
46.5369,46.7639,46.4322,46.5544,1626148800,9927400.0,2021-07-13 04:00:00
47.209,47.305,46.5544,46.694,1626235200,17113700.0,2021-07-14 04:00:00
46.825,47.017,46.4671,46.9908,1626321600,14952400.0,2021-07-15 04:00:00
46.8686,47.4883,46.825,47.0257,1626408000,14144900.0,2021-07-16 04:00:00
46.31,46.8686,46.022,46.8424,1626667200,19925300.0,2021-07-19 04:00:00
46.7639,47.0693,46.4235,46.502,1626753600,17250200.0,2021-07-20 04:00:00
47.0257,47.0432,46.6242,46.9733,1626840000,14068600.0,2021-07-21 04:00:00
47.6017,47.6105,46.9384,47.0519,1626926400,15729800.0,2021-07-22 04:00:00
48.204,48.3,47.5756,47.9072,1627012800,13042500.0,2021-07-23 04:00:00
48.4134,48.5705,48.1167,48.1167,1627272000,10097400.0,2021-07-26 04:00:00
48.2476,48.3611,47.8199,48.3349,1627358400,14738700.0,2021-07-27 04:00:00
47.8025,48.4571,47.4883,48.4047,1627444800,18835700.0,2021-07-28 04:00:00
48.0643,48.3087,47.9159,48.0032,1627531200,10680200.0,2021-07-29 04:00:00
48.3262,48.4309,48.012,48.0731,1627617600,13438800.0,2021-07-30 04:00:00
48.396,48.8236,48.2301,48.5269,1627876800,12468800.0,2021-08-02 04:00:00
49.0942,49.2426,48.2389,48.4745,1627963200,17357400.0,2021-08-03 04:00:00
48.6054,49.1989,48.4134,49.1989,1628049600,11662400.0,2021-08-04 04:00:00
48.6665,48.8586,48.4396,48.4571,1628136000,10785200.0,2021-08-05 04:00:00
48.5182,48.8324,48.1341,48.4134,1628222400,18386100.0,2021-08-06 04:00:00
48.4134,48.9371,48.3523,48.7189,1628481600,8707200.0,2021-08-09 04:00:00
48.5356,48.588,48.2214,48.4396,1628568000,10441900.0,2021-08-10 04:00:00
48.7538,48.8847,48.5269,48.78,1628654400,12604500.0,2021-08-11 04:00:00
49.2164,49.2688,48.5793,48.7451,1628740800,11209700.0,2021-08-12 04:00:00
49.2862,49.4171,49.1029,49.2164,1628827200,10841700.0,2021-08-13 04:00:00
49.1204,49.2513,48.8149,49.1378,1629086400,14407400.0,2021-08-16 04:00:00
48.8847,48.8935,48.5531,48.7625,1629172800,11987500.0,2021-08-17 04:00:00
48.1341,48.9982,48.0294,48.6927,1629259200,17111700.0,2021-08-18 04:00:00
49.9844,50.1765,47.6454,47.7937,1629345600,39881600.0,2021-08-19 04:00:00
50.8136,50.9183,49.6179,49.967,1629432000,21876500.0,2021-08-20 04:00:00
51.0929,51.2325,50.3947,50.4907,1629691200,16225400.0,2021-08-23 04:00:00
51.7737,51.8697,50.9969,51.0492,1629777600,17658300.0,2021-08-24 04:00:00
51.7998,52.6028,51.6427,51.9657,1629864000,18069600.0,2021-08-25 04:00:00
51.6689,52.0442,51.4856,51.8609,1629950400,13729400.0,2021-08-26 04:00:00
51.5118,51.7998,51.3722,51.73,1630036800,14795200.0,2021-08-27 04:00:00
51.6078,51.6864,51.3198,51.4769,1630296000,11798600.0,2021-08-30 04:00:00
51.5118,51.6515,51.1278,51.5904,1630382400,19873900.0,2021-08-31 04:00:00
51.5293,51.6166,51.1976,51.5118,1630468800,11629700.0,2021-09-01 04:00:00
51.9569,52.1228,51.5467,51.7998,1630555200,12855700.0,2021-09-02 04:00:00
51.8609,52.0704,51.7387,51.7824,1630641600,9732200.0,2021-09-03 04:00:00
51.3896,51.8173,51.2762,51.7038,1630987200,15503600.0,2021-09-07 04:00:00
51.2151,51.4333,51.0492,51.1016,1631073600,13124500.0,2021-09-08 04:00:00
51.1452,51.442,50.8398,51.0143,1631160000,14958800.0,2021-09-09 04:00:00
50.5256,51.4507,50.4645,51.2762,1631246400,13622100.0,2021-09-10 04:00:00
50.7089,51.0842,50.3859,50.7612,1631505600,13553200.0,2021-09-13 04:00:00
50.5081,51.0318,50.3248,50.831,1631592000,12810300.0,2021-09-14 04:00:00
50.2375,52.018,49.8012,50.4296,1631678400,37524600.0,2021-09-15 04:00:00
50.0368,51.3373,49.8623,50.8922,1631764800,24029600.0,2021-09-16 04:00:00
49.6179,50.1415,49.2862,50.0892,1631851200,40262700.0,2021-09-17 04:00:00
48.78,49.2251,48.2563,49.2077,1632110400,21897000.0,2021-09-20 04:00:00
48.2301,49.1989,48.204,48.8411,1632196800,18700600.0,2021-09-21 04:00:00
48.4571,48.9895,48.3262,48.6665,1632283200,17940600.0,2021-09-22 04:00:00
49.4782,49.6615,48.5269,48.6142,1632369600,16262500.0,2021-09-23 04:00:00
49.5131,49.583,49.068,49.2688,1632456000,13156400.0,2021-09-24 04:00:00
49.068,49.4608,48.9196,49.2775,1632715200,13859500.0,2021-09-27 04:00:00
48.4571,48.8673,48.3611,48.684,1632801600,17803200.0,2021-09-28 04:00:00
48.4222,48.8585,48.3,48.5443,1632888000,14051700.0,2021-09-29 04:00:00
47.5057,48.7887,47.4883,48.7015,1632974400,18538000.0,2021-09-30 04:00:00
48.1254,48.3611,47.1653,47.6541,1633060800,18338000.0,2021-10-01 04:00:00
47.6509,48.0463,47.4049,47.8882,1633320000,17084100.0,2021-10-04 04:00:00
48.0551,48.3539,47.5631,47.5631,1633406400,14135000.0,2021-10-05 04:00:00
47.3961,47.7827,46.5526,47.7564,1633492800,26339200.0,2021-10-06 04:00:00
48.3451,48.6878,47.7564,47.8794,1633579200,14725500.0,2021-10-07 04:00:00
48.3978,48.5911,48.1078,48.5032,1633665600,9255500.0,2021-10-08 04:00:00
48.266,48.6614,48.2396,48.5472,1633924800,8117600.0,2021-10-11 04:00:00
47.6949,48.3802,47.5103,48.3187,1634011200,14241900.0,2021-10-12 04:00:00
47.9936,48.1078,47.5191,47.73,1634097600,13737100.0,2021-10-13 04:00:00
48.8987,49.0744,48.3099,48.4066,1634184000,14455900.0,2021-10-14 04:00:00
48.5472,49.1095,48.2924,49.1095,1634270400,15202200.0,2021-10-15 04:00:00
48.4945,48.7581,47.9497,48.3627,1634529600,10989600.0,2021-10-18 04:00:00
48.9777,49.0129,48.3539,48.5823,1634616000,13258400.0,2021-10-19 04:00:00
49.3819,49.4083,49.0304,49.0304,1634702400,11613600.0,2021-10-20 04:00:00
48.9338,49.3116,48.7932,49.2413,1634788800,12619900.0,2021-10-21 04:00:00
48.4242,49.0832,48.2748,48.8108,1634875200,15026600.0,2021-10-22 04:00:00
48.4505,48.6966,48.1606,48.4242,1635134400,10218900.0,2021-10-25 04:00:00
49.0392,49.5137,48.679,48.8196,1635220800,15250000.0,2021-10-26 04:00:00
49.3644,49.8388,49.1447,49.3204,1635307200,16279000.0,2021-10-27 04:00:00
49.4171,49.8125,49.1095,49.4083,1635393600,11209200.0,2021-10-28 04:00:00
49.1798,49.7158,49.0832,49.4874,1635480000,13550400.0,2021-10-29 04:00:00
49.2941,49.4259,48.7669,49.092,1635739200,14341400.0,2021-11-01 04:00:00
50.6296,50.8493,49.4522,49.5313,1635825600,22097900.0,2021-11-02 04:00:00
50.656,50.902,50.1903,50.5945,1635912000,13219400.0,2021-11-03 04:00:00
50.1903,50.6912,49.6983,50.6121,1635998400,18070400.0,2021-11-04 04:00:00
50.1464,50.7878,50.0234,50.4188,1636084800,15637700.0,2021-11-05 04:00:00
50.0849,50.5418,49.7246,50.1727,1636347600,15045300.0,2021-11-08 05:00:00
50.4715,50.6384,49.997,50.1464,1636434000,14459800.0,2021-11-09 05:00:00
50.7615,51.5171,50.6912,50.8757,1636520400,17876300.0,2021-11-10 05:00:00
49.874,50.7615,49.8125,50.5857,1636606800,17440700.0,2021-11-11 05:00:00
49.9267,50.2167,49.4786,50.0585,1636693200,16663600.0,2021-11-12 05:00:00
50.3221,50.7,49.9355,50.0234,1636952400,19041800.0,2021-11-15 05:00:00
50.0849,51.0338,50.0234,50.2958,1637038800,21136900.0,2021-11-16 05:00:00
49.874,50.2079,49.4434,49.7422,1637125200,31496300.0,2021-11-17 05:00:00
47.1237,47.3873,44.8831,46.3329,1637211600,70834000.0,2021-11-18 05:00:00
46.7898,47.1764,46.3768,47.0534,1637298000,30030800.0,2021-11-19 05:00:00
47.976,48.7932,46.8337,46.8777,1637557200,39949300.0,2021-11-22 05:00:00
48.5911,48.8371,47.8618,47.9848,1637643600,25653100.0,2021-11-23 05:00:00
48.802,48.9865,48.4593,48.4593,1637730000,19328700.0,2021-11-24 05:00:00
48.0375,48.4945,47.853,47.853,1637902800,16730300.0,2021-11-26 05:00:00
48.9953,49.3731,48.1781,48.4505,1638162000,25724500.0,2021-11-29 05:00:00
48.1869,48.8547,47.5806,48.8371,1638248400,45141300.0,2021-11-30 05:00:00
48.3539,49.5401,48.266,48.7932,1638334800,24120500.0,2021-12-01 05:00:00
49.338,49.7422,48.3978,48.4593,1638421200,22384700.0,2021-12-02 05:00:00
49.4083,49.9267,48.9162,49.4698,1638507600,26235400.0,2021-12-03 05:00:00
50.0497,50.2342,49.6192,49.8213,1638766800,23172800.0,2021-12-06 05:00:00
51.0339,51.1569,50.0937,50.1727,1638853200,24254800.0,2021-12-07 05:00:00
50.1025,51.0778,49.7598,51.0339,1638939600,23631300.0,2021-12-08 05:00:00
50.5681,50.8142,50.0234,50.2606,1639026000,16480200.0,2021-12-09 05:00:00
52.0619,52.141,50.8845,50.8845,1639112400,19901500.0,2021-12-10 05:00:00
51.4996,52.2904,51.4381,51.9301,1639371600,18496300.0,2021-12-13 05:00:00
50.7615,51.4292,50.41,51.2623,1639458000,19114200.0,2021-12-14 05:00:00
52.6594,52.7473,50.8757,50.8932,1639544400,27953900.0,2021-12-15 05:00:00
52.9933,53.3887,52.6067,52.7648,1639630800,24599300.0,2021-12-16 05:00:00
53.1251,53.4239,52.5364,52.9582,1639717200,62171000.0,2021-12-17 05:00:00
53.0372,53.0812,52.1058,52.4309,1639976400,21342100.0,2021-12-20 05:00:00
53.6259,53.8105,52.7209,53.1075,1640062800,20761100.0,2021-12-21 05:00:00
54.0653,54.1268,53.2657,53.5732,1640149200,17095500.0,2021-12-22 05:00:00
54.7243,55.2691,54.2938,54.2938,1640235600,17771400.0,2021-12-23 05:00:00
55.726,55.7699,54.7243,54.8385,1640581200,14779700.0,2021-12-27 05:00:00
55.8227,56.0951,55.5591,55.726,1640667600,12865000.0,2021-12-28 05:00:00
56.2005,56.4905,55.8402,55.9281,1640754000,15069900.0,2021-12-29 05:00:00
55.9017,56.3587,55.7699,56.2708,1640840400,9076700.0,2021-12-30 05:00:00
55.6821,56.0775,55.6381,55.8402,1640926800,10359100.0,2021-12-31 05:00:00
55.4976,55.6645,54.9176,55.2691,1641186000,17184300.0,2022-01-03 05:00:00
54.1364,55.5152,54.0127,55.1882,1641272400,29682500.0,2022-01-04 05:00:00
53.2791,54.4811,53.2525,54.0834,1641358800,30317900.0,2022-01-05 05:00:00
53.8447,54.0303,52.952,53.0316,1641445200,19616600.0,2022-01-06 05:00:00
54.0303,54.3574,53.6238,53.8005,1641531600,20152400.0,2022-01-07 05:00:00
54.6402,54.7109,53.4912,53.8005,1641790800,24715300.0,2022-01-10 05:00:00
55.1263,55.1794,54.3043,54.4458,1641877200,22804200.0,2022-01-11 05:00:00
54.9054,55.5241,54.7286,55.1529,1641963600,13405400.0,2022-01-12 05:00:00
54.3574,54.9319,54.1011,54.87,1642050000,14871600.0,2022-01-13 05:00:00
54.2336,54.3574,53.8624,54.3309,1642136400,18831900.0,2022-01-14 05:00:00
52.7929,53.226,52.5808,53.0139,1642482000,26545800.0,2022-01-18 05:00:00
52.0593,52.5808,51.0694,51.2639,1642568400,24333900.0,2022-01-19 05:00:00
51.3346,52.4482,51.2815,52.1389,1642654800,17726500.0,2022-01-20 05:00:00
50.0972,51.5644,50.0353,51.3257,1642741200,25914000.0,2022-01-21 05:00:00
50.2916,50.38,48.4974,49.6376,1643000400,34180100.0,2022-01-24 05:00:00
49.5934,50.106,48.6742,49.5757,1643086800,25156400.0,2022-01-25 05:00:00
48.904,49.8939,48.4885,49.5934,1643173200,28632700.0,2022-01-26 05:00:00
48.2764,49.9646,48.082,49.063,1643259600,25967400.0,2022-01-27 05:00:00
49.1514,49.1956,47.2423,48.1704,1643346000,30976600.0,2022-01-28 05:00:00
49.2045,49.3724,48.4974,48.9923,1643605200,29925300.0,2022-01-31 05:00:00
48.9393,49.0542,48.3825,49.01,1643691600,22438500.0,2022-02-01 05:00:00
49.6464,49.779,48.7625,48.8156,1643778000,23316700.0,2022-02-02 05:00:00
48.7891,49.6287,48.6653,49.3812,1643864400,19260500.0,2022-02-03 05:00:00
48.7449,49.1603,48.0731,48.5151,1643950800,19675900.0,2022-02-04 05:00:00
48.7625,49.0807,48.3471,48.904,1644210000,14450200.0,2022-02-07 05:00:00
48.9128,49.0454,48.356,48.6653,1644296400,15219900.0,2022-02-08 05:00:00
49.7525,49.832,49.0365,49.3371,1644382800,19136700.0,2022-02-09 05:00:00
48.4974,49.5227,48.3825,48.8244,1644469200,19730600.0,2022-02-10 05:00:00
47.64,48.6918,47.5251,48.4974,1644555600,20132500.0,2022-02-11 05:00:00
47.0037,47.4191,46.5794,47.207,1644814800,21868400.0,2022-02-14 05:00:00
47.9671,47.9936,47.4102,47.4809,1644901200,17678000.0,2022-02-15 05:00:00
47.9494,48.1173,47.1893,47.8433,1644987600,20388700.0,2022-02-16 05:00:00
49.2929,50.433,48.9658,49.0542,1645074000,32884700.0,2022-02-17 05:00:00
50.5656,50.9899,48.9482,49.0189,1645160400,35626200.0,2022-02-18 05:00:00
49.7613,50.5037,49.2663,50.3181,1645506000,25188300.0,2022-02-22 05:00:00
48.1173,50.3712,48.0555,50.0353,1645592400,22033700.0,2022-02-23 05:00:00
48.3736,48.462,47.0302,47.7903,1645678800,27739300.0,2022-02-24 05:00:00
49.5315,49.6906,48.1615,48.5946,1645765200,18963700.0,2022-02-25 05:00:00
49.2929,49.4961,48.3913,48.9747,1646024400,23868700.0,2022-02-28 05:00:00
48.2764,49.3636,47.9582,49.0807,1646110800,17799600.0,2022-03-01 05:00:00
49.6287,49.832,48.356,48.409,1646197200,18660000.0,2022-03-02 05:00:00
49.558,50.38,49.3547,50.1502,1646283600,16794600.0,2022-03-03 05:00:00
49.9469,50.2916,48.8332,49.2045,1646370000,16729000.0,2022-03-04 05:00:00
49.1338,49.885,49.0719,49.7701,1646629200,21350900.0,2022-03-07 05:00:00
48.082,49.3724,47.7903,49.231,1646715600,23642400.0,2022-03-08 05:00:00
49.4254,49.7171,48.8332,49.178,1646802000,19150900.0,2022-03-09 05:00:00
48.356,48.7537,47.7019,48.082,1646888400,18550900.0,2022-03-10 05:00:00
48.3383,49.6818,48.2587,48.8686,1646974800,20330300.0,2022-03-11 05:00:00
47.9936,48.9658,47.7284,48.3736,1647230400,17977500.0,2022-03-14 04:00:00
49.1426,49.2575,48.0996,48.0996,1647316800,18829100.0,2022-03-15 04:00:00
49.3282,49.4961,48.2587,49.4343,1647403200,21821800.0,2022-03-16 04:00:00
49.6464,49.7613,48.9216,49.0454,1647489600,18830500.0,2022-03-17 04:00:00
49.4696,49.8674,49.0896,49.5227,1647576000,51807200.0,2022-03-18 04:00:00
49.4961,49.9823,49.0719,49.5492,1647835200,29174600.0,2022-03-21 04:00:00
49.6464,50.1325,49.5757,49.8143,1647921600,29287900.0,2022-03-22 04:00:00
48.1527,49.5757,48.1262,49.4078,1648008000,19742100.0,2022-03-23 04:00:00
48.1704,48.3383,47.4456,48.3206,1648094400,20551500.0,2022-03-24 04:00:00
48.5858,48.7714,48.082,48.2676,1648180800,18090600.0,2022-03-25 04:00:00
48.736,48.7537,48.0996,48.4355,1648440000,17164600.0,2022-03-28 04:00:00
49.2045,49.7701,48.6476,49.2045,1648526400,20036500.0,2022-03-29 04:00:00
49.5403,50.327,49.1338,49.2752,1648612800,16125400.0,2022-03-30 04:00:00
49.284,50.2739,49.2487,49.5315,1648699200,27587700.0,2022-03-31 04:00:00
49.1956,49.6641,48.5151,49.6464,1648785600,17465100.0,2022-04-01 04:00:00
49.3812,49.6022,48.6035,49.0189,1649044800,19629200.0,2022-04-04 04:00:00
48.874,49.4702,48.6515,49.1232,1649131200,16063600.0,2022-04-05 04:00:00
48.3845,48.7316,47.9129,48.6693,1649217600,19644100.0,2022-04-06 04:00:00
48.6159,48.8117,47.8239,48.4379,1649304000,15739000.0,2022-04-07 04:00:00
48.3044,48.8651,48.0642,48.8028,1649390400,18148200.0,2022-04-08 04:00:00
47.0586,48.0108,46.9785,47.9841,1649649600,20992100.0,2022-04-11 04:00:00
46.1153,47.1209,45.8127,46.0085,1649736000,25254200.0,2022-04-12 04:00:00
46.4089,46.5958,45.7504,46.1331,1649822400,17004600.0,2022-04-13 04:00:00
45.5368,46.6136,45.4923,46.3466,1649908800,18024800.0,2022-04-14 04:00:00
45.4834,45.8839,45.2075,45.2787,1650254400,13990700.0,2022-04-18 04:00:00
46.1242,46.2221,45.3143,45.3855,1650340800,15490900.0,2022-04-19 04:00:00
47.1832,47.7616,46.4089,46.4712,1650427200,19526200.0,2022-04-20 04:00:00
46.9696,47.904,46.9251,47.4679,1650513600,17147300.0,2022-04-21 04:00:00
45.7059,47.1298,45.6436,47.0942,1650600000,17693000.0,2022-04-22 04:00:00
46.222,46.2576,44.9762,45.786,1650859200,18677000.0,2022-04-25 04:00:00
45.2965,46.222,45.2698,46.1687,1650945600,19238300.0,2022-04-26 04:00:00
43.8816,45.4834,43.8282,45.3054,1651032000,33668600.0,2022-04-27 04:00:00
45.0563,45.1898,43.7926,44.0774,1651118400,20170700.0,2022-04-28 04:00:00
43.5879,45.0652,43.49,44.9495,1651204800,20281400.0,2022-04-29 04:00:00
44.371,44.4155,43.5434,43.9083,1651464000,22499200.0,2022-05-02 04:00:00
44.4244,44.816,44.0774,44.2909,1651550400,15828200.0,2022-05-03 04:00:00
45.9017,45.9729,44.202,44.5223,1651636800,23942300.0,2022-05-04 04:00:00
44.1486,45.5724,43.7481,45.519,1651723200,24846500.0,2022-05-05 04:00:00
43.8994,44.3532,43.4722,43.7392,1651809600,21743900.0,2022-05-06 04:00:00
43.5701,43.9795,43.312,43.6057,1652068800,22421200.0,2022-05-09 04:00:00
44.0952,44.7092,43.7392,44.2375,1652155200,21741100.0,2022-05-10 04:00:00
43.2942,44.1753,43.2319,43.6858,1652241600,23872100.0,2022-05-11 04:00:00
42.9739,43.4099,42.2441,43.2764,1652328000,25951000.0,2022-05-12 04:00:00
44.1041,44.1664,43.1874,43.3476,1652414400,18954500.0,2022-05-13 04:00:00
43.6057,44.193,43.4989,44.193,1652673600,20254500.0,2022-05-16 04:00:00
45.0296,45.1364,44.0596,44.2108,1652760000,18780600.0,2022-05-17 04:00:00
43.0362,44.9139,42.9027,44.9139,1652846400,40672700.0,2022-05-18 04:00:00
37.1272,39.0939,36.5042,38.3196,1652932800,97674600.0,2022-05-19 04:00:00
38.2128,38.2662,36.9492,37.2517,1653019200,46148700.0,2022-05-20 04:00:00
38.5777,38.996,38.2128,38.5688,1653278400,27366600.0,2022-05-23 04:00:00
38.9515,39.2096,37.8213,38.6222,1653364800,30053900.0,2022-05-24 04:00:00
39.1561,39.5299,38.4353,38.9337,1653451200,25504600.0,2022-05-25 04:00:00
40.0372,40.5177,39.2006,39.2006,1653537600,28294700.0,2022-05-26 04:00:00
40.5978,40.6156,40.0016,40.1528,1653624000,23882100.0,2022-05-27 04:00:00
40.0906,40.5889,39.8147,40.2863,1653969600,64821200.0,2022-05-31 04:00:00
40.2507,40.758,39.8414,40.5355,1654056000,20666000.0,2022-06-01 04:00:00
40.7491,40.758,39.9571,40.2062,1654142400,20546800.0,2022-06-02 04:00:00
40.2685,40.7046,40.1528,40.5355,1654228800,17947000.0,2022-06-03 04:00:00
40.3397,41.0161,40.1617,40.58,1654488000,12641900.0,2022-06-06 04:00:00
40.5533,40.6245,39.7969,39.8859,1654574400,14667200.0,2022-06-07 04:00:00
39.9749,40.6067,39.9393,40.4465,1654660800,16263800.0,2022-06-08 04:00:00
39.3875,40.2863,39.3697,39.8948,1654747200,18417700.0,2022-06-09 04:00:00
38.7023,39.1472,38.5243,38.9782,1654833600,20262400.0,2022-06-10 04:00:00
38.4798,39.0138,38.1683,38.3196,1655092800,29050800.0,2022-06-13 04:00:00
38.1861,38.8892,37.8836,38.8269,1655179200,22499100.0,2022-06-14 04:00:00
38.9782,39.5388,38.3552,38.5955,1655265600,22525100.0,2022-06-15 04:00:00
38.551,38.6311,38.0972,38.0972,1655352000,27049000.0,2022-06-16 04:00:00
38.6133,39.1561,38.4798,38.5866,1655438400,59678600.0,2022-06-17 04:00:00
39.2807,39.4053,38.8892,38.9871,1655784000,23277900.0,2022-06-21 04:00:00
38.7735,39.2629,38.4175,38.6845,1655870400,19942300.0,2022-06-22 04:00:00
38.2039,38.6756,38.0171,38.6311,1655956800,33801700.0,2022-06-23 04:00:00
39.2451,39.3519,38.4798,38.6578,1656043200,30543800.0,2022-06-24 04:00:00
38.9515,39.4142,38.8269,39.4142,1656302400,22755300.0,2022-06-27 04:00:00
38.3196,39.5744,38.2573,39.0761,1656388800,20091300.0,2022-06-28 04:00:00
38.1594,38.4976,37.9903,38.3908,1656475200,13450800.0,2022-06-29 04:00:00
37.9459,38.3908,37.5454,37.7056,1656561600,24947900.0,2022-06-30 04:00:00
37.9103,37.9993,36.9937,37.8391,1656648000,24338500.0,2022-07-01 04:00:00
37.6768,37.6858,36.6532,37.2817,1656993600,24442600.0,2022-07-05 04:00:00
38.3323,38.5478,37.7217,37.8205,1657080000,17250400.0,2022-07-06 04:00:00
38.8082,38.9339,38.4221,38.5029,1657166400,22316700.0,2022-07-07 04:00:00
38.9608,39.1584,38.5568,38.6376,1657252800,11817000.0,2022-07-08 04:00:00
38.8351,39.2212,38.6735,38.9159,1657512000,15245200.0,2022-07-11 04:00:00
38.4849,39.3559,38.3054,39.1314,1657598400,17385300.0,2022-07-12 04:00:00
38.3413,38.6555,37.5331,37.578,1657684800,16854200.0,2022-07-13 04:00:00
38.009,38.1347,37.1291,37.5242,1657771200,17336200.0,2022-07-14 04:00:00
38.6735,38.7274,38.1617,38.1617,1657857600,19897800.0,2022-07-15 04:00:00
38.2515,38.898,38.0809,38.88,1658116800,16743800.0,2022-07-18 04:00:00
39.5355,39.5894,38.2964,38.449,1658203200,22861400.0,2022-07-19 04:00:00
39.6253,39.7959,39.2033,39.5804,1658289600,15599200.0,2022-07-20 04:00:00
40.0294,40.1281,39.5714,39.769,1658376000,15364600.0,2022-07-21 04:00:00
39.9216,40.3347,39.7331,40.209,1658462400,14854600.0,2022-07-22 04:00:00
39.8139,40.1012,39.6073,40.1012,1658721600,12954700.0,2022-07-25 04:00:00
39.3559,39.9934,39.2841,39.8408,1658808000,19513000.0,2022-07-26 04:00:00
40.0832,40.2179,39.3559,39.6792,1658894400,22349000.0,2022-07-27 04:00:00
40.9632,41.1877,40.1461,40.2987,1658980800,17576200.0,2022-07-28 04:00:00
40.7387,40.8465,40.2538,40.5053,1659067200,23701700.0,2022-07-29 04:00:00
40.6579,40.7926,40.191,40.4604,1659326400,14153400.0,2022-08-01 04:00:00
40.3347,41.035,40.3167,40.8734,1659412800,15005400.0,2022-08-02 04:00:00
41.044,41.1428,40.2179,40.3167,1659499200,14943800.0,2022-08-03 04:00:00
40.7477,41.2416,40.4155,41.2146,1659585600,15249300.0,2022-08-04 04:00:00
40.4155,40.4693,39.9934,40.3257,1659672000,19533900.0,2022-08-05 04:00:00
40.4245,40.8734,40.2808,40.8465,1659931200,15465600.0,2022-08-08 04:00:00
40.3347,40.5681,40.1551,40.5412,1660017600,12826200.0,2022-08-09 04:00:00
41.3224,41.3583,40.7926,41.044,1660104000,18935400.0,2022-08-10 04:00:00
41.2146,41.6905,41.0979,41.4032,1660190400,15849000.0,2022-08-11 04:00:00
41.8521,41.8521,41.2775,41.3852,1660276800,16967600.0,2022-08-12 04:00:00
41.8342,41.8611,41.3313,41.6546,1660536000,15456100.0,2022-08-15 04:00:00
41.9958,42.2113,41.6995,41.8162,1660622400,21153700.0,2022-08-16 04:00:00
41.897,42.2921,41.5109,41.6277,1660708800,27975600.0,2022-08-17 04:00:00
44.3304,44.8961,44.097,44.7165,1660795200,39999900.0,2022-08-18 04:00:00
43.7288,44.4112,43.5851,44.0072,1660881600,23130400.0,2022-08-19 04:00:00
42.8399,43.5492,42.6693,43.5223,1661140800,20534100.0,2022-08-22 04:00:00
42.5705,43.1362,42.5525,42.7321,1661227200,13764600.0,2022-08-23 04:00:00
42.2652,42.5705,42.0856,42.2831,1661313600,14946500.0,2022-08-24 04:00:00
42.4448,42.5884,42.0587,42.4268,1661400000,23039300.0,2022-08-25 04:00:00
41.2056,42.4448,41.1967,42.2742,1661486400,20309800.0,2022-08-26 04:00:00
41.044,41.3044,40.8465,41.053,1661745600,13425700.0,2022-08-29 04:00:00
40.622,41.1877,40.3706,41.0799,1661832000,14279100.0,2022-08-30 04:00:00
40.1551,41.1518,40.0383,41.1069,1661918400,23006100.0,2022-08-31 04:00:00
40.6669,40.7118,39.8677,40.0204,1662004800,16236400.0,2022-09-01 04:00:00
40.0383,41.2326,39.76,41.044,1662091200,14720900.0,2022-09-02 04:00:00
39.9306,40.2179,39.4906,40.1012,1662436800,14366100.0,2022-09-06 04:00:00
40.4245,40.5591,39.8228,40.182,1662523200,18297400.0,2022-09-07 04:00:00
40.7387,40.8285,40.0653,40.191,1662609600,14231500.0,2022-09-08 04:00:00
41.0979,41.2057,40.7657,40.9991,1662696000,15499300.0,2022-09-09 04:00:00
41.6636,41.9599,41.2775,41.4032,1662955200,17923000.0,2022-09-12 04:00:00
39.6073,41.2236,39.5265,41.053,1663041600,23028600.0,2022-09-13 04:00:00
39.4727,39.751,39.1135,39.5445,1663128000,27551500.0,2022-09-14 04:00:00
38.871,39.3918,38.6915,39.338,1663214400,18148600.0,2022-09-15 04:00:00
38.88,39.1314,38.4221,38.7094,1663300800,32696100.0,2022-09-16 04:00:00
38.88,39.0057,38.3951,38.5209,1663560000,13667500.0,2022-09-19 04:00:00
38.2335,38.6286,37.9462,38.6196,1663646400,16813900.0,2022-09-20 04:00:00
37.3446,38.4939,37.3266,38.0001,1663732800,21415900.0,2022-09-21 04:00:00
36.9495,37.3087,36.9405,37.1201,1663819200,16691000.0,2022-09-22 04:00:00
36.5095,37.0393,36.0246,37.0393,1663905600,19067700.0,2022-09-23 04:00:00
36.4377,36.9854,36.2491,36.5095,1664164800,22694800.0,2022-09-26 04:00:00
36.3838,37.2278,36.1234,36.9405,1664251200,15027900.0,2022-09-27 04:00:00
37.1201,37.3266,36.4467,36.6801,1664337600,23217700.0,2022-09-28 04:00:00
36.4287,36.9046,36.0516,36.8597,1664424000,19496400.0,2022-09-29 04:00:00
35.9169,36.8507,35.881,36.5095,1664510400,27989900.0,2022-09-30 04:00:00
37.0752,37.2907,36.3389,36.5185,1664769600,22203600.0,2022-10-03 04:00:00
37.8999,38.0993,37.5102,37.6643,1664856000,22889400.0,2022-10-04 04:00:00
38.054,38.2896,37.5193,37.6915,1664942400,14289700.0,2022-10-05 04:00:00
37.628,38.1446,37.4921,37.7458,1665028800,18198800.0,2022-10-06 04:00:00
36.4952,37.3833,36.323,37.3833,1665115200,19055400.0,2022-10-07 04:00:00
36.1508,36.9846,35.888,36.8214,1665374400,16628400.0,2022-10-10 04:00:00
35.8699,36.3502,35.5889,36.0783,1665460800,19386400.0,2022-10-11 04:00:00
35.5889,36.1236,35.5708,35.9786,1665547200,17279900.0,2022-10-12 04:00:00
36.8033,36.9755,34.9817,35.3714,1665633600,26328300.0,2022-10-13 04:00:00
36.4318,37.1205,36.178,37.0118,1665720000,19571000.0,2022-10-14 04:00:00
37.4286,37.6371,37.1115,37.193,1665979200,27845200.0,2022-10-17 04:00:00
37.8727,38.2624,37.3924,37.9905,1666065600,18223300.0,2022-10-18 04:00:00
37.9543,38.2805,37.5827,37.7277,1666152000,19071700.0,2022-10-19 04:00:00
37.8002,38.6249,37.5737,37.6643,1666238400,16830500.0,2022-10-20 04:00:00
38.788,38.9421,37.8908,37.9271,1666324800,25035000.0,2022-10-21 04:00:00
39.4587,39.6309,38.8787,39.078,1666584000,18785300.0,2022-10-24 04:00:00
40.2018,40.2381,39.1505,39.2774,1666670400,19165200.0,2022-10-25 04:00:00
40.2199,40.9903,40.1293,40.7184,1666756800,20051000.0,2022-10-26 04:00:00
40.2562,40.8634,40.2018,40.5734,1666843200,18102500.0,2022-10-27 04:00:00
41.3618,41.4253,40.4646,40.5009,1666929600,17978300.0,2022-10-28 04:00:00
41.1715,41.3618,40.8362,41.0628,1667188800,17793700.0,2022-10-31 04:00:00
41.1987,41.4978,40.8362,41.3075,1667275200,12088700.0,2022-11-01 04:00:00
40.3921,41.8784,40.374,41.2078,1667361600,15308800.0,2022-11-02 04:00:00
39.7396,40.0115,39.3227,39.9027,1667448000,17895600.0,2022-11-03 04:00:00
40.3468,40.8543,39.7215,40.3287,1667534400,19648700.0,2022-11-04 04:00:00
40.374,40.7637,40.2471,40.6278,1667797200,21383000.0,2022-11-07 05:00:00
40.4284,41.099,40.0387,40.5009,1667883600,17503100.0,2022-11-08 05:00:00
39.794,40.5281,39.7759,40.3377,1667970000,19311700.0,2022-11-09 05:00:00
41.38,41.5159,40.4646,41.4162,1668056400,27190100.0,2022-11-10 05:00:00
40.5915,41.0718,39.803,40.9449,1668142800,25961800.0,2022-11-11 05:00:00
40.5462,41.1806,40.4918,40.6278,1668402000,21091300.0,2022-11-14 05:00:00
40.6912,40.9993,40.2834,40.8181,1668488400,19318000.0,2022-11-15 05:00:00
40.229,40.7637,40.1474,40.7274,1668574800,24939600.0,2022-11-16 05:00:00
42.2228,42.4584,40.9268,41.8603,1668661200,38887800.0,2022-11-17 05:00:00
43.3103,43.5369,42.4675,42.5128,1668747600,30843200.0,2022-11-18 05:00:00
43.1562,43.7634,43.1019,43.1472,1669006800,17049500.0,2022-11-21 05:00:00
43.845,43.8812,43.2831,43.5006,1669093200,16367800.0,2022-11-22 05:00:00
44.0172,44.3978,43.7906,43.8631,1669179600,12065600.0,2022-11-23 05:00:00
43.8631,44.4522,43.8178,44.1803,1669352400,8492600.0,2022-11-25 05:00:00
43.5731,43.9266,43.4281,43.7634,1669611600,14976600.0,2022-11-28 05:00:00
43.7544,43.8722,43.3556,43.7272,1669698000,13779300.0,2022-11-29 05:00:00
45.0594,45.1591,43.4643,43.6547,1669784400,29919700.0,2022-11-30 05:00:00
45.2859,45.73,45.0322,45.2044,1669870800,18559500.0,2022-12-01 05:00:00
45.0413,45.1681,44.3344,44.6153,1669957200,12325100.0,2022-12-02 05:00:00
44.7059,44.9869,44.5609,44.9053,1670216400,13795900.0,2022-12-05 05:00:00
44.0353,44.8056,43.7362,44.8056,1670302800,15443800.0,2022-12-06 05:00:00
43.6637,43.999,43.555,43.8631,1670389200,15171700.0,2022-12-07 05:00:00
44.3978,44.5881,44.0625,44.0987,1670475600,16015800.0,2022-12-08 05:00:00
43.9175,44.5609,43.8994,44.4975,1670562000,14303200.0,2022-12-09 05:00:00
44.6787,44.6969,43.8359,44.2256,1670821200,15425300.0,2022-12-12 05:00:00
44.9869,45.9566,44.6153,45.6122,1670907600,22705900.0,2022-12-13 05:00:00
44.6787,45.3675,44.2437,45.0775,1670994000,19050400.0,2022-12-14 05:00:00
43.6365,44.4522,43.265,44.3706,1671080400,19372500.0,2022-12-15 05:00:00
43.3284,43.5006,42.6668,42.9659,1671166800,66125400.0,2022-12-16 05:00:00
42.9568,43.4643,42.7212,43.1925,1671426000,17986300.0,2022-12-19 05:00:00
42.9297,43.1019,42.404,42.9659,1671512400,15086200.0,2022-12-20 05:00:00
43.1925,43.4644,42.975,43.2197,1671598800,15599400.0,2022-12-21 05:00:00
42.8843,43.0384,42.3134,43.0384,1671685200,23118500.0,2022-12-22 05:00:00
43.0294,43.0384,42.6034,42.8209,1671771600,9554400.0,2022-12-23 05:00:00
43.0747,43.2378,42.7937,43.2015,1672117200,12066200.0,2022-12-27 05:00:00
42.6578,43.2922,42.5762,43.2197,1672203600,9847400.0,2022-12-28 05:00:00
43.0475,43.265,42.83,42.83,1672290000,11396500.0,2022-12-29 05:00:00
43.1743,43.2015,42.549,42.839,1672376400,13199800.0,2022-12-30 05:00:00
43.4462,43.5459,42.8753,43.3737,1672722000,17718900.0,2023-01-03 05:00:00
43.4371,44.2867,43.09,44.1039,1672808400,18339800.0,2023-01-04 05:00:00
42.825,43.3823,42.7154,43.3823,1672894800,17372100.0,2023-01-05 05:00:00
44.1405,44.3871,43.1904,43.3549,1672981200,20823000.0,2023-01-06 05:00:00
44.378,44.9535,44.0491,44.0857,1673240400,13938000.0,2023-01-09 05:00:00
44.5881,44.9535,44.3871,44.579,1673326800,12474400.0,2023-01-10 05:00:00
44.9535,44.9718,44.4876,44.6064,1673413200,12530900.0,2023-01-11 05:00:00
44.7617,45.1545,44.6246,44.9535,1673499600,14241700.0,2023-01-12 05:00:00
44.6521,44.7799,44.2318,44.3597,1673586000,12649300.0,2023-01-13 05:00:00
43.9212,44.7069,43.8025,44.6886,1673931600,19290800.0,2023-01-17 05:00:00
42.8433,44.0948,42.8342,44.0217,1674018000,19882200.0,2023-01-18 05:00:00
42.4414,42.9803,42.3774,42.889,1674104400,19118600.0,2023-01-19 05:00:00
42.7337,42.7794,41.7197,42.076,1674190800,21847200.0,2023-01-20 05:00:00
43.3914,43.7294,42.7611,42.8433,1674450000,15180500.0,2023-01-23 05:00:00
43.6746,43.8664,42.9895,43.3823,1674536400,14872700.0,2023-01-24 05:00:00
43.8299,43.9213,43.1448,43.8299,1674622800,14638700.0,2023-01-25 05:00:00
44.1588,44.2775,43.6929,43.9852,1674709200,12952700.0,2023-01-26 05:00:00
44.314,44.515,43.8208,43.9395,1674795600,13414800.0,2023-01-27 05:00:00
44.0491,44.3049,43.9578,43.9761,1675054800,19261900.0,2023-01-30 05:00:00
44.4602,44.4785,43.8938,43.9578,1675141200,16821600.0,2023-01-31 05:00:00
44.3689,44.6703,43.4006,44.2044,1675227600,19639400.0,2023-02-01 05:00:00
45.054,45.2732,44.177,44.3323,1675314000,17883800.0,2023-02-02 05:00:00
44.4237,45.0357,44.3141,45.0357,1675400400,17980000.0,2023-02-03 05:00:00
43.4554,44.104,43.4097,43.9121,1675659600,13991600.0,2023-02-06 05:00:00
43.702,43.9852,42.9073,43.1539,1675746000,16675200.0,2023-02-07 05:00:00
42.8981,43.428,42.7246,43.2818,1675832400,18905500.0,2023-02-08 05:00:00
42.688,43.3092,42.414,43.1448,1675918800,18598400.0,2023-02-09 05:00:00
43.1722,43.227,42.6058,42.6606,1676005200,17397300.0,2023-02-10 05:00:00
43.7203,43.839,43.2909,43.3457,1676264400,19422100.0,2023-02-13 05:00:00
43.5741,43.8482,43.0991,43.6472,1676350800,19134400.0,2023-02-14 05:00:00
44.2592,44.3232,43.2361,43.3914,1676437200,27071200.0,2023-02-15 05:00:00
46.5795,47.2647,45.4925,45.666,1676523600,48125300.0,2023-02-16 05:00:00
46.3786,46.9906,46.2233,46.8901,1676610000,25321400.0,2023-02-17 05:00:00
45.392,46.3694,45.328,46.3238,1676955600,25100500.0,2023-02-21 05:00:00
45.0449,45.5381,44.6612,45.5381,1677042000,20301900.0,2023-02-22 05:00:00
44.9535,45.3829,44.3506,45.255,1677128400,14066200.0,2023-02-23 05:00:00
44.2866,44.6703,44.0035,44.5881,1677214800,17251600.0,2023-02-24 05:00:00
44.515,45.0723,44.3506,44.716,1677474000,14776400.0,2023-02-27 05:00:00
44.2318,44.6977,44.1953,44.5881,1677560400,16622400.0,2023-02-28 05:00:00
44.1588,44.3871,43.8664,44.2501,1677646800,13449300.0,2023-03-01 05:00:00
44.3323,44.4237,43.9578,44.1405,1677733200,18281800.0,2023-03-02 05:00:00
45.0174,45.0905,44.5972,44.7525,1677819600,15969900.0,2023-03-03 05:00:00
45.1453,45.5016,44.9809,45.1819,1678078800,13878400.0,2023-03-06 05:00:00
44.6795,45.4559,44.4237,45.2824,1678165200,17506600.0,2023-03-07 05:00:00
44.8622,45.0083,44.5242,44.7799,1678251600,12055500.0,2023-03-08 05:00:00
44.5881,45.392,44.4968,45.0357,1678338000,12497700.0,2023-03-09 05:00:00
44.3597,44.917,44.1222,44.6612,1678424400,16338200.0,2023-03-10 05:00:00
44.2227,44.6521,43.9578,44.3323,1678680000,20280800.0,2023-03-13 04:00:00
44.8073,44.9992,44.3141,44.4694,1678766400,17679600.0,2023-03-14 04:00:00
44.8165,44.8622,44.1862,44.1862,1678852800,17354900.0,2023-03-15 04:00:00
45.7848,45.9401,44.314,44.4693,1678939200,21425100.0,2023-03-16 04:00:00
45.8487,46.1776,45.4377,45.9127,1679025600,47642700.0,2023-03-17 04:00:00
46.5339,46.6252,45.6843,45.8762,1679284800,22699700.0,2023-03-20 04:00:00
46.2872,46.8901,45.9766,46.7805,1679371200,23334000.0,2023-03-21 04:00:00
45.1819,46.3603,45.1454,46.3512,1679457600,21399400.0,2023-03-22 04:00:00
45.4285,45.9036,45.1362,45.2732,1679544000,17775400.0,2023-03-23 04:00:00
46.1411,46.1776,45.2184,45.5838,1679630400,19438800.0,2023-03-24 04:00:00
46.1685,46.543,46.1137,46.3146,1679889600,15857200.0,2023-03-27 04:00:00
46.0314,46.2233,45.9218,45.9675,1679976000,11124300.0,2023-03-28 04:00:00
46.744,46.8353,46.2598,46.342,1680062400,18463400.0,2023-03-29 04:00:00
46.9815,47.2099,46.7074,47.1185,1680148800,11754600.0,2023-03-30 04:00:00
47.758,47.8219,46.9449,46.9906,1680235200,20588800.0,2023-03-31 04:00:00
47.7854,48.0137,47.493,47.557,1680494400,16884600.0,2023-04-03 04:00:00
47.6933,47.9694,47.3344,47.8866,1680580800,13599900.0,2023-04-04 04:00:00
47.6933,48.1259,47.5645,47.9234,1680667200,13797900.0,2023-04-05 04:00:00
47.1871,47.454,46.6901,46.865,1680753600,14749000.0,2023-04-06 04:00:00
47.2424,47.3068,46.8282,47.0399,1681099200,10177700.0,2023-04-10 04:00:00
46.5889,47.2147,46.4969,47.0491,1681185600,15957900.0,2023-04-11 04:00:00
46.1195,46.8926,46.0643,46.773,1681272000,16100700.0,2023-04-12 04:00:00
46.7546,46.7822,46.1011,46.2115,1681358400,15451700.0,2023-04-13 04:00:00
46.5153,46.8006,46.2023,46.4969,1681444800,12360100.0,2023-04-14 04:00:00
46.276,46.6441,46.0643,46.5337,1681704000,12042300.0,2023-04-17 04:00:00
46.3036,46.6533,46.0827,46.368,1681790400,15203600.0,2023-04-18 04:00:00
44.2144,45.3464,44.1683,45.3096,1681876800,30466700.0,2023-04-19 04:00:00
42.8706,43.8554,42.6681,43.8186,1681963200,39769400.0,2023-04-20 04:00:00
43.2848,43.3676,42.5577,42.8614,1682049600,20861000.0,2023-04-21 04:00:00
43.6161,43.6713,43.2572,43.3032,1682308800,17359900.0,2023-04-24 04:00:00
43.34,43.6529,43.0823,43.5977,1682395200,20281600.0,2023-04-25 04:00:00
42.8338,43.1191,42.7326,43.0363,1682481600,22390500.0,2023-04-26 04:00:00
42.8522,43.0731,42.3092,43.0547,1682568000,22845400.0,2023-04-27 04:00:00
43.4873,43.4965,42.8982,42.9719,1682654400,19665000.0,2023-04-28 04:00:00
43.5701,43.7358,43.3768,43.4412,1682913600,13122300.0,2023-05-01 04:00:00
42.6681,43.3308,42.392,43.1743,1683000000,20175100.0,2023-05-02 04:00:00
42.3,42.843,42.2079,42.7234,1683086400,20765700.0,2023-05-03 04:00:00
42.0607,42.2724,41.9318,42.1251,1683172800,17748900.0,2023-05-04 04:00:00
42.5669,42.6681,42.2632,42.4472,1683259200,14317400.0,2023-05-05 04:00:00
42.6497,42.8154,42.4196,42.7418,1683518400,12000000.0,2023-05-08 04:00:00
42.7694,42.8154,42.2632,42.3184,1683604800,15221900.0,2023-05-09 04:00:00
42.9903,43.1927,42.4749,42.9811,1683691200,15625100.0,2023-05-10 04:00:00
42.6773,43.1191,42.5209,43.1007,1683777600,12521900.0,2023-05-11 04:00:00
42.9903,43.0823,42.5945,42.5945,1683864000,14097500.0,2023-05-12 04:00:00
43.3492,43.4965,42.8522,43.0731,1684123200,13204400.0,2023-05-15 04:00:00
43.1835,43.5609,43.0731,43.4781,1684209600,16496300.0,2023-05-16 04:00:00
43.837,43.9566,43.2664,43.3952,1684296000,29326000.0,2023-05-17 04:00:00
44.3616,44.4076,42.0607,42.1159,1684382400,41475700.0,2023-05-18 04:00:00
45.2176,45.4108,44.5457,44.5733,1684468800,28564100.0,2023-05-19 04:00:00
44.9322,45.3096,44.8862,45.1991,1684728000,18667500.0,2023-05-22 04:00:00
45.0151,45.42,44.7298,44.739,1684814400,17645900.0,2023-05-23 04:00:00
44.5549,45.0979,44.334,45.0519,1684900800,15452900.0,2023-05-24 04:00:00
45.1255,45.3096,43.9198,43.9659,1684987200,21717000.0,2023-05-25 04:00:00
45.8894,46.1011,45.1991,45.1991,1685073600,19825600.0,2023-05-26 04:00:00
46.1747,46.4692,45.779,46.0091,1685419200,19074800.0,2023-05-30 04:00:00
45.7145,46.0459,45.6593,45.9354,1685505600,51990300.0,2023-05-31 04:00:00
45.779,46.1011,45.3372,45.7974,1685592000,17817000.0,2023-06-01 04:00:00
46.0367,46.2484,45.7698,45.8986,1685678400,19155400.0,2023-06-02 04:00:00
46.2115,46.5521,46.0551,46.2207,1685937600,13964100.0,2023-06-05 04:00:00
45.8434,45.9354,45.2268,45.825,1686024000,16029600.0,2023-06-06 04:00:00
45.8158,46.1471,45.6962,45.7422,1686110400,15950600.0,2023-06-07 04:00:00
45.7237,46.0183,45.6225,45.9446,1686196800,13289100.0,2023-06-08 04:00:00
45.7053,45.9907,45.4384,45.5857,1686283200,12173400.0,2023-06-09 04:00:00
46.46,46.4877,45.7145,45.9446,1686542400,15495000.0,2023-06-12 04:00:00
46.7546,46.8834,46.4324,46.6533,1686628800,24035500.0,2023-06-13 04:00:00
46.9018,47.1411,46.5981,46.7546,1686715200,16630700.0,2023-06-14 04:00:00
47.7946,47.9234,46.7822,46.8558,1686801600,22496900.0,2023-06-15 04:00:00
47.9234,48.2363,47.7946,48.0431,1686888000,37134400.0,2023-06-16 04:00:00
47.4448,47.9326,47.3712,47.8038,1687233600,20138000.0,2023-06-20 04:00:00
46.8006,47.3068,46.773,47.2884,1687320000,16939600.0,2023-06-21 04:00:00
47.0491,47.0675,46.414,46.6165,1687406400,14993800.0,2023-06-22 04:00:00
46.322,46.6809,46.1011,46.6073,1687492800,16544600.0,2023-06-23 04:00:00
46.2115,46.7546,46.1839,46.3036,1687752000,13032100.0,2023-06-26 04:00:00
46.8098,46.9754,46.2484,46.3036,1687838400,12981000.0,2023-06-27 04:00:00
46.819,46.957,46.4232,46.7362,1687924800,11387600.0,2023-06-28 04:00:00
47.1319,47.1871,46.773,46.8098,1688011200,14246000.0,2023-06-29 04:00:00
47.6197,48.0983,47.4172,47.7486,1688097600,18188300.0,2023-06-30 04:00:00
47.6933,47.7025,47.2424,47.27,1688356800,7338300.0,2023-07-03 04:00:00
47.7675,47.8232,47.2297,47.2668,1688529600,14950500.0,2023-07-05 04:00:00
47.3966,47.4708,46.97,47.3595,1688616000,13931100.0,2023-07-06 04:00:00
47.2853,47.8973,47.0535,47.2946,1688702400,15580400.0,2023-07-07 04:00:00
47.6655,47.7582,47.3131,47.3595,1688961600,19046500.0,2023-07-10 04:00:00
48.3332,48.361,47.7953,47.8232,1689048000,14998300.0,2023-07-11 04:00:00
47.0535,48.157,46.8587,47.8139,1689134400,26332500.0,2023-07-12 04:00:00
47.7861,47.8695,46.97,47.0071,1689220800,17864800.0,2023-07-13 04:00:00
46.7196,47.2668,46.4229,46.7567,1689307200,19566600.0,2023-07-14 04:00:00
47.1184,47.2482,46.4971,46.5527,1689566400,16140700.0,2023-07-17 04:00:00
47.5171,47.6377,47.1555,47.276,1689652800,16430800.0,2023-07-18 04:00:00
48.6207,48.6299,47.9437,48.4167,1689739200,21745000.0,2023-07-19 04:00:00
48.565,49.0287,48.1477,48.2776,1689825600,22784400.0,2023-07-20 04:00:00
48.8061,49.1493,48.7134,48.9174,1689912000,51284800.0,2023-07-21 04:00:00
49.2513,49.4367,48.8432,48.8618,1690171200,18390200.0,2023-07-24 04:00:00
49.7057,49.854,49.2513,49.3255,1690257600,16136600.0,2023-07-25 04:00:00
49.3533,49.752,49.1122,49.65,1690344000,13563700.0,2023-07-26 04:00:00
49.1493,49.9746,49.0194,49.7057,1690430400,15795500.0,2023-07-27 04:00:00
48.3054,48.6114,48.0086,48.2776,1690516800,27491300.0,2023-07-28 04:00:00
48.259,48.3888,47.9808,48.0735,1690776000,14193500.0,2023-07-31 04:00:00
48.834,48.9452,48.5094,48.7505,1690862400,15286200.0,2023-08-01 04:00:00
48.7598,49.2513,48.5187,48.5743,1690948800,17693700.0,2023-08-02 04:00:00
49.2884,49.3996,48.4445,48.6763,1691035200,15186400.0,2023-08-03 04:00:00
48.8061,49.446,48.7227,49.038,1691121600,12266700.0,2023-08-04 04:00:00
49.1585,49.2142,48.8525,49.1214,1691380800,11327900.0,2023-08-07 04:00:00
49.2049,49.2698,48.5558,48.834,1691467200,12224800.0,2023-08-08 04:00:00
49.14,49.5666,48.834,49.0565,1691553600,18765500.0,2023-08-09 04:00:00
49.4924,50.2064,49.3069,49.5295,1691640000,16329500.0,2023-08-10 04:00:00
49.8819,50.0302,49.3255,49.4738,1691726400,14344500.0,2023-08-11 04:00:00
49.9653,50.1972,49.817,49.8911,1691985600,20707300.0,2023-08-14 04:00:00
49.4738,49.8262,49.3162,49.7242,1692072000,20173400.0,2023-08-15 04:00:00
49.1122,49.6315,49.0287,49.3254,1692158400,26470200.0,2023-08-16 04:00:00
50.7536,51.7829,50.4197,50.4846,1692244800,45278000.0,2023-08-17 04:00:00
51.041,51.4305,50.6516,50.6608,1692331200,28839800.0,2023-08-18 04:00:00
51.412,51.7365,51.143,51.1894,1692590400,18283200.0,2023-08-21 04:00:00
51.4305,51.7644,51.2636,51.4491,1692676800,15661300.0,2023-08-22 04:00:00
51.9128,52.1168,51.3749,51.5696,1692763200,18250000.0,2023-08-23 04:00:00
51.2265,52.3764,51.1987,52.228,1692849600,17586400.0,2023-08-24 04:00:00
51.6531,51.8107,51.2358,51.2358,1692936000,15731800.0,2023-08-25 04:00:00
52.1168,52.191,51.6345,51.8293,1693195200,15189900.0,2023-08-28 04:00:00
52.4506,52.6732,52.0333,52.2559,1693281600,17859100.0,2023-08-29 04:00:00
52.6824,52.7752,52.4321,52.5155,1693368000,12145400.0,2023-08-30 04:00:00
53.1832,53.3501,52.7566,52.9514,1693454400,22619700.0,2023-08-31 04:00:00
53.6376,53.9622,53.2203,53.2203,1693540800,14080400.0,2023-09-01 04:00:00
53.0997,53.6191,53.0719,53.6191,1693886400,13885000.0,2023-09-05 04:00:00
53.007,53.2945,52.9236,52.9514,1693972800,11380400.0,2023-09-06 04:00:00
52.6639,52.9421,52.5433,52.8308,1694059200,14762000.0,2023-09-07 04:00:00
52.5526,52.9236,52.4506,52.6361,1694145600,13992000.0,2023-09-08 04:00:00
52.7103,52.8308,52.3393,52.599,1694404800,15842300.0,2023-09-11 04:00:00
52.293,52.7288,52.2466,52.5341,1694491200,13916100.0,2023-09-12 04:00:00
52.191,52.4228,52.0055,52.2281,1694577600,13092200.0,2023-09-13 04:00:00
52.2744,52.3671,52.0055,52.3208,1694664000,15760300.0,2023-09-14 04:00:00
51.9684,52.293,51.5047,52.2188,1694750400,44029200.0,2023-09-15 04:00:00
52.0333,52.191,51.7737,51.9406,1695009600,11825000.0,2023-09-18 04:00:00
51.7829,52.126,51.4305,52.0982,1695096000,10748500.0,2023-09-19 04:00:00
51.4676,51.9777,51.412,51.8849,1695182400,12219900.0,2023-09-20 04:00:00
49.4646,50.1693,49.0102,49.5295,1695268800,37436100.0,2023-09-21 04:00:00
49.6779,49.919,49.3347,49.5202,1695355200,17869500.0,2023-09-22 04:00:00
49.5944,49.7799,49.2976,49.5758,1695614400,14224400.0,2023-09-25 04:00:00
48.8803,49.4275,48.7598,49.3162,1695700800,15618400.0,2023-09-26 04:00:00
49.3347,49.4924,48.7134,49.0473,1695787200,15845500.0,2023-09-27 04:00:00
49.9653,50.2528,49.4738,49.4924,1695873600,17204400.0,2023-09-28 04:00:00
49.854,50.2621,49.6129,50.225,1695960000,13951200.0,2023-09-29 04:00:00
50.4383,50.4475,49.9004,49.9282,1696219200,13934000.0,2023-10-02 04:00:00
50.1114,50.3355,49.8311,50.3075,1696305600,15700600.0,2023-10-03 04:00:00
49.9246,50.2982,49.7097,50.1207,1696392000,17009000.0,2023-10-04 04:00:00
49.5696,49.9432,49.1119,49.8778,1696478400,14929400.0,2023-10-05 04:00:00
49.9246,50.2048,49.2614,49.4949,1696564800,15665500.0,2023-10-06 04:00:00
50.3636,50.4009,49.7377,49.8311,1696824000,10163600.0,2023-10-09 04:00:00
50.3168,50.5223,50.1114,50.4009,1696910400,13105600.0,2023-10-10 04:00:00
50.1207,50.5597,49.8311,50.3729,1696996800,12658000.0,2023-10-11 04:00:00
50.2982,50.6438,49.9806,50.457,1697083200,11846100.0,2023-10-12 04:00:00
50.2234,50.5504,49.9152,50.3262,1697169600,14413800.0,2023-10-13 04:00:00
50.5877,50.9894,50.4756,50.5037,1697428800,11736600.0,2023-10-16 04:00:00
50.3822,50.4196,49.663,50.2421,1697515200,17105900.0,2023-10-17 04:00:00
50.2234,50.6157,50.0646,50.2421,1697601600,13087300.0,2023-10-18 04:00:00
49.8031,50.3729,49.691,50.2141,1697688000,16325600.0,2023-10-19 04:00:00
49.4389,50.0553,49.3174,49.8685,1697774400,23888700.0,2023-10-20 04:00:00
48.757,49.3641,48.7196,49.3361,1698033600,17760000.0,2023-10-23 04:00:00
49.5136,49.5509,48.6262,48.813,1698120000,14824200.0,2023-10-24 04:00:00
48.9438,49.8498,48.8784,49.607,1698206400,14384700.0,2023-10-25 04:00:00
47.9817,48.6916,47.9257,48.4488,1698292800,17594500.0,2023-10-26 04:00:00
48.1592,48.7103,48.0098,48.2339,1698379200,13333900.0,2023-10-27 04:00:00
48.1685,48.2339,47.7202,47.9631,1698638400,13322400.0,2023-10-30 04:00:00
48.6916,48.729,48.2713,48.3367,1698724800,13509300.0,2023-10-31 04:00:00
48.7477,48.8317,48.3834,48.6075,1698811200,14300700.0,2023-11-01 04:00:00
49.2707,49.3174,48.7383,48.8691,1698897600,17459700.0,2023-11-02 04:00:00
49.5136,49.9245,49.1586,49.7471,1698984000,17644900.0,2023-11-03 04:00:00
49.7751,49.7844,49.3921,49.4762,1699246800,15429600.0,2023-11-06 05:00:00
49.6257,49.9152,49.4762,49.8218,1699333200,15153100.0,2023-11-07 05:00:00
49.5042,49.9713,49.2894,49.8685,1699419600,13633800.0,2023-11-08 05:00:00
48.5702,49.1026,48.3367,48.6823,1699506000,21039400.0,2023-11-09 05:00:00
49.1213,49.1586,48.5048,48.8037,1699592400,17369000.0,2023-11-10 05:00:00
48.785,49.168,48.6543,49.0185,1699851600,14931600.0,2023-11-13 05:00:00
49.663,49.8498,49.0092,49.0092,1699938000,18331000.0,2023-11-14 05:00:00
49.7658,49.9059,49.5416,49.7564,1700024400,32188200.0,2023-11-15 05:00:00
44.8714,44.8901,43.1527,44.2829,1700110800,79057800.0,2023-11-16 05:00:00
44.6098,45.1703,44.5818,44.8807,1700197200,32593700.0,2023-11-17 05:00:00
45.0862,45.1796,44.4137,44.423,1700456400,27421000.0,2023-11-20 05:00:00
44.6472,45.1609,44.5164,45.0862,1700542800,21510500.0,2023-11-21 05:00:00
44.9087,45.1609,44.7873,44.9087,1700629200,17308400.0,2023-11-22 05:00:00
45.1703,45.2076,44.8807,44.9181,1700802000,8209500.0,2023-11-24 05:00:00
44.7686,45.1796,44.75,45.1423,1701061200,17651600.0,2023-11-27 05:00:00
44.6939,45.0115,44.6565,44.7873,1701147600,16360900.0,2023-11-28 05:00:00
44.8807,45.245,44.862,44.9368,1701234000,16700500.0,2023-11-29 05:00:00
45.189,45.301,44.778,45.0115,1701320400,37165000.0,2023-11-30 05:00:00
45.273,45.5626,44.8527,45.0955,1701406800,18744700.0,2023-12-01 05:00:00
44.8807,45.0021,44.6285,44.8901,1701666000,17812900.0,2023-12-04 05:00:00
44.7686,44.7967,44.4511,44.6005,1701752400,20985000.0,2023-12-05 05:00:00
44.5538,45.0302,44.5071,44.8994,1701838800,19535500.0,2023-12-06 05:00:00
45.0769,45.1703,44.6472,44.75,1701925200,20478500.0,2023-12-07 05:00:00
45.189,45.3851,45.0302,45.0955,1702011600,16039900.0,2023-12-08 05:00:00
46.1323,46.179,45.628,45.712,1702270800,25618900.0,2023-12-11 05:00:00
46.0763,46.3191,45.8708,46.3098,1702357200,18712200.0,2023-12-12 05:00:00
46.4125,46.4219,45.5906,45.9922,1702443600,18689200.0,2023-12-13 05:00:00
46.179,46.7114,45.9268,46.7021,1702530000,28418700.0,2023-12-14 05:00:00
46.5807,46.6367,46.1697,46.2257,1702616400,58860100.0,2023-12-15 05:00:00
46.9263,46.9823,46.1417,46.6274,1702875600,20453100.0,2023-12-18 05:00:00
46.8702,47.1318,46.5527,47.0477,1702962000,17035800.0,2023-12-19 05:00:00
46.5153,47.0103,46.506,46.8142,1703048400,17812200.0,2023-12-20 05:00:00
46.4219,46.6834,46.123,46.6367,1703134800,18772300.0,2023-12-21 05:00:00
46.7862,47.0664,46.5527,46.5527,1703221200,12903800.0,2023-12-22 05:00:00
46.9636,47.0757,46.7488,46.8048,1703566800,9721200.0,2023-12-26 05:00:00
47.1131,47.2252,46.9636,46.9823,1703653200,10414300.0,2023-12-27 05:00:00
47.1504,47.2905,47.0944,47.2438,1703739600,8549900.0,2023-12-28 05:00:00
47.1878,47.2532,46.9076,47.1224,1703826000,12492900.0,2023-12-29 05:00:00
47.1785,47.5054,46.9356,47.1598,1704171600,20242900.0,2024-01-02 05:00:00
47.5456,47.7056,47.009,47.2255,1704258000,20303900.0,2024-01-03 05:00:00
47.1408,47.5456,47.0561,47.4797,1704344400,18134100.0,2024-01-04 05:00:00
47.1502,47.4138,46.9431,47.2349,1704430800,13989300.0,2024-01-05 05:00:00
47.4985,47.5362,46.7737,46.8302,1704690000,18070300.0,2024-01-08 05:00:00
46.9808,47.1032,46.529,47.0279,1704776400,20489200.0,2024-01-09 05:00:00
47.2914,47.3667,46.8961,47.0655,1704862800,15174200.0,2024-01-10 05:00:00
47.4797,47.5362,47.1032,47.4891,1704949200,16458300.0,2024-01-11 05:00:00
47.3856,47.8374,47.3479,47.5362,1705035600,18785700.0,2024-01-12 05:00:00
47.6209,47.6209,47.1314,47.3008,1705381200,17015900.0,2024-01-16 05:00:00
47.3479,47.4703,46.9808,47.2914,1705467600,17370600.0,2024-01-17 05:00:00
47.7715,47.8186,47.3291,47.3479,1705554000,18487500.0,2024-01-18 05:00:00
48.261,48.3739,47.7527,47.7715,1705640400,23015300.0,2024-01-19 05:00:00
48.5434,48.741,48.3928,48.5245,1705899600,20298700.0,2024-01-22 05:00:00
48.7222,48.7787,48.2892,48.3739,1705986000,15044300.0,2024-01-23 05:00:00
48.2986,48.9481,48.2045,48.9481,1706072400,19458500.0,2024-01-24 05:00:00
49.2588,49.4753,48.7128,48.7128,1706158800,18936600.0,2024-01-25 05:00:00
49.0799,49.5317,48.9387,49.3435,1706245200,13160300.0,2024-01-26 05:00:00
49.2211,49.3152,48.7881,48.7975,1706504400,13492400.0,2024-01-29 05:00:00
49.174,49.3435,48.9481,49.2305,1706590800,14322100.0,2024-01-30 05:00:00
47.2349,48.8917,47.1314,48.8069,1706677200,29311800.0,2024-01-31 05:00:00
47.2349,47.4985,46.8961,47.282,1706763600,20635700.0,2024-02-01 05:00:00
47.2349,47.4232,46.7078,47.1973,1706850000,20533100.0,2024-02-02 05:00:00
46.6043,47.2067,46.3689,47.009,1707109200,19602000.0,2024-02-05 05:00:00
47.0467,47.6397,46.8678,47.3573,1707195600,19265800.0,2024-02-06 05:00:00
46.849,47.395,46.5572,47.3479,1707282000,16794400.0,2024-02-07 05:00:00
47.0184,47.0561,46.6419,46.9714,1707368400,19599000.0,2024-02-08 05:00:00
47.1879,47.3102,46.7172,46.9996,1707454800,24076900.0,2024-02-09 05:00:00
47.0561,47.2538,46.6231,47.0937,1707714000,19046300.0,2024-02-12 05:00:00
46.7266,47.009,46.256,46.7078,1707800400,23633700.0,2024-02-13 05:00:00
47.3291,47.3856,46.6419,46.6607,1707886800,31176400.0,2024-02-14 05:00:00
46.1807,46.7737,45.3617,45.4276,1707973200,42766500.0,2024-02-15 05:00:00
45.5971,46.1995,45.55,45.8889,1708059600,24912300.0,2024-02-16 05:00:00
45.4465,45.6253,45.0417,45.1547,1708405200,26402500.0,2024-02-20 05:00:00
45.6347,45.6724,45.0888,45.6065,1708491600,15981300.0,2024-02-21 05:00:00
45.7194,45.8418,45.3241,45.437,1708578000,22020300.0,2024-02-22 05:00:00
45.9924,46.256,45.6535,45.7665,1708664400,13141900.0,2024-02-23 05:00:00
45.5594,46.0301,45.5218,45.983,1708923600,13018700.0,2024-02-26 05:00:00
45.4747,45.6065,45.2017,45.3241,1709010000,12515400.0,2024-02-27 05:00:00
45.2394,45.6347,45.1923,45.3711,1709096400,14635100.0,2024-02-28 05:00:00
45.5312,45.6347,45.3053,45.3617,1709182800,22962500.0,2024-02-29 05:00:00
45.5594,45.5782,44.8628,45.2864,1709269200,18508100.0,2024-03-01 05:00:00
46.2466,46.5666,45.3994,45.5312,1709528400,25214500.0,2024-03-04 05:00:00
46.0771,46.1901,45.7194,46.1618,1709614800,18101300.0,2024-03-05 05:00:00
46.2842,46.5101,46.096,46.1054,1709701200,20903600.0,2024-03-06 05:00:00
46.0301,46.576,45.9642,46.5384,1709787600,21224700.0,2024-03-07 05:00:00
46.5949,46.8584,45.983,46.0018,1709874000,19316200.0,2024-03-08 05:00:00
47.2726,47.3479,46.6702,46.8019,1710129600,17715100.0,2024-03-11 04:00:00
47.1314,47.5832,46.962,47.5738,1710216000,17590400.0,2024-03-12 04:00:00
47.1691,47.2067,46.9055,47.0937,1710302400,16669900.0,2024-03-13 04:00:00
46.8678,47.395,46.689,47.3197,1710388800,17239400.0,2024-03-14 04:00:00
46.0583,47.0279,46.0301,46.8678,1710475200,57049200.0,2024-03-15 04:00:00
46.3783,46.7455,46.1054,46.3313,1710734400,17406700.0,2024-03-18 04:00:00
46.256,46.689,46.096,46.2372,1710820800,19601100.0,2024-03-19 04:00:00
46.6419,46.6702,46.0677,46.1619,1710907200,18554100.0,2024-03-20 04:00:00
46.9525,47.2444,46.6513,46.7925,1710993600,26102900.0,2024-03-21 04:00:00
46.8584,47.1596,46.8019,47.1126,1711080000,15022900.0,2024-03-22 04:00:00
46.7643,46.8396,46.3972,46.6513,1711339200,16191200.0,2024-03-25 04:00:00
46.6419,46.8867,46.576,46.6419,1711425600,13842900.0,2024-03-26 04:00:00
46.849,46.9714,46.5101,46.849,1711512000,17231000.0,2024-03-27 04:00:00
46.9808,47.2538,46.8867,46.962,1711598400,18139700.0,2024-03-28 04:00:00
47.1032,47.2538,46.9431,47.0279,1711944000,15138100.0,2024-04-01 04:00:00
46.4631,47.1502,46.2654,47.0279,1712030400,16414400.0,2024-04-02 04:00:00
46.2543,46.7098,46.1784,46.3112,1712116800,22210000.0,2024-04-03 04:00:00
45.6564,47.023,45.59,46.5864,1712203200,17374000.0,2024-04-04 04:00:00
46.074,46.1879,45.4476,45.5141,1712289600,18661300.0,2024-04-05 04:00:00
45.7798,46.1784,45.7039,45.7323,1712548800,15375700.0,2024-04-08 04:00:00
47.4595,47.6398,46.0455,46.3492,1712635200,26686600.0,2024-04-09 04:00:00
46.7003,47.2318,46.3207,47.1938,1712721600,20026400.0,2024-04-10 04:00:00
47.004,47.0609,46.501,46.8047,1712808000,15703900.0,2024-04-11 04:00:00
46.017,46.7193,45.9696,46.7003,1712894400,16418100.0,2024-04-12 04:00:00
45.7798,47.2508,45.7418,47.1843,1713153600,20310800.0,2024-04-15 04:00:00
45.4761,46.036,45.4002,45.9981,1713240000,14233400.0,2024-04-16 04:00:00
45.3527,45.8177,45.2768,45.552,1713326400,14407600.0,2024-04-17 04:00:00
45.6564,45.9411,45.4381,45.9411,1713412800,13080900.0,2024-04-18 04:00:00
45.8557,45.9601,45.5805,45.9221,1713499200,20964400.0,2024-04-19 04:00:00
45.6849,46.1119,45.552,46.017,1713758400,20135700.0,2024-04-22 04:00:00
45.8557,45.9886,45.609,45.6849,1713844800,16261700.0,2024-04-23 04:00:00
45.8842,45.9127,45.4761,45.5995,1713931200,14828500.0,2024-04-24 04:00:00
45.6469,46.4346,45.4097,46.2922,1714017600,18790900.0,2024-04-25 04:00:00
45.4192,45.8177,45.1819,45.2104,1714104000,14658900.0,2024-04-26 04:00:00
45.3432,45.8462,45.1534,45.5425,1714363200,11599500.0,2024-04-29 04:00:00
44.584,45.2578,44.5746,45.1819,1714449600,18535400.0,2024-04-30 04:00:00
44.4512,45.144,44.2994,44.3183,1714536000,18266400.0,2024-05-01 04:00:00
44.4037,44.7169,44.2234,44.6315,1714622400,15441700.0,2024-05-02 04:00:00
44.7169,44.9826,44.4512,44.6979,1714708800,17935300.0,2024-05-03 04:00:00
44.7074,45.0206,44.5746,44.8118,1714968000,14163000.0,2024-05-06 04:00:00
44.8687,45.0396,44.6125,44.8023,1715054400,14308200.0,2024-05-07 04:00:00
45.552,45.6849,44.8403,45.0206,1715140800,15130200.0,2024-05-08 04:00:00
45.3527,45.6374,45.2199,45.552,1715227200,12449300.0,2024-05-09 04:00:00
45.609,45.6469,45.2673,45.552,1715313600,12096900.0,2024-05-10 04:00:00
46.1973,46.3302,45.7703,45.8462,1715572800,15149100.0,2024-05-13 04:00:00
46.4536,46.6718,45.8842,46.482,1715659200,17379700.0,2024-05-14 04:00:00
47.1369,47.1938,46.2448,46.6813,1715745600,37342100.0,2024-05-15 04:00:00
45.8747,47.5544,45.7134,47.526,1715832000,47829400.0,2024-05-16 04:00:00
45.7134,46.0835,45.6564,45.7988,1715918400,22020300.0,2024-05-17 04:00:00
44.7264,45.6185,44.6125,45.552,1716177600,22040700.0,2024-05-20 04:00:00
44.5461,44.7454,44.2329,44.7169,1716264000,25172200.0,2024-05-21 04:00:00
45.0111,45.4002,44.641,44.6979,1716350400,19940600.0,2024-05-22 04:00:00
44.2234,44.7833,44.138,44.7454,1716436800,18837500.0,2024-05-23 04:00:00
44.0526,44.4132,44.0146,44.2519,1716523200,11941100.0,2024-05-24 04:00:00
43.9197,44.4986,43.635,43.7964,1716868800,18178800.0,2024-05-28 04:00:00
43.7299,43.9672,43.5117,43.5591,1716955200,16001100.0,2024-05-29 04:00:00
43.7679,44.0906,43.654,43.7489,1717041600,19894200.0,2024-05-30 04:00:00
44.1285,44.195,43.6635,43.7869,1717128000,39269100.0,2024-05-31 04:00:00
44.2709,44.3848,43.9197,44.3373,1717387200,23295000.0,2024-06-03 04:00:00
45.0016,45.1724,44.138,44.2709,1717473600,23330300.0,2024-06-04 04:00:00
43.673,45.2009,43.3124,45.0965,1717560000,28746400.0,2024-06-05 04:00:00
43.8723,44.0241,43.4452,43.5971,1717646400,15456100.0,2024-06-06 04:00:00
43.5022,43.9292,43.4547,43.6066,1717732800,15734600.0,2024-06-07 04:00:00
43.5117,43.5212,42.9613,43.4642,1717992000,13400400.0,2024-06-10 04:00:00
43.4358,43.5876,43.0467,43.3598,1718078400,17450700.0,2024-06-11 04:00:00
43.2934,43.73,43.0751,43.6445,1718164800,16803100.0,2024-06-12 04:00:00
43.1985,43.227,42.8189,43.1036,1718251200,16149000.0,2024-06-13 04:00:00
43.3503,43.3788,42.6766,43.0087,1718337600,15274200.0,2024-06-14 04:00:00
43.3598,43.3788,42.6576,43.0846,1718596800,16382000.0,2024-06-17 04:00:00
43.6256,43.6445,43.1795,43.1795,1718683200,17627000.0,2024-06-18 04:00:00
44.3373,44.4797,43.5212,43.5686,1718856000,25613200.0,2024-06-20 04:00:00
44.8782,45.4002,44.6505,44.6979,1718942400,64967000.0,2024-06-21 04:00:00
44.8687,45.3432,44.622,45.068,1719201600,19136200.0,2024-06-24 04:00:00
44.9636,45.3812,44.5935,44.8593,1719288000,17615800.0,2024-06-25 04:00:00
44.4702,44.9921,44.4132,44.66,1719374400,13981300.0,2024-06-26 04:00:00
45.0301,45.087,44.3848,44.3943,1719460800,16541900.0,2024-06-27 04:00:00
45.087,45.4192,44.9257,45.125,1719547200,23921100.0,2024-06-28 04:00:00
45.0965,45.4002,44.9352,45.0586,1719806400,17776000.0,2024-07-01 04:00:00
44.8687,45.3527,44.5651,44.9826,1719892800,19794200.0,2024-07-02 04:00:00
44.6884,45.0965,44.641,44.7454,1719979200,8118300.0,2024-07-03 04:00:00
44.6502,44.7554,44.3247,44.4396,1720152000,14692600.0,2024-07-05 04:00:00
44.0854,44.7746,43.9802,44.363,1720411200,19320900.0,2024-07-08 04:00:00
43.8366,44.1237,43.693,44.028,1720497600,17343400.0,2024-07-09 04:00:00
44.2864,44.3056,43.8653,44.0854,1720584000,18737300.0,2024-07-10 04:00:00
44.7554,44.899,44.2003,44.2003,1720670400,19741200.0,2024-07-11 04:00:00
45.3489,45.8083,44.6502,44.7746,1720756800,20936100.0,2024-07-12 04:00:00
45.368,45.4541,44.7842,45.3776,1721016000,15925900.0,2024-07-15 04:00:00
45.3871,45.9136,45.1957,45.4159,1721102400,17037300.0,2024-07-16 04:00:00
46.44,46.6506,45.3201,45.4254,1721188800,26638700.0,2024-07-17 04:00:00
45.9806,46.5548,45.9231,46.0859,1721275200,18462500.0,2024-07-18 04:00:00
45.2914,46.038,45.1191,46.0284,1721361600,18289200.0,2024-07-19 04:00:00
44.8129,45.3489,44.765,45.2914,1721620800,19899400.0,2024-07-22 04:00:00
44.3726,44.7746,44.3534,44.7459,1721707200,16372000.0,2024-07-23 04:00:00
44.8416,45.0234,44.2577,44.5449,1721793600,25318200.0,2024-07-24 04:00:00
45.2149,46.1241,45.0426,45.3393,1721880000,20631200.0,2024-07-25 04:00:00
45.8274,45.9518,45.2149,45.2914,1721966400,16104900.0,2024-07-26 04:00:00
45.9327,46.1433,45.4063,45.77,1722225600,11475700.0,2024-07-29 04:00:00
46.0763,46.4687,45.837,46.1241,1722312000,20166000.0,2024-07-30 04:00:00
46.373,46.6793,46.172,46.3347,1722398400,19953600.0,2024-07-31 04:00:00
45.3584,46.6314,45.1766,46.5357,1722484800,18837500.0,2024-08-01 04:00:00
44.6597,45.703,44.363,45.636,1722571200,24000200.0,2024-08-02 04:00:00
42.822,44.6789,42.7742,44.5544,1722830400,29669600.0,2024-08-05 04:00:00
43.224,43.7792,42.7263,42.8316,1722916800,20524000.0,2024-08-06 04:00:00
43.1857,44.229,43.157,43.4729,1723003200,18301100.0,2024-08-07 04:00:00
43.8653,44.2864,43.3389,43.3389,1723089600,18369100.0,2024-08-08 04:00:00
43.5207,44.0854,43.3006,43.7409,1723176000,21217600.0,2024-08-09 04:00:00
42.9369,43.7792,42.5923,43.5782,1723435200,20289500.0,2024-08-12 04:00:00
43.425,43.4442,42.9656,43.0517,1723521600,20976900.0,2024-08-13 04:00:00
43.492,43.7792,43.1092,43.2049,1723608000,30675600.0,2024-08-14 04:00:00
46.4496,48.1245,46.0954,46.6601,1723694400,45976400.0,2024-08-15 04:00:00
47.3397,47.5981,46.4208,46.5548,1723780800,27424900.0,2024-08-16 04:00:00
47.8374,47.847,47.1865,47.2153,1724040000,16436600.0,2024-08-19 04:00:00
48.0863,48.2107,47.4737,47.8374,1724126400,18697300.0,2024-08-20 04:00:00
48.2873,48.383,47.8853,48.1341,1724212800,21177600.0,2024-08-21 04:00:00
48.0671,48.7467,48.0288,48.5457,1724299200,19143100.0,2024-08-22 04:00:00
48.5648,48.5935,48.1628,48.3447,1724385600,16474100.0,2024-08-23 04:00:00
48.6127,48.8328,48.5457,48.6127,1724644800,12016800.0,2024-08-26 04:00:00
48.5361,48.6605,48.2394,48.4978,1724731200,10243900.0,2024-08-27 04:00:00
47.713,48.4021,47.2918,48.2873,1724817600,14571400.0,2024-08-28 04:00:00
48.2298,48.6414,47.7417,47.8278,1724904000,16324100.0,2024-08-29 04:00:00
48.3734,48.517,47.9235,48.383,1724990400,15615800.0,2024-08-30 04:00:00
47.914,48.3351,47.7608,48.1533,1725336000,14918600.0,2024-09-03 04:00:00
47.5694,47.8948,47.4545,47.6843,1725422400,16411700.0,2024-09-04 04:00:00
47.0238,47.5216,46.842,47.378,1725508800,16312000.0,2024-09-05 04:00:00
46.4208,47.1196,46.1337,46.775,1725595200,21040500.0,2024-09-06 04:00:00
46.6123,47.043,46.1911,46.3921,1725854400,18677600.0,2024-09-09 04:00:00
46.6984,46.8707,46.3634,46.6984,1725940800,11754700.0,2024-09-10 04:00:00
47.0047,47.1004,45.7987,46.6601,1726027200,15106600.0,2024-09-11 04:00:00
47.4833,47.512,46.7654,46.9855,1726113600,13229500.0,2024-09-12 04:00:00
47.6651,47.914,47.5407,47.6077,1726200000,10168900.0,2024-09-13 04:00:00
48.8424,48.8807,47.646,47.7417,1726459200,16668200.0,2024-09-16 04:00:00
48.4404,49.2157,48.4021,48.8328,1726545600,13230300.0,2024-09-17 04:00:00
48.4021,48.9477,48.115,48.2298,1726632000,12697700.0,2024-09-18 04:00:00
49.2348,49.5028,48.9572,49.2061,1726718400,16274000.0,2024-09-19 04:00:00
49.7421,50.0867,49.2157,49.2444,1726804800,44096600.0,2024-09-20 04:00:00
49.9527,50.1919,49.6655,49.8282,1727064000,18343400.0,2024-09-23 04:00:00
50.2685,50.3164,49.7804,49.9718,1727150400,26479300.0,2024-09-24 04:00:00
50.3929,50.4695,50.1249,50.3164,1727236800,22422200.0,2024-09-25 04:00:00
50.5844,51.0055,50.4982,50.7279,1727323200,18374000.0,2024-09-26 04:00:00
50.7471,50.9385,50.5939,50.7662,1727409600,13868300.0,2024-09-27 04:00:00
50.9385,51.0246,50.3929,50.7471,1727668800,17807500.0,2024-09-30 04:00:00
50.4791,50.9194,50.0675,50.8332,1727755200,16621800.0,2024-10-01 04:00:00
50.7491,50.9613,50.2765,50.5369,1727841600,11071300.0,2024-10-02 04:00:00
50.5659,50.7877,50.3055,50.3344,1727928000,11029100.0,2024-10-03 04:00:00
50.8745,51.0288,50.5466,50.9227,1728014400,11724100.0,2024-10-04 04:00:00
50.643,50.9709,50.508,50.7106,1728273600,10941700.0,2024-10-07 04:00:00
50.8552,50.8938,50.3441,50.7684,1728360000,12365000.0,2024-10-08 04:00:00
51.6557,51.7714,50.672,50.7781,1728446400,10586100.0,2024-10-09 04:00:00
51.6364,51.8968,51.5207,51.7907,1728532800,9377500.0,2024-10-10 04:00:00
52.3212,52.3983,51.6171,51.6171,1728619200,12704500.0,2024-10-11 04:00:00
52.3405,52.4755,51.8775,52.379,1728878400,11428600.0,2024-10-14 04:00:00
52.1572,52.6684,52.0029,52.4851,1728964800,20066300.0,2024-10-15 04:00:00
54.3754,54.4044,52.8806,53.0445,1729051200,32382300.0,2024-10-16 04:00:00
54.3947,54.5683,53.8643,54.3754,1729137600,18383400.0,2024-10-17 04:00:00
54.7419,54.848,54.2115,54.4044,1729224000,17679800.0,2024-10-18 04:00:00
54.578,55.0313,54.5008,54.6744,1729483200,14083600.0,2024-10-21 04:00:00
54.5876,54.877,53.8739,54.009,1729569600,14956300.0,2024-10-22 04:00:00
54.279,54.578,53.9993,54.1633,1729656000,18723000.0,2024-10-23 04:00:00
53.9704,54.5394,53.8257,54.3754,1729742400,14699600.0,2024-10-24 04:00:00
53.7582,54.6166,53.6907,54.2501,1729828800,14680500.0,2024-10-25 04:00:00
53.3145,53.9897,53.247,53.9125,1730088000,12912300.0,2024-10-28 04:00:00
53.7003,54.115,53.3049,53.4014,1730174400,18810100.0,2024-10-29 04:00:00
53.6135,54.0475,53.4013,53.5942,1730260800,13284300.0,2024-10-30 04:00:00
52.8227,53.5364,52.7648,53.4592,1730347200,22023400.0,2024-10-31 04:00:00
53.5267,53.8257,52.5912,52.7938,1730433600,19235600.0,2024-11-01 04:00:00
53.845,53.9222,53.1602,53.4785,1730696400,13269900.0,2024-11-04 05:00:00
54.1633,54.2694,53.5267,53.9125,1730782800,10183600.0,2024-11-05 05:00:00
55.8125,56.0246,54.9348,55.1566,1730869200,20506000.0,2024-11-06 05:00:00
56.015,56.2272,55.4942,55.745,1730955600,17880200.0,2024-11-07 05:00:00
55.9957,56.1307,55.6099,56.0246,1731042000,17517700.0,2024-11-08 05:00:00
56.5454,57.2688,56.285,56.9023,1731301200,17827000.0,2024-11-11 05:00:00
56.6226,56.9409,56.3526,56.6708,1731387600,16609400.0,2024-11-12 05:00:00
57.0759,57.1723,55.7835,56.0825,1731474000,36350600.0,2024-11-13 05:00:00
55.8607,56.8926,55.4749,56.8926,1731560400,33747700.0,2024-11-14 05:00:00
55.417,56.0343,55.1952,55.4074,1731646800,28173700.0,2024-11-15 05:00:00
55.2724,55.9282,55.1952,55.5038,1731906000,23769300.0,2024-11-18 05:00:00
54.983,55.012,54.3465,54.6648,1731992400,17476200.0,2024-11-19 05:00:00
55.4556,55.4556,54.5973,54.8191,1732078800,15345000.0,2024-11-20 05:00:00
55.5135,55.8703,55.0698,55.2531,1732165200,16162400.0,2024-11-21 05:00:00
56.4683,56.613,55.417,55.5424,1732251600,14952100.0,2024-11-22 05:00:00
56.6515,56.8637,56.1886,56.5647,1732510800,52408200.0,2024-11-25 05:00:00
57.4713,57.5195,56.8444,56.9023,1732597200,14209700.0,2024-11-26 05:00:00
57.182,57.7414,56.8348,57.4906,1732683600,12703300.0,2024-11-27 05:00:00
57.1048,57.4713,56.9409,56.9698,1732856400,11618400.0,2024-11-29 05:00:00
57.317,57.5774,57.0373,57.1434,1733115600,15977400.0,2024-12-02 05:00:00
57.3652,57.4134,57.0662,57.317,1733202000,11746000.0,2024-12-03 05:00:00
57.5002,57.7124,57.1627,57.5195,1733288400,16872100.0,2024-12-04 05:00:00
57.886,58.0886,57.5774,57.6642,1733374800,19121700.0,2024-12-05 05:00:00
57.7606,57.9439,57.6449,57.8667,1733461200,14622700.0,2024-12-06 05:00:00
56.8541,57.751,56.7673,57.7028,1733720400,16517500.0,2024-12-09 05:00:00
56.6322,56.7673,56.0632,56.4201,1733806800,14480200.0,2024-12-10 05:00:00
56.5069,56.8637,56.2368,56.7866,1733893200,26842900.0,2024-12-11 05:00:00
56.7576,57.616,56.5454,56.6033,1733979600,17704600.0,2024-12-12 05:00:00
56.5358,56.8444,56.3043,56.5358,1734066000,14129700.0,2024-12-13 05:00:00
56.2754,56.4104,55.7932,56.3911,1734325200,26883200.0,2024-12-16 05:00:00
56.4394,56.9698,56.1018,56.3043,1734411600,24912500.0,2024-12-17 05:00:00
55.4845,56.6226,55.4363,56.6226,1734498000,24195100.0,2024-12-18 05:00:00
55.581,56.0729,55.3013,55.3495,1734584400,21947800.0,2024-12-19 05:00:00
56.4394,56.6901,55.2338,55.5231,1734670800,69544600.0,2024-12-20 05:00:00
56.883,56.9216,56.0536,56.0632,1734930000,18671200.0,2024-12-23 05:00:00
57.7221,57.7221,56.7094,56.7094,1735016400,9922300.0,2024-12-24 05:00:00
57.8474,57.9246,57.2881,57.5002,1735189200,8524500.0,2024-12-26 05:00:00
57.4906,57.886,57.0373,57.452,1735275600,13021400.0,2024-12-27 05:00:00
57.0855,57.2784,56.3333,56.9891,1735534800,12948100.0,2024-12-30 05:00:00
57.0952,57.2688,56.6805,57.1145,1735621200,14173000.0,2024-12-31 05:00:00
56.9987,57.5581,56.4876,57.1627,1735794000,16144300.0,2025-01-02 05:00:00
57.1541,57.4551,56.6686,57.1347,1735880400,18859000.0,2025-01-03 05:00:00
57.0667,57.8532,56.8919,57.2026,1736139600,18543300.0,2025-01-06 05:00:00
57.2221,57.5328,56.9502,57.2609,1736226000,16863800.0,2025-01-07 05:00:00
57.4842,57.5231,56.5812,57.1832,1736312400,14400300.0,2025-01-08 05:00:00
57.0376,57.3483,56.8434,57.0861,1736485200,17274500.0,2025-01-10 05:00:00
57.057,57.2221,56.4841,57.2124,1736744400,19340700.0,2025-01-13 05:00:00
57.6105,57.6202,57.0473,57.2609,1736830800,16715500.0,2025-01-14 05:00:00
58.2416,58.5912,57.8629,58.1251,1736917200,19185100.0,2025-01-15 05:00:00
58.0863,58.698,58.0474,58.4358,1737003600,18445700.0,2025-01-16 05:00:00
58.4844,59.1835,58.4553,58.999,1737090000,23876400.0,2025-01-17 05:00:00
59.2612,59.5525,58.5329,58.7174,1737435600,18623800.0,2025-01-21 05:00:00
59.8438,59.97,59.2224,59.2709,1737522000,19436600.0,2025-01-22 05:00:00
60.4264,60.5138,59.6011,60.0089,1737608400,14212000.0,2025-01-23 05:00:00
60.4264,60.4847,60.0672,60.2614,1737694800,17232900.0,2025-01-24 05:00:00
57.3677,59.6787,57.057,59.6108,1737954000,33730300.0,2025-01-27 05:00:00
57.7076,57.8338,57.2124,57.3095,1738040400,25473300.0,2025-01-28 05:00:00
57.8241,58.7854,57.7853,58.2125,1738126800,17925300.0,2025-01-29 05:00:00
58.7174,59.3098,58.5038,58.7174,1738213200,17079000.0,2025-01-30 05:00:00
58.8437,59.4166,58.7077,58.7757,1738299600,16554200.0,2025-01-31 05:00:00
59.2709,59.4845,57.8241,58.4455,1738558800,20375700.0,2025-02-03 05:00:00
59.5622,59.805,58.9699,59.0767,1738645200,12742700.0,2025-02-04 05:00:00
60.7566,60.8925,59.5234,59.669,1738731600,18997400.0,2025-02-05 05:00:00
60.4653,61.0867,60.2711,60.9993,1738818000,15521800.0,2025-02-06 05:00:00
60.4653,61.4169,60.407,60.9216,1738904400,23861000.0,2025-02-07 05:00:00
60.9896,61.3198,60.5721,61.2906,1739163600,15816200.0,2025-02-10 05:00:00
60.6206,60.9799,60.3779,60.7177,1739250000,17702500.0,2025-02-11 05:00:00
60.7177,60.7469,59.4263,59.6593,1739336400,30116300.0,2025-02-12 05:00:00
61.9898,64.5727,60.9022,64.1843,1739422800,43257700.0,2025-02-13 05:00:00
62.9899,63.1841,61.6014,61.9412,1739509200,23693300.0,2025-02-14 05:00:00
62.718,64.3299,62.5627,63.4074,1739854800,22047500.0,2025-02-18 05:00:00
62.9608,63.0773,62.4267,62.65,1739941200,14164100.0,2025-02-19 05:00:00
62.7957,63.3395,62.4073,63.0773,1740027600,14836600.0,2025-02-20 05:00:00
62.1257,63.0773,62.0286,62.8054,1740114000,18905800.0,2025-02-21 05:00:00
61.4072,62.7083,61.3198,62.5627,1740373200,17287500.0,2025-02-24 05:00:00
62.4073,62.7666,61.4848,62.7277,1740459600,22100100.0,2025-02-25 05:00:00
62.2228,62.9025,62.0869,62.1937,1740546000,13452300.0,2025-02-26 05:00:00
61.9606,63.3977,61.9024,62.8928,1740632400,24695600.0,2025-02-27 05:00:00
62.2519,62.3005,61.009,62.0772,1740718800,26711800.0,2025-02-28 05:00:00
61.6402,62.9996,61.3586,62.5238,1740978000,21810700.0,2025-03-03 05:00:00
61.4266,62.0577,60.7954,61.8927,1741064400,24588300.0,2025-03-04 05:00:00
62.1063,62.3199,60.9799,61.3974,1741150800,14931500.0,2025-03-05 05:00:00
61.5722,62.1645,60.9411,61.9509,1741237200,23155100.0,2025-03-06 05:00:00
62.0869,62.3102,60.3876,61.077,1741323600,21154800.0,2025-03-07 05:00:00
60.2614,61.8441,59.8924,61.6402,1741579200,27417600.0,2025-03-10 04:00:00
58.9116,60.5721,58.7757,60.475,1741665600,25787400.0,2025-03-11 04:00:00
58.7077,59.4069,58.5038,59.1932,1741752000,18935300.0,2025-03-12 04:00:00
57.9406,58.7369,57.5134,58.6592,1741838400,16463300.0,2025-03-13 04:00:00
58.7466,58.8631,58.1834,58.5718,1741924800,16250700.0,2025-03-14 04:00:00
59.1253,59.436,58.5912,58.6495,1742184000,15335800.0,2025-03-17 04:00:00
58.5524,59.0379,57.9406,58.9116,1742270400,16669000.0,2025-03-18 04:00:00
59.3486,59.7953,58.7466,58.8728,1742356800,15488800.0,2025-03-19 04:00:00
58.8631,59.2515,58.5912,58.7271,1742443200,16528600.0,2025-03-20 04:00:00
58.5524,58.6495,57.7076,58.4261,1742529600,65935200.0,2025-03-21 04:00:00
59.2029,59.6011,59.1155,59.2709,1742788800,28335600.0,2025-03-24 04:00:00
59.2224,59.436,58.9408,59.0767,1742875200,20877600.0,2025-03-25 04:00:00
60.0089,60.0477,59.2418,59.2612,1742961600,30621200.0,2025-03-26 04:00:00
59.6205,60.1837,59.5525,60.0963,1743048000,25720200.0,2025-03-27 04:00:00
59.0961,59.9895,58.7563,59.8729,1743134400,24931700.0,2025-03-28 04:00:00
59.9215,60.106,58.4941,58.8728,1743393600,29335700.0,2025-03-31 04:00:00
60.0089,60.2419,59.2903,59.6011,1743480000,17381400.0,2025-04-01 04:00:00
60.0283,60.0769,59.3292,59.4263,1743566400,18610700.0,2025-04-02 04:00:00
56.0206,58.5718,55.9717,58.044,1743652800,40006300.0,2025-04-03 04:00:00
53.3129,56.177,53.2151,55.3852,1743739200,42924400.0,2025-04-04 04:00:00
53.1858,54.8573,50.9376,52.179,1743998400,46816200.0,2025-04-07 04:00:00
51.9933,54.613,51.5338,53.5084,1744084800,37377000.0,2025-04-08 04:00:00
56.8221,57.1154,51.4849,51.8857,1744171200,53380800.0,2025-04-09 04:00:00
55.3168,56.6364,53.7625,56.5191,1744257600,31964600.0,2025-04-10 04:00:00
56.0401,56.4995,55.0137,55.395,1744344000,23036900.0,2025-04-11 04:00:00
56.1183,56.9003,55.8153,56.5875,1744603200,15657700.0,2025-04-14 04:00:00
55.913,56.607,55.7762,56.5679,1744689600,18543600.0,2025-04-15 04:00:00
54.5054,55.7957,54.1731,55.2972,1744776000,20551300.0,2025-04-16 04:00:00
54.5054,55.1408,54.437,54.9355,1744862400,15910400.0,2025-04-17 04:00:00
53.1467,54.0851,52.6189,53.9189,1745208000,15578800.0,2025-04-21 04:00:00
53.8016,54.0362,53.3618,53.9776,1745294400,19961800.0,2025-04-22 04:00:00
54.3784,55.698,54.2513,54.8867,1745380800,30231500.0,2025-04-23 04:00:00
55.0235,55.2972,53.9189,54.0558,1745467200,22782300.0,2025-04-24 04:00:00
55.4341,55.5025,54.8085,54.9453,1745553600,16493500.0,2025-04-25 04:00:00
55.5611,56.0401,55.1506,55.2581,1745812800,23140600.0,2025-04-28 04:00:00
56.0499,56.1965,55.3559,55.4145,1745899200,13466000.0,2025-04-29 04:00:00
56.4311,56.607,55.1897,55.8153,1745985600,19921200.0,2025-04-30 04:00:00
56.8123,57.1545,56.3822,56.48,1746072000,16420800.0,2025-05-01 04:00:00
57.9951,58.0831,57.4184,57.7312,1746158400,18753200.0,2025-05-02 04:00:00
57.9853,58.3079,57.5552,57.6725,1746417600,14758500.0,2025-05-05 04:00:00
57.8876,58.1711,57.262,57.3109,1746504000,13766500.0,2025-05-06 04:00:00
58.2297,58.5523,57.741,57.868,1746590400,14078300.0,2025-05-07 04:00:00
58.3666,58.9237,58.0929,58.6109,1746676800,16196700.0,2025-05-08 04:00:00
58.4252,59.4614,58.1026,59.2952,1746763200,17480700.0,2025-05-09 04:00:00
60.2825,60.4584,59.7448,60.2238,1747022400,23700000.0,2025-05-12 04:00:00
60.39,60.8396,60.2238,60.2922,1747108800,18591200.0,2025-05-13 04:00:00
59.911,60.478,59.4809,60.2434,1747195200,34509200.0,2025-05-14 04:00:00
62.8142,64.2707,61.5043,61.651,1747281600,60718000.0,2025-05-15 04:00:00
62.1886,62.5894,61.563,62.4721,1747368000,30289900.0,2025-05-16 04:00:00
62.4818,62.6871,61.7585,62.0029,1747627200,16249000.0,2025-05-19 04:00:00
61.9931,62.4134,61.651,62.3059,1747713600,14995200.0,2025-05-20 04:00:00
61.778,62.4721,61.5532,61.5728,1747800000,15595900.0,2025-05-21 04:00:00
61.9344,62.2863,61.5337,61.9833,1747886400,15641100.0,2025-05-22 04:00:00
61.6901,61.7976,61.1231,61.2991,1747972800,15645400.0,2025-05-23 04:00:00
62.3157,62.5503,61.9149,62.3254,1748318400,17429400.0,2025-05-27 04:00:00
61.9149,62.5503,61.8269,62.4525,1748404800,13814500.0,2025-05-28 04:00:00
61.6314,62.3059,61.084,62.2961,1748491200,13982800.0,2025-05-29 04:00:00
61.6216,61.7585,60.8983,61.5043,1748577600,25829000.0,2025-05-30 04:00:00
62.4134,62.4427,61.2991,61.3186,1748836800,15816000.0,2025-06-02 04:00:00
62.9119,63.0097,62.2863,62.3645,1748923200,15156900.0,2025-06-03 04:00:00
62.9413,63.43,62.9022,63.2052,1749009600,14770900.0,2025-06-04 04:00:00
63.1661,63.4496,62.8337,63.0292,1749096000,17025200.0,2025-06-05 04:00:00
64.5737,64.6714,63.7624,63.8503,1749182400,20943800.0,2025-06-06 04:00:00
64.4173,64.8669,64.1143,64.6226,1749441600,13689800.0,2025-06-09 04:00:00
63.6842,64.5932,63.3518,64.5248,1749528000,17214900.0,2025-06-10 04:00:00
62.7458,63.6842,62.433,63.6451,1749614400,20442600.0,2025-06-11 04:00:00
63.6353,63.7428,62.6676,62.8728,1749700800,15160800.0,2025-06-12 04:00:00
62.648,63.2638,62.4916,63.1368,1749787200,14635000.0,2025-06-13 04:00:00
64.0361,64.1338,63.3909,63.7233,1750046400,16957700.0,2025-06-16 04:00:00
63.8601,64.6617,63.5571,64.1631,1750132800,18845200.0,2025-06-17 04:00:00
64.3586,64.8474,63.909,64.212,1750219200,22664200.0,2025-06-18 04:00:00
64.8278,65.1504,64.2413,64.994,1750392000,50421700.0,2025-06-20 04:00:00
65.864,65.9715,64.7203,64.8572,1750651200,34030000.0,2025-06-23 04:00:00
66.3625,66.5091,65.8444,66.255,1750737600,23162700.0,2025-06-24 04:00:00
66.6558,66.9881,66.255,66.3234,1750824000,19395700.0,2025-06-25 04:00:00
67.3987,67.6039,66.8806,67.1738,1750910400,23154000.0,2025-06-26 04:00:00
67.1054,67.6626,66.8024,67.3205,1750996800,26224600.0,2025-06-27 04:00:00
67.819,68.21,67.2032,67.2814,1751256000,32561200.0,2025-06-30 04:00:00
67.5453,67.9852,67.0956,67.819,1751342400,21939500.0,2025-07-01 04:00:00
67.0468,67.3889,66.646,67.1347,1751428800,16655200.0,2025-07-02 04:00:00
68.217,68.3153,67.0468,67.0468,1751515200,17973500.0,2025-07-03 04:00:00
67.7843,68.1482,67.4696,67.9318,1751860800,23985200.0,2025-07-07 04:00:00
67.4499,67.7745,67.2139,67.6565,1751947200,21182600.0,2025-07-08 04:00:00
68.1186,68.1678,67.1746,67.4008,1752033600,23765900.0,2025-07-09 04:00:00
67.6171,68.2366,67.4204,68.1088,1752120000,15005300.0,2025-07-10 04:00:00
66.8206,67.3614,66.5649,67.1549,1752206400,14699400.0,2025-07-11 04:00:00
66.6927,66.8993,66.083,66.7026,1752465600,16451400.0,2025-07-14 04:00:00
66.0634,66.7517,66.0339,66.5551,1752552000,13944600.0,2025-07-15 04:00:00
66.2502,66.4371,65.8667,66.0339,1752638400,15156100.0,2025-07-16 04:00:00
67.1648,67.3319,66.3879,66.4272,1752724800,20400000.0,2025-07-17 04:00:00
66.9189,67.6958,66.8304,67.6368,1752811200,16145100.0,2025-07-18 04:00:00
67.2041,67.4795,66.6632,66.7714,1753070400,14674200.0,2025-07-21 04:00:00
67.0271,67.4598,66.9484,67.2041,1753156800,14527200.0,2025-07-22 04:00:00
67.4794,67.686,66.9287,67.2139,1753243200,13042300.0,2025-07-23 04:00:00
67.1549,67.4499,66.7911,67.2238,1753329600,13534000.0,2025-07-24 04:00:00
67.5483,67.6761,66.9386,67.2434,1753416000,11590000.0,2025-07-25 04:00:00
66.7911,66.8304,66.2502,66.6239,1753675200,20558400.0,2025-07-28 04:00:00
66.8304,67.5778,66.7026,67.0959,1753761600,15261800.0,2025-07-29 04:00:00
67.1451,67.4401,66.2306,66.7124,1753848000,15518200.0,2025-07-30 04:00:00
66.9484,68.0006,66.7517,67.1746,1753934400,18529200.0,2025-07-31 04:00:00
65.9945,66.4862,65.4143,66.3879,1754020800,21650000.0,2025-08-01 04:00:00
67.3516,67.3713,66.4862,66.6436,1754280000,17052200.0,2025-08-04 04:00:00
66.3977,67.7253,66.3191,67.5483,1754366400,15434500.0,2025-08-05 04:00:00
68.0596,68.1973,66.6436,66.8304,1754452800,23107800.0,2025-08-06 04:00:00
68.7382,68.9742,68.0596,68.6398,1754539200,22579600.0,2025-08-07 04:00:00
70.5968,70.8229,69.0529,69.0725,1754625600,31662400.0,2025-08-08 04:00:00
69.4954,71.3441,69.1709,71.0983,1754884800,28911400.0,2025-08-11 04:00:00
70.1936,70.3116,69.3872,69.6134,1754971200,21912100.0,2025-08-12 04:00:00
69.2299,70.8328,69.0824,70.6656,1755057600,38096400.0,2025-08-13 04:00:00
68.1481,69.4364,66.3584,66.8698,1755144000,39317300.0,2025-08-14 04:00:00
65.0997,67.509,64.7653,67.3123,1755230400,40877300.0,2025-08-15 04:00:00
65.8372,65.9945,64.6572,64.9817,1755489600,20903400.0,2025-08-18 04:00:00
65.6504,66.3977,65.375,65.6504,1755576000,18746600.0,2025-08-19 04:00:00
65.9945,66.0732,65.434,65.7094,1755662400,14946400.0,2025-08-20 04:00:00
65.906,66.1027,65.3652,65.9847,1755748800,12456600.0,2025-08-21 04:00:00
66.201,66.9091,65.8962,66.2109,1755835200,16830600.0,2025-08-22 04:00:00
66.024,66.3781,65.9945,66.1617,1756094400,11724500.0,2025-08-25 04:00:00
67.2533,67.6073,65.9945,66.0535,1756180800,28307900.0,2025-08-26 04:00:00
67.3024,67.6073,67.0173,67.1844,1756267200,13876700.0,2025-08-27 04:00:00
68.276,68.4235,67.2139,67.2238,1756353600,15256000.0,2025-08-28 04:00:00
67.9416,68.3055,67.686,67.9613,1756440000,14953000.0,2025-08-29 04:00:00
66.6731,67.1844,66.2601,66.9779,1756785600,18928800.0,2025-09-02 04:00:00
66.5452,66.9976,66.2109,66.9189,1756872000,14320100.0,2025-09-03 04:00:00
66.8599,67.2729,66.2896,66.9681,1756958400,14388500.0,2025-09-04 04:00:00
65.788,66.9681,65.375,66.5944,1757044800,21050800.0,2025-09-05 04:00:00
65.7684,65.8962,65.2472,65.611,1757304000,14038000.0,2025-09-08 04:00:00
66.2207,66.3191,65.5324,65.6307,1757390400,11649400.0,2025-09-09 04:00:00
66.9976,67.1844,66.0044,66.4666,1757476800,14689500.0,2025-09-10 04:00:00
66.5649,67.4303,66.3879,67.1746,1757563200,17560800.0,2025-09-11 04:00:00
65.4242,66.2207,65.0308,65.7684,1757649600,18529200.0,2025-09-12 04:00:00
65.906,66.083,65.2472,65.4045,1757908800,16203100.0,2025-09-15 04:00:00
65.8175,66.2601,65.4439,65.906,1757995200,18019300.0,2025-09-16 04:00:00
66.5944,66.7517,65.2767,65.8864,1758081600,18652100.0,2025-09-17 04:00:00
67.5384,67.6171,66.3584,66.7714,1758168000,20279000.0,2025-09-18 04:00:00
67.0763,67.7745,66.0634,67.7745,1758254400,47822500.0,2025-09-19 04:00:00
66.6239,66.8698,66.1814,66.7321,1758513600,20396700.0,2025-09-22 04:00:00
66.4174,67.0861,65.9552,66.4567,1758600000,22240000.0,2025-09-23 04:00:00
66.201,66.7321,65.7782,66.5747,1758686400,17433100.0,2025-09-24 04:00:00
66.7222,67.1058,65.9945,66.2011,1758772800,22351700.0,2025-09-25 04:00:00
66.1027,66.7812,65.7389,66.7419,1758859200,15077400.0,2025-09-26 04:00:00
66.5944,66.8206,66.3191,66.5944,1759118400,14358300.0,2025-09-29 04:00:00
67.2828,67.627,66.5649,66.5846,1759204800,20498900.0,2025-09-30 04:00:00
67.6073,67.6761,66.5649,66.7714,1759291200,15530700.0,2025-10-01 04:00:00
67.1746,68.335,67.1254,68.0301,1759377600,15708300.0,2025-10-02 04:00:00
67.1944,67.8473,66.9273,67.2241,1759464000,11113200.0,2025-10-03 04:00:00
68.1738,68.2134,67.0856,67.7088,1759723200,21952700.0,2025-10-06 04:00:00
68.253,68.4805,67.7088,68.1837,1759809600,16493200.0,2025-10-07 04:00:00
69.5786,70.004,68.2628,69.0642,1759896000,34246300.0,2025-10-08 04:00:00
69.2126,69.8655,68.2925,69.5589,1759982400,21209500.0,2025-10-09 04:00:00
67.2142,70.0535,67.1647,69.6578,1760068800,20961500.0,2025-10-10 04:00:00
66.7393,68.154,66.4128,67.8177,1760328000,14127900.0,2025-10-13 04:00:00
67.9265,68.4211,66.0962,66.393,1760414400,15402000.0,2025-10-14 04:00:00
68.7773,69.549,68.0848,68.5695,1760500800,16260500.0,2025-10-15 04:00:00
68.3519,69.3214,67.8374,69.0345,1760587200,13950600.0,2025-10-16 04:00:00
69.3808,70.0139,68.2134,68.3222,1760673600,16286900.0,2025-10-17 04:00:00
69.8952,70.2118,69.3709,69.3709,1760932800,12183500.0,2025-10-20 04:00:00
69.9645,70.4789,69.6281,69.826,1761019200,15763300.0,2025-10-21 04:00:00
69.9051,70.2118,69.1038,70.103,1761105600,14967200.0,2025-10-22 04:00:00
69.5193,70.4789,69.4797,69.8458,1761192000,14614100.0,2025-10-23 04:00:00
69.8754,70.1821,69.3115,69.8853,1761278400,13075600.0,2025-10-24 04:00:00
70.6273,70.6966,69.6776,69.7864,1761537600,15986800.0,2025-10-27 04:00:00
71.8442,71.9035,70.2712,70.4393,1761624000,19896800.0,2025-10-28 04:00:00
70.568,72.042,70.1623,71.9035,1761710400,18020600.0,2025-10-29 04:00:00
72.1311,72.3289,70.5778,70.6075,1761796800,18101800.0,2025-10-30 04:00:00
72.3289,72.695,71.6562,71.9431,1761883200,24008000.0,2025-10-31 04:00:00
73.6546,74.0405,72.8335,73.8129,1762146000,21733400.0,2025-11-03 05:00:00
71.5474,73.1995,71.211,73.1105,1762232400,22345000.0,2025-11-04 05:00:00
71.3297,71.8046,70.5778,71.4484,1762318800,16113500.0,2025-11-05 05:00:00
70.2811,71.4583,69.9348,70.9439,1762405200,16469900.0,2025-11-06 05:00:00
70.3107,70.8252,69.7864,70.6273,1762491600,16913700.0,2025-11-07 05:00:00
71.3198,71.7255,70.3899,70.9934,1762750800,22201200.0,2025-11-10 05:00:00
70.9439,71.4781,70.3404,70.9736,1762837200,21412900.0,2025-11-11 05:00:00
73.1699,73.4172,70.9538,71.1418,1762923600,57591600.0,2025-11-12 05:00:00
76.5533,78.6507,75.8311,77.1172,1763010000,57638500.0,2025-11-13 05:00:00
77.1667,77.8295,75.0298,75.7619,1763096400,38819600.0,2025-11-14 05:00:00
76.9491,78.5419,76.6424,77.0579,1763355600,28720100.0,2025-11-17 05:00:00
76.5434,77.3646,75.6332,76.7215,1763442000,26025500.0,2025-11-18 05:00:00
77.5525,78.0868,76.3357,76.4742,1763528400,24759700.0,2025-11-19 05:00:00
74.6341,79.2047,74.5153,78.2747,1763614800,27381900.0,2025-11-20 05:00:00
75.287,76.118,74.6637,74.8319,1763701200,24428800.0,2025-11-21 05:00:00
75.4255,76.0587,74.8715,75.6728,1763960400,26691500.0,2025-11-24 05:00:00
75.5046,76.2367,75.2672,75.6728,1764046800,18818800.0,2025-11-25 05:00:00
75.2573,75.7817,74.5351,75.6431,1764133200,15972600.0,2025-11-26 05:00:00
76.118,76.1378,75.0001,75.3266,1764306000,7320900.0,2025-11-28 05:00:00
75.2276,75.9993,75.1188,75.8509,1764565200,15529600.0,2025-12-01 05:00:00
76.0488,76.1774,74.9506,75.3464,1764651600,14619100.0,2025-12-02 05:00:00
76.9194,76.9886,74.8418,75.7718,1764738000,16088400.0,2025-12-03 05:00:00
76.9293,77.0282,76.3456,76.86,1764824400,12572600.0,2025-12-04 05:00:00
77.137,77.3547,76.5731,77.137,1764910800,12579400.0,2025-12-05 05:00:00
78.0175,78.532,77.2854,77.3745,1765170000,17454500.0,2025-12-08 05:00:00
78.6606,79.0266,77.6713,77.9483,1765256400,15737500.0,2025-12-09 05:00:00
79.3927,79.9566,77.9582,77.9878,1765342800,21302700.0,2025-12-10 05:00:00
78.4231,79.5114,77.9878,79.3828,1765429200,18652300.0,2025-12-11 05:00:00
76.9688,78.71,76.8897,78.6111,1765515600,16672300.0,2025-12-12 05:00:00
77.414,77.8691,76.7116,77.3745,1765774800,17646000.0,2025-12-15 05:00:00
76.7215,77.7702,76.5533,77.2755,1765861200,17737200.0,2025-12-16 05:00:00
75.1881,77.3646,75.1089,77.0678,1765947600,26094400.0,2025-12-17 05:00:00
76.1279,76.9787,75.4453,75.5145,1766034000,19249400.0,2025-12-18 05:00:00
77.5822,78.3242,75.9696,76.1477,1766120400,84881900.0,2025-12-19 05:00:00
77.2755,78.3044,77.1271,78.1758,1766379600,18016100.0,2025-12-22 05:00:00
77.1865,77.2854,76.7611,76.7809,1766466000,16712600.0,2025-12-23 05:00:00
77.1865,77.4536,77.0183,77.1865,1766552400,9104400.0,2025-12-24 05:00:00
77.325,77.4437,77.0974,77.2656,1766725200,10158000.0,2025-12-26 05:00:00
76.9589,77.4635,76.6918,77.1964,1766984400,17941800.0,2025-12-29 05:00:00
76.583,76.9787,76.3456,76.9787,1767070800,13952200.0,2025-12-30 05:00:00
76.2071,76.9886,76.0587,76.5137,1767157200,13570500.0,2025-12-31 05:00:00
75.6302,76.5353,75.2025,76.2369,1767330000,15749800.0,2026-01-02 05:00:00
75.1727,76.3562,74.8047,76.038,1767589200,16328800.0,2026-01-05 05:00:00
74.8246,75.3219,74.4068,75.1229,1767675600,17017200.0,2026-01-06 05:00:00
74.3173,74.9737,73.8001,74.7151,1767762000,20347400.0,2026-01-07 05:00:00
73.5614,74.0587,73.1536,73.9095,1767848400,17192200.0,2026-01-08 05:00:00
73.4818,73.9294,72.9447,73.0541,1767934800,19104100.0,2026-01-09 05:00:00
73.6111,73.6509,72.4077,72.5171,1768194000,20985700.0,2026-01-12 05:00:00
75.0633,75.0931,73.4619,73.5912,1768280400,17809900.0,2026-01-13 05:00:00
74.009,74.7052,73.4221,74.5262,1768366800,17801300.0,2026-01-14 05:00:00
74.8444,75.6401,74.5063,74.8146,1768453200,18213000.0,2026-01-15 05:00:00
74.7848,75.5805,74.1979,75.2323,1768539600,25743300.0,2026-01-16 05:00:00
72.9547,74.4665,72.8154,74.1184,1768885200,23999700.0,2026-01-20 05:00:00
73.2929,73.9592,72.6165,73.5514,1768971600,18210200.0,2026-01-21 05:00:00
73.9294,74.377,73.4818,73.7106,1769058000,12879800.0,2026-01-22 05:00:00
74.188,74.6654,73.3127,73.5514,1769144400,13125500.0,2026-01-23 05:00:00
76.595,77.0027,75.2323,76.0579,1769403600,24714400.0,2026-01-26 05:00:00
78.256,78.4847,76.6347,76.774,1769490000,17756700.0,2026-01-27 05:00:00
78.5344,78.614,77.5995,78.5046,1769576400,14022900.0,2026-01-28 05:00:00
78.0073,79.0517,77.2116,78.6836,1769662800,22642900.0,2026-01-29 05:00:00
77.8979,78.3753,77.3011,77.6691,1769749200,26458400.0,2026-01-30 05:00:00
80.2054,80.7226,77.5796,77.699,1770008400,28238600.0,2026-02-02 05:00:00
82.6621,82.8013,80.3745,80.3745,1770094800,34962100.0,2026-02-03 05:00:00
80.7226,83.786,80.7027,83.5274,1770181200,39765700.0,2026-02-04 05:00:00
81.9161,82.861,80.3745,80.4242,1770267600,24236500.0,2026-02-05 05:00:00
84.3629,84.5419,82.3637,83.1097,1770354000,23936600.0,2026-02-06 05:00:00
86.3123,86.7798,83.8556,84.2734,1770613200,22908400.0,2026-02-09 05:00:00
85.8249,87.7147,85.6658,86.5013,1770699600,32113800.0,2026-02-10 05:00:00
85.079,86.6704,84.6712,85.5962,1770786000,34455800.0,2026-02-11 05:00:00
74.5958,79.9369,73.6907,79.181,1770872400,68098600.0,2026-02-12 05:00:00
76.4358,76.8834,73.0243,73.9791,1770958800,42886400.0,2026-02-13 05:00:00
76.4358,77.1519,76.0678,76.5353,1771304400,24792700.0,2026-02-17 05:00:00
77.7587,78.1764,76.0778,76.1374,1771390800,20648800.0,2026-02-18 05:00:00
78.1366,78.7334,77.4503,77.5697,1771477200,18443200.0,2026-02-19 05:00:00
78.7732,78.9025,77.7089,77.7089,1771563600,29461600.0,2026-02-20 05:00:00
77.321,79.0516,76.5253,78.425,1771822800,24485900.0,2026-02-23 05:00:00
77.7189,78.2858,77.0525,77.321,1771909200,19485100.0,2026-02-24 05:00:00
78.6936,78.992,77.8382,78.0272,1771995600,22721800.0,2026-02-25 05:00:00
77.6791,78.9124,77.3011,78.5146,1772082000,19608000.0,2026-02-26 05:00:00
79.0318,79.1014,76.6546,77.2315,1772168400,27498000.0,2026-02-27 05:00:00
78.992,79.0914,77.2713,78.3256,1772427600,18540400.0,2026-03-02 05:00:00
78.5344,79.0119,77.1519,77.9576,1772514000,17521100.0,2026-03-03 05:00:00
80.4342,80.5237,78.1068,78.7732,1772600400,20388100.0,2026-03-04 05:00:00
79.5788,80.7325,78.624,79.5589,1772686800,26844800.0,2026-03-05 05:00:00
78.2162,79.0914,77.9277,78.0968,1772773200,20621200.0,2026-03-06 05:00:00
75.7993,77.142,74.7947,76.764,1773028800,32855900.0,2026-03-09 04:00:00
77.2812,78.5842,76.6845,76.7243,1773115200,24836000.0,2026-03-10 04:00:00
77.6791,78.0769,76.7044,77.2216,1773201600,14719900.0,2026-03-11 04:00:00
77.321,77.7089,76.5353,76.5353,1773288000,19969500.0,2026-03-12 04:00:00
77.9078,78.8328,77.5199,77.6492,1773374400,19080400.0,2026-03-13 04:00:00
78.4748,78.7433,77.7686,78.4947,1773633600,14715100.0,2026-03-16 04:00:00
78.8428,79.6186,78.3952,78.7533,1773720000,16210500.0,2026-03-17 04:00:00
77.1818,79.5987,77.1122,79.3102,1773806400,18827600.0,2026-03-18 04:00:00
78.0869,78.4549,76.5054,77.1321,1773892800,17519600.0,2026-03-19 04:00:00
77.2315,78.614,76.2966,78.0272,1773979200,90380800.0,2026-03-20 04:00:00
78.3952,79.0815,77.9974,78.2162,1774238400,20072200.0,2026-03-23 04:00:00
80.4242,80.5038,77.7089,77.9476,1774324800,23528000.0,2026-03-24 04:00:00
81.389,82.2344,80.454,80.5635,1774411200,23146000.0,2026-03-25 04:00:00
81.7172,82.6621,81.3691,81.6277,1774497600,26649600.0,2026-03-26 04:00:00
79.4893,81.6774,78.9721,81.5382,1774584000,20557400.0,2026-03-27 04:00:00
76.6248,79.9567,76.1772,79.4296,1774843200,24306300.0,2026-03-30 04:00:00
77.1718,77.7686,75.8987,77.4702,1774929600,25105700.0,2026-03-31 04:00:00
77.51,78.6936,77.3906,77.5796,1775016000,21309000.0,2026-04-01 04:00:00
79.02,79.1,76.54,76.73,1775102400,12634900.0,2026-04-02 04:00:00
80.44,80.48,79.02,79.12,1775448000,16388600.0,2026-04-06 04:00:00
80.68,80.89,79.42,80.02,1775534400,13428100.0,2026-04-07 04:00:00
83.7,83.74,81.5,82.31,1775620800,19621900.0,2026-04-08 04:00:00
83.17,84.77,82.15,83.85,1775707200,17611700.0,2026-04-09 04:00:00
82.22,84.56,81.62,83.89,1775793600,17568700.0,2026-04-10 04:00:00
