close,high,low,open,time,volume,date
81.0267,82.1631,80.8782,80.9678,1603166400,1288800.0,2020-10-20 04:00:00
79.8549,81.3615,79.8077,80.5716,1603252800,1788800.0,2020-10-21 04:00:00
79.8101,80.5528,78.8764,80.2322,1603339200,1349600.0,2020-10-22 04:00:00
79.7087,80.1543,78.7397,80.06,1603425600,1193200.0,2020-10-23 04:00:00
77.5537,78.9802,76.5517,78.7703,1603684800,1323600.0,2020-10-26 04:00:00
76.3937,78.2776,76.1579,77.9616,1603771200,2167200.0,2020-10-27 04:00:00
74.3967,75.7689,74.1774,74.1774,1603857600,2123600.0,2020-10-28 04:00:00
75.4294,76.3206,73.4889,74.1373,1603944000,1556400.0,2020-10-29 04:00:00
74.1632,75.5567,73.5148,75.0497,1604030400,2308400.0,2020-10-30 04:00:00
75.5355,76.2711,74.5263,75.8373,1604293200,1426000.0,2020-11-02 05:00:00
77.8107,78.287,76.5022,76.5022,1604379600,1172800.0,2020-11-03 05:00:00
79.5437,82.3305,79.3881,81.9038,1604466000,2234000.0,2020-11-04 05:00:00
80.7849,82.305,80.144,80.8445,1604552400,1628800.0,2020-11-05 05:00:00
81.2281,81.5283,80.2132,80.6635,1604638800,1324000.0,2020-11-06 05:00:00
86.596,87.7063,85.3833,85.7693,1604898000,4173600.0,2020-11-09 05:00:00
85.4571,87.2035,83.7203,84.3588,1604984400,2025600.0,2020-11-10 05:00:00
85.7812,86.11,84.3636,85.9813,1605070800,1493600.0,2020-11-11 05:00:00
83.3105,85.5643,82.9316,84.8639,1605157200,1206400.0,2020-11-12 05:00:00
84.8186,84.9639,83.4057,83.725,1605243600,1051200.0,2020-11-13 05:00:00
87.8349,87.9636,84.8186,84.8186,1605502800,1548000.0,2020-11-16 05:00:00
86.1076,87.1225,85.1403,86.4244,1605589200,1456000.0,2020-11-17 05:00:00
85.8884,87.2607,85.6001,86.2553,1605675600,1001200.0,2020-11-18 05:00:00
87.6515,87.7944,85.2332,85.4667,1605762000,1032800.0,2020-11-19 05:00:00
86.2124,87.5824,85.8741,86.9963,1605848400,1033200.0,2020-11-20 05:00:00
85.3595,86.8485,84.8234,86.7008,1606107600,1316400.0,2020-11-23 05:00:00
86.2386,86.9033,85.4119,86.3006,1606194000,1555600.0,2020-11-24 05:00:00
85.8884,86.789,85.3809,86.2648,1606280400,769600.0,2020-11-25 05:00:00
86.0313,86.9891,85.5143,85.5882,1606453200,448800.0,2020-11-27 05:00:00
84.6518,86.3411,84.3683,86.1933,1606712400,2084400.0,2020-11-30 05:00:00
85.5524,86.6127,84.983,85.5429,1606798800,1546400.0,2020-12-01 05:00:00
85.9884,86.4387,84.8734,85.8217,1606885200,2159200.0,2020-12-02 05:00:00
85.6978,87.0773,84.4136,85.5453,1606971600,1759200.0,2020-12-03 05:00:00
86.5984,87.3942,85.7716,85.9313,1607058000,1868400.0,2020-12-04 05:00:00
84.1372,86.7247,83.9395,85.9003,1607317200,1462800.0,2020-12-07 05:00:00
85.7145,85.9122,83.6345,84.1372,1607403600,1438000.0,2020-12-08 05:00:00
84.3516,86.4578,83.9013,86.0337,1607490000,2113600.0,2020-12-09 05:00:00
82.7577,84.5589,82.5623,84.4445,1607576400,1461200.0,2020-12-10 05:00:00
83.177,83.7107,82.062,82.5052,1607662800,1487600.0,2020-12-11 05:00:00
82.7363,83.7989,82.5099,83.432,1607922000,1357600.0,2020-12-14 05:00:00
84.0872,84.4779,82.3217,83.0055,1608008400,1800800.0,2020-12-15 05:00:00
84.3683,84.6566,83.8275,84.5136,1608094800,1096400.0,2020-12-16 05:00:00
83.8656,84.7042,83.1508,84.5184,1608181200,1630800.0,2020-12-17 05:00:00
84.4255,84.6995,83.3033,84.3088,1608267600,3817600.0,2020-12-18 05:00:00
82.4671,83.7465,81.0661,83.5606,1608526800,2322400.0,2020-12-21 05:00:00
82.9126,83.0603,79.608,80.53,1608613200,3050800.0,2020-12-22 05:00:00
80.8684,84.5732,80.8564,84.5732,1608699600,2019600.0,2020-12-23 05:00:00
80.6253,81.5426,80.1488,81.271,1608786000,742000.0,2020-12-24 05:00:00
84.3874,85.338,81.5164,81.5164,1609131600,3551200.0,2020-12-28 05:00:00
82.7625,85.2832,81.8738,85.2093,1609218000,1654000.0,2020-12-29 05:00:00
83.4439,84.1801,82.6148,83.4224,1609304400,1214800.0,2020-12-30 05:00:00
84.2134,84.3421,83.127,83.5106,1609390800,1118000.0,2020-12-31 05:00:00
81.8643,84.5184,81.5545,84.3278,1609736400,3400400.0,2021-01-04 05:00:00
83.1246,83.1604,80.6301,81.5307,1609822800,2030000.0,2021-01-05 05:00:00
83.6249,84.9616,83.208,83.3891,1609909200,1658800.0,2021-01-06 05:00:00
84.5946,85.1188,83.1604,83.8322,1609995600,2804400.0,2021-01-07 05:00:00
83.4248,85.4024,83.1294,84.3231,1610082000,1593600.0,2021-01-08 05:00:00
80.8874,83.706,80.6682,83.0674,1610341200,1971200.0,2021-01-11 05:00:00
80.8803,81.3353,79.8582,80.5967,1610427600,1556800.0,2021-01-12 05:00:00
80.0083,80.9303,79.6318,80.8017,1610514000,1978000.0,2021-01-13 05:00:00
77.9426,80.1726,77.7925,80.1726,1610600400,2753200.0,2021-01-14 05:00:00
77.6877,78.3595,76.625,77.1397,1610686800,2507600.0,2021-01-15 05:00:00
76.7275,77.8139,76.1676,77.5947,1611032400,2281200.0,2021-01-19 05:00:00
79.1458,79.4269,76.1104,76.1104,1611118800,2397200.0,2021-01-20 05:00:00
78.9623,80.1989,78.3834,78.9075,1611205200,1746800.0,2021-01-21 05:00:00
77.3088,78.8313,77.2135,78.8313,1611291600,1290000.0,2021-01-22 05:00:00
78.1785,78.9457,76.4845,76.799,1611550800,2286000.0,2021-01-25 05:00:00
76.9943,78.7384,76.8681,78.6788,1611637200,1434800.0,2021-01-26 05:00:00
75.8126,76.8371,74.9596,76.2414,1611723600,2636000.0,2021-01-27 05:00:00
77.2945,78.3452,76.1652,76.1652,1611810000,1569200.0,2021-01-28 05:00:00
75.7935,77.042,75.6363,76.1938,1611896400,3231200.0,2021-01-29 05:00:00
77.5495,77.7353,76.2414,76.3892,1612155600,2028000.0,2021-02-01 05:00:00
78.9147,79.5842,77.7162,78.2833,1612242000,2240800.0,2021-02-02 05:00:00
79.0076,79.2959,78.2285,78.8622,1612328400,1674400.0,2021-02-03 05:00:00
80.592,81.0494,79.029,79.1386,1612414800,1644800.0,2021-02-04 05:00:00
82.1931,82.3551,80.0464,81.0637,1612501200,1677600.0,2021-02-05 05:00:00
83.1866,83.2247,81.8785,82.3288,1612760400,1356400.0,2021-02-08 05:00:00
83.2318,83.725,82.7053,82.8697,1612846800,1390400.0,2021-02-09 05:00:00
83.1509,84.2873,82.6029,83.8561,1612933200,1716400.0,2021-02-10 05:00:00
81.4341,83.6331,81.0138,83.509,1613019600,1626800.0,2021-02-11 05:00:00
81.7636,81.9116,81.1213,81.1213,1613106000,800000.0,2021-02-12 05:00:00
82.3987,83.5615,82.0024,82.5969,1613451600,1445600.0,2021-02-16 05:00:00
80.9685,82.5372,80.8061,82.0382,1613538000,1461600.0,2021-02-17 05:00:00
81.2884,81.52,79.6672,80.7631,1613624400,1400800.0,2021-02-18 05:00:00
82.0143,82.2769,81.0879,81.5773,1613710800,1649200.0,2021-02-19 05:00:00
81.3004,82.0477,80.8085,81.8973,1613970000,1365200.0,2021-02-22 05:00:00
80.3954,81.7111,78.9963,81.3075,1614056400,1818800.0,2021-02-23 05:00:00
80.7775,81.021,79.0966,80.2474,1614142800,2176000.0,2021-02-24 05:00:00
78.3277,81.0186,77.8502,80.4528,1614229200,1697600.0,2021-02-25 05:00:00
77.4419,79.3664,77.3034,78.7241,1614315600,2248800.0,2021-02-26 05:00:00
82.3462,83.0625,77.6019,78.6286,1614574800,2141600.0,2021-03-01 05:00:00
81.754,82.8357,81.6681,81.9713,1614661200,1605200.0,2021-03-02 05:00:00
80.2999,82.5205,80.2355,81.6872,1614747600,2630000.0,2021-03-03 05:00:00
78.0125,80.6772,76.7375,80.5005,1614834000,2538000.0,2021-03-04 05:00:00
81.0258,81.5248,77.2485,78.8865,1614920400,2279600.0,2021-03-05 05:00:00
81.3243,82.2411,80.7011,81.4986,1615179600,1703600.0,2021-03-08 05:00:00
82.5754,83.4994,81.2908,82.2769,1615266000,2133600.0,2021-03-09 05:00:00
84.2945,85.2257,82.6064,82.9885,1615352400,1819600.0,2021-03-10 05:00:00
85.9659,86.7753,84.0438,84.8843,1615438800,2277200.0,2021-03-11 05:00:00
85.548,86.6153,85.3546,85.954,1615525200,1658800.0,2021-03-12 05:00:00
83.9507,85.9301,83.6475,85.4788,1615780800,2106400.0,2021-03-15 04:00:00
83.0792,83.8719,82.1528,83.7239,1615867200,1706000.0,2021-03-16 04:00:00
81.9498,83.4445,80.3429,83.1413,1615953600,2318000.0,2021-03-17 04:00:00
80.5196,82.2961,79.8558,81.7158,1616040000,2008000.0,2021-03-18 04:00:00
79.5216,80.6987,79.4953,80.331,1616126400,2973600.0,2021-03-19 04:00:00
80.3047,80.6653,79.161,79.8248,1616385600,1487200.0,2021-03-22 04:00:00
79.512,80.978,79.1157,80.3525,1616472000,1301200.0,2021-03-23 04:00:00
80.214,81.3314,78.9915,78.9915,1616558400,1662000.0,2021-03-24 04:00:00
80.479,80.8849,78.4519,80.0922,1616644800,1246400.0,2021-03-25 04:00:00
82.7592,82.8786,80.0922,80.202,1616731200,1442000.0,2021-03-26 04:00:00
81.4675,82.6208,81.2574,82.1958,1616990400,1396800.0,2021-03-29 04:00:00
80.5387,81.4293,79.8964,81.1356,1617076800,1033600.0,2021-03-30 04:00:00
81.4938,82.2578,80.6796,80.8706,1617163200,1787200.0,2021-03-31 04:00:00
83.1651,83.8194,81.8448,82.2339,1617249600,1608400.0,2021-04-01 04:00:00
84.5333,84.8843,83.5185,83.5687,1617595200,1456800.0,2021-04-05 04:00:00
83.2989,84.6025,83.0887,83.9483,1617681600,1356800.0,2021-04-06 04:00:00
83.6403,83.7335,82.4513,82.807,1617768000,1132800.0,2021-04-07 04:00:00
82.5468,84.2301,82.3534,83.7812,1617854400,1750800.0,2021-04-08 04:00:00
84.1608,84.3662,82.4918,82.7091,1617940800,1670800.0,2021-04-09 04:00:00
84.8031,85.2711,83.7621,84.3041,1618200000,1098400.0,2021-04-12 04:00:00
84.8771,84.9798,83.8504,84.3805,1618286400,993200.0,2021-04-13 04:00:00
83.5878,85.166,83.2559,84.8914,1618372800,1305600.0,2021-04-14 04:00:00
84.0128,84.5596,83.6236,84.3924,1618459200,1120800.0,2021-04-15 04:00:00
83.6928,84.6431,83.423,84.328,1618545600,1554400.0,2021-04-16 04:00:00
82.074,83.3562,81.6203,83.306,1618804800,1411600.0,2021-04-19 04:00:00
81.5869,82.6136,80.9924,82.3534,1618891200,1251600.0,2021-04-20 04:00:00
83.0076,83.2583,81.883,82.2746,1618977600,1880000.0,2021-04-21 04:00:00
83.2248,84.285,82.2602,82.6208,1619064000,1080800.0,2021-04-22 04:00:00
84.4569,84.9177,83.5544,83.6427,1619150400,1006000.0,2021-04-23 04:00:00
83.4159,84.9153,83.2965,84.5452,1619409600,1020400.0,2021-04-26 04:00:00
83.6045,84.1035,82.8404,83.2726,1619496000,1492000.0,2021-04-27 04:00:00
82.4226,83.934,82.191,83.7812,1619582400,880000.0,2021-04-28 04:00:00
83.8218,84.2253,82.6661,82.6996,1619668800,888400.0,2021-04-29 04:00:00
82.4083,83.3156,81.6848,83.2129,1619755200,1599600.0,2021-04-30 04:00:00
83.7167,84.1775,82.9455,83.2463,1620014400,1524000.0,2021-05-03 04:00:00
83.7549,84.0725,83.2965,83.4732,1620100800,1555200.0,2021-05-04 04:00:00
83.232,84.7267,82.8572,84.2826,1620187200,1678000.0,2021-05-05 04:00:00
83.6284,83.8194,82.8858,83.8194,1620273600,1065600.0,2021-05-06 04:00:00
86.1163,86.6512,83.6308,83.6308,1620360000,2268400.0,2021-05-07 04:00:00
86.133,87.0093,85.6149,85.9707,1620619200,2308400.0,2021-05-10 04:00:00
84.6861,85.3809,83.9769,85.1541,1620705600,1538000.0,2021-05-11 04:00:00
82.0788,83.8958,81.8997,83.4445,1620792000,1858000.0,2021-05-12 04:00:00
84.5195,84.8545,82.3946,82.3946,1620878400,1456800.0,2021-05-13 04:00:00
85.6849,86.1658,84.5698,85.0077,1620964800,1273200.0,2021-05-14 04:00:00
84.2396,85.6657,83.4906,84.6847,1621224000,1151600.0,2021-05-17 04:00:00
83.2728,84.5339,83.1101,83.8854,1621310400,2349200.0,2021-05-18 04:00:00
81.9543,82.9426,80.8799,82.196,1621396800,1905600.0,2021-05-19 04:00:00
83.6222,83.9524,81.3992,82.0094,1621483200,1587200.0,2021-05-20 04:00:00
83.3757,84.7229,83.1771,84.1463,1621569600,1264800.0,2021-05-21 04:00:00
84.8378,85.2924,83.8016,84.1462,1621828800,1521600.0,2021-05-24 04:00:00
85.0675,85.6681,84.833,84.8521,1621915200,1321600.0,2021-05-25 04:00:00
84.7564,85.4192,84.3089,85.1369,1622001600,1247600.0,2021-05-26 04:00:00
84.7444,85.6154,84.3448,85.1082,1622088000,2645200.0,2021-05-27 04:00:00
84.5985,85.3858,84.5291,85.0938,1622174400,1382800.0,2021-05-28 04:00:00
84.4645,86.0223,84.2204,85.2589,1622520000,1459200.0,2021-06-01 04:00:00
84.297,84.8689,84.1989,84.3759,1622606400,1326000.0,2021-06-02 04:00:00
83.962,84.2276,83.0072,83.5241,1622692800,1336000.0,2021-06-03 04:00:00
84.2778,84.7229,83.7059,84.4047,1622779200,1443200.0,2021-06-04 04:00:00
82.9857,84.51,82.6363,84.23,1623038400,1549600.0,2021-06-07 04:00:00
83.1364,83.4523,82.7009,83.2609,1623124800,1319200.0,2021-06-08 04:00:00
83.2441,83.4738,82.9617,83.3757,1623211200,976400.0,2021-06-09 04:00:00
84.017,84.1223,82.9976,83.3446,1623297600,1402800.0,2021-06-10 04:00:00
84.431,84.5363,84.0673,84.1558,1623384000,944800.0,2021-06-11 04:00:00
84.5315,84.5315,83.7945,84.163,1623643200,1096000.0,2021-06-14 04:00:00
85.6179,85.8667,84.7157,84.8162,1623729600,1373600.0,2021-06-15 04:00:00
85.3881,86.1443,84.8426,85.905,1623816000,1425600.0,2021-06-16 04:00:00
86.5487,87.1972,85.0962,85.0962,1623902400,1774800.0,2021-06-17 04:00:00
84.9143,86.6564,84.2922,85.5796,1623988800,3110000.0,2021-06-18 04:00:00
86.8119,86.9483,85.0938,85.5102,1624248000,1370400.0,2021-06-21 04:00:00
89.614,89.7217,86.8646,87.3479,1624334400,2494800.0,2021-06-22 04:00:00
89.9203,90.5711,88.7597,89.2072,1624420800,2598400.0,2021-06-23 04:00:00
90.4036,90.4467,89.3819,89.827,1624507200,1675200.0,2021-06-24 04:00:00
90.5137,90.82,89.7839,90.3917,1624593600,2014000.0,2021-06-25 04:00:00
90.832,91.3393,90.3319,90.7387,1624852800,1540000.0,2021-06-28 04:00:00
91.5331,91.8322,90.6525,90.6525,1624939200,1220000.0,2021-06-29 04:00:00
91.4087,91.8202,91.2794,91.6886,1625025600,1462400.0,2021-06-30 04:00:00
91.1503,91.8585,90.9636,91.5738,1625112000,1449600.0,2021-07-01 04:00:00
91.7676,92.0452,91.1526,91.3776,1625198400,2150800.0,2021-07-02 04:00:00
91.5953,92.0428,90.4276,91.8849,1625544000,1824000.0,2021-07-06 04:00:00
93.2297,93.3637,91.5834,91.7389,1625630400,1204400.0,2021-07-07 04:00:00
92.5573,93.3828,92.05,92.172,1625716800,1518000.0,2021-07-08 04:00:00
92.921,93.2416,91.837,93.2416,1625803200,1010400.0,2021-07-09 04:00:00
93.8183,93.8614,92.6697,92.6793,1626062400,986400.0,2021-07-12 04:00:00
91.1646,93.8183,91.0114,93.8183,1626148800,4657200.0,2021-07-13 04:00:00
90.6788,91.5451,90.1763,91.3106,1626235200,4199200.0,2021-07-14 04:00:00
88.3338,90.5281,87.3503,89.7336,1626321600,4606400.0,2021-07-15 04:00:00
92.4185,92.8133,89.2862,89.2862,1626408000,3082800.0,2021-07-16 04:00:00
90.5903,92.6554,89.8102,91.648,1626667200,3202800.0,2021-07-19 04:00:00
93.1315,93.5862,90.5616,90.7004,1626753600,2069600.0,2021-07-20 04:00:00
93.8399,93.9069,92.8683,93.2536,1626840000,1283200.0,2021-07-21 04:00:00
93.579,93.9356,93.1387,93.9356,1626926400,1072400.0,2021-07-22 04:00:00
94.6008,94.7228,93.4019,93.8016,1627012800,1381200.0,2021-07-23 04:00:00
93.0358,94.7061,92.4926,94.2036,1627272000,1716800.0,2021-07-26 04:00:00
93.0502,93.914,91.6264,91.8753,1627358400,1348000.0,2021-07-27 04:00:00
93.4115,94.1485,93.122,93.5575,1627444800,1210000.0,2021-07-28 04:00:00
94.0744,94.8497,93.5144,94.206,1627531200,1731600.0,2021-07-29 04:00:00
94.3232,94.4835,93.5694,93.7106,1627617600,1772400.0,2021-07-30 04:00:00
93.1722,94.8209,92.9999,93.9595,1627876800,1390400.0,2021-08-02 04:00:00
93.4235,93.6508,92.4137,93.4498,1627963200,3218800.0,2021-08-03 04:00:00
92.7989,93.6317,92.4639,93.2009,1628049600,1652400.0,2021-08-04 04:00:00
93.8016,93.8566,92.3826,92.9593,1628136000,1773600.0,2021-08-05 04:00:00
93.6341,94.2562,93.268,93.926,1628222400,1308400.0,2021-08-06 04:00:00
93.9092,94.0313,93.2464,93.6221,1628481600,1180000.0,2021-08-09 04:00:00
93.5216,94.2586,93.3254,93.9475,1628568000,996800.0,2021-08-10 04:00:00
93.3541,93.8159,92.3826,93.8159,1628654400,1321200.0,2021-08-11 04:00:00
93.227,93.3373,92.2459,93.0735,1628740800,1080400.0,2021-08-12 04:00:00
93.4093,93.5748,92.4882,93.131,1628827200,754000.0,2021-08-13 04:00:00
94.3712,94.6974,92.9559,93.2294,1629086400,2724800.0,2021-08-16 04:00:00
94.5558,94.659,93.2845,93.9346,1629172800,1087200.0,2021-08-17 04:00:00
93.131,94.6782,93.0639,94.2656,1629259200,1451200.0,2021-08-18 04:00:00
93.8818,94.3424,92.5817,92.7736,1629345600,1784000.0,2021-08-19 04:00:00
93.985,94.7502,93.3205,94.208,1629432000,1726400.0,2021-08-20 04:00:00
94.0137,94.7262,93.7067,94.2128,1629691200,946000.0,2021-08-23 04:00:00
93.7667,94.328,93.5364,94.1889,1629777600,855200.0,2021-08-24 04:00:00
94.0689,94.2416,93.4189,93.6419,1629864000,912800.0,2021-08-25 04:00:00
93.5676,94.0569,93.3421,94.0569,1629950400,660800.0,2021-08-26 04:00:00
93.9562,94.7502,93.0974,93.7667,1630036800,828000.0,2021-08-27 04:00:00
94.3976,94.8317,93.4812,93.8938,1630296000,992800.0,2021-08-30 04:00:00
94.9349,95.0812,93.8914,94.6014,1630382400,1420400.0,2021-08-31 04:00:00
95.0164,95.6353,94.4983,95.1891,1630468800,895600.0,2021-09-01 04:00:00
95.0812,95.7504,94.3856,95.6065,1630555200,1222000.0,2021-09-02 04:00:00
95.1172,95.4938,94.6758,94.8365,1630641600,1338400.0,2021-09-03 04:00:00
93.901,94.9924,93.8027,94.5655,1630987200,1003600.0,2021-09-07 04:00:00
95.5417,95.5729,93.6132,93.877,1631073600,890400.0,2021-09-08 04:00:00
95.9639,96.3021,95.369,95.7456,1631160000,1194000.0,2021-09-09 04:00:00
96.8395,98.1708,96.1606,96.3573,1631246400,1732400.0,2021-09-10 04:00:00
97.5159,98.3003,96.9114,97.7462,1631505600,2990000.0,2021-09-13 04:00:00
95.0164,98.1324,94.8773,98.1324,1631592000,2690400.0,2021-09-14 04:00:00
95.6521,95.9495,94.7501,95.0716,1631678400,1814400.0,2021-09-15 04:00:00
95.8416,96.0359,94.8821,95.6521,1631764800,1086000.0,2021-09-16 04:00:00
94.2368,95.9136,93.9874,95.6161,1631851200,4992000.0,2021-09-17 04:00:00
94.4143,94.5271,92.8959,93.3565,1632110400,2108800.0,2021-09-20 04:00:00
94.3424,95.2515,93.9298,94.683,1632196800,1366800.0,2021-09-21 04:00:00
95.038,95.5537,93.937,95.2419,1632283200,1182400.0,2021-09-22 04:00:00
96.3765,96.6308,94.9253,95.2011,1632369600,964800.0,2021-09-23 04:00:00
96.3021,96.53,95.4266,95.5513,1632456000,982400.0,2021-09-24 04:00:00
94.8437,96.861,94.6422,95.8008,1632715200,1578000.0,2021-09-27 04:00:00
92.6081,94.4719,92.3778,94.2464,1632801600,1918000.0,2021-09-28 04:00:00
93.3733,95.7624,92.3178,94.3568,1632888000,1903600.0,2021-09-29 04:00:00
91.3104,93.7619,91.2528,93.6803,1632974400,1872800.0,2021-09-30 04:00:00
92.9079,93.251,90.5068,91.8429,1633060800,1709600.0,2021-10-01 04:00:00
92.6153,93.6707,91.7062,93.5484,1633320000,2492800.0,2021-10-04 04:00:00
93.9946,94.7142,92.6153,92.7448,1633406400,1490000.0,2021-10-05 04:00:00
94.9756,95.062,92.6896,93.2509,1633492800,1287200.0,2021-10-06 04:00:00
96.1414,96.8299,95.405,95.6209,1633579200,1374000.0,2021-10-07 04:00:00
96.6212,97.005,95.808,96.4245,1633665600,1271200.0,2021-10-08 04:00:00
96.518,97.8973,96.506,96.662,1633924800,1072400.0,2021-10-11 04:00:00
96.909,97.372,96.4221,96.566,1634011200,1396400.0,2021-10-12 04:00:00
97.2281,98.178,96.6044,97.3,1634097600,1269200.0,2021-10-13 04:00:00
99.8883,99.9914,97.8181,98.3483,1634184000,1376400.0,2021-10-14 04:00:00
99.7947,100.6702,99.4973,100.2721,1634270400,1374000.0,2021-10-15 04:00:00
101.0037,101.0852,99.1878,99.4949,1634529600,1058000.0,2021-10-18 04:00:00
101.6825,101.6825,100.6583,101.3947,1634616000,727200.0,2021-10-19 04:00:00
101.6345,102.4141,101.4163,101.9272,1634702400,1055200.0,2021-10-20 04:00:00
101.86,102.2894,101.1596,101.6489,1634788800,1171200.0,2021-10-21 04:00:00
102.3853,102.8915,102.2054,102.2798,1634875200,1070000.0,2021-10-22 04:00:00
102.8075,103.1601,101.896,102.2846,1635134400,1161600.0,2021-10-25 04:00:00
103.2657,103.8222,102.702,103.1937,1635220800,1331600.0,2021-10-26 04:00:00
101.4522,103.4552,101.3851,103.4552,1635307200,806800.0,2021-10-27 04:00:00
102.2006,102.3206,100.9413,101.5914,1635393600,882800.0,2021-10-28 04:00:00
103.8893,104.6665,101.8144,101.9775,1635480000,1482000.0,2021-10-29 04:00:00
103.3185,104.6042,103.0354,104.2444,1635739200,870000.0,2021-11-01 04:00:00
104.4219,104.5466,102.8075,103.9685,1635825600,1097600.0,2021-11-02 04:00:00
105.0455,105.1847,103.2561,104.4219,1635912000,1202400.0,2021-11-03 04:00:00
105.686,106.4896,104.6306,104.9448,1635998400,1132000.0,2021-11-04 04:00:00
106.0123,107.6986,105.9115,106.5136,1636084800,1165600.0,2021-11-05 04:00:00
104.7913,106.9118,103.6927,106.4752,1636347600,1408000.0,2021-11-08 05:00:00
104.8129,105.2351,104.11,104.8489,1636434000,1003600.0,2021-11-09 05:00:00
104.0836,105.1943,103.7286,104.4603,1636520400,1515600.0,2021-11-10 05:00:00
104.1028,104.7793,103.8246,104.4531,1636606800,998400.0,2021-11-11 05:00:00
105.437,105.7327,104.0235,104.7471,1636693200,874800.0,2021-11-12 05:00:00
105.5164,106.1414,104.7928,105.6053,1636952400,682400.0,2021-11-15 05:00:00
106.5814,106.6463,104.913,105.3938,1637038800,967200.0,2021-11-16 05:00:00
106.8698,106.9924,105.6342,106.5814,1637125200,707600.0,2021-11-17 05:00:00
106.4443,107.4588,106.1318,107.0838,1637211600,999600.0,2021-11-18 05:00:00
107.2305,107.9877,106.3097,107.1872,1637298000,1326800.0,2021-11-19 05:00:00
106.6559,108.8387,106.6198,107.3603,1637557200,1295600.0,2021-11-22 05:00:00
105.5741,107.2473,105.1534,106.9059,1637643600,1246400.0,2021-11-23 05:00:00
106.151,106.3554,104.3697,105.3145,1637730000,1280400.0,2021-11-24 05:00:00
102.961,105.8265,102.3768,104.8481,1637902800,1354000.0,2021-11-26 05:00:00
104.5091,105.2015,103.0499,104.2831,1638162000,1350400.0,2021-11-29 05:00:00
101.4945,105.3337,101.0882,104.5091,1638248400,3877600.0,2021-11-30 05:00:00
100.3959,104.4514,100.2877,103.0018,1638334800,1725600.0,2021-12-01 05:00:00
103.8937,104.5259,100.4031,100.593,1638421200,3072400.0,2021-12-02 05:00:00
102.7157,105.9082,101.0762,104.0836,1638507600,2494000.0,2021-12-03 05:00:00
104.651,105.3529,103.6293,104.4082,1638766800,1783200.0,2021-12-06 05:00:00
107.2232,108.1103,105.4202,105.9635,1638853200,2109200.0,2021-12-07 05:00:00
108.4156,108.781,107.1896,107.2232,1638939600,1574400.0,2021-12-08 05:00:00
107.9709,108.6464,107.5863,108.4156,1639026000,1209600.0,2021-12-09 05:00:00
110.2114,110.3917,108.3315,108.6272,1639112400,1810800.0,2021-12-10 05:00:00
109.9662,110.9302,109.1753,110.1032,1639371600,2166000.0,2021-12-13 05:00:00
107.8411,110.7932,106.1751,108.9421,1639458000,2087200.0,2021-12-14 05:00:00
110.0335,110.2234,108.0814,108.1031,1639544400,2060800.0,2021-12-15 05:00:00
109.3364,110.7643,108.6224,110.7619,1639630800,2080800.0,2021-12-16 05:00:00
105.4178,109.3676,105.1245,109.1128,1639717200,3664400.0,2021-12-17 05:00:00
103.3576,104.0932,102.1123,103.7591,1639976400,3312000.0,2021-12-20 05:00:00
105.0043,105.3986,103.461,103.8648,1640062800,2707200.0,2021-12-21 05:00:00
103.1052,103.372,101.2517,103.372,1640149200,2952000.0,2021-12-22 05:00:00
104.574,106.3674,103.7951,103.8071,1640235600,2487200.0,2021-12-23 05:00:00
106.276,106.4299,104.348,105.3505,1640581200,1287200.0,2021-12-27 05:00:00
106.7617,106.9901,106.1703,106.4972,1640667600,1093600.0,2021-12-28 05:00:00
106.9636,107.5045,106.466,106.9227,1640754000,836400.0,2021-12-29 05:00:00
105.6679,107.644,105.4804,107.0406,1640840400,1003200.0,2021-12-30 05:00:00
106.5381,106.9997,105.2592,105.2592,1640926800,1278800.0,2021-12-31 05:00:00
101.9513,106.4179,101.694,106.3386,1641186000,2570000.0,2022-01-03 05:00:00
102.1965,102.8311,101.6916,102.4369,1641272400,2774000.0,2022-01-04 05:00:00
97.5976,102.3792,97.499,101.932,1641358800,2980800.0,2022-01-05 05:00:00
96.8812,98.5135,96.4245,97.5952,1641445200,2906000.0,2022-01-06 05:00:00
95.5398,96.7586,95.5326,96.7586,1641531600,2430000.0,2022-01-07 05:00:00
95.9749,96.0999,93.9267,94.8619,1641790800,3103200.0,2022-01-10 05:00:00
97.3861,97.5688,94.321,95.9605,1641877200,2096400.0,2022-01-11 05:00:00
97.6529,98.564,97.3404,98.4005,1641963600,2117600.0,2022-01-12 05:00:00
97.2995,98.1265,97.1432,97.7875,1642050000,2821600.0,2022-01-13 05:00:00
95.547,96.7899,94.8955,96.273,1642136400,1707600.0,2022-01-14 05:00:00
94.0108,94.8258,93.6118,94.1503,1642482000,2628800.0,2022-01-18 05:00:00
93.2367,95.0758,93.1454,94.381,1642568400,2254400.0,2022-01-19 05:00:00
91.4241,94.4964,91.1549,94.2897,1642654800,2146800.0,2022-01-20 05:00:00
91.2342,92.7728,91.1549,91.5708,1642741200,3220000.0,2022-01-21 05:00:00
92.8713,93.0012,89.3567,90.1428,1643000400,3718400.0,2022-01-24 05:00:00
91.6477,92.8786,90.6933,90.9506,1643086800,2950400.0,2022-01-25 05:00:00
91.6669,94.3233,90.6236,92.2006,1643173200,3700000.0,2022-01-26 05:00:00
90.8039,93.2632,90.5178,92.5757,1643259600,2406800.0,2022-01-27 05:00:00
92.8689,92.9146,89.6308,90.5539,1643346000,2047600.0,2022-01-28 05:00:00
94.1238,94.2609,92.3136,92.5204,1643605200,2883600.0,2022-01-31 05:00:00
93.1118,94.5517,91.9482,93.8979,1643691600,2679600.0,2022-02-01 05:00:00
94.1046,94.3354,93.2848,93.3449,1643778000,1740000.0,2022-02-02 05:00:00
92.5732,94.5253,92.4001,93.756,1643864400,1856400.0,2022-02-03 05:00:00
91.7871,92.9387,91.4073,92.0732,1643950800,1823600.0,2022-02-04 05:00:00
91.3208,92.679,91.1693,91.9891,1644210000,1679200.0,2022-02-07 05:00:00
92.2054,92.8185,90.6284,91.5948,1644296400,1015200.0,2022-02-08 05:00:00
94.1334,94.3955,93.5276,93.6142,1644382800,1280000.0,2022-02-09 05:00:00
91.7487,93.2944,91.1356,92.4218,1644469200,2078400.0,2022-02-10 05:00:00
90.2774,92.2679,90.0707,92.1357,1644555600,1563200.0,2022-02-11 05:00:00
89.2941,90.9571,88.788,90.6148,1644814800,1652000.0,2022-02-14 05:00:00
91.0414,91.2391,89.9834,90.4582,1644901200,1754400.0,2022-02-15 05:00:00
91.2391,91.5066,89.7617,90.9402,1644987600,1812800.0,2022-02-16 05:00:00
89.3279,90.9957,89.1712,90.704,1645074000,2598000.0,2022-02-17 05:00:00
89.552,90.2533,88.9205,89.1953,1645160400,2808800.0,2022-02-18 05:00:00
89.1736,90.5955,88.6675,89.7858,1645506000,2354800.0,2022-02-22 05:00:00
87.7058,90.5835,87.6046,89.593,1645592400,2332800.0,2022-02-23 05:00:00
90.1425,90.3112,85.9465,86.2839,1645678800,2962400.0,2022-02-24 05:00:00
90.9378,91.2005,88.8651,90.2461,1645765200,1722800.0,2022-02-25 05:00:00
90.4558,90.7474,89.0266,89.846,1646024400,1718000.0,2022-02-28 05:00:00
89.6918,90.557,88.8724,90.2871,1646110800,1745600.0,2022-03-01 05:00:00
91.8223,92.3911,89.7279,89.9304,1646197200,2033200.0,2022-03-02 05:00:00
91.2005,92.6731,90.986,92.2585,1646283600,1554400.0,2022-03-03 05:00:00
91.3306,91.991,90.5064,91.1185,1646370000,1280800.0,2022-03-04 05:00:00
89.4194,91.6126,89.2773,91.2367,1646629200,1929600.0,2022-03-07 05:00:00
88.5735,90.3208,87.8264,88.9133,1646715600,3335200.0,2022-03-08 05:00:00
90.1762,90.7137,89.3447,90.5739,1646802000,1842800.0,2022-03-09 05:00:00
89.1134,89.3905,87.5781,88.8217,1646888400,1949600.0,2022-03-10 05:00:00
89.0049,90.5016,88.9061,90.2582,1646974800,1487600.0,2022-03-11 05:00:00
90.3811,91.3355,89.4845,91.3355,1647230400,1446000.0,2022-03-14 04:00:00
92.0922,92.4128,90.8462,91.3114,1647316800,1458800.0,2022-03-15 04:00:00
93.7841,94.0251,91.7042,92.649,1647403200,1496400.0,2022-03-16 04:00:00
95.194,95.194,92.8201,93.7383,1647489600,1214000.0,2022-03-17 04:00:00
96.4931,97.0402,94.5047,95.2085,1647576000,2634000.0,2022-03-18 04:00:00
94.3071,96.4858,93.1647,95.8978,1647835200,4004000.0,2022-03-21 04:00:00
94.7168,95.37,94.2758,94.9337,1647921600,2745600.0,2022-03-22 04:00:00
96.7269,97.5125,94.3553,95.0687,1648008000,2786400.0,2022-03-23 04:00:00
98.9128,98.9128,96.1171,97.5993,1648094400,2978400.0,2022-03-24 04:00:00
99.6141,99.7178,98.0669,99.537,1648180800,2333600.0,2022-03-25 04:00:00
102.005,102.0315,99.243,99.296,1648440000,2581600.0,2022-03-28 04:00:00
103.9981,104.5115,101.9905,102.675,1648526400,2710800.0,2022-03-29 04:00:00
104.1186,104.8802,103.721,104.673,1648612800,1491200.0,2022-03-30 04:00:00
102.5231,104.9453,102.3014,104.4367,1648699200,2050000.0,2022-03-31 04:00:00
102.1592,103.2679,101.547,102.5762,1648785600,1846000.0,2022-04-01 04:00:00
103.4462,104.0222,102.0242,102.2098,1649044800,1645600.0,2022-04-04 04:00:00
103.9716,105.2369,102.8702,102.8702,1649131200,1981600.0,2022-04-05 04:00:00
103.9113,104.1234,102.6388,103.4149,1649217600,1563600.0,2022-04-06 04:00:00
104.6561,105.0369,103.0606,103.6631,1649304000,1436400.0,2022-04-07 04:00:00
103.4221,104.7934,103.2196,104.5669,1649390400,1335600.0,2022-04-08 04:00:00
100.7445,103.2582,100.5854,102.9762,1649649600,1916400.0,2022-04-11 04:00:00
100.2046,102.4894,99.7901,101.5543,1649736000,1606000.0,2022-04-12 04:00:00
101.0747,101.7037,100.4987,100.7445,1649822400,1658400.0,2022-04-13 04:00:00
99.6985,102.0604,99.5129,101.5977,1649908800,1383200.0,2022-04-14 04:00:00
99.5804,100.624,98.9273,99.2309,1650254400,1211600.0,2022-04-18 04:00:00
100.9734,101.4338,99.3635,99.3635,1650340800,1491200.0,2022-04-19 04:00:00
101.576,102.1423,101.2578,101.4868,1650427200,1314800.0,2022-04-20 04:00:00
100.9566,102.7087,100.8385,101.8652,1650513600,1556800.0,2022-04-21 04:00:00
98.3296,102.6991,98.1464,100.8987,1650600000,1692400.0,2022-04-22 04:00:00
98.8044,98.8935,96.3412,98.3561,1650859200,2235600.0,2022-04-25 04:00:00
96.3099,98.5392,96.3099,98.1416,1650945600,1566000.0,2022-04-26 04:00:00
96.6449,98.1898,95.9701,96.3918,1651032000,2414800.0,2022-04-27 04:00:00
98.9827,99.4262,96.8281,97.6379,1651118400,2314800.0,2022-04-28 04:00:00
95.7435,98.5995,95.4688,98.0114,1651204800,2439200.0,2022-04-29 04:00:00
94.3457,96.5991,93.0322,95.9677,1651464000,2922000.0,2022-05-02 04:00:00
94.0685,94.8711,93.6853,94.5023,1651550400,1937200.0,2022-05-03 04:00:00
96.6521,97.057,93.2828,94.0999,1651636800,1803200.0,2022-05-04 04:00:00
93.2081,96.0858,92.5767,95.5579,1651723200,1834800.0,2022-05-05 04:00:00
92.5333,93.0056,90.945,92.7911,1651809600,1798800.0,2022-05-06 04:00:00
90.1931,91.9814,89.9882,91.4126,1652068800,2171200.0,2022-05-09 04:00:00
91.1571,92.1983,89.6267,92.1477,1652155200,2180800.0,2022-05-10 04:00:00
89.4001,91.9042,89.3134,90.4967,1652241600,2103200.0,2022-05-11 04:00:00
88.4891,89.9159,87.2961,89.1736,1652328000,2467200.0,2022-05-12 04:00:00
90.8475,91.483,88.1073,89.5088,1652414400,1718800.0,2022-05-13 04:00:00
91.2728,91.4782,89.6248,90.4488,1652673600,1637200.0,2022-05-16 04:00:00
92.1378,92.696,91.338,92.5462,1652760000,1791600.0,2022-05-17 04:00:00
86.5681,91.2027,86.1936,91.0843,1652846400,2626400.0,2022-05-18 04:00:00
86.6986,87.6845,85.0555,85.9351,1652932800,2506800.0,2022-05-19 04:00:00
87.8633,87.9503,85.8674,87.4549,1653019200,1822000.0,2022-05-20 04:00:00
89.4726,89.7118,87.9672,88.3007,1653278400,1250000.0,2022-05-23 04:00:00
89.6321,90.1323,88.5834,89.33,1653364800,1866800.0,2022-05-24 04:00:00
88.8371,90.1081,88.5012,88.9458,1653451200,2655600.0,2022-05-25 04:00:00
92.6501,93.2348,89.5837,89.9921,1653537600,1993200.0,2022-05-26 04:00:00
95.9073,96.0499,93.0657,93.0657,1653624000,2185600.0,2022-05-27 04:00:00
96.2504,96.6951,94.2328,95.0954,1653969600,4401600.0,2022-05-31 04:00:00
94.4309,96.5646,94.3488,96.3495,1654056000,2336400.0,2022-06-01 04:00:00
96.2263,96.277,94.0782,94.5638,1654142400,1907200.0,2022-06-02 04:00:00
95.7092,95.9726,94.849,95.3492,1654228800,2010800.0,2022-06-03 04:00:00
96.0306,97.0406,95.83,96.5743,1654488000,1481600.0,2022-06-06 04:00:00
97.5239,97.983,95.2863,95.4893,1654574400,1426800.0,2022-06-07 04:00:00
96.4993,97.6979,95.4917,97.0334,1654660800,1798400.0,2022-06-08 04:00:00
94.4599,96.5911,94.4599,95.7068,1654747200,1515200.0,2022-06-09 04:00:00
90.5551,93.1454,90.5406,92.8603,1654833600,1778400.0,2022-06-10 04:00:00
86.4691,89.0256,85.9882,88.7284,1655092800,2680000.0,2022-06-13 04:00:00
85.1618,86.9257,84.3523,86.7928,1655179200,2742000.0,2022-06-14 04:00:00
85.7417,87.1094,84.1445,86.7639,1655265600,3136800.0,2022-06-15 04:00:00
84.304,85.012,83.0886,85.012,1655352000,2901200.0,2022-06-16 04:00:00
83.9319,85.6209,83.6879,84.2098,1655438400,4245600.0,2022-06-17 04:00:00
86.6068,86.9379,84.7172,84.7655,1655784000,2569200.0,2022-06-21 04:00:00
86.8001,87.5274,85.0338,86.0196,1655870400,1742800.0,2022-06-22 04:00:00
88.5665,88.8637,86.6406,87.5129,1655956800,2039600.0,2022-06-23 04:00:00
91.6231,91.715,89.0956,89.0956,1656043200,3197200.0,2022-06-24 04:00:00
91.7995,92.5873,90.7605,91.7198,1656302400,1248000.0,2022-06-27 04:00:00
89.765,92.7878,89.5306,92.046,1656388800,1198400.0,2022-06-28 04:00:00
89.9969,90.4295,89.1053,90.2845,1656475200,984000.0,2022-06-29 04:00:00
90.2579,90.7847,88.8105,88.8709,1656561600,1473200.0,2022-06-30 04:00:00
91.0263,91.4299,89.7771,90.2579,1656648000,1723600.0,2022-07-01 04:00:00
90.7001,90.8354,87.8561,90.27,1656993600,1875600.0,2022-07-05 04:00:00
91.8503,92.4375,90.6421,91.541,1657080000,1405600.0,2022-07-06 04:00:00
92.0363,92.4036,91.2824,91.2824,1657166400,1608000.0,2022-07-07 04:00:00
92.0798,92.3722,91.1399,91.8986,1657252800,1728400.0,2022-07-08 04:00:00
92.0073,92.7564,91.7778,91.9759,1657512000,1845600.0,2022-07-11 04:00:00
91.2075,93.2083,90.7508,91.843,1657598400,1876800.0,2022-07-12 04:00:00
91.2341,91.93,88.3538,90.0719,1657684800,1882800.0,2022-07-13 04:00:00
93.5441,94.3754,90.2579,94.3754,1657771200,2525600.0,2022-07-14 04:00:00
93.822,95.0375,93.2131,94.704,1657857600,3144400.0,2022-07-15 04:00:00
91.5627,94.2666,91.338,94.2521,1658116800,2394000.0,2022-07-18 04:00:00
93.4378,93.6336,91.9905,92.4786,1658203200,2764800.0,2022-07-19 04:00:00
94.7426,95.1075,93.2421,94.0202,1658289600,1618000.0,2022-07-20 04:00:00
96.6516,96.6564,94.7837,95.0302,1658376000,1884000.0,2022-07-21 04:00:00
95.8638,97.3765,95.2718,97.0986,1658462400,1144400.0,2022-07-22 04:00:00
95.8493,96.1683,95.1003,96.1683,1658721600,852000.0,2022-07-25 04:00:00
96.1296,96.2891,95.1559,95.7817,1658808000,1434400.0,2022-07-26 04:00:00
98.8843,99.4038,96.3254,96.625,1658894400,1888400.0,2022-07-27 04:00:00
101.4915,101.7283,98.4397,99.225,1658980800,1776000.0,2022-07-28 04:00:00
102.8133,103.0839,101.0421,101.4867,1659067200,1921200.0,2022-07-29 04:00:00
102.4363,102.6272,101.6244,102.1705,1659326400,1134800.0,2022-08-01 04:00:00
102.1536,102.8954,101.0372,102.3662,1659412800,1386000.0,2022-08-02 04:00:00
102.9534,103.4391,102.098,102.3493,1659499200,1219600.0,2022-08-03 04:00:00
103.2241,103.6977,102.5016,103.0501,1659585600,2014800.0,2022-08-04 04:00:00
102.359,102.9123,101.7162,102.4436,1659672000,1177200.0,2022-08-05 04:00:00
102.8423,103.253,102.1633,103.0187,1659931200,1741200.0,2022-08-08 04:00:00
102.6296,103.1419,102.3421,103.1274,1660017600,1524400.0,2022-08-09 04:00:00
104.3331,104.8502,103.5381,104.6038,1660104000,1357600.0,2022-08-10 04:00:00
103.8161,105.1112,103.3884,104.6884,1660190400,826400.0,2022-08-11 04:00:00
105.2092,105.4054,104.0704,104.6979,1660276800,1028000.0,2022-08-12 04:00:00
106.3697,106.532,104.4872,104.4872,1660536000,1111600.0,2022-08-15 04:00:00
106.0741,106.4448,105.3497,105.8561,1660622400,1300400.0,2022-08-16 04:00:00
106.3867,106.5175,105.0904,105.1123,1660708800,1179200.0,2022-08-17 04:00:00
106.7113,107.0263,106.1177,106.3867,1660795200,1118000.0,2022-08-18 04:00:00
105.7616,106.83,105.3885,106.3624,1660881600,1076400.0,2022-08-19 04:00:00
104.2522,105.1898,104.1286,104.8142,1661140800,1124000.0,2022-08-22 04:00:00
103.6998,104.303,103.3824,103.7022,1661227200,1160000.0,2022-08-23 04:00:00
103.9687,104.2933,103.3121,103.7167,1661313600,997200.0,2022-08-24 04:00:00
104.9887,105.0371,103.8742,105.0081,1661400000,960400.0,2022-08-25 04:00:00
101.7639,105.2722,101.6258,105.1147,1661486400,2014000.0,2022-08-26 04:00:00
100.7899,101.7203,100.3902,100.9886,1661745600,1170400.0,2022-08-29 04:00:00
99.2635,101.2939,98.4834,101.1655,1661832000,1304000.0,2022-08-30 04:00:00
98.5706,100.1043,98.2629,100.0849,1661918400,1793200.0,2022-08-31 04:00:00
98.7402,98.7402,97.4028,97.9455,1662004800,1167600.0,2022-09-01 04:00:00
98.3162,99.9056,97.6621,99.2393,1662091200,2032400.0,2022-09-02 04:00:00
100.2205,100.3611,98.5754,98.5754,1662436800,1918800.0,2022-09-06 04:00:00
103.7434,103.9735,100.5719,100.5719,1662523200,1958000.0,2022-09-07 04:00:00
104.0341,104.6374,103.2103,103.5883,1662609600,1285200.0,2022-09-08 04:00:00
104.509,105.4539,103.9154,104.1286,1662696000,1594400.0,2022-09-09 04:00:00
103.9178,105.0638,102.9802,104.8288,1662955200,2018000.0,2022-09-12 04:00:00
99.0067,102.5392,98.5997,101.8366,1663041600,2427600.0,2022-09-13 04:00:00
97.6136,99.3338,96.7268,99.3338,1663128000,2366800.0,2022-09-14 04:00:00
96.5669,98.0933,96.1551,97.9431,1663214400,1849200.0,2022-09-15 04:00:00
97.9625,98.2484,94.9533,95.7843,1663300800,3721600.0,2022-09-16 04:00:00
98.8129,98.888,96.9691,97.5458,1663560000,1352000.0,2022-09-19 04:00:00
98.3671,98.8129,97.381,97.9043,1663646400,1539200.0,2022-09-20 04:00:00
96.8746,99.5325,96.8165,99.1618,1663732800,1844800.0,2022-09-21 04:00:00
94.1926,96.5015,94.132,96.3852,1663819200,1720800.0,2022-09-22 04:00:00
94.4639,94.5535,93.2888,94.195,1663905600,1681200.0,2022-09-23 04:00:00
93.8,95.2247,93.6716,94.0932,1664164800,1578400.0,2022-09-26 04:00:00
92.923,95.2029,92.7001,94.665,1664251200,1769600.0,2022-09-27 04:00:00
95.5929,96.6905,92.3076,95.8134,1664337600,2893600.0,2022-09-28 04:00:00
94.3815,95.2247,93.6595,94.5463,1664424000,2595600.0,2022-09-29 04:00:00
94.052,95.6681,93.4076,94.6505,1664510400,2230400.0,2022-09-30 04:00:00
97.1169,97.4925,94.6723,95.1375,1664769600,1896000.0,2022-10-03 04:00:00
99.5834,100.1358,98.2726,98.2726,1664856000,2437200.0,2022-10-04 04:00:00
99.8063,100.6155,98.3986,99.1303,1664942400,2344400.0,2022-10-05 04:00:00
99.484,100.3126,99.0891,99.6875,1665028800,1382000.0,2022-10-06 04:00:00
96.5282,99.2902,96.1672,98.1224,1665115200,2050000.0,2022-10-07 04:00:00
96.3586,97.4416,96.0121,96.8577,1665374400,1202000.0,2022-10-10 04:00:00
95.3385,96.2859,94.5584,96.046,1665460800,1732400.0,2022-10-11 04:00:00
93.88,96.2544,93.8097,95.7068,1665547200,1583200.0,2022-10-12 04:00:00
95.1738,95.6995,89.8702,91.806,1665633600,2745600.0,2022-10-13 04:00:00
92.3972,96.6105,91.9732,96.3101,1665720000,1711200.0,2022-10-14 04:00:00
95.4718,96.4627,94.2337,94.2337,1665979200,1692000.0,2022-10-17 04:00:00
97.4173,97.9819,96.0363,97.633,1666065600,1717600.0,2022-10-18 04:00:00
96.974,97.2235,95.7141,95.8885,1666152000,1157600.0,2022-10-19 04:00:00
95.1447,97.6281,94.6262,97.1266,1666238400,1598800.0,2022-10-20 04:00:00
96.8989,97.209,94.3646,94.7958,1666324800,1545600.0,2022-10-21 04:00:00
98.4446,98.842,96.8092,98.0303,1666584000,1331200.0,2022-10-24 04:00:00
99.4307,99.5567,98.103,98.3962,1666670400,1362400.0,2022-10-25 04:00:00
99.7966,100.9304,99.0091,99.7093,1666756800,1776800.0,2022-10-26 04:00:00
100.4628,101.1412,99.6706,100.0534,1666843200,1416800.0,2022-10-27 04:00:00
103.6101,103.6949,100.5186,100.8457,1666929600,1354400.0,2022-10-28 04:00:00
103.5883,103.942,102.6046,102.7645,1667188800,1832400.0,2022-10-31 04:00:00
103.7627,104.1601,102.7621,103.9154,1667275200,1466000.0,2022-11-01 04:00:00
100.7439,105.0275,100.7148,103.5495,1667361600,1627200.0,2022-11-02 04:00:00
99.564,101.4877,99.3823,99.753,1667448000,1742800.0,2022-11-03 04:00:00
99.4913,100.7657,98.2775,100.5476,1667534400,2230000.0,2022-11-04 04:00:00
101.7251,101.7712,99.6294,100.7269,1667797200,2813200.0,2022-11-07 05:00:00
104.429,105.5169,102.0619,102.5101,1667883600,1677200.0,2022-11-08 05:00:00
101.7663,104.3515,101.7009,103.4526,1667970000,1594400.0,2022-11-09 05:00:00
107.6974,108.0172,105.5266,106.4521,1668056400,2388400.0,2022-11-10 05:00:00
107.54,109.1511,106.7113,107.5981,1668142800,1824000.0,2022-11-11 05:00:00
107.8242,109.7164,107.246,107.4889,1668402000,1834800.0,2022-11-14 05:00:00
108.0501,109.8986,107.4015,109.7723,1668488400,1350000.0,2022-11-15 05:00:00
108.2687,109.3375,107.8922,108.3221,1668574800,1105600.0,2022-11-16 05:00:00
107.6784,108.191,106.4298,107.1246,1668661200,1287200.0,2022-11-17 05:00:00
109.1578,109.5901,108.1059,108.995,1668747600,1060400.0,2022-11-18 05:00:00
109.2282,110.3942,108.9318,109.6533,1669006800,960400.0,2022-11-21 05:00:00
110.6031,111.1229,109.3156,109.3253,1669093200,1440800.0,2022-11-22 05:00:00
110.6225,111.1812,109.8841,110.9772,1669179600,1074400.0,2022-11-23 05:00:00
110.8338,111.4776,110.5011,111.1885,1669352400,453200.0,2022-11-25 05:00:00
110.365,111.3488,109.8015,111.1351,1669611600,1022000.0,2022-11-28 05:00:00
109.4784,110.1075,108.3974,109.7918,1669698000,1095200.0,2022-11-29 05:00:00
112.1723,112.6435,108.7205,109.4784,1669784400,3275200.0,2022-11-30 05:00:00
112.335,112.5294,110.9966,112.5294,1669870800,1483600.0,2022-12-01 05:00:00
112.3545,112.6144,110.4719,111.0136,1669957200,1144000.0,2022-12-02 05:00:00
111.5966,111.684,110.4598,111.3124,1670216400,1020800.0,2022-12-05 05:00:00
109.9472,111.3415,109.2063,110.9189,1670302800,1181200.0,2022-12-06 05:00:00
110.1075,110.7852,109.4905,109.9715,1670389200,1746000.0,2022-12-07 05:00:00
110.5593,111.3051,109.8015,110.1075,1670475600,1458400.0,2022-12-08 05:00:00
110.1513,111.0112,109.8185,110.4209,1670562000,947200.0,2022-12-09 05:00:00
111.1132,111.3998,109.8913,110.5715,1670821200,1410000.0,2022-12-12 05:00:00
112.3278,114.2249,111.2274,113.5593,1670907600,2089200.0,2022-12-13 05:00:00
111.565,113.6103,110.5132,112.4055,1670994000,1145200.0,2022-12-14 05:00:00
107.9772,111.2687,107.5594,110.1586,1671080400,2366400.0,2022-12-15 05:00:00
108.1642,108.5237,106.7699,106.7699,1671166800,3419600.0,2022-12-16 05:00:00
107.7343,108.8857,107.1756,107.9383,1671426000,1343600.0,2022-12-19 05:00:00
107.8387,108.361,107.0711,107.5035,1671512400,1742800.0,2022-12-20 05:00:00
112.8063,112.8719,108.7424,110.127,1671598800,2119600.0,2022-12-21 05:00:00
109.9181,111.9124,108.4533,111.8322,1671685200,1756800.0,2022-12-22 05:00:00
111.0695,111.1302,108.8274,109.561,1671771600,820400.0,2022-12-23 05:00:00
111.5043,112.233,110.7537,111.5213,1672117200,1270400.0,2022-12-27 05:00:00
109.5634,112.8646,109.544,111.944,1672203600,1062800.0,2022-12-28 05:00:00
110.999,111.5796,110.161,110.3431,1672290000,1010000.0,2022-12-29 05:00:00
109.7043,110.6298,108.31,110.1537,1672376400,1249600.0,2022-12-30 05:00:00
109.0654,110.5035,108.3367,110.2654,1672722000,1226400.0,2023-01-03 05:00:00
107.812,110.3529,107.0711,110.0322,1672808400,1392800.0,2023-01-04 05:00:00
105.31,107.0201,104.8145,106.5707,1672894800,1853200.0,2023-01-05 05:00:00
107.3529,108.2177,105.5675,105.6647,1672981200,1720000.0,2023-01-06 05:00:00
107.1999,108.8274,106.6485,107.4792,1673240400,1529200.0,2023-01-09 05:00:00
108.0889,108.1108,106.4711,106.7991,1673326800,1128000.0,2023-01-10 05:00:00
110.2727,110.3262,108.3731,108.7278,1673413200,1768000.0,2023-01-11 05:00:00
108.395,110.0516,107.2484,109.7334,1673499600,1647200.0,2023-01-12 05:00:00
109.0484,109.1334,107.7148,108.3148,1673586000,1840400.0,2023-01-13 05:00:00
108.0671,110.1585,107.9335,108.7715,1673931600,1567600.0,2023-01-17 05:00:00
106.4468,109.5804,106.3545,108.8808,1674018000,1751600.0,2023-01-18 05:00:00
103.8671,106.6946,103.7991,106.08,1674104400,1399600.0,2023-01-19 05:00:00
106.0436,106.3278,102.7667,103.2622,1674190800,1577600.0,2023-01-20 05:00:00
106.3399,107.2387,105.5165,106.0897,1674450000,1262800.0,2023-01-23 05:00:00
106.9399,107.0347,104.8582,106.4978,1674536400,1098400.0,2023-01-24 05:00:00
106.1213,106.1796,104.6881,105.6549,1674622800,935200.0,2023-01-25 05:00:00
107.1464,107.1634,105.8444,106.4638,1674709200,1026800.0,2023-01-26 05:00:00
106.2185,107.1003,105.8857,106.5853,1674795600,898800.0,2023-01-27 05:00:00
105.9197,107.1756,105.6185,106.1238,1675054800,1296000.0,2023-01-30 05:00:00
107.7901,107.8436,106.1116,106.3084,1675141200,1752000.0,2023-01-31 05:00:00
108.4266,109.0752,105.6258,107.6736,1675227600,1713600.0,2023-02-01 05:00:00
108.0501,108.6865,106.9837,107.9553,1675314000,1655200.0,2023-02-02 05:00:00
107.4695,107.9116,105.4412,107.3262,1675400400,1594000.0,2023-02-03 05:00:00
106.6169,107.5521,106.0679,106.8015,1675659600,1201600.0,2023-02-06 05:00:00
107.6274,108.0063,104.8339,106.5149,1675746000,1276800.0,2023-02-07 05:00:00
106.8161,107.4185,106.2987,107.3626,1675832400,1253200.0,2023-02-08 05:00:00
106.4177,108.0962,106.0266,107.3723,1675918800,1552400.0,2023-02-09 05:00:00
107.5764,108.0015,105.9586,106.3497,1676005200,1284400.0,2023-02-10 05:00:00
108.8225,108.9416,107.6201,107.7804,1676264400,1095600.0,2023-02-13 05:00:00
107.9044,108.7397,106.3019,108.501,1676350800,1396800.0,2023-02-14 05:00:00
108.2843,108.5084,106.7671,107.449,1676437200,822000.0,2023-02-15 05:00:00
107.4879,108.4207,106.6745,106.9278,1676523600,1217600.0,2023-02-16 05:00:00
108.1552,108.4791,107.2127,107.6657,1676610000,1373200.0,2023-02-17 05:00:00
106.1119,107.7631,105.6419,107.6414,1676955600,1550400.0,2023-02-21 05:00:00
106.5649,107.3589,106.1899,106.3117,1677042000,1125200.0,2023-02-22 05:00:00
106.4651,107.1251,105.4836,106.9643,1677128400,847600.0,2023-02-23 05:00:00
105.9463,106.241,104.563,105.167,1677214800,1021600.0,2023-02-24 05:00:00
106.3117,107.203,105.8587,106.8864,1677474000,1086000.0,2023-02-27 05:00:00
106.7841,107.3613,105.8027,105.961,1677560400,1940400.0,2023-02-28 05:00:00
104.5119,106.7208,104.0516,106.168,1677646800,1271600.0,2023-03-01 05:00:00
106.0072,106.6502,103.9566,104.3073,1677733200,1063200.0,2023-03-02 05:00:00
107.6073,108.1187,105.9999,106.3847,1677819600,1387600.0,2023-03-03 05:00:00
108.2746,108.5765,107.3808,107.4465,1678078800,1000000.0,2023-03-06 05:00:00
106.1948,108.6155,105.7613,108.467,1678165200,1090800.0,2023-03-07 05:00:00
106.9619,107.2517,105.939,106.5016,1678251600,829600.0,2023-03-08 05:00:00
105.7612,108.0237,105.6687,107.6,1678338000,1192000.0,2023-03-09 05:00:00
104.3073,106.3725,103.9664,105.5737,1678424400,1242400.0,2023-03-10 05:00:00
104.9308,106.1826,103.5036,103.6717,1678680000,1358800.0,2023-03-13 04:00:00
107.5829,107.8898,105.2352,105.5323,1678766400,1530800.0,2023-03-14 04:00:00
105.2912,107.0325,103.9445,106.6112,1678852800,1647600.0,2023-03-15 04:00:00
106.0876,106.6696,104.1953,104.8699,1678939200,1381200.0,2023-03-16 04:00:00
105.3862,107.0812,104.5095,106.0876,1679025600,2310000.0,2023-03-17 04:00:00
107.5927,107.6998,105.8148,105.8806,1679284800,1294000.0,2023-03-20 04:00:00
107.9165,108.5424,106.8377,108.2478,1679371200,1198000.0,2023-03-21 04:00:00
106.1923,108.3988,106.0608,107.6706,1679457600,1766000.0,2023-03-22 04:00:00
105.4885,106.9107,104.4754,105.7028,1679544000,1370000.0,2023-03-23 04:00:00
106.2678,106.6015,104.3999,105.3862,1679630400,1128400.0,2023-03-24 04:00:00
107.3223,107.578,106.4529,106.5795,1679889600,1065200.0,2023-03-27 04:00:00
108.0408,108.6106,106.3141,106.3189,1679976000,1914000.0,2023-03-28 04:00:00
113.2817,113.9392,111.2335,111.4308,1680062400,3032000.0,2023-03-29 04:00:00
113.8881,114.2242,112.6193,113.7712,1680148800,1788400.0,2023-03-30 04:00:00
112.6802,113.457,112.1225,112.8482,1680235200,2310400.0,2023-03-31 04:00:00
112.2369,112.4001,111.0363,111.9568,1680494400,1444000.0,2023-04-03 04:00:00
110.7879,112.5121,110.2204,112.1005,1680580800,1270000.0,2023-04-04 04:00:00
110.0158,111.4089,109.7017,110.3203,1680667200,1326800.0,2023-04-05 04:00:00
110.0134,110.313,109.4874,109.9574,1680753600,955600.0,2023-04-06 04:00:00
109.5945,109.6311,108.8834,109.4411,1681099200,1156000.0,2023-04-10 04:00:00
109.6554,110.8171,109.446,110.3325,1681185600,1338400.0,2023-04-11 04:00:00
110.5516,111.2944,109.9964,110.1376,1681272000,1077600.0,2023-04-12 04:00:00
111.9739,112.1273,110.2424,110.8755,1681358400,1518400.0,2023-04-13 04:00:00
111.689,112.2954,110.9584,111.5623,1681444800,1211200.0,2023-04-14 04:00:00
112.5097,112.6728,111.4211,112.3806,1681704000,1257200.0,2023-04-17 04:00:00
111.9983,113.8565,111.7304,113.4181,1681790400,1489600.0,2023-04-18 04:00:00
110.6466,111.9739,110.5955,111.5867,1681876800,1115200.0,2023-04-19 04:00:00
111.7572,112.2101,109.9574,109.9891,1681963200,1160000.0,2023-04-20 04:00:00
111.9958,112.2978,111.4235,111.5891,1682049600,938400.0,2023-04-21 04:00:00
111.5307,112.4172,111.2701,112.1785,1682308800,1456800.0,2023-04-24 04:00:00
108.8664,110.8756,108.6496,110.8756,1682395200,1542000.0,2023-04-25 04:00:00
107.0666,107.9921,106.8133,107.7704,1682481600,1525600.0,2023-04-26 04:00:00
109.7918,110.0792,107.1592,107.8532,1682568000,1340000.0,2023-04-27 04:00:00
110.9973,111.611,110.0159,110.0159,1682654400,1142800.0,2023-04-28 04:00:00
112.5925,112.6729,110.7367,110.7367,1682913600,1251600.0,2023-05-01 04:00:00
111.7547,112.6704,110.7367,112.5389,1683000000,1410400.0,2023-05-02 04:00:00
111.5428,112.9651,111.4527,112.1517,1683086400,1086800.0,2023-05-03 04:00:00
111.5234,112.8604,111.1946,111.8692,1683172800,1229200.0,2023-05-04 04:00:00
113.5788,113.9417,111.7815,112.1639,1683259200,1229200.0,2023-05-05 04:00:00
112.0859,113.6397,111.9301,113.3061,1683518400,1302800.0,2023-05-08 04:00:00
112.4025,112.9091,111.1922,111.745,1683604800,1594000.0,2023-05-09 04:00:00
115.2008,115.2836,112.7265,113.2087,1683691200,1554400.0,2023-05-10 04:00:00
115.493,115.7414,114.5335,115.3664,1683777600,1604000.0,2023-05-11 04:00:00
115.8055,116.7894,115.2074,115.9959,1683864000,1020800.0,2023-05-12 04:00:00
114.5116,115.8006,114.1796,115.8006,1684123200,912400.0,2023-05-15 04:00:00
113.7548,114.6557,112.2998,114.121,1684209600,1145200.0,2023-05-16 04:00:00
113.6034,114.6801,113.0053,114.3676,1684296000,1048000.0,2023-05-17 04:00:00
115.2782,115.3929,112.8662,113.3129,1684382400,1346800.0,2023-05-18 04:00:00
114.8583,116.4061,114.4433,115.7884,1684468800,1108800.0,2023-05-19 04:00:00
115.1366,116.2718,114.6337,115.4979,1684728000,1147600.0,2023-05-22 04:00:00
112.4414,114.8046,112.3682,114.8046,1684814400,1048000.0,2023-05-23 04:00:00
112.8589,113.4497,111.8115,112.085,1684900800,1073600.0,2023-05-24 04:00:00
113.3252,113.6279,111.8897,112.5317,1684987200,1347600.0,2023-05-25 04:00:00
114.4286,114.8998,112.8564,113.2763,1685073600,1054400.0,2023-05-26 04:00:00
115.1293,115.7591,114.0844,114.8217,1685419200,946800.0,2023-05-30 04:00:00
115.2635,115.6029,113.6645,115.0292,1685505600,3282000.0,2023-05-31 04:00:00
116.2059,116.6136,114.6312,115.598,1685592000,1702800.0,2023-06-01 04:00:00
117.5632,117.6853,115.7786,116.4085,1685678400,1812800.0,2023-06-02 04:00:00
118.2199,118.5568,117.4656,117.8562,1685937600,1032000.0,2023-06-05 04:00:00
118.3054,118.7204,117.3167,118.115,1686024000,1339200.0,2023-06-06 04:00:00
116.4647,118.6765,116.1326,118.3713,1686110400,1742400.0,2023-06-07 04:00:00
117.9514,118.0954,115.9618,116.0765,1686196800,1102800.0,2023-06-08 04:00:00
117.2874,117.8416,116.5818,117.4607,1686283200,1254000.0,2023-06-09 04:00:00
118.2883,118.5202,117.075,117.2874,1686542400,1264800.0,2023-06-12 04:00:00
117.9807,118.5764,117.5559,118.5471,1686628800,1244800.0,2023-06-13 04:00:00
118.6692,118.989,117.8367,118.115,1686715200,1081200.0,2023-06-14 04:00:00
120.2047,120.671,118.3933,118.6472,1686801600,1160400.0,2023-06-15 04:00:00
119.9557,121.5035,119.5114,121.5035,1686888000,2504000.0,2023-06-16 04:00:00
118.2663,119.4064,117.988,119.194,1687233600,1592400.0,2023-06-20 04:00:00
118.7692,119.6628,117.4094,117.8855,1687320000,1884800.0,2023-06-21 04:00:00
118.9572,119.1379,118.3054,118.9206,1687406400,964400.0,2023-06-22 04:00:00
117.8147,118.4446,116.7625,117.7903,1687492800,2160800.0,2023-06-23 04:00:00
118.4934,119.2184,117.3533,117.5754,1687752000,1117600.0,2023-06-26 04:00:00
119.9142,120.0338,118.7326,118.7326,1687838400,1150800.0,2023-06-27 04:00:00
119.4626,119.8507,118.9816,119.8434,1687924800,1220000.0,2023-06-28 04:00:00
119.631,119.6359,118.779,119.4211,1688011200,1088800.0,2023-06-29 04:00:00
121.3521,121.5694,120.5904,120.5978,1688097600,1837200.0,2023-06-30 04:00:00
118.9963,120.4879,117.18,119.8581,1688356800,1081600.0,2023-07-03 04:00:00
118.8327,119.1452,117.3509,118.5642,1688529600,1654400.0,2023-07-05 04:00:00
118.8376,118.9987,117.2825,117.8782,1688616000,1534800.0,2023-07-06 04:00:00
117.241,118.6569,117.1531,118.6106,1688702400,1800400.0,2023-07-07 04:00:00
119.4992,120.5538,117.4314,117.7683,1688961600,2856000.0,2023-07-10 04:00:00
120.2951,120.7125,119.5846,119.5846,1689048000,2042000.0,2023-07-11 04:00:00
120.3683,121.2203,119.9557,120.9542,1689134400,1801600.0,2023-07-12 04:00:00
120.7174,121.7574,118.5056,119.526,1689220800,2868400.0,2023-07-13 04:00:00
121.1764,121.6598,120.1852,120.6491,1689307200,1881200.0,2023-07-14 04:00:00
122.961,123.2856,120.3317,121.2716,1689566400,1734400.0,2023-07-17 04:00:00
122.9756,123.5786,122.375,122.917,1689652800,1802400.0,2023-07-18 04:00:00
123.0562,123.1343,121.4718,122.4532,1689739200,2288000.0,2023-07-19 04:00:00
123.7934,124.4599,122.8682,123.5298,1689825600,1921200.0,2023-07-20 04:00:00
123.8764,125.5561,123.7934,124.7455,1689912000,7308800.0,2023-07-21 04:00:00
124.6455,124.8481,123.127,123.2564,1690171200,1869200.0,2023-07-24 04:00:00
126.0809,126.2787,124.0278,124.4721,1690257600,2386000.0,2023-07-25 04:00:00
126.098,126.6327,125.2509,125.7294,1690344000,1249600.0,2023-07-26 04:00:00
123.1758,126.4447,123.0879,126.0346,1690430400,2134000.0,2023-07-27 04:00:00
122.7095,124.3842,122.2872,124.3842,1690516800,1769200.0,2023-07-28 04:00:00
122.563,123.0733,122.1163,123.0244,1690776000,1769200.0,2023-07-31 04:00:00
122.9805,123.4785,122.065,122.7095,1690862400,1486800.0,2023-08-01 04:00:00
121.9576,122.5581,121.4254,121.5694,1690948800,1539200.0,2023-08-02 04:00:00
121.3106,122.1138,121.0519,121.5206,1691035200,1098400.0,2023-08-03 04:00:00
119.6457,121.7305,119.5236,121.7305,1691121600,1239200.0,2023-08-04 04:00:00
120.6954,121.3326,120.0046,120.3585,1691380800,1158400.0,2023-08-07 04:00:00
119.797,120.7223,118.8181,120.3073,1691467200,1269600.0,2023-08-08 04:00:00
120.1535,120.7955,119.7824,119.7824,1691553600,1151600.0,2023-08-09 04:00:00
119.6628,121.3815,119.4162,120.317,1691640000,914400.0,2023-08-10 04:00:00
119.6261,120.0753,119.238,119.6237,1691726400,1090000.0,2023-08-11 04:00:00
120.7988,120.9456,119.467,119.7534,1691985600,1122800.0,2023-08-14 04:00:00
119.6261,120.4144,119.4621,120.0301,1692072000,979200.0,2023-08-15 04:00:00
120.0203,121.685,119.7608,119.9101,1692158400,1392800.0,2023-08-16 04:00:00
118.4658,120.5295,118.3727,119.8832,1692244800,1482000.0,2023-08-17 04:00:00
118.8379,119.3128,117.8709,118.3654,1692331200,2612000.0,2023-08-18 04:00:00
118.9799,119.445,118.1084,118.8746,1692590400,994800.0,2023-08-21 04:00:00
118.8795,119.2663,118.5196,118.8305,1692676800,805600.0,2023-08-22 04:00:00
120.2528,120.3826,119.0313,119.6115,1692763200,1091600.0,2023-08-23 04:00:00
119.4401,121.4157,119.3299,120.4242,1692849600,1008400.0,2023-08-24 04:00:00
121.4255,121.7119,119.7094,119.8563,1692936000,1149200.0,2023-08-25 04:00:00
122.1795,122.5124,121.3496,121.5797,1693195200,1257200.0,2023-08-28 04:00:00
122.9751,123.1342,121.7437,121.9126,1693281600,1054400.0,2023-08-29 04:00:00
123.8686,124.1795,123.1587,123.1587,1693368000,1532400.0,2023-08-30 04:00:00
123.4231,124.3044,123.3863,123.5112,1693454400,1406400.0,2023-08-31 04:00:00
123.6899,124.4929,123.1905,124.4929,1693540800,694000.0,2023-09-01 04:00:00
121.6042,123.5283,121.5576,123.2199,1693886400,953600.0,2023-09-05 04:00:00
121.3569,122.1844,120.9873,121.3055,1693972800,894400.0,2023-09-06 04:00:00
121.7902,122.2602,120.8844,121.4034,1694059200,1376800.0,2023-09-07 04:00:00
121.21,122.3386,120.9971,122.1158,1694145600,982000.0,2023-09-08 04:00:00
121.8759,121.9665,121.1023,121.1292,1694404800,1423200.0,2023-09-11 04:00:00
125.2885,125.3741,122.4022,123.1758,1694491200,1827200.0,2023-09-12 04:00:00
126.0229,126.111,124.2995,125.2175,1694577600,1375600.0,2023-09-13 04:00:00
128.1257,128.4146,126.7769,126.8234,1694664000,1841600.0,2023-09-14 04:00:00
126.0939,128.4636,125.9935,128.3632,1694750400,3367200.0,2023-09-15 04:00:00
126.0082,126.679,125.7463,125.9372,1695009600,1055600.0,2023-09-18 04:00:00
126.133,126.3607,125.2273,125.8638,1695096000,1089600.0,2023-09-19 04:00:00
125.9592,127.8589,125.8931,126.6912,1695182400,895600.0,2023-09-20 04:00:00
123.4867,125.5773,123.4671,125.5602,1695268800,1465200.0,2023-09-21 04:00:00
123.565,124.8478,123.4304,123.6091,1695355200,1565600.0,2023-09-22 04:00:00
123.7535,123.8123,122.8918,123.1097,1695614400,1270000.0,2023-09-25 04:00:00
117.2295,123.3619,117.1512,122.3655,1695700800,3437200.0,2023-09-26 04:00:00
117.7705,118.6714,116.2185,117.9762,1695787200,2874000.0,2023-09-27 04:00:00
118.4584,119.702,117.5478,117.7975,1695873600,2260000.0,2023-09-28 04:00:00
117.7534,119.5919,117.5845,118.8281,1695960000,1999200.0,2023-09-29 04:00:00
118.6983,118.9015,117.2026,117.702,1696219200,1997200.0,2023-10-02 04:00:00
117.7191,119.0704,117.2368,117.9664,1696305600,1946400.0,2023-10-03 04:00:00
118.4707,119.1414,117.489,118.0643,1696392000,1386000.0,2023-10-04 04:00:00
117.959,118.6004,117.3641,118.4854,1696478400,1206800.0,2023-10-05 04:00:00
120.7523,121.2688,117.5037,117.5135,1696564800,2452400.0,2023-10-06 04:00:00
122.9457,123.0044,120.0521,120.3214,1696824000,1536000.0,2023-10-09 04:00:00
124.0277,124.7646,122.155,123.0436,1696910400,1993200.0,2023-10-10 04:00:00
125.4647,125.7022,124.1477,124.1477,1696996800,1414800.0,2023-10-11 04:00:00
126.0718,128.6129,125.1587,127.0976,1697083200,2039200.0,2023-10-12 04:00:00
125.4941,127.0021,125.0877,126.7108,1697169600,1048800.0,2023-10-13 04:00:00
126.4855,127.5284,126.062,126.7671,1697428800,1135200.0,2023-10-16 04:00:00
125.8956,126.4856,125.144,126.4856,1697515200,1308400.0,2023-10-17 04:00:00
124.4072,125.9445,124.2554,125.8809,1697601600,1002400.0,2023-10-18 04:00:00
123.0926,124.887,122.5932,124.5565,1697688000,1248800.0,2023-10-19 04:00:00
121.9591,123.3423,121.7045,123.1709,1697774400,1626400.0,2023-10-20 04:00:00
122.2749,123.2958,122.128,122.128,1698033600,1092800.0,2023-10-23 04:00:00
123.827,124.0057,122.2309,122.6813,1698120000,1540800.0,2023-10-24 04:00:00
122.7719,124.4023,122.5785,123.3398,1698206400,1548400.0,2023-10-25 04:00:00
122.0644,123.9616,122.035,122.6544,1698292800,1646000.0,2023-10-26 04:00:00
121.5234,122.3802,121.0778,122.2603,1698379200,1858400.0,2023-10-27 04:00:00
123.0901,123.6336,121.494,122.4022,1698638400,1210800.0,2023-10-30 04:00:00
124.1452,124.5663,123.0118,123.1293,1698724800,1398000.0,2023-10-31 04:00:00
124.6055,125.3154,123.543,124.5369,1698811200,1309200.0,2023-11-01 04:00:00
125.1171,125.8858,124.1061,124.7303,1698897600,1912000.0,2023-11-02 04:00:00
126.9189,127.5358,125.7169,125.8295,1698984000,1174800.0,2023-11-03 04:00:00
126.9825,127.526,126.2432,127.4428,1699246800,1110000.0,2023-11-06 05:00:00
128.8308,129.3106,126.4684,127.2592,1699333200,2436000.0,2023-11-07 05:00:00
129.0633,129.4917,128.2897,129.149,1699419600,1155200.0,2023-11-08 05:00:00
128.8479,129.9128,128.5125,129.411,1699506000,966800.0,2023-11-09 05:00:00
130.5983,130.7427,128.6349,129.6876,1699592400,1244000.0,2023-11-10 05:00:00
131.2813,131.6069,129.8932,130.4563,1699851600,952400.0,2023-11-13 05:00:00
134.1331,134.5552,132.5919,133.468,1699938000,1563600.0,2023-11-14 05:00:00
134.3049,135.37,134.0865,134.7172,1700024400,2107200.0,2023-11-15 05:00:00
135.8265,136.7198,134.1797,134.8546,1700110800,1970800.0,2023-11-16 05:00:00
134.484,136.6683,134.3515,136.4499,1700197200,1377200.0,2023-11-17 05:00:00
135.1884,135.7063,134.003,134.4963,1700456400,1174800.0,2023-11-20 05:00:00
135.7774,136.2241,135.1467,135.3626,1700542800,1052800.0,2023-11-21 05:00:00
136.1652,137.1935,135.9075,136.4548,1700629200,825600.0,2023-11-22 05:00:00
136.1848,136.4695,134.3736,135.2179,1700802000,456400.0,2023-11-24 05:00:00
136.1504,137.056,136.0645,136.3271,1701061200,863600.0,2023-11-27 05:00:00
136.0498,137.4217,135.6522,136.1848,1701147600,1108800.0,2023-11-28 05:00:00
134.7565,136.472,134.5307,136.472,1701234000,1202000.0,2023-11-29 05:00:00
135.7799,135.9369,134.3785,135.1172,1701320400,1700000.0,2023-11-30 05:00:00
137.007,137.2058,135.7455,135.7799,1701406800,1115600.0,2023-12-01 05:00:00
136.2216,136.8941,135.3848,135.7332,1701666000,1214400.0,2023-12-04 05:00:00
135.2473,135.9517,134.4423,135.3553,1701752400,1140800.0,2023-12-05 05:00:00
135.2105,136.656,134.5503,136.1971,1701838800,1070400.0,2023-12-06 05:00:00
135.9026,136.3345,134.3638,135.7013,1701925200,2513600.0,2023-12-07 05:00:00
135.7995,135.986,134.6387,134.8497,1702011600,1315200.0,2023-12-08 05:00:00
137.3383,138.2537,136.1701,136.5677,1702270800,1636400.0,2023-12-11 05:00:00
138.5458,138.5679,136.629,137.9298,1702357200,1345200.0,2023-12-12 05:00:00
141.0933,141.5056,138.5556,139.2919,1702443600,1554400.0,2023-12-13 05:00:00
138.2758,141.4786,137.9469,141.4786,1702530000,2452800.0,2023-12-14 05:00:00
137.1199,139.125,136.8475,137.9887,1702616400,4520800.0,2023-12-15 05:00:00
137.5984,138.9066,137.5273,138.9066,1702875600,1489200.0,2023-12-18 05:00:00
137.5076,138.4206,137.2917,137.7727,1702962000,1445200.0,2023-12-19 05:00:00
135.8805,138.1973,135.8535,137.2868,1703048400,2088000.0,2023-12-20 05:00:00
144.7868,145.1084,139.5741,141.6086,1703134800,2682400.0,2023-12-21 05:00:00
146.0851,146.6987,144.9218,145.3292,1703221200,1873200.0,2023-12-22 05:00:00
147.8497,148.186,146.225,146.5048,1703566800,1288000.0,2023-12-26 05:00:00
148.7775,149.1652,147.7197,147.7197,1703653200,1065600.0,2023-12-27 05:00:00
147.5209,149.018,147.5062,148.2449,1703739600,1175200.0,2023-12-28 05:00:00
147.9062,148.3504,147.1675,147.3123,1703826000,1136400.0,2023-12-29 05:00:00
145.2679,148.1295,144.323,147.4693,1704171600,1556000.0,2024-01-02 05:00:00
142.4137,145.5821,142.237,145.2066,1704258000,1530800.0,2024-01-03 05:00:00
142.929,144.161,142.2222,142.2222,1704344400,1291600.0,2024-01-04 05:00:00
141.6725,143.4419,141.0074,142.929,1704430800,1160800.0,2024-01-05 05:00:00
143.3585,143.5033,141.3461,141.8615,1704690000,1703200.0,2024-01-08 05:00:00
143.4518,143.4862,141.4958,141.9915,1704776400,855600.0,2024-01-09 05:00:00
144.0678,144.1782,142.7499,143.3438,1704862800,938000.0,2024-01-10 05:00:00
144.3696,144.5316,143.2358,144.3475,1704949200,1117200.0,2024-01-11 05:00:00
145.5354,145.6213,144.2518,145.0642,1705035600,914400.0,2024-01-12 05:00:00
144.4482,145.609,143.8322,145.0887,1705381200,1218000.0,2024-01-16 05:00:00
144.5267,144.728,143.6138,143.7954,1705467600,1122400.0,2024-01-17 05:00:00
145.4422,145.7514,143.95,144.5267,1705554000,1082400.0,2024-01-18 05:00:00
147.0202,147.3957,145.1918,145.8447,1705640400,1259600.0,2024-01-19 05:00:00
147.6289,148.2326,147.3025,148.0535,1705899600,967200.0,2024-01-22 05:00:00
148.1541,149.0032,147.138,148.3749,1705986000,864000.0,2024-01-23 05:00:00
146.7503,148.8143,146.5515,148.4879,1706072400,1372400.0,2024-01-24 05:00:00
146.8877,147.6755,146.0312,146.9736,1706158800,1079600.0,2024-01-25 05:00:00
146.7159,147.5822,146.0263,147.5822,1706245200,685600.0,2024-01-26 05:00:00
147.7442,148.3848,146.1465,146.1465,1706504400,1270400.0,2024-01-29 05:00:00
149.4155,149.4818,146.9588,146.9588,1706590800,1209200.0,2024-01-30 05:00:00
148.375,150.1224,147.7221,149.4622,1706677200,2575600.0,2024-01-31 05:00:00
151.5581,151.7667,148.1933,148.9075,1706763600,1486000.0,2024-02-01 05:00:00
151.99,152.8073,150.1886,151.2562,1706850000,1349200.0,2024-02-02 05:00:00
151.0869,151.4452,149.9874,151.3912,1707109200,1422800.0,2024-02-05 05:00:00
151.644,152.1422,150.8046,151.6734,1707195600,1342400.0,2024-02-06 05:00:00
152.5594,153.6785,152.3066,152.6772,1707282000,1089600.0,2024-02-07 05:00:00
151.4648,152.6453,151.1703,152.2845,1707368400,1715600.0,2024-02-08 05:00:00
151.7249,152.2477,150.7065,151.8992,1707454800,1123600.0,2024-02-09 05:00:00
150.6132,151.4795,150.1788,151.4256,1707714000,1157200.0,2024-02-12 05:00:00
148.7161,150.1616,147.9406,149.953,1707800400,1777200.0,2024-02-13 05:00:00
150.6986,150.8265,148.5095,149.1736,1707886800,1427200.0,2024-02-14 05:00:00
152.7525,152.9763,150.8954,151.5398,1707973200,1213200.0,2024-02-15 05:00:00
151.1881,152.9394,150.7158,152.7205,1708059600,1358800.0,2024-02-16 05:00:00
151.1832,152.2999,150.305,151.193,1708405200,1694000.0,2024-02-20 05:00:00
152.1719,152.2875,150.9716,151.8202,1708491600,1236000.0,2024-02-21 05:00:00
154.248,154.6194,153.1731,153.1731,1708578000,1359200.0,2024-02-22 05:00:00
155.7238,156.0189,154.457,154.457,1708664400,712000.0,2024-02-23 05:00:00
155.9304,156.5281,155.2761,155.4999,1708923600,1778000.0,2024-02-26 05:00:00
154.5062,155.3474,154.1053,155.3474,1709010000,1094800.0,2024-02-27 05:00:00
155.1383,155.5442,154.4078,154.8358,1709096400,846000.0,2024-02-28 05:00:00
154.6194,155.6992,154.2799,155.6992,1709182800,1613200.0,2024-02-29 05:00:00
154.5579,155.1162,152.4843,152.5458,1709269200,1186400.0,2024-03-01 05:00:00
154.7743,155.4139,154.334,154.8284,1709528400,892800.0,2024-03-04 05:00:00
153.8273,154.6366,152.7893,154.2529,1709614800,1320800.0,2024-03-05 05:00:00
153.9282,155.1236,153.4904,154.2529,1709701200,1308800.0,2024-03-06 05:00:00
154.5628,155.4606,154.2775,155.0228,1709787600,1022400.0,2024-03-07 05:00:00
153.8224,154.9613,153.4166,154.3783,1709874000,1213200.0,2024-03-08 05:00:00
153.5961,154.4078,151.6702,154.3266,1710129600,812800.0,2024-03-11 04:00:00
154.1496,154.4595,152.718,153.0919,1710216000,1039600.0,2024-03-12 04:00:00
153.3083,154.0463,152.3294,154.0463,1710302400,1886000.0,2024-03-13 04:00:00
154.8875,155.2909,153.0058,154.029,1710388800,1298000.0,2024-03-14 04:00:00
154.3168,155.0104,153.3354,154.6193,1710475200,2752800.0,2024-03-15 04:00:00
153.7216,155.7705,153.5961,155.2539,1710734400,1423600.0,2024-03-18 04:00:00
154.3882,154.5234,153.3772,153.9946,1710820800,1426400.0,2024-03-19 04:00:00
156.1887,156.5527,154.2971,154.2971,1710907200,1088000.0,2024-03-20 04:00:00
157.9523,158.641,156.5453,157.0151,1710993600,1207600.0,2024-03-21 04:00:00
157.2709,158.5229,156.6216,158.5229,1711080000,1201600.0,2024-03-22 04:00:00
156.3535,158.518,156.2575,157.3595,1711339200,1247600.0,2024-03-25 04:00:00
155.7975,157.2094,155.5491,156.3682,1711425600,1331200.0,2024-03-26 04:00:00
168.6471,173.3697,161.9739,161.9739,1711512000,4428400.0,2024-03-27 04:00:00
168.989,169.5448,167.3631,169.2964,1711598400,2289600.0,2024-03-28 04:00:00
167.3926,168.8709,166.1972,168.6495,1711944000,1866400.0,2024-04-01 04:00:00
166.2119,167.6583,166.1554,167.2401,1712030400,2093200.0,2024-04-02 04:00:00
166.9769,167.4639,165.6954,166.7703,1712116800,1615600.0,2024-04-03 04:00:00
163.4497,169.5891,163.1521,169.1685,1712203200,1552800.0,2024-04-04 04:00:00
165.7077,166.0225,163.8383,164.3303,1712289600,1396000.0,2024-04-05 04:00:00
166.6252,167.0851,164.8001,165.7077,1712548800,1446000.0,2024-04-08 04:00:00
166.6989,167.7861,165.324,166.6645,1712635200,1076400.0,2024-04-09 04:00:00
165.0362,165.7569,164.0622,164.382,1712721600,1128800.0,2024-04-10 04:00:00
165.078,166.089,164.0794,165.2478,1712808000,1238000.0,2024-04-11 04:00:00
164.409,164.9895,163.7449,163.7449,1712894400,1297200.0,2024-04-12 04:00:00
163.5013,166.9548,162.8397,166.9351,1713153600,1848000.0,2024-04-15 04:00:00
163.9539,164.7902,163.4497,164.5492,1713240000,1361200.0,2024-04-16 04:00:00
164.4336,166.3349,163.5382,165.2576,1713326400,1183200.0,2024-04-17 04:00:00
162.9405,165.2305,162.761,164.2983,1713412800,848800.0,2024-04-18 04:00:00
162.6577,164.6082,162.0944,163.8187,1713499200,1560400.0,2024-04-19 04:00:00
163.5703,164.7239,163.1816,163.981,1713758400,1606400.0,2024-04-22 04:00:00
163.8974,164.6845,163.6071,163.8875,1713844800,2171200.0,2024-04-23 04:00:00
163.3562,164.0326,162.5322,163.2554,1713931200,3007600.0,2024-04-24 04:00:00
163.6317,164.2343,161.9714,163.5358,1714017600,1158800.0,2024-04-25 04:00:00
163.8728,164.559,162.6159,162.6159,1714104000,1096800.0,2024-04-26 04:00:00
163.7744,164.0302,162.7486,163.1619,1714363200,1078000.0,2024-04-29 04:00:00
161.9321,165.1002,161.5237,163.9933,1714449600,1673600.0,2024-04-30 04:00:00
163.2234,164.9157,161.5237,161.5237,1714536000,1234800.0,2024-05-01 04:00:00
162.9036,163.4743,159.5486,163.2873,1714622400,1559200.0,2024-05-02 04:00:00
165.7938,166.2341,163.7621,164.4852,1714708800,1682800.0,2024-05-03 04:00:00
168.6618,168.8463,166.512,166.512,1714968000,1800400.0,2024-05-06 04:00:00
170.4033,171.2125,169.5055,170.1155,1715054400,1590400.0,2024-05-07 04:00:00
169.8523,170.8042,169.4489,170.482,1715140800,1196400.0,2024-05-08 04:00:00
171.2568,171.5077,169.8523,169.8523,1715227200,1146400.0,2024-05-09 04:00:00
172.2456,172.8384,171.5274,171.8078,1715313600,879600.0,2024-05-10 04:00:00
169.7465,172.9245,169.6973,172.9122,1715572800,1083600.0,2024-05-13 04:00:00
169.4853,170.2542,168.6942,169.8205,1715659200,1456400.0,2024-05-14 04:00:00
170.6436,171.1094,170.0053,170.0053,1715745600,1166000.0,2024-05-15 04:00:00
170.3923,171.2203,170.0522,170.6708,1715832000,1011600.0,2024-05-16 04:00:00
170.5795,170.6091,168.7928,170.1384,1715918400,1206000.0,2024-05-17 04:00:00
171.8907,172.0336,169.6258,170.545,1716177600,776000.0,2024-05-20 04:00:00
172.5043,172.5043,170.6978,172.3984,1716264000,1105600.0,2024-05-21 04:00:00
172.9578,173.1969,171.6344,172.3885,1716350400,747600.0,2024-05-22 04:00:00
171.5481,173.9313,170.8334,173.5543,1716436800,2041600.0,2024-05-23 04:00:00
168.2802,171.5999,167.8636,170.8605,1716523200,1996800.0,2024-05-24 04:00:00
165.2044,168.0386,164.4059,167.5999,1716868800,1807200.0,2024-05-28 04:00:00
163.5261,164.4281,162.5871,164.0387,1716955200,1709600.0,2024-05-29 04:00:00
164.9333,164.9875,162.7152,163.462,1717041600,2023600.0,2024-05-30 04:00:00
167.0873,167.388,164.0091,164.8914,1717128000,2588800.0,2024-05-31 04:00:00
166.2445,168.0165,165.3277,167.8858,1717387200,1708800.0,2024-06-03 04:00:00
168.1988,169.054,165.7269,165.7269,1717473600,1559600.0,2024-06-04 04:00:00
169.0293,169.8476,167.4767,168.1988,1717560000,1196800.0,2024-06-05 04:00:00
168.1175,169.0663,167.4816,168.1816,1717646400,916000.0,2024-06-06 04:00:00
168.1224,169.2314,167.7158,168.0041,1717732800,834800.0,2024-06-07 04:00:00
168.6153,168.916,167.0553,167.0553,1717992000,1163600.0,2024-06-10 04:00:00
169.3005,169.33,167.5433,168.5266,1718078400,914000.0,2024-06-11 04:00:00
170.6633,171.1661,169.0417,169.8057,1718164800,1038000.0,2024-06-12 04:00:00
170.5352,170.8704,168.5044,169.8994,1718251200,992400.0,2024-06-13 04:00:00
171.4545,171.5752,168.8273,168.8273,1718337600,864800.0,2024-06-14 04:00:00
174.3503,174.4957,170.2197,171.2844,1718596800,1575200.0,2024-06-17 04:00:00
175.2301,175.8881,173.6429,174.2788,1718683200,1828400.0,2024-06-18 04:00:00
174.1211,175.6392,173.5345,175.1217,1718856000,1486400.0,2024-06-20 04:00:00
174.614,175.24,173.4778,174.747,1718942400,2516000.0,2024-06-21 04:00:00
175.2276,175.7329,174.1186,174.7372,1719201600,1671200.0,2024-06-24 04:00:00
176.1962,177.4408,174.3626,176.5733,1719288000,1174000.0,2024-06-25 04:00:00
174.3601,175.6096,173.2609,175.1907,1719374400,1664000.0,2024-06-26 04:00:00
175.3853,175.5307,173.8968,174.5721,1719460800,1470800.0,2024-06-27 04:00:00
172.5807,176.142,171.1094,175.4741,1719547200,10214000.0,2024-06-28 04:00:00
171.0626,174.8259,170.7447,173.569,1719806400,1559600.0,2024-07-01 04:00:00
173.5863,173.6676,169.7589,170.4859,1719892800,1426800.0,2024-07-02 04:00:00
173.1747,173.6528,172.5537,173.3103,1719979200,828000.0,2024-07-03 04:00:00
175.4051,175.7008,171.9671,173.2314,1720152000,1351200.0,2024-07-05 04:00:00
175.2375,176.1198,174.0989,175.6786,1720411200,1547200.0,2024-07-08 04:00:00
175.3016,176.105,175.0995,176.0459,1720497600,811200.0,2024-07-09 04:00:00
176.4008,176.5092,174.8111,175.3459,1720584000,1098400.0,2024-07-10 04:00:00
176.4303,178.3428,176.142,176.9109,1720670400,1411200.0,2024-07-11 04:00:00
177.8795,178.9244,177.3102,177.7341,1720756800,1069600.0,2024-07-12 04:00:00
176.1765,178.4784,175.8857,177.7932,1721016000,1380400.0,2024-07-15 04:00:00
178.7889,179.1807,176.3391,176.3391,1721102400,1544800.0,2024-07-16 04:00:00
177.3915,179.0477,177.3126,178.402,1721188800,2183200.0,2024-07-17 04:00:00
187.0499,190.6999,182.7863,189.7018,1721275200,3636800.0,2024-07-18 04:00:00
186.9489,189.4504,186.0346,186.9957,1721361600,2180800.0,2024-07-19 04:00:00
190.2736,190.2736,187.2225,188.6913,1721620800,1649600.0,2024-07-22 04:00:00
186.3279,190.5077,185.4727,190.4017,1721707200,2449200.0,2024-07-23 04:00:00
185.8374,189.1522,185.2213,187.2668,1721793600,2342000.0,2024-07-24 04:00:00
186.0321,188.2921,185.6526,186.5817,1721880000,1287600.0,2024-07-25 04:00:00
187.6464,188.6075,186.1701,187.2373,1721966400,1065600.0,2024-07-26 04:00:00
188.5015,189.3641,187.3161,188.0579,1722225600,931600.0,2024-07-29 04:00:00
188.8244,190.2341,187.7351,189.2434,1722312000,1700800.0,2024-07-30 04:00:00
188.2748,190.7418,187.6094,190.0715,1722398400,2177200.0,2024-07-31 04:00:00
187.7745,189.1078,185.8399,187.5256,1722484800,1816800.0,2024-08-01 04:00:00
186.5053,187.6464,183.4173,186.3722,1722571200,1940400.0,2024-08-02 04:00:00
182.3329,188.5213,181.3076,188.5213,1722830400,2306400.0,2024-08-05 04:00:00
183.7056,185.8621,182.4339,182.4339,1722916800,1543600.0,2024-08-06 04:00:00
182.4216,186.6926,182.217,184.9748,1723003200,1202800.0,2024-08-07 04:00:00
184.9453,185.6994,182.4216,182.7666,1723089600,1417600.0,2024-08-08 04:00:00
186.2317,186.3131,183.331,184.2207,1723176000,826800.0,2024-08-09 04:00:00
187.2126,187.2348,184.8294,185.2533,1723435200,1286800.0,2024-08-12 04:00:00
187.0869,189.024,185.5022,187.9692,1723521600,1458800.0,2024-08-13 04:00:00
188.0826,188.817,186.6088,186.6088,1723608000,998400.0,2024-08-14 04:00:00
189.5989,190.8411,188.7099,189.2161,1723694400,1239200.0,2024-08-15 04:00:00
188.8877,189.7372,187.9147,189.7372,1723780800,1070000.0,2024-08-16 04:00:00
190.893,190.9769,188.8877,188.8877,1724040000,1876000.0,2024-08-19 04:00:00
191.3078,192.0092,189.5372,190.6509,1724126400,1575200.0,2024-08-20 04:00:00
193.3551,193.607,191.8215,192.3698,1724212800,1418000.0,2024-08-21 04:00:00
193.7725,195.0517,192.15,193.4515,1724299200,1538400.0,2024-08-22 04:00:00
194.7258,195.5037,193.6836,194.1207,1724385600,1028400.0,2024-08-23 04:00:00
196.0,196.2865,194.4665,195.2098,1724644800,952400.0,2024-08-26 04:00:00
197.4645,197.5287,196.0618,196.331,1724731200,1186800.0,2024-08-27 04:00:00
197.02,199.0253,195.9087,198.6771,1724817600,1408400.0,2024-08-28 04:00:00
197.3805,199.5365,196.9237,198.03,1724904000,1126000.0,2024-08-29 04:00:00
198.8302,199.2969,196.4298,197.6152,1724990400,1584000.0,2024-08-30 04:00:00
197.4176,200.5317,196.405,198.8302,1725336000,1342000.0,2024-09-03 04:00:00
198.7462,198.9932,196.8051,197.5658,1725422400,1051200.0,2024-09-04 04:00:00
197.299,197.6621,194.4442,197.6621,1725508800,1568000.0,2024-09-05 04:00:00
193.0958,197.6473,192.3525,196.9582,1725595200,1502800.0,2024-09-06 04:00:00
198.7314,199.3142,194.0269,194.0269,1725854400,2057200.0,2024-09-09 04:00:00
201.6208,202.0085,198.8277,199.2994,1725940800,1100000.0,2024-09-10 04:00:00
202.4629,202.742,196.4223,200.991,1726027200,1446400.0,2024-09-11 04:00:00
203.5125,204.9646,199.4624,202.9988,1726113600,1340400.0,2024-09-12 04:00:00
205.2412,206.5747,202.8407,203.4137,1726200000,1030100.0,2024-09-13 04:00:00
202.4555,206.15,201.8035,205.5178,1726459200,1116300.0,2024-09-16 04:00:00
201.2899,204.3423,200.8947,203.0284,1726545600,1194900.0,2024-09-17 04:00:00
198.9289,202.2876,198.5931,201.4677,1726632000,1334000.0,2024-09-18 04:00:00
201.2602,202.8803,199.8378,202.4753,1726718400,1243600.0,2024-09-19 04:00:00
201.6751,202.2085,200.1835,201.3096,1726804800,3160600.0,2024-09-20 04:00:00
201.5072,202.2876,200.5786,201.9616,1727064000,1239200.0,2024-09-23 04:00:00
202.3568,203.1273,199.9958,201.5072,1727150400,1689400.0,2024-09-24 04:00:00
204.688,207.039,201.6751,205.5672,1727236800,1944100.0,2024-09-25 04:00:00
204.4904,208.9949,203.9669,206.2784,1727323200,2056500.0,2024-09-26 04:00:00
199.8872,205.4684,199.8378,205.1424,1727409600,2332500.0,2024-09-27 04:00:00
203.3742,203.6705,200.8256,201.0034,1727668800,1819800.0,2024-09-30 04:00:00
201.3788,202.979,199.7192,202.6926,1727755200,1518500.0,2024-10-01 04:00:00
202.8012,202.9988,199.9168,200.7663,1727841600,1114400.0,2024-10-02 04:00:00
202.0604,202.416,200.6675,201.9023,1727928000,1389900.0,2024-10-03 04:00:00
202.416,203.6113,200.3712,203.2359,1728014400,1747400.0,2024-10-04 04:00:00
201.9814,203.5026,200.3317,200.5292,1728273600,1261600.0,2024-10-07 04:00:00
204.5003,204.8065,202.9593,203.4927,1728360000,1050800.0,2024-10-08 04:00:00
206.5945,206.7624,203.9965,204.4806,1728446400,977000.0,2024-10-09 04:00:00
203.6211,206.7229,203.1075,206.071,1728532800,1015300.0,2024-10-10 04:00:00
205.5178,205.5178,203.6804,204.8757,1728619200,1347600.0,2024-10-11 04:00:00
208.9258,209.637,205.7153,205.9821,1728878400,944800.0,2024-10-14 04:00:00
208.1355,210.4569,207.4737,209.6667,1728964800,1318400.0,2024-10-15 04:00:00
210.3384,210.8027,208.2541,208.2541,1729051200,1140900.0,2024-10-16 04:00:00
211.2176,212.7487,210.1803,212.156,1729137600,1157200.0,2024-10-17 04:00:00
211.4151,211.5929,210.2396,211.3065,1729224000,1248000.0,2024-10-18 04:00:00
208.9752,210.9508,208.2936,210.3087,1729483200,824400.0,2024-10-21 04:00:00
208.9653,210.1705,207.1181,207.5132,1729569600,1054000.0,2024-10-22 04:00:00
207.1576,208.8962,206.6143,206.6143,1729656000,839100.0,2024-10-23 04:00:00
206.5846,208.2047,205.824,207.5725,1729742400,898100.0,2024-10-24 04:00:00
204.8856,208.3825,204.6781,207.5823,1729828800,1241600.0,2024-10-25 04:00:00
206.0512,206.9402,205.2412,206.0018,1730088000,960900.0,2024-10-28 04:00:00
206.5945,207.286,204.4608,205.6462,1730174400,1285900.0,2024-10-29 04:00:00
205.3202,206.7822,204.8559,206.5155,1730260800,885200.0,2024-10-30 04:00:00
203.305,205.4684,203.147,204.935,1730347200,1166200.0,2024-10-31 04:00:00
203.1173,204.5892,202.3864,203.4433,1730433600,1099800.0,2024-11-01 04:00:00
205.0337,205.172,202.5148,202.742,1730696400,926700.0,2024-11-04 05:00:00
206.4463,207.6515,204.6188,205.172,1730782800,1065100.0,2024-11-05 05:00:00
214.3786,214.8626,210.6446,212.7092,1730869200,2157400.0,2024-11-06 05:00:00
216.8482,217.1939,214.0823,214.3588,1730955600,1380400.0,2024-11-07 05:00:00
222.9727,224.4742,217.5199,218.9522,1731042000,1648300.0,2024-11-08 05:00:00
221.3823,224.5928,221.0761,222.9727,1731301200,1185300.0,2024-11-11 05:00:00
221.9948,222.6961,220.8686,221.3823,1731387600,900400.0,2024-11-12 05:00:00
220.8983,222.8641,220.5328,221.5206,1731474000,1049100.0,2024-11-13 05:00:00
214.4082,220.355,214.0427,220.2858,1731560400,1542700.0,2024-11-14 05:00:00
212.9634,214.3884,211.667,213.8541,1731646800,1792900.0,2024-11-15 05:00:00
213.953,216.0213,212.429,213.0822,1731906000,1610300.0,2024-11-18 05:00:00
215.7046,216.3083,212.2707,213.0921,1731992400,1231500.0,2024-11-19 05:00:00
216.4765,216.4963,213.9629,214.9129,1732078800,1015900.0,2024-11-20 05:00:00
219.1881,219.5245,215.863,216.9515,1732165200,1060800.0,2024-11-21 05:00:00
219.4552,220.4547,218.5844,219.1979,1732251600,1414300.0,2024-11-22 05:00:00
221.573,221.7214,219.1979,220.3756,1732510800,2752000.0,2024-11-25 05:00:00
224.1163,225.7491,222.7803,222.9485,1732597200,1369500.0,2024-11-26 05:00:00
221.7214,225.7096,220.4251,225.7096,1732683600,1261300.0,2024-11-27 05:00:00
223.4433,224.2548,221.9985,222.4636,1732856400,981400.0,2024-11-29 05:00:00
220.3261,223.4433,219.4453,223.0772,1733115600,1965300.0,2024-12-02 05:00:00
220.336,222.9189,218.0104,221.3355,1733202000,1391700.0,2024-12-03 05:00:00
221.2761,221.9095,219.5542,219.5542,1733288400,1495100.0,2024-12-04 05:00:00
220.9001,222.1964,219.3365,221.0485,1733374800,1015200.0,2024-12-05 05:00:00
221.385,222.6913,221.0881,221.2464,1733461200,1329100.0,2024-12-06 05:00:00
206.1351,218.9901,204.1955,217.862,1733720400,4021400.0,2024-12-09 05:00:00
207.956,208.619,204.7101,206.9862,1733806800,1982300.0,2024-12-10 05:00:00
208.7774,210.2816,207.6196,207.956,1733893200,1519000.0,2024-12-11 05:00:00
209.3909,209.5493,207.1643,208.4805,1733979600,1466500.0,2024-12-12 05:00:00
209.0248,209.7769,207.2237,208.5597,1734066000,1370600.0,2024-12-13 05:00:00
209.5987,211.667,208.9258,209.2029,1734325200,3075300.0,2024-12-16 05:00:00
206.2143,210.2024,205.8679,207.8175,1734411600,3241400.0,2024-12-17 05:00:00
202.2658,208.1242,202.1866,205.8086,1734498000,3568100.0,2024-12-18 05:00:00
180.8903,191.677,180.3163,190.6577,1734584400,6208800.0,2024-12-19 05:00:00
184.9971,185.7888,179.2673,179.7027,1734670800,6170200.0,2024-12-20 05:00:00
185.1752,186.3232,183.4137,185.1852,1734930000,2662900.0,2024-12-23 05:00:00
186.3925,186.432,184.72,185.2049,1735016400,908700.0,2024-12-24 05:00:00
183.2059,185.9372,183.0476,185.007,1735189200,1526500.0,2024-12-26 05:00:00
181.4642,183.2653,180.247,181.4147,1735275600,1572600.0,2024-12-27 05:00:00
181.771,182.632,178.9011,180.6626,1735534800,1867300.0,2024-12-30 05:00:00
180.8012,182.2361,180.0293,181.9689,1735621200,2041000.0,2024-12-31 05:00:00
180.1975,182.1668,179.0991,181.6819,1735794000,1754300.0,2025-01-02 05:00:00
183.9185,184.5221,180.8606,180.8606,1735880400,2105600.0,2025-01-03 05:00:00
183.1762,185.0862,182.1668,183.7205,1736139600,2589500.0,2025-01-06 05:00:00
186.7586,190.8853,184.532,185.5711,1736226000,3618400.0,2025-01-07 05:00:00
190.6478,191.103,186.3727,187.3722,1736312400,3206100.0,2025-01-08 05:00:00
187.3326,192.2213,187.2237,189.5097,1736485200,2331000.0,2025-01-10 05:00:00
188.6191,189.1931,185.7195,186.6399,1736744400,1587800.0,2025-01-13 05:00:00
190.2816,190.3608,187.4019,188.0649,1736830800,1585300.0,2025-01-14 05:00:00
193.6661,194.0124,191.9837,192.8348,1736917200,1466800.0,2025-01-15 05:00:00
195.9917,197.1693,194.2104,194.3588,1737003600,1417900.0,2025-01-16 05:00:00
196.2489,199.2178,195.4969,199.2178,1737090000,1673300.0,2025-01-17 05:00:00
199.1386,200.2173,196.8922,196.8922,1737435600,2237600.0,2025-01-21 05:00:00
196.9516,199.3563,196.8823,199.1386,1737522000,1577900.0,2025-01-22 05:00:00
195.7443,196.7141,194.8932,196.4667,1737608400,1114200.0,2025-01-23 05:00:00
195.3385,196.3578,194.9624,195.0119,1737694800,873900.0,2025-01-24 05:00:00
200.4548,200.8308,193.1911,193.4682,1737954000,2637900.0,2025-01-27 05:00:00
198.3469,201.009,198.2776,200.6428,1738040400,1471100.0,2025-01-28 05:00:00
196.4964,199.6235,196.3578,199.3563,1738126800,835900.0,2025-01-29 05:00:00
200.0787,200.2173,197.3474,197.3474,1738213200,883700.0,2025-01-30 05:00:00
198.4855,200.435,197.9808,199.0397,1738299600,1321500.0,2025-01-31 05:00:00
200.1084,200.8902,196.526,200.3162,1738558800,1789100.0,2025-02-03 05:00:00
198.5251,200.2866,197.5849,198.9209,1738645200,1452100.0,2025-02-04 05:00:00
199.5048,200.0688,196.8922,199.2079,1738731600,2009000.0,2025-02-05 05:00:00
202.1668,202.4142,199.0693,200.0193,1738818000,1343800.0,2025-02-06 05:00:00
199.96,203.4929,199.7423,202.8694,1738904400,2114600.0,2025-02-07 05:00:00
201.8501,203.0574,199.7719,201.4345,1739163600,1530300.0,2025-02-10 05:00:00
203.2653,203.5325,200.3064,202.1668,1739250000,1093600.0,2025-02-11 05:00:00
202.4835,203.4038,200.0391,201.197,1739336400,1308900.0,2025-02-12 05:00:00
203.8491,204.6903,202.7902,203.0475,1739422800,1273000.0,2025-02-13 05:00:00
202.4809,205.4553,202.461,204.2457,1739509200,1062600.0,2025-02-14 05:00:00
202.005,202.2727,199.903,200.9937,1739854800,1387900.0,2025-02-18 05:00:00
206.3675,206.8831,202.471,202.6197,1739941200,2326200.0,2025-02-19 05:00:00
204.1763,205.4553,202.8874,205.1381,1740027600,1340300.0,2025-02-20 05:00:00
202.6891,204.5729,201.886,204.1763,1740114000,2302600.0,2025-02-21 05:00:00
201.6183,204.7117,201.4696,202.8775,1740373200,1613700.0,2025-02-24 05:00:00
204.0672,205.723,200.5177,200.5177,1740459600,2206000.0,2025-02-25 05:00:00
202.5701,205.7528,200.8449,201.6579,1740546000,1519200.0,2025-02-26 05:00:00
201.6381,205.1083,201.5588,203.1848,1740632400,1688700.0,2025-02-27 05:00:00
205.733,205.9015,202.6693,202.7783,1740718800,1839400.0,2025-02-28 05:00:00
205.6635,208.3703,204.5233,205.0984,1740978000,1685000.0,2025-03-03 05:00:00
202.818,207.934,202.6098,206.5261,1741064400,1661900.0,2025-03-04 05:00:00
203.5418,204.8902,200.5376,200.5772,1741150800,1281700.0,2025-03-05 05:00:00
198.8917,202.0645,196.76,202.0645,1741237200,1947900.0,2025-03-06 05:00:00
201.3308,201.9554,196.651,198.1382,1741323600,1804800.0,2025-03-07 05:00:00
198.9016,203.8987,198.0192,200.1608,1741579200,1824000.0,2025-03-10 04:00:00
194.8861,199.8535,194.0434,199.7345,1741665600,1887500.0,2025-03-11 04:00:00
190.5732,195.9768,190.236,195.4116,1741752000,2339300.0,2025-03-12 04:00:00
188.957,190.5533,187.7573,190.2261,1741838400,1609700.0,2025-03-13 04:00:00
191.1978,191.8125,187.9061,188.6298,1741924800,1509700.0,2025-03-14 04:00:00
193.5079,193.855,189.5519,190.3055,1742184000,1532100.0,2025-03-17 04:00:00
191.763,193.3097,190.7417,192.3479,1742270400,1656400.0,2025-03-18 04:00:00
194.6977,195.1538,191.4357,191.7134,1742356800,1470800.0,2025-03-19 04:00:00
192.804,194.8266,191.178,193.2502,1742443200,1583200.0,2025-03-20 04:00:00
189.542,190.7615,188.2928,190.4939,1742529600,2574600.0,2025-03-21 04:00:00
192.9131,193.1609,189.6511,190.2856,1742788800,2049900.0,2025-03-24 04:00:00
191.8125,193.389,190.5037,192.7742,1742875200,2092400.0,2025-03-25 04:00:00
202.9667,210.8887,202.2727,202.7981,1742961600,3687300.0,2025-03-26 04:00:00
204.4936,206.0998,200.8648,200.8648,1743048000,2324700.0,2025-03-27 04:00:00
201.4894,204.7216,200.8053,204.7216,1743134400,1684800.0,2025-03-28 04:00:00
203.7797,204.9794,200.8251,202.114,1743393600,2595500.0,2025-03-31 04:00:00
206.0998,206.427,202.5404,203.7996,1743480000,1638000.0,2025-04-01 04:00:00
206.893,207.4284,204.0772,204.4341,1743566400,1613700.0,2025-04-02 04:00:00
203.1055,207.6168,199.8832,201.1027,1743652800,2244300.0,2025-04-03 04:00:00
188.7092,202.8279,188.5208,202.8279,1743739200,3969300.0,2025-04-04 04:00:00
188.9174,194.7076,183.0379,186.0222,1743998400,5369400.0,2025-04-07 04:00:00
188.4911,194.0533,186.7956,192.7247,1744084800,3735100.0,2025-04-08 04:00:00
202.2529,203.4327,185.8339,186.756,1744171200,4053900.0,2025-04-09 04:00:00
201.0036,203.5616,196.0759,202.471,1744257600,2869500.0,2025-04-10 04:00:00
204.2854,205.9511,198.4257,201.4993,1744344000,2116100.0,2025-04-11 04:00:00
207.8349,208.7867,204.3151,204.9596,1744603200,2183100.0,2025-04-14 04:00:00
206.427,210.1153,205.9015,208.3405,1744689600,1843700.0,2025-04-15 04:00:00
202.9766,206.6154,201.2118,205.5743,1744776000,1967600.0,2025-04-16 04:00:00
204.0078,205.7428,202.8477,204.216,1744862400,1712100.0,2025-04-17 04:00:00
198.7033,202.8577,195.6297,202.7486,1745208000,1405300.0,2025-04-21 04:00:00
204.0871,204.8109,199.9526,200.7359,1745294400,1565100.0,2025-04-22 04:00:00
205.9213,208.5587,204.3052,205.4553,1745380800,1786500.0,2025-04-23 04:00:00
207.9638,208.5388,203.3633,205.5148,1745467200,1507100.0,2025-04-24 04:00:00
206.6253,208.1224,204.563,207.6465,1745553600,1172800.0,2025-04-25 04:00:00
206.5063,207.2202,204.0276,206.4567,1745812800,1716100.0,2025-04-28 04:00:00
207.478,207.7655,204.9695,205.3859,1745899200,1380200.0,2025-04-29 04:00:00
209.8773,210.1946,203.8491,206.5955,1745985600,2053500.0,2025-04-30 04:00:00
207.7655,209.0842,205.0191,208.5388,1746072000,1439800.0,2025-05-01 04:00:00
209.7485,212.3561,208.2018,209.5006,1746158400,1373100.0,2025-05-02 04:00:00
210.0162,210.73,208.3108,209.2031,1746417600,1069100.0,2025-05-05 04:00:00
211.4935,211.8405,208.0729,208.9553,1746504000,1351400.0,2025-05-06 04:00:00
213.2781,214.3589,211.1663,211.5133,1746590400,1970000.0,2025-05-07 04:00:00
213.1294,216.3418,212.9906,214.4084,1746676800,1542000.0,2025-05-08 04:00:00
212.9113,213.645,212.1776,213.3376,1746763200,965200.0,2025-05-09 04:00:00
215.1421,216.1534,210.8589,216.1534,1747022400,1913300.0,2025-05-12 04:00:00
213.4963,216.4013,213.3872,215.5486,1747108800,1394700.0,2025-05-13 04:00:00
212.366,213.06,211.0275,212.5345,1747195200,1330300.0,2025-05-14 04:00:00
217.0245,217.2431,212.813,212.9322,1747281600,1376700.0,2025-05-15 04:00:00
219.3687,219.4481,215.8028,217.0245,1747368000,1431500.0,2025-05-16 04:00:00
221.5341,221.8023,218.5244,219.3687,1747627200,1137100.0,2025-05-19 04:00:00
221.3751,221.5142,217.4318,217.7,1747713600,1400300.0,2025-05-20 04:00:00
219.5674,221.2758,219.17,219.6865,1747800000,1298000.0,2025-05-21 04:00:00
220.1732,221.4347,218.425,218.9118,1747886400,1210200.0,2025-05-22 04:00:00
220.799,221.5738,217.541,218.5244,1747972800,1296300.0,2025-05-23 04:00:00
224.365,224.6431,221.842,222.9247,1748318400,1603800.0,2025-05-27 04:00:00
223.5703,225.3483,223.3816,224.4941,1748404800,994900.0,2025-05-28 04:00:00
223.2425,224.4345,221.7129,223.5902,1748491200,974200.0,2025-05-29 04:00:00
224.9808,226.2721,222.9247,223.9676,1748577600,2393600.0,2025-05-30 04:00:00
225.1695,225.1993,222.1499,223.4909,1748836800,1135100.0,2025-06-02 04:00:00
226.0535,226.2423,223.5306,224.9609,1748923200,1390900.0,2025-06-03 04:00:00
225.845,227.1263,225.2987,226.7191,1749009600,1302800.0,2025-06-04 04:00:00
225.3781,226.5899,224.6033,226.0436,1749096000,1286000.0,2025-06-05 04:00:00
226.133,227.7024,225.4675,227.2455,1749182400,1010300.0,2025-06-06 04:00:00
223.0935,225.6463,221.1765,225.4178,1749441600,1154500.0,2025-06-09 04:00:00
220.7295,222.875,219.5574,222.6565,1749528000,2099700.0,2025-06-10 04:00:00
220.2328,221.1467,218.3456,220.4514,1749614400,1520800.0,2025-06-11 04:00:00
222.0704,222.1102,219.4879,220.0441,1749700800,1466900.0,2025-06-12 04:00:00
220.4911,223.2823,219.9647,220.501,1749787200,1252900.0,2025-06-13 04:00:00
220.9778,223.3319,220.6401,222.0307,1750046400,699300.0,2025-06-16 04:00:00
219.8355,221.1467,218.8224,220.6103,1750132800,1451100.0,2025-06-17 04:00:00
218.9416,220.8288,218.2959,219.8355,1750219200,1840900.0,2025-06-18 04:00:00
217.1834,220.3322,216.3392,220.1335,1750392000,2667500.0,2025-06-20 04:00:00
219.4184,219.4581,216.8457,218.5443,1750651200,1238300.0,2025-06-23 04:00:00
221.7029,221.7625,218.0774,220.5308,1750737600,1467700.0,2025-06-24 04:00:00
217.7695,221.1864,216.6272,221.1864,1750824000,1280200.0,2025-06-25 04:00:00
218.9614,219.0508,216.8159,218.584,1750910400,1106900.0,2025-06-26 04:00:00
219.2694,221.3553,218.3158,219.4382,1750996800,1565500.0,2025-06-27 04:00:00
221.3751,222.0009,218.9316,219.3588,1751256000,1378700.0,2025-06-30 04:00:00
222.8055,223.5008,221.2957,222.7956,1751342400,1282100.0,2025-07-01 04:00:00
214.2135,221.693,213.4189,221.1964,1751428800,2717000.0,2025-07-02 04:00:00
217.8887,218.4151,214.0347,214.4121,1751515200,942300.0,2025-07-03 04:00:00
216.0809,218.8025,215.4154,217.8688,1751860800,1385500.0,2025-07-07 04:00:00
213.846,216.508,213.5977,215.4154,1751947200,1454000.0,2025-07-08 04:00:00
215.1869,215.2962,212.6938,213.995,1752033600,1066400.0,2025-07-09 04:00:00
215.1075,216.1902,213.4288,214.7598,1752120000,1002300.0,2025-07-10 04:00:00
213.995,215.0975,213.25,215.0975,1752206400,1035300.0,2025-07-11 04:00:00
215.4452,216.4584,213.5977,214.144,1752465600,923500.0,2025-07-14 04:00:00
211.8098,215.0181,211.631,215.0181,1752552000,1219600.0,2025-07-15 04:00:00
212.5845,212.6342,210.0019,212.0978,1752638400,1619100.0,2025-07-16 04:00:00
220.4315,220.8487,208.0948,210.0516,1752724800,3454300.0,2025-07-17 04:00:00
220.4514,224.1067,219.8057,222.577,1752811200,2528200.0,2025-07-18 04:00:00
219.8355,221.683,219.021,219.7461,1753070400,1523600.0,2025-07-21 04:00:00
218.2065,222.0506,217.9681,219.7958,1753156800,1318700.0,2025-07-22 04:00:00
219.7163,219.7958,216.6371,218.2065,1753243200,1355400.0,2025-07-23 04:00:00
221.3851,223.0836,218.6933,220.1435,1753329600,1453100.0,2025-07-24 04:00:00
222.0605,222.9247,220.7593,221.3255,1753416000,1074700.0,2025-07-25 04:00:00
218.9019,220.9679,218.6138,220.6401,1753675200,984500.0,2025-07-28 04:00:00
221.1864,221.6036,218.6336,220.0739,1753761600,1101300.0,2025-07-29 04:00:00
221.6334,222.8353,220.1832,221.3751,1753848000,1539800.0,2025-07-30 04:00:00
221.0573,224.355,219.9746,221.9016,1753934400,1456400.0,2025-07-31 04:00:00
220.0143,221.1169,217.5609,221.1169,1754020800,1304300.0,2025-08-01 04:00:00
223.5802,223.9279,219.17,219.4382,1754280000,1431700.0,2025-08-04 04:00:00
221.3652,223.9776,220.9083,223.5703,1754366400,1343300.0,2025-08-05 04:00:00
222.7757,223.0339,220.2329,222.0009,1754452800,1336000.0,2025-08-06 04:00:00
221.9016,224.4643,221.4745,224.4444,1754539200,1069200.0,2025-08-07 04:00:00
224.7523,225.2291,221.9214,221.9314,1754625600,1739700.0,2025-08-08 04:00:00
222.3784,225.1497,221.8817,224.4047,1754884800,1108200.0,2025-08-11 04:00:00
221.8122,222.7558,220.3123,222.3982,1754971200,1467200.0,2025-08-12 04:00:00
223.5902,223.918,221.4844,222.1499,1755057600,1118500.0,2025-08-13 04:00:00
219.8753,224.3351,219.7958,223.6994,1755144000,1057200.0,2025-08-14 04:00:00
215.5357,220.3232,215.1575,220.2435,1755230400,1398800.0,2025-08-15 04:00:00
213.2763,215.6054,213.1071,215.6054,1755489600,1762300.0,2025-08-18 04:00:00
215.4162,215.9935,213.0076,213.2962,1755576000,1994300.0,2025-08-19 04:00:00
215.7148,218.8401,215.3068,216.7699,1755662400,1915100.0,2025-08-20 04:00:00
215.0977,216.5011,213.9929,215.7148,1755748800,921700.0,2025-08-21 04:00:00
214.5802,217.6756,214.0427,216.103,1755835200,1448800.0,2025-08-22 04:00:00
210.8677,214.2916,209.8126,213.8238,1756094400,3862700.0,2025-08-25 04:00:00
211.9924,212.5497,210.3601,210.8079,1756180800,3073000.0,2025-08-26 04:00:00
212.2014,212.719,210.2506,211.5942,1756267200,2115400.0,2025-08-27 04:00:00
207.3442,212.3706,205.5825,212.1317,1756353600,2326400.0,2025-08-28 04:00:00
209.0462,209.2353,206.6973,207.7822,1756440000,1768800.0,2025-08-29 04:00:00
204.5474,207.7225,204.1194,206.5679,1756785600,2451300.0,2025-09-02 04:00:00
204.6469,204.7465,202.5468,203.6317,1756872000,2298700.0,2025-09-03 04:00:00
205.8712,206.1001,204.1891,205.1147,1756958400,1369200.0,2025-09-04 04:00:00
203.5421,206.7072,202.298,206.0901,1757044800,1413700.0,2025-09-05 04:00:00
201.8302,203.6317,200.2476,203.4028,1757304000,2668500.0,2025-09-08 04:00:00
201.1235,201.7904,199.113,200.815,1757390400,1889700.0,2025-09-09 04:00:00
200.4566,202.4075,199.0234,200.2377,1757476800,2003500.0,2025-09-10 04:00:00
203.5421,204.1095,200.178,200.4566,1757563200,1977700.0,2025-09-11 04:00:00
201.4221,204.2687,200.8548,203.4625,1757649600,1371300.0,2025-09-12 04:00:00
198.7746,202.0392,198.4959,201.4221,1757908800,1697800.0,2025-09-15 04:00:00
198.3565,199.2424,197.0825,198.0181,1757995200,1983800.0,2025-09-16 04:00:00
199.0433,201.9496,198.6352,198.8243,1758081600,2053800.0,2025-09-17 04:00:00
198.5755,200.168,198.466,198.9935,1758168000,1914800.0,2025-09-18 04:00:00
199.1926,199.7301,197.9186,199.4016,1758254400,4117900.0,2025-09-19 04:00:00
201.6411,202.3677,198.6253,198.9736,1758513600,2784500.0,2025-09-22 04:00:00
199.6504,201.5316,198.5556,200.6159,1758600000,2992300.0,2025-09-23 04:00:00
199.103,201.3524,191.5983,196.1071,1758686400,3362500.0,2025-09-24 04:00:00
201.1036,202.6364,198.3665,199.1826,1758772800,2066100.0,2025-09-25 04:00:00
203.2834,203.7711,200.596,201.8003,1758859200,1792300.0,2025-09-26 04:00:00
202.9549,204.7365,202.089,204.7365,1759118400,1809300.0,2025-09-29 04:00:00
204.2986,204.9654,200.805,201.651,1759204800,1822700.0,2025-09-30 04:00:00
202.6862,203.781,201.5515,203.1142,1759291200,1288500.0,2025-10-01 04:00:00
201.9596,202.517,200.4965,201.0439,1759377600,1713300.0,2025-10-02 04:00:00
201.661,202.6065,200.8349,201.9297,1759464000,1566800.0,2025-10-03 04:00:00
198.1077,201.7605,197.4309,201.5017,1759723200,1565200.0,2025-10-06 04:00:00
198.2371,198.7646,196.0872,198.1077,1759809600,1826400.0,2025-10-07 04:00:00
197.8788,198.4561,196.6247,198.4561,1759896000,1507700.0,2025-10-08 04:00:00
190.8519,197.9286,190.4736,197.4707,1759982400,2600700.0,2025-10-09 04:00:00
187.0796,191.1604,186.4127,190.3144,1760068800,3428200.0,2025-10-10 04:00:00
187.0597,188.5527,186.0743,186.5919,1760328000,2094800.0,2025-10-13 04:00:00
187.3483,188.5925,184.651,186.0943,1760414400,2702300.0,2025-10-14 04:00:00
186.572,188.6821,186.1042,187.4479,1760500800,1506700.0,2025-10-15 04:00:00
183.4965,187.0995,183.0884,187.0995,1760587200,1593800.0,2025-10-16 04:00:00
187.2189,188.5128,184.014,184.0638,1760673600,2511600.0,2025-10-17 04:00:00
191.4291,192.9022,187.3085,187.3782,1760932800,3569100.0,2025-10-20 04:00:00
195.5697,196.6944,190.6926,191.3893,1761019200,3360200.0,2025-10-21 04:00:00
192.6335,196.0773,192.3946,195.6393,1761105600,1322600.0,2025-10-22 04:00:00
191.4391,194.8132,191.2898,193.0913,1761192000,1842300.0,2025-10-23 04:00:00
189.9362,192.0462,189.6774,191.8571,1761278400,1309100.0,2025-10-24 04:00:00
187.7962,190.3542,187.3384,189.7172,1761537600,2021700.0,2025-10-27 04:00:00
189.0006,189.7172,186.2834,187.2289,1761624000,1812700.0,2025-10-28 04:00:00
183.0386,186.7213,181.7945,185.9748,1761710400,2327300.0,2025-10-29 04:00:00
183.1182,185.9848,182.541,183.3472,1761796800,1975700.0,2025-10-30 04:00:00
182.4116,183.9344,181.8442,183.1182,1761883200,2362700.0,2025-10-31 04:00:00
181.1873,182.3718,179.5451,182.1428,1762146000,2436900.0,2025-11-03 05:00:00
183.2476,183.4965,180.2816,183.2675,1762232400,1771200.0,2025-11-04 05:00:00
184.9397,185.5667,181.8642,181.8642,1762318800,2179600.0,2025-11-05 05:00:00
184.024,185.945,183.2078,184.8202,1762405200,2945400.0,2025-11-06 05:00:00
184.2032,185.8852,183.3273,185.2283,1762491600,2526800.0,2025-11-07 05:00:00
184.3823,184.6809,181.5855,182.7002,1762750800,2700800.0,2025-11-10 05:00:00
184.8899,186.363,183.9742,184.7705,1762837200,1642400.0,2025-11-11 05:00:00
184.4122,185.6464,183.8647,184.7108,1762923600,1864900.0,2025-11-12 05:00:00
187.0298,188.8015,183.9145,184.4122,1763010000,2323800.0,2025-11-13 05:00:00
186.2915,188.6062,185.663,187.7881,1763096400,3417000.0,2025-11-14 05:00:00
183.3383,186.4412,182.8894,185.5931,1763355600,2429800.0,2025-11-17 05:00:00
183.488,185.4036,182.4304,183.9669,1763442000,1839800.0,2025-11-18 05:00:00
183.049,183.9769,180.4749,183.0989,1763528400,2532600.0,2025-11-19 05:00:00
182.7796,184.0966,181.5824,184.0367,1763614800,4148400.0,2025-11-20 05:00:00
185.3736,186.521,183.0889,183.1986,1763701200,1997200.0,2025-11-21 05:00:00
181.742,184.2762,180.9837,183.7773,1763960400,4125600.0,2025-11-24 05:00:00
183.2485,184.0168,181.3728,181.722,1764046800,2282800.0,2025-11-25 05:00:00
184.1764,185.2539,182.4304,182.6998,1764133200,1779800.0,2025-11-26 05:00:00
185.5931,185.9324,183.8871,184.4358,1764306000,738700.0,2025-11-28 05:00:00
185.0045,186.6208,184.4458,184.7052,1764565200,1598600.0,2025-12-01 05:00:00
183.7673,185.3537,183.2186,184.8149,1764651600,1588100.0,2025-12-02 05:00:00
184.2861,184.785,182.9293,183.7673,1764738000,1515200.0,2025-12-03 05:00:00
183.6077,186.1219,182.8594,185.0244,1764824400,1226900.0,2025-12-04 05:00:00
186.3215,186.5509,183.3782,183.6975,1764910800,1709100.0,2025-12-05 05:00:00
182.5601,185.7129,182.4005,185.7129,1765170000,1792200.0,2025-12-08 05:00:00
182.7297,183.8771,182.3306,182.7497,1765256400,1268900.0,2025-12-09 05:00:00
185.1142,185.673,182.2708,182.7297,1765342800,1490000.0,2025-12-10 05:00:00
188.3967,188.686,185.194,185.3038,1765429200,1451600.0,2025-12-11 05:00:00
187.0997,188.8556,185.8825,188.4765,1765515600,2842400.0,2025-12-12 05:00:00
188.0176,190.3821,187.0997,189.0452,1765774800,3705200.0,2025-12-15 05:00:00
187.1895,188.8856,186.2416,188.7259,1765861200,2215800.0,2025-12-16 05:00:00
186.94,189.125,186.3414,186.5509,1765947600,2531900.0,2025-12-17 05:00:00
189.4543,195.6001,186.092,191.6392,1766034000,3081200.0,2025-12-18 05:00:00
187.1396,189.1649,186.4312,189.1649,1766120400,7257400.0,2025-12-19 05:00:00
191.5494,192.8664,185.9523,186.1818,1766379600,1773400.0,2025-12-22 05:00:00
190.2225,192.3476,189.4243,191.5494,1766466000,1380400.0,2025-12-23 05:00:00
190.7413,191.1005,189.7536,189.7536,1766552400,598700.0,2025-12-24 05:00:00
190.7014,191.4197,189.8633,190.3123,1766725200,604700.0,2025-12-26 05:00:00
190.6016,191.7789,189.7635,191.1304,1766984400,961000.0,2025-12-29 05:00:00
189.9132,190.881,189.2447,189.8134,1767070800,791900.0,2025-12-30 05:00:00
187.6384,190.1826,187.6085,189.8234,1767157200,969600.0,2025-12-31 05:00:00
184.4558,187.1595,184.0367,187.1496,1767330000,1372300.0,2026-01-02 05:00:00
185.0344,186.8203,182.7197,183.7274,1767589200,1393800.0,2026-01-05 05:00:00
186.95,187.7282,183.8372,184.4358,1767675600,1484800.0,2026-01-06 05:00:00
186.2716,188.7559,185.7129,187.4289,1767762000,1760700.0,2026-01-07 05:00:00
189.8234,189.8833,185.2938,185.4535,1767848400,1642200.0,2026-01-08 05:00:00
192.6768,194.0237,189.2248,189.2248,1767934800,1814500.0,2026-01-09 05:00:00
192.5871,194.2831,191.729,192.0682,1768194000,1601200.0,2026-01-12 05:00:00
192.2778,193.8242,189.6039,192.9063,1768280400,1649000.0,2026-01-13 05:00:00
193.7843,195.221,191.5794,194.0936,1768366800,1745500.0,2026-01-14 05:00:00
195.1312,196.7674,193.6546,194.9616,1768453200,1830400.0,2026-01-15 05:00:00
194.9716,195.6799,193.2355,195.6799,1768539600,2712100.0,2026-01-16 05:00:00
193.2954,194.333,192.2079,193.0959,1768885200,2582200.0,2026-01-20 05:00:00
194.9616,197.0169,192.4474,193.2555,1768971600,2125100.0,2026-01-21 05:00:00
192.627,196.0192,192.0084,195.3307,1769058000,1810900.0,2026-01-22 05:00:00
192.5172,194.6024,191.9984,192.627,1769144400,1404100.0,2026-01-23 05:00:00
193.4451,194.373,192.0882,192.2977,1769403600,1581600.0,2026-01-26 05:00:00
190.7712,192.7866,190.4021,191.9785,1769490000,1053400.0,2026-01-27 05:00:00
188.7259,190.5418,188.3668,190.1028,1769576400,1379000.0,2026-01-28 05:00:00
189.2148,190.6116,187.6185,188.5364,1769662800,1414000.0,2026-01-29 05:00:00
190.9508,191.2401,188.0774,188.7159,1769749200,1782200.0,2026-01-30 05:00:00
190.4719,191.9485,188.2171,190.5318,1770008400,1882700.0,2026-02-02 05:00:00
190.2923,190.7014,185.7129,187.2693,1770094800,3030400.0,2026-02-03 05:00:00
192.168,194.4129,189.9531,191.4098,1770181200,2962300.0,2026-02-04 05:00:00
193.6646,196.4482,191.9485,193.1857,1770267600,2261000.0,2026-02-05 05:00:00
195.4205,195.8795,193.485,193.8342,1770354000,1689500.0,2026-02-06 05:00:00
194.3131,196.3484,194.1734,195.6001,1770613200,1540800.0,2026-02-09 05:00:00
198.8526,201.6362,193.904,193.904,1770699600,2558400.0,2026-02-10 05:00:00
199.9002,202.0353,198.9424,199.0123,1770786000,1831500.0,2026-02-11 05:00:00
195.65,201.8857,194.2831,199.7805,1770872400,2261200.0,2026-02-12 05:00:00
193.44,197.49,192.35,196.1,1770958800,1913800.0,2026-02-13 05:00:00
194.92,197.27,193.74,193.74,1771304400,1392300.0,2026-02-17 05:00:00
196.41,196.53,193.19,195.25,1771390800,1032800.0,2026-02-18 05:00:00
197.97,198.15,196.27,196.55,1771477200,1613400.0,2026-02-19 05:00:00
200.02,200.13,195.86,195.86,1771563600,1800400.0,2026-02-20 05:00:00
198.33,200.7,197.72,199.94,1771822800,1339400.0,2026-02-23 05:00:00
198.55,199.72,197.2,197.9,1771909200,1858500.0,2026-02-24 05:00:00
196.78,199.21,196.31,198.43,1771995600,2807200.0,2026-02-25 05:00:00
198.28,200.08,196.94,198.07,1772082000,2107600.0,2026-02-26 05:00:00
201.13,203.0,196.95,198.9,1772168400,2116400.0,2026-02-27 05:00:00
201.6,202.42,198.58,200.29,1772427600,1200500.0,2026-03-02 05:00:00
201.55,203.0,198.66,201.4,1772514000,1502600.0,2026-03-03 05:00:00
200.12,202.78,199.76,201.24,1772600400,1398000.0,2026-03-04 05:00:00
204.53,209.08,196.5,199.2,1772686800,3984600.0,2026-03-05 05:00:00
203.61,206.53,200.77,204.94,1772773200,2396000.0,2026-03-06 05:00:00
200.77,203.44,198.1,203.2,1773028800,1949000.0,2026-03-09 04:00:00
196.28,199.97,194.41,199.31,1773115200,2041200.0,2026-03-10 04:00:00
198.34,203.43,191.35,194.72,1773201600,5047200.0,2026-03-11 04:00:00
193.26,200.08,193.0,198.04,1773288000,3086700.0,2026-03-12 04:00:00
194.28,195.62,192.12,194.38,1773374400,2265000.0,2026-03-13 04:00:00
192.74,195.44,192.27,194.46,1773633600,1732900.0,2026-03-16 04:00:00
192.84,195.14,192.0,193.64,1773720000,1687700.0,2026-03-17 04:00:00
185.44,192.43,185.02,190.9,1773806400,3467600.0,2026-03-18 04:00:00
181.83,186.53,178.64,185.39,1773892800,2912700.0,2026-03-19 04:00:00
179.34,183.53,177.94,181.81,1773979200,3838500.0,2026-03-20 04:00:00
181.21,184.33,180.0,181.7,1774238400,2692500.0,2026-03-23 04:00:00
178.13,181.26,177.53,181.26,1774324800,2328100.0,2026-03-24 04:00:00
176.85,186.05,173.59,184.18,1774411200,3210700.0,2026-03-25 04:00:00
168.85,176.47,168.02,176.47,1774497600,3606600.0,2026-03-26 04:00:00
165.71,168.79,165.6,167.98,1774584000,2689000.0,2026-03-27 04:00:00
168.66,170.31,166.25,167.11,1774843200,3084600.0,2026-03-30 04:00:00
169.14,169.98,166.23,169.44,1774929600,3685100.0,2026-03-31 04:00:00
172.04,172.68,167.55,167.8,1775016000,2962600.0,2026-04-01 04:00:00
174.34,175.27,170.24,170.58,1775102400,2387500.0,2026-04-02 04:00:00
171.69,174.97,171.56,173.43,1775448000,1697200.0,2026-04-06 04:00:00
170.28,172.46,168.99,172.03,1775534400,2484200.0,2026-04-07 04:00:00
174.59,176.79,171.57,171.57,1775620800,2474500.0,2026-04-08 04:00:00
174.15,174.32,172.15,173.28,1775707200,1795500.0,2026-04-09 04:00:00
174.93,175.65,173.17,173.99,1775793600,2351500.0,2026-04-10 04:00:00
