close,high,low,open,time,volume,date
123.7143,126.8616,123.452,126.6867,1603166400,2249200.0,2020-10-20 04:00:00
123.996,125.7444,123.656,124.3165,1603252800,2200800.0,2020-10-21 04:00:00
123.2869,124.3457,121.8104,124.1223,1603339200,1791800.0,2020-10-22 04:00:00
123.1412,123.996,121.9367,123.5977,1603425600,1215200.0,2020-10-23 04:00:00
123.0538,123.8503,121.451,122.7915,1603684800,2166000.0,2020-10-26 04:00:00
122.9955,123.928,122.4904,123.7143,1603771200,1452800.0,2020-10-27 04:00:00
122.0047,123.4326,121.2373,122.0241,1603857600,2079600.0,2020-10-28 04:00:00
120.3534,122.5584,119.2557,122.1893,1603944000,2633500.0,2020-10-29 04:00:00
116.3998,120.5379,115.1273,119.4694,1604030400,3312900.0,2020-10-30 04:00:00
116.3804,117.5946,114.4182,117.4781,1604293200,2650000.0,2020-11-02 05:00:00
117.2838,117.9832,115.9822,117.2935,1604379600,2022200.0,2020-11-03 05:00:00
121.723,123.3452,120.1785,121.3053,1604466000,2594800.0,2020-11-04 05:00:00
124.6565,125.1908,122.6652,125.1908,1604552400,3291700.0,2020-11-05 05:00:00
115.7782,117.2449,111.2516,116.0793,1604638800,12151100.0,2020-11-06 05:00:00
113.6217,117.8278,106.9969,113.1263,1604898000,7097200.0,2020-11-09 05:00:00
115.5256,117.0798,111.4944,113.6411,1604984400,4454200.0,2020-11-10 05:00:00
116.3513,117.1866,114.2239,116.8564,1605070800,3572900.0,2020-11-11 05:00:00
115.9044,118.8186,115.5645,117.4684,1605157200,2339800.0,2020-11-12 05:00:00
117.3421,117.9832,115.953,116.7787,1605243600,2110900.0,2020-11-13 05:00:00
115.205,117.2546,114.1851,115.8364,1605502800,3069300.0,2020-11-16 05:00:00
115.1273,117.1964,114.6708,115.9141,1605589200,2954200.0,2020-11-17 05:00:00
113.4954,115.1856,113.3109,114.9525,1605675600,2509200.0,2020-11-18 05:00:00
116.701,118.0415,113.0777,113.3983,1605762000,2839200.0,2020-11-19 05:00:00
118.3814,119.4791,115.6907,116.1084,1605848400,3186800.0,2020-11-20 05:00:00
118.3717,119.8579,116.9924,118.5369,1606107600,2085800.0,2020-11-23 05:00:00
116.8078,118.4786,116.3124,118.0123,1606194000,3471800.0,2020-11-24 05:00:00
118.0317,120.0231,117.1478,117.3518,1606280400,2850900.0,2020-11-25 05:00:00
120.6156,121.4218,118.906,120.0425,1606453200,2489400.0,2020-11-27 05:00:00
124.0931,124.7245,119.7414,121.1984,1606712400,10085200.0,2020-11-30 05:00:00
123.7624,124.5017,122.2256,124.0931,1606798800,2826200.0,2020-12-01 05:00:00
125.9995,126.2038,123.0232,123.5582,1606885200,1905700.0,2020-12-02 05:00:00
124.8713,127.2932,124.6767,126.9333,1606971600,2352200.0,2020-12-03 05:00:00
125.1728,125.6202,122.7995,122.9649,1607058000,2743100.0,2020-12-04 05:00:00
127.264,127.4002,125.3576,125.6591,1607317200,2671200.0,2020-12-07 05:00:00
128.5382,128.9176,126.1747,126.8652,1607403600,2835800.0,2020-12-08 05:00:00
129.5304,129.9778,127.2641,127.9644,1607490000,4229400.0,2020-12-09 05:00:00
130.9991,131.6702,127.6629,128.0616,1607576400,2903800.0,2020-12-10 05:00:00
132.0885,133.3626,130.9504,131.0963,1607662800,3195700.0,2020-12-11 05:00:00
133.7809,134.8022,132.8666,134.7147,1607922000,3356900.0,2020-12-14 05:00:00
136.8156,136.9518,133.3626,134.0435,1608008400,3394600.0,2020-12-15 05:00:00
137.73,139.5294,135.522,135.6874,1608094800,4029200.0,2020-12-16 05:00:00
136.0278,138.6053,134.5396,138.0704,1608181200,3625700.0,2020-12-17 05:00:00
138.7124,139.0625,135.7652,136.8157,1608267600,4874000.0,2020-12-18 05:00:00
137.1561,138.4789,135.1718,137.7591,1608526800,2631100.0,2020-12-21 05:00:00
135.6192,137.8467,134.8995,137.3798,1608613200,2102900.0,2020-12-22 05:00:00
137.6424,138.4984,134.8412,135.7068,1608699600,1762400.0,2020-12-23 05:00:00
137.9342,138.3136,136.9324,137.4576,1608786000,688100.0,2020-12-24 05:00:00
136.874,138.654,134.987,138.44,1609131600,1756100.0,2020-12-28 05:00:00
136.8546,138.2455,136.446,137.1464,1609218000,1188400.0,2020-12-29 05:00:00
138.1676,138.7318,137.0393,137.5257,1609304400,1684500.0,2020-12-30 05:00:00
139.6753,139.9282,138.0315,138.0315,1609390800,1689900.0,2020-12-31 05:00:00
135.6971,139.7239,134.384,139.5197,1609736400,3587000.0,2021-01-04 05:00:00
137.4576,137.5354,134.7049,136.3974,1609822800,2117800.0,2021-01-05 05:00:00
133.0612,136.3682,132.6624,134.7341,1609909200,2398500.0,2021-01-06 05:00:00
136.8934,137.0199,133.2556,133.5766,1609995600,2936200.0,2021-01-07 05:00:00
137.9829,138.119,136.1056,137.0102,1610082000,1902700.0,2021-01-08 05:00:00
137.3604,137.8467,135.5025,137.6522,1610341200,2589800.0,2021-01-11 05:00:00
135.2594,137.9245,133.5475,137.2339,1610427600,2166700.0,2021-01-12 05:00:00
132.6137,135.1524,130.9505,134.7828,1610514000,3696500.0,2021-01-13 05:00:00
135.1427,135.5706,132.4095,133.0903,1610600400,3511800.0,2021-01-14 05:00:00
135.201,136.8156,134.1408,135.4539,1610686800,2443700.0,2021-01-15 05:00:00
137.5646,139.0917,134.2283,135.5998,1611032400,2693300.0,2021-01-19 05:00:00
141.6206,141.9319,137.9148,138.5373,1611118800,3288400.0,2021-01-20 05:00:00
141.9805,143.2547,140.7841,141.6304,1611205200,3014000.0,2021-01-21 05:00:00
142.0097,142.4766,140.5604,141.0176,1611291600,3369200.0,2021-01-22 05:00:00
142.3015,146.1922,141.4066,144.7429,1611550800,3728600.0,2021-01-25 05:00:00
142.3015,142.9434,141.2218,142.3598,1611637200,3660300.0,2021-01-26 05:00:00
142.2334,144.8596,140.5896,141.8444,1611723600,4368100.0,2021-01-27 05:00:00
139.1014,142.6225,138.9944,142.2043,1611810000,3276700.0,2021-01-28 05:00:00
139.2862,140.6188,136.6308,137.1463,1611896400,3665400.0,2021-01-29 05:00:00
141.8832,143.2644,139.6072,139.8601,1612155600,4123100.0,2021-02-01 05:00:00
144.8985,146.1922,142.1556,142.1556,1612242000,4185700.0,2021-02-02 05:00:00
136.9713,140.6577,134.2672,140.4145,1612328400,6695600.0,2021-02-03 05:00:00
134.8411,138.2649,133.9949,136.7184,1612414800,3930200.0,2021-02-04 05:00:00
137.3604,138.5762,135.4928,136.0862,1612501200,3899200.0,2021-02-05 05:00:00
138.5665,138.5957,135.5317,138.119,1612760400,2538400.0,2021-02-08 05:00:00
142.1167,144.1788,138.5373,138.6735,1612846800,4517900.0,2021-02-09 05:00:00
140.6577,143.3811,140.181,142.9337,1612933200,2827100.0,2021-02-10 05:00:00
143.3033,143.8967,140.6577,141.358,1613019600,2592700.0,2021-02-11 05:00:00
143.7022,143.7994,141.0759,142.8073,1613106000,1666100.0,2021-02-12 05:00:00
141.7957,143.8675,140.6674,142.8365,1613451600,2526400.0,2021-02-16 05:00:00
141.8443,142.0389,139.4516,141.1051,1613538000,1653900.0,2021-02-17 05:00:00
143.3811,144.3538,140.2394,142.0583,1613624400,2087500.0,2021-02-18 05:00:00
141.9611,144.9082,141.465,143.6438,1613710800,2144000.0,2021-02-19 05:00:00
138.3719,141.4261,138.119,140.7063,1613970000,1833100.0,2021-02-22 05:00:00
137.3117,138.0898,132.4678,136.3974,1614056400,2787000.0,2021-02-23 05:00:00
133.9171,135.8041,133.1876,134.5201,1614142800,3735500.0,2021-02-24 05:00:00
131.5438,135.1621,130.4349,133.4988,1614229200,3042600.0,2021-02-25 05:00:00
130.3085,134.063,130.2501,132.0009,1614315600,3646600.0,2021-02-26 05:00:00
133.5183,134.0922,131.0769,131.1547,1614574800,2867400.0,2021-03-01 05:00:00
133.2456,134.6675,132.0575,133.567,1614661200,2720500.0,2021-03-02 05:00:00
129.5741,133.1774,129.2527,132.3788,1614747600,2778500.0,2021-03-03 05:00:00
127.8601,131.2492,127.1005,129.1067,1614834000,2938300.0,2021-03-04 05:00:00
129.1359,129.4572,126.1266,128.0938,1614920400,2511000.0,2021-03-05 05:00:00
123.8867,129.0579,123.8477,128.5418,1615179600,2182200.0,2021-03-08 05:00:00
127.5095,129.5643,126.5746,126.8375,1615266000,2936700.0,2021-03-09 05:00:00
126.7206,129.1748,126.4187,129.1748,1615352400,1842300.0,2021-03-10 05:00:00
127.9088,129.3404,127.5777,128.9995,1615438800,2218100.0,2021-03-11 05:00:00
127.081,127.5776,125.8344,126.5356,1615525200,1327700.0,2021-03-12 05:00:00
127.4705,127.5192,125.7662,127.0323,1615780800,2181700.0,2021-03-15 04:00:00
128.2983,130.2071,128.0646,128.9995,1615867200,2281000.0,2021-03-16 04:00:00
127.1881,127.8211,125.3865,127.8211,1615953600,2398600.0,2021-03-17 04:00:00
124.656,127.1686,123.9646,126.6427,1616040000,3482500.0,2021-03-18 04:00:00
125.0456,126.4187,124.6366,125.1624,1616126400,4191400.0,2021-03-19 04:00:00
127.9769,128.9995,125.2403,126.0292,1616385600,3153600.0,2021-03-22 04:00:00
129.5741,130.9667,127.6166,128.1035,1616472000,2521200.0,2021-03-23 04:00:00
126.409,129.8273,126.3214,129.4962,1616558400,2165800.0,2021-03-24 04:00:00
126.633,127.0225,124.8216,125.6883,1616644800,1956600.0,2021-03-25 04:00:00
129.3793,129.5254,126.2921,126.8375,1616731200,2229500.0,2021-03-26 04:00:00
131.444,132.4568,128.0938,129.0482,1616990400,2366900.0,2021-03-29 04:00:00
130.918,130.996,128.98,129.9247,1617076800,1952000.0,2021-03-30 04:00:00
131.8335,133.0995,130.7622,131.1907,1617163200,2305100.0,2021-03-31 04:00:00
134.3558,134.8038,132.7197,133.1579,1617249600,1724900.0,2021-04-01 04:00:00
137.8423,138.0468,133.6839,133.9176,1617595200,2424400.0,2021-04-05 04:00:00
137.5891,138.6993,136.7321,137.4041,1617681600,2129800.0,2021-04-06 04:00:00
138.3,139.0402,137.0827,137.6086,1617768000,1910200.0,2021-04-07 04:00:00
137.852,139.4881,137.0145,139.1083,1617854400,1776000.0,2021-04-08 04:00:00
136.7905,137.0534,134.8233,136.9269,1617940800,1765500.0,2021-04-09 04:00:00
137.7547,137.9884,135.69,135.7777,1618200000,2058100.0,2021-04-12 04:00:00
138.3974,140.1212,137.7547,138.8649,1618286400,2105300.0,2021-04-13 04:00:00
137.9105,139.3129,137.5794,138.2124,1618372800,1424900.0,2021-04-14 04:00:00
139.0402,139.2349,136.9463,137.9105,1618459200,1654300.0,2021-04-15 04:00:00
137.3651,138.6896,136.6055,138.3974,1618545600,2468400.0,2021-04-16 04:00:00
135.9822,137.6572,135.1251,136.3425,1618804800,2856300.0,2021-04-19 04:00:00
137.1801,138.0468,135.2031,135.953,1618891200,2058300.0,2021-04-20 04:00:00
137.3554,137.5112,135.4563,136.6445,1618977600,1576700.0,2021-04-21 04:00:00
137.5696,139.5271,136.7516,137.4236,1619064000,2498500.0,2021-04-22 04:00:00
139.4005,139.8485,137.1606,138.7967,1619150400,2365300.0,2021-04-23 04:00:00
140.0335,141.5917,139.3031,139.8777,1619409600,1749200.0,2021-04-26 04:00:00
139.7121,140.6568,138.7772,140.5886,1619496000,2159500.0,2021-04-27 04:00:00
140.2283,141.1632,139.5758,140.3257,1619582400,1453500.0,2021-04-28 04:00:00
142.5169,142.887,139.7414,140.5302,1619668800,1698700.0,2021-04-29 04:00:00
138.3682,142.4682,138.1929,141.3093,1619755200,2551400.0,2021-04-30 04:00:00
137.4917,139.7219,137.3651,138.9818,1620014400,2242800.0,2021-05-03 04:00:00
133.4794,137.1996,132.2036,137.0535,1620100800,2511900.0,2021-05-04 04:00:00
134.2584,136.9366,134.0344,134.4142,1620187200,2126700.0,2021-05-05 04:00:00
137.6475,137.7254,133.9858,133.9858,1620273600,1957300.0,2021-05-06 04:00:00
138.6993,140.0822,138.076,138.8649,1620360000,1603800.0,2021-05-07 04:00:00
136.9755,139.5855,136.9463,137.7546,1620619200,3119100.0,2021-05-10 04:00:00
137.667,138.748,135.0668,135.2713,1620705600,4112800.0,2021-05-11 04:00:00
136.0211,138.972,134.1903,137.9592,1620792000,5809100.0,2021-05-12 04:00:00
135.4953,137.258,134.424,135.2907,1620878400,2322900.0,2021-05-13 04:00:00
134.9986,137.034,134.2487,136.547,1620964800,2494400.0,2021-05-14 04:00:00
133.9371,134.7357,132.8853,133.4696,1621224000,2031200.0,2021-05-17 04:00:00
134.4532,137.0145,133.1872,133.7228,1621310400,2079500.0,2021-05-18 04:00:00
135.2518,135.5634,132.0185,132.4276,1621396800,1720100.0,2021-05-19 04:00:00
138.1052,139.3615,135.3784,136.2646,1621483200,2459000.0,2021-05-20 04:00:00
136.5081,139.4492,136.2257,138.748,1621569600,2967400.0,2021-05-21 04:00:00
138.3779,138.9428,136.5081,137.6962,1621828800,1649800.0,2021-05-24 04:00:00
139.5174,140.0822,137.8034,138.8649,1621915200,1897000.0,2021-05-25 04:00:00
140.2283,141.9229,139.4395,140.2381,1622001600,1617000.0,2021-05-26 04:00:00
139.196,140.686,138.7967,139.5758,1622088000,1913200.0,2021-05-27 04:00:00
139.196,140.4425,138.9914,139.566,1622174400,1341000.0,2021-05-28 04:00:00
140.0345,140.5513,138.6207,138.6207,1622520000,2610300.0,2021-06-01 04:00:00
137.8699,140.2685,137.4117,140.1028,1622606400,1522100.0,2021-06-02 04:00:00
138.4452,138.9912,137.1386,137.3726,1622692800,1574900.0,2021-06-03 04:00:00
141.5848,142.1796,139.079,139.3325,1622779200,1919500.0,2021-06-04 04:00:00
142.0821,142.3161,140.4538,141.1266,1623038400,1510500.0,2021-06-07 04:00:00
141.8676,143.5836,141.5751,142.7938,1623124800,1157900.0,2021-06-08 04:00:00
142.1796,143.7592,141.9359,142.6281,1623211200,1769800.0,2021-06-09 04:00:00
142.0236,142.7451,138.7572,142.7061,1623297600,3279100.0,2021-06-10 04:00:00
142.7354,143.0961,141.3606,141.6043,1623384000,1247500.0,2021-06-11 04:00:00
144.8415,145.0267,142.5014,142.9986,1623643200,1746200.0,2021-06-14 04:00:00
141.1851,145.2119,140.7073,145.2022,1623729600,1795600.0,2021-06-15 04:00:00
139.04,140.6585,136.9436,140.366,1623816000,2922500.0,2021-06-16 04:00:00
138.3867,139.9663,137.1582,138.5915,1623902400,2199700.0,2021-06-17 04:00:00
137.597,139.079,136.4269,138.455,1623988800,3235600.0,2021-06-18 04:00:00
137.4409,138.5427,135.3251,135.9004,1624248000,2628500.0,2021-06-21 04:00:00
137.3434,138.1235,136.5732,137.6457,1624334400,1531700.0,2021-06-22 04:00:00
135.1593,138.1332,134.7791,137.4019,1624420800,1730100.0,2021-06-23 04:00:00
135.1886,136.0174,134.1648,135.1008,1624507200,1642900.0,2021-06-24 04:00:00
135.1301,136.2319,134.6036,135.7151,1624593600,2266800.0,2021-06-25 04:00:00
139.4105,140.8633,136.0076,136.2026,1624852800,2626800.0,2021-06-28 04:00:00
140.5025,140.9218,138.6792,139.6055,1624939200,1575400.0,2021-06-29 04:00:00
140.2393,141.0291,139.5763,140.7171,1625025600,1799900.0,2021-06-30 04:00:00
138.5915,140.2295,137.8992,139.8785,1625112000,2621600.0,2021-07-01 04:00:00
139.8298,140.3173,138.5817,139.7128,1625198400,1224500.0,2021-07-02 04:00:00
139.43,140.2003,138.416,139.9566,1625544000,1884300.0,2021-07-06 04:00:00
139.3812,140.6488,138.9815,140.4928,1625630400,1956900.0,2021-07-07 04:00:00
136.9436,138.8255,136.5439,137.7919,1625716800,1863700.0,2021-07-08 04:00:00
137.4702,137.9479,136.0076,136.0661,1625803200,1738700.0,2021-07-09 04:00:00
137.8602,138.9912,137.0509,138.9912,1626062400,1946400.0,2021-07-12 04:00:00
139.6738,142.2771,138.9035,139.859,1626148800,2695800.0,2021-07-13 04:00:00
139.547,141.3801,138.9717,139.7323,1626235200,1933100.0,2021-07-14 04:00:00
139.0985,140.8925,138.0357,139.7713,1626321600,2423200.0,2021-07-15 04:00:00
139.5275,140.4148,137.7042,139.0692,1626408000,3419700.0,2021-07-16 04:00:00
137.7139,141.5458,136.8559,139.4787,1626667200,2199100.0,2021-07-19 04:00:00
137.5482,138.4452,136.3879,137.8212,1626753600,1870000.0,2021-07-20 04:00:00
137.2069,140.2978,136.6999,140.2978,1626840000,2071100.0,2021-07-21 04:00:00
138.7377,138.9035,136.5732,136.5732,1626926400,1913200.0,2021-07-22 04:00:00
141.3703,141.7311,138.2307,139.0888,1627012800,2269500.0,2021-07-23 04:00:00
141.6238,142.3648,140.21,141.4971,1627272000,1307000.0,2021-07-26 04:00:00
138.3867,141.5946,136.8169,141.4386,1627358400,2126600.0,2021-07-27 04:00:00
139.976,141.5458,138.689,138.7962,1627444800,1353700.0,2021-07-28 04:00:00
139.8005,141.0193,139.313,140.3563,1627531200,1643100.0,2021-07-29 04:00:00
140.366,141.7701,138.8937,139.274,1627617600,2825200.0,2021-07-30 04:00:00
140.5123,142.0041,140.2198,141.3801,1627876800,2054200.0,2021-08-02 04:00:00
136.3099,139.742,133.7455,139.079,1627963200,4492500.0,2021-08-03 04:00:00
136.4171,137.8114,134.9058,136.0369,1628049600,2897400.0,2021-08-04 04:00:00
133.453,142.8426,131.4737,141.2143,1628136000,5516100.0,2021-08-05 04:00:00
132.9363,133.9016,132.0295,133.063,1628222400,2401300.0,2021-08-06 04:00:00
132.7608,134.3988,132.049,133.297,1628481600,1722800.0,2021-08-09 04:00:00
133.6091,133.6676,131.7857,132.712,1628568000,2210400.0,2021-08-10 04:00:00
134.8474,134.9936,133.6383,134.4768,1628654400,1841300.0,2021-08-11 04:00:00
135.5201,135.5494,133.5115,134.6621,1628740800,1871500.0,2021-08-12 04:00:00
135.2178,135.9199,134.7401,135.4714,1628827200,1572600.0,2021-08-13 04:00:00
136.5049,136.5244,133.9698,134.5158,1629086400,1789100.0,2021-08-16 04:00:00
137.519,138.611,135.1789,135.6956,1629172800,2340800.0,2021-08-17 04:00:00
136.4951,138.3574,136.3294,137.4214,1629259200,2091100.0,2021-08-18 04:00:00
137.0899,137.8797,135.6079,135.9004,1629345600,1888400.0,2021-08-19 04:00:00
136.6706,138.2404,136.1441,137.4019,1629432000,2329900.0,2021-08-20 04:00:00
139.2545,139.9175,135.8419,136.6511,1629691200,1895900.0,2021-08-23 04:00:00
139.0107,140.7463,138.611,139.586,1629777600,1501900.0,2021-08-24 04:00:00
138.3184,139.2057,136.5146,139.2057,1629864000,1638200.0,2021-08-25 04:00:00
137.9382,139.3227,137.6554,138.4354,1629950400,1016300.0,2021-08-26 04:00:00
139.3715,139.742,137.6847,137.9869,1630036800,1144000.0,2021-08-27 04:00:00
139.7128,140.7268,137.4897,138.65,1630296000,2011300.0,2021-08-30 04:00:00
141.753,143.6273,139.2051,140.2399,1630382400,3467600.0,2021-08-31 04:00:00
142.9439,143.5004,141.4992,141.8799,1630468800,1570100.0,2021-09-01 04:00:00
141.9385,144.2423,141.5383,143.3735,1630555200,2240600.0,2021-09-02 04:00:00
143.1099,143.4516,141.509,141.509,1630641600,1192700.0,2021-09-03 04:00:00
141.7628,143.5882,141.6651,143.5882,1630987200,1495700.0,2021-09-07 04:00:00
140.6694,144.0275,140.4742,142.2899,1631073600,2200400.0,2021-09-08 04:00:00
138.922,140.8061,137.4577,139.8592,1631160000,2624700.0,2021-09-09 04:00:00
141.6749,143.432,138.102,138.639,1631246400,3664200.0,2021-09-10 04:00:00
141.2356,143.4125,140.4839,141.9482,1631505600,2131400.0,2021-09-13 04:00:00
141.9091,142.4656,140.8744,141.7627,1631592000,1318400.0,2021-09-14 04:00:00
133.7775,138.8537,132.6061,138.7658,1631678400,6359000.0,2021-09-15 04:00:00
132.7232,136.3742,132.3035,134.6268,1631764800,4637600.0,2021-09-16 04:00:00
130.6928,132.3328,130.0289,131.952,1631851200,4178700.0,2021-09-17 04:00:00
126.993,129.3749,125.6946,128.838,1632110400,3533200.0,2021-09-20 04:00:00
123.7422,127.3932,123.547,126.9149,1632196800,3689800.0,2021-09-21 04:00:00
123.3908,124.5818,121.907,123.1858,1632283200,4214400.0,2021-09-22 04:00:00
124.8453,126.0461,123.1175,123.9668,1632369600,2571600.0,2021-09-23 04:00:00
126.8075,126.9247,123.8399,124.0156,1632456000,2327300.0,2021-09-24 04:00:00
128.838,129.4042,125.8704,126.1925,1632715200,3326800.0,2021-09-27 04:00:00
130.5853,131.7861,128.3889,128.7208,1632801600,4349800.0,2021-09-28 04:00:00
134.6561,136.2668,130.6244,130.6635,1632888000,5656600.0,2021-09-29 04:00:00
138.8635,140.6988,135.5445,135.9935,1632974400,5017700.0,2021-09-30 04:00:00
140.1716,140.6792,136.218,138.5218,1633060800,3196200.0,2021-10-01 04:00:00
139.7518,141.9971,136.6866,139.9471,1633320000,3215700.0,2021-10-04 04:00:00
140.6597,141.2844,139.2051,139.7225,1633406400,2682100.0,2021-10-05 04:00:00
130.8782,140.1618,129.697,140.1618,1633492800,8344300.0,2021-10-06 04:00:00
134.3144,134.8318,131.2003,131.5518,1633579200,3627300.0,2021-10-07 04:00:00
136.6573,137.2137,134.1387,134.207,1633665600,2163000.0,2021-10-08 04:00:00
136.1496,137.2625,134.2363,136.5889,1633924800,1908200.0,2021-10-11 04:00:00
133.4163,136.5011,132.7623,136.2082,1634011200,3091900.0,2021-10-12 04:00:00
133.1918,134.4803,129.7849,133.6994,1634097600,3097400.0,2021-10-13 04:00:00
132.4792,134.3827,131.4151,133.4651,1634184000,2434400.0,2021-10-14 04:00:00
131.542,133.4359,130.0973,132.6159,1634270400,3298800.0,2021-10-15 04:00:00
131.503,132.4987,131.0051,131.4444,1634529600,1755900.0,2021-10-18 04:00:00
133.4944,133.5139,131.298,132.2546,1634616000,1614400.0,2021-10-19 04:00:00
135.8861,136.0032,133.9434,134.1875,1634702400,1763200.0,2021-10-20 04:00:00
137.282,137.487,134.9782,135.8959,1634788800,1853600.0,2021-10-21 04:00:00
137.7116,140.728,137.2528,137.6432,1634875200,2495300.0,2021-10-22 04:00:00
138.8049,140.3668,137.1552,137.7506,1635134400,2155600.0,2021-10-25 04:00:00
139.0099,140.6792,138.3461,139.5175,1635220800,1543000.0,2021-10-26 04:00:00
137.0282,139.3613,136.9696,139.2832,1635307200,1697000.0,2021-10-27 04:00:00
136.8915,137.8287,135.7884,136.9111,1635393600,1372600.0,2021-10-28 04:00:00
136.9111,137.487,135.603,137.077,1635480000,1990500.0,2021-10-29 04:00:00
138.3949,139.9959,136.6866,137.5554,1635739200,2068300.0,2021-11-01 04:00:00
136.833,138.3754,135.437,138.1899,1635825600,2514400.0,2021-11-02 04:00:00
136.1789,137.3699,133.1723,134.4218,1635912000,3562300.0,2021-11-03 04:00:00
139.088,143.227,138.6194,139.9665,1635998400,3496100.0,2021-11-04 04:00:00
136.2473,141.2552,135.3102,140.7573,1636084800,2757800.0,2021-11-05 04:00:00
134.8709,136.9794,134.3632,136.6573,1636347600,2538200.0,2021-11-08 05:00:00
136.462,137.6432,135.3687,136.0325,1636434000,1796000.0,2021-11-09 05:00:00
135.9642,138.5804,135.2027,136.3449,1636520400,2058800.0,2021-11-10 05:00:00
141.0111,142.3387,136.423,136.8134,1636606800,3109500.0,2021-11-11 05:00:00
141.9775,143.1001,140.1227,140.4351,1636693200,1613600.0,2021-11-12 05:00:00
137.9166,140.9525,134.3632,140.1911,1636952400,3850900.0,2021-11-15 05:00:00
136.2375,139.9471,135.2711,137.8092,1637038800,2977500.0,2021-11-16 05:00:00
134.8513,137.3504,134.3242,135.3199,1637125200,2245900.0,2021-11-17 05:00:00
134.0606,134.5389,131.8934,134.0118,1637211600,4120500.0,2021-11-18 05:00:00
129.2382,134.1485,129.043,133.9923,1637298000,3972400.0,2021-11-19 05:00:00
123.2737,128.6915,122.3268,128.5646,1637557200,5198500.0,2021-11-22 05:00:00
125.353,126.1339,122.6001,122.7563,1637643600,3765400.0,2021-11-23 05:00:00
123.6349,125.5092,121.8387,125.1968,1637730000,2851100.0,2021-11-24 05:00:00
122.971,127.7739,122.4829,127.6861,1637902800,2264100.0,2021-11-26 05:00:00
121.907,123.1077,120.1401,122.9027,1638162000,2279200.0,2021-11-29 05:00:00
121.2627,125.5287,120.3451,122.8832,1638248400,5192800.0,2021-11-30 05:00:00
117.3677,122.9613,117.2213,122.1218,1638334800,3654100.0,2021-12-01 05:00:00
119.6715,120.8137,117.7777,117.7777,1638421200,3107200.0,2021-12-02 05:00:00
122.2877,122.6098,120.1596,120.6965,1638507600,3371300.0,2021-12-03 05:00:00
123.303,124.7672,121.907,124.4061,1638766800,2863800.0,2021-12-06 05:00:00
123.3127,125.1211,123.0977,124.388,1638853200,2650200.0,2021-12-07 05:00:00
123.5278,124.4662,122.3157,123.5375,1638939600,2553700.0,2021-12-08 05:00:00
122.1886,124.0263,121.8856,123.6451,1639026000,2485300.0,2021-12-09 05:00:00
122.8142,124.5053,121.8563,123.3127,1639112400,2186600.0,2021-12-10 05:00:00
123.9188,125.4144,122.8142,122.8142,1639371600,2292900.0,2021-12-13 05:00:00
123.997,125.4535,123.1466,123.1466,1639458000,2107800.0,2021-12-14 05:00:00
126.0009,126.3332,122.9902,124.8279,1639544400,2471000.0,2021-12-15 05:00:00
126.4799,126.8611,125.1407,125.7174,1639630800,1694800.0,2021-12-16 05:00:00
124.6519,127.8581,124.4173,126.431,1639717200,3502800.0,2021-12-17 05:00:00
126.9979,127.2032,123.6158,123.6158,1639976400,2592100.0,2021-12-20 05:00:00
129.1973,129.344,126.2844,128.0243,1640062800,2251400.0,2021-12-21 05:00:00
128.513,130.253,127.6137,129.1093,1640149200,2153700.0,2021-12-22 05:00:00
129.559,130.0184,127.9168,128.3273,1640235600,1594000.0,2021-12-23 05:00:00
130.0478,130.7418,129.3244,130.2726,1640581200,1377300.0,2021-12-27 05:00:00
130.4681,131.9343,130.0477,130.2432,1640667600,1230700.0,2021-12-28 05:00:00
130.1455,131.1523,128.9236,130.8884,1640754000,912300.0,2021-12-29 05:00:00
131.4358,132.5502,130.6929,130.6929,1640840400,1177000.0,2021-12-30 05:00:00
128.9334,131.9539,128.689,131.4358,1640926800,1610900.0,2021-12-31 05:00:00
131.9148,132.9216,128.7868,128.9627,1641186000,2033900.0,2022-01-03 05:00:00
132.7065,133.2344,130.7711,131.2989,1641272400,2110800.0,2022-01-04 05:00:00
130.7906,134.3879,130.6245,133.2344,1641358800,2531600.0,2022-01-05 05:00:00
126.7731,130.9569,126.5092,130.2824,1641445200,2270700.0,2022-01-06 05:00:00
128.8161,129.4906,124.4173,126.1866,1641531600,2436000.0,2022-01-07 05:00:00
126.0009,129.1973,125.2677,128.4544,1641790800,3053200.0,2022-01-10 05:00:00
127.8582,128.0146,124.6813,124.7008,1641877200,1797200.0,2022-01-11 05:00:00
129.5199,129.9207,127.0468,128.2883,1641963600,1677700.0,2022-01-12 05:00:00
127.8972,130.038,127.5747,130.038,1642050000,1343500.0,2022-01-13 05:00:00
127.5063,127.8093,125.8249,127.1153,1642136400,1633400.0,2022-01-14 05:00:00
130.8982,139.3439,130.4485,135.3263,1642482000,8758900.0,2022-01-18 05:00:00
133.8307,135.1113,131.6704,132.472,1642568400,3820300.0,2022-01-19 05:00:00
135.7564,138.7965,134.7496,134.7496,1642654800,3116900.0,2022-01-20 05:00:00
135.8835,137.5257,134.9842,135.1699,1642741200,3120000.0,2022-01-21 05:00:00
132.1592,136.2647,128.9334,134.0067,1643000400,4262100.0,2022-01-24 05:00:00
128.0634,131.0057,126.6265,130.5659,1643086800,2386400.0,2022-01-25 05:00:00
127.0565,129.3537,125.9324,128.122,1643173200,2333800.0,2022-01-26 05:00:00
128.1123,131.0253,127.7115,127.8288,1643259600,1781500.0,2022-01-27 05:00:00
128.953,129.256,126.6656,128.2101,1643346000,2155000.0,2022-01-28 05:00:00
129.6763,132.687,126.3332,128.2003,1643605200,4471000.0,2022-01-31 05:00:00
127.0175,130.4584,126.1671,130.0869,1643691600,3828000.0,2022-02-01 05:00:00
134.0849,134.4954,122.7849,122.8924,1643778000,5723700.0,2022-02-02 05:00:00
134.2022,136.47,131.2696,132.2374,1643864400,3409200.0,2022-02-03 05:00:00
134.6127,135.2676,131.6606,132.3058,1643950800,2397200.0,2022-02-04 05:00:00
133.3322,134.9744,132.5502,134.8962,1644210000,1726100.0,2022-02-07 05:00:00
131.3479,134.1631,131.2306,133.254,1644296400,2264900.0,2022-02-08 05:00:00
132.7359,132.9412,129.5981,132.7066,1644382800,1955800.0,2022-02-09 05:00:00
131.9441,133.8209,130.1944,130.1944,1644469200,1718600.0,2022-02-10 05:00:00
131.0839,133.3517,130.7907,131.9441,1644555600,1647900.0,2022-02-11 05:00:00
130.3997,131.4358,129.4613,130.8689,1644814800,1680500.0,2022-02-14 05:00:00
131.4749,132.4133,130.3606,131.3772,1644901200,1739100.0,2022-02-15 05:00:00
130.2921,131.5727,128.5033,130.7418,1644987600,2369300.0,2022-02-16 05:00:00
127.4671,130.0771,127.0077,130.0771,1645074000,1735700.0,2022-02-17 05:00:00
126.4212,128.2198,126.0204,127.0859,1645160400,2002000.0,2022-02-18 05:00:00
124.2316,126.7242,123.7526,125.17,1645506000,2182600.0,2022-02-22 05:00:00
123.8699,126.343,123.6353,125.0038,1645592400,1908600.0,2022-02-23 05:00:00
124.6324,124.7986,121.0156,121.1231,1645678800,2083600.0,2022-02-24 05:00:00
125.8152,126.128,124.0068,125.4535,1645765200,2058600.0,2022-02-25 05:00:00
127.1641,128.5326,124.8865,124.8865,1646024400,3489100.0,2022-02-28 05:00:00
125.2677,128.6304,124.6617,127.6138,1646110800,1420400.0,2022-03-01 05:00:00
126.3528,126.8025,124.7497,125.3557,1646197200,1641800.0,2022-03-02 05:00:00
124.9647,127.4671,124.5639,127.2619,1646283600,1305700.0,2022-03-03 05:00:00
123.6451,124.8181,123.4007,123.9286,1646370000,1845600.0,2022-03-04 05:00:00
123.4203,125.6588,122.257,123.6255,1646629200,2060200.0,2022-03-07 05:00:00
120.0727,123.2049,119.6126,122.8232,1646715600,2211600.0,2022-03-08 05:00:00
122.8623,123.293,120.6795,121.4137,1646802000,2139500.0,2022-03-09 05:00:00
121.0613,123.3126,120.0629,121.9912,1646888400,1222000.0,2022-03-10 05:00:00
119.7399,122.8036,119.5832,121.9911,1646974800,1195200.0,2022-03-11 05:00:00
116.6076,119.8377,115.7364,119.593,1647230400,1968000.0,2022-03-14 04:00:00
118.2423,118.5457,115.0904,116.6174,1647316800,1815900.0,2022-03-15 04:00:00
121.1787,121.2668,118.5653,118.7219,1647403200,1627800.0,2022-03-16 04:00:00
122.5295,122.5883,120.0727,120.8264,1647489600,1297300.0,2022-03-17 04:00:00
123.6062,123.802,120.7774,121.6388,1647576000,2653400.0,2022-03-18 04:00:00
122.9015,123.7237,122.0009,122.4414,1647835200,1222100.0,2022-03-21 04:00:00
125.2213,125.466,122.1086,123.2832,1647921600,1710000.0,2022-03-22 04:00:00
122.001,125.3485,121.4332,124.6829,1648008000,2158400.0,2022-03-23 04:00:00
122.9113,122.9113,121.0123,122.4121,1648094400,2273400.0,2022-03-24 04:00:00
124.6242,124.8102,122.647,123.3615,1648180800,1315600.0,2022-03-25 04:00:00
125.3289,125.4073,123.479,124.9668,1648440000,1066000.0,2022-03-28 04:00:00
126.1022,126.9734,124.6046,126.4938,1648526400,1495300.0,2022-03-29 04:00:00
124.9766,126.1414,124.4382,125.3192,1648612800,1097000.0,2022-03-30 04:00:00
123.8314,125.4758,123.1853,125.466,1648699200,1751000.0,2022-03-31 04:00:00
122.5785,124.497,120.7285,124.1642,1648785600,2194000.0,2022-04-01 04:00:00
125.3094,125.8379,122.7938,123.1462,1649044800,1522600.0,2022-04-04 04:00:00
123.1951,126.0043,122.8427,124.4578,1649131200,1012400.0,2022-04-05 04:00:00
122.2065,124.3012,121.7269,122.6078,1649217600,1972000.0,2022-04-06 04:00:00
120.7872,122.6861,119.9356,122.2946,1649304000,1758000.0,2022-04-07 04:00:00
120.8655,121.9324,119.642,120.2782,1649390400,1282400.0,2022-04-08 04:00:00
119.9846,122.0793,119.7399,120.611,1649649600,1793100.0,2022-04-11 04:00:00
120.9536,121.9129,120.3467,120.7578,1649736000,2581800.0,2022-04-12 04:00:00
121.0025,121.5213,119.6909,121.3647,1649822400,1532600.0,2022-04-13 04:00:00
120.0041,121.3353,118.624,121.0123,1649908800,2036400.0,2022-04-14 04:00:00
119.5735,120.8361,118.5848,119.7496,1650254400,1536600.0,2022-04-18 04:00:00
121.4137,121.6779,117.5767,117.5767,1650340800,1547300.0,2022-04-19 04:00:00
120.6991,122.2065,120.5229,121.4724,1650427200,1571600.0,2022-04-20 04:00:00
121.12,123.0189,120.8166,120.8166,1650513600,2442400.0,2022-04-21 04:00:00
125.3779,125.8282,121.0123,122.1869,1650600000,4237300.0,2022-04-22 04:00:00
125.4366,125.9554,122.5197,125.0255,1650859200,2718400.0,2022-04-25 04:00:00
121.9912,125.2996,121.7073,125.0647,1650945600,1911600.0,2022-04-26 04:00:00
118.6534,121.9618,118.4478,121.8345,1651032000,2553100.0,2022-04-27 04:00:00
120.797,121.6682,119.0938,120.2195,1651118400,1663000.0,2022-04-28 04:00:00
115.5505,121.3941,115.247,120.4055,1651204800,3008100.0,2022-04-29 04:00:00
117.4592,118.996,115.2568,116.2357,1651464000,2932200.0,2022-05-02 04:00:00
119.9161,120.0922,117.4788,117.5081,1651550400,2319200.0,2022-05-03 04:00:00
121.1004,121.2277,117.8018,120.2782,1651636800,1865200.0,2022-05-04 04:00:00
117.0775,120.9732,115.7952,120.4838,1651723200,2135300.0,2022-05-05 04:00:00
112.8489,116.9698,111.968,116.637,1651809600,2122500.0,2022-05-06 04:00:00
109.6677,112.3595,109.3349,111.8701,1652068800,3465600.0,2022-05-09 04:00:00
109.2371,111.2241,106.927,110.6661,1652155200,6505800.0,2022-05-10 04:00:00
117.9388,123.5965,111.6939,112.1735,1652241600,7986700.0,2022-05-11 04:00:00
118.3891,119.5735,115.8148,115.8148,1652328000,4545000.0,2022-05-12 04:00:00
122.2946,122.6274,118.5751,119.0449,1652414400,3682500.0,2022-05-13 04:00:00
124.6927,126.1707,121.7856,122.3533,1652673600,2901900.0,2022-05-16 04:00:00
125.7499,129.7728,123.8705,123.9292,1652760000,3920200.0,2022-05-17 04:00:00
126.2393,127.3551,123.8803,124.2131,1652846400,4177100.0,2022-05-18 04:00:00
127.2671,130.321,125.7303,126.2882,1652932800,3542800.0,2022-05-19 04:00:00
127.9914,129.7729,123.8412,128.0501,1653019200,4727700.0,2022-05-20 04:00:00
130.9377,134.8138,129.812,131.7109,1653278400,4589800.0,2022-05-23 04:00:00
133.786,134.8725,129.6847,129.8903,1653364800,4920100.0,2022-05-24 04:00:00
134.4418,134.7453,131.6228,133.0813,1653451200,2717200.0,2022-05-25 04:00:00
135.7437,136.3016,134.4222,134.5691,1653537600,1685600.0,2022-05-26 04:00:00
135.5969,137.1924,134.6376,136.0569,1653624000,2411900.0,2022-05-27 04:00:00
135.7143,136.3114,133.4336,134.9802,1653969600,2880300.0,2022-05-31 04:00:00
136.5757,137.1336,134.5691,136.468,1654056000,2134500.0,2022-06-01 04:00:00
138.504,138.7389,134.7061,135.7926,1654142400,2868100.0,2022-06-02 04:00:00
138.0146,139.7667,137.1923,137.7111,1654228800,2924200.0,2022-06-03 04:00:00
137.3783,139.2185,136.9085,138.4648,1654488000,1649200.0,2022-06-06 04:00:00
138.1722,138.2213,135.9669,136.2707,1654574400,1847200.0,2022-06-07 04:00:00
136.457,138.6623,135.9963,137.839,1654660800,1702500.0,2022-06-08 04:00:00
133.1147,137.3979,133.0853,135.5846,1654747200,2239800.0,2022-06-09 04:00:00
130.7917,132.3011,130.1154,130.8799,1654833600,2052800.0,2022-06-10 04:00:00
126.2046,129.2921,126.1164,128.655,1655092800,2809700.0,2022-06-13 04:00:00
124.8422,127.1945,123.7738,126.5966,1655179200,2422100.0,2022-06-14 04:00:00
126.6946,128.008,124.5285,125.1166,1655265600,2210100.0,2022-06-15 04:00:00
125.4401,126.1752,123.5288,124.3521,1655352000,2329600.0,2022-06-16 04:00:00
125.9889,126.9691,123.3523,125.2244,1655438400,3726000.0,2022-06-17 04:00:00
127.8022,128.3413,126.0281,127.2043,1655784000,2222900.0,2022-06-21 04:00:00
126.4692,128.1355,126.2634,126.6358,1655870400,2083500.0,2022-06-22 04:00:00
126.4006,127.42,125.1754,126.4202,1655956800,2048700.0,2022-06-23 04:00:00
127.616,128.4491,125.9889,127.616,1656043200,6940500.0,2022-06-24 04:00:00
123.1073,127.2141,120.7941,126.5574,1656302400,3597600.0,2022-06-27 04:00:00
120.4413,124.058,120.1766,123.4111,1656388800,3250600.0,2022-06-28 04:00:00
120.3922,121.5586,119.2651,120.6079,1656475200,1973600.0,2022-06-29 04:00:00
119.2357,120.9019,118.6672,120.0002,1656561600,2319000.0,2022-06-30 04:00:00
120.2943,120.5785,118.3143,118.5006,1656648000,1185900.0,2022-07-01 04:00:00
122.2742,122.5192,118.1477,119.1083,1656993600,1773100.0,2022-07-05 04:00:00
121.8821,122.7838,121.049,122.4114,1657080000,1517600.0,2022-07-06 04:00:00
123.1073,123.8424,121.3136,121.6762,1657166400,1770100.0,2022-07-07 04:00:00
123.1367,123.9404,121.7351,122.3526,1657252800,1386000.0,2022-07-08 04:00:00
121.3822,123.1171,121.2254,122.8132,1657512000,1291300.0,2022-07-11 04:00:00
119.5591,122.4996,119.3141,121.2744,1657598400,1250000.0,2022-07-12 04:00:00
119.2651,119.961,117.1675,117.8635,1657684800,1726000.0,2022-07-13 04:00:00
119.863,119.9708,117.8047,118.6476,1657771200,1315300.0,2022-07-14 04:00:00
120.7157,121.6567,120.2844,120.3138,1657857600,1244600.0,2022-07-15 04:00:00
121.1666,122.7348,120.7451,121.6566,1658116800,1584500.0,2022-07-18 04:00:00
124.2345,124.3619,121.6272,122.2349,1658203200,1854800.0,2022-07-19 04:00:00
125.0578,125.7243,123.715,124.2737,1658289600,1365100.0,2022-07-20 04:00:00
127.6258,127.7924,124.6951,125.5674,1658376000,2306100.0,2022-07-21 04:00:00
127.5768,129.3999,127.1945,127.4298,1658462400,1486200.0,2022-07-22 04:00:00
127.3415,128.2531,126.9397,127.42,1658721600,1404600.0,2022-07-25 04:00:00
128.1551,130.8113,127.1945,128.1257,1658808000,1571300.0,2022-07-26 04:00:00
129.5567,130.3212,127.2337,127.8709,1658894400,1697900.0,2022-07-27 04:00:00
130.5368,130.9681,128.7922,129.8605,1658980800,1441700.0,2022-07-28 04:00:00
128.6255,130.3016,127.4886,129.5469,1659067200,2530800.0,2022-07-29 04:00:00
128.2727,129.2333,127.2141,127.9982,1659326400,1652600.0,2022-08-01 04:00:00
126.332,128.0081,126.1752,127.1749,1659412800,2184900.0,2022-08-02 04:00:00
130.6348,132.2423,127.8218,128.5373,1659499200,2210800.0,2022-08-03 04:00:00
130.5957,131.1445,129.3705,130.7231,1659585600,1666300.0,2022-08-04 04:00:00
129.9292,130.0468,128.606,129.4783,1659672000,1178600.0,2022-08-05 04:00:00
128.4491,130.7721,127.9982,130.1154,1659931200,1585800.0,2022-08-08 04:00:00
126.7142,127.9884,125.5185,127.469,1660017600,1977400.0,2022-08-09 04:00:00
128.5569,129.5763,127.518,128.2433,1660104000,1640500.0,2022-08-10 04:00:00
127.1063,129.6547,127.0181,129.3705,1660190400,1435400.0,2022-08-11 04:00:00
128.7628,128.949,127.2141,127.567,1660276800,1000300.0,2022-08-12 04:00:00
128.9882,129.4783,127.2729,128.3511,1660536000,1133100.0,2022-08-15 04:00:00
132.4285,133.1146,127.9492,128.6549,1660622400,2037000.0,2022-08-16 04:00:00
130.527,133.0852,130.3604,132.0071,1660708800,1601200.0,2022-08-17 04:00:00
129.8409,130.9681,129.3607,130.527,1660795200,1190500.0,2022-08-18 04:00:00
127.8904,129.2627,127.5376,129.1254,1660881600,1220800.0,2022-08-19 04:00:00
125.5773,127.6552,125.097,127.3121,1661140800,1775000.0,2022-08-22 04:00:00
124.2149,124.9108,123.7738,124.5383,1661227200,1124700.0,2022-08-23 04:00:00
123.1171,124.4991,123.0093,123.96,1661313600,1426700.0,2022-08-24 04:00:00
125.0774,125.097,122.8819,123.7542,1661400000,878500.0,2022-08-25 04:00:00
129.5469,133.1539,129.3705,131.0367,1661486400,9512600.0,2022-08-26 04:00:00
127.0279,128.7725,125.0676,127.861,1661745600,2729300.0,2022-08-29 04:00:00
124.142,126.6745,123.5825,126.6058,1661832000,1943200.0,2022-08-30 04:00:00
124.5346,126.4389,124.2402,125.5359,1661918400,1860700.0,2022-08-31 04:00:00
125.3297,125.4083,123.5629,123.5629,1662004800,1497700.0,2022-09-01 04:00:00
123.023,126.0856,122.6991,125.5653,1662091200,1346700.0,2022-09-02 04:00:00
122.434,122.758,120.2843,122.1297,1662436800,2205700.0,2022-09-06 04:00:00
123.2389,123.553,121.1776,121.423,1662523200,2355300.0,2022-09-07 04:00:00
124.7997,124.8488,122.1494,123.0524,1662609600,1719100.0,2022-09-08 04:00:00
126.5567,127.3518,125.3003,125.4475,1662696000,1651400.0,2022-09-09 04:00:00
128.4414,128.9812,126.8806,127.3714,1662955200,1707800.0,2022-09-12 04:00:00
125.2414,127.0966,124.407,125.7911,1663041600,2829900.0,2022-09-13 04:00:00
124.5837,125.369,123.3567,125.0451,1663128000,1750900.0,2022-09-14 04:00:00
122.1199,124.3285,121.4721,122.8954,1663214400,2314700.0,2022-09-15 04:00:00
119.4991,121.688,117.7911,121.5899,1663300800,5240600.0,2022-09-16 04:00:00
120.6672,120.7457,117.9482,118.9592,1663560000,1722300.0,2022-09-19 04:00:00
118.3212,120.3727,117.6832,120.2942,1663646400,1521700.0,2022-09-20 04:00:00
115.3273,118.9494,115.3273,118.8807,1663732800,1426400.0,2022-09-21 04:00:00
115.2586,116.1224,114.3359,114.5028,1663819200,1385400.0,2022-09-22 04:00:00
113.5114,115.1506,111.9703,114.5911,1663905600,1825900.0,2022-09-23 04:00:00
112.7064,114.4242,112.0193,113.1972,1664164800,1726300.0,2022-09-26 04:00:00
113.0206,114.4243,112.5298,113.4034,1664251200,1268300.0,2022-09-27 04:00:00
116.1715,116.7506,112.9715,113.6979,1664337600,2091900.0,2022-09-28 04:00:00
115.3077,116.0733,113.9629,115.5629,1664424000,1644600.0,2022-09-29 04:00:00
113.5801,116.3285,113.423,115.5334,1664510400,2189200.0,2022-09-30 04:00:00
117.6537,118.2132,113.8746,114.0905,1664769600,2602000.0,2022-10-03 04:00:00
120.9322,121.0696,118.3997,118.3997,1664856000,2039000.0,2022-10-04 04:00:00
120.4119,121.4623,119.0475,120.4414,1664942400,1704900.0,2022-10-05 04:00:00
121.3837,122.4929,120.4022,120.6181,1665028800,1558300.0,2022-10-06 04:00:00
120.0586,121.0696,119.3322,120.2745,1665115200,1999500.0,2022-10-07 04:00:00
118.4586,120.2156,117.6929,120.1469,1665374400,1080100.0,2022-10-10 04:00:00
117.0549,119.0377,116.4561,118.0169,1665460800,1578900.0,2022-10-11 04:00:00
116.6917,117.9874,116.6034,117.1432,1665547200,1140800.0,2022-10-12 04:00:00
118.9887,119.9114,114.0807,114.1985,1665633600,1624700.0,2022-10-13 04:00:00
118.1543,120.9518,117.3592,119.8328,1665720000,1972600.0,2022-10-14 04:00:00
118.8021,121.3052,118.6058,120.9322,1665979200,1700300.0,2022-10-17 04:00:00
121.0991,121.7077,119.8034,120.3334,1666065600,1513600.0,2022-10-18 04:00:00
121.5604,122.3064,119.6856,120.1273,1666152000,1347700.0,2022-10-19 04:00:00
121.2757,123.3862,120.0389,121.3445,1666238400,1360900.0,2022-10-20 04:00:00
122.6893,123.0034,120.2942,120.9911,1666324800,1605700.0,2022-10-21 04:00:00
123.3567,124.0537,121.5212,123.3371,1666584000,1344500.0,2022-10-24 04:00:00
125.3886,125.4573,123.5432,123.877,1666670400,1634500.0,2022-10-25 04:00:00
124.9076,127.1555,124.6426,125.3984,1666756800,1357500.0,2022-10-26 04:00:00
125.3494,127.2242,124.7702,124.8193,1666843200,2233800.0,2022-10-27 04:00:00
125.8794,128.0488,125.4279,126.0561,1666929600,2213800.0,2022-10-28 04:00:00
123.6414,126.3113,122.8561,125.5653,1667188800,2941200.0,2022-10-31 04:00:00
123.9457,125.3494,122.9739,123.9653,1667275200,2576700.0,2022-11-01 04:00:00
126.2917,130.2671,121.4426,123.6807,1667361600,4902200.0,2022-11-02 04:00:00
124.2893,126.9886,124.25,125.1629,1667448000,2340800.0,2022-11-03 04:00:00
127.3714,127.4304,124.2893,124.5347,1667534400,2231500.0,2022-11-04 04:00:00
129.9825,130.9444,127.5678,127.7837,1667797200,2714600.0,2022-11-07 05:00:00
126.7236,129.05,125.477,127.7935,1667883600,2554600.0,2022-11-08 05:00:00
123.9653,126.7629,123.6807,126.6254,1667970000,2413000.0,2022-11-09 05:00:00
127.9015,129.1285,126.0169,127.234,1668056400,2564900.0,2022-11-10 05:00:00
128.8144,128.9911,126.0463,128.2058,1668142800,2057800.0,2022-11-11 05:00:00
127.1751,129.2659,127.0868,128.7751,1668402000,2412900.0,2022-11-14 05:00:00
126.4095,129.4426,124.7604,128.5199,1668488400,2266700.0,2022-11-15 05:00:00
126.9592,128.4316,125.9972,126.8316,1668574800,1464600.0,2022-11-16 05:00:00
126.2819,127.234,123.8574,124.9371,1668661200,1437900.0,2022-11-17 05:00:00
127.6856,127.8819,126.0954,127.4009,1668747600,1648500.0,2022-11-18 05:00:00
125.5064,127.6267,124.0733,127.1163,1669006800,1846900.0,2022-11-21 05:00:00
127.1359,127.2635,124.6819,125.8009,1669093200,1509400.0,2022-11-22 05:00:00
128.5494,129.1972,127.0181,127.6071,1669179600,1574800.0,2022-11-23 05:00:00
127.1162,127.8721,126.7727,127.5874,1669352400,781300.0,2022-11-25 05:00:00
125.9874,127.7444,125.8107,126.6451,1669611600,1332000.0,2022-11-28 05:00:00
125.4271,126.5379,124.7586,125.6237,1669698000,1330200.0,2022-11-29 05:00:00
128.563,129.025,124.5915,125.5254,1669784400,2809700.0,2022-11-30 05:00:00
129.3888,129.8311,127.924,129.5952,1669870800,1806200.0,2022-12-01 05:00:00
130.0376,130.6077,128.1501,128.3664,1669957200,1233200.0,2022-12-02 05:00:00
128.2091,131.0796,127.806,129.9294,1670216400,1745200.0,2022-12-05 05:00:00
125.2501,127.9535,124.6111,127.9535,1670302800,1943900.0,2022-12-06 05:00:00
123.8739,125.9284,123.1956,125.604,1670389200,1489700.0,2022-12-07 05:00:00
123.9722,125.3189,123.1071,124.8962,1670475600,2259600.0,2022-12-08 05:00:00
122.5959,123.9623,122.0749,123.9623,1670562000,1985500.0,2022-12-09 05:00:00
123.4708,123.982,121.3769,123.6183,1670821200,1666800.0,2022-12-12 05:00:00
123.5495,126.7247,122.3403,125.5942,1670907600,2416600.0,2022-12-13 05:00:00
122.5467,124.4833,121.6718,123.7166,1670994000,1477000.0,2022-12-14 05:00:00
119.6664,122.1339,119.2732,121.5342,1671080400,1686500.0,2022-12-15 05:00:00
119.6762,119.922,117.8674,118.7227,1671166800,4312600.0,2022-12-16 05:00:00
118.7424,119.6271,118.3196,119.4993,1671426000,1606700.0,2022-12-19 05:00:00
118.3786,119.9908,118.3,118.4966,1671512400,1181100.0,2022-12-20 05:00:00
120.4234,120.7084,118.1329,119.1061,1671598800,1615100.0,2022-12-21 05:00:00
119.3617,120.1284,118.2213,119.7451,1671685200,1335300.0,2022-12-22 05:00:00
119.4501,119.863,118.5359,118.9684,1671771600,844700.0,2022-12-23 05:00:00
118.7718,119.3125,118.3,119.2634,1672117200,823500.0,2022-12-27 05:00:00
117.5135,119.3125,117.4447,118.8505,1672203600,898300.0,2022-12-28 05:00:00
120.1186,120.8166,117.3956,118.0837,1672290000,1222800.0,2022-12-29 05:00:00
120.1088,120.2562,118.7424,119.7156,1672376400,1164400.0,2022-12-30 05:00:00
120.7183,122.5861,120.2464,121.4949,1672722000,1677800.0,2023-01-03 05:00:00
122.8908,124.0606,121.3081,121.3081,1672808400,1498100.0,2023-01-04 05:00:00
122.5664,123.2054,121.9373,122.4484,1672894800,929600.0,2023-01-05 05:00:00
121.7898,123.7166,120.9247,123.0481,1672981200,2781900.0,2023-01-06 05:00:00
122.065,123.8837,121.3278,121.7898,1673240400,1685700.0,2023-01-09 05:00:00
121.9176,122.7532,120.2268,122.0749,1673326800,1819600.0,2023-01-10 05:00:00
123.9722,125.2206,121.5735,122.8122,1673413200,2745400.0,2023-01-11 05:00:00
124.2769,124.3556,121.5244,123.6772,1673499600,1999500.0,2023-01-12 05:00:00
123.3332,124.6406,122.7335,124.0901,1673586000,1469500.0,2023-01-13 05:00:00
121.603,123.0088,121.2295,122.5369,1673931600,1999300.0,2023-01-17 05:00:00
121.6128,122.5369,120.4528,121.6718,1674018000,1831000.0,2023-01-18 05:00:00
121.6227,122.0356,120.6888,121.6129,1674104400,1723200.0,2023-01-19 05:00:00
123.8542,124.0606,121.6718,122.3206,1674190800,2729800.0,2023-01-20 05:00:00
125.2501,125.3681,123.1956,123.6576,1674450000,2105600.0,2023-01-23 05:00:00
125.3288,125.8989,124.2277,125.545,1674536400,1301800.0,2023-01-24 05:00:00
125.3976,125.4861,124.1295,124.444,1674622800,1099800.0,2023-01-25 05:00:00
126.9508,127.2555,126.0169,126.1349,1674709200,1196100.0,2023-01-26 05:00:00
126.6854,128.3566,126.6067,126.9508,1674795600,1786200.0,2023-01-27 05:00:00
126.8034,127.2752,125.9383,126.7345,1675054800,2446900.0,2023-01-30 05:00:00
126.4986,127.7864,126.2037,126.9999,1675141200,3067700.0,2023-01-31 05:00:00
114.7807,115.2329,110.6715,114.8003,1675227600,14492300.0,2023-02-01 05:00:00
114.0237,115.5278,112.1657,115.5081,1675314000,6355600.0,2023-02-02 05:00:00
111.9888,113.5813,111.8512,113.198,1675400400,4393500.0,2023-02-03 05:00:00
110.2881,111.684,109.8261,111.684,1675659600,4208700.0,2023-02-06 05:00:00
112.2444,112.4213,109.9047,110.2291,1675746000,4637500.0,2023-02-07 05:00:00
110.7895,112.1559,110.3766,111.3105,1675832400,2159800.0,2023-02-08 05:00:00
109.8949,112.0183,109.5017,111.5366,1675918800,3079000.0,2023-02-09 05:00:00
109.9047,110.9861,109.5214,109.9637,1676005200,2904800.0,2023-02-10 05:00:00
111.281,111.4875,109.5803,109.5803,1676264400,2552800.0,2023-02-13 05:00:00
110.3471,110.9861,109.6786,110.8976,1676350800,2662600.0,2023-02-14 05:00:00
111.4186,111.4383,109.3936,109.3936,1676437200,1602800.0,2023-02-15 05:00:00
109.8261,111.3203,109.7278,110.003,1676523600,2742100.0,2023-02-16 05:00:00
110.1013,110.5634,108.8529,109.2658,1676610000,3370500.0,2023-02-17 05:00:00
110.121,110.3373,109.3641,109.4132,1676955600,2656400.0,2023-02-21 05:00:00
109.8457,110.4356,109.482,110.4356,1677042000,2270200.0,2023-02-22 05:00:00
108.8431,110.1997,108.322,110.1014,1677128400,2459500.0,2023-02-23 05:00:00
107.9092,108.4007,107.5946,107.8797,1677214800,1997000.0,2023-02-24 05:00:00
109.2068,109.2953,108.3908,108.558,1677474000,2300100.0,2023-02-27 05:00:00
109.2462,109.5416,108.7833,108.9901,1677560400,2900400.0,2023-02-28 05:00:00
108.7243,109.3348,108.0546,109.2856,1677646800,2012700.0,2023-03-01 05:00:00
110.5756,110.9399,108.7144,108.7243,1677733200,2349200.0,2023-03-02 05:00:00
111.4224,111.4717,110.3392,111.0482,1677819600,1600400.0,2023-03-03 05:00:00
111.4618,112.6435,110.9399,111.2649,1678078800,1860100.0,2023-03-06 05:00:00
110.4278,111.8951,109.8961,111.4618,1678165200,1871700.0,2023-03-07 05:00:00
110.5657,110.8021,110.0832,110.546,1678251600,1205200.0,2023-03-08 05:00:00
108.7735,111.0679,108.6258,110.4574,1678338000,2344700.0,2023-03-09 05:00:00
107.5229,110.1817,107.257,108.9114,1678424400,2898200.0,2023-03-10 05:00:00
108.3895,109.2757,106.873,107.8577,1678680000,2662500.0,2023-03-13 04:00:00
109.7779,110.3491,108.5273,109.0689,1678766400,2144400.0,2023-03-14 04:00:00
109.6794,110.3195,109.0295,109.6893,1678852800,2803200.0,2023-03-15 04:00:00
111.7966,112.0527,109.6893,109.6893,1678939200,2110500.0,2023-03-16 04:00:00
111.6194,112.2693,111.255,111.9148,1679025600,3077500.0,2023-03-17 04:00:00
111.7868,112.5352,111.2846,111.2846,1679284800,1725700.0,2023-03-20 04:00:00
113.1851,113.3919,111.383,111.383,1679371200,2428900.0,2023-03-21 04:00:00
111.4323,113.3427,111.4126,112.545,1679457600,2266900.0,2023-03-22 04:00:00
114.2683,114.8197,111.9345,112.0526,1679544000,2436200.0,2023-03-23 04:00:00
117.2126,117.3899,115.8143,116.2772,1679630400,2527300.0,2023-03-24 04:00:00
116.8286,117.577,116.3362,117.0846,1679889600,2276500.0,2023-03-27 04:00:00
116.2181,116.6317,115.5681,116.287,1679976000,1551100.0,2023-03-28 04:00:00
117.3702,117.5081,116.2772,116.2772,1680062400,1522800.0,2023-03-29 04:00:00
117.2816,118.2171,117.0255,118.1678,1680148800,1979500.0,2023-03-30 04:00:00
118.611,118.6897,117.1536,117.5573,1680235200,2347300.0,2023-03-31 04:00:00
119.4972,119.7926,117.7739,118.3057,1680494400,1946400.0,2023-04-03 04:00:00
123.3278,123.5543,119.3791,119.576,1680580800,3303700.0,2023-04-04 04:00:00
124.2239,124.3421,122.9339,123.3278,1680667200,2564700.0,2023-04-05 04:00:00
123.249,124.1255,122.8453,123.8793,1680753600,1991000.0,2023-04-06 04:00:00
123.702,123.8793,121.8507,122.8847,1681099200,1421200.0,2023-04-10 04:00:00
123.7611,124.3224,122.8355,123.2195,1681185600,1596100.0,2023-04-11 04:00:00
124.2042,125.2382,123.899,124.352,1681272000,1377100.0,2023-04-12 04:00:00
126.3214,126.7547,124.6474,124.6474,1681358400,1637200.0,2023-04-13 04:00:00
125.9177,126.5676,125.4942,126.026,1681444800,1377100.0,2023-04-14 04:00:00
126.1245,126.4593,125.1791,125.4253,1681704000,1534600.0,2023-04-17 04:00:00
127.0698,127.4046,125.8684,126.8433,1681790400,1668700.0,2023-04-18 04:00:00
126.2229,126.9319,126.1048,126.6168,1681876800,1221400.0,2023-04-19 04:00:00
126.8335,127.6016,126.1934,126.3214,1681963200,1621100.0,2023-04-20 04:00:00
127.1388,128.1333,126.735,127.0797,1682049600,1679700.0,2023-04-21 04:00:00
127.5031,127.6311,126.2623,126.6464,1682308800,1226700.0,2023-04-24 04:00:00
127.5228,127.8871,126.9024,127.0206,1682395200,1424300.0,2023-04-25 04:00:00
123.2097,125.1004,122.1954,124.283,1682481600,4249900.0,2023-04-26 04:00:00
124.5784,124.7951,122.156,122.156,1682568000,2465900.0,2023-04-27 04:00:00
125.3367,125.7503,124.352,124.5095,1682654400,1828600.0,2023-04-28 04:00:00
125.4745,125.7207,124.411,125.1988,1682913600,1438300.0,2023-05-01 04:00:00
124.2338,125.4746,122.8355,124.9526,1683000000,1862100.0,2023-05-02 04:00:00
123.1604,124.9132,122.9142,124.3815,1683086400,1769400.0,2023-05-03 04:00:00
122.1166,124.0565,121.9689,124.0073,1683172800,2534400.0,2023-05-04 04:00:00
123.5051,123.7414,121.3879,121.8901,1683259200,2806500.0,2023-05-05 04:00:00
123.8399,124.2535,122.3825,123.3377,1683518400,1831400.0,2023-05-08 04:00:00
123.4952,124.6178,122.9339,123.5937,1683604800,2916900.0,2023-05-09 04:00:00
122.8355,127.5228,121.0531,127.3456,1683691200,4824200.0,2023-05-10 04:00:00
123.4066,124.8049,122.4613,123.4558,1683777600,3183900.0,2023-05-11 04:00:00
123.5543,124.8148,122.8355,123.9581,1683864000,2533200.0,2023-05-12 04:00:00
122.934,123.5937,121.9886,123.0127,1684123200,1826400.0,2023-05-15 04:00:00
123.2097,123.6233,122.0575,122.3825,1684209600,2664300.0,2023-05-16 04:00:00
123.0127,123.7611,121.6538,122.3825,1684296000,2899600.0,2023-05-17 04:00:00
124.283,124.3717,122.5302,123.4854,1684382400,2421300.0,2023-05-18 04:00:00
123.7414,125.3465,123.1998,124.5686,1684468800,2241000.0,2023-05-19 04:00:00
123.2097,124.7655,122.8158,124.3815,1684728000,1445800.0,2023-05-22 04:00:00
123.3771,123.6823,122.1265,122.5991,1684814400,1663500.0,2023-05-23 04:00:00
123.4854,124.1944,122.4908,123.5445,1684900800,1353500.0,2023-05-24 04:00:00
123.4854,123.8793,122.0575,122.9142,1684987200,1782300.0,2023-05-25 04:00:00
124.864,124.9231,122.5794,123.2392,1685073600,1884200.0,2023-05-26 04:00:00
124.7358,125.6333,124.361,125.2782,1685419200,2247600.0,2023-05-30 04:00:00
126.2348,126.5406,124.4794,124.7358,1685505600,2791000.0,2023-05-31 04:00:00
125.9291,126.7773,125.5544,126.2348,1685592000,1534200.0,2023-06-01 04:00:00
125.9094,126.2447,124.7161,126.0672,1685678400,1727700.0,2023-06-02 04:00:00
125.2683,126.4222,124.9528,124.9528,1685937600,2075800.0,2023-06-05 04:00:00
125.3867,126.3927,125.2092,125.5642,1686024000,1461000.0,2023-06-06 04:00:00
124.4991,126.8956,123.7101,125.3867,1686110400,2180300.0,2023-06-07 04:00:00
125.3571,126.8167,124.7555,124.9035,1686196800,1882700.0,2023-06-08 04:00:00
124.2032,125.505,124.0849,125.219,1686283200,1791700.0,2023-06-09 04:00:00
124.0257,124.4202,123.5425,124.1737,1686542400,2349500.0,2023-06-12 04:00:00
125.5642,125.8502,123.9468,124.0257,1686628800,1892300.0,2023-06-13 04:00:00
126.1362,126.728,124.864,125.298,1686715200,1536000.0,2023-06-14 04:00:00
127.2112,127.2704,125.9291,126.8068,1686801600,1723000.0,2023-06-15 04:00:00
126.8857,128.2073,126.4518,128.1875,1686888000,3123400.0,2023-06-16 04:00:00
124.6668,126.6491,124.4893,126.1757,1687233600,2130500.0,2023-06-20 04:00:00
122.8521,124.7259,122.6943,123.7397,1687320000,2657700.0,2023-06-21 04:00:00
123.72,124.2033,122.3689,122.4872,1687406400,1445700.0,2023-06-22 04:00:00
123.5228,124.0454,122.862,123.1875,1687492800,2074400.0,2023-06-23 04:00:00
124.9232,125.5839,122.9705,123.217,1687752000,1537000.0,2023-06-26 04:00:00
129.5683,129.7556,125.4755,125.722,1687838400,2462000.0,2023-06-27 04:00:00
128.8582,131.0377,128.4735,129.3513,1687924800,2282000.0,2023-06-28 04:00:00
128.651,129.1638,127.0139,128.9173,1688011200,1567400.0,2023-06-29 04:00:00
127.9114,129.726,127.7733,129.2132,1688097600,1779100.0,2023-06-30 04:00:00
129.0653,129.2033,127.2309,127.3197,1688356800,896900.0,2023-07-03 04:00:00
128.0988,128.7497,127.3493,128.3848,1688529600,1756400.0,2023-07-05 04:00:00
128.8976,129.0061,126.8956,127.0238,1688616000,1682600.0,2023-07-06 04:00:00
127.4183,129.4499,126.7674,128.6905,1688702400,1793100.0,2023-07-07 04:00:00
128.7398,129.6077,127.9311,127.9311,1688961600,1900400.0,2023-07-10 04:00:00
135.4362,137.4579,128.7004,128.7398,1689048000,5288400.0,2023-07-11 04:00:00
133.6019,136.2449,133.2863,136.0279,1689134400,2848300.0,2023-07-12 04:00:00
134.8248,135.6039,134.6078,134.9431,1689220800,1700200.0,2023-07-13 04:00:00
135.446,135.9687,134.1738,134.8937,1689307200,1369500.0,2023-07-14 04:00:00
136.3435,138.3652,135.7715,136.3829,1689566400,2882700.0,2023-07-17 04:00:00
136.9549,137.0338,135.4362,136.6394,1689652800,1641900.0,2023-07-18 04:00:00
134.953,137.6848,134.805,136.8564,1689739200,2290300.0,2023-07-19 04:00:00
135.239,136.3336,134.5092,134.5092,1689825600,1829300.0,2023-07-20 04:00:00
135.1699,136.3336,135.0022,135.6334,1689912000,4562700.0,2023-07-21 04:00:00
135.8602,136.0378,134.8937,135.7616,1690171200,1319800.0,2023-07-24 04:00:00
137.6453,137.8524,135.6334,135.8011,1690257600,1507900.0,2023-07-25 04:00:00
136.9155,137.3396,136.0476,137.1226,1690344000,1602400.0,2023-07-26 04:00:00
135.6137,138.2469,135.1403,137.6354,1690430400,2311500.0,2023-07-27 04:00:00
135.949,136.6788,135.6236,136.4421,1690516800,1508700.0,2023-07-28 04:00:00
134.4697,136.1462,133.9667,135.5446,1690776000,2246800.0,2023-07-31 04:00:00
134.2429,135.4559,133.592,133.6511,1690862400,2298800.0,2023-08-01 04:00:00
124.5681,128.3453,123.7397,128.2073,1690948800,5112600.0,2023-08-02 04:00:00
122.1223,125.1007,122.0139,123.8482,1691035200,4083400.0,2023-08-03 04:00:00
120.8994,122.5957,120.7811,122.3295,1691121600,2798100.0,2023-08-04 04:00:00
122.3393,122.931,120.9882,121.5109,1691380800,2662000.0,2023-08-07 04:00:00
120.9192,121.8561,120.8008,121.1953,1691467200,2409800.0,2023-08-08 04:00:00
120.2387,121.6293,119.7752,121.1855,1691553600,2404200.0,2023-08-09 04:00:00
120.5839,121.9646,119.8639,121.3926,1691640000,1683300.0,2023-08-10 04:00:00
120.5148,120.6923,119.4201,119.8738,1691726400,1894200.0,2023-08-11 04:00:00
121.077,121.8561,120.1006,120.4261,1691985600,1713200.0,2023-08-14 04:00:00
119.7456,120.791,119.5484,120.1894,1692072000,1500000.0,2023-08-15 04:00:00
119.0158,119.9428,118.7101,119.2229,1692158400,1554900.0,2023-08-16 04:00:00
117.1223,119.0454,117.0532,118.6706,1692244800,1790700.0,2023-08-17 04:00:00
116.7278,117.783,116.1952,116.2446,1692331200,1518500.0,2023-08-18 04:00:00
116.9645,117.4872,116.1952,116.7968,1692590400,1412000.0,2023-08-21 04:00:00
117.8817,118.0493,117.1223,117.3787,1692676800,1839900.0,2023-08-22 04:00:00
119.647,119.9034,118.0789,118.4931,1692763200,1821200.0,2023-08-23 04:00:00
118.2564,120.7318,118.2268,119.8738,1692849600,1795100.0,2023-08-24 04:00:00
118.0394,118.5325,117.3491,118.2761,1692936000,1308900.0,2023-08-25 04:00:00
118.858,118.9369,118.1085,118.3452,1693195200,1182800.0,2023-08-28 04:00:00
119.4803,119.8754,118.5024,119.0062,1693281600,1538600.0,2023-08-29 04:00:00
119.0753,120.152,119.0062,119.4803,1693368000,1767600.0,2023-08-30 04:00:00
118.5123,119.6087,117.5937,119.3519,1693454400,4374900.0,2023-08-31 04:00:00
119.0654,120.5273,118.0283,119.5889,1693540800,2333100.0,2023-09-01 04:00:00
120.0137,120.8829,118.7197,119.0654,1693886400,1963800.0,2023-09-05 04:00:00
119.421,119.984,118.374,119.9149,1693972800,2273400.0,2023-09-06 04:00:00
119.4605,120.1915,118.937,119.3815,1694059200,1724600.0,2023-09-07 04:00:00
120.2606,120.7446,119.0555,119.9149,1694145600,1750100.0,2023-09-08 04:00:00
121.0311,121.9596,120.31,121.0113,1694404800,3626400.0,2023-09-11 04:00:00
119.9347,121.7423,119.7075,120.5866,1694491200,2379300.0,2023-09-12 04:00:00
120.1915,121.1891,119.7075,119.9347,1694577600,4107100.0,2023-09-13 04:00:00
121.5348,122.0584,119.8754,120.1915,1694664000,3112500.0,2023-09-14 04:00:00
118.9864,121.2583,118.7395,121.0508,1694750400,5405600.0,2023-09-15 04:00:00
119.1247,119.6976,118.532,119.6976,1695009600,2449500.0,2023-09-18 04:00:00
119.5198,120.0038,118.6506,118.7098,1695096000,2403000.0,2023-09-19 04:00:00
118.9765,120.3792,118.9469,119.9939,1695182400,1317000.0,2023-09-20 04:00:00
117.3467,118.8778,117.3072,118.6308,1695268800,1813800.0,2023-09-21 04:00:00
117.5443,118.6901,117.1887,117.4356,1695355200,1994300.0,2023-09-22 04:00:00
118.2456,118.2653,116.843,117.001,1695614400,1291200.0,2023-09-25 04:00:00
116.9121,117.9295,116.7837,117.6628,1695700800,1363400.0,2023-09-26 04:00:00
116.5269,117.4257,116.033,117.2282,1695787200,1245300.0,2023-09-27 04:00:00
117.722,118.6012,116.2601,116.6849,1695873600,1738400.0,2023-09-28 04:00:00
118.9271,119.342,118.1764,118.4826,1695960000,1770600.0,2023-09-29 04:00:00
118.6802,119.3025,117.9097,118.4826,1696219200,1590700.0,2023-10-02 04:00:00
118.0875,118.9271,117.1491,118.6506,1696305600,1659500.0,2023-10-03 04:00:00
119.2432,119.4111,117.2578,118.6012,1696392000,2011300.0,2023-10-04 04:00:00
119.3124,119.7766,118.1567,119.5395,1696478400,1320000.0,2023-10-05 04:00:00
121.4558,121.9695,118.9765,119.0753,1696564800,1667000.0,2023-10-06 04:00:00
123.0659,123.2733,120.7051,121.0903,1696824000,1404800.0,2023-10-09 04:00:00
126.5132,127.5207,124.4586,124.9328,1696910400,3612900.0,2023-10-10 04:00:00
128.1035,128.4492,126.6712,126.8984,1696996800,2085000.0,2023-10-11 04:00:00
129.9605,131.2742,128.5282,128.6369,1697083200,2451900.0,2023-10-12 04:00:00
129.6839,130.8791,128.7554,130.3655,1697169600,1547600.0,2023-10-13 04:00:00
129.5358,131.4323,129.4864,130.731,1697428800,2271400.0,2023-10-16 04:00:00
129.4271,130.2568,128.7455,129.1011,1697515200,1866100.0,2023-10-17 04:00:00
128.6665,130.6026,128.5282,129.2987,1697601600,1479800.0,2023-10-18 04:00:00
126.6614,129.0419,126.365,128.7159,1697688000,1747800.0,2023-10-19 04:00:00
125.881,127.6096,125.8119,127.1058,1697774400,1519200.0,2023-10-20 04:00:00
124.7945,126.3255,124.6364,125.8514,1698033600,1363900.0,2023-10-23 04:00:00
126.0983,126.3156,124.9328,124.992,1698120000,1148600.0,2023-10-24 04:00:00
124.1821,126.2168,123.9055,125.723,1698206400,1141200.0,2023-10-25 04:00:00
122.1275,124.2216,121.9398,124.1821,1698292800,1715800.0,2023-10-26 04:00:00
121.1298,122.4633,120.8829,122.1077,1698379200,1494200.0,2023-10-27 04:00:00
119.826,121.9102,118.453,121.9102,1698638400,2408400.0,2023-10-30 04:00:00
122.2757,122.9572,120.1421,120.4285,1698724800,2300500.0,2023-10-31 04:00:00
122.2658,123.2931,120.9817,122.3152,1698811200,2724800.0,2023-11-01 04:00:00
126.7107,129.2789,125.3575,128.3801,1698897600,3990400.0,2023-11-02 04:00:00
128.0047,128.1726,125.2093,127.1651,1698984000,2642200.0,2023-11-03 04:00:00
127.6886,128.3998,126.6416,127.9948,1699246800,1516500.0,2023-11-06 05:00:00
128.143,129.595,127.9849,128.4097,1699333200,1865600.0,2023-11-07 05:00:00
129.1406,129.5752,128.3801,128.8739,1699419600,1963900.0,2023-11-08 05:00:00
129.6938,130.7902,129.1505,129.8913,1699506000,2172500.0,2023-11-09 05:00:00
131.1557,131.5607,129.7531,130.5136,1699592400,2492200.0,2023-11-10 05:00:00
131.0569,131.9755,130.2371,130.2371,1699851600,1333700.0,2023-11-13 05:00:00
132.7954,133.1411,131.9064,132.2917,1699938000,2326300.0,2023-11-14 05:00:00
132.7855,132.9534,131.7286,132.8052,1700024400,1750400.0,2023-11-15 05:00:00
131.7681,132.746,131.0866,132.667,1700110800,2054600.0,2023-11-16 05:00:00
132.0644,132.1237,130.7803,131.5409,1700197200,2717100.0,2023-11-17 05:00:00
133.793,134.0499,131.9854,132.2423,1700456400,2312400.0,2023-11-20 05:00:00
134.3956,134.6326,133.4868,134.0301,1700542800,1391100.0,2023-11-21 05:00:00
134.4548,135.3932,134.4054,135.1067,1700629200,1153700.0,2023-11-22 05:00:00
134.929,135.1364,134.0992,134.6524,1700802000,583900.0,2023-11-24 05:00:00
135.4426,135.8673,134.5042,134.8499,1701061200,1254200.0,2023-11-27 05:00:00
134.8986,135.7987,134.77,135.2448,1701147600,1404500.0,2023-11-28 05:00:00
135.8185,136.8966,135.1557,135.3931,1701234000,1304000.0,2023-11-29 05:00:00
136.5109,136.6692,135.4723,136.0262,1701320400,2402100.0,2023-11-30 05:00:00
136.2636,136.7581,135.947,136.5108,1701406800,1931700.0,2023-12-01 05:00:00
136.323,136.4713,134.9777,135.1459,1701666000,2226900.0,2023-12-04 05:00:00
135.9273,136.5405,135.3437,135.3635,1701752400,1809200.0,2023-12-05 05:00:00
135.6503,136.9461,134.6315,136.1844,1701838800,2132000.0,2023-12-06 05:00:00
134.0776,136.0658,133.9589,136.0262,1701925200,2056400.0,2023-12-07 05:00:00
135.6503,135.8877,133.405,133.5335,1702011600,1531400.0,2023-12-08 05:00:00
137.0549,137.8264,134.8392,134.8392,1702270800,1854800.0,2023-12-11 05:00:00
138.8057,138.8551,137.5198,138.3507,1702357200,1552000.0,2023-12-12 05:00:00
140.8037,141.2192,139.4486,139.9135,1702443600,2177600.0,2023-12-13 05:00:00
139.32,141.9116,138.7167,141.4467,1702530000,2287900.0,2023-12-14 05:00:00
137.322,139.9333,137.0055,139.3497,1702616400,4548800.0,2023-12-15 05:00:00
136.59,138.3507,136.4812,138.0836,1702875600,1892200.0,2023-12-18 05:00:00
137.045,137.6583,136.313,136.5702,1702962000,1930000.0,2023-12-19 05:00:00
135.1063,137.1241,134.6612,136.1745,1703048400,1751500.0,2023-12-20 05:00:00
136.3823,136.5801,135.3239,135.68,1703134800,1604300.0,2023-12-21 05:00:00
136.1746,137.1934,135.7789,136.2339,1703221200,1192300.0,2023-12-22 05:00:00
135.7987,136.501,135.5316,136.2932,1703566800,1028000.0,2023-12-26 05:00:00
135.225,136.0955,134.859,135.7295,1703653200,1002200.0,2023-12-27 05:00:00
135.2744,135.8185,135.0074,135.225,1703739600,720400.0,2023-12-28 05:00:00
135.3239,135.6206,134.8392,135.3239,1703826000,1087700.0,2023-12-29 05:00:00
134.3051,134.9184,133.7413,134.0281,1704171600,1848300.0,2024-01-02 05:00:00
134.2359,134.6908,133.583,134.3051,1704258000,1444000.0,2024-01-03 05:00:00
134.493,135.1063,133.8995,134.404,1704344400,1236200.0,2024-01-04 05:00:00
134.1369,135.3932,133.771,134.2853,1704430800,1698400.0,2024-01-05 05:00:00
134.9777,135.2448,133.9688,134.4732,1704690000,1438700.0,2024-01-08 05:00:00
136.224,136.9659,134.6612,134.6612,1704776400,1328500.0,2024-01-09 05:00:00
136.135,136.8274,135.4129,136.224,1704862800,1735300.0,2024-01-10 05:00:00
136.2438,136.5999,135.3635,136.0657,1704949200,1192600.0,2024-01-11 05:00:00
136.4218,137.2725,135.9371,136.7581,1705035600,1132700.0,2024-01-12 05:00:00
135.6602,136.6592,135.0173,136.4515,1705381200,1166800.0,2024-01-16 05:00:00
135.1359,135.591,134.2161,135.5118,1705467600,1340000.0,2024-01-17 05:00:00
136.5306,136.6592,134.5326,135.136,1705554000,1450000.0,2024-01-18 05:00:00
136.224,137.3516,135.9075,137.2428,1705640400,1294100.0,2024-01-19 05:00:00
136.0756,137.2131,136.0459,136.1449,1705899600,1515100.0,2024-01-22 05:00:00
137.6583,137.8858,136.4416,136.7186,1705986000,1241600.0,2024-01-23 05:00:00
136.3625,138.5881,136.2339,138.3309,1706072400,1418800.0,2024-01-24 05:00:00
137.4308,138.232,136.9461,137.2527,1706158800,1513700.0,2024-01-25 05:00:00
137.9055,138.3012,137.1835,137.5593,1706245200,1800400.0,2024-01-26 05:00:00
137.0747,138.4792,136.7482,138.0638,1706504400,1474600.0,2024-01-29 05:00:00
136.0559,137.2527,135.7295,136.9164,1706590800,2251400.0,2024-01-30 05:00:00
136.0855,138.2616,132.0597,133.1478,1706677200,4345500.0,2024-01-31 05:00:00
136.4218,136.4614,133.5335,135.9371,1706763600,2717200.0,2024-02-01 05:00:00
135.1557,137.2033,133.771,136.3229,1706850000,2547400.0,2024-02-02 05:00:00
133.4742,134.7799,132.9599,134.5227,1707109200,2616700.0,2024-02-05 05:00:00
133.7908,134.3645,133.1083,133.9985,1707195600,1480600.0,2024-02-06 05:00:00
135.2645,135.9866,134.3051,134.5622,1707282000,1517600.0,2024-02-07 05:00:00
137.3418,137.4901,135.1953,135.5118,1707368400,1770500.0,2024-02-08 05:00:00
139.0826,139.4486,135.5119,137.0945,1707454800,2061500.0,2024-02-09 05:00:00
136.0559,138.8848,135.6998,138.8848,1707714000,2465800.0,2024-02-12 05:00:00
137.4901,138.1627,134.7304,135.3437,1707800400,2250700.0,2024-02-13 05:00:00
141.5258,141.7929,137.9155,138.2715,1707886800,2499100.0,2024-02-14 05:00:00
142.4852,142.96,141.3378,141.684,1707973200,1849500.0,2024-02-15 05:00:00
140.7345,142.871,140.6059,142.5545,1708059600,3311100.0,2024-02-16 05:00:00
139.5079,140.5564,138.3309,140.23,1708405200,2128100.0,2024-02-20 05:00:00
139.6366,139.7355,138.4595,139.1321,1708491600,1539100.0,2024-02-21 05:00:00
141.961,142.782,140.0025,140.8334,1708578000,1673100.0,2024-02-22 05:00:00
141.0411,142.6336,140.3289,141.9412,1708664400,1380000.0,2024-02-23 05:00:00
141.0312,141.6544,139.6761,141.0411,1708923600,1984800.0,2024-02-26 05:00:00
138.1688,141.2194,137.208,141.2194,1709010000,2319700.0,2024-02-27 05:00:00
138.7433,139.288,136.9802,137.4953,1709096400,1584600.0,2024-02-28 05:00:00
138.149,139.2979,136.6435,139.2385,1709182800,3482300.0,2024-02-29 05:00:00
139.4465,139.9318,137.1981,137.7528,1709269200,1782500.0,2024-03-01 05:00:00
137.4854,140.0804,137.3962,139.1097,1709528400,2705000.0,2024-03-04 05:00:00
134.9795,136.5346,133.7217,136.3464,1709614800,2750200.0,2024-03-05 05:00:00
134.2268,136.1582,133.2859,135.8313,1709701200,2232100.0,2024-03-06 05:00:00
134.1079,135.4846,133.0283,134.6428,1709787600,3342300.0,2024-03-07 05:00:00
133.8603,134.5833,133.0877,134.3357,1709874000,1645700.0,2024-03-08 05:00:00
135.4252,136.5742,133.4443,133.6523,1710129600,2547600.0,2024-03-11 04:00:00
134.722,136.0888,134.306,135.138,1710216000,1633000.0,2024-03-12 04:00:00
135.6531,136.7525,134.6725,134.6725,1710302400,2809400.0,2024-03-13 04:00:00
133.7415,135.7323,132.8996,135.653,1710388800,2353200.0,2024-03-14 04:00:00
132.9887,134.1575,132.4043,133.167,1710475200,4225500.0,2024-03-15 04:00:00
131.2158,133.6325,130.9781,132.8698,1710734400,3603100.0,2024-03-18 04:00:00
131.6912,132.0181,129.7499,130.4135,1710820800,2466600.0,2024-03-19 04:00:00
131.0573,132.6024,130.0173,132.0874,1710907200,2999000.0,2024-03-20 04:00:00
131.2158,132.9392,130.572,131.2356,1710993600,2075400.0,2024-03-21 04:00:00
130.4432,131.8596,130.364,131.6318,1711080000,1770500.0,2024-03-22 04:00:00
129.2745,130.3739,128.1454,130.3739,1711339200,2539700.0,2024-03-25 04:00:00
129.6508,130.2451,129.116,129.1457,1711425600,2272300.0,2024-03-26 04:00:00
130.6116,131.0078,129.4627,129.7994,1711512000,1802600.0,2024-03-27 04:00:00
131.404,131.9289,130.3145,130.9186,1711598400,2368800.0,2024-03-28 04:00:00
132.0676,132.0874,130.7404,131.5526,1711944000,1392700.0,2024-04-01 04:00:00
130.8889,132.1369,130.4036,131.7209,1712030400,2032600.0,2024-04-02 04:00:00
131.2554,131.7506,130.0471,130.9186,1712116800,1851300.0,2024-04-03 04:00:00
128.3237,132.2062,127.8086,131.9289,1712203200,2289700.0,2024-04-04 04:00:00
129.0467,129.532,127.6798,127.9869,1712289600,1640000.0,2024-04-05 04:00:00
128.7594,129.4825,128.1949,129.0467,1712548800,2290900.0,2024-04-08 04:00:00
129.4429,130.3838,128.7793,129.2448,1712635200,1966800.0,2024-04-09 04:00:00
128.0661,129.0764,127.2242,128.6604,1712721600,2450900.0,2024-04-10 04:00:00
127.9473,129.017,127.3629,127.8482,1712808000,2296900.0,2024-04-11 04:00:00
126.6696,127.6997,126.3824,127.3035,1712894400,1714900.0,2024-04-12 04:00:00
125.8376,127.1747,125.3424,126.9866,1713153600,1419700.0,2024-04-15 04:00:00
125.3424,127.5412,125.1542,126.5012,1713240000,1899900.0,2024-04-16 04:00:00
125.1047,126.313,125.0849,125.6593,1713326400,1699200.0,2024-04-17 04:00:00
124.4312,126.1744,123.9161,125.8772,1713412800,1389500.0,2024-04-18 04:00:00
126.0555,126.2437,124.5401,124.8472,1713499200,1869200.0,2024-04-19 04:00:00
125.9069,126.7785,125.6197,126.521,1713758400,1275200.0,2024-04-22 04:00:00
125.9268,126.6993,125.5405,126.0852,1713844800,1401800.0,2024-04-23 04:00:00
126.9172,127.0361,125.1542,125.2929,1713931200,1483400.0,2024-04-24 04:00:00
126.0951,127.4917,125.0056,127.2639,1714017600,1221500.0,2024-04-25 04:00:00
126.6795,127.7195,125.5107,125.5107,1714104000,1220600.0,2024-04-26 04:00:00
126.6795,127.5214,126.214,126.4319,1714363200,1302200.0,2024-04-29 04:00:00
125.6098,126.1744,125.3424,126.1744,1714449600,1804900.0,2024-04-30 04:00:00
126.9568,128.3831,125.0254,125.4315,1714536000,1820300.0,2024-05-01 04:00:00
127.2738,127.8681,125.3919,127.5115,1714622400,1544900.0,2024-05-02 04:00:00
128.3237,129.225,127.7789,127.8879,1714708800,1650200.0,2024-05-03 04:00:00
129.3141,129.74,128.3237,128.7496,1714968000,1708600.0,2024-05-06 04:00:00
128.9972,130.2649,128.8288,129.225,1715054400,3382800.0,2024-05-07 04:00:00
124.0449,130.265,123.8765,125.8772,1715140800,4269900.0,2024-05-08 04:00:00
125.9069,126.4814,123.7279,124.0746,1715227200,3186300.0,2024-05-09 04:00:00
125.9268,126.105,123.926,124.9561,1715313600,2023100.0,2024-05-10 04:00:00
125.3721,126.9073,125.2433,126.214,1715572800,2383000.0,2024-05-13 04:00:00
125.382,125.689,124.2529,124.7481,1715659200,2107200.0,2024-05-14 04:00:00
126.4022,127.353,125.3622,125.9366,1715745600,2222400.0,2024-05-15 04:00:00
127.9275,128.0166,125.8178,126.8578,1715832000,2275200.0,2024-05-16 04:00:00
126.5309,127.6699,125.1344,126.9172,1715918400,3206000.0,2024-05-17 04:00:00
127.0757,127.1351,125.59,126.3229,1716177600,1753000.0,2024-05-20 04:00:00
127.6205,127.7195,126.4319,126.4319,1716264000,1693500.0,2024-05-21 04:00:00
133.8504,134.0386,127.9572,127.9671,1716350400,5366300.0,2024-05-22 04:00:00
133.1175,134.4249,132.444,134.1773,1716436800,3881600.0,2024-05-23 04:00:00
133.7712,134.3456,132.543,132.9887,1716523200,1648600.0,2024-05-24 04:00:00
130.7899,132.751,129.3438,131.9289,1716868800,4167800.0,2024-05-28 04:00:00
130.899,131.9504,129.8674,130.2146,1716955200,2427400.0,2024-05-29 04:00:00
130.165,131.1371,129.3715,130.5419,1717041600,2692700.0,2024-05-30 04:00:00
131.8016,131.9405,128.0325,130.1452,1717128000,4525200.0,2024-05-31 04:00:00
131.9107,133.8052,131.5338,131.8016,1717387200,2254300.0,2024-06-03 04:00:00
135.3922,135.4617,131.0081,131.4048,1717473600,2346700.0,2024-06-04 04:00:00
136.8404,137.2768,135.3327,135.8187,1717560000,2898200.0,2024-06-05 04:00:00
136.2849,137.6934,136.1163,136.7809,1717646400,2117900.0,2024-06-06 04:00:00
135.7097,137.9612,135.5906,136.8801,1717732800,2513600.0,2024-06-07 04:00:00
135.1046,135.9675,134.1524,135.0649,1717992000,2008000.0,2024-06-10 04:00:00
135.5807,136.4436,133.6961,134.2218,1718078400,2221300.0,2024-06-11 04:00:00
134.5293,136.7114,134.44,135.908,1718164800,2263400.0,2024-06-12 04:00:00
134.7673,136.9495,134.3012,134.5789,1718251200,1859500.0,2024-06-13 04:00:00
134.8765,135.1443,133.9937,134.4797,1718337600,1591300.0,2024-06-14 04:00:00
136.4139,136.4932,133.9143,134.5293,1718596800,1754200.0,2024-06-17 04:00:00
137.009,137.0983,135.6501,136.6123,1718683200,1786500.0,2024-06-18 04:00:00
136.7313,137.5843,135.9279,136.6519,1718856000,2107100.0,2024-06-20 04:00:00
137.9315,138.0207,136.1263,137.2768,1718942400,2978700.0,2024-06-21 04:00:00
140.0838,140.6691,138.1596,138.3679,1719201600,2157300.0,2024-06-24 04:00:00
139.4887,140.1037,138.3481,139.8656,1719288000,1654300.0,2024-06-25 04:00:00
139.4292,139.9153,138.7448,139.0821,1719374400,1518000.0,2024-06-26 04:00:00
138.3877,140.064,138.1695,140.064,1719460800,1388500.0,2024-06-27 04:00:00
138.1993,139.3598,137.6537,138.7746,1719547200,2423500.0,2024-06-28 04:00:00
136.2056,138.5762,135.9973,138.5762,1719806400,1285000.0,2024-07-01 04:00:00
137.7529,137.8124,136.3544,136.771,1719892800,1288400.0,2024-07-02 04:00:00
137.5446,138.2886,136.9892,137.9612,1719979200,799100.0,2024-07-03 04:00:00
137.1379,137.3165,136.1659,136.9098,1720152000,1195100.0,2024-07-05 04:00:00
138.5167,138.5762,136.0766,137.0884,1720411200,1568900.0,2024-07-08 04:00:00
139.4391,140.679,137.6934,138.6754,1720497600,1917200.0,2024-07-09 04:00:00
142.9206,143.2281,139.2408,139.8656,1720584000,2753900.0,2024-07-10 04:00:00
144.1208,145.5095,142.5735,143.0,1720670400,2383300.0,2024-07-11 04:00:00
144.4977,146.2137,143.6447,144.7159,1720756800,2120400.0,2024-07-12 04:00:00
143.8233,145.4896,142.6429,143.8233,1721016000,2116800.0,2024-07-15 04:00:00
145.4797,146.2732,144.3986,144.835,1721102400,2024300.0,2024-07-16 04:00:00
145.807,147.0171,145.0532,145.4797,1721188800,2450300.0,2024-07-17 04:00:00
145.3309,146.4815,144.22,146.055,1721275200,2415500.0,2024-07-18 04:00:00
139.0622,144.8151,138.9531,144.7854,1721361600,4844700.0,2024-07-19 04:00:00
142.0875,143.0298,139.5978,139.5978,1721620800,2890800.0,2024-07-22 04:00:00
140.8377,141.413,139.5185,140.8674,1721707200,2695000.0,2024-07-23 04:00:00
140.0343,141.661,139.8061,140.9666,1721793600,2313400.0,2024-07-24 04:00:00
140.6492,141.9883,140.3021,141.2344,1721880000,2537000.0,2024-07-25 04:00:00
144.0018,144.3093,140.4707,140.4707,1721966400,2341300.0,2024-07-26 04:00:00
146.6501,146.7791,143.8233,143.8233,1722225600,2880100.0,2024-07-29 04:00:00
147.9098,149.6853,146.6303,147.0072,1722312000,4096000.0,2024-07-30 04:00:00
149.715,152.2642,145.4896,149.7746,1722398400,4475100.0,2024-07-31 04:00:00
147.1957,149.725,145.3111,149.5068,1722484800,2753600.0,2024-08-01 04:00:00
147.6222,148.9116,145.4896,146.908,1722571200,1823400.0,2024-08-02 04:00:00
144.3192,146.8386,142.9801,145.4995,1722830400,2741300.0,2024-08-05 04:00:00
144.5473,147.0766,143.9621,144.954,1722916800,1840600.0,2024-08-06 04:00:00
143.238,146.4319,143.1388,145.0532,1723003200,1625000.0,2024-08-07 04:00:00
145.8269,145.9658,143.5852,144.0613,1723089600,1457400.0,2024-08-08 04:00:00
145.4103,146.0352,143.972,145.8864,1723176000,2640900.0,2024-08-09 04:00:00
144.7259,146.9973,144.3093,144.9242,1723435200,1794400.0,2024-08-12 04:00:00
145.7078,146.2534,144.5374,145.1623,1723521600,1461700.0,2024-08-13 04:00:00
145.2714,145.7574,144.4283,145.1921,1723608000,839100.0,2024-08-14 04:00:00
145.8467,147.2552,145.2615,146.66,1723694400,1373700.0,2024-08-15 04:00:00
147.156,147.5825,144.5572,145.1623,1723780800,1821600.0,2024-08-16 04:00:00
148.4554,148.505,146.422,146.7096,1724040000,2258600.0,2024-08-19 04:00:00
147.8404,148.4851,147.0965,148.4355,1724126400,1137200.0,2024-08-20 04:00:00
148.5347,148.7629,147.6619,147.89,1724212800,1324000.0,2024-08-21 04:00:00
145.936,148.8422,145.5392,147.9098,1724299200,1424900.0,2024-08-22 04:00:00
146.422,147.3048,144.9639,147.3048,1724385600,1477500.0,2024-08-23 04:00:00
147.3544,148.2669,146.2831,146.4815,1724644800,1439900.0,2024-08-26 04:00:00
147.9991,148.4851,147.1758,147.4833,1724731200,1395800.0,2024-08-27 04:00:00
148.297,149.1412,147.7806,148.297,1724817600,1297500.0,2024-08-28 04:00:00
149.2207,150.3628,148.3566,149.0419,1724904000,1601200.0,2024-08-29 04:00:00
150.7799,151.0282,148.6645,149.2207,1724990400,2315600.0,2024-08-30 04:00:00
145.2282,150.6607,144.6323,150.6607,1725336000,1798700.0,2024-09-03 04:00:00
146.0724,147.0854,145.119,145.2282,1725422400,1422400.0,2024-09-04 04:00:00
144.9104,145.7645,143.8775,145.407,1725508800,1971700.0,2024-09-05 04:00:00
143.0234,146.3405,142.3679,144.9104,1725595200,1785500.0,2024-09-06 04:00:00
143.3114,144.3443,142.7652,143.8378,1725854400,1623100.0,2024-09-09 04:00:00
142.8149,144.1655,142.1296,143.4505,1725940800,1205600.0,2024-09-10 04:00:00
142.7155,143.1525,139.8553,143.0532,1726027200,1803500.0,2024-09-11 04:00:00
143.7583,144.1357,142.1594,143.2618,1726113600,1206900.0,2024-09-12 04:00:00
144.8309,145.4368,143.5299,144.2251,1726200000,1449100.0,2024-09-13 04:00:00
145.5162,146.6683,143.957,145.8241,1726459200,1916800.0,2024-09-16 04:00:00
141.6131,146.708,141.0371,145.9929,1726545600,3384400.0,2024-09-17 04:00:00
139.4878,142.3282,139.0608,142.0005,1726632000,3974400.0,2024-09-18 04:00:00
139.7758,142.4077,139.5077,141.7919,1726718400,1866800.0,2024-09-19 04:00:00
138.594,139.4779,137.6306,138.9813,1726804800,4582200.0,2024-09-20 04:00:00
140.1036,140.4214,138.5741,139.5772,1727064000,2341600.0,2024-09-23 04:00:00
140.6697,141.2358,139.3587,140.1334,1727150400,2645000.0,2024-09-24 04:00:00
140.5107,141.2358,140.034,140.8186,1727236800,1512600.0,2024-09-25 04:00:00
142.6262,142.6957,141.3847,141.5635,1727323200,1547100.0,2024-09-26 04:00:00
143.659,144.5826,142.8248,142.8248,1727409600,1603100.0,2024-09-27 04:00:00
142.4573,144.0066,141.8316,143.8279,1727668800,1451200.0,2024-09-30 04:00:00
141.2755,142.6361,139.9844,142.2587,1727755200,1503300.0,2024-10-01 04:00:00
142.219,142.5467,140.8485,140.9676,1727841600,1277200.0,2024-10-02 04:00:00
139.7262,141.8118,139.4481,141.1861,1727928000,1547100.0,2024-10-03 04:00:00
141.7224,142.4573,139.5871,140.6001,1728014400,2132900.0,2024-10-04 04:00:00
141.921,142.6758,140.5902,141.4642,1728273600,1472300.0,2024-10-07 04:00:00
142.3481,142.8943,141.4145,142.4772,1728360000,1076900.0,2024-10-08 04:00:00
142.7553,143.8577,142.3779,142.7652,1728446400,1156600.0,2024-10-09 04:00:00
140.9974,142.5467,140.4512,142.1097,1728532800,1423600.0,2024-10-10 04:00:00
142.2587,142.9638,141.2457,141.5536,1728619200,1460600.0,2024-10-11 04:00:00
143.1823,143.4703,142.2686,142.8049,1728878400,881300.0,2024-10-14 04:00:00
145.4169,146.3505,143.4803,143.7286,1728964800,1635000.0,2024-10-15 04:00:00
144.0464,145.5957,143.7583,145.2183,1729051200,1283000.0,2024-10-16 04:00:00
143.2121,145.3176,142.795,144.3244,1729137600,1095800.0,2024-10-17 04:00:00
143.3611,143.7186,142.2289,142.8745,1729224000,1557500.0,2024-10-18 04:00:00
144.7118,144.821,141.6529,143.1823,1729483200,1288900.0,2024-10-21 04:00:00
144.7217,145.4666,143.5697,144.1556,1729569600,1461300.0,2024-10-22 04:00:00
143.8676,145.1388,143.0035,144.7416,1729656000,1652100.0,2024-10-23 04:00:00
144.0364,145.556,143.7981,144.9005,1729742400,1492500.0,2024-10-24 04:00:00
144.2053,146.5094,144.0861,144.821,1729828800,1225700.0,2024-10-25 04:00:00
143.1922,145.8738,142.1991,145.0892,1730088000,2059100.0,2024-10-28 04:00:00
144.6224,145.258,143.1128,143.1525,1730174400,2703400.0,2024-10-29 04:00:00
148.1183,150.3032,143.6888,146.4696,1730260800,3600500.0,2024-10-30 04:00:00
149.8166,150.5515,146.5789,147.294,1730347200,2645700.0,2024-10-31 04:00:00
150.2238,151.4155,148.1183,149.7967,1730433600,1954200.0,2024-11-01 04:00:00
151.8426,152.0412,149.3696,151.1176,1730696400,1975300.0,2024-11-04 05:00:00
154.4347,154.4844,150.7998,151.6837,1730782800,2337600.0,2024-11-05 05:00:00
156.8779,158.2484,155.6364,156.6892,1730869200,2289500.0,2024-11-06 05:00:00
158.9039,159.2118,156.1628,157.3645,1730955600,1705200.0,2024-11-07 05:00:00
156.8282,158.9039,156.3018,158.9039,1731042000,1392000.0,2024-11-08 05:00:00
158.298,158.6158,156.4607,156.7487,1731301200,1239300.0,2024-11-11 05:00:00
161.7542,161.8833,157.3347,158.298,1731387600,2807500.0,2024-11-12 05:00:00
161.6053,161.7642,160.3638,160.6816,1731474000,2320200.0,2024-11-13 05:00:00
162.9957,163.2936,161.4066,161.5953,1731560400,1625400.0,2024-11-14 05:00:00
160.2545,162.5686,160.1552,162.1813,1731646800,2036600.0,2024-11-15 05:00:00
162.8864,163.3234,158.2881,158.9039,1731906000,1925500.0,2024-11-18 05:00:00
164.9919,165.26,160.9498,161.2576,1731992400,2170300.0,2024-11-19 05:00:00
165.5679,166.3624,164.0583,165.0316,1732078800,2056300.0,2024-11-20 05:00:00
166.8193,166.9186,164.3662,166.0943,1732165200,1186000.0,2024-11-21 05:00:00
165.5282,167.3456,163.3433,167.3059,1732251600,1638000.0,2024-11-22 05:00:00
163.0155,166.7994,162.4296,165.9354,1732510800,2813100.0,2024-11-25 05:00:00
163.8895,165.1706,162.5984,163.6809,1732597200,1859600.0,2024-11-26 05:00:00
162.1694,163.5713,161.891,162.9847,1732683600,1260200.0,2024-11-27 05:00:00
162.7361,163.283,161.4435,161.8711,1732856400,1624200.0,2024-11-29 05:00:00
165.0131,165.2517,162.4577,163.5117,1733115600,1833600.0,2024-12-02 05:00:00
166.7431,166.9121,163.9392,164.317,1733202000,1821400.0,2024-12-03 05:00:00
166.4647,167.1309,165.9775,167.1309,1733288400,1581400.0,2024-12-04 05:00:00
164.675,166.1366,164.0585,164.2474,1733374800,1811000.0,2024-12-05 05:00:00
166.057,166.3951,164.4363,164.8738,1733461200,1651800.0,2024-12-06 05:00:00
164.665,166.7531,164.4463,165.9974,1733720400,1098800.0,2024-12-09 05:00:00
164.3568,165.7786,163.1636,163.5415,1733806800,1699300.0,2024-12-10 05:00:00
162.9847,165.2119,161.3441,164.3568,1733893200,2709700.0,2024-12-11 05:00:00
161.6623,163.6707,161.5728,162.925,1733979600,2600200.0,2024-12-12 05:00:00
156.7206,161.2546,155.786,160.7972,1734066000,2820600.0,2024-12-13 05:00:00
155.5076,157.1184,154.2647,157.1184,1734325200,3812300.0,2024-12-16 05:00:00
153.9068,156.0843,153.5886,154.8911,1734411600,3093500.0,2024-12-17 05:00:00
149.0646,153.0218,148.5276,152.1369,1734498000,3617100.0,2024-12-18 05:00:00
147.0461,150.5361,146.9566,149.2634,1734584400,2461100.0,2024-12-19 05:00:00
146.9567,148.8061,145.8629,146.2408,1734670800,4055500.0,2024-12-20 05:00:00
146.4595,146.7777,145.6641,146.7777,1734930000,1708600.0,2024-12-23 05:00:00
148.3288,148.7961,146.1711,146.5689,1735016400,778600.0,2024-12-24 05:00:00
148.2194,148.637,147.1058,147.4936,1735189200,883400.0,2024-12-26 05:00:00
147.2748,148.0007,146.1911,147.6129,1735275600,1023500.0,2024-12-27 05:00:00
145.7038,146.6484,144.2323,146.3104,1735534800,1152600.0,2024-12-30 05:00:00
145.4652,146.2607,144.8985,145.4354,1735621200,918400.0,2024-12-31 05:00:00
145.0675,146.9069,144.4809,146.728,1735794000,1076000.0,2025-01-02 05:00:00
145.4553,146.9169,144.7493,145.8331,1735880400,1110800.0,2025-01-03 05:00:00
144.4212,145.4155,143.7749,144.7294,1736139600,1679300.0,2025-01-06 05:00:00
143.8445,146.4595,143.6158,143.8346,1736226000,1907100.0,2025-01-07 05:00:00
143.3772,144.0434,141.6472,143.7849,1736312400,2324000.0,2025-01-08 05:00:00
140.0463,142.0051,139.6585,141.9454,1736485200,2296000.0,2025-01-10 05:00:00
141.15,141.7565,139.3006,139.3503,1736744400,2076600.0,2025-01-13 05:00:00
140.9412,141.9255,139.8176,141.1898,1736830800,2432200.0,2025-01-14 05:00:00
141.319,143.1286,140.275,142.6315,1736917200,2619600.0,2025-01-15 05:00:00
140.5932,141.7764,139.6983,141.1897,1737003600,2137200.0,2025-01-16 05:00:00
141.1897,142.9099,140.9511,142.6513,1737090000,4006100.0,2025-01-17 05:00:00
142.4624,142.6713,140.2253,141.5676,1737435600,3160700.0,2025-01-21 05:00:00
141.5378,143.2281,141.3986,142.3531,1737522000,3108400.0,2025-01-22 05:00:00
117.9034,122.0993,114.7912,116.8295,1737608400,17146900.0,2025-01-23 05:00:00
115.8949,117.9034,114.5526,117.9034,1737694800,9249700.0,2025-01-24 05:00:00
117.2372,118.1221,114.7714,114.9404,1737954000,5964900.0,2025-01-27 05:00:00
115.8651,116.919,114.7018,116.8295,1738040400,4100200.0,2025-01-28 05:00:00
116.4318,117.3267,114.6421,115.3182,1738126800,4316900.0,2025-01-29 05:00:00
118.0028,118.152,115.6265,117.0781,1738213200,4402700.0,2025-01-30 05:00:00
122.2087,124.0481,120.1803,121.0851,1738299600,6589200.0,2025-01-31 05:00:00
122.2087,122.7754,119.892,121.0652,1738558800,4725400.0,2025-02-03 05:00:00
120.5582,122.5368,119.534,122.3678,1738645200,7156600.0,2025-02-04 05:00:00
129.7256,129.8946,125.2313,126.3151,1738731600,8250400.0,2025-02-05 05:00:00
131.2468,131.5153,128.0054,129.7952,1738818000,5504700.0,2025-02-06 05:00:00
127.8662,130.9883,126.514,130.9883,1738904400,4906000.0,2025-02-07 05:00:00
131.3363,131.7141,128.9003,128.9997,1739163600,4013800.0,2025-02-10 05:00:00
132.5891,133.7723,130.0238,130.0238,1739250000,3200500.0,2025-02-11 05:00:00
130.4216,132.9471,130.1531,131.0579,1739336400,3070900.0,2025-02-12 05:00:00
129.0793,130.8093,127.6972,129.6957,1739422800,3087700.0,2025-02-13 05:00:00
128.6616,130.0139,128.3037,128.9997,1739509200,2319700.0,2025-02-14 05:00:00
127.6176,129.298,127.3492,128.0452,1739854800,3763800.0,2025-02-18 05:00:00
128.602,129.8946,127.6773,128.3335,1739941200,3559100.0,2025-02-19 05:00:00
129.2483,130.3818,128.5523,128.8406,1740027600,3815900.0,2025-02-20 05:00:00
130.2028,131.0678,129.0494,129.3676,1740114000,4866600.0,2025-02-21 05:00:00
133.2851,133.8817,130.0238,130.3818,1740373200,8240000.0,2025-02-24 05:00:00
130.9783,133.3547,130.6005,132.6587,1740459600,5261100.0,2025-02-25 05:00:00
130.6299,132.8802,130.5203,130.8887,1740546000,3116800.0,2025-02-26 05:00:00
129.903,131.4762,129.5246,130.3311,1740632400,4844200.0,2025-02-27 05:00:00
128.5687,131.1476,127.4734,131.1277,1740718800,6204100.0,2025-02-28 05:00:00
128.6782,131.0381,128.3198,129.8233,1740978000,5209500.0,2025-03-03 05:00:00
131.2572,132.7806,128.6882,128.967,1741064400,4291000.0,2025-03-04 05:00:00
133.4776,133.9357,130.7493,131.0381,1741150800,5218000.0,2025-03-05 05:00:00
136.2059,136.9428,132.8005,133.0793,1741237200,3676700.0,2025-03-06 05:00:00
139.4421,139.8204,135.4193,135.6085,1741323600,3356800.0,2025-03-07 05:00:00
139.8304,142.3596,138.6256,139.1533,1741579200,5440900.0,2025-03-10 04:00:00
137.2913,140.2984,136.3155,140.2984,1741665600,3837200.0,2025-03-11 04:00:00
135.5388,137.5601,135.1505,136.415,1741752000,3177500.0,2025-03-12 04:00:00
137.132,137.6696,134.6526,135.2102,1741838400,3165100.0,2025-03-13 04:00:00
138.1177,138.6355,137.2813,137.5601,1741924800,3065500.0,2025-03-14 04:00:00
142.2898,142.7578,138.0082,138.3866,1742184000,4510500.0,2025-03-17 04:00:00
141.2642,142.8176,140.9356,141.5132,1742270400,2728400.0,2025-03-18 04:00:00
141.3638,142.1206,140.9755,141.4136,1742356800,2527700.0,2025-03-19 04:00:00
142.6384,143.0864,140.5871,140.8062,1742443200,2883700.0,2025-03-20 04:00:00
143.6839,144.6,141.3937,141.6626,1742529600,9254800.0,2025-03-21 04:00:00
143.9328,145.2472,142.957,145.1576,1742788800,2848100.0,2025-03-24 04:00:00
143.883,145.8247,143.1561,144.6597,1742875200,2382000.0,2025-03-25 04:00:00
144.5701,145.7351,143.9527,144.2614,1742961600,2218900.0,2025-03-26 04:00:00
144.6796,145.7849,143.7835,144.3809,1743048000,2333000.0,2025-03-27 04:00:00
143.6341,145.1177,143.4847,144.4904,1743134400,2423600.0,2025-03-28 04:00:00
143.9029,144.0622,142.4193,143.5046,1743393600,4213500.0,2025-03-31 04:00:00
145.048,145.2073,143.644,144.3809,1743480000,2278600.0,2025-04-01 04:00:00
144.2514,144.9783,142.6881,144.3809,1743566400,2021900.0,2025-04-02 04:00:00
144.2315,146.4719,142.728,143.1163,1743652800,4330500.0,2025-04-03 04:00:00
134.7621,144.0722,134.4534,142.489,1743739200,4711800.0,2025-04-04 04:00:00
134.0452,136.1661,130.59,132.3923,1743998400,5825100.0,2025-04-07 04:00:00
131.9641,136.2458,130.6,134.6825,1744084800,3425700.0,2025-04-08 04:00:00
135.9968,139.9897,131.2472,131.2771,1744171200,5410100.0,2025-04-09 04:00:00
138.7948,140.6867,134.8517,135.5886,1744257600,3840900.0,2025-04-10 04:00:00
142.3197,142.8275,137.351,138.7948,1744344000,3116900.0,2025-04-11 04:00:00
144.8787,145.5857,141.9015,142.5487,1744603200,2600400.0,2025-04-14 04:00:00
144.9883,145.6654,143.8731,145.0381,1744689600,2277500.0,2025-04-15 04:00:00
142.3595,145.1575,142.0807,144.8688,1744776000,2215800.0,2025-04-16 04:00:00
144.9883,145.4662,142.3596,142.6583,1744862400,1761900.0,2025-04-17 04:00:00
141.324,144.4008,140.4378,144.4008,1745208000,2712300.0,2025-04-21 04:00:00
145.2472,146.1334,142.7678,143.4847,1745294400,2361100.0,2025-04-22 04:00:00
143.1163,145.8446,142.2202,145.4662,1745380800,2412000.0,2025-04-23 04:00:00
145.5658,145.994,142.7578,144.1817,1745467200,2274700.0,2025-04-24 04:00:00
145.9741,146.6213,144.7991,145.9442,1745553600,1836600.0,2025-04-25 04:00:00
146.0935,146.8105,144.8688,146.0437,1745812800,2761800.0,2025-04-28 04:00:00
145.3467,146.5117,144.9982,145.4961,1745899200,2233200.0,2025-04-29 04:00:00
144.4705,145.4264,142.8375,144.8688,1745985600,2802000.0,2025-04-30 04:00:00
144.4805,146.3026,143.3652,144.5601,1746072000,3328800.0,2025-05-01 04:00:00
150.4548,154.2585,147.2187,148.3638,1746158400,5109200.0,2025-05-02 04:00:00
154.0793,154.6767,150.0765,150.6839,1746417600,4308800.0,2025-05-05 04:00:00
153.8802,155.1049,151.6099,152.1974,1746504000,3011800.0,2025-05-06 04:00:00
154.836,160.0138,153.0139,157.3353,1746590400,5444600.0,2025-05-07 04:00:00
154.9954,156.0309,152.5459,155.2045,1746676800,3982800.0,2025-05-08 04:00:00
152.6454,155.5331,152.4164,155.0053,1746763200,2921700.0,2025-05-09 04:00:00
148.6326,153.1433,147.7564,152.6853,1747022400,3736200.0,2025-05-12 04:00:00
148.4236,149.728,147.5971,147.5971,1747108800,3582900.0,2025-05-13 04:00:00
146.6014,148.324,145.9044,147.4378,1747195200,2759400.0,2025-05-14 04:00:00
148.9314,149.9769,146.9997,147.1092,1747281600,3711000.0,2025-05-15 04:00:00
150.893,151.0822,148.563,149.1504,1747368000,3934800.0,2025-05-16 04:00:00
149.8375,151.5601,148.4036,149.0608,1747627200,4010100.0,2025-05-19 04:00:00
151.2713,151.2913,149.3297,149.9769,1747713600,2171900.0,2025-05-20 04:00:00
149.8574,150.873,149.6682,150.0765,1747800000,2880400.0,2025-05-21 04:00:00
146.0039,150.7635,145.8446,150.5146,1747886400,4574500.0,2025-05-22 04:00:00
146.2628,147.2984,145.8347,146.2429,1747972800,2108700.0,2025-05-23 04:00:00
146.2827,147.3083,145.6156,146.91,1748318400,4489500.0,2025-05-27 04:00:00
146.4422,147.4094,145.9537,146.522,1748404800,2280600.0,2025-05-28 04:00:00
142.4143,146.6616,140.7692,146.4423,1748491200,3517100.0,2025-05-29 04:00:00
143.3515,143.6406,141.188,142.7632,1748577600,5555200.0,2025-05-30 04:00:00
145.4452,145.7643,143.0823,143.182,1748836800,3418100.0,2025-06-02 04:00:00
145.8042,145.8341,144.2388,144.7972,1748923200,2863800.0,2025-06-03 04:00:00
148.0176,148.5061,145.2957,145.6247,1749009600,2927900.0,2025-06-04 04:00:00
147.4393,148.526,146.4323,148.4562,1749096000,2610200.0,2025-06-05 04:00:00
149.1243,150.4702,147.5589,147.7284,1749182400,2783800.0,2025-06-06 04:00:00
146.4821,148.9946,145.5948,148.5659,1749441600,3042700.0,2025-06-09 04:00:00
146.7214,147.5589,145.2658,146.6117,1749528000,4231100.0,2025-06-10 04:00:00
147.2399,147.2698,145.1062,146.5619,1749614400,1749600.0,2025-06-11 04:00:00
149.6028,149.6327,146.8909,147.19,1749700800,1926200.0,2025-06-12 04:00:00
148.0375,149.8521,147.848,148.6058,1749787200,1703900.0,2025-06-13 04:00:00
150.6497,150.7294,147.3495,148.2469,1750046400,2621800.0,2025-06-16 04:00:00
149.882,150.6198,149.0744,150.5898,1750132800,2251400.0,2025-06-17 04:00:00
150.55,152.9727,149.9119,150.3506,1750219200,3227000.0,2025-06-18 04:00:00
150.1113,152.1751,149.4632,151.2977,1750392000,6574500.0,2025-06-20 04:00:00
153.9498,154.0096,149.6826,150.4902,1750651200,2752000.0,2025-06-23 04:00:00
157.4792,157.6388,154.8671,156.1632,1750737600,3883000.0,2025-06-24 04:00:00
157.3497,158.576,156.9309,157.7584,1750824000,2239100.0,2025-06-25 04:00:00
157.2599,157.6687,156.4723,157.2699,1750910400,1455400.0,2025-06-26 04:00:00
157.2699,158.1173,156.552,157.22,1750996800,2316500.0,2025-06-27 04:00:00
159.224,159.4334,156.3925,157.2699,1751256000,2698400.0,2025-06-30 04:00:00
158.586,160.5102,158.0874,159.0546,1751342400,3285400.0,2025-07-01 04:00:00
156.562,158.6258,156.2928,157.9379,1751428800,2901500.0,2025-07-02 04:00:00
154.9069,157.5191,153.1721,156.891,1751515200,1321200.0,2025-07-03 04:00:00
153.0724,155.6946,152.873,155.2559,1751860800,2502800.0,2025-07-07 04:00:00
152.1851,153.6208,151.8959,152.9229,1751947200,1710500.0,2025-07-08 04:00:00
152.2249,152.6537,150.859,152.6537,1752033600,1845100.0,2025-07-09 04:00:00
150.8491,152.4543,150.4702,151.4274,1752120000,1613100.0,2025-07-10 04:00:00
148.2468,150.8889,147.9278,150.6895,1752206400,1840300.0,2025-07-11 04:00:00
148.3864,149.8421,147.5689,148.6556,1752465600,2857000.0,2025-07-14 04:00:00
148.2967,148.8151,146.532,148.1571,1752552000,2075900.0,2025-07-15 04:00:00
148.9049,149.6427,147.3894,147.3894,1752638400,1889600.0,2025-07-16 04:00:00
149.3835,149.8919,148.1172,148.5559,1752724800,1828400.0,2025-07-17 04:00:00
149.6626,151.4672,148.9148,149.8421,1752811200,3850800.0,2025-07-18 04:00:00
152.9328,153.1322,149.3436,149.852,1753070400,2758400.0,2025-07-21 04:00:00
156.552,158.1772,153.9997,154.3386,1753156800,3204500.0,2025-07-22 04:00:00
153.2718,156.4324,152.8331,156.1532,1753243200,2586300.0,2025-07-23 04:00:00
152.1851,153.5111,151.547,152.4343,1753329600,2482500.0,2025-07-24 04:00:00
151.2279,152.7534,151.0285,152.5041,1753416000,1450600.0,2025-07-25 04:00:00
151.537,152.4244,150.5201,150.55,1753675200,2991300.0,2025-07-28 04:00:00
147.3495,152.8331,146.532,151.9558,1753761600,3172200.0,2025-07-29 04:00:00
155.7943,158.895,150.4204,151.4473,1753848000,6044500.0,2025-07-30 04:00:00
152.0355,155.7245,151.7464,154.8172,1753934400,3641000.0,2025-07-31 04:00:00
156.6118,157.2798,151.0485,152.3047,1754020800,4397000.0,2025-08-01 04:00:00
159.2939,159.8422,155.904,157.25,1754280000,2745300.0,2025-08-04 04:00:00
160.5102,161.4075,158.6258,161.2181,1754366400,2933200.0,2025-08-05 04:00:00
162.5142,162.584,159.1144,160.8193,1754452800,2597800.0,2025-08-06 04:00:00
162.265,163.8602,160.6697,163.7605,1754539200,2856300.0,2025-08-07 04:00:00
167.1404,167.26,162.7635,163.0028,1754625600,4591300.0,2025-08-08 04:00:00
175.5851,176.0936,169.5931,170.0617,1754884800,6125200.0,2025-08-11 04:00:00
177.3798,178.2671,173.8703,175.7746,1754971200,3792700.0,2025-08-12 04:00:00
177.8683,179.304,176.4725,177.2601,1755057600,3571100.0,2025-08-13 04:00:00
178.4765,180.3609,176.8514,177.2801,1755144000,3751000.0,2025-08-14 04:00:00
174.1494,178.5862,172.4246,178.5862,1755230400,3428800.0,2025-08-15 04:00:00
168.6558,172.8932,167.5791,171.8164,1755489600,3600000.0,2025-08-18 04:00:00
170.1713,170.5801,166.9509,168.1573,1755576000,2413500.0,2025-08-19 04:00:00
170.8194,171.9759,169.4933,170.1813,1755662400,2289700.0,2025-08-20 04:00:00
171.0387,171.2381,169.5133,170.2012,1755748800,1655800.0,2025-08-21 04:00:00
170.8892,172.5941,169.6828,171.9161,1755835200,1707300.0,2025-08-22 04:00:00
172.2451,173.0328,170.4804,171.0986,1756094400,1928800.0,2025-08-25 04:00:00
171.7167,172.7337,170.6798,171.5173,1756180800,2594400.0,2025-08-26 04:00:00
172.2757,173.3836,171.3973,172.2856,1756267200,2099800.0,2025-08-27 04:00:00
170.6687,173.4235,168.6924,172.0361,1756353600,2628400.0,2025-08-28 04:00:00
171.6269,172.2157,170.3493,170.9082,1756440000,2090000.0,2025-08-29 04:00:00
171.1278,172.9344,169.4809,169.6805,1756785600,2359200.0,2025-09-02 04:00:00
167.5446,171.6369,167.1852,170.6387,1756872000,2753100.0,2025-09-03 04:00:00
167.7142,167.9737,165.2189,167.854,1756958400,3410800.0,2025-09-04 04:00:00
168.3031,169.0018,166.4666,168.5227,1757044800,2205500.0,2025-09-05 04:00:00
167.7442,169.8103,166.8658,169.1216,1757304000,1691100.0,2025-09-08 04:00:00
165.728,168.0037,165.6481,168.0037,1757390400,2058700.0,2025-09-09 04:00:00
169.95,170.0299,164.1909,165.4984,1757476800,2831900.0,2025-09-10 04:00:00
169.5707,170.9482,168.2133,170.7685,1757563200,2411000.0,2025-09-11 04:00:00
172.0561,172.8146,168.6824,169.2713,1757649600,1996200.0,2025-09-12 04:00:00
171.4472,172.3655,170.4092,171.1977,1757908800,2042700.0,2025-09-15 04:00:00
171.7566,175.2301,170.6886,171.6069,1757995200,3189200.0,2025-09-16 04:00:00
173.2638,173.9126,170.1896,171.8964,1758081600,1883500.0,2025-09-17 04:00:00
172.8446,174.4615,171.557,172.605,1758168000,2354800.0,2025-09-18 04:00:00
172.7647,174.3617,170.8683,172.5252,1758254400,8449800.0,2025-09-19 04:00:00
173.0941,173.4634,171.3973,173.3636,1758513600,2842900.0,2025-09-22 04:00:00
173.7429,174.9306,172.8945,173.2837,1758600000,2158700.0,2025-09-23 04:00:00
167.0355,174.6312,165.7879,173.7928,1758686400,3099000.0,2025-09-24 04:00:00
168.0037,168.8721,167.4747,167.8041,1758772800,1944300.0,2025-09-25 04:00:00
192.9866,196.9592,169.7604,172.6749,1758859200,14485700.0,2025-09-26 04:00:00
201.6703,203.3671,201.3409,203.1176,1759118400,22698500.0,2025-09-29 04:00:00
201.321,201.7701,200.9217,201.3709,1759204800,8930100.0,2025-09-30 04:00:00
201.2511,201.9298,201.0215,201.1413,1759291200,3764700.0,2025-10-01 04:00:00
200.6223,201.2212,200.4227,201.1413,1759377600,5497400.0,2025-10-02 04:00:00
200.3129,200.8718,200.1731,200.5325,1759464000,3671700.0,2025-10-03 04:00:00
200.0833,200.4726,200.0034,200.2929,1759723200,5540700.0,2025-10-06 04:00:00
199.6441,200.223,199.6242,200.0234,1759809600,3385000.0,2025-10-07 04:00:00
199.6341,200.1032,199.6241,199.9635,1759896000,3883100.0,2025-10-08 04:00:00
199.6741,199.8837,199.4345,199.6242,1759982400,3618200.0,2025-10-09 04:00:00
199.6441,200.0134,199.4245,199.6641,1760068800,3524100.0,2025-10-10 04:00:00
199.9136,200.243,199.6741,199.6741,1760328000,2431300.0,2025-10-13 04:00:00
199.8238,200.4027,199.6641,199.7339,1760414400,3145800.0,2025-10-14 04:00:00
200.3727,200.7321,199.9136,199.9336,1760500800,3807300.0,2025-10-15 04:00:00
199.9735,200.772,199.8737,200.3727,1760587200,2631600.0,2025-10-16 04:00:00
199.9236,200.3727,199.7539,200.1631,1760673600,4512000.0,2025-10-17 04:00:00
200.213,200.3328,200.0234,200.1731,1760932800,2322800.0,2025-10-20 04:00:00
200.1731,200.3328,199.7639,200.1332,1761019200,2620000.0,2025-10-21 04:00:00
200.3727,200.4925,199.9336,200.0833,1761105600,3836500.0,2025-10-22 04:00:00
200.243,200.3827,200.1132,200.2729,1761192000,3357400.0,2025-10-23 04:00:00
200.4626,200.5225,200.1532,200.2829,1761278400,3406100.0,2025-10-24 04:00:00
200.1232,200.5225,200.0733,200.253,1761537600,1939000.0,2025-10-27 04:00:00
199.9236,200.2929,199.8737,200.233,1761624000,3019100.0,2025-10-28 04:00:00
199.8238,200.223,199.6341,199.8437,1761710400,2166600.0,2025-10-29 04:00:00
199.5443,200.2031,199.3647,199.8238,1761796800,2143800.0,2025-10-30 04:00:00
199.684,200.0733,199.6242,199.6641,1761883200,2267300.0,2025-10-31 04:00:00
199.5144,199.7639,199.3846,199.6741,1762146000,2618400.0,2025-11-03 05:00:00
200.4027,200.4326,199.4345,199.7838,1762232400,1772200.0,2025-11-04 05:00:00
200.3628,200.5824,200.0234,200.1532,1762318800,1301400.0,2025-11-05 05:00:00
200.0034,200.6123,199.9236,200.1731,1762405200,1953000.0,2025-11-06 05:00:00
200.223,200.3328,199.9935,200.1931,1762491600,1756000.0,2025-11-07 05:00:00
201.0215,201.1513,200.1831,200.223,1762750800,1622900.0,2025-11-10 05:00:00
201.5505,201.6703,200.762,201.0615,1762837200,1717400.0,2025-11-11 05:00:00
201.6204,201.84,200.762,201.2511,1762923600,2634500.0,2025-11-12 05:00:00
200.9616,201.7202,200.9517,201.4208,1763010000,1727900.0,2025-11-13 05:00:00
200.6822,201.4407,200.6722,200.9017,1763096400,1767500.0,2025-11-14 05:00:00
200.3927,201.1213,200.3328,201.0415,1763355600,2944400.0,2025-11-17 05:00:00
201.4308,201.7601,200.5325,200.6223,1763442000,2394400.0,2025-11-18 05:00:00
201.2012,201.7901,200.9517,200.9517,1763528400,2024800.0,2025-11-19 05:00:00
200.742,201.8599,200.6722,201.271,1763614800,1823400.0,2025-11-20 05:00:00
200.3129,201.1213,200.2031,200.9217,1763701200,3904700.0,2025-11-21 05:00:00
200.6722,201.5306,200.6023,200.6223,1763960400,3114500.0,2025-11-24 05:00:00
201.281,201.5805,200.8618,200.9217,1764046800,1234100.0,2025-11-25 05:00:00
201.5405,201.6603,201.3409,201.5006,1764133200,1627200.0,2025-11-26 05:00:00
201.6503,201.83,201.3709,201.4906,1764306000,896800.0,2025-11-28 05:00:00
202.2392,202.4788,201.321,201.6104,1764565200,3570100.0,2025-12-01 05:00:00
202.8581,203.0178,202.1594,202.4289,1764651600,2288100.0,2025-12-02 05:00:00
203.0179,203.2077,202.6083,202.7382,1764738000,1516900.0,2025-12-03 05:00:00
203.2477,203.3876,202.8781,202.8781,1764824400,1625300.0,2025-12-04 05:00:00
203.7272,203.8171,203.1278,203.1278,1764910800,1936700.0,2025-12-05 05:00:00
203.3376,204.4466,203.2976,203.937,1765170000,1534700.0,2025-12-08 05:00:00
203.6273,204.2068,203.4076,203.4575,1765256400,1886100.0,2025-12-09 05:00:00
203.3176,203.6074,203.3176,203.4975,1765342800,2010100.0,2025-12-10 05:00:00
203.4675,204.1069,203.2077,203.3576,1765429200,2393200.0,2025-12-11 05:00:00
203.5374,203.7672,203.3276,203.6074,1765515600,2269900.0,2025-12-12 05:00:00
204.007,204.2867,203.5274,203.7272,1765774800,3225100.0,2025-12-15 05:00:00
204.007,204.1369,203.8571,203.957,1765861200,1667700.0,2025-12-16 05:00:00
203.4375,204.0869,203.2976,203.957,1765947600,1964500.0,2025-12-17 05:00:00
203.7073,203.987,203.6074,203.6074,1766034000,1467400.0,2025-12-18 05:00:00
203.7272,204.3067,202.8181,203.3876,1766120400,5760600.0,2025-12-19 05:00:00
203.5974,204.007,203.5574,203.997,1766379600,1194200.0,2025-12-22 05:00:00
204.0769,204.1868,203.5974,203.6773,1766466000,1450200.0,2025-12-23 05:00:00
204.5864,204.6464,204.0469,204.0469,1766552400,469500.0,2025-12-24 05:00:00
204.5964,204.6064,204.1868,204.3866,1766725200,474400.0,2025-12-26 05:00:00
204.0769,204.5664,204.0669,204.2667,1766984400,1388300.0,2025-12-29 05:00:00
204.1568,204.3167,204.0769,204.1069,1767070800,760700.0,2025-12-30 05:00:00
204.1369,204.6963,204.0569,204.1568,1767157200,1404100.0,2025-12-31 05:00:00
204.2168,204.5265,204.0669,204.2068,1767330000,1944200.0,2026-01-02 05:00:00
204.1668,204.3666,204.0969,204.2867,1767589200,1975000.0,2026-01-05 05:00:00
204.0869,204.4865,204.0569,204.1668,1767675600,1551200.0,2026-01-06 05:00:00
204.3067,204.3167,204.0669,204.0669,1767762000,1917600.0,2026-01-07 05:00:00
204.027,204.2567,204.007,204.1369,1767848400,1548100.0,2026-01-08 05:00:00
203.9071,204.0869,203.9071,204.0569,1767934800,1251800.0,2026-01-09 05:00:00
204.0569,204.2068,203.8571,203.9071,1768194000,2744200.0,2026-01-12 05:00:00
204.1369,204.4066,204.0569,204.0569,1768280400,2179500.0,2026-01-13 05:00:00
204.007,204.1768,203.997,204.0869,1768366800,1261100.0,2026-01-14 05:00:00
203.957,204.1768,203.937,204.1069,1768453200,1214700.0,2026-01-15 05:00:00
204.0569,204.1468,203.957,203.987,1768539600,2067800.0,2026-01-16 05:00:00
203.8072,204.007,203.5074,203.8971,1768885200,2599900.0,2026-01-20 05:00:00
203.957,204.1069,203.6573,203.7173,1768971600,1446100.0,2026-01-21 05:00:00
204.1868,204.2867,203.6573,203.957,1769058000,1935400.0,2026-01-22 05:00:00
203.8072,204.0769,203.6973,204.0369,1769144400,1644400.0,2026-01-23 05:00:00
204.2068,204.3067,203.7073,204.1169,1769403600,1991700.0,2026-01-26 05:00:00
204.1768,204.2268,203.9171,203.987,1769490000,1282900.0,2026-01-27 05:00:00
203.7472,204.2367,203.6273,204.007,1769576400,1754300.0,2026-01-28 05:00:00
203.7572,203.8471,203.4275,203.7472,1769662800,2661600.0,2026-01-29 05:00:00
203.7272,203.8072,202.8581,203.5274,1769749200,4233600.0,2026-01-30 05:00:00
203.4075,203.957,203.3576,203.6173,1770008400,2064300.0,2026-02-02 05:00:00
201.1996,203.6573,201.1097,203.6373,1770094800,6727200.0,2026-02-03 05:00:00
196.6539,201.3695,196.2143,201.3295,1770181200,11260900.0,2026-02-04 05:00:00
197.7429,199.5412,196.2243,196.564,1770267600,4006500.0,2026-02-05 05:00:00
199.8109,200.0607,197.7529,199.2115,1770354000,3744100.0,2026-02-06 05:00:00
200.6801,201.829,199.711,199.8209,1770613200,4441200.0,2026-02-09 05:00:00
202.3885,203.1578,200.9898,201.9689,1770699600,2839600.0,2026-02-10 05:00:00
202.0488,202.6083,201.0997,202.3685,1770786000,2805900.0,2026-02-11 05:00:00
200.2705,202.5883,200.0108,202.3086,1770872400,4249700.0,2026-02-12 05:00:00
200.4304,200.8899,199.791,199.8109,1770958800,2124600.0,2026-02-13 05:00:00
199.3414,200.5602,198.9318,200.4404,1771304400,3742300.0,2026-02-17 05:00:00
200.0407,200.5503,199.0816,199.2215,1771390800,1905000.0,2026-02-18 05:00:00
199.6911,199.9508,199.2215,199.791,1771477200,1310300.0,2026-02-19 05:00:00
200.2106,200.4104,199.3913,199.5112,1771563600,2255000.0,2026-02-20 05:00:00
200.2905,200.81,199.8509,200.3105,1771822800,1904000.0,2026-02-23 05:00:00
200.81,201.0198,199.9308,200.2905,1771909200,2863500.0,2026-02-24 05:00:00
201.98,201.99,200.81,200.81,1771995600,1751500.0,2026-02-25 05:00:00
201.07,202.0,200.89,201.83,1772082000,1520000.0,2026-02-26 05:00:00
200.57,201.28,200.21,200.69,1772168400,2619200.0,2026-02-27 05:00:00
201.06,201.5,200.21,200.25,1772427600,2011500.0,2026-03-02 05:00:00
201.22,201.44,200.35,200.51,1772514000,2230200.0,2026-03-03 05:00:00
201.73,201.87,200.61,201.13,1772600400,2062000.0,2026-03-04 05:00:00
200.76,201.4,200.61,201.02,1772686800,1942400.0,2026-03-05 05:00:00
198.0,198.8,197.47,198.16,1772773200,4947000.0,2026-03-06 05:00:00
199.27,199.96,197.01,197.85,1773028800,3344200.0,2026-03-09 04:00:00
200.07,200.56,198.26,199.0,1773115200,2851000.0,2026-03-10 04:00:00
199.92,200.61,198.53,200.07,1773201600,3607000.0,2026-03-11 04:00:00
199.08,199.92,199.05,199.55,1773288000,1772100.0,2026-03-12 04:00:00
199.24,199.98,198.77,199.98,1773374400,1385700.0,2026-03-13 04:00:00
200.21,200.39,199.51,199.71,1773633600,1840700.0,2026-03-16 04:00:00
200.13,200.89,199.88,200.05,1773720000,1377500.0,2026-03-17 04:00:00
200.61,201.0,200.16,200.27,1773806400,2118700.0,2026-03-18 04:00:00
200.69,200.82,200.01,200.63,1773892800,1629700.0,2026-03-19 04:00:00
200.51,200.98,200.21,200.5,1773979200,5139300.0,2026-03-20 04:00:00
201.13,201.4,200.63,201.06,1774238400,2886700.0,2026-03-23 04:00:00
201.62,201.75,200.96,201.15,1774324800,1976700.0,2026-03-24 04:00:00
202.34,202.46,201.5,201.59,1774411200,2279300.0,2026-03-25 04:00:00
201.91,202.62,201.77,202.24,1774497600,2864800.0,2026-03-26 04:00:00
202.01,202.13,201.3,201.69,1774584000,2001800.0,2026-03-27 04:00:00
202.57,202.83,202.19,202.5,1774843200,1576700.0,2026-03-30 04:00:00
203.87,203.9,202.61,202.8,1774929600,3506000.0,2026-03-31 04:00:00
203.58,204.2,202.92,203.35,1775016000,2179600.0,2026-04-01 04:00:00
203.6,203.64,202.99,202.99,1775102400,872600.0,2026-04-02 04:00:00
204.16,204.18,203.32,203.46,1775448000,960700.0,2026-04-06 04:00:00
203.95,204.0,203.63,203.78,1775534400,1265800.0,2026-04-07 04:00:00
203.99,204.22,203.7,203.7,1775620800,2123400.0,2026-04-08 04:00:00
202.2,203.94,202.14,203.9,1775707200,2370900.0,2026-04-09 04:00:00
202.74,202.92,202.05,202.35,1775793600,1542200.0,2026-04-10 04:00:00
