close,high,low,open,time,volume,date
79.7306,80.066,78.2825,78.6557,1603339200,30512000.0,2020-10-22 04:00:00
81.0367,81.0933,79.9911,80.1469,1603425600,30548000.0,2020-10-23 04:00:00
78.6205,80.868,77.8012,80.1445,1603684800,35826000.0,2020-10-26 04:00:00
79.3445,79.4993,78.2582,78.8507,1603771200,25902000.0,2020-10-27 04:00:00
74.9735,77.1079,74.8584,76.9193,1603857600,45174000.0,2020-10-28 04:00:00
77.2602,78.8413,75.2589,75.2822,1603944000,55406000.0,2020-10-29 04:00:00
80.1995,83.4356,79.478,82.7468,1604030400,99878000.0,2020-10-30 04:00:00
80.607,82.2902,80.1067,80.5682,1604293200,44228000.0,2020-11-02 05:00:00
81.6659,82.3279,80.001,80.9265,1604379600,31432000.0,2020-11-03 05:00:00
86.6379,87.8378,84.5115,84.6395,1604466000,71342000.0,2020-11-04 05:00:00
87.4642,88.9192,86.3987,87.8587,1604552400,39758000.0,2020-11-05 05:00:00
87.3267,87.7619,86.1828,86.9103,1604638800,28622000.0,2020-11-06 05:00:00
87.4106,90.1633,87.2185,89.1256,1604898000,53440000.0,2020-11-09 05:00:00
86.2344,87.3093,85.1625,85.8399,1604984400,43022000.0,2020-11-10 05:00:00
86.7064,87.484,86.4994,86.7644,1605070800,31838000.0,2020-11-11 05:00:00
86.4875,87.5872,86.2468,86.4468,1605157200,26474000.0,2020-11-12 05:00:00
87.9485,88.1902,86.1481,86.7446,1605243600,29744000.0,2020-11-13 05:00:00
88.0363,89.0442,87.4061,87.5455,1605502800,25468000.0,2020-11-16 05:00:00
87.4225,88.1907,87.3148,87.7301,1605589200,21314000.0,2020-11-17 05:00:00
86.3793,87.5882,86.2766,87.1733,1605675600,20108000.0,2020-11-18 05:00:00
87.2691,87.5133,85.8523,86.0116,1605762000,20106000.0,2020-11-19 05:00:00
86.1679,87.7549,86.0995,87.4393,1605848400,27694000.0,2020-11-20 05:00:00
85.7302,86.6448,84.8678,86.3585,1606107600,22530000.0,2020-11-23 05:00:00
87.5336,87.6616,85.3913,85.7273,1606194000,27984000.0,2020-11-24 05:00:00
87.545,87.8552,86.7624,87.7276,1606280400,19600000.0,2020-11-25 05:00:00
88.6809,89.1767,87.5654,87.5654,1606453200,14790000.0,2020-11-27 05:00:00
87.0622,88.3495,86.7366,88.1167,1606712400,32418000.0,2020-11-30 05:00:00
89.0948,90.4029,87.4904,87.6706,1606798800,37350000.0,2020-12-01 05:00:00
90.5642,90.9498,88.5891,89.0948,1606885200,29424000.0,2020-12-02 05:00:00
90.4089,91.5001,90.1687,90.3444,1606971600,24728000.0,2020-12-03 05:00:00
90.5042,90.789,89.9995,90.3285,1607058000,20544000.0,2020-12-04 05:00:00
90.1702,90.7786,89.4759,90.0967,1607317200,22288000.0,2020-12-07 05:00:00
89.8873,90.1176,88.8924,89.7479,1607403600,19936000.0,2020-12-08 05:00:00
88.2264,90.733,87.4393,89.8392,1607490000,31728000.0,2020-12-09 05:00:00
87.7197,88.084,86.0265,87.4691,1607576400,28688000.0,2020-12-10 05:00:00
88.0745,88.1991,86.9798,87.3401,1607662800,18628000.0,2020-12-11 05:00:00
86.956,88.8189,86.8007,87.8721,1607922000,33050000.0,2020-12-14 05:00:00
87.3937,87.5386,86.4305,87.3331,1608008400,21352000.0,2020-12-15 05:00:00
87.2006,87.7922,86.7972,87.7922,1608094800,24676000.0,2020-12-16 05:00:00
86.3729,87.6731,85.9084,87.5351,1608181200,34880000.0,2020-12-17 05:00:00
85.6637,86.7625,85.107,86.6538,1608267600,85256000.0,2020-12-18 05:00:00
86.0776,86.1987,84.0648,84.8156,1608526800,33974000.0,2020-12-21 05:00:00
85.366,85.9809,84.6494,85.8181,1608613200,20370000.0,2020-12-22 05:00:00
85.7635,86.5515,85.4146,85.5501,1608699600,22974000.0,2020-12-23 05:00:00
86.0578,86.4672,85.5709,85.8017,1608786000,9312000.0,2020-12-24 05:00:00
88.0328,88.68,86.4379,86.5912,1609131600,27650000.0,2020-12-28 05:00:00
87.2289,88.7529,87.0974,88.6914,1609218000,19726000.0,2020-12-29 05:00:00
86.1615,87.7252,85.7521,87.5882,1609304400,21026000.0,2020-12-30 05:00:00
86.9749,87.216,86.1536,86.2121,1609390800,21070000.0,2020-12-31 05:00:00
85.6593,87.4636,84.7169,87.3401,1609736400,37324000.0,2021-01-04 05:00:00
86.3501,86.6865,85.2012,85.6077,1609822800,20360000.0,2021-01-05 05:00:00
85.498,86.5446,84.169,84.3755,1609909200,46588000.0,2021-01-06 05:00:00
88.0517,88.2244,85.6905,85.6905,1609995600,41936000.0,2021-01-07 05:00:00
89.2174,89.2933,87.4006,88.1916,1610082000,35484000.0,2021-01-08 05:00:00
87.156,88.5499,86.95,88.1847,1610341200,34796000.0,2021-01-11 05:00:00
86.22,87.7321,85.1754,86.6136,1610427600,29528000.0,2021-01-12 05:00:00
86.7074,87.1609,85.7183,85.7183,1610514000,23432000.0,2021-01-13 05:00:00
85.897,87.7148,85.6563,86.7878,1610600400,29212000.0,2021-01-14 05:00:00
85.7332,86.7257,84.9437,85.8027,1610686800,31444000.0,2021-01-15 05:00:00
88.5544,89.5156,85.9918,86.4965,1611032400,41660000.0,2021-01-19 05:00:00
93.2986,94.2737,90.2933,90.6337,1611118800,64152000.0,2021-01-20 05:00:00
93.501,95.8796,93.2658,93.9725,1611205200,58634000.0,2021-01-21 05:00:00
93.9184,94.5054,93.1214,93.8638,1611291600,32744000.0,2021-01-22 05:00:00
94.0037,95.3704,92.2609,94.9198,1611550800,50586000.0,2021-01-25 05:00:00
94.6821,95.0692,93.103,93.5923,1611637200,31462000.0,2021-01-26 05:00:00
90.265,93.3184,89.1901,93.0425,1611723600,82512000.0,2021-01-27 05:00:00
91.9651,93.6916,90.8635,90.8635,1611810000,55278000.0,2021-01-28 05:00:00
90.6828,91.6843,89.4025,91.0133,1611896400,44530000.0,2021-01-29 05:00:00
93.9437,95.0588,91.5379,91.5379,1612155600,40252000.0,2021-02-01 05:00:00
95.2364,96.7376,94.6037,94.9392,1612242000,66332000.0,2021-02-02 05:00:00
102.172,104.5411,99.9225,102.506,1612328400,97882000.0,2021-02-03 05:00:00
101.9115,102.6891,100.9919,102.2584,1612414800,48596000.0,2021-02-04 05:00:00
103.6583,104.0111,101.7313,102.2058,1612501200,29866000.0,2021-02-05 05:00:00
103.4444,104.957,102.3938,104.2126,1612760400,28828000.0,2021-02-08 05:00:00
102.9913,104.1387,102.7239,102.9621,1612846800,21892000.0,2021-02-09 05:00:00
103.5417,104.157,101.8425,103.3759,1612933200,25102000.0,2021-02-10 05:00:00
103.6543,103.9148,102.6673,103.766,1613019600,20480000.0,2021-02-11 05:00:00
103.966,104.1878,102.901,103.2087,1613106000,18990000.0,2021-02-12 05:00:00
104.7436,106.4527,103.8032,103.8032,1613451600,31004000.0,2021-02-16 05:00:00
105.1366,105.3262,103.6345,103.9138,1613538000,20294000.0,2021-02-17 05:00:00
104.5009,105.3039,103.8816,104.4607,1613624400,22546000.0,2021-02-18 05:00:00
103.6573,105.1346,103.3903,104.5992,1613710800,37938000.0,2021-02-19 05:00:00
101.9427,103.2365,101.6321,101.91,1613970000,29466000.0,2021-02-22 05:00:00
102.2336,102.8479,98.7653,99.9444,1614056400,34658000.0,2021-02-23 05:00:00
103.4092,103.633,100.6163,100.7408,1614142800,22608000.0,2021-02-24 05:00:00
100.0416,103.369,99.5722,102.0256,1614229200,41548000.0,2021-02-25 05:00:00
100.3374,102.0549,99.3002,100.7364,1614315600,40042000.0,2021-02-26 05:00:00
102.707,103.033,100.9582,101.6321,1614574800,26060000.0,2021-03-01 05:00:00
102.4499,103.9516,102.0623,102.4678,1614661200,25564000.0,2021-03-02 05:00:00
99.8163,103.0211,98.9523,101.8281,1614747600,33892000.0,2021-03-03 05:00:00
100.9339,102.9516,99.5196,99.988,1614834000,49216000.0,2021-03-04 05:00:00
104.0672,104.5203,100.6287,102.2847,1614920400,53100000.0,2021-03-05 05:00:00
99.6223,104.8944,99.5076,103.4216,1615179600,36868000.0,2021-03-08 05:00:00
101.253,102.4221,101.0168,101.719,1615266000,33920000.0,2021-03-09 05:00:00
101.046,102.2971,100.2094,102.2971,1615352400,27100000.0,2021-03-10 05:00:00
104.2394,104.7719,102.0514,102.1393,1615438800,27702000.0,2021-03-11 05:00:00
101.7313,103.1015,100.8589,103.0419,1615525200,33818000.0,2021-03-12 05:00:00
101.9517,101.979,100.6292,101.4822,1615780800,26168000.0,2021-03-15 04:00:00
103.4131,104.8915,102.1924,102.5248,1615867200,31900000.0,2021-03-16 04:00:00
103.3303,104.163,101.4396,102.6479,1615953600,26382000.0,2021-03-17 04:00:00
100.3091,102.6618,100.2019,101.641,1616040000,31700000.0,2021-03-18 04:00:00
100.588,101.0882,99.3955,100.7255,1616126400,46072000.0,2021-03-19 04:00:00
100.7731,101.649,99.9448,100.6212,1616385600,33536000.0,2021-03-22 04:00:00
101.3011,102.4316,100.6396,101.2326,1616472000,28510000.0,2021-03-23 04:00:00
100.8644,102.6047,100.6892,101.8187,1616558400,25218000.0,2021-03-24 04:00:00
100.8609,101.515,99.0561,100.6917,1616644800,35616000.0,2021-03-25 04:00:00
100.4773,101.2048,99.4412,100.8277,1616731200,27978000.0,2021-03-26 04:00:00
101.5224,101.6922,99.5206,100.3498,1616990400,26492000.0,2021-03-29 04:00:00
101.5562,102.3601,101.044,101.8792,1617076800,27312000.0,2021-03-30 04:00:00
102.3527,103.5308,101.5825,101.9497,1617163200,42570000.0,2021-03-31 04:00:00
105.6904,105.9867,103.7873,103.828,1617249600,39880000.0,2021-04-01 04:00:00
110.116,110.6137,106.4561,106.5524,1617595200,48510000.0,2021-04-05 04:00:00
109.6346,110.5646,109.2639,109.717,1617681600,35240000.0,2021-04-06 04:00:00
111.112,111.3834,109.8252,109.8252,1617768000,24134000.0,2021-04-07 04:00:00
111.6777,112.7377,111.3095,112.3511,1617854400,28664000.0,2021-04-08 04:00:00
112.6821,112.8459,111.0241,111.4301,1617940800,26146000.0,2021-04-09 04:00:00
111.3894,111.9983,110.5557,111.8608,1618200000,25024000.0,2021-04-12 04:00:00
111.8762,112.3248,111.3115,111.7055,1618286400,25682000.0,2021-04-13 04:00:00
111.2549,112.5213,110.9626,112.5213,1618372800,21002000.0,2021-04-14 04:00:00
113.4056,113.9391,111.7144,112.2494,1618459200,29174000.0,2021-04-15 04:00:00
113.2816,113.8518,112.6945,113.6036,1618545600,26282000.0,2021-04-16 04:00:00
113.6294,114.3406,112.6578,112.6578,1618804800,30290000.0,2021-04-19 04:00:00
113.096,114.088,112.0097,114.0131,1618891200,22288000.0,2021-04-20 04:00:00
113.0632,113.1451,111.3993,112.7506,1618977600,23204000.0,2021-04-21 04:00:00
111.7814,113.5858,111.176,112.9168,1619064000,24146000.0,2021-04-22 04:00:00
114.1341,114.4413,112.2146,112.5,1619150400,29066000.0,2021-04-23 04:00:00
114.6304,115.3549,114.0046,114.3619,1619409600,32038000.0,2021-04-26 04:00:00
113.69,115.0532,113.4508,115.0125,1619496000,44386000.0,2021-04-27 04:00:00
117.0675,120.6573,116.7786,118.7279,1619582400,81106000.0,2021-04-28 04:00:00
118.7408,119.3065,117.8024,118.5656,1619668800,41234000.0,2021-04-29 04:00:00
116.7925,118.1994,116.4482,117.5131,1619755200,44856000.0,2021-04-30 04:00:00
116.2755,118.1845,115.8993,117.3588,1620014400,28242000.0,2021-05-03 04:00:00
114.4765,115.3777,111.9878,114.81,1620100800,44818000.0,2021-05-04 04:00:00
114.8706,115.8745,114.5485,115.5584,1620187200,26636000.0,2021-05-05 04:00:00
115.9911,115.9911,113.7922,114.4517,1620273600,25190000.0,2021-05-06 04:00:00
116.7146,117.6734,116.4283,117.3082,1620360000,28898000.0,2021-05-07 04:00:00
113.7282,115.676,113.3704,115.5341,1620619200,30914000.0,2021-05-10 04:00:00
112.6518,113.159,110.8584,111.3125,1620705600,34186000.0,2021-05-11 04:00:00
109.1875,111.5561,108.8585,110.4748,1620792000,46376000.0,2021-05-12 04:00:00
110.6162,111.1323,109.5086,110.4713,1620878400,33204000.0,2021-05-13 04:00:00
113.0647,113.3793,111.6564,112.0802,1620964800,31996000.0,2021-05-14 04:00:00
113.5878,113.6304,111.9298,112.3298,1621224000,21598000.0,2021-05-17 04:00:00
112.2752,114.5187,112.2613,114.2542,1621310400,22204000.0,2021-05-18 04:00:00
112.7233,112.8965,110.4376,110.586,1621396800,23684000.0,2021-05-19 04:00:00
114.4825,114.7331,113.3198,113.691,1621483200,32352000.0,2021-05-20 04:00:00
113.8463,115.075,113.6066,115.0016,1621569600,40632000.0,2021-05-21 04:00:00
117.1667,117.3905,114.7311,114.8765,1621828800,31832000.0,2021-05-24 04:00:00
117.2575,118.3061,116.867,117.7106,1621915200,22440000.0,2021-05-25 04:00:00
118.123,118.5537,117.4357,117.4387,1622001600,21572000.0,2021-05-26 04:00:00
117.2481,118.5567,116.9295,118.5567,1622088000,35224000.0,2021-05-27 04:00:00
116.9588,117.9126,116.7603,117.8307,1622174400,21482000.0,2021-05-28 04:00:00
118.1662,118.391,116.8313,117.8317,1622520000,23354000.0,2021-06-01 04:00:00
117.6406,118.7845,116.736,118.5617,1622606400,21158000.0,2021-06-02 04:00:00
116.4988,116.9672,115.6025,116.407,1622692800,18696000.0,2021-06-03 04:00:00
118.781,119.052,117.2347,117.5751,1622779200,24458000.0,2021-06-04 04:00:00
119.2143,119.3239,118.1572,118.5761,1623038400,24120000.0,2021-06-07 04:00:00
119.0227,120.0688,118.8411,119.6961,1623124800,24240000.0,2021-06-08 04:00:00
119.4941,119.7393,118.9463,119.6673,1623211200,17942000.0,2021-06-09 04:00:00
120.8434,120.8866,119.2877,119.4435,1623297600,25904000.0,2021-06-10 04:00:00
120.5988,121.1705,120.041,121.0851,1623384000,21958000.0,2021-06-11 04:00:00
121.5273,121.5278,119.9934,120.701,1623643200,22098000.0,2021-06-14 04:00:00
120.509,121.8548,120.1482,121.5317,1623729600,21562000.0,2021-06-15 04:00:00
119.8668,120.972,118.5741,120.6603,1623816000,26472000.0,2021-06-16 04:00:00
120.8305,121.6037,119.5964,119.7924,1623902400,25842000.0,2021-06-17 04:00:00
119.2103,120.6911,119.115,120.4569,1623988800,46116000.0,2021-06-18 04:00:00
120.899,121.0851,118.9994,119.5969,1624248000,27414000.0,2021-06-21 04:00:00
121.4131,121.4821,120.1561,120.837,1624334400,22390000.0,2021-06-22 04:00:00
121.2112,122.1724,120.9209,121.1779,1624420800,19148000.0,2021-06-23 04:00:00
121.5814,122.1327,121.3829,121.7799,1624507200,21362000.0,2021-06-24 04:00:00
121.5898,121.7134,120.6534,121.0851,1624593600,34594000.0,2021-06-25 04:00:00
121.6171,121.8642,120.4951,121.7585,1624852800,28526000.0,2021-06-28 04:00:00
121.3556,122.0985,120.7784,121.7506,1624939200,23108000.0,2021-06-29 04:00:00
121.1739,121.3402,120.4445,121.0797,1625025600,24474000.0,2021-06-30 04:00:00
121.5263,121.6677,120.6201,120.8122,1625112000,18110000.0,2021-07-01 04:00:00
124.3182,124.4636,122.1367,122.2265,1625198400,25982000.0,2021-07-02 04:00:00
125.2437,125.4799,123.6483,124.7063,1625544000,26404000.0,2021-07-06 04:00:00
125.5256,126.3295,125.207,126.2084,1625630400,24060000.0,2021-07-07 04:00:00
124.1063,124.6537,123.092,123.0959,1625716800,23790000.0,2021-07-08 04:00:00
124.5772,124.7916,123.6175,124.0874,1625803200,18632000.0,2021-07-09 04:00:00
126.0233,126.1166,124.669,125.2318,1626062400,17668000.0,2021-07-12 04:00:00
126.3866,127.0972,125.7246,126.0858,1626148800,19240000.0,2021-07-13 04:00:00
127.2753,128.3567,126.9553,126.9984,1626235200,23742000.0,2021-07-14 04:00:00
126.0526,127.7349,125.5812,127.6843,1626321600,24218000.0,2021-07-15 04:00:00
126.0178,126.853,125.2075,126.7056,1626408000,20424000.0,2021-07-16 04:00:00
123.6438,125.2586,122.5788,125.1439,1626667200,27968000.0,2021-07-19 04:00:00
125.2631,126.0903,123.418,124.5862,1626753600,26312000.0,2021-07-20 04:00:00
126.5925,126.6391,125.0784,125.1876,1626840000,20746000.0,2021-07-21 04:00:00
127.4585,127.5195,126.5429,126.8853,1626926400,14302000.0,2021-07-22 04:00:00
132.0175,132.3987,128.8271,129.4524,1627012800,41506000.0,2021-07-23 04:00:00
133.0299,133.2304,131.3094,132.3287,1627272000,30572000.0,2021-07-26 04:00:00
130.9109,133.3911,129.1283,133.2437,1627358400,54710000.0,2021-07-27 04:00:00
135.0734,137.2599,134.2631,135.2898,1627444800,95130000.0,2021-07-28 04:00:00
134.7593,135.6362,134.5266,135.129,1627531200,31716000.0,2021-07-29 04:00:00
133.7162,134.2899,133.2482,134.0224,1627617600,25576000.0,2021-07-30 04:00:00
133.8432,134.3216,132.7907,134.1038,1627876800,21634000.0,2021-08-02 04:00:00
134.6129,134.7141,132.3197,134.1216,1627963200,20762000.0,2021-08-03 04:00:00
134.1122,134.6322,133.4785,134.3345,1628049600,19676000.0,2021-08-04 04:00:00
135.2297,135.3275,133.8348,134.663,1628136000,17870000.0,2021-08-05 04:00:00
134.7206,135.4491,134.1961,135.0218,1628222400,20488000.0,2021-08-06 04:00:00
135.8863,136.1553,134.3246,134.9231,1628481600,17760000.0,2021-08-09 04:00:00
135.7811,136.7393,135.3419,136.3121,1628568000,19414000.0,2021-08-10 04:00:00
135.257,136.65,135.2496,136.1528,1628654400,15352000.0,2021-08-11 04:00:00
136.1651,136.2704,134.4099,134.9558,1628740800,16506000.0,2021-08-12 04:00:00
136.6946,136.8227,136.0054,136.2207,1628827200,15948000.0,2021-08-13 04:00:00
137.2723,137.3249,134.2844,136.4937,1629086400,22384000.0,2021-08-16 04:00:00
135.6367,137.2286,135.0615,136.717,1629172800,21716000.0,2021-08-17 04:00:00
134.4333,136.0763,134.3067,135.4764,1629259200,19258000.0,2021-08-18 04:00:00
134.6625,135.33,133.2432,133.4273,1629345600,21782000.0,2021-08-19 04:00:00
136.3989,136.5225,134.2358,134.9801,1629432000,31194000.0,2021-08-20 04:00:00
138.9913,139.8181,136.5756,136.9349,1629691200,28454000.0,2021-08-23 04:00:00
140.2022,141.0146,139.2861,139.5571,1629777600,19268000.0,2021-08-24 04:00:00
141.0135,141.1232,140.3158,140.5629,1629864000,15848000.0,2021-08-25 04:00:00
140.3798,141.3495,140.2969,140.687,1629950400,20610000.0,2021-08-26 04:00:00
142.9241,143.4288,140.4359,140.5903,1630036800,28780000.0,2021-08-27 04:00:00
143.5062,144.8759,143.0819,143.3171,1630296000,24434000.0,2021-08-30 04:00:00
143.6124,144.0829,143.199,144.0585,1630382400,22448000.0,2021-08-31 04:00:00
144.1265,145.1573,143.797,143.9127,1630468800,21936000.0,2021-09-01 04:00:00
142.2125,144.4283,142.1113,144.1271,1630555200,32342000.0,2021-09-02 04:00:00
142.6616,143.074,141.3326,142.0075,1630641600,19850000.0,2021-09-03 04:00:00
143.1985,143.4809,142.542,142.7559,1630987200,20124000.0,2021-09-07 04:00:00
142.6134,143.3171,141.9276,143.0194,1631073600,18344000.0,2021-09-08 04:00:00
142.4646,143.2283,142.1038,142.7618,1631160000,15314000.0,2021-09-09 04:00:00
139.8196,143.6332,139.6826,143.131,1631246400,36840000.0,2021-09-10 04:00:00
141.2651,141.878,140.1908,140.885,1631505600,22094000.0,2021-09-13 04:00:00
141.4755,142.2879,140.687,141.9232,1631592000,19674000.0,2021-09-14 04:00:00
143.3464,143.3673,140.2875,141.7008,1631678400,27408000.0,2021-09-15 04:00:00
142.5331,143.2179,141.3336,142.871,1631764800,26190000.0,2021-09-16 04:00:00
139.7441,142.3743,139.4166,141.9579,1631851200,53384000.0,2021-09-17 04:00:00
137.6792,137.9576,135.2997,137.1254,1632110400,46518000.0,2021-09-20 04:00:00
137.9904,138.9615,137.241,138.7015,1632196800,25332000.0,2021-09-21 04:00:00
139.2315,139.8305,137.5125,138.2593,1632283200,25056000.0,2021-09-22 04:00:00
140.157,140.6339,139.3486,139.9302,1632369600,20952000.0,2021-09-23 04:00:00
141.1485,141.2631,139.1893,139.4846,1632456000,22984000.0,2021-09-24 04:00:00
140.0141,140.8741,139.0171,139.7486,1632715200,21882000.0,2021-09-27 04:00:00
134.8114,138.0534,134.3449,137.6152,1632801600,45772000.0,2021-09-28 04:00:00
133.346,136.1225,132.8611,135.9528,1632888000,30848000.0,2021-09-29 04:00:00
132.6736,134.5261,132.5545,133.2547,1632974400,37996000.0,2021-09-30 04:00:00
135.5191,135.8838,133.0676,133.4393,1633060800,35360000.0,2021-10-01 04:00:00
132.6572,134.9409,130.0673,134.9409,1633320000,51202000.0,2021-10-04 04:00:00
135.0029,136.1954,133.0358,133.0358,1633406400,32404000.0,2021-10-05 04:00:00
136.5334,136.717,133.541,133.7395,1633492800,24364000.0,2021-10-06 04:00:00
138.181,138.9918,137.6113,137.8505,1633579200,25110000.0,2021-10-07 04:00:00
138.7373,139.2787,138.1735,138.5303,1633665600,26526000.0,2021-10-08 04:00:00
137.8723,139.6568,137.8177,138.2475,1633924800,17954000.0,2021-10-11 04:00:00
135.4258,138.4608,134.7419,138.434,1634011200,36332000.0,2021-10-12 04:00:00
136.5503,136.9651,135.4952,136.3721,1634097600,19654000.0,2021-10-13 04:00:00
140.0925,140.2776,137.7839,138.4281,1634184000,31894000.0,2021-10-14 04:00:00
140.3079,140.6553,139.6995,140.5525,1634270400,30274000.0,2021-10-15 04:00:00
141.7073,141.7252,140.0116,140.0186,1634529600,20396000.0,2021-10-18 04:00:00
142.1629,142.5852,141.5306,142.3122,1634616000,20164000.0,2021-10-19 04:00:00
140.7059,142.4696,140.3163,142.2631,1634702400,23288000.0,2021-10-20 04:00:00
140.822,141.09,139.4464,140.7059,1634788800,26292000.0,2021-10-21 04:00:00
136.5349,139.5287,135.0357,138.1065,1634875200,50588000.0,2021-10-22 04:00:00
136.4163,136.9651,134.4084,136.5185,1635134400,34412000.0,2021-10-25 04:00:00
138.2638,139.0325,137.2674,138.2192,1635220800,49236000.0,2021-10-26 04:00:00
145.121,147.5352,138.3596,138.3596,1635307200,85782000.0,2021-10-27 04:00:00
144.7553,146.0545,143.5424,146.0311,1635393600,36206000.0,2021-10-28 04:00:00
146.9358,147.1303,143.5648,143.9901,1635480000,43320000.0,2021-10-29 04:00:00
142.4209,146.9358,142.1514,146.9358,1635739200,46924000.0,2021-11-01 04:00:00
144.3419,145.5095,143.2531,143.4953,1635825600,33482000.0,2021-11-02 04:00:00
145.4987,145.5691,143.5067,144.8064,1635912000,27494000.0,2021-11-03 04:00:00
147.1556,148.6106,145.2108,146.0212,1635998400,38412000.0,2021-11-04 04:00:00
147.7357,149.2002,147.0856,148.0508,1636084800,38354000.0,2021-11-05 04:00:00
147.9134,149.4855,147.3174,148.7014,1636347600,23052000.0,2021-11-08 05:00:00
147.8017,148.7109,146.1408,148.1139,1636434000,19530000.0,2021-11-09 05:00:00
144.7994,146.9596,143.4536,146.3939,1636520400,29970000.0,2021-11-10 05:00:00
144.6734,146.4291,144.5086,145.391,1636606800,16518000.0,2021-11-11 05:00:00
147.563,147.7337,144.3205,145.516,1636693200,22360000.0,2021-11-12 05:00:00
147.3387,148.428,146.4683,147.7839,1636952400,23508000.0,2021-11-15 05:00:00
146.7671,147.6469,146.2078,147.0385,1637038800,18904000.0,2021-11-16 05:00:00
146.9368,147.4454,146.1358,146.9174,1637125200,19594000.0,2021-11-17 05:00:00
148.7148,149.4513,146.7755,147.1298,1637211600,35608000.0,2021-11-18 05:00:00
147.8097,149.8344,147.7824,148.8508,1637298000,33682000.0,2021-11-19 05:00:00
145.2049,148.7059,145.0515,148.2127,1637557200,30594000.0,2021-11-22 05:00:00
144.6888,145.5602,143.0343,145.057,1637643600,27218000.0,2021-11-23 05:00:00
145.0242,145.1528,143.2903,144.3826,1637730000,18040000.0,2021-11-24 05:00:00
141.1168,143.4735,140.7788,143.266,1637902800,30470000.0,2021-11-26 05:00:00
144.4392,145.2004,142.8144,142.9201,1638162000,32596000.0,2021-11-29 05:00:00
140.8334,144.9051,140.5396,143.9211,1638248400,42068000.0,2021-11-30 05:00:00
139.9938,144.856,139.8553,142.9202,1638334800,34020000.0,2021-12-01 05:00:00
141.8939,142.7856,139.163,140.1907,1638421200,29194000.0,2021-12-02 05:00:00
140.9366,143.3171,139.2489,142.6035,1638507600,41230000.0,2021-12-03 05:00:00
142.0815,142.7737,139.099,141.9678,1638766800,30618000.0,2021-12-06 05:00:00
146.1651,146.4246,144.1384,144.5046,1638853200,32240000.0,2021-12-07 05:00:00
147.0752,147.2802,145.3081,146.4896,1638939600,24270000.0,2021-12-08 05:00:00
146.5314,147.9819,146.0118,146.4842,1639026000,23270000.0,2021-12-09 05:00:00
146.8916,147.8603,145.6038,147.5849,1639112400,24458000.0,2021-12-10 05:00:00
144.7329,146.8604,144.4263,146.6733,1639371600,27070000.0,2021-12-13 05:00:00
142.8278,143.3965,140.156,142.8884,1639458000,38446000.0,2021-12-14 05:00:00
145.3428,145.6207,140.6155,142.3336,1639544400,36370000.0,2021-12-15 05:00:00
143.3618,146.5696,142.5301,146.0669,1639630800,33650000.0,2021-12-16 05:00:00
140.6622,142.7559,140.2404,141.4314,1639717200,50416000.0,2021-12-17 05:00:00
140.5451,140.7113,138.2762,138.9501,1639976400,27192000.0,2021-12-20 05:00:00
142.3966,142.7901,139.4489,140.9882,1640062800,28756000.0,2021-12-21 05:00:00
145.317,145.4014,141.9946,141.9946,1640149200,26322000.0,2021-12-22 05:00:00
145.8148,147.1318,145.3537,145.4014,1640235600,26384000.0,2021-12-23 05:00:00
146.7973,147.2316,146.0659,146.1517,1640581200,15976000.0,2021-12-27 05:00:00
145.587,147.1869,144.9592,147.1244,1640667600,18200000.0,2021-12-28 05:00:00
145.5552,146.3115,144.5553,145.5448,1640754000,17788000.0,2021-12-29 05:00:00
145.1041,146.1954,144.8997,145.5939,1640840400,15688000.0,2021-12-30 05:00:00
143.7658,145.5984,143.7658,144.9548,1640926800,18136000.0,2021-12-31 05:00:00
143.9042,144.7572,142.6353,143.9672,1641186000,28646000.0,2022-01-03 05:00:00
143.3167,145.3865,142.6388,144.3057,1641272400,28400000.0,2022-01-04 05:00:00
136.7418,143.4159,136.6555,143.337,1641358800,54618000.0,2022-01-05 05:00:00
136.7145,138.8906,135.5344,135.9711,1641445200,37348000.0,2022-01-06 05:00:00
135.9895,137.4103,134.7484,137.1095,1641531600,29760000.0,2022-01-07 05:00:00
137.6296,137.7785,132.1659,134.0651,1641790800,44408000.0,2022-01-10 05:00:00
138.6881,139.1645,135.6674,136.9721,1641877200,28730000.0,2022-01-11 05:00:00
140.3699,141.5386,139.6394,140.0915,1641963600,26108000.0,2022-01-12 05:00:00
137.5477,141.7788,137.3711,140.4786,1642050000,31436000.0,2022-01-13 05:00:00
138.4345,139.6866,135.9712,136.051,1642136400,29662000.0,2022-01-14 05:00:00
134.9781,136.1031,134.4228,135.1538,1642482000,34872000.0,2022-01-18 05:00:00
134.1033,136.9249,134.003,135.4997,1642568400,28648000.0,2022-01-19 05:00:00
132.3078,136.5939,131.9674,135.2282,1642654800,29908000.0,2022-01-20 05:00:00
129.374,133.8541,129.111,131.5992,1642741200,55652000.0,2022-01-21 05:00:00
129.8231,130.2191,123.5664,125.0333,1643000400,76622000.0,2022-01-24 05:00:00
125.9831,128.4286,125.5519,127.7746,1643086800,46960000.0,2022-01-25 05:00:00
128.2639,132.0027,126.1886,130.1358,1643173200,49130000.0,2022-01-26 05:00:00
128.0376,131.6577,127.9656,130.3193,1643259600,31950000.0,2022-01-27 05:00:00
132.351,132.3565,127.5215,128.6867,1643346000,34362000.0,2022-01-28 05:00:00
134.2888,134.4571,131.218,133.1559,1643605200,39986000.0,2022-01-31 05:00:00
136.6118,136.7597,133.3609,136.5627,1643691600,68644000.0,2022-02-01 05:00:00
146.8901,150.41,144.4312,150.1157,1643778000,123200000.0,2022-02-02 05:00:00
142.017,148.5526,141.5956,144.6128,1643864400,71518000.0,2022-02-03 05:00:00
142.2184,143.7886,139.4613,142.3688,1643950800,57998000.0,2022-02-04 05:00:00
138.1571,143.1683,137.8584,143.1683,1644210000,54974000.0,2022-02-07 05:00:00
138.3537,138.9502,135.9866,137.984,1644296400,54284000.0,2022-02-08 05:00:00
140.5302,141.4557,139.1357,139.9064,1644382800,40144000.0,2022-02-09 05:00:00
137.5805,140.4235,136.9224,138.6558,1644469200,39330000.0,2022-02-10 05:00:00
133.2755,138.113,132.3996,137.5606,1644555600,39958000.0,2022-02-11 05:00:00
134.5097,135.2779,132.2572,132.2572,1644814800,34302000.0,2022-02-14 05:00:00
135.5841,137.0728,134.803,136.5389,1644901200,26680000.0,2022-02-15 05:00:00
136.7051,137.0505,133.9122,135.6218,1644987600,25022000.0,2022-02-16 05:00:00
131.5451,136.0853,131.485,135.2213,1645074000,38950000.0,2022-02-17 05:00:00
129.4251,133.0646,129.2202,132.4661,1645160400,45620000.0,2022-02-18 05:00:00
128.84,131.1893,127.262,128.8643,1645506000,44990000.0,2022-02-22 05:00:00
126.6312,131.0607,126.5712,130.6613,1645592400,32786000.0,2022-02-23 05:00:00
131.6959,132.0026,124.0165,124.0165,1645678800,54456000.0,2022-02-24 05:00:00
133.4512,134.2571,130.7635,132.5505,1645765200,36406000.0,2022-02-25 05:00:00
134.0442,134.7335,131.5982,132.0523,1646024400,38864000.0,2022-02-28 05:00:00
133.0562,135.2337,132.2195,133.867,1646110800,26496000.0,2022-03-01 05:00:00
133.5623,134.2482,132.0736,133.6184,1646197200,23520000.0,2022-03-02 05:00:00
132.8954,135.4163,132.0279,134.99,1646283600,24604000.0,2022-03-03 05:00:00
130.9173,132.8477,129.3601,131.9307,1646370000,30430000.0,2022-03-04 05:00:00
125.4308,130.7471,125.3479,130.502,1646629200,45112000.0,2022-03-07 05:00:00
126.1513,130.2658,124.7321,125.3033,1646715600,40428000.0,2022-03-08 05:00:00
132.4195,132.7326,128.9264,130.2657,1646802000,37026000.0,2022-03-09 05:00:00
131.4364,132.2726,129.9308,130.2817,1646888400,27102000.0,2022-03-10 05:00:00
128.8966,132.7922,128.6594,132.4875,1646974800,31526000.0,2022-03-11 05:00:00
125.0065,129.431,124.3356,129.2732,1647230400,38812000.0,2022-03-14 04:00:00
128.2291,128.8807,124.7777,126.0238,1647316800,30920000.0,2022-03-15 04:00:00
132.281,132.3331,127.7691,129.7526,1647403200,35576000.0,2022-03-16 04:00:00
132.8353,133.075,131.1937,132.1505,1647489600,28264000.0,2022-03-17 04:00:00
135.1047,135.2223,131.2667,132.4239,1647576000,44566000.0,2022-03-18 04:00:00
135.0809,136.0222,133.0869,135.1424,1647835200,26832000.0,2022-03-21 04:00:00
138.8191,139.9922,135.0809,135.0809,1647921600,35496000.0,2022-03-22 04:00:00
137.2386,138.5417,136.8014,137.6624,1648008000,25154000.0,2022-03-23 04:00:00
140.5103,140.557,136.7175,138.1561,1648094400,26396000.0,2022-03-24 04:00:00
140.6106,140.9699,138.6896,140.8518,1648180800,24126000.0,2022-03-25 04:00:00
140.3947,140.9376,138.763,139.8439,1648440000,35050000.0,2022-03-28 04:00:00
141.4368,142.7152,140.9733,141.5778,1648526400,34318000.0,2022-03-29 04:00:00
140.8741,141.6502,140.5381,141.3917,1648612800,19884000.0,2022-03-30 04:00:00
138.0246,141.0423,137.9819,140.9877,1648699200,37524000.0,2022-03-31 04:00:00
139.0995,139.4176,137.2703,138.4539,1648785600,25942000.0,2022-04-01 04:00:00
141.8993,142.6343,139.2583,139.3059,1649044800,25942000.0,2022-04-04 04:00:00
139.5367,141.9182,139.3298,141.7976,1649131200,21418000.0,2022-04-05 04:00:00
135.524,138.3154,134.5008,137.7095,1649217600,32468000.0,2022-04-06 04:00:00
134.8695,136.1359,133.2209,134.9901,1649304000,26234000.0,2022-04-07 04:00:00
132.288,134.6526,131.9684,134.5668,1649390400,25142000.0,2022-04-08 04:00:00
127.8575,131.1019,127.7036,130.835,1649649600,36884000.0,2022-04-11 04:00:00
126.7568,130.6131,125.8382,130.6131,1649736000,32710000.0,2022-04-12 04:00:00
128.9199,129.3566,126.7831,127.0401,1649822400,27928000.0,2022-04-13 04:00:00
125.7797,129.501,125.6516,129.501,1649908800,31598000.0,2022-04-14 04:00:00
126.719,127.251,125.2358,126.0476,1650254400,20808000.0,2022-04-18 04:00:00
129.0341,129.3556,126.0471,126.7339,1650340800,26490000.0,2022-04-19 04:00:00
127.0798,130.4136,126.5439,129.9104,1650427200,31696000.0,2022-04-20 04:00:00
123.8785,129.1229,123.5927,128.2807,1650513600,36446000.0,2022-04-21 04:00:00
118.7383,124.4616,118.0332,124.0626,1650600000,56884000.0,2022-04-22 04:00:00
122.1511,122.353,117.6223,118.2079,1650859200,46128000.0,2022-04-25 04:00:00
117.7602,121.5913,117.6223,121.3774,1650945600,73054000.0,2022-04-26 04:00:00
113.4374,116.3628,111.8911,113.6111,1651032000,91820000.0,2022-04-27 04:00:00
117.6337,118.7522,113.2592,115.542,1651118400,48884000.0,2022-04-28 04:00:00
113.2538,117.0357,112.961,115.8591,1651204800,42676000.0,2022-04-29 04:00:00
115.7087,115.87,111.7556,112.5546,1651464000,35534000.0,2022-05-02 04:00:00
116.4541,117.5538,115.1644,115.5574,1651550400,24968000.0,2022-05-03 04:00:00
121.3442,121.9332,114.2527,116.1539,1651636800,49916000.0,2022-05-04 04:00:00
115.6318,120.1313,114.1431,119.3026,1651723200,45840000.0,2022-05-05 04:00:00
114.8785,116.6898,113.1605,114.3207,1651809600,39710000.0,2022-05-06 04:00:00
111.6673,114.214,111.1606,112.4007,1652068800,40802000.0,2022-05-09 04:00:00
113.5371,115.3782,112.0538,114.6413,1652155200,39900000.0,2022-05-10 04:00:00
112.7506,115.4919,112.3873,112.3873,1652241600,37534000.0,2022-05-11 04:00:00
111.9978,113.4379,109.0009,110.5423,1652328000,53836000.0,2022-05-12 04:00:00
115.1802,116.991,112.7531,113.6741,1652414400,35038000.0,2022-05-13 04:00:00
113.5868,115.2988,113.0354,114.0934,1652673600,25990000.0,2022-05-16 04:00:00
115.5996,116.0234,114.0086,115.9643,1652760000,23054000.0,2022-05-17 04:00:00
111.0604,114.5346,110.7189,114.1376,1652846400,35126000.0,2022-05-18 04:00:00
109.5562,112.1625,109.1751,110.5959,1652932800,34144000.0,2022-05-19 04:00:00
108.0913,111.3422,105.0031,111.1115,1653019200,48962000.0,2022-05-20 04:00:00
110.6519,111.3065,107.9255,108.7657,1653278400,37184000.0,2022-05-23 04:00:00
105.1753,105.6602,101.1205,104.9788,1653364800,76780000.0,2022-05-24 04:00:00
105.0116,105.7014,103.0777,104.1982,1653451200,40258000.0,2022-05-25 04:00:00
106.9842,107.8347,104.4359,104.8845,1653537600,37948000.0,2022-05-26 04:00:00
111.4742,111.4757,108.3201,108.662,1653624000,37914000.0,2022-05-27 04:00:00
112.9089,114.8671,111.238,111.901,1653969600,50012000.0,2022-05-31 04:00:00
113.0379,116.2234,112.4007,113.9937,1654056000,36606000.0,2022-06-01 04:00:00
116.7404,117.0154,112.0995,113.1451,1654142400,37992000.0,2022-06-02 04:00:00
113.682,115.4492,112.6672,115.1921,1654228800,26136000.0,2022-06-03 04:00:00
115.9445,118.452,115.2929,115.8293,1654488000,33542000.0,2022-06-06 04:00:00
116.271,116.8084,114.1892,114.6145,1654574400,31590000.0,2022-06-07 04:00:00
116.3152,117.6813,115.7256,115.8859,1654660800,26108000.0,2022-06-08 04:00:00
113.9743,117.4119,113.9153,115.4552,1654747200,25798000.0,2022-06-09 04:00:00
110.3279,112.4295,109.5384,111.6018,1654833600,41452000.0,2022-06-10 04:00:00
105.5947,107.9757,105.3232,105.9857,1655092800,47252000.0,2022-06-13 04:00:00
105.9152,107.1152,105.0066,105.7361,1655179200,33706000.0,2022-06-14 04:00:00
108.9414,110.5879,106.8621,107.731,1655265600,39698000.0,2022-06-15 04:00:00
105.2383,107.8337,104.3496,106.4169,1655352000,51684000.0,2022-06-16 04:00:00
106.34,107.8844,104.2583,105.2384,1655438400,51376000.0,2022-06-17 04:00:00
110.7075,111.6459,107.7856,108.1126,1655784000,47416000.0,2022-06-21 04:00:00
110.6515,112.4965,109.5547,109.7274,1655870400,30774000.0,2022-06-22 04:00:00
111.4003,111.897,109.6719,111.3899,1655956800,28362000.0,2022-06-23 04:00:00
117.0903,117.1935,112.1055,112.1476,1656043200,41164000.0,2022-06-24 04:00:00
114.9649,117.6903,114.3158,117.3861,1656302400,36420000.0,2022-06-27 04:00:00
111.1675,116.4298,111.0092,114.9341,1656388800,35792000.0,2022-06-28 04:00:00
110.8638,112.3119,110.0411,110.7155,1656475200,24716000.0,2022-06-29 04:00:00
108.1459,110.0564,105.9495,109.1751,1656561600,43170000.0,2022-06-30 04:00:00
107.9221,108.4307,105.9301,107.1236,1656648000,35476000.0,2022-07-01 04:00:00
112.4136,112.5268,104.9386,106.2973,1656993600,39342000.0,2022-07-05 04:00:00
113.7128,114.7227,110.64,112.4523,1657080000,37432000.0,2022-07-06 04:00:00
117.8922,118.2957,113.9724,114.217,1657166400,40936000.0,2022-07-07 04:00:00
118.4585,118.7875,116.0248,116.3707,1657252800,38238000.0,2022-07-08 04:00:00
114.809,117.1131,114.4656,117.1131,1657512000,31196000.0,2022-07-11 04:00:00
113.1655,116.0968,112.8374,115.3435,1657598400,29960000.0,2022-07-12 04:00:00
110.5184,113.3396,110.3676,110.8633,1657684800,43722000.0,2022-07-13 04:00:00
109.5399,110.2599,107.5603,109.384,1657771200,37004000.0,2022-07-14 04:00:00
110.9393,112.2921,110.0684,111.1606,1657857600,46770000.0,2022-07-15 04:00:00
108.2124,112.8275,107.5573,111.7953,1658116800,43164600.0,2022-07-18 04:00:00
112.9565,113.165,108.7384,110.0187,1658203200,36530900.0,2022-07-19 04:00:00
113.0459,114.5346,111.6365,112.3213,1658289600,35600400.0,2022-07-20 04:00:00
113.4826,113.691,110.2768,113.423,1658376000,32676200.0,2022-07-21 04:00:00
107.0909,111.4975,105.7013,110.1676,1658462400,48901200.0,2022-07-22 04:00:00
106.7038,109.0461,105.5029,107.597,1658721600,34690900.0,2022-07-25 04:00:00
104.2324,106.3961,103.2896,105.8006,1658808000,47991000.0,2022-07-26 04:00:00
112.2122,113.0558,107.2,108.4407,1658894400,59858500.0,2022-07-27 04:00:00
113.3635,113.4826,110.6242,111.5273,1658980800,32816600.0,2022-07-28 04:00:00
115.4477,115.8348,112.2122,112.232,1659067200,37223400.0,2022-07-29 04:00:00
113.9987,115.8447,113.4826,114.4354,1659326400,26034300.0,2022-08-01 04:00:00
114.2666,115.4775,112.8672,113.1451,1659412800,20236000.0,2022-08-02 04:00:00
117.1945,117.7305,114.614,114.8423,1659499200,28499000.0,2022-08-03 04:00:00
117.3037,117.8893,116.0134,116.599,1659585600,21602900.0,2022-08-04 04:00:00
116.5891,117.2243,115.1301,115.3584,1659672000,19159500.0,2022-08-05 04:00:00
116.4204,119.249,116.0035,117.5022,1659931200,19138300.0,2022-08-08 04:00:00
115.7554,116.4402,114.8423,116.2616,1660017600,19086500.0,2022-08-09 04:00:00
118.8024,120.0132,117.522,117.8893,1660104000,30930400.0,2022-08-10 04:00:00
117.9488,120.5789,117.6709,120.3705,1660190400,24293700.0,2022-08-11 04:00:00
120.7675,120.7675,118.5642,119.3582,1660276800,19096300.0,2022-08-12 04:00:00
121.1645,121.3829,119.7055,120.2216,1660536000,19494800.0,2022-08-15 04:00:00
120.7874,121.5119,119.7353,120.6087,1660622400,19041200.0,2022-08-16 04:00:00
118.6535,120.3804,118.4848,119.2192,1660708800,22847000.0,2022-08-17 04:00:00
119.2688,119.914,117.8297,118.5344,1660795200,17987700.0,2022-08-18 04:00:00
116.331,118.2565,115.8844,118.1671,1660881600,21809500.0,2022-08-19 04:00:00
113.3833,114.7629,112.9962,114.3361,1661140800,21456600.0,2022-08-22 04:00:00
113.0062,114.1475,112.5794,112.629,1661227200,15870400.0,2022-08-23 04:00:00
112.8374,113.9192,112.0236,112.6488,1661313600,17734600.0,2022-08-24 04:00:00
115.7752,115.8447,113.2543,113.3833,1661400000,16956800.0,2022-08-25 04:00:00
109.5126,114.2567,109.3637,113.8597,1661486400,37245700.0,2022-08-26 04:00:00
108.5994,110.118,107.9841,109.1652,1661745600,21191200.0,2022-08-29 04:00:00
108.123,109.6713,106.9916,109.3438,1661832000,27513300.0,2022-08-30 04:00:00
107.4085,110.0187,107.3191,109.8202,1661918400,28627000.0,2022-08-31 04:00:00
108.917,109.6217,106.5549,107.468,1662004800,28360900.0,2022-09-01 04:00:00
107.0412,109.9095,106.4556,109.7607,1662091200,24160700.0,2022-09-02 04:00:00
106.009,107.2199,104.9868,106.4954,1662436800,25068300.0,2022-09-06 04:00:00
108.6292,109.1553,106.0984,106.2572,1662523200,23167000.0,2022-09-07 04:00:00
107.5673,108.7781,106.3564,107.2298,1662609600,24238300.0,2022-09-08 04:00:00
109.8202,110.1577,108.2024,108.2521,1662696000,23197700.0,2022-09-09 04:00:00
110.0287,110.783,109.1056,110.1577,1662955200,22966800.0,2022-09-12 04:00:00
103.5377,107.4879,103.3094,106.9916,1663041600,38172900.0,2022-09-13 04:00:00
104.2126,104.4905,102.8827,103.7858,1663128000,26395100.0,2022-09-14 04:00:00
102.1383,104.4806,101.5825,103.2499,1663214400,34188300.0,2022-09-15 04:00:00
102.0291,102.3566,100.183,101.3046,1663300800,42797200.0,2022-09-16 04:00:00
102.2971,102.5551,100.7885,100.987,1663560000,23036800.0,2022-09-19 04:00:00
100.3815,101.6023,99.7662,101.3145,1663646400,26517100.0,2022-09-20 04:00:00
98.5355,102.1085,98.5256,100.9076,1663732800,31487300.0,2022-09-21 04:00:00
99.389,100.4808,98.0492,98.0789,1663819200,34298600.0,2022-09-22 04:00:00
97.9995,98.9126,96.7391,98.8829,1663905600,31625400.0,2022-09-23 04:00:00
97.4338,99.131,97.0666,97.3643,1664164800,27072700.0,2022-09-26 04:00:00
96.7688,99.2501,96.1436,98.6844,1664251200,30072800.0,2022-09-27 04:00:00
99.2997,99.9448,96.3818,96.9177,1664337600,32466300.0,2022-09-28 04:00:00
96.6894,97.9003,95.2404,97.9003,1664424000,31047200.0,2022-09-29 04:00:00
94.9327,98.1583,94.8434,96.3222,1664510400,32941500.0,2022-09-30 04:00:00
97.9003,98.5454,95.7962,96.0344,1664769600,27982000.0,2022-10-03 04:00:00
100.8778,101.0763,99.6272,99.6868,1664856000,28850800.0,2022-10-04 04:00:00
100.6694,101.1656,98.0591,99.0814,1664942400,22176900.0,2022-10-05 04:00:00
100.6594,102.1581,99.8357,99.925,1665028800,22324000.0,2022-10-06 04:00:00
97.94,99.7761,97.5628,99.1012,1665115200,27502800.0,2022-10-07 04:00:00
97.1261,98.3568,96.2825,98.2576,1665374400,18225100.0,2022-10-10 04:00:00
96.4512,98.5057,95.5878,96.6994,1665460800,26507100.0,2022-10-11 04:00:00
96.8284,98.0095,96.0145,96.5703,1665547200,21876400.0,2022-10-12 04:00:00
98.3171,99.0317,93.6722,94.4365,1665633600,34574500.0,2022-10-13 04:00:00
95.8359,99.9349,95.6473,99.2402,1665720000,25410700.0,2022-10-14 04:00:00
99.2203,100.1731,98.0889,98.1186,1665979200,28419200.0,2022-10-17 04:00:00
100.0143,102.6941,99.2203,102.3566,1666065600,24060700.0,2022-10-18 04:00:00
98.8829,100.2624,98.1782,99.26,1666152000,23811100.0,2022-10-19 04:00:00
99.2203,101.5527,98.6447,99.2501,1666238400,25323200.0,2022-10-20 04:00:00
100.3716,100.5503,96.9872,97.1162,1666324800,32458700.0,2022-10-21 04:00:00
101.7512,101.9795,99.2303,101.0366,1666584000,27176400.0,2022-10-24 04:00:00
103.6965,104.0339,101.9497,102.1283,1666670400,40611400.0,2022-10-25 04:00:00
94.2181,97.5728,93.9799,95.7069,1666756800,88114100.0,2022-10-26 04:00:00
91.5284,94.7144,91.1116,93.8112,1666843200,60710900.0,2022-10-27 04:00:00
95.5679,95.826,91.4391,91.5781,1666929600,43697300.0,2022-10-28 04:00:00
93.8013,95.3099,93.2752,94.7044,1667188800,31675000.0,2022-10-31 04:00:00
89.7916,95.3099,89.6923,94.7342,1667275200,47161400.0,2022-11-01 04:00:00
86.3178,90.4962,86.2285,90.258,1667361600,57038300.0,2022-11-02 04:00:00
82.8044,85.8712,82.715,85.6727,1667448000,61288000.0,2022-11-03 04:00:00
85.9307,85.9903,83.0823,84.7596,1667534400,51124900.0,2022-11-04 04:00:00
87.8264,88.2333,86.1987,86.6255,1667797200,34078900.0,2022-11-07 05:00:00
88.2333,89.6427,86.9331,88.2333,1667883600,30429000.0,2022-11-08 05:00:00
86.6652,88.7693,86.6255,87.7867,1667970000,31769100.0,2022-11-09 05:00:00
93.2355,93.6822,90.923,91.5582,1668056400,51620100.0,2022-11-10 05:00:00
95.687,96.2031,93.2157,93.9799,1668142800,33090500.0,2022-11-11 05:00:00
94.9823,96.0642,93.8013,94.3769,1668402000,30179500.0,2022-11-14 05:00:00
97.7018,99.389,95.9848,97.5231,1668488400,41640800.0,2022-11-15 05:00:00
98.1087,98.8928,96.9078,97.1658,1668574800,29105200.0,2022-11-16 05:00:00
97.6224,98.5355,96.0642,96.2428,1668661200,26052600.0,2022-11-17 05:00:00
96.6994,98.1583,95.6473,98.0293,1668747600,28342300.0,2022-11-18 05:00:00
94.8831,97.6621,94.6449,96.5604,1669006800,21647400.0,2022-11-21 05:00:00
96.3222,96.4909,93.3447,95.2305,1669093200,23438500.0,2022-11-22 05:00:00
97.7216,98.0194,96.3619,96.3619,1669179600,18868100.0,2022-11-23 05:00:00
96.7291,97.9003,96.6696,97.5033,1669352400,9701400.0,2022-11-25 05:00:00
95.3297,96.8482,94.893,96.3123,1669611600,26237500.0,2022-11-28 05:00:00
94.4762,95.3992,93.4043,95.0121,1669698000,20061700.0,2022-11-29 05:00:00
100.2327,100.2823,93.7119,94.1089,1669784400,43647500.0,2022-11-30 05:00:00
100.2327,101.4832,99.4982,100.2624,1669870800,28687100.0,2022-12-01 05:00:00
99.6868,100.0143,98.1583,98.3072,1669957200,21480700.0,2022-12-02 05:00:00
98.734,100.6197,98.2576,98.6546,1670216400,24405100.0,2022-12-05 05:00:00
96.2527,99.0317,95.6969,98.5553,1670302800,24910700.0,2022-12-06 05:00:00
94.228,96.1535,94.0097,95.687,1670389200,31045400.0,2022-12-07 05:00:00
93.0073,94.8633,92.7492,94.6648,1670475600,32213300.0,2022-12-08 05:00:00
92.1339,93.5531,92.0545,93.0668,1670562000,28225400.0,2022-12-09 05:00:00
92.6103,92.8584,90.923,92.0148,1670821200,29420000.0,2022-12-12 05:00:00
94.9129,98.7836,94.3174,97.0269,1670907600,40593700.0,2022-12-13 05:00:00
94.3571,96.1436,92.8981,94.4861,1670994000,28733600.0,2022-12-14 05:00:00
90.1786,92.9378,89.335,92.4316,1671080400,40107000.0,2022-12-15 05:00:00
89.5831,90.6451,88.8487,90.0794,1671166800,58011800.0,2022-12-16 05:00:00
87.7768,89.8809,87.5485,89.5831,1671426000,29493000.0,2022-12-19 05:00:00
88.3524,88.5112,86.7843,87.4493,1671512400,23453800.0,2022-12-20 05:00:00
88.9082,89.5434,87.6577,88.412,1671598800,24745600.0,2022-12-21 05:00:00
87.1019,87.876,85.6727,87.4989,1671685200,27658300.0,2022-12-22 05:00:00
88.5609,88.8785,86.4171,86.4568,1671771600,23003000.0,2022-12-23 05:00:00
86.7347,88.273,86.3575,88.1341,1672117200,20097300.0,2022-12-27 05:00:00
85.3749,87.3798,85.2955,86.3277,1672203600,19523200.0,2022-12-28 05:00:00
87.7867,88.1837,85.9605,85.9704,1672290000,23333500.0,2022-12-29 05:00:00
87.5684,87.6378,85.9208,86.3277,1672376400,23986300.0,2022-12-30 05:00:00
88.4517,90.3672,87.8562,88.9182,1672722000,28131200.0,2023-01-03 05:00:00
87.4195,89.9702,86.6155,89.6725,1672808400,34854800.0,2023-01-04 05:00:00
85.5536,86.9133,85.2558,86.8141,1672894800,27194400.0,2023-01-05 05:00:00
86.685,87.0324,84.2236,86.1392,1672981200,41381500.0,2023-01-06 05:00:00
87.3599,89.3747,87.2011,87.6974,1673240400,29003900.0,2023-01-09 05:00:00
87.7569,88.0051,85.1864,85.3352,1673326800,30467800.0,2023-01-10 05:00:00
90.8337,90.9131,88.3425,88.5112,1673413200,26862000.0,2023-01-11 05:00:00
90.4466,91.1811,89.077,90.794,1673499600,30258100.0,2023-01-12 05:00:00
91.4292,91.4987,89.4541,90.1687,1673586000,26329200.0,2023-01-13 05:00:00
90.6054,91.5582,89.3747,91.3696,1673931600,32602400.0,2023-01-17 05:00:00
90.4367,92.1041,89.9603,91.449,1674018000,29116700.0,2023-01-18 05:00:00
92.3522,92.908,89.9504,90.0397,1674104400,37000400.0,2023-01-19 05:00:00
97.2849,97.5628,94.3074,94.3868,1674190800,63191100.0,2023-01-20 05:00:00
99.0417,99.2898,96.7688,97.2155,1674450000,40005100.0,2023-01-23 05:00:00
96.9673,98.863,96.4711,97.3643,1674536400,33078500.0,2023-01-24 05:00:00
94.5059,95.4389,93.0569,94.8533,1674622800,42330000.0,2023-01-25 05:00:00
96.7887,96.8383,94.6647,95.7763,1674709200,30114000.0,2023-01-26 05:00:00
98.6248,99.5677,96.5803,96.5803,1674795600,33879800.0,2023-01-27 05:00:00
96.213,97.5529,95.6771,96.749,1675054800,27226200.0,2023-01-30 05:00:00
98.0988,98.1385,96.0939,96.1436,1675141200,29870700.0,2023-01-31 05:00:00
99.6769,100.4312,96.8482,97.9698,1675227600,35531100.0,2023-02-01 05:00:00
106.932,107.0412,104.818,105.0066,1675314000,69883800.0,2023-02-02 05:00:00
103.9942,107.0015,101.8107,102.1581,1675400400,65309300.0,2023-02-03 05:00:00
102.1284,103.5774,101.116,101.6321,1675659600,31999600.0,2023-02-06 05:00:00
106.8328,107.3688,102.3467,102.4459,1675746000,49010200.0,2023-02-07 05:00:00
98.6248,102.3665,97.3048,101.2847,1675832400,94743500.0,2023-02-08 05:00:00
94.2975,99.2799,92.9279,99.2501,1675918800,119455000.0,2023-02-09 05:00:00
93.8608,96.0245,93.5432,94.7342,1676005200,54980700.0,2023-02-10 05:00:00
93.9005,94.4861,93.1363,94.0295,1676264400,50076100.0,2023-02-13 05:00:00
93.97,94.1387,91.5681,93.7219,1676350800,54726100.0,2023-02-14 05:00:00
96.213,96.3917,93.444,93.7814,1676437200,50169000.0,2023-02-15 05:00:00
94.7938,96.9475,94.0295,94.6548,1676523600,42462600.0,2023-02-16 05:00:00
93.6425,94.8434,92.511,94.1387,1676610000,34284100.0,2023-02-17 05:00:00
91.1017,92.4018,91.0322,92.3026,1676955600,33629300.0,2023-02-21 05:00:00
90.9627,91.4193,89.9305,91.0123,1677042000,30884000.0,2023-02-22 05:00:00
90.2084,91.2505,89.0869,91.2307,1677128400,41206400.0,2023-02-23 05:00:00
88.4616,89.2159,87.9157,88.7693,1677214800,36585100.0,2023-02-24 05:00:00
89.1961,89.4839,88.67,89.1961,1677474000,27502300.0,2023-02-27 05:00:00
89.3846,90.5459,88.6502,88.6601,1677560400,30142000.0,2023-02-28 05:00:00
89.6824,90.3474,88.9976,89.3052,1677646800,31111200.0,2023-03-01 05:00:00
91.3101,91.588,88.9181,88.9876,1677733200,32204400.0,2023-03-02 05:00:00
92.9477,93.0271,91.7567,91.7865,1677819600,35160100.0,2023-03-03 05:00:00
94.4166,95.2503,93.2951,93.3149,1678078800,32639300.0,2023-03-06 05:00:00
93.1561,94.9526,92.8286,94.2677,1678165200,27835500.0,2023-03-07 05:00:00
93.5432,95.2404,93.2951,93.4142,1678251600,34103300.0,2023-03-08 05:00:00
91.6277,94.8136,91.2108,93.3447,1678338000,28813500.0,2023-03-09 05:00:00
89.9504,92.0942,89.7221,91.4788,1678424400,35941000.0,2023-03-10 05:00:00
90.4268,91.8758,88.7494,89.4144,1678680000,37335600.0,2023-03-13 04:00:00
93.2653,93.6524,91.7468,91.8659,1678766400,36050200.0,2023-03-14 04:00:00
95.3893,96.2031,91.9453,92.5209,1678852800,50622100.0,2023-03-15 04:00:00
99.5677,100.4312,94.7838,95.4786,1678939200,65492000.0,2023-03-16 04:00:00
100.8579,102.0688,99.3493,99.5081,1679025600,61028500.0,2023-03-17 04:00:00
100.4609,100.987,99.1211,99.3692,1679284800,32960400.0,2023-03-20 04:00:00
104.1332,104.3118,100.4609,100.4907,1679371200,42110300.0,2023-03-21 04:00:00
102.5948,105.7907,102.5551,103.4881,1679457600,43427400.0,2023-03-22 04:00:00
104.8081,105.5028,103.6766,104.2721,1679544000,40797800.0,2023-03-23 04:00:00
104.6493,104.6989,103.0613,104.2027,1679630400,30393300.0,2023-03-24 04:00:00
101.6916,103.9744,101.1656,103.8354,1679889600,31120900.0,2023-03-27 04:00:00
100.2724,101.6817,98.992,101.6718,1679976000,32057900.0,2023-03-28 04:00:00
100.6297,101.7214,99.8952,101.513,1680062400,28779600.0,2023-03-29 04:00:00
100.1334,100.4014,99.0317,100.1533,1680148800,33086200.0,2023-03-30 04:00:00
102.9521,103.1109,100.2823,100.5403,1680235200,36863400.0,2023-03-31 04:00:00
103.5774,103.7461,101.1656,101.6222,1680494400,25035400.0,2023-04-03 04:00:00
103.9347,104.7883,103.2598,103.5476,1680580800,24420100.0,2023-04-04 04:00:00
103.6866,105.3043,102.8826,104.9867,1680667200,28290500.0,2023-04-05 04:00:00
107.6069,108.3513,103.5476,104.4706,1680753600,48711500.0,2023-04-06 04:00:00
105.6418,106.7832,104.3317,106.1777,1681099200,27067400.0,2023-04-10 04:00:00
104.56,105.9296,103.895,105.751,1681185600,26311800.0,2023-04-11 04:00:00
103.8553,105.9495,103.5575,105.7807,1681272000,24370300.0,2023-04-12 04:00:00
106.6244,106.6839,105.0463,105.0463,1681358400,24843600.0,2023-04-13 04:00:00
108.0536,108.1231,106.0388,106.0884,1681444800,26578000.0,2023-04-14 04:00:00
105.1753,105.3639,103.7362,103.8751,1681704000,37571200.0,2023-04-17 04:00:00
103.7163,105.741,103.2896,105.6914,1681790400,26596400.0,2023-04-18 04:00:00
103.3987,104.1927,102.2971,102.8032,1681876800,20905700.0,2023-04-19 04:00:00
104.5004,105.4532,103.0911,103.1308,1681963200,27820800.0,2023-04-20 04:00:00
104.6195,105.2051,103.9943,104.6791,1682049600,25800100.0,2023-04-21 04:00:00
105.1753,105.8304,103.9148,104.6989,1682308800,23542800.0,2023-04-24 04:00:00
103.0712,105.8899,103.0613,105.0364,1682395200,46664100.0,2023-04-25 04:00:00
102.9323,105.5525,101.8604,104.1332,1682481600,53347600.0,2023-04-26 04:00:00
106.7832,107.5573,102.7636,103.6667,1682568000,50089200.0,2023-04-27 04:00:00
106.535,106.545,104.3019,106.2373,1682654400,36139800.0,2023-04-28 04:00:00
106.3961,107.1802,106.0189,106.0388,1682913600,26681700.0,2023-05-01 04:00:00
104.5302,106.3961,102.9323,106.3365,1683000000,30997200.0,2023-05-02 04:00:00
104.6195,106.6839,104.1729,104.7386,1683086400,21795400.0,2023-05-03 04:00:00
103.9049,104.8081,103.1903,104.6989,1683172800,23419500.0,2023-05-04 04:00:00
104.7783,105.086,103.3293,104.0339,1683259200,26639300.0,2023-05-05 04:00:00
106.9618,107.1504,104.3714,104.3912,1683518400,26511400.0,2023-05-08 04:00:00
106.545,109.324,106.3862,107.5772,1683604800,36360100.0,2023-05-09 04:00:00
110.912,112.0931,107.1206,107.1603,1683691200,63153400.0,2023-05-10 04:00:00
115.6958,117.0357,113.552,114.5346,1683777600,78900000.0,2023-05-11 04:00:00
116.6288,117.1449,115.2393,115.805,1683864000,41102300.0,2023-05-12 04:00:00
115.6363,117.5915,115.14,115.2393,1684123200,36266800.0,2023-05-15 04:00:00
118.6138,119.8445,115.5569,115.6164,1684209600,45035600.0,2023-05-16 04:00:00
119.9338,120.7576,117.9984,118.713,1684296000,33323600.0,2023-05-17 04:00:00
121.9089,122.3853,119.9239,120.043,1684382400,35234200.0,2023-05-18 04:00:00
121.8394,125.0254,121.234,122.6235,1684468800,41353400.0,2023-05-19 04:00:00
124.1122,125.4819,121.8196,122.0181,1684728000,35253000.0,2023-05-22 04:00:00
121.6409,123.6954,121.2935,123.2289,1684814400,34046300.0,2023-05-23 04:00:00
119.9934,120.9958,118.9612,120.2117,1684900800,34182600.0,2023-05-24 04:00:00
122.554,124.3802,121.0454,123.5862,1684987200,42317000.0,2023-05-25 04:00:00
123.6755,124.3207,121.5317,122.2463,1685073600,35635900.0,2023-05-26 04:00:00
122.7426,124.7177,121.0851,124.6978,1685419200,35076700.0,2023-05-30 04:00:00
121.9486,123.1297,121.5814,121.8295,1685505600,37325800.0,2023-05-31 04:00:00
122.7922,123.487,121.7005,121.899,1685592000,30772700.0,2023-06-01 04:00:00
123.7351,125.204,122.8319,123.0602,1685678400,26980100.0,2023-06-02 04:00:00
125.065,126.4744,122.9113,123.08,1685937600,32305500.0,2023-06-05 04:00:00
126.3553,127.3279,124.4199,125.0651,1686024000,26638300.0,2023-06-06 04:00:00
121.5814,128.0723,121.2042,126.0178,1686110400,52539000.0,2023-06-07 04:00:00
121.2241,122.3059,120.3308,121.3134,1686196800,29389200.0,2023-06-08 04:00:00
121.3134,122.8319,120.9958,121.3332,1686283200,23778300.0,2023-06-09 04:00:00
122.7128,123.1197,120.7477,121.8692,1686542400,28306400.0,2023-06-12 04:00:00
122.9014,124.2214,122.2563,124.0428,1686628800,22278300.0,2023-06-13 04:00:00
122.7426,123.1198,120.5392,122.1769,1686715200,30592300.0,2023-06-14 04:00:00
124.1519,124.5192,121.4821,122.2166,1686801600,35246300.0,2023-06-15 04:00:00
122.6036,125.1643,122.3555,124.9856,1686888000,45535600.0,2023-06-16 04:00:00
122.1769,123.6358,121.2241,122.0081,1687233600,26097500.0,2023-06-20 04:00:00
119.646,121.7402,119.1994,121.4821,1687320000,30306300.0,2023-06-21 04:00:00
122.2265,122.3158,117.9389,119.1001,1687406400,26952200.0,2023-06-22 04:00:00
121.4226,121.8692,120.1522,120.4698,1687492800,34913600.0,2023-06-23 04:00:00
117.4526,121.0851,117.3831,119.8544,1687752000,33969900.0,2023-06-26 04:00:00
117.4426,118.187,115.2294,116.202,1687838400,39535900.0,2023-06-27 04:00:00
119.2788,119.4872,115.9737,116.2119,1687924800,27091400.0,2023-06-28 04:00:00
118.2069,119.1597,117.4129,118.3458,1688011200,24090900.0,2023-06-29 04:00:00
118.8024,120.172,118.7924,119.2688,1688097600,29532200.0,2023-06-30 04:00:00
119.0009,119.2887,117.929,118.3458,1688356800,14467900.0,2023-07-03 04:00:00
120.837,121.6905,118.3359,118.3458,1688529600,27584800.0,2023-07-05 04:00:00
119.1254,119.3139,117.4295,118.818,1688616000,24745200.0,2023-07-06 04:00:00
118.5006,120.0577,118.4212,119.1155,1688702400,21709500.0,2023-07-07 04:00:00
115.4954,117.3402,115.188,117.3303,1688961600,35315200.0,2023-07-10 04:00:00
116.1798,116.7451,114.4044,115.3367,1689048000,23078800.0,2023-07-11 04:00:00
117.9551,119.3436,117.4394,117.8262,1689134400,30404400.0,2023-07-12 04:00:00
123.5191,123.8068,119.4626,119.9387,1689220800,44297900.0,2023-07-13 04:00:00
124.3919,125.7408,122.4777,123.777,1689307200,33283100.0,2023-07-14 04:00:00
123.6282,126.0581,123.1819,124.9076,1689566400,25716200.0,2023-07-17 04:00:00
122.7455,123.658,121.9521,123.5786,1689652800,26193600.0,2023-07-18 04:00:00
121.0297,124.1539,120.8016,123.5786,1689739200,37224000.0,2023-07-19 04:00:00
118.2229,123.0728,117.2509,120.4247,1689825600,37906800.0,2023-07-20 04:00:00
119.0362,119.9982,117.7567,119.6312,1689912000,72937900.0,2023-07-21 04:00:00
120.5338,121.9917,119.9883,120.6627,1690171200,29686100.0,2023-07-24 04:00:00
121.2082,122.1405,120.028,120.3652,1690257600,52509600.0,2023-07-25 04:00:00
128.2103,129.9063,127.2681,129.0038,1690344000,61682100.0,2023-07-26 04:00:00
128.3392,132.1478,127.7342,130.5906,1690430400,44952100.0,2023-07-27 04:00:00
131.4932,132.6437,129.4997,129.7079,1690516800,36591200.0,2023-07-28 04:00:00
131.6321,132.4354,130.6998,131.642,1690776000,28055500.0,2023-07-31 04:00:00
130.4717,131.5428,129.6088,129.708,1690862400,23166800.0,2023-08-01 04:00:00
127.3277,129.0236,126.5144,128.3889,1690948800,26273300.0,2023-08-02 04:00:00
127.3971,128.3294,126.3755,126.921,1691035200,20089500.0,2023-08-03 04:00:00
127.0598,130.432,126.8615,128.2203,1691121600,26147200.0,2023-08-04 04:00:00
130.4518,130.5312,127.9624,128.1012,1691380800,22746300.0,2023-08-07 04:00:00
130.3229,130.432,128.4781,129.5493,1691467200,23535200.0,2023-08-08 04:00:00
128.5971,130.9576,127.9425,130.5807,1691553600,24912900.0,2023-08-09 04:00:00
128.6269,130.9675,128.3889,130.2435,1691640000,20857800.0,2023-08-10 04:00:00
128.498,128.8649,127.1194,127.6054,1691726400,19591100.0,2023-08-11 04:00:00
130.2534,130.2931,127.9029,128.3293,1691985600,24695600.0,2023-08-14 04:00:00
128.7162,130.3427,128.2203,130.0254,1692072000,19770700.0,2023-08-15 04:00:00
127.645,129.2121,126.8218,127.645,1692158400,25216100.0,2023-08-16 04:00:00
128.855,130.908,128.2302,128.736,1692244800,33446300.0,2023-08-17 04:00:00
126.4152,128.1905,125.344,127.4566,1692331200,30504800.0,2023-08-18 04:00:00
127.3177,127.6748,125.5225,126.1375,1692590400,25248700.0,2023-08-21 04:00:00
128.0219,129.2121,127.2681,127.4566,1692676800,22054900.0,2023-08-22 04:00:00
131.2849,132.3164,128.8054,129.1129,1692763200,27819700.0,2023-08-23 04:00:00
128.7162,133.1495,128.5079,132.852,1692849600,28500700.0,2023-08-24 04:00:00
128.8153,129.6881,126.2069,128.4781,1692936000,26762900.0,2023-08-25 04:00:00
129.9361,131.4535,129.0732,130.2336,1693195200,20543300.0,2023-08-28 04:00:00
133.4669,135.4505,131.156,131.156,1693281600,43075600.0,2023-08-29 04:00:00
134.7661,135.1629,132.971,133.6752,1693368000,28315800.0,2023-08-30 04:00:00
135.0538,136.8688,134.6769,134.8951,1693454400,30053800.0,2023-08-31 04:00:00
134.548,136.3332,133.7446,136.3332,1693540800,21543700.0,2023-09-01 04:00:00
134.6571,135.3018,133.4768,134.3298,1693886400,19403100.0,2023-09-05 04:00:00
133.3578,135.4108,132.5743,134.905,1693972800,18684500.0,2023-09-06 04:00:00
134.1512,134.4686,131.8602,132.4949,1694059200,18844300.0,2023-09-07 04:00:00
135.2621,135.5398,133.7446,133.8041,1694145600,23558300.0,2023-09-08 04:00:00
135.7976,136.353,134.6769,135.4207,1694404800,20763400.0,2023-09-11 04:00:00
134.2306,135.748,134.0818,135.143,1694491200,18405500.0,2023-09-12 04:00:00
135.5894,135.7778,133.0503,133.9826,1694577600,20749500.0,2023-09-13 04:00:00
136.9679,137.563,135.1232,136.472,1694664000,24751000.0,2023-09-14 04:00:00
136.2737,137.3845,135.3612,136.8489,1694750400,38919600.0,2023-09-15 04:00:00
137.0771,138.0193,135.4902,135.4902,1695009600,21861300.0,2023-09-18 04:00:00
136.9085,137.2754,135.5001,136.2935,1695096000,20353700.0,2023-09-19 04:00:00
132.6437,136.9481,132.5247,136.9481,1695182400,29927500.0,2023-09-20 04:00:00
129.3708,131.1461,129.0038,130.3626,1695268800,31503900.0,2023-09-21 04:00:00
129.1823,130.9477,128.5376,129.6881,1695355200,26397300.0,2023-09-22 04:00:00
130.0352,130.0948,127.9029,128.7657,1695614400,20094600.0,2023-09-25 04:00:00
127.5161,129.2914,126.1772,128.7063,1695700800,25718700.0,2023-09-26 04:00:00
129.4699,129.827,127.5161,127.5161,1695787200,22746500.0,2023-09-27 04:00:00
131.2254,132.2073,128.7261,128.7757,1695873600,22513100.0,2023-09-28 04:00:00
129.7873,132.9512,129.2914,132.1875,1695960000,30859800.0,2023-09-29 04:00:00
133.0702,133.3181,130.0948,130.1344,1696219200,22288000.0,2023-10-02 04:00:00
131.3445,133.1595,130.7593,132.8421,1696305600,22989400.0,2023-10-03 04:00:00
134.1314,134.4587,131.4436,131.7015,1696392000,26752300.0,2023-10-04 04:00:00
133.9628,134.3793,132.3561,133.9628,1696478400,19832600.0,2023-10-05 04:00:00
136.4522,137.0275,132.9115,132.9115,1696564800,27597600.0,2023-10-06 04:00:00
137.2853,137.8011,134.4984,135.8175,1696824000,19278100.0,2023-10-09 04:00:00
136.9283,138.5747,136.2043,137.3647,1696910400,27786600.0,2023-10-10 04:00:00
139.3979,139.9533,137.444,137.444,1696996800,25884300.0,2023-10-11 04:00:00
137.8308,140.0624,137.1266,139.8938,1697083200,24765500.0,2023-10-12 04:00:00
136.2341,138.8524,135.5001,138.2375,1697169600,23420500.0,2023-10-13 04:00:00
137.9598,138.4854,136.8589,137.0374,1697428800,28501900.0,2023-10-16 04:00:00
138.5747,138.7532,136.0555,137.4936,1697515200,23515800.0,2023-10-17 04:00:00
136.8291,139.5665,136.2539,138.3069,1697601600,23375000.0,2023-10-18 04:00:00
136.6208,138.5152,136.2539,137.3647,1697688000,26066000.0,2023-10-19 04:00:00
134.4884,136.7398,133.9727,136.2042,1697774400,26335700.0,2023-10-20 04:00:00
135.3811,136.5316,132.852,133.933,1698033600,26317900.0,2023-10-23 04:00:00
137.6721,138.2176,136.2935,136.7002,1698120000,44814300.0,2023-10-24 04:00:00
124.5803,127.2582,124.0448,127.1094,1698206400,84366200.0,2023-10-25 04:00:00
121.2776,123.3108,120.2759,122.2595,1698292800,57061100.0,2023-10-26 04:00:00
121.1685,122.2992,119.2246,121.8727,1698379200,44566500.0,2023-10-27 04:00:00
123.4398,124.3721,121.7438,122.2,1698638400,28940100.0,2023-10-30 04:00:00
123.0629,124.3423,121.6843,124.0348,1698724800,26292300.0,2023-10-31 04:00:00
125.4135,125.4531,122.7058,123.053,1698811200,30082400.0,2023-11-01 04:00:00
126.4449,127.9227,125.8895,127.3673,1698897600,27124600.0,2023-11-02 04:00:00
128.0418,128.4682,126.8119,126.9706,1698984000,26393100.0,2023-11-03 04:00:00
129.1823,129.2716,127.6152,127.9921,1699246800,19052700.0,2023-11-06 05:00:00
129.8964,130.8287,128.8153,129.6385,1699333200,29757300.0,2023-11-07 05:00:00
130.7593,131.1263,129.708,129.8964,1699419600,26425800.0,2023-11-08 05:00:00
129.1724,131.4635,129.0038,130.8783,1699506000,23747800.0,2023-11-09 05:00:00
131.5031,131.7114,128.3492,129.0336,1699592400,26913300.0,2023-11-10 05:00:00
131.0072,131.5031,130.1741,130.6998,1699851600,18324800.0,2023-11-13 05:00:00
132.5247,134.5876,132.2271,133.09,1699938000,32395200.0,2023-11-14 05:00:00
133.5165,133.9231,132.4751,133.7644,1700024400,23861500.0,2023-11-15 05:00:00
135.8076,136.0952,133.219,134.0818,1700110800,28013200.0,2023-11-16 05:00:00
134.2008,134.9447,132.5544,134.8852,1700197200,37240600.0,2023-11-17 05:00:00
135.1331,135.5398,132.5247,132.5941,1700456400,27815500.0,2023-11-20 05:00:00
135.8472,136.0555,134.8455,135.1728,1700542800,22635300.0,2023-11-21 05:00:00
137.3548,138.2771,136.3431,136.3431,1700629200,17813900.0,2023-11-22 05:00:00
135.5695,136.9977,134.8753,136.8985,1700802000,12514300.0,2023-11-24 05:00:00
135.2918,137.2853,134.8852,134.9149,1701061200,23436500.0,2023-11-27 05:00:00
136.0753,136.1249,134.3099,134.9645,1701147600,18730000.0,2023-11-28 05:00:00
133.8835,137.1564,133.7347,136.4423,1701234000,23967200.0,2023-11-29 05:00:00
131.4436,134.4389,130.2039,133.943,1701320400,38988300.0,2023-11-30 05:00:00
130.7791,131.027,129.5989,130.7791,1701406800,31442300.0,2023-12-01 05:00:00
128.2103,128.9641,126.8516,128.8153,1701666000,36669900.0,2023-12-04 05:00:00
129.9162,131.0568,127.1987,127.893,1701752400,27384800.0,2023-12-05 05:00:00
128.9542,130.7593,128.8154,130.3626,1701838800,23576200.0,2023-12-06 05:00:00
135.8076,137.4242,133.5958,133.933,1701925200,56767100.0,2023-12-07 05:00:00
133.8835,135.2819,132.9313,133.0999,1702011600,32260100.0,2023-12-08 05:00:00
132.1974,132.247,130.2832,131.2948,1702270800,31138000.0,2023-12-11 05:00:00
131.4337,131.9098,130.184,130.7295,1702357200,29032800.0,2023-12-12 05:00:00
131.4833,132.4057,130.4915,132.2867,1702443600,30104800.0,2023-12-13 05:00:00
130.8584,132.6239,128.6269,132.2866,1702530000,38722400.0,2023-12-14 05:00:00
131.5131,132.4156,130.1047,130.5411,1702616400,50847100.0,2023-12-15 05:00:00
134.6868,136.0257,131.3444,131.5428,1702875600,32258000.0,2023-12-18 05:00:00
135.5298,136.3431,134.9645,135.7183,1702962000,25476800.0,2023-12-19 05:00:00
137.206,140.5385,136.9382,137.8308,1703048400,49107200.0,2023-12-20 05:00:00
139.269,139.5368,138.0391,138.3466,1703134800,27488300.0,2023-12-21 05:00:00
140.3302,140.8261,139.5566,139.6161,1703221200,26532200.0,2023-12-22 05:00:00
140.3599,141.5104,140.0326,140.4294,1703566800,16780300.0,2023-12-26 05:00:00
139.2193,140.9153,138.7433,140.4293,1703653200,19628600.0,2023-12-27 05:00:00
139.0805,139.983,138.6044,139.626,1703739600,16045700.0,2023-12-28 05:00:00
138.5449,139.2094,137.6424,138.4854,1703826000,18733000.0,2023-12-29 05:00:00
137.0374,138.3069,135.3612,137.4143,1704171600,23711200.0,2024-01-02 05:00:00
137.7812,138.4854,135.9563,136.1249,1704258000,24212100.0,2024-01-03 05:00:00
135.272,138.0193,135.2323,137.2853,1704344400,27137700.0,2024-01-04 05:00:00
134.6174,136.0357,134.0422,135.629,1704430800,22513900.0,2024-01-05 05:00:00
137.7019,137.8705,135.143,135.1728,1704690000,21404000.0,2024-01-08 05:00:00
139.7946,140.3302,137.0176,137.3647,1704776400,24759600.0,2024-01-09 05:00:00
141.1137,141.8278,139.7549,139.8442,1704862800,21320200.0,2024-01-10 05:00:00
140.9153,144.0296,139.4871,142.3138,1704949200,24008700.0,2024-01-11 05:00:00
141.4807,142.0262,140.6575,141.5005,1705035600,18785500.0,2024-01-12 05:00:00
141.322,143.1667,140.2905,140.836,1705381200,22670500.0,2024-01-16 05:00:00
140.3103,140.6773,137.7614,140.1913,1705467600,20968600.0,2024-01-17 05:00:00
142.3039,143.0279,140.8261,140.8856,1705554000,25746400.0,2024-01-18 05:00:00
145.1801,145.2495,143.1965,143.5535,1705640400,34271900.0,2024-01-19 05:00:00
144.7933,147.1736,144.6445,145.8942,1705899600,32200400.0,2024-01-22 05:00:00
145.8347,145.9735,144.3073,144.6941,1705986000,21636100.0,2024-01-23 05:00:00
147.4811,148.6216,146.886,147.3224,1706072400,25233500.0,2024-01-24 05:00:00
150.6251,151.7954,148.3142,148.8398,1706158800,29149100.0,2024-01-25 05:00:00
150.9425,151.2896,149.7721,149.8614,1706245200,26115500.0,2024-01-26 05:00:00
152.2516,152.5194,150.1887,150.8135,1706504400,27784300.0,2024-01-29 05:00:00
150.2185,152.3607,149.9507,151.5475,1706590800,36331800.0,2024-01-30 05:00:00
138.9516,142.8196,138.7235,142.4427,1706677200,71910000.0,2024-01-31 05:00:00
140.0029,141.8873,139.6359,140.955,1706763600,40466500.0,2024-02-01 05:00:00
141.2129,141.4509,135.3811,138.1184,1706850000,62499600.0,2024-02-02 05:00:00
142.5022,144.2776,141.6096,141.6493,1707109200,38505400.0,2024-02-05 05:00:00
142.9188,144.1685,142.0162,143.4643,1707195600,29128200.0,2024-02-06 05:00:00
144.347,144.4263,142.7502,143.5734,1707282000,25208900.0,2024-02-07 05:00:00
144.7139,145.1305,143.9106,144.6346,1707368400,22563800.0,2024-02-08 05:00:00
147.7786,148.215,144.9817,145.4776,1707454800,26829500.0,2024-02-09 05:00:00
146.3206,148.1158,146.162,147.2034,1707714000,21564100.0,2024-02-12 05:00:00
143.9503,145.4677,142.5122,143.7321,1707800400,27837700.0,2024-02-13 05:00:00
144.7437,145.3189,142.9088,144.8825,1707886800,22704200.0,2024-02-14 05:00:00
141.5997,142.3435,139.3086,141.9666,1707973200,37590700.0,2024-02-15 05:00:00
139.3681,142.0162,138.9912,141.8179,1708059600,31468900.0,2024-02-16 05:00:00
139.9632,140.9153,138.3466,138.5152,1708405200,25144700.0,2024-02-20 05:00:00
141.3815,141.5204,139.5268,140.2905,1708491600,23223300.0,2024-02-21 05:00:00
142.9088,143.8114,141.6294,143.7419,1708578000,27191900.0,2024-02-22 05:00:00
142.7799,143.494,142.2543,142.4923,1708664400,19493800.0,2024-02-23 05:00:00
136.4423,141.2724,136.2638,140.9748,1708923600,53641800.0,2024-02-26 05:00:00
137.7416,138.1085,135.9662,136.8886,1709010000,33099200.0,2024-02-27 05:00:00
135.2621,136.8787,134.3,136.7696,1709096400,37328600.0,2024-02-28 05:00:00
137.325,137.7217,135.2819,136.1547,1709182800,42133000.0,2024-02-29 05:00:00
136.0158,137.7316,135.7976,137.2952,1709269200,31151100.0,2024-03-01 05:00:00
132.2569,134.548,130.8287,134.548,1709528400,55999400.0,2024-03-04 05:00:00
131.5825,132.1478,129.5989,130.799,1709614800,40194800.0,2024-03-05 05:00:00
130.3229,132.485,129.7774,132.0288,1709701200,35318600.0,2024-03-06 05:00:00
133.2785,133.8339,130.5312,131.7015,1709787600,37738200.0,2024-03-07 05:00:00
134.3,136.9581,132.9016,133.1099,1709874000,39370400.0,2024-03-08 05:00:00
136.5415,137.9598,135.0141,135.0141,1710129600,32437800.0,2024-03-11 04:00:00
137.3647,138.2375,135.9067,135.9067,1710216000,27563400.0,2024-03-12 04:00:00
138.6441,139.9335,137.8507,137.8606,1710302400,23347200.0,2024-03-13 04:00:00
141.927,142.413,139.3086,140.0326,1710388800,42753400.0,2024-03-14 04:00:00
140.0227,142.0063,138.8821,141.3319,1710475200,49475400.0,2024-03-15 04:00:00
146.4694,150.9028,145.9636,147.3918,1710734400,69273700.0,2024-03-18 04:00:00
145.8248,147.5704,144.8826,146.9455,1710820800,24070400.0,2024-03-19 04:00:00
147.5208,147.6398,145.5371,146.7868,1710907200,21311500.0,2024-03-20 04:00:00
146.3901,149.1374,145.6958,148.2448,1710993600,24755600.0,2024-03-21 04:00:00
149.5341,150.3375,147.7588,147.8976,1711080000,29211800.0,2024-03-22 04:00:00
148.8398,149.1473,146.6083,148.7109,1711339200,19229300.0,2024-03-25 04:00:00
149.4349,151.0119,148.7506,148.9886,1711425600,22149100.0,2024-03-26 04:00:00
149.6333,150.3969,147.6794,149.9407,1711512000,22879200.0,2024-03-27 04:00:00
149.6928,150.1887,148.939,149.6135,1711598400,24485400.0,2024-03-28 04:00:00
154.2154,154.4633,149.3754,149.4547,1711944000,31730800.0,2024-04-01 04:00:00
153.293,153.4319,150.9028,152.2417,1712030400,24586000.0,2024-04-02 04:00:00
153.6501,153.8088,151.478,152.3409,1712116800,24705000.0,2024-04-03 04:00:00
149.2961,153.5013,149.2167,152.2417,1712203200,34724700.0,2024-04-04 04:00:00
151.2499,152.1624,148.3737,148.8002,1712289600,23459200.0,2024-04-05 04:00:00
153.5807,153.9972,151.359,151.5276,1712548800,20702000.0,2024-04-08 04:00:00
155.3163,157.2602,153.9179,154.8105,1712635200,31079500.0,2024-04-09 04:00:00
154.8601,155.3262,153.4121,154.9295,1712721600,22838600.0,2024-04-10 04:00:00
158.1033,158.3711,155.1775,155.6238,1712808000,27166400.0,2024-04-11 04:00:00
156.4371,158.9067,155.8519,156.6652,1712894400,25353700.0,2024-04-12 04:00:00
153.5906,157.9347,153.3228,157.5578,1713153600,27136500.0,2024-04-15 04:00:00
153.1343,154.3741,152.1723,152.9261,1713240000,20779500.0,2024-04-16 04:00:00
154.1956,155.7924,153.3129,154.3443,1713326400,21763100.0,2024-04-17 04:00:00
154.7312,155.6535,153.3526,154.0666,1713412800,19883000.0,2024-04-18 04:00:00
152.8269,155.0783,151.0516,154.9196,1713499200,32615600.0,2024-04-19 04:00:00
154.9989,156.3478,152.7971,153.0451,1713758400,26446200.0,2024-04-22 04:00:00
156.9627,157.6669,154.9989,155.6734,1713844800,21151600.0,2024-04-23 04:00:00
157.8256,158.262,155.8816,156.199,1713931200,22779100.0,2024-04-24 04:00:00
154.7212,155.2072,149.6333,150.0895,1714017600,57109700.0,2024-04-25 04:00:00
170.5405,173.2779,168.2593,172.9406,1714104000,64665300.0,2024-04-26 04:00:00
164.788,168.1602,163.8557,167.6742,1714363200,45610000.0,2024-04-29 04:00:00
161.4457,166.7221,161.2671,164.2525,1714449600,33562900.0,2024-04-30 04:00:00
162.5168,165.7501,161.7531,162.9532,1714536000,33493200.0,2024-05-01 04:00:00
165.2542,165.3632,162.5465,163.4391,1714622400,24294500.0,2024-05-02 04:00:00
165.8691,166.5832,161.7135,166.1865,1714708800,34662400.0,2024-05-03 04:00:00
166.7221,166.7617,164.669,166.0873,1714968000,21871300.0,2024-05-06 04:00:00
169.8462,170.352,167.0097,167.1187,1715054400,28039700.0,2024-05-07 04:00:00
167.9916,168.7552,167.3568,167.6147,1715140800,19569100.0,2024-05-08 04:00:00
168.5668,169.2908,166.8014,168.0015,1715227200,15346700.0,2024-05-09 04:00:00
167.2675,168.4577,164.8277,166.6526,1715313600,29799900.0,2024-05-10 04:00:00
167.7535,167.8924,162.6557,162.9135,1715572800,31327600.0,2024-05-13 04:00:00
168.9437,169.8462,167.4163,168.3784,1715659200,25127100.0,2024-05-14 04:00:00
171.0959,171.2347,169.1123,169.2313,1715745600,26948400.0,2024-05-15 04:00:00
172.7522,173.6845,171.2744,171.8695,1715832000,27867900.0,2024-05-16 04:00:00
174.6168,174.8251,172.2662,172.7522,1715918400,24479300.0,2024-05-17 04:00:00
175.4698,177.3046,174.6366,174.7457,1716177600,22554400.0,2024-05-20 04:00:00
176.3921,176.6896,174.3688,175.4499,1716264000,16989400.0,2024-05-21 04:00:00
174.9342,175.6979,173.7738,175.192,1716350400,17880000.0,2024-05-22 04:00:00
172.1274,176.7889,171.5323,175.6185,1716436800,21024900.0,2024-05-23 04:00:00
173.5556,174.3292,172.2266,173.5457,1716523200,16579400.0,2024-05-24 04:00:00
174.954,175.8169,172.9407,173.02,1716868800,20572200.0,2024-05-28 04:00:00
174.4581,175.3904,173.2878,173.992,1716955200,23388700.0,2024-05-29 04:00:00
170.6992,173.7837,170.3818,173.7638,1717041600,22931500.0,2024-05-30 04:00:00
171.086,171.6414,168.0511,170.4512,1717128000,37638900.0,2024-05-31 04:00:00
171.7505,173.0993,169.757,171.1256,1717387200,27459100.0,2024-06-03 04:00:00
172.3654,172.4249,170.481,171.8596,1717473600,26879600.0,2024-06-04 04:00:00
173.9721,175.2019,172.5042,173.7638,1717560000,22068500.0,2024-06-05 04:00:00
175.2813,175.6979,174.3093,174.4581,1717646400,23251000.0,2024-06-06 04:00:00
173.0299,176.4119,172.8712,175.5987,1717732800,19661400.0,2024-06-07 04:00:00
173.7746,175.8101,171.5405,173.7349,1717992000,23726700.0,2024-06-10 04:00:00
175.3732,175.5917,172.5434,174.9761,1718078400,21540600.0,2024-06-11 04:00:00
176.535,179.1365,174.8668,176.9917,1718164800,27864700.0,2024-06-12 04:00:00
173.9236,175.4924,173.6455,174.8668,1718251200,20913300.0,2024-06-13 04:00:00
175.542,175.8101,172.9207,172.9902,1718337600,18063600.0,2024-06-14 04:00:00
175.9889,177.101,173.576,174.2214,1718596800,19618500.0,2024-06-17 04:00:00
173.854,176.1378,172.871,175.8896,1718683200,21869900.0,2024-06-18 04:00:00
175.0555,176.0385,173.7548,174.1321,1718856000,20160100.0,2024-06-20 04:00:00
178.362,179.5734,175.3633,175.7506,1718942400,57759000.0,2024-06-21 04:00:00
177.9549,179.6131,177.4088,178.8882,1719201600,18298000.0,2024-06-24 04:00:00
182.7309,182.9891,178.1535,178.3521,1719288000,23130200.0,2024-06-25 04:00:00
182.582,183.2076,181.1919,181.3408,1719374400,19839000.0,2024-06-26 04:00:00
184.1012,184.7367,182.721,182.8799,1719460800,18848900.0,2024-06-27 04:00:00
180.8642,183.8232,180.6756,183.0189,1719547200,29156600.0,2024-06-28 04:00:00
181.6983,182.582,180.0202,181.738,1719806400,16006100.0,2024-07-01 04:00:00
183.9324,184.2601,180.2784,180.7649,1719892800,17372500.0,2024-07-02 04:00:00
184.5083,184.7764,182.7012,183.5452,1719979200,10242100.0,2024-07-03 04:00:00
189.2546,189.5127,184.4884,184.548,1720152000,20967500.0,2024-07-05 04:00:00
187.6956,188.8276,186.4545,188.5595,1720411200,21035900.0,2024-07-08 04:00:00
187.646,190.0092,187.3879,188.9666,1720497600,15121400.0,2024-07-09 04:00:00
189.8305,190.3964,187.6956,187.8148,1720584000,15952500.0,2024-07-10 04:00:00
184.2601,189.5127,183.7735,188.5099,1720670400,25625800.0,2024-07-11 04:00:00
183.7636,185.7892,183.1877,183.7735,1720756800,22898400.0,2024-07-12 04:00:00
185.2133,186.9112,183.6147,183.6147,1721016000,16474000.0,2024-07-15 04:00:00
182.6217,187.3481,182.0756,186.0374,1721102400,18290700.0,2024-07-16 04:00:00
179.7422,182.2543,178.6301,181.6784,1721188800,20734100.0,2024-07-17 04:00:00
176.4357,181.2117,175.2243,180.6458,1721275200,25315700.0,2024-07-18 04:00:00
176.4059,179.0174,175.8797,177.6173,1721361600,18881900.0,2024-07-19 04:00:00
180.3876,181.4103,178.9578,179.3152,1721620800,24100300.0,2024-07-22 04:00:00
180.5067,182.3139,180.2585,180.7649,1721707200,36352700.0,2024-07-23 04:00:00
171.4114,174.9463,170.6071,172.3746,1721793600,49585200.0,2024-07-24 04:00:00
166.0992,172.1958,166.0098,171.3022,1721880000,44852000.0,2024-07-25 04:00:00
165.8212,166.9035,162.9019,165.9701,1721966400,41336900.0,2024-07-26 04:00:00
168.3333,169.2269,166.8042,167.6382,1722225600,20293800.0,2024-07-29 04:00:00
169.0879,170.0213,167.251,169.0383,1722312000,18959700.0,2024-07-30 04:00:00
170.3291,173.02,168.8099,172.0171,1722398400,25729100.0,2024-07-31 04:00:00
169.5546,172.8214,167.6879,169.0482,1722484800,24531400.0,2024-08-01 04:00:00
165.4836,167.3205,163.5076,165.2651,1722571200,29130100.0,2024-08-02 04:00:00
158.1259,163.2693,153.8364,154.4023,1722830400,53630700.0,2024-08-05 04:00:00
157.1726,159.4366,155.3059,158.2053,1722916800,49004600.0,2024-08-06 04:00:00
157.818,161.8295,157.3514,160.1117,1723003200,25138600.0,2024-08-07 04:00:00
160.8862,162.5345,159.0791,159.377,1723089600,25578800.0,2024-08-08 04:00:00
162.5147,162.6338,157.9372,158.8805,1723176000,28602300.0,2024-08-09 04:00:00
161.1444,163.736,160.6976,163.1898,1723435200,15895300.0,2024-08-12 04:00:00
163.0012,163.5672,161.8196,162.2565,1723521600,18551700.0,2024-08-13 04:00:00
159.2379,162.0678,156.5967,161.2536,1723608000,40591100.0,2024-08-14 04:00:00
160.1614,160.499,158.4833,159.367,1723694400,31524300.0,2024-08-15 04:00:00
161.8097,163.8948,159.9926,160.3302,1723780800,24208600.0,2024-08-16 04:00:00
165.4935,165.5133,163.1005,164.1133,1724040000,22416200.0,2024-08-19 04:00:00
165.9999,167.4496,165.6424,165.7219,1724126400,18341500.0,2024-08-20 04:00:00
164.6793,165.6722,163.5076,163.9842,1724212800,22902000.0,2024-08-21 04:00:00
162.6438,166.407,162.1572,166.0793,1724299200,22493300.0,2024-08-22 04:00:00
164.4509,165.0069,162.6735,163.5572,1724385600,13955700.0,2024-08-23 04:00:00
164.9871,166.3672,163.2991,165.2055,1724644800,14190400.0,2024-08-26 04:00:00
163.5175,165.2651,163.2991,164.6693,1724731200,11821900.0,2024-08-27 04:00:00
161.7005,164.4311,160.3898,163.875,1724817600,16407400.0,2024-08-28 04:00:00
160.638,164.7984,159.1188,163.1501,1724904000,19699800.0,2024-08-29 04:00:00
162.2267,162.5048,160.5487,161.4721,1724990400,22123800.0,2024-08-30 04:00:00
156.2492,160.7075,155.3754,160.5784,1725336000,38945300.0,2024-09-03 04:00:00
155.3456,157.8776,154.8591,155.5542,1725422400,19353800.0,2024-09-04 04:00:00
156.13,158.3244,154.8789,155.1967,1725508800,18688700.0,2024-09-05 04:00:00
149.8547,156.7159,149.4873,156.1896,1725595200,37912100.0,2024-09-06 04:00:00
147.8562,152.5193,146.3748,151.6344,1725854400,39260500.0,2024-09-09 04:00:00
147.8065,150.4015,147.4883,149.5862,1725940800,31118800.0,2024-09-10 04:00:00
150.2921,150.6302,146.673,149.0593,1726027200,29607700.0,2024-09-11 04:00:00
153.8019,153.9311,151.7736,152.917,1726113600,29621500.0,2024-09-12 04:00:00
156.556,157.4707,154.3189,154.5376,1726200000,29591200.0,2024-09-13 04:00:00
157.1525,157.3414,155.7009,156.4068,1726459200,18379800.0,2024-09-16 04:00:00
158.4053,159.6282,157.4707,158.107,1726545600,20715600.0,2024-09-17 04:00:00
158.8925,159.5785,157.6894,158.9422,1726632000,23677300.0,2024-09-18 04:00:00
161.2091,162.8496,160.4137,162.7701,1726718400,26587700.0,2024-09-19 04:00:00
162.6508,162.79,161.1296,162.5613,1726804800,40896400.0,2024-09-20 04:00:00
160.9208,164.5399,160.7418,163.4064,1727064000,24150900.0,2024-09-23 04:00:00
161.3582,162.2829,159.7674,162.094,1727150400,23332100.0,2024-09-24 04:00:00
160.5628,161.8752,160.3739,160.5429,1727236800,18869200.0,2024-09-25 04:00:00
161.7957,163.138,161.3483,162.7005,1727323200,20319300.0,2024-09-26 04:00:00
163.0087,164.7487,161.6963,161.8753,1727409600,21101300.0,2024-09-27 04:00:00
164.8978,165.1961,162.3227,162.3823,1727668800,20413900.0,2024-09-30 04:00:00
166.0312,168.1888,163.6351,166.7272,1727755200,28338100.0,2024-10-01 04:00:00
164.9077,166.5582,163.7842,165.4645,1727841600,17760200.0,2024-10-02 04:00:00
164.9077,165.6833,162.9789,163.4661,1727928000,15073100.0,2024-10-03 04:00:00
166.1009,167.2641,164.5299,167.0951,1728014400,19047400.0,2024-10-04 04:00:00
162.0443,167.5127,161.8156,166.7571,1728273600,22463100.0,2024-10-07 04:00:00
163.4362,163.7842,161.9349,162.9988,1728360000,23072700.0,2024-10-08 04:00:00
160.9307,163.8936,158.8229,162.5116,1728446400,31181800.0,2024-10-09 04:00:00
161.1494,162.1338,159.4791,159.9464,1728532800,14144100.0,2024-10-10 04:00:00
162.3028,162.959,160.3143,161.1992,1728619200,15344300.0,2024-10-11 04:00:00
164.0129,165.2756,162.4619,162.7005,1728878400,19016100.0,2024-10-14 04:00:00
164.51,166.7173,163.6848,164.8381,1728964800,20247200.0,2024-10-15 04:00:00
164.2118,164.8481,162.7999,163.5854,1729051200,16406000.0,2024-10-16 04:00:00
161.9946,165.4148,161.8255,164.7785,1729137600,21453400.0,2024-10-17 04:00:00
162.4818,163.7644,162.1437,162.2531,1729224000,19757700.0,2024-10-18 04:00:00
163.128,163.5555,161.6863,162.0144,1729483200,20946500.0,2024-10-21 04:00:00
164.1919,164.8183,162.0443,162.0443,1729569600,16568100.0,2024-10-22 04:00:00
161.8454,164.868,161.0003,163.814,1729656000,18280500.0,2024-10-23 04:00:00
161.7858,162.3923,160.0856,161.8951,1729742400,22412500.0,2024-10-24 04:00:00
164.3211,164.6393,162.4817,162.7303,1729828800,19828900.0,2024-10-25 04:00:00
165.7628,167.7811,163.0087,167.7811,1730088000,32138600.0,2024-10-28 04:00:00
168.7058,169.4018,166.1307,166.767,1730174400,42169000.0,2024-10-29 04:00:00
173.4584,180.975,173.0606,179.6426,1730260800,68890800.0,2024-10-30 04:00:00
170.1276,175.8048,170.0182,172.136,1730347200,44769000.0,2024-10-31 04:00:00
170.3066,171.3307,167.9104,169.0936,1730433600,31796500.0,2024-11-01 04:00:00
168.2683,169.7498,167.0454,168.9544,1730696400,21492700.0,2024-11-04 05:00:00
168.7655,169.5509,167.8706,168.4572,1730782800,18242100.0,2024-11-05 05:00:00
175.4966,175.9241,172.5039,172.8022,1730869200,33695500.0,2024-11-06 05:00:00
179.7123,180.0404,176.1727,176.3914,1730955600,25352900.0,2024-11-07 05:00:00
177.326,179.8614,177.0576,179.6128,1731042000,22006200.0,2024-11-08 05:00:00
179.3145,179.5134,177.4453,177.5547,1731301200,17450400.0,2024-11-11 05:00:00
180.5772,181.4423,178.36,178.7876,1731387600,25134900.0,2024-11-12 05:00:00
177.853,179.921,177.5149,179.4239,1731474000,23184000.0,2024-11-13 05:00:00
174.5719,177.7933,173.3192,177.2564,1731560400,31007500.0,2024-11-14 05:00:00
171.4997,173.1402,170.237,172.7326,1731646800,32504600.0,2024-11-15 05:00:00
174.2935,174.4327,171.9073,172.4243,1731906000,20135300.0,2024-11-18 05:00:00
177.0973,177.843,172.5635,172.7226,1731992400,23434900.0,2024-11-19 05:00:00
174.9696,176.6599,172.7823,176.3218,1732078800,18997100.0,2024-11-20 05:00:00
166.6676,173.1303,162.7601,172.9016,1732165200,59734400.0,2024-11-21 05:00:00
163.814,165.5043,162.959,164.8978,1732251600,38604600.0,2024-11-22 05:00:00
166.6875,167.6618,164.6592,165.1364,1732510800,33135300.0,2024-11-25 05:00:00
168.149,168.845,166.6179,166.6676,1732597200,20486700.0,2024-11-26 05:00:00
168.2584,168.507,167.0553,168.0297,1732683600,19266500.0,2024-11-27 05:00:00
167.98,168.4572,166.2003,167.5326,1732856400,14257200.0,2024-11-29 05:00:00
170.5054,171.092,167.6022,167.801,1733115600,23789100.0,2024-12-02 05:00:00
170.3563,171.6886,169.8691,170.5054,1733202000,22248700.0,2024-12-03 05:00:00
173.3689,173.9058,170.0779,170.1674,1733288400,31615100.0,2024-12-04 05:00:00
171.6488,175.0492,171.3406,174.3532,1733374800,21356200.0,2024-12-05 05:00:00
173.7069,174.0748,170.8733,171.0423,1733461200,21462400.0,2024-12-06 05:00:00
174.563,175.4489,172.8509,173.1595,1733720400,25389600.0,2024-12-09 05:00:00
184.3179,185.5024,180.2168,182.0086,1733806800,54813000.0,2024-12-10 05:00:00
194.5008,194.7098,183.9994,184.4572,1733893200,67894100.0,2024-12-11 05:00:00
191.0766,194.2818,190.8278,194.1026,1733979600,34817500.0,2024-12-12 05:00:00
188.9465,191.8431,188.7673,190.131,1734066000,25143500.0,2024-12-13 05:00:00
195.755,198.0842,191.7336,191.9824,1734325200,44934900.0,2024-12-16 05:00:00
194.5207,200.4931,194.0827,196.3423,1734411600,43504000.0,2024-12-17 05:00:00
187.533,196.0934,186.876,194.3216,1734498000,34166100.0,2024-12-18 05:00:00
187.6425,192.1417,187.5131,190.7482,1734584400,32265200.0,2024-12-19 05:00:00
190.5291,192.0023,184.3676,184.925,1734670800,63462900.0,2024-12-20 05:00:00
193.7343,194.2022,189.2749,191.7336,1734930000,25675000.0,2024-12-23 05:00:00
195.2075,195.2075,192.8883,193.9434,1735016400,10403300.0,2024-12-24 05:00:00
194.6999,195.8446,193.4855,194.2519,1735189200,12046600.0,2024-12-26 05:00:00
191.8729,194.4212,189.7726,194.0528,1735275600,18891400.0,2024-12-27 05:00:00
190.3599,191.6639,188.2497,188.9265,1735534800,14264700.0,2024-12-30 05:00:00
188.4289,191.0766,187.6425,190.2007,1735621200,17466900.0,2024-12-31 05:00:00
188.5583,191.1164,186.6371,189.7726,1735794000,20370800.0,2025-01-02 05:00:00
190.9074,192.3209,189.1057,190.4893,1735880400,18596200.0,2025-01-03 05:00:00
195.964,197.3078,192.9579,193.0873,1736139600,29563600.0,2025-01-06 05:00:00
194.5904,200.075,193.7045,196.2029,1736226000,26487200.0,2025-01-07 05:00:00
193.0575,195.3867,191.4947,191.6838,1736312400,24864800.0,2025-01-08 05:00:00
191.1563,195.6157,189.4342,193.4059,1736485200,26665200.0,2025-01-10 05:00:00
190.131,190.3002,186.4978,189.1953,1736744400,21823700.0,2025-01-13 05:00:00
188.7872,191.0965,187.4434,190.3599,1736830800,17174900.0,2025-01-14 05:00:00
194.6501,195.4564,190.9771,192.2014,1736917200,21776000.0,2025-01-15 05:00:00
192.0223,194.5804,191.9227,193.2466,1737003600,17815400.0,2025-01-16 05:00:00
195.098,196.3224,192.8584,195.6256,1737090000,27735100.0,2025-01-17 05:00:00
197.1386,201.3591,196.9594,198.1539,1737435600,29971300.0,2025-01-21 05:00:00
197.4571,199.5574,196.621,198.1439,1737522000,26200600.0,2025-01-22 05:00:00
197.0689,199.3782,194.3017,197.2282,1737608400,26951400.0,2025-01-23 05:00:00
199.2887,199.9755,197.0888,197.1884,1737694800,23877500.0,2025-01-24 05:00:00
190.9273,195.974,189.8523,191.5246,1737954000,41728900.0,2025-01-27 05:00:00
194.4013,194.5804,189.8025,191.863,1738040400,24157900.0,2025-01-28 05:00:00
194.5108,195.8844,192.5399,194.6601,1738126800,18218300.0,2025-01-29 05:00:00
199.9456,200.4732,196.7603,197.0888,1738213200,24354700.0,2025-01-30 05:00:00
203.0811,204.5344,200.8714,201.0704,1738299600,32001100.0,2025-01-31 05:00:00
200.304,202.8124,199.1792,199.7664,1738558800,27838300.0,2025-02-03 05:00:00
205.4303,206.0972,201.8767,202.454,1738645200,43856400.0,2025-02-04 05:00:00
190.4495,191.863,187.1647,190.1907,1738731600,70373900.0,2025-02-05 05:00:00
190.7183,191.216,187.8515,188.628,1738818000,29297400.0,2025-02-06 05:00:00
184.4871,190.3002,182.3968,190.1708,1738904400,49315000.0,2025-02-07 05:00:00
185.6119,187.3339,185.0047,186.4878,1739163600,23105600.0,2025-02-10 05:00:00
184.4672,186.0797,183.432,184.1785,1739250000,21239500.0,2025-02-11 05:00:00
182.7651,184.2582,180.9933,182.3769,1739336400,22072600.0,2025-02-12 05:00:00
185.2834,185.4228,182.2972,183.4718,1739422800,21402500.0,2025-02-13 05:00:00
184.3776,185.5422,183.4718,184.2084,1739509200,20448400.0,2025-02-14 05:00:00
182.9243,185.1042,180.9036,184.7459,1739854800,29916700.0,2025-02-18 05:00:00
184.4174,184.6065,182.7451,183.2229,1739941200,19549400.0,2025-02-19 05:00:00
183.7107,184.4572,181.8791,183.9496,1740027600,20441500.0,2025-02-20 05:00:00
178.8332,184.4871,178.2559,184.298,1740114000,35199200.0,2025-02-21 05:00:00
178.4251,182.2773,178.0668,181.1525,1740373200,29854200.0,2025-02-24 05:00:00
174.6127,177.9175,173.8861,177.2207,1740459600,41913400.0,2025-02-25 05:00:00
171.9351,175.2697,170.7904,174.2643,1740546000,35431300.0,2025-02-26 05:00:00
167.7246,173.7567,167.1672,173.1893,1740632400,39991000.0,2025-02-27 05:00:00
169.4964,169.8249,166.0025,167.9037,1740718800,48130600.0,2025-02-28 05:00:00
166.2414,172.5722,165.1664,171.1388,1740978000,40770500.0,2025-03-03 05:00:00
170.1335,172.4925,165.037,165.475,1741064400,45388000.0,2025-03-04 05:00:00
172.2238,172.9803,168.282,169.7353,1741150800,30954900.0,2025-03-05 05:00:00
171.5569,174.0055,169.7154,169.7452,1741237200,28302000.0,2025-03-06 05:00:00
173.0599,174.1648,169.4864,170.4719,1741323600,27385800.0,2025-03-07 05:00:00
165.2968,167.8779,163.1244,167.6786,1741579200,43604000.0,2025-03-10 04:00:00
163.4731,166.1738,160.8124,164.3401,1741665600,39587400.0,2025-03-11 04:00:00
166.5326,167.0607,162.9649,166.0044,1741752000,28372400.0,2025-03-12 04:00:00
162.1976,165.556,161.5498,165.4663,1741838400,31756200.0,2025-03-13 04:00:00
164.9182,165.9147,161.8886,162.7058,1741924800,31995900.0,2025-03-14 04:00:00
163.7223,165.7254,163.1045,164.4598,1742184000,31184300.0,2025-03-17 04:00:00
160.1148,163.6824,156.1785,163.1144,1742270400,42074800.0,2025-03-18 04:00:00
163.3237,165.2968,160.4437,161.201,1742356800,34275600.0,2025-03-19 04:00:00
162.2374,164.3202,160.4038,161.0117,1742443200,28138500.0,2025-03-20 04:00:00
163.4233,163.6725,160.334,160.6529,1742529600,36625800.0,2025-03-21 04:00:00
167.1006,167.7384,164.5694,166.4927,1742788800,30879100.0,2025-03-24 04:00:00
169.9706,170.0404,167.7384,168.3961,1742875200,24174400.0,2025-03-25 04:00:00
164.4896,169.0239,164.2704,168.416,1742961600,28901600.0,2025-03-26 04:00:00
161.6794,164.8484,161.4402,164.0611,1743048000,24508300.0,2025-03-27 04:00:00
153.7967,161.2608,153.0991,159.9354,1743134400,48669300.0,2025-03-28 04:00:00
154.1057,155.0025,150.1394,152.5809,1743393600,54603500.0,2025-03-31 04:00:00
156.5273,157.5537,153.0892,153.0892,1743480000,30672900.0,2025-04-01 04:00:00
156.4973,157.8626,154.1654,154.6139,1743566400,25041700.0,2025-04-02 04:00:00
150.1992,152.2521,149.8703,150.5878,1743652800,46883400.0,2025-04-03 04:00:00
145.0969,150.548,144.8776,147.4985,1743739200,62259500.0,2025-04-04 04:00:00
146.2429,152.3218,140.0444,141.0609,1743998400,76794100.0,2025-04-07 04:00:00
144.2,151.7139,142.5358,150.6975,1744084800,52200200.0,2025-04-08 04:00:00
158.1616,158.9987,143.4127,143.921,1744171200,70406200.0,2025-04-09 04:00:00
152.2919,157.175,149.4119,155.9991,1744257600,48022000.0,2025-04-10 04:00:00
156.597,157.1252,152.2919,152.3716,1744344000,33636200.0,2025-04-11 04:00:00
158.5203,161.1612,157.0155,159.4471,1744603200,30333000.0,2025-04-14 04:00:00
155.7699,159.0983,154.6737,158.5801,1744689600,27551500.0,2025-04-15 04:00:00
152.8002,155.3513,150.9865,152.571,1744776000,28187400.0,2025-04-16 04:00:00
150.6377,154.1455,147.9869,153.7569,1744862400,33046600.0,2025-04-17 04:00:00
147.1597,148.4353,145.5952,148.3656,1745208000,26049100.0,2025-04-21 04:00:00
150.9466,151.6641,148.0267,148.3755,1745294400,26971800.0,2025-04-22 04:00:00
154.8132,156.9856,153.2785,155.0723,1745380800,31128800.0,2025-04-23 04:00:00
158.7296,159.0385,155.2517,155.6104,1745467200,45894000.0,2025-04-24 04:00:00
161.4004,165.5261,160.4835,164.4996,1745553600,56034000.0,2025-04-25 04:00:00
160.055,162.5862,158.052,161.8687,1745812800,29745800.0,2025-04-28 04:00:00
159.6066,160.1846,156.9757,159.766,1745899200,26809000.0,2025-04-29 04:00:00
158.2513,158.7196,154.863,157.4341,1745985600,34981100.0,2025-04-30 04:00:00
160.7426,161.3904,158.3609,159.8956,1746072000,30203200.0,2025-05-01 04:00:00
163.4632,164.4,161.3107,162.8453,1746158400,25715000.0,2025-05-02 04:00:00
163.6426,164.8185,162.1577,162.4368,1746417600,21341800.0,2025-05-05 04:00:00
162.666,164.2305,160.633,161.6096,1746504000,21277200.0,2025-05-06 04:00:00
150.8569,164.4299,147.3291,163.513,1746590400,127490100.0,2025-05-07 04:00:00
153.7469,155.3912,152.3717,154.4644,1746676800,57498700.0,2025-05-08 04:00:00
152.2222,154.5142,151.6741,153.6373,1746763200,32435300.0,2025-05-09 04:00:00
157.9125,158.5502,155.7101,156.9458,1747022400,44138800.0,2025-05-12 04:00:00
158.9788,160.0152,155.6204,158.2413,1747108800,42382100.0,2025-05-13 04:00:00
164.7986,166.4229,159.0585,159.4073,1747195200,48755900.0,2025-05-14 04:00:00
163.3934,165.6357,161.8089,165.2669,1747281600,33146700.0,2025-05-15 04:00:00
165.6157,168.7648,165.0477,167.1504,1747368000,42846900.0,2025-05-16 04:00:00
165.9645,166.0642,163.6525,163.9415,1747627200,30426100.0,2025-05-19 04:00:00
163.4134,167.9177,162.3371,165.8549,1747713600,46607700.0,2025-05-20 04:00:00
167.9775,172.5417,162.9948,163.1244,1747800000,73416000.0,2025-05-21 04:00:00
170.2795,176.1592,170.1201,171.2562,1747886400,74864400.0,2025-05-22 04:00:00
167.8878,169.3727,167.3099,168.4758,1747972800,35211400.0,2025-05-23 04:00:00
172.3026,172.5716,169.4126,169.572,1748318400,37995700.0,2025-05-27 04:00:00
171.7644,174.6644,171.316,172.5617,1748404800,34784000.0,2025-05-28 04:00:00
171.2661,173.8173,170.0404,173.3987,1748491200,29317300.0,2025-05-29 04:00:00
171.1466,171.6149,166.8614,170.7579,1748577600,52639900.0,2025-05-30 04:00:00
168.4459,169.283,166.8116,167.26,1748836800,38612300.0,2025-06-02 04:00:00
165.6058,167.8978,164.7089,166.9112,1748923200,45084900.0,2025-06-03 04:00:00
167.4693,167.6387,165.7852,166.1638,1749009600,26900800.0,2025-06-04 04:00:00
167.6288,170.3393,167.0109,169.7514,1749096000,36379100.0,2025-06-05 04:00:00
173.0798,173.897,170.2397,170.2397,1749182400,35731800.0,2025-06-06 04:00:00
175.694,176.0731,173.9778,174.1475,1749441600,28935900.0,2025-06-09 04:00:00
178.1983,180.7027,174.5166,175.8037,1749528000,61766100.0,2025-06-10 04:00:00
176.9511,179.9643,176.3525,179.3657,1749614400,31646800.0,2025-06-11 04:00:00
175.3048,176.3226,174.357,175.7838,1749700800,20941900.0,2025-06-12 04:00:00
174.2772,176.7316,172.0023,172.0522,1749787200,27663100.0,2025-06-13 04:00:00
176.3724,176.5421,174.2572,174.337,1750046400,27389200.0,2025-06-16 04:00:00
175.5543,176.9611,174.1874,175.3048,1750132800,24973000.0,2025-06-17 04:00:00
172.9302,176.1629,172.8105,175.6141,1750219200,28707500.0,2025-06-18 04:00:00
166.2652,173.9479,165.0879,173.5588,1750392000,75659900.0,2025-06-20 04:00:00
164.8185,166.9636,161.6357,165.8961,1750651200,57671000.0,2025-06-23 04:00:00
166.3949,167.8417,165.7564,166.5446,1750737600,40524300.0,2025-06-24 04:00:00
170.2961,171.9724,167.1732,167.253,1750824000,35479000.0,2025-06-25 04:00:00
173.1497,173.2994,169.5578,172.0422,1750910400,31796700.0,2025-06-26 04:00:00
178.1285,178.2781,171.3438,173.1497,1750996800,108140200.0,2025-06-27 04:00:00
175.8336,180.8224,174.1874,180.3734,1751256000,63378900.0,2025-06-30 04:00:00
175.4445,175.694,173.1397,175.3448,1751342400,35904500.0,2025-07-01 04:00:00
178.2382,178.4577,174.6763,175.1452,1751428800,29128900.0,2025-07-02 04:00:00
179.1262,179.2659,176.6518,178.0985,1751515200,21689700.0,2025-07-03 04:00:00
176.3924,178.8967,175.2849,178.6573,1751860800,34175600.0,2025-07-07 04:00:00
173.9678,177.5498,172.4213,177.45,1751947200,40442500.0,2025-07-08 04:00:00
176.2228,179.0364,172.3814,174.8558,1752033600,43025600.0,2025-07-09 04:00:00
177.2205,178.0287,173.9878,175.235,1752120000,29252400.0,2025-07-10 04:00:00
179.7848,181.022,176.0831,176.3924,1752206400,34282900.0,2025-07-11 04:00:00
181.1517,183.2569,179.2759,180.6029,1752465600,32536600.0,2025-07-14 04:00:00
181.5907,183.8057,181.1916,182.3988,1752552000,33448300.0,2025-07-15 04:00:00
182.5585,183.9154,181.6206,182.8279,1752638400,33104200.0,2025-07-16 04:00:00
183.1671,183.646,180.0741,181.7304,1752724800,31992600.0,2025-07-17 04:00:00
184.6438,186.0007,183.2968,184.983,1752811200,34014500.0,2025-07-18 04:00:00
189.6725,189.862,185.7313,185.8311,1753070400,45803100.0,2025-07-21 04:00:00
190.9097,191.219,187.0384,191.0693,1753156800,44660200.0,2025-07-22 04:00:00
189.8022,192.097,188.7545,191.0693,1753243200,58681900.0,2025-07-23 04:00:00
191.7378,197.5048,190.5704,196.5869,1753329600,74881700.0,2025-07-24 04:00:00
192.7455,193.893,190.8298,191.5482,1753416000,39785900.0,2025-07-25 04:00:00
192.1469,193.6136,190.4108,193.2145,1753675200,38139500.0,2025-07-28 04:00:00
195.3098,195.4794,191.648,191.9972,1753761600,41389200.0,2025-07-29 04:00:00
196.088,197.1556,194.2521,195.1601,1753848000,32445400.0,2025-07-30 04:00:00
191.4684,195.5492,190.6602,195.2698,1753934400,51329200.0,2025-07-31 04:00:00
188.7046,190.4008,187.3976,188.6049,1754020800,34832200.0,2025-08-01 04:00:00
194.6013,194.8308,189.6924,189.862,1754280000,31547400.0,2025-08-04 04:00:00
194.2322,197.415,193.4539,194.2721,1754366400,31602300.0,2025-08-05 04:00:00
195.649,196.1878,193.2344,194.0626,1754452800,21562900.0,2025-08-06 04:00:00
196.078,197.0957,193.8929,196.6168,1754539200,26321800.0,2025-08-07 04:00:00
200.967,202.1543,196.7266,196.7764,1754625600,39161800.0,2025-08-08 04:00:00
200.5479,201.0269,198.6223,200.4881,1754884800,25832400.0,2025-08-11 04:00:00
202.8827,204.0401,200.1389,200.9171,1754971200,30397900.0,2025-08-12 04:00:00
201.5058,204.07,197.0658,203.6709,1755057600,28342900.0,2025-08-13 04:00:00
202.4836,203.9802,200.7774,201.0468,1755144000,25230400.0,2025-08-14 04:00:00
203.4414,205.9757,200.8273,203.3915,1755230400,34931400.0,2025-08-15 04:00:00
203.0423,204.8084,202.0346,203.7408,1755489600,18526600.0,2025-08-18 04:00:00
201.1167,202.9825,199.5103,202.5734,1755576000,24240200.0,2025-08-19 04:00:00
198.8717,200.8273,196.1578,200.2785,1755662400,28955500.0,2025-08-20 04:00:00
199.3007,202.0246,198.9814,199.3007,1755748800,19774600.0,2025-08-21 04:00:00
205.6265,208.071,200.8473,202.2741,1755835200,42827000.0,2025-08-22 04:00:00
208.0211,210.0465,204.8183,205.9657,1756094400,29928900.0,2025-08-25 04:00:00
206.6741,207.3825,205.2374,207.0433,1756180800,28464100.0,2025-08-26 04:00:00
207.0134,208.4402,205.1875,205.2374,1756267200,23022900.0,2025-08-27 04:00:00
211.164,211.7427,206.4347,206.7839,1756353600,32339300.0,2025-08-28 04:00:00
212.4312,214.1672,209.7272,210.0365,1756440000,39728400.0,2025-08-29 04:00:00
210.8747,211.2039,205.7363,207.9712,1756785600,47523000.0,2025-09-02 04:00:00
230.1412,230.7898,224.2844,225.7012,1756872000,103336100.0,2025-09-03 04:00:00
231.7775,231.8474,225.6015,229.1335,1756958400,51684200.0,2025-09-04 04:00:00
234.4715,235.2298,231.3784,231.6778,1757044800,46588900.0,2025-09-05 04:00:00
233.7225,237.8069,233.353,235.1505,1757304000,32474700.0,2025-09-08 04:00:00
239.3049,240.1438,232.9136,233.8523,1757390400,38061000.0,2025-09-09 04:00:00
238.8455,241.3321,237.5273,238.5759,1757476800,35141100.0,2025-09-10 04:00:00
240.0439,241.9214,235.9295,239.5546,1757563200,30599300.0,2025-09-11 04:00:00
240.4733,241.7516,237.6771,240.0439,1757649600,26771600.0,2025-09-12 04:00:00
251.2686,252.0676,244.3281,244.3281,1757908800,58383800.0,2025-09-15 04:00:00
250.8193,252.6967,249.1315,251.738,1757995200,34109700.0,2025-09-16 04:00:00
249.1915,251.2587,245.9459,250.8792,1758081600,34108000.0,2025-09-17 04:00:00
251.6881,253.6454,249.4611,251.3385,1758168000,31239500.0,2025-09-18 04:00:00
254.3744,255.6527,251.4684,252.9064,1758254400,55571400.0,2025-09-19 04:00:00
252.1874,255.433,249.9604,254.0848,1758513600,32290500.0,2025-09-22 04:00:00
251.3186,254.0149,250.1402,252.6967,1758600000,26628000.0,2025-09-23 04:00:00
246.8047,252.0077,246.1057,251.3186,1758686400,28201000.0,2025-09-24 04:00:00
245.4565,246.1556,240.4134,244.0684,1758772800,31020400.0,2025-09-25 04:00:00
246.2055,249.0816,245.6363,246.7348,1758859200,18503200.0,2025-09-26 04:00:00
243.7189,250.8093,242.4406,247.5138,1759118400,32505800.0,2025-09-29 04:00:00
242.7702,242.9599,238.9254,242.4806,1759204800,34724300.0,2025-09-30 04:00:00
244.5677,245.9659,238.2863,240.4234,1759291200,31658200.0,2025-10-01 04:00:00
245.3567,246.4752,241.9713,244.8174,1759377600,25483300.0,2025-10-02 04:00:00
245.0171,245.9658,241.3321,244.1583,1759464000,30249600.0,2025-10-03 04:00:00
250.0902,250.979,244.2482,244.4479,1759723200,28894700.0,2025-10-06 04:00:00
245.4266,250.1002,245.1869,247.9332,1759809600,23181300.0,2025-10-07 04:00:00
244.2881,245.6762,243.4892,244.6277,1759896000,21307100.0,2025-10-08 04:00:00
241.2023,244.4279,238.8255,244.1383,1759982400,27892100.0,2025-10-09 04:00:00
236.2491,243.7588,235.52,241.1024,1760068800,33180300.0,2025-10-10 04:00:00
243.8188,244.1683,239.3848,239.8841,1760328000,24995000.0,2025-10-13 04:00:00
245.117,246.7847,240.1837,240.9027,1760414400,22111600.0,2025-10-14 04:00:00
250.6894,251.768,245.6563,246.9146,1760500800,27007700.0,2025-10-15 04:00:00
251.1189,256.6114,249.7607,251.4284,1760587200,27997200.0,2025-10-16 04:00:00
252.9564,253.8751,247.4738,250.4198,1760673600,29671600.0,2025-10-17 04:00:00
256.2019,256.9809,253.8851,254.3445,1760932800,22350200.0,2025-10-20 04:00:00
250.1202,254.5342,243.8188,254.3944,1761019200,47312100.0,2025-10-21 04:00:00
251.3485,256.0122,248.9518,254.0249,1761105600,35029400.0,2025-10-22 04:00:00
252.7366,254.694,251.5083,252.6368,1761192000,19901400.0,2025-10-23 04:00:00
259.5674,261.325,254.9736,256.2319,1761278400,28655100.0,2025-10-24 04:00:00
268.9047,269.7735,263.9214,264.4607,1761537600,35235200.0,2025-10-27 04:00:00
267.1071,270.3627,266.1385,269.3241,1761624000,29738600.0,2025-10-28 04:00:00
274.1975,274.9665,267.3069,267.3868,1761710400,43580300.0,2025-10-29 04:00:00
281.0981,291.1944,279.6801,291.1944,1761796800,74876000.0,2025-10-30 04:00:00
280.8085,285.612,276.6542,282.8258,1761883200,39267900.0,2025-10-31 04:00:00
283.3351,285.1426,279.4204,281.7972,1762146000,29786000.0,2025-11-03 05:00:00
277.1635,280.8884,275.8852,276.3745,1762232400,30078400.0,2025-11-04 05:00:00
283.9243,286.0314,276.9637,278.4917,1762318800,31010300.0,2025-11-05 05:00:00
284.3637,287.9588,280.7586,284.9429,1762405200,37173600.0,2025-11-06 05:00:00
278.4517,283.395,274.8166,282.8258,1762491600,34479600.0,2025-11-07 05:00:00
289.7064,290.4055,282.4762,284.0341,1762750800,29557300.0,2025-11-10 05:00:00
290.9148,291.524,286.9302,287.3596,1762837200,19842100.0,2025-11-11 05:00:00
286.321,291.6138,283.3051,291.2843,1762923600,24829900.0,2025-11-12 05:00:00
278.1921,282.4563,276.8639,281.957,1763010000,29494000.0,2025-11-13 05:00:00
276.035,278.1821,270.3328,271.0418,1763096400,31647200.0,2025-11-14 05:00:00
284.6333,293.5512,283.1853,285.3923,1763355600,52670200.0,2025-11-17 05:00:00
283.8943,288.4082,277.8226,287.5294,1763442000,49158700.0,2025-11-18 05:00:00
292.4128,303.3978,286.2411,286.7704,1763528400,68198900.0,2025-11-19 05:00:00
289.0573,306.0043,288.2784,304.1268,1763614800,62025200.0,2025-11-20 05:00:00
299.2534,303.5077,293.4513,296.0179,1763701200,74137700.0,2025-11-21 05:00:00
318.1478,319.0466,309.18,310.7079,1763960400,85165100.0,2025-11-24 05:00:00
323.0012,328.3839,317.219,325.7674,1764046800,88632100.0,2025-11-25 05:00:00
319.516,324.0598,316.3602,320.245,1764133200,51373400.0,2025-11-26 05:00:00
319.7456,326.4066,316.3602,322.9313,1764306000,26018600.0,2025-11-28 05:00:00
314.4628,319.4161,313.4642,317.269,1764565200,41183000.0,2025-12-01 05:00:00
315.3815,317.9481,313.4841,316.3103,1764651600,35854700.0,2025-12-02 05:00:00
319.1964,321.1437,313.6739,315.4615,1764738000,41838300.0,2025-12-03 05:00:00
317.1891,321.9226,314.2731,321.7928,1764824400,31240900.0,2025-12-04 05:00:00
320.8341,322.7216,318.737,319.0565,1764910800,28851700.0,2025-12-05 05:00:00
313.4993,320.2146,311.0011,319.8249,1765170000,33909400.0,2025-12-08 05:00:00
316.8569,317.7663,311.6806,312.1503,1765256400,30194000.0,2025-12-09 05:00:00
319.9847,321.084,314.4586,315.6078,1765342800,33428900.0,2025-12-10 05:00:00
312.2102,320.8941,308.3829,319.8548,1765429200,42353700.0,2025-12-11 05:00:00
309.0724,314.6485,305.3451,313.4794,1765515600,35940200.0,2025-12-12 05:00:00
308.0032,311.2009,304.6655,311.101,1765774800,29151900.0,2025-12-15 05:00:00
306.3543,310.5514,302.3771,304.7355,1765861200,30585000.0,2025-12-16 05:00:00
296.5113,307.8733,295.9117,307.7933,1765947600,43930400.0,2025-12-17 05:00:00
302.2472,303.7462,299.0195,301.5078,1766034000,33518000.0,2025-12-18 05:00:00
306.9439,307.0339,300.7583,301.5178,1766120400,59943200.0,2025-12-19 05:00:00
309.5621,309.9118,305.0852,309.662,1766379600,26429900.0,2025-12-22 05:00:00
314.1289,314.7185,309.1024,309.4122,1766466000,25478700.0,2025-12-23 05:00:00
313.869,314.8583,311.7006,314.5486,1766552400,10097400.0,2025-12-24 05:00:00
313.2895,314.8683,312.0603,314.2588,1766725200,10899000.0,2025-12-26 05:00:00
313.3394,313.7991,310.4015,311.151,1766984400,19621800.0,2025-12-29 05:00:00
313.6292,316.7271,312.2402,312.2802,1767070800,17380900.0,2025-12-30 05:00:00
312.7798,314.3587,311.2209,312.6299,1767157200,16377700.0,2025-12-31 05:00:00
314.9283,322.2732,310.1117,316.6771,1767330000,32009400.0,2026-01-02 05:00:00
316.3174,318.7956,314.4087,317.4366,1767589200,30195600.0,2026-01-05 05:00:00
314.1189,320.7142,311.5607,316.1774,1767675600,31212100.0,2026-01-06 05:00:00
321.7535,325.9206,313.969,314.1388,1767762000,35104400.0,2026-01-07 05:00:00
325.2111,330.0876,321.2738,328.7386,1767848400,31896100.0,2026-01-08 05:00:00
328.3389,330.5973,325.5708,326.8599,1767934800,26214200.0,2026-01-09 05:00:00
331.6265,333.805,324.7714,325.5708,1768194000,33923900.0,2026-01-12 05:00:00
335.7337,340.2505,333.3853,334.7144,1768280400,33517600.0,2026-01-13 05:00:00
335.6038,336.2833,330.2475,334.8243,1768366800,28525600.0,2026-01-14 05:00:00
332.5459,337.4524,330.5073,337.4125,1768453200,28442400.0,2026-01-15 05:00:00
329.7679,334.4146,327.4695,334.1748,1768539600,40341600.0,2026-01-16 05:00:00
321.7735,327.4995,320.2046,320.6443,1768885200,35361000.0,2026-01-20 05:00:00
328.149,332.2461,319.1254,320.6943,1768971600,35386600.0,2026-01-21 05:00:00
330.3075,334.9142,328.5187,334.2147,1769058000,26253600.0,2026-01-22 05:00:00
327.6993,333.4553,327.2197,332.2561,1769144400,27280000.0,2026-01-23 05:00:00
333.0256,335.6037,326.77,327.5794,1769403600,26042100.0,2026-01-26 05:00:00
334.3146,337.6723,333.2454,335.1341,1769490000,21636200.0,2026-01-27 05:00:00
335.7737,337.3026,331.7065,335.8236,1769576400,27434400.0,2026-01-28 05:00:00
338.0121,342.0492,326.3103,340.0606,1769662800,39785600.0,2026-01-29 05:00:00
337.7622,339.7608,332.0563,339.7608,1769749200,31024000.0,2026-01-30 05:00:00
343.4482,344.5874,335.3939,335.9835,1770008400,32006100.0,2026-02-02 05:00:00
339.471,348.7545,337.2326,347.0956,1770094800,36506700.0,2026-02-03 05:00:00
332.8057,343.0685,328.2889,342.7187,1770181200,70618400.0,2026-02-04 05:00:00
331.017,332.456,306.2444,312.0004,1770267600,88205800.0,2026-02-05 05:00:00
322.6329,330.1476,319.695,326.9498,1770354000,56380500.0,2026-02-06 05:00:00
324.0919,327.4695,317.0368,320.7042,1770613200,39640100.0,2026-02-09 05:00:00
318.3559,321.4437,314.3887,320.7442,1770699600,39170000.0,2026-02-10 05:00:00
310.7412,320.8341,309.4422,318.7456,1770786000,45406400.0,2026-02-11 05:00:00
308.7826,316.0175,306.9839,311.8704,1770872400,47761300.0,2026-02-12 05:00:00
305.5049,308.4129,303.4963,307.5135,1770958800,38499700.0,2026-02-13 05:00:00
301.8075,304.2258,296.0416,299.8289,1771304400,39247600.0,2026-02-17 05:00:00
303.1166,305.1652,301.0381,301.8775,1771390800,28482100.0,2026-02-18 05:00:00
302.637,305.2551,299.8289,301.6077,1771477200,25834400.0,2026-02-19 05:00:00
314.7584,316.2773,303.6862,304.1059,1771563600,53210800.0,2026-02-20 05:00:00
311.2709,319.2952,309.652,318.8256,1771822800,31423000.0,2026-02-23 05:00:00
310.6813,312.0503,305.7148,310.3016,1771909200,25615600.0,2026-02-24 05:00:00
312.6799,313.4194,309.2223,311.8405,1771995600,29963600.0,2026-02-25 05:00:00
307.1638,312.9197,302.1373,312.4201,1772082000,36431200.0,2026-02-26 05:00:00
311.5407,312.1503,303.5863,303.9261,1772168400,44640600.0,2026-02-27 05:00:00
306.3044,308.273,301.088,303.0167,1772427600,34790200.0,2026-03-02 05:00:00
303.3664,303.7262,296.5013,298.3799,1772514000,35497000.0,2026-03-03 05:00:00
302.9168,305.2551,300.5384,302.677,1772600400,29536200.0,2026-03-04 05:00:00
300.6683,303.0866,297.7804,302.8268,1772686800,35752300.0,2026-03-05 05:00:00
298.31,300.3186,294.9724,295.8817,1772773200,25576900.0,2026-03-06 05:00:00
306.36,306.8,294.08,294.36,1773028800,29312100.0,2026-03-09 04:00:00
307.04,309.51,305.57,306.17,1773115200,23239700.0,2026-03-10 04:00:00
308.7,311.42,305.92,306.75,1773201600,24125700.0,2026-03-11 04:00:00
303.55,308.94,301.03,306.82,1773288000,24928300.0,2026-03-12 04:00:00
302.28,307.69,300.44,307.01,1773374400,23693100.0,2026-03-13 04:00:00
305.56,306.49,303.02,304.35,1773633600,23519700.0,2026-03-16 04:00:00
310.92,311.42,305.5,305.86,1773720000,21955200.0,2026-03-17 04:00:00
307.69,312.47,306.93,309.27,1773806400,20009800.0,2026-03-18 04:00:00
307.13,308.06,302.35,304.01,1773892800,25075800.0,2026-03-19 04:00:00
301.0,306.0,298.27,305.46,1773979200,44364100.0,2026-03-20 04:00:00
302.06,305.98,300.93,302.11,1774238400,29326900.0,2026-03-23 04:00:00
290.44,299.92,290.33,299.2,1774324800,36864300.0,2026-03-24 04:00:00
290.93,296.0,289.24,293.44,1774411200,29460700.0,2026-03-25 04:00:00
280.92,287.95,278.5,287.91,1774497600,39080600.0,2026-03-26 04:00:00
274.34,279.37,273.95,277.28,1774584000,35890600.0,2026-03-27 04:00:00
273.5,277.09,272.11,276.42,1774843200,35141200.0,2026-03-30 04:00:00
287.56,288.08,277.09,278.04,1774929600,43875400.0,2026-03-31 04:00:00
297.39,300.52,290.41,290.84,1775016000,37684500.0,2026-04-01 04:00:00
295.77,298.08,289.45,290.69,1775102400,21666500.0,2026-04-02 04:00:00
299.99,300.62,295.18,295.87,1775448000,16945500.0,2026-04-06 04:00:00
305.46,305.63,297.72,302.73,1775534400,23205400.0,2026-04-07 04:00:00
317.32,322.08,315.02,320.45,1775620800,33547100.0,2026-04-08 04:00:00
318.49,319.54,311.06,315.91,1775707200,23739200.0,2026-04-09 04:00:00
317.24,321.83,316.32,320.02,1775793600,19127000.0,2026-04-10 04:00:00
