close,high,low,open,time,volume,date
322.5867,326.8877,321.5645,326.2898,1603166400,1131200.0,2020-10-20 04:00:00
320.9279,324.6793,319.5007,323.7246,1603252800,816800.0,2020-10-21 04:00:00
319.9926,322.0081,313.7146,321.0727,1603339200,803400.0,2020-10-22 04:00:00
322.4999,322.6639,318.2375,321.4391,1603425600,721900.0,2020-10-23 04:00:00
316.3955,320.2626,311.9113,319.115,1603684800,927800.0,2020-10-26 04:00:00
318.4978,321.5162,317.572,318.8064,1603771200,838700.0,2020-10-27 04:00:00
307.157,313.5121,306.6266,311.9402,1603857600,948400.0,2020-10-28 04:00:00
314.0039,317.6492,307.9478,308.0442,1603944000,896800.0,2020-10-29 04:00:00
303.4635,313.5796,300.9272,310.4358,1604030400,1682700.0,2020-10-30 04:00:00
305.1415,310.3972,301.043,306.4337,1604293200,1109900.0,2020-11-02 05:00:00
313.1553,315.2865,306.5012,308.5071,1604379600,1114900.0,2020-11-03 05:00:00
330.774,335.509,322.2009,327.611,1604466000,1344400.0,2020-11-04 05:00:00
338.4504,339.463,333.8697,338.4118,1604552400,1074200.0,2020-11-05 05:00:00
339.704,341.2373,332.5099,338.9518,1604638800,623100.0,2020-11-06 05:00:00
347.3031,363.7068,346.5027,352.906,1604898000,1820100.0,2020-11-09 05:00:00
330.0604,345.384,327.2541,345.384,1604984400,1544100.0,2020-11-10 05:00:00
339.839,343.8411,330.7066,333.3296,1605070800,1127000.0,2020-11-11 05:00:00
337.052,343.9279,335.2583,340.3887,1605157200,947700.0,2020-11-12 05:00:00
344.2268,345.5576,337.9392,339.2989,1605243600,1179400.0,2020-11-13 05:00:00
344.3329,348.3446,340.7358,343.8314,1605502800,1158800.0,2020-11-16 05:00:00
345.9626,347.1681,340.8323,342.327,1605589200,953900.0,2020-11-17 05:00:00
342.0956,347.4188,341.1505,343.5421,1605675600,912000.0,2020-11-18 05:00:00
348.5568,350.4373,336.6084,340.6105,1605762000,1533600.0,2020-11-19 05:00:00
335.2969,347.1585,335.1233,346.0591,1605848400,2369800.0,2020-11-20 05:00:00
331.0923,337.8332,325.6823,335.6634,1606107600,1529400.0,2020-11-23 05:00:00
332.8957,335.3355,330.3112,332.7028,1606194000,1045500.0,2020-11-24 05:00:00
337.9779,339.9066,332.7125,333.3972,1606280400,1199300.0,2020-11-25 05:00:00
341.6133,345.2779,339.2892,341.3144,1606453200,528300.0,2020-11-27 05:00:00
339.4725,343.735,335.7212,340.8516,1606712400,1875700.0,2020-11-30 05:00:00
344.1015,346.4834,339.7329,343.3203,1606798800,1088900.0,2020-12-01 05:00:00
342.8189,343.4554,337.5824,342.9828,1606885200,760700.0,2020-12-02 05:00:00
350.7363,353.6101,340.8709,342.5296,1606971600,1841100.0,2020-12-03 05:00:00
355.4615,358.6825,351.093,352.1345,1607058000,1404400.0,2020-12-04 05:00:00
358.9236,360.6498,354.1886,354.7094,1607317200,1909800.0,2020-12-07 05:00:00
359.3094,366.9375,357.3228,359.1262,1607403600,1705200.0,2020-12-08 05:00:00
351.1991,356.9467,348.2385,355.7605,1607490000,2477800.0,2020-12-09 05:00:00
349.579,351.4113,344.7091,348.3543,1607576400,1499200.0,2020-12-10 05:00:00
351.3341,351.6523,345.2394,349.2125,1607662800,1194000.0,2020-12-11 05:00:00
352.4816,356.1462,350.6493,351.4498,1607922000,1366000.0,2020-12-14 05:00:00
347.5828,354.6516,347.3128,352.7807,1608008400,1654200.0,2020-12-15 05:00:00
356.0981,357.1588,347.197,348.4314,1608094800,1577800.0,2020-12-16 05:00:00
366.7638,367.4099,357.1395,358.6728,1608181200,1965900.0,2020-12-17 05:00:00
366.5613,367.2267,362.1445,363.7164,1608267600,2569600.0,2020-12-18 05:00:00
362.5303,364.353,355.288,361.3635,1608526800,997600.0,2020-12-21 05:00:00
366.4263,366.5903,360.2641,362.5978,1608613200,1003500.0,2020-12-22 05:00:00
363.4851,370.2548,363.2825,365.5006,1608699600,900900.0,2020-12-23 05:00:00
367.5739,368.1815,363.9769,364.054,1608786000,441900.0,2020-12-24 05:00:00
367.5353,374.1122,364.5651,373.7554,1609131600,871900.0,2020-12-28 05:00:00
364.8447,371.1034,363.8707,369.5412,1609218000,640500.0,2020-12-29 05:00:00
362.1639,368.3647,361.9614,367.2461,1609304400,703200.0,2020-12-30 05:00:00
366.3106,366.9182,361.5853,361.6528,1609390800,982500.0,2020-12-31 05:00:00
358.4511,370.9106,353.1182,366.2045,1609736400,1839800.0,2021-01-04 05:00:00
355.722,360.6691,354.2176,357.236,1609822800,1117700.0,2021-01-05 05:00:00
348.1324,351.0352,344.9404,346.3677,1609909200,1537600.0,2021-01-06 05:00:00
355.4905,357.0335,347.4863,350.2926,1609995600,1109000.0,2021-01-07 05:00:00
361.6916,362.2421,356.0314,357.1808,1610082000,1259100.0,2021-01-08 05:00:00
359.6439,363.9132,353.8871,363.3046,1610341200,1514900.0,2021-01-11 05:00:00
353.2014,359.9241,349.9946,359.1513,1610427600,1242200.0,2021-01-12 05:00:00
352.5155,354.8047,348.2076,352.5252,1610514000,1019500.0,2021-01-13 05:00:00
353.0468,357.0263,352.5252,352.8343,1610600400,1146200.0,2021-01-14 05:00:00
358.3592,361.0927,350.6513,352.4382,1610686800,1597800.0,2021-01-15 05:00:00
371.8239,373.2051,361.595,362.0876,1611032400,1578400.0,2021-01-19 05:00:00
376.1801,384.5448,375.7165,378.3148,1611118800,2051800.0,2021-01-20 05:00:00
368.733,375.1756,364.9273,373.0409,1611205200,1736700.0,2021-01-21 05:00:00
362.0682,371.2926,361.8654,371.2926,1611291600,1150600.0,2021-01-22 05:00:00
361.6626,365.9222,351.8876,365.1495,1611550800,1588200.0,2021-01-25 05:00:00
362.0201,363.3144,357.6542,361.2763,1611637200,663500.0,2021-01-26 05:00:00
350.7286,362.2132,347.0775,355.4615,1611723600,1928100.0,2021-01-27 05:00:00
357.3354,363.8262,353.2399,353.8581,1611810000,1395100.0,2021-01-28 05:00:00
348.9128,357.2775,347.4253,353.8678,1611896400,1523500.0,2021-01-29 05:00:00
360.8416,365.5455,352.1581,353.0274,1612155600,1260100.0,2021-02-01 05:00:00
371.0125,372.3262,362.7251,363.4978,1612242000,1123400.0,2021-02-02 05:00:00
367.1876,370.5972,364.145,369.6313,1612328400,807300.0,2021-02-03 05:00:00
379.3387,379.5512,367.0427,368.9166,1612414800,1522100.0,2021-02-04 05:00:00
376.1029,382.9512,374.4995,379.1552,1612501200,867300.0,2021-02-05 05:00:00
376.4505,381.6761,373.6881,380.063,1612760400,898600.0,2021-02-08 05:00:00
378.1989,379.4642,371.5246,372.6933,1612846800,817700.0,2021-02-09 05:00:00
383.7431,385.4334,377.2715,382.3425,1612933200,1150300.0,2021-02-10 05:00:00
394.88,395.3436,383.067,386.3607,1613019600,1226900.0,2021-02-11 05:00:00
399.8737,400.3374,393.238,396.0198,1613106000,1066800.0,2021-02-12 05:00:00
407.8617,409.2912,403.0419,403.3027,1613451600,1378600.0,2021-02-16 05:00:00
401.6317,406.0749,397.9999,405.6113,1613538000,1164700.0,2021-02-17 05:00:00
401.226,405.6788,394.5033,400.2504,1613624400,1038700.0,2021-02-18 05:00:00
397.3238,403.5635,395.2085,399.2556,1613710800,1287900.0,2021-02-19 05:00:00
387.8579,394.8993,387.5585,394.2425,1613970000,1179200.0,2021-02-22 05:00:00
385.4817,389.0652,376.9335,384.5448,1614056400,2483100.0,2021-02-23 05:00:00
399.0913,401.2646,369.7472,375.05,1614142800,3307900.0,2021-02-24 05:00:00
374.7505,395.0055,373.4659,393.6918,1614229200,2148100.0,2021-02-25 05:00:00
376.8368,383.0862,371.8721,377.1459,1614315600,1765300.0,2021-02-26 05:00:00
392.5522,393.9528,380.7779,382.8159,1614574800,1545000.0,2021-03-01 05:00:00
388.051,392.6583,385.076,392.6294,1614661200,1198400.0,2021-03-02 05:00:00
375.4557,387.3363,375.2142,385.4721,1614747600,1369900.0,2021-03-03 05:00:00
363.4978,378.7107,360.8319,375.1755,1614834000,1930000.0,2021-03-04 05:00:00
369.1774,370.9064,355.2394,368.9069,1614920400,1588200.0,2021-03-05 05:00:00
357.7894,374.8762,357.1905,368.5303,1615179600,1652900.0,2021-03-08 05:00:00
371.4665,375.4364,366.8302,367.8927,1615266000,1770700.0,2021-03-09 05:00:00
369.7666,381.1159,369.216,381.1159,1615352400,1388800.0,2021-03-10 05:00:00
385.5591,387.3556,377.0108,377.1654,1615438800,1445300.0,2021-03-11 05:00:00
382.4488,383.1056,374.171,380.7681,1615525200,1305100.0,2021-03-12 05:00:00
383.3084,384.4289,377.0687,379.9568,1615780800,1407900.0,2021-03-15 04:00:00
381.9369,388.1863,379.1068,386.8534,1615867200,1077300.0,2021-03-16 04:00:00
378.3631,382.3329,372.5966,379.4545,1615953600,1765800.0,2021-03-17 04:00:00
361.2182,372.4806,360.7256,370.9738,1616040000,1868400.0,2021-03-18 04:00:00
368.279,372.1716,360.5615,361.4887,1616126400,4423200.0,2021-03-19 04:00:00
369.9596,372.896,367.1102,368.7909,1616385600,1468800.0,2021-03-22 04:00:00
370.1335,374.5766,368.5204,372.867,1616472000,1154500.0,2021-03-23 04:00:00
364.4251,373.0216,363.8842,371.2154,1616558400,1138300.0,2021-03-24 04:00:00
359.6922,363.0535,352.699,361.7785,1616644800,1510700.0,2021-03-25 04:00:00
363.7393,364.1933,355.394,356.5724,1616731200,2107200.0,2021-03-26 04:00:00
361.8461,366.7432,356.7558,364.7631,1616990400,1631200.0,2021-03-29 04:00:00
360.9189,363.295,356.1667,358.4269,1617076800,998000.0,2021-03-30 04:00:00
369.9984,372.8381,363.6234,365.1785,1617163200,1512700.0,2021-03-31 04:00:00
381.7534,383.859,375.2432,375.6585,1617249600,1445100.0,2021-04-01 04:00:00
388.4277,389.1522,382.8641,384.0136,1617595200,1473600.0,2021-04-05 04:00:00
387.5198,391.1903,383.3182,385.9647,1617681600,813300.0,2021-04-06 04:00:00
387.3749,389.3744,385.4142,386.5153,1617768000,713700.0,2021-04-07 04:00:00
397.2947,398.4152,389.1618,389.78,1617854400,1397000.0,2021-04-08 04:00:00
403.9497,404.6848,395.9019,398.9198,1617940800,1003500.0,2021-04-09 04:00:00
402.3247,403.4854,398.9972,401.9378,1618200000,1251600.0,2021-04-12 04:00:00
405.2361,405.8068,400.7576,402.8179,1618286400,1550200.0,2021-04-13 04:00:00
397.8364,408.9409,397.0142,408.9409,1618372800,1016600.0,2021-04-14 04:00:00
403.9013,404.6655,399.655,401.0962,1618459200,914800.0,2021-04-15 04:00:00
402.2182,406.4356,400.7189,405.4683,1618545600,973100.0,2021-04-16 04:00:00
389.1309,403.3597,387.854,402.2183,1618804800,1130900.0,2021-04-19 04:00:00
392.1101,393.619,386.1806,387.9411,1618891200,1095800.0,2021-04-20 04:00:00
395.573,396.3758,388.8406,392.6227,1618977600,857400.0,2021-04-21 04:00:00
393.474,398.0493,391.0074,394.093,1619064000,761700.0,2021-04-22 04:00:00
401.3477,402.5859,395.07,395.8052,1619150400,981500.0,2021-04-23 04:00:00
404.6074,404.9846,397.4591,400.8833,1619409600,716400.0,2021-04-26 04:00:00
402.5084,407.1224,400.4577,406.2615,1619496000,619400.0,2021-04-27 04:00:00
402.1989,403.8046,397.9428,401.6863,1619582400,541700.0,2021-04-28 04:00:00
402.5374,404.4237,398.0976,403.5531,1619668800,636700.0,2021-04-29 04:00:00
398.678,404.4043,398.1556,399.8291,1619755200,1409200.0,2021-04-30 04:00:00
397.8848,402.0731,395.6213,401.2219,1620014400,771800.0,2021-05-03 04:00:00
384.6135,395.7664,382.9305,395.7664,1620100800,1214200.0,2021-05-04 04:00:00
379.2161,389.8949,378.0263,387.9604,1620187200,989800.0,2021-05-05 04:00:00
381.1797,381.6053,373.5188,378.0263,1620273600,975400.0,2021-05-06 04:00:00
387.9218,392.7872,383.4625,386.7513,1620360000,965500.0,2021-05-07 04:00:00
379.6998,388.3764,379.4579,387.1382,1620619200,1005400.0,2021-05-10 04:00:00
382.0696,387.1188,373.0448,377.6007,1620705600,932600.0,2021-05-11 04:00:00
386.8094,389.0825,378.2972,380.8025,1620792000,2256300.0,2021-05-12 04:00:00
390.3206,392.7098,384.0138,388.5311,1620878400,1402100.0,2021-05-13 04:00:00
403.6111,404.8589,390.3399,393.5513,1620964800,1191200.0,2021-05-14 04:00:00
405.7005,405.7779,396.0663,401.5024,1621224000,1286200.0,2021-05-17 04:00:00
403.7755,410.7497,403.4273,407.2288,1621310400,1153700.0,2021-05-18 04:00:00
407.4223,407.9543,395.3505,396.1244,1621396800,1321200.0,2021-05-19 04:00:00
421.032,422.6958,409.5213,409.5213,1621483200,1242200.0,2021-05-20 04:00:00
419.2522,426.9228,417.6368,424.108,1621569600,1172800.0,2021-05-21 04:00:00
426.0039,428.2287,423.7405,424.8335,1621828800,1127300.0,2021-05-24 04:00:00
424.6303,427.5805,422.5893,425.6169,1621915200,1469700.0,2021-05-25 04:00:00
428.3253,431.0821,423.2761,426.4972,1622001600,2008700.0,2021-05-26 04:00:00
417.9754,423.4503,413.4388,421.9413,1622088000,2974200.0,2021-05-27 04:00:00
424.727,427.5418,419.6294,421.2545,1622174400,1451300.0,2021-05-28 04:00:00
424.3112,427.4935,420.4323,427.2517,1622520000,948000.0,2021-06-01 04:00:00
430.8694,432.4557,421.7479,423.7308,1622606400,1321000.0,2021-06-02 04:00:00
435.8218,437.147,423.6727,425.1236,1622692800,1490100.0,2021-06-03 04:00:00
446.82,448.4547,439.1591,440.0973,1622779200,1400700.0,2021-06-04 04:00:00
442.2544,446.7233,439.9232,444.5275,1623038400,868100.0,2021-06-07 04:00:00
450.041,450.7568,443.8117,446.0751,1623124800,1516200.0,2021-06-08 04:00:00
453.0106,455.216,450.1958,450.8729,1623211200,919500.0,2021-06-09 04:00:00
455.9124,458.2146,450.9889,452.0336,1623297600,1149800.0,2021-06-10 04:00:00
456.7153,459.0948,453.3588,454.9161,1623384000,1471000.0,2021-06-11 04:00:00
461.368,461.3874,454.5003,456.8798,1623643200,961500.0,2021-06-14 04:00:00
455.3127,462.548,453.5136,462.548,1623729600,1359600.0,2021-06-15 04:00:00
453.9875,458.2242,449.5186,453.8521,1623816000,1230300.0,2021-06-16 04:00:00
459.2012,460.9036,452.0239,453.5426,1623902400,1442700.0,2021-06-17 04:00:00
457.9147,462.8382,456.8893,461.4743,1623988800,1571100.0,2021-06-18 04:00:00
462.2675,465.3822,456.5605,461.5711,1624248000,1073600.0,2021-06-21 04:00:00
461.9387,464.0473,459.5785,461.6968,1624334400,1480600.0,2021-06-22 04:00:00
462.935,466.4269,461.9387,461.9387,1624420800,1218800.0,2021-06-23 04:00:00
466.8331,470.3444,464.589,466.2334,1624507200,1088500.0,2021-06-24 04:00:00
470.1896,474.1555,461.3969,465.2564,1624593600,1494500.0,2021-06-25 04:00:00
471.0602,475.3163,469.7544,470.9344,1624852800,934500.0,2021-06-28 04:00:00
475.3259,475.5774,468.6129,469.7349,1624939200,718400.0,2021-06-29 04:00:00
474.1362,476.4867,471.5245,474.5812,1625025600,955100.0,2021-06-30 04:00:00
474.9874,477.5313,471.2923,477.5313,1625112000,905600.0,2021-07-01 04:00:00
481.3618,484.4474,478.4116,478.6727,1625198400,1072500.0,2021-07-02 04:00:00
484.5829,486.2466,481.9325,485.4438,1625544000,1181000.0,2021-07-06 04:00:00
489.5353,491.9923,486.6625,488.9937,1625630400,929000.0,2021-07-07 04:00:00
489.5353,490.3092,480.8201,484.8537,1625716800,989500.0,2021-07-08 04:00:00
488.015,489.6226,480.0837,487.0563,1625803200,1269400.0,2021-07-09 04:00:00
489.148,491.6659,487.1143,490.7459,1626062400,922300.0,2021-07-12 04:00:00
490.6879,493.8643,487.7245,488.9544,1626148800,1002900.0,2021-07-13 04:00:00
489.5935,495.5299,488.6541,493.3703,1626235200,1453600.0,2021-07-14 04:00:00
487.279,490.3876,484.5771,489.9906,1626321600,1101400.0,2021-07-15 04:00:00
485.6714,489.0512,485.0323,488.7026,1626408000,727800.0,2021-07-16 04:00:00
483.0276,486.6108,480.3354,483.0858,1626667200,1320300.0,2021-07-19 04:00:00
492.4988,496.479,483.2505,484.2673,1626753600,1273300.0,2021-07-20 04:00:00
498.2028,498.3384,487.1918,490.7072,1626840000,1118900.0,2021-07-21 04:00:00
504.8461,505.6015,497.8638,499.8103,1626926400,917700.0,2021-07-22 04:00:00
511.7412,515.518,505.5336,508.342,1627012800,974500.0,2021-07-23 04:00:00
512.5935,513.4844,506.6087,511.4702,1627272000,720500.0,2021-07-26 04:00:00
506.3955,513.7652,500.1299,511.3442,1627358400,983100.0,2021-07-27 04:00:00
506.5795,510.579,504.478,508.0225,1627444800,694700.0,2021-07-28 04:00:00
508.9135,512.7194,504.7493,504.7493,1627531200,627400.0,2021-07-29 04:00:00
513.2326,514.0945,508.439,508.6133,1627617600,905300.0,2021-07-30 04:00:00
510.8504,517.8811,508.7779,515.3051,1627876800,857400.0,2021-08-02 04:00:00
513.4359,515.305,507.7029,512.1867,1627963200,870800.0,2021-08-03 04:00:00
519.1304,520.2054,511.7511,514.0656,1628049600,709100.0,2021-08-04 04:00:00
521.0187,523.556,517.6583,519.7888,1628136000,897000.0,2021-08-05 04:00:00
517.4161,520.8928,513.2713,517.9197,1628222400,1040200.0,2021-08-06 04:00:00
518.3265,520.273,515.0726,517.3,1628481600,733100.0,2021-08-09 04:00:00
513.3876,522.9362,512.0124,521.2317,1628568000,855800.0,2021-08-10 04:00:00
515.4212,516.2056,509.9884,512.6709,1628654400,765000.0,2021-08-11 04:00:00
519.9632,521.1447,513.4845,515.4794,1628740800,521200.0,2021-08-12 04:00:00
523.6625,524.1177,517.6293,519.4209,1628827200,541200.0,2021-08-13 04:00:00
525.7929,525.8123,518.9462,523.3816,1629086400,785300.0,2021-08-16 04:00:00
518.9366,524.9892,517.2709,524.9892,1629172800,1079200.0,2021-08-17 04:00:00
516.1476,522.5489,515.3051,518.1813,1629259200,723900.0,2021-08-18 04:00:00
526.2771,530.5963,511.1601,511.8961,1629345600,1495300.0,2021-08-19 04:00:00
528.0785,532.3202,525.8221,530.2865,1629432000,1243200.0,2021-08-20 04:00:00
535.0415,536.3101,530.887,531.5164,1629691200,1368500.0,2021-08-23 04:00:00
536.5231,537.5012,531.497,536.5037,1629777600,1661300.0,2021-08-24 04:00:00
538.063,564.5493,533.6083,559.0777,1629864000,2237800.0,2021-08-25 04:00:00
535.1868,539.0314,528.9211,530.3834,1629950400,1557000.0,2021-08-26 04:00:00
548.0668,548.367,536.1843,537.114,1630036800,1414200.0,2021-08-27 04:00:00
547.7083,550.3618,545.7424,549.2287,1630296000,893900.0,2021-08-30 04:00:00
548.2313,549.1997,545.4616,549.1997,1630382400,1231100.0,2021-08-31 04:00:00
545.3455,549.8487,544.9,549.3838,1630468800,1259400.0,2021-09-01 04:00:00
542.1108,547.4371,538.0919,545.8974,1630555200,1086000.0,2021-09-02 04:00:00
545.4616,548.8414,540.4161,541.83,1630641600,762600.0,2021-09-03 04:00:00
542.7693,545.9458,537.966,545.9458,1630987200,881900.0,2021-09-07 04:00:00
549.6646,550.5264,540.542,541.83,1631073600,918200.0,2021-09-08 04:00:00
549.8193,554.7679,548.696,550.5747,1631160000,775300.0,2021-09-09 04:00:00
549.4611,554.9036,549.1318,553.3638,1631246400,1088400.0,2021-09-10 04:00:00
539.8157,553.4219,533.8502,552.1824,1631505600,1192700.0,2021-09-13 04:00:00
550.3231,553.1605,545.2389,548.0763,1631592000,1182800.0,2021-09-14 04:00:00
554.0418,554.2936,546.769,551.9985,1631678400,1025700.0,2021-09-15 04:00:00
554.7875,556.5693,550.0035,552.8797,1631764800,999900.0,2021-09-16 04:00:00
544.1057,554.7487,542.963,554.7487,1631851200,1860900.0,2021-09-17 04:00:00
536.891,542.5175,530.2186,535.5449,1632110400,1300000.0,2021-09-20 04:00:00
537.7142,542.1883,536.0291,542.0624,1632196800,758100.0,2021-09-21 04:00:00
545.0257,547.1562,536.155,542.8952,1632283200,911100.0,2021-09-22 04:00:00
559.1356,560.0459,547.2338,548.299,1632369600,1235100.0,2021-09-23 04:00:00
559.6683,560.8788,552.3277,555.2814,1632456000,1168700.0,2021-09-24 04:00:00
549.1029,555.7075,543.5732,554.7584,1632715200,1279100.0,2021-09-27 04:00:00
527.7978,545.0066,527.2845,542.7405,1632801600,1647600.0,2021-09-28 04:00:00
529.657,535.6806,527.8267,531.5454,1632888000,994800.0,2021-09-29 04:00:00
522.4713,536.9781,522.1807,532.0392,1632974400,1540800.0,2021-09-30 04:00:00
526.7904,528.8047,516.4381,524.1466,1633060800,1439900.0,2021-10-01 04:00:00
508.7586,524.4277,502.6092,522.6458,1633320000,1456000.0,2021-10-04 04:00:00
516.5059,519.9729,509.7755,512.3514,1633406400,958300.0,2021-10-05 04:00:00
517.7262,520.9414,509.3978,509.7948,1633492800,977600.0,2021-10-06 04:00:00
521.4106,528.2176,520.7804,521.8373,1633579200,955600.0,2021-10-07 04:00:00
515.0014,524.9597,513.3724,522.7004,1633665600,937000.0,2021-10-08 04:00:00
509.4646,517.2703,509.1058,512.7033,1633924800,1025300.0,2021-10-11 04:00:00
511.0549,517.2122,508.2332,511.0258,1634011200,873000.0,2021-10-12 04:00:00
518.7054,523.2628,516.0971,518.0364,1634097600,866500.0,2021-10-13 04:00:00
527.2773,533.2309,525.5513,526.8603,1634184000,1068300.0,2021-10-14 04:00:00
535.4028,536.4889,526.7827,528.4602,1634270400,1602700.0,2021-10-15 04:00:00
547.4265,547.6689,531.6309,535.9846,1634529600,1321800.0,2021-10-18 04:00:00
555.4164,555.7364,546.8447,550.9075,1634616000,978000.0,2021-10-19 04:00:00
553.2155,558.2091,551.6446,556.9098,1634702400,836200.0,2021-10-20 04:00:00
560.798,561.3604,548.1441,552.7015,1634788800,729600.0,2021-10-21 04:00:00
572.8702,573.6751,562.398,563.2707,1634875200,991800.0,2021-10-22 04:00:00
584.2733,585.8926,571.852,572.8701,1635134400,1104600.0,2021-10-25 04:00:00
590.1398,594.7457,584.1765,587.2018,1635220800,1418600.0,2021-10-26 04:00:00
594.5226,598.5855,588.4817,590.7313,1635307200,1457700.0,2021-10-27 04:00:00
596.7333,601.5816,587.4344,594.542,1635393600,1066600.0,2021-10-28 04:00:00
606.9921,607.5836,592.3407,594.7454,1635480000,1038200.0,2021-10-29 04:00:00
590.3336,610.8611,588.8791,609.4551,1635739200,1246300.0,2021-11-01 04:00:00
599.6227,606.6721,591.9722,593.5139,1635825600,1024500.0,2021-11-02 04:00:00
603.9669,606.6722,590.7699,601.0967,1635912000,1093900.0,2021-11-03 04:00:00
606.6916,612.3931,601.4846,602.4252,1635998400,1267100.0,2021-11-04 04:00:00
596.326,610.2115,594.1928,609.1255,1636084800,1428200.0,2021-11-05 04:00:00
596.5781,600.6894,589.7518,600.224,1636347600,1222800.0,2021-11-08 05:00:00
594.183,599.3706,592.6703,597.2568,1636434000,1205100.0,2021-11-09 05:00:00
585.6501,599.235,585.2429,592.8353,1636520400,1197300.0,2021-11-10 05:00:00
588.4525,592.0692,587.5216,588.8209,1636606800,684300.0,2021-11-11 05:00:00
607.9617,609.3096,592.3891,592.3891,1636693200,1182600.0,2021-11-12 05:00:00
607.1377,613.741,603.6566,609.1255,1636952400,1402500.0,2021-11-15 05:00:00
626.1622,626.8604,606.9534,607.157,1637038800,1331700.0,2021-11-16 05:00:00
615.787,624.989,610.7254,624.0484,1637125200,1321900.0,2021-11-17 05:00:00
609.8527,617.3966,607.4189,617.2027,1637211600,1319900.0,2021-11-18 05:00:00
671.3287,695.1046,660.7789,694.1446,1637298000,3615700.0,2021-11-19 05:00:00
641.5507,672.4632,640.7556,670.9603,1637557200,2177000.0,2021-11-22 05:00:00
650.2775,651.7416,629.11,632.9401,1637643600,2112500.0,2021-11-23 05:00:00
663.2417,663.872,639.6598,641.4245,1637730000,1715100.0,2021-11-24 05:00:00
646.6703,670.0777,643.5675,663.2417,1637902800,1279300.0,2021-11-26 05:00:00
673.5782,676.1091,653.8653,653.8653,1638162000,2009300.0,2021-11-29 05:00:00
632.5037,660.8854,632.2128,648.6484,1638248400,4186000.0,2021-11-30 05:00:00
643.7419,654.4663,637.6428,647.6303,1638334800,5184800.0,2021-12-01 05:00:00
651.7222,657.2395,640.1639,640.1639,1638421200,1961900.0,2021-12-02 05:00:00
628.2954,653.0118,615.7093,651.0531,1638507600,2277100.0,2021-12-03 05:00:00
625.7551,632.2712,620.1215,630.264,1638766800,1687000.0,2021-12-06 05:00:00
652.8664,653.9815,634.1134,634.3654,1638853200,1615300.0,2021-12-07 05:00:00
652.6337,655.6784,646.5443,652.7404,1638939600,1332800.0,2021-12-08 05:00:00
645.3129,659.6056,642.5979,653.5744,1639026000,1180200.0,2021-12-09 05:00:00
657.3754,657.6469,646.6511,649.9673,1639112400,1276500.0,2021-12-10 05:00:00
648.4447,663.3095,648.1151,657.4237,1639371600,1430800.0,2021-12-13 05:00:00
620.0728,637.0999,607.8261,635.7424,1639458000,1865900.0,2021-12-14 05:00:00
627.8397,629.0518,606.2747,625.6289,1639544400,2555000.0,2021-12-15 05:00:00
614.7204,630.2639,605.8481,629.3039,1639630800,1954700.0,2021-12-16 05:00:00
601.4457,612.5676,593.6109,602.5415,1639717200,4330300.0,2021-12-17 05:00:00
586.2805,595.6862,581.0832,590.6148,1639976400,2236700.0,2021-12-20 05:00:00
602.2216,604.19,582.8092,592.0112,1640062800,1875800.0,2021-12-21 05:00:00
612.4902,613.2272,598.0036,602.115,1640149200,1014600.0,2021-12-22 05:00:00
616.4171,619.423,611.6076,612.49,1640235600,759800.0,2021-12-23 05:00:00
632.9595,633.8128,618.6378,619.6947,1640581200,1068700.0,2021-12-27 05:00:00
630.0602,638.8453,627.7525,637.895,1640667600,955700.0,2021-12-28 05:00:00
628.3635,631.0203,622.594,629.3913,1640754000,651300.0,2021-12-29 05:00:00
623.8351,630.9524,622.9527,628.373,1640840400,776400.0,2021-12-30 05:00:00
623.6993,627.7039,619.3358,624.7756,1640926800,821500.0,2021-12-31 05:00:00
612.3058,626.0167,602.4251,620.6061,1641186000,1360600.0,2022-01-03 05:00:00
599.5551,612.3059,587.735,612.3059,1641272400,1998900.0,2022-01-04 05:00:00
575.6822,596.0352,575.1682,590.9348,1641358800,2295800.0,2022-01-05 05:00:00
568.5941,577.7669,562.6016,568.9916,1641445200,1789000.0,2022-01-06 05:00:00
550.9744,571.7781,547.2951,569.3026,1641531600,2275200.0,2022-01-07 05:00:00
553.5276,554.2071,527.967,537.3447,1641790800,2956700.0,2022-01-10 05:00:00
561.8084,562.6724,542.1987,549.6543,1641877200,1696500.0,2022-01-11 05:00:00
560.3909,572.3411,558.9735,567.7202,1641963600,1433700.0,2022-01-12 05:00:00
536.7623,565.507,535.5779,563.9149,1642050000,1633400.0,2022-01-13 05:00:00
534.6944,541.053,527.5204,535.2187,1642136400,1722600.0,2022-01-14 05:00:00
522.1035,532.8597,520.4434,523.5596,1642482000,1888100.0,2022-01-18 05:00:00
529.4133,542.247,525.006,526.268,1642568400,1904500.0,2022-01-19 05:00:00
528.7048,549.926,527.8796,535.9662,1642654800,1924000.0,2022-01-20 05:00:00
513.1043,536.6068,512.3957,531.0054,1642741200,2574900.0,2022-01-21 05:00:00
519.0553,520.0746,485.7382,510.629,1643000400,2850100.0,2022-01-24 05:00:00
500.9113,513.3955,494.145,501.8044,1643086800,2418200.0,2022-01-25 05:00:00
492.6501,521.1617,485.1459,516.4923,1643173200,2503100.0,2022-01-26 05:00:00
502.1054,510.6289,498.2903,501.3191,1643259600,2485400.0,2022-01-27 05:00:00
519.1912,520.5599,491.3784,504.9595,1643346000,1760600.0,2022-01-28 05:00:00
539.0047,540.3735,516.4924,520.191,1643605200,2209400.0,2022-01-31 05:00:00
544.4411,545.4313,532.1705,540.1406,1643691600,1706300.0,2022-02-01 05:00:00
545.868,548.3629,538.1989,546.3146,1643778000,1245500.0,2022-02-02 05:00:00
519.9387,536.6167,517.9874,527.9767,1643864400,1372400.0,2022-02-03 05:00:00
528.1223,534.1994,515.5119,515.5119,1643950800,1504500.0,2022-02-04 05:00:00
529.3454,539.655,526.6466,528.4911,1644210000,1411600.0,2022-02-07 05:00:00
538.0339,540.1405,522.6762,523.5208,1644296400,915500.0,2022-02-08 05:00:00
562.4684,563.0121,548.4892,549.5571,1644382800,1670700.0,2022-02-09 05:00:00
541.2861,559.0804,536.1896,546.1788,1644469200,1594200.0,2022-02-10 05:00:00
520.1522,545.2857,517.104,543.4412,1644555600,1250400.0,2022-02-11 05:00:00
513.5897,522.5888,508.8329,520.4725,1644814800,1165400.0,2022-02-14 05:00:00
512.3568,523.5692,500.6977,522.0257,1644901200,2170300.0,2022-02-15 05:00:00
512.7159,514.9196,496.7563,510.5996,1644987600,1318400.0,2022-02-16 05:00:00
481.6803,510.5318,480.263,507.9884,1645074000,2145400.0,2022-02-17 05:00:00
467.1381,484.0975,464.7596,483.1559,1645160400,2323300.0,2022-02-18 05:00:00
469.1282,479.9232,462.9346,465.9052,1645506000,2282900.0,2022-02-22 05:00:00
453.353,477.5351,451.9454,477.5351,1645592400,1799500.0,2022-02-23 05:00:00
482.6026,483.7384,437.1022,444.616,1645678800,2683700.0,2022-02-24 05:00:00
472.9433,477.7487,460.7406,474.7392,1645765200,2846500.0,2022-02-25 05:00:00
460.5077,470.3028,449.8486,464.8471,1646024400,2525400.0,2022-02-28 05:00:00
454.8869,470.3999,452.2367,462.2163,1646110800,2176700.0,2022-03-01 05:00:00
471.7978,475.0402,454.3238,458.3137,1646197200,2083000.0,2022-03-02 05:00:00
458.8865,478.467,455.2849,475.8265,1646283600,1640400.0,2022-03-03 05:00:00
451.3629,460.7601,447.4895,457.0517,1646370000,1611900.0,2022-03-04 05:00:00
424.6083,453.1006,423.754,450.6542,1646629200,2312700.0,2022-03-07 05:00:00
429.2875,441.9464,419.5215,425.6179,1646715600,2669000.0,2022-03-08 05:00:00
451.1591,456.2265,438.7914,443.1405,1646802000,1950400.0,2022-03-09 05:00:00
439.1505,446.7032,430.3844,446.7032,1646888400,1756200.0,2022-03-10 05:00:00
426.482,448.4021,425.6956,444.1987,1646974800,2303200.0,2022-03-11 05:00:00
412.2212,432.2678,410.668,427.0644,1647230400,2353900.0,2022-03-14 04:00:00
426.8314,428.5885,413.1046,415.2985,1647316800,1953400.0,2022-03-15 04:00:00
444.519,444.519,425.1908,431.996,1647403200,2487400.0,2022-03-16 04:00:00
459.9058,461.1193,439.9855,441.5387,1647489600,2680700.0,2022-03-17 04:00:00
465.847,469.1961,454.1879,461.7891,1647576000,3112900.0,2022-03-18 04:00:00
452.8676,462.5754,450.0135,459.2456,1647835200,2044600.0,2022-03-21 04:00:00
462.0803,464.7208,452.3628,452.8288,1647921600,1979900.0,2022-03-22 04:00:00
447.9555,458.1875,446.3149,457.4012,1648008000,1718700.0,2022-03-23 04:00:00
452.023,453.5666,439.801,450.596,1648094400,1567200.0,2022-03-24 04:00:00
445.9265,455.3334,439.5874,453.8578,1648180800,1312200.0,2022-03-25 04:00:00
466.4585,467.6331,444.8102,447.0818,1648440000,2085000.0,2022-03-28 04:00:00
471.1765,475.7683,461.8959,473.8656,1648526400,1918000.0,2022-03-29 04:00:00
458.1584,467.4487,454.5374,466.9051,1648612800,1747800.0,2022-03-30 04:00:00
466.7886,474.5742,459.731,463.7112,1648699200,2647900.0,2022-03-31 04:00:00
469.7883,473.2442,463.1288,466.5944,1648785600,1316200.0,2022-04-01 04:00:00
490.8735,492.8733,470.827,471.1959,1649044800,2326700.0,2022-04-04 04:00:00
481.5541,491.5629,476.6517,487.2429,1649131200,1632600.0,2022-04-05 04:00:00
475.8848,479.166,467.9923,471.0891,1649217600,2041300.0,2022-04-06 04:00:00
480.5446,483.8841,470.0796,470.4582,1649304000,1568200.0,2022-04-07 04:00:00
469.3749,479.5627,468.082,479.5627,1649390400,1717500.0,2022-04-08 04:00:00
460.1398,465.2823,451.7797,465.0296,1649649600,1595600.0,2022-04-11 04:00:00
448.7467,470.9789,448.3093,466.5072,1649736000,1509700.0,2022-04-12 04:00:00
457.3013,460.0426,447.1719,451.4006,1649822400,1477800.0,2022-04-13 04:00:00
452.1393,456.193,447.0552,454.6571,1649908800,1646100.0,2022-04-14 04:00:00
455.9597,460.9467,447.7551,448.805,1650254400,989300.0,2022-04-18 04:00:00
471.5427,472.1163,451.9449,453.2961,1650340800,1184300.0,2022-04-19 04:00:00
468.5098,478.6392,467.8195,473.9827,1650427200,1184600.0,2022-04-20 04:00:00
452.6643,477.9198,450.6326,471.3094,1650513600,1426600.0,2022-04-21 04:00:00
430.9279,454.9682,430.4321,453.2573,1650600000,1699300.0,2022-04-22 04:00:00
434.4663,434.9524,421.5081,429.2753,1650859200,2094000.0,2022-04-25 04:00:00
409.5997,432.8527,409.3664,432.1527,1650945600,2218200.0,2022-04-26 04:00:00
406.5862,416.8614,404.5545,409.4248,1651032000,1927900.0,2022-04-27 04:00:00
432.1818,435.5162,410.0274,412.166,1651118400,1791000.0,2022-04-28 04:00:00
407.0721,430.1598,405.9834,429.2558,1651204800,1898500.0,2022-04-29 04:00:00
415.1018,415.967,401.7061,408.3651,1651464000,1778700.0,2022-05-02 04:00:00
418.8251,421.4498,413.7895,417.6391,1651550400,1324300.0,2022-05-03 04:00:00
435.4288,435.8468,406.4987,419.9528,1651636800,1599300.0,2022-05-04 04:00:00
398.4301,427.4866,393.4821,425.659,1651723200,2110600.0,2022-05-05 04:00:00
384.6748,395.2028,379.9114,394.8528,1651809600,1989700.0,2022-05-06 04:00:00
356.7751,380.0281,353.6255,376.0424,1652068800,3485200.0,2022-05-09 04:00:00
360.8386,372.7761,354.3449,371.0263,1652155200,2271000.0,2022-05-10 04:00:00
346.2374,365.9323,344.6334,356.6195,1652241600,2563400.0,2022-05-11 04:00:00
344.021,345.5569,329.8962,333.0167,1652328000,3268000.0,2022-05-12 04:00:00
361.3926,366.4379,350.5536,352.002,1652414400,1894200.0,2022-05-13 04:00:00
349.562,360.0025,346.4512,359.7789,1652673600,1554800.0,2022-05-16 04:00:00
361.4996,363.3077,349.2024,358.8068,1652760000,1643100.0,2022-05-17 04:00:00
343.4571,358.554,342.0864,353.9948,1652846400,1721100.0,2022-05-18 04:00:00
352.2256,358.8262,344.7695,345.6444,1652932800,2102900.0,2022-05-19 04:00:00
357.5237,361.4218,346.3346,357.5625,1653019200,1921600.0,2022-05-20 04:00:00
361.0135,361.6259,352.8769,360.7996,1653278400,1799400.0,2022-05-23 04:00:00
348.9593,355.5114,345.8194,352.9839,1653364800,2877700.0,2022-05-24 04:00:00
377.6172,384.5483,353.363,362.3939,1653451200,5277100.0,2022-05-25 04:00:00
395.086,402.4546,375.0896,375.5174,1653537600,3508100.0,2022-05-26 04:00:00
410.6982,411.0384,399.2369,399.5383,1653624000,2932400.0,2022-05-27 04:00:00
402.9019,413.1479,401.0646,408.1124,1653969600,4297700.0,2022-05-31 04:00:00
396.9817,412.7494,395.0277,408.4915,1654056000,1598400.0,2022-06-01 04:00:00
414.956,415.3351,397.0886,397.944,1654142400,1453400.0,2022-06-02 04:00:00
397.5455,408.9484,394.0751,405.0794,1654228800,1519000.0,2022-06-03 04:00:00
397.565,408.1513,395.4069,404.9628,1654488000,859900.0,2022-06-06 04:00:00
405.0308,407.0722,391.9073,392.8405,1654574400,1218100.0,2022-06-07 04:00:00
402.9019,408.4623,400.8604,403.7573,1654660800,1335100.0,2022-06-08 04:00:00
389.3797,402.863,388.952,398.1287,1654747200,1186300.0,2022-06-09 04:00:00
370.5888,382.4292,368.2752,379.5128,1654833600,2197200.0,2022-06-10 04:00:00
353.8393,362.5883,351.6715,358.0194,1655092800,2191200.0,2022-06-13 04:00:00
354.6073,360.7607,349.805,356.5807,1655179200,1401500.0,2022-06-14 04:00:00
367.9836,376.0035,358.1944,360.0608,1655265600,1830300.0,2022-06-15 04:00:00
349.601,360.0706,345.3139,355.2684,1655352000,2106100.0,2022-06-16 04:00:00
359.3998,364.6978,352.4298,352.9255,1655438400,2776200.0,2022-06-17 04:00:00
366.9045,372.3483,363.959,366.5254,1655784000,2019000.0,2022-06-21 04:00:00
370.2194,380.2419,361.1982,361.4023,1655870400,1773500.0,2022-06-22 04:00:00
389.5742,390.2838,370.1805,376.509,1655956800,2111700.0,2022-06-23 04:00:00
405.9738,407.9763,395.9707,396.3985,1656043200,2632900.0,2022-06-24 04:00:00
393.4335,408.2874,391.5865,403.7768,1656302400,1783800.0,2022-06-27 04:00:00
375.5175,398.3427,373.7677,394.4348,1656388800,1631100.0,2022-06-28 04:00:00
378.7935,381.6028,372.0664,378.5213,1656475200,1066300.0,2022-06-29 04:00:00
374.6911,378.7156,365.6893,376.8881,1656561600,1670400.0,2022-06-30 04:00:00
377.4811,380.2225,367.5364,371.8331,1656648000,1133800.0,2022-07-01 04:00:00
389.0589,389.1756,369.7236,374.0398,1656993600,1590500.0,2022-07-05 04:00:00
393.6182,397.1858,385.6663,392.092,1657080000,1356400.0,2022-07-06 04:00:00
399.3828,400.141,386.7744,388.2326,1657166400,1585100.0,2022-07-07 04:00:00
396.1208,399.0322,387.7565,391.8364,1657252800,1173100.0,2022-07-08 04:00:00
391.9825,396.2475,384.9815,394.0176,1657512000,1019400.0,2022-07-11 04:00:00
375.731,395.3321,371.1156,394.4752,1657598400,1611300.0,2022-07-12 04:00:00
373.2383,376.9871,364.1242,367.0843,1657684800,1255400.0,2022-07-13 04:00:00
369.8886,373.2869,361.0277,370.58,1657771200,1312400.0,2022-07-14 04:00:00
382.6348,384.0759,372.6152,377.8441,1657857600,1520700.0,2022-07-15 04:00:00
378.0485,389.4898,376.5587,385.6435,1658116800,1085600.0,2022-07-18 04:00:00
393.2483,393.9591,380.8723,387.1723,1658203200,1358900.0,2022-07-19 04:00:00
409.4025,411.3402,395.225,397.6204,1658289600,1663600.0,2022-07-20 04:00:00
423.278,425.391,409.529,409.529,1658376000,2076400.0,2022-07-21 04:00:00
423.317,434.2811,417.8933,425.2157,1658462400,1590300.0,2022-07-22 04:00:00
415.0013,421.35,410.9798,420.2691,1658721600,1026500.0,2022-07-25 04:00:00
403.3362,413.3363,398.6525,412.7228,1658808000,1540000.0,2022-07-26 04:00:00
421.7785,425.6344,405.7607,407.1239,1658894400,1758500.0,2022-07-27 04:00:00
436.803,438.322,419.7044,423.4825,1658980800,1754000.0,2022-07-28 04:00:00
444.1839,447.5042,433.541,433.541,1659067200,2178600.0,2022-07-29 04:00:00
436.6765,444.5344,432.7719,436.9978,1659326400,1696800.0,2022-08-01 04:00:00
435.2256,439.4321,429.4319,431.3501,1659412800,1064700.0,2022-08-02 04:00:00
453.5121,454.6125,438.3805,439.6074,1659499200,1565400.0,2022-08-03 04:00:00
454.0477,455.5667,446.1606,453.5122,1659585600,1421400.0,2022-08-04 04:00:00
456.667,458.2834,443.2588,444.4857,1659672000,933800.0,2022-08-05 04:00:00
454.4956,463.8336,451.6426,458.9358,1659931200,1218800.0,2022-08-08 04:00:00
449.9289,453.8335,446.5598,448.663,1660017600,1067900.0,2022-08-09 04:00:00
465.528,466.9885,461.9349,465.2358,1660104000,1408700.0,2022-08-10 04:00:00
466.19,476.4141,463.0254,473.5806,1660190400,1259600.0,2022-08-11 04:00:00
473.8727,474.788,462.967,468.0109,1660276800,1178700.0,2022-08-12 04:00:00
476.3752,477.3489,470.9905,472.4511,1660536000,830800.0,2022-08-15 04:00:00
475.3528,477.9331,468.4199,470.2018,1660622400,1031500.0,2022-08-16 04:00:00
465.7324,471.1268,462.4022,465.7421,1660708800,1422600.0,2022-08-17 04:00:00
465.2066,468.079,459.6758,464.7586,1660795200,1162100.0,2022-08-18 04:00:00
451.7595,458.3905,447.6893,457.0955,1660881600,1509600.0,2022-08-19 04:00:00
434.3979,445.4302,433.3171,444.7291,1661140800,1692800.0,2022-08-22 04:00:00
437.7475,441.1361,432.7036,440.0942,1661227200,2339700.0,2022-08-23 04:00:00
453.5316,474.9828,453.1032,467.0469,1661313600,3587400.0,2022-08-24 04:00:00
453.6095,454.4275,445.6639,452.5871,1661400000,1701800.0,2022-08-25 04:00:00
436.6765,455.557,436.0728,454.6807,1661486400,1777600.0,2022-08-26 04:00:00
425.3228,434.6609,424.7094,426.7348,1661745600,1796600.0,2022-08-29 04:00:00
421.8174,432.1583,416.9098,428.4387,1661832000,1251000.0,2022-08-30 04:00:00
420.4347,429.6851,418.5652,427.5526,1661918400,1294300.0,2022-08-31 04:00:00
414.3198,416.9488,404.7383,416.1601,1662004800,1994300.0,2022-09-01 04:00:00
409.0227,422.577,407.0168,421.3695,1662091200,1299800.0,2022-09-02 04:00:00
407.7569,411.5252,402.8591,409.4512,1662436800,1391000.0,2022-09-06 04:00:00
423.8525,427.1924,408.0003,410.2204,1662523200,1421900.0,2022-09-07 04:00:00
427.504,429.2859,416.3938,418.2341,1662609600,1131100.0,2022-09-08 04:00:00
438.2052,440.7076,429.724,429.7727,1662696000,1292200.0,2022-09-09 04:00:00
443.4049,447.9035,438.0591,445.3134,1662955200,1250300.0,2022-09-12 04:00:00
418.0297,428.1369,416.7736,422.8496,1663041600,1697600.0,2022-09-13 04:00:00
425.3618,425.7707,414.5437,419.422,1663128000,1475100.0,2022-09-14 04:00:00
411.0286,425.4494,408.6332,421.8564,1663214400,1468000.0,2022-09-15 04:00:00
411.8854,413.2389,403.1414,407.6984,1663300800,2095700.0,2022-09-16 04:00:00
412.5573,413.0734,404.1443,404.3683,1663560000,1270000.0,2022-09-19 04:00:00
406.8416,410.123,403.1998,409.0227,1663646400,1271400.0,2022-09-20 04:00:00
397.9417,416.6762,397.7664,411.048,1663732800,1485800.0,2022-09-21 04:00:00
386.2862,395.965,385.0594,394.1831,1663819200,2261300.0,2022-09-22 04:00:00
383.6183,385.0691,376.2179,384.5238,1663905600,1680700.0,2022-09-23 04:00:00
385.4001,394.1929,382.7711,383.998,1664164800,1819200.0,2022-09-26 04:00:00
390.2395,396.5882,384.8451,389.1976,1664251200,1624300.0,2022-09-27 04:00:00
398.5356,401.1744,388.331,393.4431,1664337600,1710600.0,2022-09-28 04:00:00
386.3836,394.1539,383.7643,390.5998,1664424000,1999000.0,2022-09-29 04:00:00
377.143,392.411,376.8411,384.8841,1664510400,2001500.0,2022-09-30 04:00:00
386.3738,389.0321,377.805,379.0904,1664769600,1819000.0,2022-10-03 04:00:00
401.1842,403.823,394.5336,395.7606,1664856000,1788900.0,2022-10-04 04:00:00
402.7129,406.4715,390.259,394.6505,1664942400,1200800.0,2022-10-05 04:00:00
401.2691,407.1029,397.2693,402.2934,1665028800,1282700.0,2022-10-06 04:00:00
383.3578,393.8548,381.8261,392.333,1665115200,1414300.0,2022-10-07 04:00:00
378.1677,385.2601,370.4315,383.3967,1665374400,1305300.0,2022-10-10 04:00:00
374.1094,379.9335,365.3781,374.9289,1665460800,1786800.0,2022-10-11 04:00:00
378.5775,390.0209,373.7387,377.0361,1665547200,2210700.0,2022-10-12 04:00:00
386.1088,389.2403,361.9441,364.0025,1665633600,1731500.0,2022-10-13 04:00:00
370.8217,393.2304,370.2949,392.528,1665720000,1804400.0,2022-10-14 04:00:00
393.8743,395.2401,382.2163,383.6211,1665979200,2311500.0,2022-10-17 04:00:00
398.6643,409.737,391.6988,405.6884,1666065600,1704500.0,2022-10-18 04:00:00
392.2451,402.1373,390.0111,398.8302,1666152000,1291800.0,2022-10-19 04:00:00
391.3476,398.6253,388.2453,393.367,1666238400,1399100.0,2022-10-20 04:00:00
406.9859,408.381,386.1479,394.1475,1666324800,1488900.0,2022-10-21 04:00:00
407.5517,410.7808,395.2498,409.737,1666584000,1411900.0,2022-10-24 04:00:00
421.5218,423.19,410.0687,410.5467,1666670400,1292000.0,2022-10-25 04:00:00
414.0197,426.4484,409.8248,415.2099,1666756800,1355200.0,2022-10-26 04:00:00
411.6881,421.1219,409.8638,419.717,1666843200,998300.0,2022-10-27 04:00:00
421.239,422.234,406.4396,411.6882,1666929600,1169600.0,2022-10-28 04:00:00
417.0537,420.2731,413.4539,417.1123,1667188800,1038500.0,2022-10-31 04:00:00
385.1234,423.5314,377.6019,422.8876,1667275200,4241900.0,2022-11-01 04:00:00
375.6215,398.996,375.4166,392.6841,1667361600,2702400.0,2022-11-02 04:00:00
356.0711,373.2703,355.4273,366.656,1667448000,3252100.0,2022-11-03 04:00:00
352.3641,362.5782,344.0132,362.5782,1667534400,3187600.0,2022-11-04 04:00:00
361.0661,361.4466,348.7447,354.6761,1667797200,1650000.0,2022-11-07 05:00:00
373.2216,381.5432,361.0856,363.3489,1667883600,2668500.0,2022-11-08 05:00:00
359.5442,370.373,359.1345,367.7585,1667970000,1446900.0,2022-11-09 05:00:00
393.3866,393.8841,378.519,387.6405,1668056400,3088200.0,2022-11-10 05:00:00
398.0692,401.8739,388.8989,392.4305,1668142800,1720200.0,2022-11-11 05:00:00
387.9429,393.7085,381.4846,390.2745,1668402000,1801700.0,2022-11-14 05:00:00
397.0742,406.303,391.9622,404.3714,1668488400,2076400.0,2022-11-15 05:00:00
384.0406,397.1522,381.2798,397.0741,1668574800,1260100.0,2022-11-16 05:00:00
372.5485,378.997,368.7828,375.202,1668661200,2049800.0,2022-11-17 05:00:00
370.7827,379.914,360.9002,378.9774,1668747600,2046100.0,2022-11-18 05:00:00
365.8366,371.1047,363.066,367.3683,1669006800,1429400.0,2022-11-21 05:00:00
382.6456,384.3724,365.8366,370.7047,1669093200,2298700.0,2022-11-22 05:00:00
386.1772,390.3233,380.5286,380.8798,1669179600,1488700.0,2022-11-23 05:00:00
382.8797,386.1576,381.9139,385.2015,1669352400,861800.0,2022-11-25 05:00:00
376.2166,388.9574,374.1094,384.743,1669611600,1690700.0,2022-11-28 05:00:00
370.4315,375.9239,368.2072,372.3046,1669698000,1716300.0,2022-11-29 05:00:00
397.6302,401.4349,364.861,366.3146,1669784400,4902300.0,2022-11-30 05:00:00
405.903,408.0005,395.1035,397.9229,1669870800,1943100.0,2022-12-01 05:00:00
397.9523,399.1717,390.3819,392.0501,1669957200,1876000.0,2022-12-02 05:00:00
385.4845,394.3231,383.5723,391.3574,1670216400,1499000.0,2022-12-05 05:00:00
380.2554,385.8259,375.7483,385.7869,1670302800,1209800.0,2022-12-06 05:00:00
379.153,384.5577,375.9727,378.5775,1670389200,968600.0,2022-12-07 05:00:00
395.4548,396.7816,379.9433,382.031,1670475600,1525700.0,2022-12-08 05:00:00
390.0598,395.9132,389.5233,394.3133,1670562000,1061300.0,2022-12-09 05:00:00
400.7424,400.9375,388.5966,390.938,1670821200,1810500.0,2022-12-12 05:00:00
417.922,431.1799,411.893,421.5511,1670907600,3247700.0,2022-12-13 05:00:00
408.6834,423.629,405.981,416.1074,1670994000,1631400.0,2022-12-14 05:00:00
386.8405,405.0153,384.6064,400.8984,1671080400,1741300.0,2022-12-15 05:00:00
375.5727,384.3625,371.251,383.1333,1671166800,3565600.0,2022-12-16 05:00:00
374.1484,379.2408,368.2755,379.2408,1671426000,1535400.0,2022-12-19 05:00:00
377.6214,380.5286,371.5144,372.5387,1671512400,1320100.0,2022-12-20 05:00:00
383.7187,386.7039,374.8703,379.914,1671598800,1330100.0,2022-12-21 05:00:00
374.5679,378.2751,367.5536,375.9337,1671685200,1312600.0,2022-12-22 05:00:00
375.0947,376.0117,369.2511,373.9533,1671771600,705200.0,2022-12-23 05:00:00
373.7484,375.924,368.2365,374.0704,1672117200,823300.0,2022-12-27 05:00:00
367.3,379.0067,365.661,375.9434,1672203600,843600.0,2022-12-28 05:00:00
381.3188,382.4017,368.3341,371.0852,1672290000,1004600.0,2022-12-29 05:00:00
379.7091,379.9237,373.3289,376.5775,1672376400,948900.0,2022-12-30 05:00:00
381.6212,394.567,375.8069,387.0064,1672722000,1874000.0,2023-01-03 05:00:00
382.0016,389.9525,378.1287,387.8648,1672808400,1209700.0,2023-01-04 05:00:00
366.4414,378.0019,365.8366,376.9093,1672894800,1263800.0,2023-01-05 05:00:00
377.0751,379.8262,361.5636,370.9486,1672981200,1312700.0,2023-01-06 05:00:00
386.4595,393.5955,379.4408,382.3147,1673240400,1331600.0,2023-01-09 05:00:00
379.9491,386.088,376.8698,378.8738,1673326800,1069900.0,2023-01-10 05:00:00
386.4301,386.9385,375.6577,379.5581,1673413200,1587300.0,2023-01-11 05:00:00
387.7889,389.3236,377.3586,389.3236,1673499600,1099000.0,2023-01-12 05:00:00
384.3773,385.7654,377.7789,381.2394,1673586000,1311100.0,2023-01-13 05:00:00
381.4349,386.4106,378.0624,383.1945,1673931600,1658700.0,2023-01-17 05:00:00
377.3977,392.3052,376.9774,383.2923,1674018000,1603200.0,2023-01-18 05:00:00
370.0956,380.2326,369.7241,374.5336,1674104400,1082000.0,2023-01-19 05:00:00
389.1282,391.3178,373.9568,374.6606,1674190800,1702000.0,2023-01-20 05:00:00
400.7902,401.2887,390.1546,391.7284,1674450000,2211800.0,2023-01-23 05:00:00
392.53,400.7902,389.7831,400.7902,1674536400,1189600.0,2023-01-24 05:00:00
392.8721,394.8761,376.8307,385.4428,1674622800,1131900.0,2023-01-25 05:00:00
403.2829,403.9378,393.0481,400.7413,1674709200,1282600.0,2023-01-26 05:00:00
413.1266,419.0701,398.1215,399.1479,1674795600,1724800.0,2023-01-27 05:00:00
407.0953,411.0836,402.9799,406.7923,1675054800,1543400.0,2023-01-30 05:00:00
413.1756,413.42,405.7757,407.0953,1675141200,1174600.0,2023-01-31 05:00:00
425.7662,428.122,406.6651,410.9076,1675227600,1521700.0,2023-02-01 05:00:00
442.0031,447.6533,432.1593,433.9873,1675314000,1917600.0,2023-02-02 05:00:00
414.2411,431.0058,412.2176,430.8592,1675400400,1843200.0,2023-02-03 05:00:00
405.6681,408.8646,403.4295,408.2683,1675659600,1337900.0,2023-02-06 05:00:00
418.0632,420.2236,399.8321,403.4686,1675746000,1400700.0,2023-02-07 05:00:00
412.2665,420.9764,408.3173,417.0662,1675832400,1055000.0,2023-02-08 05:00:00
410.3114,422.2862,408.894,420.9665,1675918800,1098500.0,2023-02-09 05:00:00
404.2311,406.7629,399.7149,405.6778,1676005200,998400.0,2023-02-10 05:00:00
408.6985,409.8031,404.6124,406.6359,1676264400,1028900.0,2023-02-13 05:00:00
412.4913,416.6458,403.0092,407.0757,1676350800,878500.0,2023-02-14 05:00:00
411.7776,413.6838,405.1304,408.8939,1676437200,865200.0,2023-02-15 05:00:00
399.187,407.2224,397.4177,399.9788,1676523600,1281600.0,2023-02-16 05:00:00
395.2964,397.3786,387.9551,397.2808,1676610000,1626100.0,2023-02-17 05:00:00
387.3588,391.1712,384.8465,387.4468,1676955600,1331700.0,2023-02-21 05:00:00
397.2515,398.9231,388.8545,391.5329,1677042000,1688000.0,2023-02-22 05:00:00
402.6279,406.89,394.964,401.6015,1677128400,2476100.0,2023-02-23 05:00:00
410.3798,420.3311,395.0325,395.8927,1677214800,4044700.0,2023-02-24 05:00:00
403.3513,413.0583,402.7844,411.9146,1677474000,2166400.0,2023-02-27 05:00:00
398.0335,403.8009,396.2641,400.7901,1677560400,2218800.0,2023-02-28 05:00:00
392.2563,397.2515,387.5153,395.9025,1677646800,1651100.0,2023-03-01 05:00:00
391.3764,393.8398,385.0224,389.9003,1677733200,1516400.0,2023-03-02 05:00:00
399.3434,401.4939,391.1027,392.569,1677819600,1550900.0,2023-03-03 05:00:00
403.4393,410.2821,397.5839,399.4021,1678078800,1459200.0,2023-03-06 05:00:00
400.0962,408.806,399.2652,403.801,1678165200,1261400.0,2023-03-07 05:00:00
407.3104,408.7864,398.8351,398.9915,1678251600,1448800.0,2023-03-08 05:00:00
395.4919,415.1404,394.6708,409.3925,1678338000,1723800.0,2023-03-09 05:00:00
383.7908,395.5408,380.0859,394.3677,1678424400,2855200.0,2023-03-10 05:00:00
382.7643,388.8837,375.423,383.5953,1678680000,2394700.0,2023-03-13 04:00:00
399.1284,399.9495,389.9884,391.6307,1678766400,2236600.0,2023-03-14 04:00:00
397.1929,399.1088,392.6082,395.1987,1678852800,1852700.0,2023-03-15 04:00:00
408.7571,410.8393,392.1976,396.2838,1678939200,1965700.0,2023-03-16 04:00:00
404.3973,408.7571,399.3434,407.4668,1679025600,3124300.0,2023-03-17 04:00:00
402.5888,404.4852,396.6454,402.9016,1679284800,1520000.0,2023-03-20 04:00:00
412.5499,413.1951,401.9534,405.0326,1679371200,1439600.0,2023-03-21 04:00:00
404.9056,418.6204,404.7101,411.2791,1679457600,1558500.0,2023-03-22 04:00:00
422.775,425.1993,406.2448,409.7639,1679544000,2737900.0,2023-03-23 04:00:00
419.9206,422.296,412.9312,419.0897,1679630400,1659700.0,2023-03-24 04:00:00
417.3497,421.8366,413.7328,419.9988,1679889600,1677000.0,2023-03-27 04:00:00
409.9105,418.1219,407.584,417.3496,1679976000,1322300.0,2023-03-28 04:00:00
423.557,424.4759,414.4855,417.4767,1680062400,1320100.0,2023-03-29 04:00:00
430.2043,432.4721,427.5942,429.8426,1680148800,1515700.0,2023-03-30 04:00:00
435.8153,437.9757,431.5826,432.6872,1680235200,1700900.0,2023-03-31 04:00:00
430.7712,433.0586,426.3625,433.0586,1680494400,1234100.0,2023-04-03 04:00:00
429.9306,436.6951,427.2912,430.2629,1680580800,1120000.0,2023-04-04 04:00:00
429.2854,430.1652,422.1689,429.7546,1680667200,1494700.0,2023-04-05 04:00:00
437.5015,438.6571,423.3999,424.8395,1680753600,1673600.0,2023-04-06 04:00:00
435.5038,436.7181,426.9058,432.1449,1681099200,1165900.0,2023-04-10 04:00:00
428.4334,434.4167,425.3878,432.6932,1681185600,1267300.0,2023-04-11 04:00:00
426.0733,435.3275,425.4368,434.2796,1681272000,981600.0,2023-04-12 04:00:00
432.6541,434.3385,429.1091,430.3626,1681358400,970600.0,2023-04-13 04:00:00
432.468,434.4951,427.1995,429.9121,1681444800,1328700.0,2023-04-14 04:00:00
430.9697,434.7106,426.9253,434.7106,1681704000,993100.0,2023-04-17 04:00:00
433.4179,436.4145,430.4801,435.778,1681790400,878400.0,2023-04-18 04:00:00
436.2578,436.3851,427.9437,428.4236,1681876800,802700.0,2023-04-19 04:00:00
438.1282,441.7711,430.7641,430.7641,1681963200,1103700.0,2023-04-20 04:00:00
437.1489,443.3281,434.0837,439.3425,1682049600,1280600.0,2023-04-21 04:00:00
433.1535,440.8996,430.4899,440.7429,1682308800,1177100.0,2023-04-24 04:00:00
411.1296,429.491,410.1699,427.8948,1682395200,2269100.0,2023-04-25 04:00:00
405.1266,413.7541,404.3824,409.6509,1682481600,1947900.0,2023-04-26 04:00:00
420.2662,421.4708,405.7534,408.2211,1682568000,1479300.0,2023-04-27 04:00:00
434.7497,452.9153,415.9868,419.8451,1682654400,2538000.0,2023-04-28 04:00:00
433.3395,437.4818,430.8521,432.6344,1682913600,1419200.0,2023-05-01 04:00:00
427.415,436.1403,421.8821,435.8563,1683000000,1213500.0,2023-05-02 04:00:00
420.7461,431.8217,419.3262,431.0775,1683086400,1274800.0,2023-05-03 04:00:00
413.6953,423.7818,412.5789,423.6741,1683172800,1283800.0,2023-05-04 04:00:00
417.1228,430.1471,416.3687,419.0128,1683259200,1800100.0,2023-05-05 04:00:00
418.0433,418.905,407.9371,413.6757,1683518400,1359600.0,2023-05-08 04:00:00
418.8169,421.598,414.0478,415.644,1683604800,783700.0,2023-05-09 04:00:00
422.5773,427.2681,418.0825,424.0071,1683691200,1425100.0,2023-05-10 04:00:00
416.0847,423.9875,414.8704,423.3705,1683777600,1573300.0,2023-05-11 04:00:00
418.7581,421.0986,415.595,417.5536,1683864000,1224200.0,2023-05-12 04:00:00
417.3773,418.4153,401.9635,404.4411,1684123200,2088000.0,2023-05-15 04:00:00
412.6769,421.1672,410.3951,413.4015,1684209600,1574100.0,2023-05-16 04:00:00
422.9103,423.8798,411.443,414.5473,1684296000,1280900.0,2023-05-17 04:00:00
438.3828,439.4111,423.3607,424.575,1684382400,1770900.0,2023-05-18 04:00:00
436.7867,440.9388,435.6017,440.2043,1684468800,1234400.0,2023-05-19 04:00:00
444.6992,445.9625,436.2481,440.2924,1684728000,1948500.0,2023-05-22 04:00:00
440.4785,451.2016,440.4785,446.1387,1684814400,2658600.0,2023-05-23 04:00:00
407.3006,416.9073,404.7936,412.2753,1684900800,6664400.0,2023-05-24 04:00:00
404.5391,412.2753,399.0943,409.8271,1684987200,4119800.0,2023-05-25 04:00:00
409.7585,419.1302,404.5488,405.1853,1685073600,3287100.0,2023-05-26 04:00:00
397.6744,418.5134,397.2043,415.5756,1685419200,3400700.0,2023-05-30 04:00:00
410.4343,411.5409,391.9259,392.4841,1685505600,6180600.0,2023-05-31 04:00:00
413.3721,417.1717,407.6336,408.936,1685592000,1910500.0,2023-06-01 04:00:00
421.5686,423.6447,414.4787,414.4787,1685678400,1702000.0,2023-06-02 04:00:00
433.6628,435.5625,421.0595,421.5295,1685937600,2201400.0,2023-06-05 04:00:00
439.1956,448.6261,436.8258,437.3644,1686024000,1839600.0,2023-06-06 04:00:00
413.6071,443.5436,412.7062,438.8333,1686110400,2429900.0,2023-06-07 04:00:00
414.5864,418.6406,410.6105,412.6474,1686196800,1612300.0,2023-06-08 04:00:00
422.6067,423.0963,411.5409,414.0478,1686283200,1696600.0,2023-06-09 04:00:00
436.8748,437.6778,425.5739,426.279,1686542400,1937200.0,2023-06-12 04:00:00
438.2751,442.6231,432.8401,442.2902,1686628800,1324400.0,2023-06-13 04:00:00
436.9727,443.9745,431.332,438.6864,1686715200,1709100.0,2023-06-14 04:00:00
446.8536,449.6445,431.9,433.0262,1686801600,1658300.0,2023-06-15 04:00:00
445.6002,452.1221,440.8605,451.7108,1686888000,2619600.0,2023-06-16 04:00:00
445.6981,451.4464,441.7712,444.895,1687233600,1395000.0,2023-06-20 04:00:00
441.1934,446.08,439.9791,445.277,1687320000,1106500.0,2023-06-21 04:00:00
441.4969,442.3979,436.4145,439.4502,1687406400,1034800.0,2023-06-22 04:00:00
443.3086,447.6174,433.5648,434.6616,1687492800,1489900.0,2023-06-23 04:00:00
443.906,452.837,442.3,442.3,1687752000,1418200.0,2023-06-26 04:00:00
449.5173,451.2604,443.906,446.4424,1687838400,1253800.0,2023-06-27 04:00:00
450.1048,450.379,443.1323,449.6445,1687924800,1495400.0,2023-06-28 04:00:00
446.3737,451.3974,443.9843,451.1918,1688011200,1133100.0,2023-06-29 04:00:00
448.6946,452.4061,444.7481,447.3138,1688097600,1967100.0,2023-06-30 04:00:00
442.2119,445.5512,439.6951,443.3576,1688356800,1454500.0,2023-07-03 04:00:00
448.3519,448.773,437.7463,438.7158,1688529600,1360700.0,2023-07-05 04:00:00
442.1433,444.4544,434.9848,441.0661,1688616000,1156700.0,2023-07-06 04:00:00
439.6614,448.7158,439.3082,442.1531,1688702400,847800.0,2023-07-07 04:00:00
455.4943,457.7113,438.5039,438.9747,1688961600,2217700.0,2023-07-10 04:00:00
454.8763,457.9958,446.8912,456.7892,1689048000,1176500.0,2023-07-11 04:00:00
467.7662,469.3259,460.301,463.2734,1689134400,1681500.0,2023-07-12 04:00:00
472.1904,474.4074,469.5418,471.0132,1689220800,1477600.0,2023-07-13 04:00:00
474.7802,477.2229,469.326,469.8852,1689307200,1158100.0,2023-07-14 04:00:00
481.4802,483.3636,471.337,472.779,1689566400,1330500.0,2023-07-17 04:00:00
486.0025,488.2195,479.2044,481.4606,1689652800,1242700.0,2023-07-18 04:00:00
491.0349,498.4216,488.7688,494.2819,1689739200,2003800.0,2023-07-19 04:00:00
482.4219,493.811,481.5881,488.6511,1689825600,1277000.0,2023-07-20 04:00:00
483.1478,492.3886,482.5691,487.4052,1689912000,4574000.0,2023-07-21 04:00:00
479.2043,489.0827,476.6734,487.1404,1690171200,1251600.0,2023-07-24 04:00:00
487.0227,490.3286,479.4889,479.4889,1690257600,1122700.0,2023-07-25 04:00:00
487.4053,489.2789,482.5397,483.3245,1690344000,1760900.0,2023-07-26 04:00:00
487.0815,496.1751,485.3747,494.5369,1690430400,1620300.0,2023-07-27 04:00:00
502.1003,503.454,491.9472,491.9472,1690516800,1867100.0,2023-07-28 04:00:00
501.9629,504.3565,498.8827,501.8158,1690776000,1531100.0,2023-07-31 04:00:00
498.8237,500.8445,493.2616,500.8445,1690862400,1495700.0,2023-08-01 04:00:00
488.5726,493.7521,483.4421,492.2218,1690948800,1170300.0,2023-08-02 04:00:00
487.523,490.7994,481.6175,485.9142,1691035200,911200.0,2023-08-03 04:00:00
487.523,499.1867,486.8265,493.654,1691121600,1179000.0,2023-08-04 04:00:00
495.6454,496.3027,490.3187,490.8288,1691380800,784200.0,2023-08-07 04:00:00
491.2801,491.908,481.7843,490.2795,1691467200,987100.0,2023-08-08 04:00:00
487.2483,493.5755,484.6879,491.7411,1691553600,1081600.0,2023-08-09 04:00:00
491.9276,501.031,488.8571,494.4094,1691640000,1012700.0,2023-08-10 04:00:00
488.298,494.2132,486.7971,488.3372,1691726400,1005500.0,2023-08-11 04:00:00
496.1752,497.0581,485.8259,488.0822,1691985600,1453200.0,2023-08-14 04:00:00
487.7191,496.5282,486.3556,492.7907,1692072000,1136700.0,2023-08-15 04:00:00
486.2183,494.4977,486.0614,487.6505,1692158400,1056300.0,2023-08-16 04:00:00
477.1934,487.3562,475.9181,486.4145,1692244800,1098600.0,2023-08-17 04:00:00
476.7126,479.4692,468.6687,470.7778,1692331200,954400.0,2023-08-18 04:00:00
478.9689,480.6758,472.7103,478.4882,1692590400,1206100.0,2023-08-21 04:00:00
478.6158,485.0215,476.7127,480.8524,1692676800,898700.0,2023-08-22 04:00:00
491.3291,493.5461,479.9597,479.9597,1692763200,1458600.0,2023-08-23 04:00:00
489.014,498.8728,487.003,494.8214,1692849600,2217600.0,2023-08-24 04:00:00
509.1729,511.8903,484.8351,484.8351,1692936000,2457300.0,2023-08-25 04:00:00
508.9964,512.7241,504.0524,509.173,1693195200,1307800.0,2023-08-28 04:00:00
526.2811,527.2425,506.7991,507.9958,1693281600,1570200.0,2023-08-29 04:00:00
530.2933,532.6673,526.0752,527.4681,1693368000,1688000.0,2023-08-30 04:00:00
531.5,534.6293,524.4174,530.2934,1693454400,1776200.0,2023-08-31 04:00:00
539.1417,539.3869,530.1756,534.953,1693540800,1336500.0,2023-09-01 04:00:00
540.1031,544.439,535.159,538.2001,1693886400,1372200.0,2023-09-05 04:00:00
540.4661,543.0852,535.2277,538.9651,1693972800,1237000.0,2023-09-06 04:00:00
543.0754,546.8522,537.4937,539.3575,1694059200,1209700.0,2023-09-07 04:00:00
540.0834,548.0097,539.3085,541.8001,1694145600,1245000.0,2023-09-08 04:00:00
538.8474,543.1538,537.5525,540.721,1694404800,1242500.0,2023-09-11 04:00:00
535.6102,537.2974,529.7342,532.6673,1694491200,1312600.0,2023-09-12 04:00:00
531.6373,535.2669,528.6061,533.8837,1694577600,1136200.0,2023-09-13 04:00:00
537.1796,539.0631,527.7231,534.7468,1694664000,973400.0,2023-09-14 04:00:00
527.8409,537.7193,526.7912,537.7094,1694750400,2445500.0,2023-09-15 04:00:00
524.8293,528.1842,523.5933,526.1144,1695009600,886900.0,2023-09-18 04:00:00
519.1201,520.7387,516.1183,520.0422,1695096000,1026400.0,2023-09-19 04:00:00
513.6266,521.3076,513.45,520.9937,1695182400,945300.0,2023-09-20 04:00:00
494.7723,511.4488,493.7815,509.6929,1695268800,1729200.0,2023-09-21 04:00:00
498.8924,502.3945,491.1329,494.4094,1695355200,1233800.0,2023-09-22 04:00:00
498.6374,501.4724,494.7528,496.5773,1695614400,1279200.0,2023-09-25 04:00:00
493.6148,499.1867,490.6719,497.8821,1695700800,1233600.0,2023-09-26 04:00:00
498.5687,501.698,493.399,497.9213,1695787200,1260200.0,2023-09-27 04:00:00
502.4926,507.8193,491.6431,494.8607,1695873600,1262700.0,2023-09-28 04:00:00
501.2173,514.1465,498.3234,512.0963,1695960000,1499600.0,2023-09-29 04:00:00
507.9468,508.4079,499.2358,501.1094,1696219200,1621600.0,2023-10-02 04:00:00
497.8232,508.604,494.7822,501.5607,1696305600,1741600.0,2023-10-03 04:00:00
507.6133,510.0069,498.9905,503.5717,1696392000,1561000.0,2023-10-04 04:00:00
507.3578,511.0723,501.7172,507.063,1696478400,1118700.0,2023-10-05 04:00:00
524.0633,525.3997,502.4247,503.1322,1696564800,1766700.0,2023-10-06 04:00:00
525.6454,526.2743,517.1354,518.6193,1696824000,1047700.0,2023-10-09 04:00:00
530.7553,535.8161,521.469,522.9332,1696910400,1369300.0,2023-10-10 04:00:00
532.2,535.1774,527.4634,532.2687,1696996800,884200.0,2023-10-11 04:00:00
533.9982,540.592,531.2566,535.6492,1697083200,1520700.0,2023-10-12 04:00:00
523.8176,536.1798,521.1153,533.9982,1697169600,1627000.0,2023-10-13 04:00:00
531.5318,534.0867,525.2131,530.4902,1697428800,1063900.0,2023-10-16 04:00:00
529.4484,536.6121,523.8274,526.687,1697515200,1396100.0,2023-10-17 04:00:00
518.2852,527.8467,516.4672,526.0287,1697601600,1143100.0,2023-10-18 04:00:00
512.4874,524.8397,510.8954,521.3118,1697688000,1328300.0,2023-10-19 04:00:00
498.0321,512.507,496.0275,511.2786,1697774400,1873300.0,2023-10-20 04:00:00
495.3003,504.223,489.8464,496.2535,1698033600,1523300.0,2023-10-23 04:00:00
497.0593,504.2526,490.7997,497.7177,1698120000,958900.0,2023-10-24 04:00:00
474.664,491.9297,473.927,491.7332,1698206400,2459400.0,2023-10-25 04:00:00
471.146,478.4866,465.358,474.6345,1698292800,1584400.0,2023-10-26 04:00:00
471.2148,474.153,465.6823,471.3328,1698379200,1563800.0,2023-10-27 04:00:00
479.0566,481.2087,473.4455,475.3126,1698638400,1410200.0,2023-10-30 04:00:00
486.3776,487.999,477.0421,480.5502,1698724800,1071900.0,2023-10-31 04:00:00
480.6977,484.9625,473.5929,484.1567,1698811200,2041200.0,2023-11-01 04:00:00
491.6841,495.2708,481.8572,490.269,1698897600,1509200.0,2023-11-02 04:00:00
489.8759,494.2488,481.0711,484.3434,1698984000,2419600.0,2023-11-03 04:00:00
491.8315,491.9494,485.788,490.4361,1699246800,1475500.0,2023-11-06 05:00:00
505.0092,508.37,498.1894,499.3784,1699333200,1409200.0,2023-11-07 05:00:00
513.3325,515.1603,506.4046,512.1828,1699419600,1428400.0,2023-11-08 05:00:00
505.6282,518.1378,505.0681,509.6572,1699506000,1384000.0,2023-11-09 05:00:00
519.7298,520.8992,507.3087,510.5319,1699592400,1147800.0,2023-11-10 05:00:00
522.9628,525.1738,514.2562,516.5262,1699851600,1177100.0,2023-11-13 05:00:00
545.8986,548.3258,532.0232,532.0232,1699938000,2005700.0,2023-11-14 05:00:00
545.9181,557.2091,545.073,549.3083,1700024400,1711300.0,2023-11-15 05:00:00
547.3037,550.7725,543.1076,547.5592,1700110800,1198400.0,2023-11-16 05:00:00
550.4581,551.4703,544.4245,546.9991,1700197200,1127100.0,2023-11-17 05:00:00
554.723,555.7941,549.161,554.2316,1700456400,1008800.0,2023-11-20 05:00:00
552.4432,555.1161,550.3009,550.3894,1700542800,1001000.0,2023-11-21 05:00:00
554.4577,561.9163,553.7305,558.1526,1700629200,899300.0,2023-11-22 05:00:00
554.3004,555.1357,550.35,552.7478,1700802000,607300.0,2023-11-24 05:00:00
551.5096,556.4722,549.3182,552.1778,1701061200,1633600.0,2023-11-27 05:00:00
555.2831,557.3271,548.2864,549.9078,1701147600,1745500.0,2023-11-28 05:00:00
567.2325,588.6255,565.9256,572.8928,1701234000,2489600.0,2023-11-29 05:00:00
561.5624,572.0771,555.8924,567.3897,1701320400,1941100.0,2023-11-30 05:00:00
564.3729,566.692,554.6738,561.5035,1701406800,1334000.0,2023-12-01 05:00:00
560.5895,561.2873,550.9691,558.7716,1701666000,1335800.0,2023-12-04 05:00:00
561.8769,562.3584,553.6322,555.5484,1701752400,988900.0,2023-12-05 05:00:00
556.423,566.2399,555.9022,565.4342,1701838800,1109500.0,2023-12-06 05:00:00
561.5919,563.0757,555.0865,560.3537,1701925200,898900.0,2023-12-07 05:00:00
563.9602,564.6775,554.6149,556.3542,1702011600,1195200.0,2023-12-08 05:00:00
576.4991,578.8576,567.0065,567.3209,1702270800,1617300.0,2023-12-11 05:00:00
583.889,584.567,573.4332,578.0814,1702357200,1252000.0,2023-12-12 05:00:00
599.6512,599.8576,583.4272,587.692,1702443600,1606600.0,2023-12-13 05:00:00
590.7676,606.9131,585.6381,604.0437,1702530000,2546800.0,2023-12-14 05:00:00
597.9708,601.2726,591.6718,591.6718,1702616400,3455500.0,2023-12-15 05:00:00
607.7189,609.5467,599.1794,599.8084,1702875600,1538700.0,2023-12-18 05:00:00
610.6964,611.4334,604.0633,604.8199,1702962000,1252100.0,2023-12-19 05:00:00
605.0461,616.9562,604.8397,608.2988,1703048400,1536500.0,2023-12-20 05:00:00
610.2346,612.819,607.4732,609.2617,1703134800,1000900.0,2023-12-21 05:00:00
613.2612,614.3225,606.9819,612.0427,1703221200,820800.0,2023-12-22 05:00:00
614.0276,617.4474,611.9443,614.3421,1703566800,638300.0,2023-12-26 05:00:00
618.2238,618.892,611.4826,613.1827,1703653200,734400.0,2023-12-27 05:00:00
617.1428,620.14,616.3173,619.8157,1703739600,680700.0,2023-12-28 05:00:00
614.2046,619.9041,611.6791,617.1428,1703826000,724700.0,2023-12-29 05:00:00
593.3029,612.2686,589.2444,611.4727,1704171600,1666700.0,2024-01-02 05:00:00
580.9017,588.0163,579.2016,587.2105,1704258000,1439400.0,2024-01-03 05:00:00
576.6564,584.2132,575.6639,580.3807,1704344400,956700.0,2024-01-04 05:00:00
578.8183,581.9137,575.998,576.6564,1704430800,838900.0,2024-01-05 05:00:00
588.0163,590.1487,581.6682,582.8277,1704690000,1689700.0,2024-01-08 05:00:00
595.5942,597.1295,580.7925,581.7865,1704776400,1271100.0,2024-01-09 05:00:00
599.0584,603.6446,593.4684,593.5668,1704862800,1292400.0,2024-01-10 05:00:00
599.0684,605.9181,590.9982,601.4894,1704949200,1315200.0,2024-01-11 05:00:00
602.1094,604.2648,596.4801,602.3063,1705035600,802400.0,2024-01-12 05:00:00
594.2656,603.251,591.6969,598.1235,1705381200,1433100.0,2024-01-16 05:00:00
590.3387,592.3071,583.8924,591.0473,1705467600,1540000.0,2024-01-17 05:00:00
601.6763,602.4242,592.2677,593.8424,1705554000,1147700.0,2024-01-18 05:00:00
612.3249,614.2637,601.2924,605.1405,1705640400,1334400.0,2024-01-19 05:00:00
620.6215,622.4225,616.0845,616.6258,1705899600,954400.0,2024-01-22 05:00:00
625.7488,626.6051,614.2539,620.6017,1705986000,853500.0,2024-01-23 05:00:00
626.1031,634.5177,624.745,631.5849,1706072400,1017300.0,2024-01-24 05:00:00
631.3291,639.1827,626.9791,639.1827,1706158800,1043400.0,2024-01-25 05:00:00
631.2011,635.9645,629.5773,632.6183,1706245200,770900.0,2024-01-26 05:00:00
642.5387,643.6607,631.9196,632.8152,1706504400,869200.0,2024-01-29 05:00:00
637.4604,641.8104,635.8956,637.6277,1706590800,1114600.0,2024-01-30 05:00:00
621.33,632.3526,616.2911,631.6636,1706677200,1208500.0,2024-01-31 05:00:00
622.8358,624.8238,613.3288,621.517,1706763600,1034100.0,2024-02-01 05:00:00
629.4494,632.3527,618.2693,618.2693,1706850000,1287300.0,2024-02-02 05:00:00
630.4531,631.6932,619.3125,628.5636,1707109200,1007900.0,2024-02-05 05:00:00
625.237,635.6199,620.9559,634.3799,1707195600,908600.0,2024-02-06 05:00:00
632.9826,639.0254,626.8906,630.3943,1707282000,970400.0,2024-02-07 05:00:00
642.7256,643.8771,632.9824,636.1908,1707368400,1005700.0,2024-02-08 05:00:00
647.735,652.3311,644.32,647.115,1707454800,1005100.0,2024-02-09 05:00:00
646.5836,649.2704,641.5644,645.3337,1707714000,1279100.0,2024-02-12 05:00:00
628.1797,636.1613,618.7417,624.4794,1707800400,1785100.0,2024-02-13 05:00:00
646.7214,647.2332,632.8053,632.8053,1707886800,1285400.0,2024-02-14 05:00:00
653.7581,654.2994,646.5934,652.1637,1707973200,1438000.0,2024-02-15 05:00:00
645.3534,652.4984,640.8066,652.4591,1708059600,1336800.0,2024-02-16 05:00:00
635.6789,645.058,630.8959,640.4029,1708405200,1470600.0,2024-02-20 05:00:00
628.16,633.6418,620.5327,630.3546,1708491600,1144700.0,2024-02-21 05:00:00
647.4988,648.9357,639.2319,639.783,1708578000,1975600.0,2024-02-22 05:00:00
649.3589,657.6554,635.9153,642.4206,1708664400,1740400.0,2024-02-23 05:00:00
653.3251,657.7045,641.1412,648.6011,1708923600,1579400.0,2024-02-26 05:00:00
658.7577,660.106,650.8549,654.4668,1709010000,1059200.0,2024-02-27 05:00:00
648.7191,655.1851,645.8651,651.4158,1709096400,1059700.0,2024-02-28 05:00:00
652.3902,656.9961,649.546,651.0419,1709182800,1934100.0,2024-02-29 05:00:00
655.9626,656.5432,645.8257,648.6109,1709269200,1003900.0,2024-03-01 05:00:00
657.8227,660.3815,650.1364,653.8172,1709528400,896700.0,2024-03-04 05:00:00
629.5969,654.9785,621.5957,654.132,1709614800,1382000.0,2024-03-05 05:00:00
639.9797,640.6686,630.1578,635.5412,1709701200,1070900.0,2024-03-06 05:00:00
639.0547,646.5933,636.3187,645.6092,1709787600,903200.0,2024-03-07 05:00:00
641.4069,646.7902,631.7129,633.947,1709874000,1054500.0,2024-03-08 05:00:00
640.5605,642.8142,628.4947,638.8678,1710129600,1045700.0,2024-03-11 04:00:00
652.144,655.9035,637.3718,645.3435,1710216000,1097300.0,2024-03-12 04:00:00
644.694,651.0713,643.326,649.5459,1710302400,954900.0,2024-03-13 04:00:00
639.7436,649.5459,635.3346,649.5459,1710388800,1129100.0,2024-03-14 04:00:00
615.6121,638.7201,611.203,635.2657,1710475200,3145800.0,2024-03-15 04:00:00
620.405,626.6642,618.9976,620.2081,1710734400,1811000.0,2024-03-18 04:00:00
624.499,625.2765,615.6809,621.4973,1710820800,1675700.0,2024-03-19 04:00:00
629.5182,632.0081,623.2786,625.1289,1710907200,1335500.0,2024-03-20 04:00:00
640.9739,648.6799,630.3548,633.3171,1710993600,1347500.0,2024-03-21 04:00:00
633.5434,640.2849,629.2918,639.1925,1711080000,838600.0,2024-03-22 04:00:00
628.9672,631.8015,621.9107,627.4811,1711339200,1020900.0,2024-03-25 04:00:00
629.9119,633.9076,628.8392,631.9884,1711425600,1002100.0,2024-03-26 04:00:00
638.4642,639.6747,630.3449,635.5905,1711512000,1119700.0,2024-03-27 04:00:00
639.7042,644.625,637.4702,640.5998,1711598400,1163200.0,2024-03-28 04:00:00
629.7053,644.0347,625.808,642.7848,1711944000,697000.0,2024-04-01 04:00:00
616.6651,620.4541,612.4332,620.4541,1712030400,2119200.0,2024-04-02 04:00:00
613.132,622.8358,611.6066,616.6652,1712116800,1566500.0,2024-04-03 04:00:00
611.4393,626.9693,610.5043,623.7413,1712203200,1293300.0,2024-04-04 04:00:00
625.6701,627.1562,611.7049,613.624,1712289600,1619800.0,2024-04-05 04:00:00
635.0591,637.1356,626.989,629.0458,1712548800,1016600.0,2024-04-08 04:00:00
634.7732,641.0116,627.1156,640.5977,1712635200,847600.0,2024-04-09 04:00:00
619.2707,626.0906,617.4869,621.6163,1712721600,962100.0,2024-04-10 04:00:00
618.6302,624.5435,614.8064,621.8036,1712808000,1612700.0,2024-04-11 04:00:00
612.1256,617.1715,607.1783,609.5435,1712894400,1454600.0,2024-04-12 04:00:00
603.2657,620.8871,601.6593,620.1776,1713153600,1065800.0,2024-04-15 04:00:00
602.6448,609.6126,602.0831,604.7736,1713240000,1264800.0,2024-04-16 04:00:00
604.34,608.8635,602.9898,606.4884,1713326400,1117400.0,2024-04-17 04:00:00
599.5798,607.9667,597.5102,607.9667,1713412800,790900.0,2024-04-18 04:00:00
596.4161,602.3491,589.3597,600.3189,1713499200,1608900.0,2024-04-19 04:00:00
600.9496,605.1874,592.208,599.6586,1713758400,1056800.0,2024-04-22 04:00:00
621.7543,623.6761,603.2164,606.2222,1713844800,1461900.0,2024-04-23 04:00:00
626.2977,632.8219,613.5547,614.4811,1713931200,1378200.0,2024-04-24 04:00:00
617.3293,623.6663,610.8247,621.5375,1714017600,1243000.0,2024-04-25 04:00:00
627.3423,630.8706,617.5265,617.9995,1714104000,1192500.0,2024-04-26 04:00:00
629.1558,635.6603,625.2038,628.1111,1714363200,886500.0,2024-04-29 04:00:00
616.5705,628.6926,616.1861,627.7958,1714449600,1309700.0,2024-04-30 04:00:00
606.3011,620.5519,601.2158,616.0875,1714536000,1199100.0,2024-05-01 04:00:00
605.1579,611.8793,598.5055,608.1342,1714622400,1103500.0,2024-05-02 04:00:00
620.1676,622.2569,613.1506,614.757,1714708800,1109500.0,2024-05-03 04:00:00
625.4599,625.8147,618.502,623.1242,1714968000,802900.0,2024-05-06 04:00:00
631.8759,632.3292,622.1782,625.9035,1715054400,757700.0,2024-05-07 04:00:00
623.2819,632.1517,620.4238,631.8758,1715140800,889800.0,2024-05-08 04:00:00
617.7925,624.711,615.1808,623.2819,1715227200,1292700.0,2024-05-09 04:00:00
623.1636,628.6531,618.9258,619.5073,1715313600,917400.0,2024-05-10 04:00:00
618.1177,628.9389,616.8168,628.9389,1715572800,916200.0,2024-05-13 04:00:00
626.2286,628.2392,614.146,615.6736,1715659200,879700.0,2024-05-14 04:00:00
645.6536,647.398,632.7135,634.586,1715745600,1082800.0,2024-05-15 04:00:00
643.9189,648.7678,642.4012,645.2199,1715832000,957200.0,2024-05-16 04:00:00
651.616,652.1778,645.2495,645.7718,1715918400,774700.0,2024-05-17 04:00:00
660.4563,661.7769,649.9307,650.3348,1716177600,931500.0,2024-05-20 04:00:00
658.16,660.8997,655.5089,660.8997,1716264000,1092000.0,2024-05-21 04:00:00
660.5746,663.886,656.5635,660.683,1716350400,987000.0,2024-05-22 04:00:00
652.6804,666.8327,649.9603,665.2361,1716436800,1886200.0,2024-05-23 04:00:00
598.2099,614.9739,591.8039,612.0173,1716523200,4252600.0,2024-05-24 04:00:00
591.3407,596.3472,583.5747,595.8347,1716868800,2640000.0,2024-05-28 04:00:00
589.626,602.4576,584.6194,584.6194,1716955200,1892800.0,2024-05-29 04:00:00
554.8266,579.9479,552.7964,579.9479,1717041600,3409600.0,2024-05-30 04:00:00
568.1017,569.0577,549.2287,553.6242,1717128000,3136200.0,2024-05-31 04:00:00
559.0152,568.1807,554.4719,567.2839,1717387200,1566900.0,2024-06-03 04:00:00
563.7852,566.042,555.5461,560.1584,1717473600,1171900.0,2024-06-04 04:00:00
565.9633,566.525,552.422,563.6078,1717560000,1595800.0,2024-06-05 04:00:00
564.3666,567.2739,561.7648,565.4408,1717646400,1448700.0,2024-06-06 04:00:00
565.5986,567.954,558.2662,564.3863,1717732800,1048600.0,2024-06-07 04:00:00
559.0349,564.4356,557.5861,561.1932,1717992000,1567000.0,2024-06-10 04:00:00
558.5027,561.1833,554.4324,556.8273,1718078400,1571000.0,2024-06-11 04:00:00
583.6536,593.9524,570.2799,571.6104,1718164800,2591800.0,2024-06-12 04:00:00
586.0189,591.7251,577.5531,585.9302,1718251200,2132100.0,2024-06-13 04:00:00
587.0833,591.3013,585.9893,589.7442,1718337600,1070500.0,2024-06-14 04:00:00
593.8045,595.884,577.7698,581.3079,1718596800,1248700.0,2024-06-17 04:00:00
600.861,601.6199,593.1936,594.9971,1718683200,1375900.0,2024-06-18 04:00:00
607.1683,608.7254,599.5008,601.6592,1718856000,1840000.0,2024-06-20 04:00:00
623.0059,624.977,609.6026,616.7872,1718942400,3682500.0,2024-06-21 04:00:00
614.8555,624.5532,613.4561,621.5966,1719201600,1606000.0,2024-06-24 04:00:00
621.3503,621.4291,615.3583,620.0691,1719288000,1271900.0,2024-06-25 04:00:00
628.2588,629.4119,615.4567,618.9159,1719374400,1169600.0,2024-06-26 04:00:00
642.0169,647.6541,626.3173,629.8357,1719460800,1478000.0,2024-06-27 04:00:00
647.7035,652.9268,638.607,642.5688,1719547200,1754000.0,2024-06-28 04:00:00
641.3567,643.6825,633.1866,643.0715,1719806400,1195000.0,2024-07-01 04:00:00
646.7277,647.4964,640.2921,641.5832,1719892800,951100.0,2024-07-02 04:00:00
650.3546,652.8579,641.1398,641.8494,1719979200,931900.0,2024-07-03 04:00:00
659.0765,664.5857,643.9091,645.5254,1720152000,1517100.0,2024-07-05 04:00:00
650.0392,653.4984,646.4518,651.0247,1720411200,1022500.0,2024-07-08 04:00:00
641.0117,650.4531,639.7009,650.0392,1720497600,861300.0,2024-07-09 04:00:00
624.5502,628.3498,614.4937,628.3498,1720584000,1962600.0,2024-07-10 04:00:00
621.1651,634.7449,619.0038,630.2249,1720670400,1234600.0,2024-07-11 04:00:00
633.5409,637.6365,621.3526,623.366,1720756800,1044900.0,2024-07-12 04:00:00
649.5581,649.9134,631.7939,632.6426,1721016000,1043700.0,2024-07-15 04:00:00
657.4239,659.8813,646.943,651.3544,1721102400,988700.0,2024-07-16 04:00:00
650.2787,657.5917,649.4398,654.3842,1721188800,1156300.0,2024-07-17 04:00:00
629.1195,652.9926,624.412,652.9926,1721275200,1383900.0,2024-07-18 04:00:00
628.2214,632.0604,624.1159,630.4123,1721361600,1056400.0,2024-07-19 04:00:00
636.0771,637.518,627.5799,635.179,1721620800,1473500.0,2024-07-22 04:00:00
628.7543,639.7682,628.2708,635.2482,1721707200,1193600.0,2024-07-23 04:00:00
612.1152,628.7149,610.9902,621.5698,1721793600,1590200.0,2024-07-24 04:00:00
618.1157,632.7218,612.1449,621.6191,1721880000,1241000.0,2024-07-25 04:00:00
625.0634,635.0705,620.1684,624.3133,1721966400,987100.0,2024-07-26 04:00:00
628.024,634.2218,621.3428,629.0998,1722225600,1242200.0,2024-07-29 04:00:00
627.4714,637.0246,621.2835,631.6164,1722312000,1064200.0,2024-07-30 04:00:00
638.87,653.9893,633.5013,643.4591,1722398400,1423900.0,2024-07-31 04:00:00
629.465,651.5617,621.8363,638.5248,1722484800,1301200.0,2024-08-01 04:00:00
615.747,618.7275,603.0851,618.7275,1722571200,1788700.0,2024-08-02 04:00:00
595.0714,606.7169,589.3967,600.2922,1722830400,1786900.0,2024-08-05 04:00:00
604.2693,613.9113,599.0684,602.1376,1722916800,1339500.0,2024-08-06 04:00:00
601.4666,621.8658,600.0652,614.7997,1723003200,1123400.0,2024-08-07 04:00:00
617.9183,620.3066,605.7004,607.4572,1723089600,1042400.0,2024-08-08 04:00:00
621.9448,626.4746,614.0496,616.8129,1723176000,802800.0,2024-08-09 04:00:00
619.1912,626.968,616.6451,620.9775,1723435200,647000.0,2024-08-12 04:00:00
637.37,640.0642,621.7572,626.3759,1723521600,1040100.0,2024-08-13 04:00:00
628.399,631.8433,616.8128,619.0531,1723608000,1501200.0,2024-08-14 04:00:00
643.5974,644.4067,635.7614,636.9358,1723694400,937100.0,2024-08-15 04:00:00
644.9691,648.591,642.413,644.1006,1723780800,765800.0,2024-08-16 04:00:00
654.6111,656.0027,644.4658,645.9264,1724040000,1217300.0,2024-08-19 04:00:00
658.5391,660.9273,653.2098,654.6112,1724126400,1110800.0,2024-08-20 04:00:00
661.707,663.7301,656.2593,660.9175,1724212800,1256100.0,2024-08-21 04:00:00
656.5752,665.9409,654.4435,664.1941,1724299200,1467700.0,2024-08-22 04:00:00
611.7303,651.3544,602.4041,651.3544,1724385600,4113400.0,2024-08-23 04:00:00
609.036,625.6456,607.6642,614.839,1724644800,1968100.0,2024-08-26 04:00:00
618.1157,620.1487,603.6773,607.4176,1724731200,1477700.0,2024-08-27 04:00:00
608.9572,619.6453,606.3616,616.1418,1724817600,1035000.0,2024-08-28 04:00:00
614.6416,623.2671,613.0823,614.4837,1724904000,986600.0,2024-08-29 04:00:00
622.004,622.902,609.3124,616.8326,1724990400,2069500.0,2024-08-30 04:00:00
616.6254,630.5111,612.8653,624.3529,1725336000,1324700.0,2024-09-03 04:00:00
614.9377,618.1747,609.4209,612.8949,1725422400,866900.0,2024-09-04 04:00:00
613.3389,614.7699,603.9042,613.2205,1725508800,773500.0,2024-09-05 04:00:00
607.0622,617.9082,603.7956,616.8128,1725595200,999700.0,2024-09-06 04:00:00
618.7768,620.5039,608.9177,613.3488,1725854400,1005800.0,2024-09-09 04:00:00
625.32,625.4483,612.7271,622.3494,1725940800,1022200.0,2024-09-10 04:00:00
635.485,637.291,605.9076,623.4152,1726027200,1327000.0,2024-09-11 04:00:00
637.9029,638.4161,629.9781,635.2975,1726113600,1178500.0,2024-09-12 04:00:00
646.7259,652.2427,632.9685,634.4785,1726200000,1226500.0,2024-09-13 04:00:00
637.7845,647.4166,635.0014,646.6567,1726459200,939700.0,2024-09-16 04:00:00
636.3732,641.4854,635.7712,641.4854,1726545600,934600.0,2024-09-17 04:00:00
624.7772,637.6661,623.8198,634.508,1726632000,1000200.0,2024-09-18 04:00:00
645.6698,651.9564,637.597,642.5315,1726718400,1567400.0,2024-09-19 04:00:00
636.541,642.6992,630.4123,635.9192,1726804800,2961000.0,2024-09-20 04:00:00
633.5605,640.9919,631.1328,640.9919,1727064000,1069400.0,2024-09-23 04:00:00
629.8399,635.5343,627.195,632.5638,1727150400,1454600.0,2024-09-24 04:00:00
626.4252,634.7646,624.0567,626.5733,1727236800,1414600.0,2024-09-25 04:00:00
628.4879,637.4588,625.5667,636.5509,1727323200,1084500.0,2024-09-26 04:00:00
610.9211,630.1261,610.2302,628.4879,1727409600,1425200.0,2024-09-27 04:00:00
612.8652,615.5299,608.1281,610.1019,1727668800,1361500.0,2024-09-30 04:00:00
598.3381,610.4967,595.9399,609.9243,1727755200,1869100.0,2024-10-01 04:00:00
599.325,604.6049,596.3446,599.4434,1727841600,1164600.0,2024-10-02 04:00:00
595.9004,599.0486,592.0318,593.4331,1727928000,1289800.0,2024-10-03 04:00:00
602.6706,606.2926,597.1933,600.233,1728014400,1220200.0,2024-10-04 04:00:00
594.5385,602.5422,592.841,599.0782,1728273600,1711200.0,2024-10-07 04:00:00
605.3353,606.4998,595.9104,600.0455,1728360000,1201900.0,2024-10-08 04:00:00
613.4672,613.8225,603.5982,606.9438,1728446400,1183600.0,2024-10-09 04:00:00
612.2119,614.3769,608.9497,610.9268,1728532800,1127800.0,2024-10-10 04:00:00
609.6218,615.2269,606.7056,612.0932,1728619200,1275700.0,2024-10-11 04:00:00
610.0963,613.2102,605.7862,613.2102,1728878400,990100.0,2024-10-14 04:00:00
610.818,615.909,608.7124,612.7259,1728964800,1259300.0,2024-10-15 04:00:00
602.4152,610.9959,600.5073,609.5229,1729051200,1132400.0,2024-10-16 04:00:00
602.2571,612.0537,600.8929,611.9944,1729137600,1135300.0,2024-10-17 04:00:00
606.2706,608.396,593.2414,594.4574,1729224000,1299500.0,2024-10-18 04:00:00
606.9033,608.574,600.1614,601.2685,1729483200,1057900.0,2024-10-21 04:00:00
602.6129,606.2705,598.3522,601.9505,1729569600,1088400.0,2024-10-22 04:00:00
595.1198,603.0085,592.7868,601.061,1729656000,1119200.0,2024-10-23 04:00:00
597.0671,601.8221,595.1098,596.0094,1729742400,883200.0,2024-10-24 04:00:00
602.2967,610.1557,600.8732,603.0183,1729828800,1000700.0,2024-10-25 04:00:00
605.0844,606.7451,600.9324,605.8258,1730088000,1292000.0,2024-10-28 04:00:00
616.5615,618.4397,602.4054,605.974,1730174400,1134700.0,2024-10-29 04:00:00
614.0011,622.2654,612.8148,616.6504,1730260800,1082400.0,2024-10-30 04:00:00
603.3148,614.6239,601.5848,613.0718,1730347200,1478600.0,2024-10-31 04:00:00
614.6238,619.2107,596.0983,598.0754,1730433600,1437000.0,2024-11-01 04:00:00
611.9252,617.3721,608.7816,615.8695,1730696400,1152500.0,2024-11-04 05:00:00
611.7473,615.1676,603.7202,612.7654,1730782800,1564100.0,2024-11-05 05:00:00
640.9689,660.3544,635.3934,635.7592,1730869200,2963700.0,2024-11-06 05:00:00
666.434,667.3731,644.2805,644.2805,1730955600,1927600.0,2024-11-07 05:00:00
676.3888,680.9955,664.536,670.24,1731042000,1705800.0,2024-11-08 05:00:00
689.3685,690.9601,674.4907,675.9637,1731301200,1514400.0,2024-11-11 05:00:00
691.4642,695.8238,686.3534,687.0454,1731387600,1409500.0,2024-11-12 05:00:00
698.1666,706.599,687.0652,689.2696,1731474000,1472300.0,2024-11-13 05:00:00
692.7395,697.9195,685.4638,693.5501,1731560400,1769600.0,2024-11-14 05:00:00
679.997,684.92,672.4247,683.2493,1731646800,1798900.0,2024-11-15 05:00:00
671.0407,680.2442,668.0652,677.8025,1731906000,1580300.0,2024-11-18 05:00:00
636.7972,639.4664,625.162,628.8196,1731992400,2536000.0,2024-11-19 05:00:00
643.1536,644.8144,630.3024,634.741,1732078800,1880700.0,2024-11-20 05:00:00
670.9319,673.7889,649.2332,652.2285,1732165200,2318300.0,2024-11-21 05:00:00
632.7936,667.2744,631.8347,660.5324,1732251600,3294200.0,2024-11-22 05:00:00
627.3564,643.6577,625.6364,634.2664,1732510800,2951500.0,2024-11-25 05:00:00
631.5182,634.1577,623.1155,625.755,1732597200,1784200.0,2024-11-26 05:00:00
628.8887,633.7525,623.9756,626.6645,1732683600,1376100.0,2024-11-27 05:00:00
634.385,637.9735,629.0469,633.5448,1732856400,828900.0,2024-11-29 05:00:00
626.8127,633.0604,624.4402,629.7586,1733115600,1502100.0,2024-12-02 05:00:00
628.7405,629.3929,619.2306,622.3939,1733202000,1104800.0,2024-12-03 05:00:00
647.1474,652.8316,629.6599,631.6864,1733288400,1619700.0,2024-12-04 05:00:00
641.2754,645.5756,634.1084,644.4981,1733374800,1219700.0,2024-12-05 05:00:00
639.0708,646.6234,638.4283,641.7399,1733461200,1125100.0,2024-12-06 05:00:00
639.1796,643.3315,632.8429,636.2435,1733720400,1379800.0,2024-12-09 05:00:00
639.6641,651.6948,637.3212,641.8586,1733806800,1485600.0,2024-12-10 05:00:00
662.8851,663.0631,638.8633,639.664,1733893200,1868800.0,2024-12-11 05:00:00
664.5558,668.4112,655.3623,666.3155,1733979600,1629700.0,2024-12-12 05:00:00
648.9367,665.0007,646.4949,661.3332,1734066000,1634800.0,2024-12-13 05:00:00
663.8144,665.2181,649.2629,649.2629,1734325200,1684200.0,2024-12-16 05:00:00
670.0126,672.0687,656.4496,662.3315,1734411600,1814900.0,2024-12-17 05:00:00
642.3726,669.2613,639.9012,669.2613,1734498000,2408200.0,2024-12-18 05:00:00
629.6599,654.3737,629.4226,646.2775,1734584400,2313300.0,2024-12-19 05:00:00
636.0261,641.562,616.8877,621.9985,1734670800,3451000.0,2024-12-20 05:00:00
630.9943,634.8991,626.4964,633.3175,1734930000,1614300.0,2024-12-23 05:00:00
637.9044,638.1515,628.7998,631.6864,1735016400,668700.0,2024-12-24 05:00:00
638.7941,641.562,633.4657,634.0094,1735189200,639300.0,2024-12-26 05:00:00
631.2612,635.8778,623.9558,635.8778,1735275600,966400.0,2024-12-27 05:00:00
623.0859,626.8721,616.2748,625.6067,1735534800,1102800.0,2024-12-30 05:00:00
621.3065,626.4074,619.2207,623.6791,1735621200,988500.0,2024-12-31 05:00:00
615.6619,630.4309,612.3404,629.7093,1735794000,1179400.0,2025-01-02 05:00:00
623.0167,623.7779,617.3721,621.3065,1735880400,993400.0,2025-01-03 05:00:00
618.0047,626.1504,615.8694,619.794,1736139600,1260700.0,2025-01-06 05:00:00
608.3862,619.4778,604.9163,616.2254,1736226000,1030200.0,2025-01-07 05:00:00
618.8846,620.4267,606.6859,609.3747,1736312400,1226000.0,2025-01-08 05:00:00
617.3201,627.4102,611.2402,612.7751,1736485200,2390000.0,2025-01-10 05:00:00
607.2101,615.9041,606.2991,614.2999,1736744400,1684400.0,2025-01-13 05:00:00
617.6864,617.8745,608.2399,608.9727,1736830800,1697300.0,2025-01-14 05:00:00
615.3595,621.3502,604.6257,617.6864,1736917200,1938100.0,2025-01-15 05:00:00
601.3184,617.6368,600.8034,617.211,1737003600,2834100.0,2025-01-16 05:00:00
598.2092,609.8342,590.357,609.8342,1737090000,2836700.0,2025-01-17 05:00:00
603.4375,605.0714,596.7735,600.051,1737435600,1665900.0,2025-01-21 05:00:00
605.6852,611.4878,603.7048,603.7048,1737522000,1213700.0,2025-01-22 05:00:00
592.4364,602.8335,591.6343,602.8335,1737608400,2241400.0,2025-01-23 05:00:00
592.0898,596.6249,589.6044,596.0902,1737694800,1901200.0,2025-01-24 05:00:00
600.6749,608.3687,580.257,581.2076,1737954000,1985500.0,2025-01-27 05:00:00
594.7731,607.6953,594.3078,602.6551,1738040400,1675000.0,2025-01-28 05:00:00
587.1783,597.6249,584.4058,593.7731,1738126800,1457500.0,2025-01-29 05:00:00
598.6745,599.7241,587.8814,589.5053,1738213200,1219700.0,2025-01-30 05:00:00
595.6149,604.9129,593.981,598.9518,1738299600,1640100.0,2025-01-31 05:00:00
594.8722,595.9317,579.2766,594.5157,1738558800,2244500.0,2025-02-03 05:00:00
585.9208,602.5165,584.3365,590.4956,1738645200,1737500.0,2025-02-04 05:00:00
582.4948,587.7725,574.4147,587.6042,1738731600,2134400.0,2025-02-05 05:00:00
584.4157,589.3271,580.0588,582.4947,1738818000,1533900.0,2025-02-06 05:00:00
573.1769,590.3371,571.5629,584.8019,1738904400,1430900.0,2025-02-07 05:00:00
581.0886,583.0294,569.3646,569.3646,1739163600,1571300.0,2025-02-10 05:00:00
580.1381,586.1783,575.395,575.395,1739250000,1856700.0,2025-02-11 05:00:00
570.8896,575.2762,563.1364,572.4046,1739336400,1737800.0,2025-02-12 05:00:00
578.1776,586.1981,573.3255,574.8703,1739422800,1609900.0,2025-02-13 05:00:00
581.6234,585.5941,574.4048,578.9597,1739509200,1348800.0,2025-02-14 05:00:00
574.2563,584.2573,570.4143,584.079,1739854800,2053900.0,2025-02-18 05:00:00
576.4843,577.1675,569.949,573.0681,1739941200,2063000.0,2025-02-19 05:00:00
573.4047,580.3558,567.7704,577.3061,1740027600,2703900.0,2025-02-20 05:00:00
559.928,576.4446,555.7494,574.8603,1740114000,2006400.0,2025-02-21 05:00:00
561.6808,567.1368,557.7794,560.4134,1740373200,2040900.0,2025-02-24 05:00:00
550.1846,565.8198,547.818,561.7501,1740459600,3014500.0,2025-02-25 05:00:00
619.3797,632.7276,609.4084,629.2718,1740546000,4674200.0,2025-02-26 05:00:00
594.5355,621.8353,593.7533,618.8746,1740632400,2451700.0,2025-02-27 05:00:00
607.824,608.8241,592.5056,595.0306,1740718800,2444400.0,2025-02-28 05:00:00
595.199,614.7257,593.5256,611.8046,1740978000,1597400.0,2025-03-03 05:00:00
592.2086,602.9324,581.5243,598.3577,1741064400,2308200.0,2025-03-04 05:00:00
611.4581,612.3394,595.3178,602.9522,1741150800,1615200.0,2025-03-05 05:00:00
600.4272,613.7751,596.2188,607.012,1741237200,1671000.0,2025-03-06 05:00:00
603.6355,608.6063,588.7033,599.9222,1741323600,1689700.0,2025-03-07 05:00:00
574.0978,600.4074,569.8003,597.9715,1741579200,2375900.0,2025-03-10 04:00:00
580.96,589.2776,571.7214,574.0979,1741665600,1909300.0,2025-03-11 04:00:00
585.3466,591.4165,579.851,583.2374,1741752000,1874700.0,2025-03-12 04:00:00
575.6227,580.4351,558.1952,580.3361,1741838400,2269800.0,2025-03-13 04:00:00
592.9315,595.6446,581.0788,583.4453,1741924800,2063100.0,2025-03-14 04:00:00
596.2089,599.3974,586.1188,589.5845,1742184000,1558800.0,2025-03-17 04:00:00
593.1592,595.6644,586.0,593.0304,1742270400,1230400.0,2025-03-18 04:00:00
597.1991,603.071,591.654,599.843,1742356800,1247700.0,2025-03-19 04:00:00
594.5355,599.645,590.248,593.2384,1742443200,1088200.0,2025-03-20 04:00:00
598.1201,599.3182,584.2375,587.1784,1742529600,2391400.0,2025-03-21 04:00:00
607.0815,608.2697,599.3579,604.0217,1742788800,1703000.0,2025-03-24 04:00:00
612.6561,614.8445,599.2884,605.5267,1742875200,1126500.0,2025-03-25 04:00:00
608.834,614.191,607.0615,612.7156,1742961600,1715500.0,2025-03-26 04:00:00
609.2697,614.5277,606.309,609.4579,1743048000,1206200.0,2025-03-27 04:00:00
593.0502,607.7744,589.7132,605.5762,1743134400,1574600.0,2025-03-28 04:00:00
607.9726,611.9433,587.9111,594.4564,1743393600,3071400.0,2025-03-31 04:00:00
607.7646,611.0719,600.2094,604.8831,1743480000,1826500.0,2025-04-01 04:00:00
614.8247,618.8746,599.0311,599.1301,1743566400,1604500.0,2025-04-02 04:00:00
592.6641,610.3787,592.3373,598.0805,1743652800,2833900.0,2025-04-03 04:00:00
556.0267,588.3864,555.4425,582.3363,1743739200,3335200.0,2025-04-04 04:00:00
550.7885,570.246,527.4297,542.6392,1743998400,2834700.0,2025-04-07 04:00:00
538.7378,563.0373,532.2817,559.0963,1744084800,2764000.0,2025-04-08 04:00:00
590.6342,592.6839,533.8363,536.2326,1744171200,2883800.0,2025-04-09 04:00:00
572.8092,581.2406,554.151,578.374,1744257600,2289100.0,2025-04-10 04:00:00
582.3019,583.7105,564.8737,568.6629,1744344000,1479900.0,2025-04-11 04:00:00
588.7594,595.1574,581.0918,595.1574,1744603200,1227400.0,2025-04-14 04:00:00
589.2852,595.7128,586.5771,594.1356,1744689600,1177800.0,2025-04-15 04:00:00
583.3336,593.2429,576.3901,582.907,1744776000,1985500.0,2025-04-16 04:00:00
580.6554,589.1165,580.1098,587.222,1744862400,1642900.0,2025-04-17 04:00:00
564.2488,576.6777,554.5874,573.7614,1745208000,1502600.0,2025-04-21 04:00:00
578.85,580.1197,566.8576,569.5457,1745294400,1467500.0,2025-04-22 04:00:00
591.2393,603.8169,589.0173,592.1816,1745380800,1744800.0,2025-04-23 04:00:00
609.8676,612.1193,591.8542,593.9968,1745467200,1601000.0,2025-04-24 04:00:00
619.0826,620.1639,608.0325,611.0877,1745553600,1540600.0,2025-04-25 04:00:00
613.2402,623.5265,609.6098,618.2892,1745812800,1357300.0,2025-04-28 04:00:00
618.1205,619.1521,611.1076,613.6866,1745899200,843300.0,2025-04-29 04:00:00
622.4057,624.2209,605.2949,609.1337,1745985600,1315400.0,2025-04-30 04:00:00
618.1602,630.0534,617.3964,619.4596,1746072000,1449900.0,2025-05-01 04:00:00
626.5817,631.6703,622.485,628.3473,1746158400,1367300.0,2025-05-02 04:00:00
627.0776,636.3324,624.3102,625.5798,1746417600,1434100.0,2025-05-05 04:00:00
621.493,628.7936,617.9122,620.4515,1746504000,905800.0,2025-05-06 04:00:00
635.9653,637.2846,621.5426,621.5426,1746590400,1650500.0,2025-05-07 04:00:00
650.7848,657.143,636.134,638.3361,1746676800,2059800.0,2025-05-08 04:00:00
648.6025,652.8777,644.8232,649.9713,1746763200,1158800.0,2025-05-09 04:00:00
656.9545,665.1875,649.634,659.6327,1747022400,1842000.0,2025-05-12 04:00:00
651.499,656.0519,646.4699,655.1096,1747108800,1560500.0,2025-05-13 04:00:00
647.561,655.1393,646.8468,650.7054,1747195200,1947900.0,2025-05-14 04:00:00
655.9725,659.9997,646.8963,649.0389,1747281600,1548500.0,2025-05-15 04:00:00
664.8702,667.3797,656.8454,667.3797,1747368000,1555200.0,2025-05-16 04:00:00
665.4454,669.552,657.8473,661.081,1747627200,1327800.0,2025-05-19 04:00:00
665.743,666.0803,657.877,660.0097,1747713600,1047500.0,2025-05-20 04:00:00
654.6532,665.6537,654.2862,663.3425,1747800000,1478800.0,2025-05-21 04:00:00
660.6942,665.1479,653.6812,657.1629,1747886400,2301200.0,2025-05-22 04:00:00
714.3178,728.2544,708.2373,714.1889,1747972800,5327700.0,2025-05-23 04:00:00
745.8909,745.8909,716.6191,718.6625,1748318400,4079800.0,2025-05-27 04:00:00
748.3608,752.6459,744.9386,745.9305,1748404800,2504600.0,2025-05-28 04:00:00
751.1083,753.37,740.7824,753.37,1748491200,1589700.0,2025-05-29 04:00:00
747.3887,754.8778,741.2388,753.866,1748577600,2887100.0,2025-05-30 04:00:00
758.8157,758.905,742.3001,744.4922,1748836800,1870000.0,2025-06-02 04:00:00
758.4883,761.8907,752.0408,756.6732,1748923200,1526800.0,2025-06-03 04:00:00
760.6211,761.861,755.8499,756.1773,1749009600,1280800.0,2025-06-04 04:00:00
760.4524,767.2074,757.6452,759.887,1749096000,1242200.0,2025-06-05 04:00:00
765.3525,765.6302,758.1015,763.9242,1749182400,1475300.0,2025-06-06 04:00:00
758.2107,765.7692,756.4847,764.0035,1749441600,1342400.0,2025-06-09 04:00:00
755.949,760.006,748.0235,756.2069,1749528000,1422900.0,2025-06-10 04:00:00
758.5776,759.2819,748.4402,752.6856,1749614400,1276500.0,2025-06-11 04:00:00
760.0259,764.5491,757.189,757.189,1749700800,1300200.0,2025-06-12 04:00:00
747.8945,756.8517,746.2678,752.6062,1749787200,1148000.0,2025-06-13 04:00:00
761.8807,763.7059,751.4556,755.6713,1750046400,1428900.0,2025-06-16 04:00:00
758.7264,763.4282,755.5027,762.2577,1750132800,1344500.0,2025-06-17 04:00:00
748.7377,759.4108,744.3236,756.2168,1750219200,2223400.0,2025-06-18 04:00:00
754.9968,756.2367,748.9559,754.5206,1750392000,2709400.0,2025-06-20 04:00:00
756.3954,758.8257,748.3113,753.5387,1750651200,1223300.0,2025-06-23 04:00:00
752.9038,764.9161,752.021,762.9322,1750737600,1900400.0,2025-06-24 04:00:00
751.7432,753.489,744.9981,751.9416,1750824000,1531100.0,2025-06-25 04:00:00
766.6222,767.138,752.4079,753.251,1750910400,1420100.0,2025-06-26 04:00:00
770.3022,780.8663,764.9359,764.9359,1750996800,2051800.0,2025-06-27 04:00:00
781.2729,784.1198,772.8416,776.2042,1751256000,1946900.0,2025-06-30 04:00:00
773.3177,784.219,759.6291,782.3344,1751342400,1923800.0,2025-07-01 04:00:00
767.4554,769.0723,759.7283,767.6538,1751428800,1493000.0,2025-07-02 04:00:00
774.3394,778.2079,770.4213,771.2942,1751515200,823000.0,2025-07-03 04:00:00
777.2855,781.769,772.4746,773.9725,1751860800,1296000.0,2025-07-07 04:00:00
775.1726,778.2873,769.5782,778.2377,1751947200,1437600.0,2025-07-08 04:00:00
763.3786,776.6803,759.8671,776.353,1752033600,1486200.0,2025-07-09 04:00:00
742.8675,764.7989,740.1161,763.2593,1752120000,1783700.0,2025-07-10 04:00:00
742.8675,746.8008,738.4971,740.5333,1752206400,1047800.0,2025-07-11 04:00:00
747.6849,753.7538,742.4703,744.5462,1752465600,1114900.0,2025-07-14 04:00:00
740.9307,749.4232,737.8913,745.8573,1752552000,1452400.0,2025-07-15 04:00:00
745.6685,746.7413,737.3946,746.7413,1752638400,1263100.0,2025-07-16 04:00:00
750.2872,751.36,743.8707,744.1687,1752724800,1071300.0,2025-07-17 04:00:00
747.5657,758.0944,745.7878,758.0944,1752811200,1509400.0,2025-07-18 04:00:00
758.5513,762.7627,746.4532,748.9165,1753070400,1411800.0,2025-07-21 04:00:00
761.6205,765.9312,755.184,762.286,1753156800,1027400.0,2025-07-22 04:00:00
770.7784,772.8246,754.4193,760.6371,1753243200,1939600.0,2025-07-23 04:00:00
775.9534,778.8935,770.0633,772.765,1753329600,1379900.0,2025-07-24 04:00:00
780.6615,785.1809,775.2482,777.6419,1753416000,1406400.0,2025-07-25 04:00:00
793.3555,795.1136,777.7313,779.7477,1753675200,1933200.0,2025-07-28 04:00:00
800.9143,802.4936,789.4817,799.0668,1753761600,1693800.0,2025-07-29 04:00:00
801.9573,808.2248,795.5705,799.4542,1753848000,1606400.0,2025-07-30 04:00:00
779.847,801.7189,778.6651,801.7189,1753934400,1779100.0,2025-07-31 04:00:00
770.9275,782.072,767.153,780.8503,1754020800,1490100.0,2025-08-01 04:00:00
779.5887,785.2206,776.0527,778.9034,1754280000,1484400.0,2025-08-04 04:00:00
764.0938,788.7467,762.7528,780.135,1754366400,1257800.0,2025-08-05 04:00:00
774.2251,774.4238,760.5279,768.6628,1754452800,1154700.0,2025-08-06 04:00:00
756.4852,780.9893,746.9796,778.2081,1754539200,1435900.0,2025-08-07 04:00:00
743.9601,757.3494,742.2219,755.3828,1754625600,1670200.0,2025-08-08 04:00:00
701.3389,745.4997,697.9518,742.5894,1754884800,3195300.0,2025-08-11 04:00:00
708.6791,709.6624,694.3561,702.3818,1754971200,2146000.0,2025-08-12 04:00:00
706.921,712.7217,699.2232,708.6791,1755057600,1602400.0,2025-08-13 04:00:00
705.8582,711.1622,701.3686,707.1991,1755144000,1241000.0,2025-08-14 04:00:00
711.9172,715.2447,702.7394,707.5469,1755230400,1751700.0,2025-08-15 04:00:00
712.3841,716.6849,710.0399,712.2748,1755489600,1628800.0,2025-08-18 04:00:00
696.313,714.2613,694.0682,710.2684,1755576000,2582100.0,2025-08-19 04:00:00
694.4456,700.3555,691.0089,699.2431,1755662400,2096200.0,2025-08-20 04:00:00
693.0649,696.2831,688.1681,692.3199,1755748800,2511500.0,2025-08-21 04:00:00
658.201,665.8791,638.1966,650.5926,1755835200,6368800.0,2025-08-22 04:00:00
652.5394,665.9188,651.3375,660.5154,1756094400,2201500.0,2025-08-25 04:00:00
655.1021,661.9358,652.0229,653.5724,1756180800,3762900.0,2025-08-26 04:00:00
658.7076,659.8599,649.9569,657.3469,1756267200,1690200.0,2025-08-27 04:00:00
663.7039,670.0806,657.5257,659.1944,1756353600,2071100.0,2025-08-28 04:00:00
662.5119,669.2065,659.8797,663.7038,1756440000,1594100.0,2025-08-29 04:00:00
657.5356,660.1975,650.6721,650.8509,1756785600,1679900.0,2025-09-02 04:00:00
664.1805,665.4122,653.8803,660.8133,1756872000,1986900.0,2025-09-03 04:00:00
663.7932,667.2895,654.7941,660.5253,1756958400,1719100.0,2025-09-04 04:00:00
668.2927,672.4446,662.7602,667.6967,1757044800,1614100.0,2025-09-05 04:00:00
667.1604,674.8285,663.4655,672.0275,1757304000,1558700.0,2025-09-08 04:00:00
666.3757,669.1668,660.287,664.8063,1757390400,1254900.0,2025-09-09 04:00:00
651.8441,665.4917,648.9537,664.8858,1757476800,2789400.0,2025-09-10 04:00:00
656.0755,661.906,652.4897,655.847,1757563200,2201300.0,2025-09-11 04:00:00
641.683,655.9563,640.9679,654.0294,1757649600,2202100.0,2025-09-12 04:00:00
646.9473,648.2485,635.9518,643.004,1757908800,2186900.0,2025-09-15 04:00:00
646.9175,650.7019,640.1236,647.4539,1757995200,1578400.0,2025-09-16 04:00:00
658.2209,661.5484,648.1095,649.2815,1758081600,1861000.0,2025-09-17 04:00:00
670.4183,688.7144,661.0617,662.5914,1758168000,3006800.0,2025-09-18 04:00:00
683.2911,695.2899,678.3646,688.1979,1758254400,4226700.0,2025-09-19 04:00:00
697.3658,700.3357,680.937,681.9105,1758513600,2403400.0,2025-09-22 04:00:00
694.4754,697.8128,689.5488,695.0912,1758600000,2400000.0,2025-09-23 04:00:00
690.1149,698.9749,684.3241,698.9749,1758686400,1727800.0,2025-09-24 04:00:00
688.0191,691.1082,678.9307,686.9365,1758772800,1548000.0,2025-09-25 04:00:00
693.5615,695.2898,685.5756,688.029,1758859200,1480500.0,2025-09-26 04:00:00
690.0156,699.2232,686.8172,695.3395,1759118400,1816500.0,2025-09-29 04:00:00
678.3148,697.3956,675.5436,692.3299,1759204800,2378600.0,2025-09-30 04:00:00
674.9277,681.5727,669.5442,675.2655,1759291200,2151600.0,2025-10-01 04:00:00
677.2719,678.3546,663.8627,672.2162,1759377600,2289100.0,2025-10-02 04:00:00
675.3648,683.7381,672.5042,672.5042,1759464000,1293900.0,2025-10-03 04:00:00
665.5812,671.6202,653.9003,662.5318,1759723200,2538400.0,2025-10-06 04:00:00
653.5625,667.21,649.9371,666.4055,1759809600,1597800.0,2025-10-07 04:00:00
653.3738,659.5321,650.8211,655.1319,1759896000,1699800.0,2025-10-08 04:00:00
641.7512,654.7669,639.9998,651.7816,1759982400,1698300.0,2025-10-09 04:00:00
638.6365,649.9706,638.0793,642.2288,1760068800,3059300.0,2025-10-10 04:00:00
652.4583,653.2444,639.4824,640.0397,1760328000,1344900.0,2025-10-13 04:00:00
653.931,657.4636,641.2835,642.6467,1760414400,1243700.0,2025-10-14 04:00:00
649.483,654.1898,644.5773,653.8713,1760500800,1693000.0,2025-10-15 04:00:00
643.811,656.1601,639.5819,655.971,1760587200,1248000.0,2025-10-16 04:00:00
658.1403,659.0159,643.6618,644.3882,1760673600,1812900.0,2025-10-17 04:00:00
661.5037,665.5735,655.2545,660.021,1760932800,1205800.0,2025-10-20 04:00:00
671.7232,673.5542,657.7522,662.3992,1761019200,1201600.0,2025-10-21 04:00:00
667.4742,679.1166,667.1358,670.8873,1761105600,1272000.0,2025-10-22 04:00:00
674.39,677.634,666.2701,668.1608,1761192000,1474300.0,2025-10-23 04:00:00
679.7336,684.6195,676.8777,680.8979,1761278400,1027700.0,2025-10-24 04:00:00
680.0322,685.7837,673.9621,683.5945,1761537600,1318200.0,2025-10-27 04:00:00
675.5941,685.5152,674.9175,681.3656,1761624000,1103300.0,2025-10-28 04:00:00
652.8165,666.3298,645.9106,664.2999,1761710400,1990900.0,2025-10-29 04:00:00
652.9559,662.658,649.294,649.8711,1761796800,1435200.0,2025-10-30 04:00:00
664.27,668.5887,650.5776,652.7767,1761883200,1585500.0,2025-10-31 04:00:00
672.8676,673.793,657.3243,665.9816,1762146000,1270500.0,2025-11-03 05:00:00
657.175,672.8675,650.3288,672.8675,1762232400,1542700.0,2025-11-04 05:00:00
652.11,659.3344,650.5079,653.6225,1762318800,1467100.0,2025-11-05 05:00:00
650.4283,656.1202,637.4226,645.8111,1762405200,1866300.0,2025-11-06 05:00:00
645.6619,651.3936,630.3574,650.5378,1762491600,1697700.0,2025-11-07 05:00:00
650.0601,651.0751,642.2487,646.3484,1762750800,1530500.0,2025-11-10 05:00:00
651.105,654.2495,645.6121,649.8114,1762837200,1150100.0,2025-11-11 05:00:00
656.0605,658.2597,648.5178,652.2693,1762923600,1575200.0,2025-11-12 05:00:00
646.9157,659.3245,645.8112,652.2892,1763010000,1779300.0,2025-11-13 05:00:00
659.1552,663.5436,641.1939,647.3734,1763096400,1438300.0,2025-11-14 05:00:00
642.806,660.7374,640.3382,659.2548,1763355600,1441500.0,2025-11-17 05:00:00
646.5375,658.7473,640.985,652.5777,1763442000,2437200.0,2025-11-18 05:00:00
647.4232,653.5827,642.6965,645.3932,1763528400,1288100.0,2025-11-19 05:00:00
634.3079,661.2747,634.3079,650.4084,1763614800,2516600.0,2025-11-20 05:00:00
659.8917,678.9177,656.2695,666.3099,1763701200,3802200.0,2025-11-21 05:00:00
650.0203,667.713,643.9702,662.1106,1763960400,3184200.0,2025-11-24 05:00:00
644.8857,655.2345,637.1937,648.7466,1764046800,1921900.0,2025-11-25 05:00:00
626.0388,648.677,616.7746,644.2489,1764133200,2283300.0,2025-11-26 05:00:00
630.9644,631.8003,623.4216,626.0387,1764306000,872900.0,2025-11-28 05:00:00
628.5165,632.7755,624.0586,626.0189,1764565200,1864900.0,2025-12-01 05:00:00
632.5068,632.6163,620.924,629.2828,1764651600,1537300.0,2025-12-02 05:00:00
644.4976,644.9155,626.805,627.7603,1764738000,1778900.0,2025-12-03 05:00:00
659.822,662.0509,644.3285,645.4032,1764824400,2174200.0,2025-12-04 05:00:00
670.3201,673.2755,660.2797,661.2151,1764910800,2356400.0,2025-12-05 05:00:00
653.0156,668.4792,650.5278,667.7428,1765170000,1878900.0,2025-12-08 05:00:00
652.528,657.5233,647.2739,650.2094,1765256400,1386700.0,2025-12-09 05:00:00
659.1752,666.1408,649.5427,650.7369,1765342800,1596400.0,2025-12-10 05:00:00
672.6884,674.997,654.6873,656.1899,1765429200,2815300.0,2025-12-11 05:00:00
667.6334,677.853,663.5934,676.0618,1765515600,1940900.0,2025-12-12 05:00:00
651.3835,668.0712,649.8114,666.7477,1765774800,1707100.0,2025-12-15 05:00:00
666.0611,668.2105,645.025,651.1746,1765861200,1775000.0,2025-12-16 05:00:00
657.5333,672.8874,656.9163,667.7229,1765947600,2237300.0,2025-12-17 05:00:00
665.5934,673.2158,658.2497,660.4886,1766034000,2040200.0,2025-12-18 05:00:00
668.0015,672.2804,662.1703,664.5187,1766120400,4555500.0,2025-12-19 05:00:00
671.8924,675.9225,667.7031,671.9023,1766379600,1184300.0,2025-12-22 05:00:00
670.8276,672.6785,663.1257,668.3399,1766466000,954300.0,2025-12-23 05:00:00
671.5142,673.176,668.728,669.3648,1766552400,334100.0,2025-12-24 05:00:00
673.2258,674.798,669.9221,671.0267,1766725200,555000.0,2025-12-26 05:00:00
670.8376,675.2359,667.6931,669.4942,1766984400,885900.0,2025-12-29 05:00:00
666.5886,670.957,665.3148,668.2603,1767070800,1192200.0,2025-12-30 05:00:00
659.1652,666.5089,658.9562,664.7377,1767157200,948500.0,2025-12-31 05:00:00
626.3672,658.7373,619.1727,657.3541,1767330000,2738700.0,2026-01-02 05:00:00
630.7256,636.3777,616.6551,626.3672,1767589200,2170700.0,2026-01-05 05:00:00
644.02,646.0499,624.6356,627.1035,1767675600,2564200.0,2026-01-06 05:00:00
647.9506,654.0106,642.4179,646.8062,1767762000,1396400.0,2026-01-07 05:00:00
649.5427,654.5779,635.6115,637.4524,1767848400,1651400.0,2026-01-08 05:00:00
644.907,650.6991,634.0406,648.4461,1767934800,1304600.0,2026-01-09 05:00:00
633.4824,640.9792,626.7033,638.128,1768194000,1601200.0,2026-01-12 05:00:00
603.4153,635.2967,602.528,630.1526,1768280400,2656800.0,2026-01-13 05:00:00
564.8544,590.8341,554.9451,589.1693,1768366800,4834000.0,2026-01-14 05:00:00
552.8715,569.5798,549.9305,564.037,1768453200,3405000.0,2026-01-15 05:00:00
543.61,552.2932,533.4514,551.077,1768539600,4773200.0,2026-01-16 05:00:00
527.3204,539.2435,525.1172,536.1033,1768885200,3588800.0,2026-01-20 05:00:00
523.3028,535.7643,519.0858,530.361,1768971600,2643600.0,2026-01-21 05:00:00
546.0027,546.561,525.2169,525.2169,1769058000,3228300.0,2026-01-22 05:00:00
562.2325,562.8307,544.0387,545.1354,1769144400,3274000.0,2026-01-23 05:00:00
560.0393,567.6258,559.9496,562.412,1769403600,2111600.0,2026-01-26 05:00:00
543.7198,559.84,535.6846,558.853,1769490000,2459200.0,2026-01-27 05:00:00
537.0404,551.2963,535.6945,547.0794,1769576400,2261400.0,2026-01-28 05:00:00
501.4305,512.1373,490.2051,510.8813,1769662800,5915400.0,2026-01-29 05:00:00
497.3829,504.5508,495.1299,499.955,1769749200,3885500.0,2026-01-30 05:00:00
485.6193,501.0715,485.1208,498.8684,1770008400,2880600.0,2026-02-02 05:00:00
432.7527,468.542,425.9437,467.0566,1770094800,7569100.0,2026-02-03 05:00:00
444.2671,449.1021,409.8434,426.6216,1770181200,6971000.0,2026-02-04 05:00:00
433.5701,459.0015,429.8118,447.1183,1770267600,5211300.0,2026-02-05 05:00:00
442.4028,446.6198,434.0586,435.7733,1770354000,3645600.0,2026-02-06 05:00:00
436.1522,439.8009,429.6124,437.3186,1770613200,3720500.0,2026-02-09 05:00:00
420.0918,449.7003,419.0649,433.3109,1770699600,5184000.0,2026-02-10 05:00:00
398.4586,420.6999,391.1712,418.3073,1770786000,6089000.0,2026-02-11 05:00:00
396.7339,407.7399,389.9449,396.724,1770872400,4334000.0,2026-02-12 05:00:00
398.1695,406.1349,388.1206,395.7969,1770958800,4888300.0,2026-02-13 05:00:00
378.0019,395.7769,374.2435,391.869,1771304400,5481300.0,2026-02-17 05:00:00
388.3698,396.9034,374.3432,379.0785,1771390800,4526900.0,2026-02-18 05:00:00
380.3646,389.297,377.9919,389.297,1771477200,2961700.0,2026-02-19 05:00:00
379.3776,391.7494,377.7128,379.7066,1771563600,4122800.0,2026-02-20 05:00:00
358.4423,373.7949,347.9248,373.7949,1771822800,5495900.0,2026-02-23 05:00:00
357.6049,371.6914,355.4216,366.8763,1771909200,6576000.0,2026-02-24 05:00:00
380.0555,380.4144,352.4408,355.4515,1771995600,5299400.0,2026-02-25 05:00:00
393.2049,405.6165,384.3722,386.8047,1772082000,9787200.0,2026-02-26 05:00:00
407.7699,408.368,383.4949,383.4949,1772168400,8184700.0,2026-02-27 05:00:00
417.769,428.3064,400.2132,401.2101,1772427600,5673400.0,2026-03-02 05:00:00
432.015,437.1491,410.332,413.3127,1772514000,5902600.0,2026-03-03 05:00:00
438.784,440.6881,425.834,431.6162,1772600400,4242200.0,2026-03-04 05:00:00
465.3519,469.9278,437.5777,437.817,1772686800,7369500.0,2026-03-05 05:00:00
479.6876,481.7213,462.1717,465.5613,1772773200,5508900.0,2026-03-06 05:00:00
472.2107,479.5181,464.664,474.2444,1773028800,3985900.0,2026-03-09 04:00:00
452.5515,473.5366,446.889,472.5497,1773115200,5013200.0,2026-03-10 04:00:00
439.0931,457.0875,434.1683,456.6887,1773201600,2863500.0,2026-03-11 04:00:00
433.7895,449.2616,433.0916,439.0432,1773288000,3543800.0,2026-03-12 04:00:00
438.6046,440.5785,427.6684,430.5993,1773374400,2340000.0,2026-03-13 04:00:00
450.9165,454.4855,440.7479,443.9481,1773633600,3051500.0,2026-03-16 04:00:00
457.8651,473.3073,453.0998,453.678,1773720000,2532900.0,2026-03-17 04:00:00
445.4135,457.5759,441.9243,449.1819,1773806400,2467300.0,2026-03-18 04:00:00
453.8375,468.552,450.1489,451.4848,1773892800,2598500.0,2026-03-19 04:00:00
454.1565,461.434,439.3124,443.1206,1773979200,4718500.0,2026-03-20 04:00:00
455.612,463.5574,448.3445,454.5952,1774238400,3124700.0,2026-03-23 04:00:00
431.1177,451.4549,429.8716,449.9794,1774324800,2824600.0,2026-03-24 04:00:00
425.5449,441.1368,415.9247,436.9098,1774411200,2212600.0,2026-03-25 04:00:00
431.2174,442.2533,422.4944,422.4944,1774497600,2192900.0,2026-03-26 04:00:00
415.157,426.1531,408.2384,425.1761,1774584000,2649900.0,2026-03-27 04:00:00
427.7083,430.9582,417.111,418.098,1774843200,2296300.0,2026-03-30 04:00:00
431.0479,434.0686,419.394,426.9207,1774929600,3293300.0,2026-03-31 04:00:00
424.558,430.2903,412.4753,429.9314,1775016000,2743600.0,2026-04-01 04:00:00
421.1784,435.245,419.1945,429.6124,1775102400,2554800.0,2026-04-02 04:00:00
416.0742,421.318,409.9332,418.6263,1775448000,2182700.0,2026-04-06 04:00:00
408.9761,417.6693,406.2546,412.3457,1775534400,2154100.0,2026-04-07 04:00:00
388.31,415.9147,385.0202,415.5159,1775620800,4716200.0,2026-04-08 04:00:00
361.69,382.03,354.55,380.2,1775707200,7471800.0,2026-04-09 04:00:00
350.94,360.4,342.11,359.79,1775793600,7789100.0,2026-04-10 04:00:00
