close,high,low,open,time,volume,date
193.9239,197.2986,193.3017,196.865,1603166400,607200.0,2020-10-20 04:00:00
194.4706,196.8838,193.839,193.9615,1603252800,607000.0,2020-10-21 04:00:00
191.6521,194.1407,189.9647,193.528,1603339200,884900.0,2020-10-22 04:00:00
191.5201,194.6498,190.6057,193.3866,1603425600,842900.0,2020-10-23 04:00:00
187.5327,190.8131,185.7416,189.1446,1603684800,942600.0,2020-10-26 04:00:00
187.2027,188.9938,185.8264,188.5413,1603771200,739200.0,2020-10-27 04:00:00
179.6237,184.9875,179.5577,183.3661,1603857600,1554800.0,2020-10-28 04:00:00
190.37,192.3779,179.3032,179.4823,1603944000,1351500.0,2020-10-29 04:00:00
185.8735,189.4745,184.139,187.1179,1604030400,1047300.0,2020-10-30 04:00:00
190.634,191.5672,187.4195,188.3433,1604293200,817900.0,2020-11-02 05:00:00
198.788,200.2208,192.7832,193.3017,1604379600,1188100.0,2020-11-03 05:00:00
207.8847,209.063,198.5146,202.0213,1604466000,1356800.0,2020-11-04 05:00:00
215.0206,215.803,210.081,210.081,1604552400,1276400.0,2020-11-05 05:00:00
218.3953,219.9036,212.7771,215.7559,1604638800,696000.0,2020-11-06 05:00:00
218.9986,228.6891,218.6309,224.0795,1604898000,1135000.0,2020-11-09 05:00:00
210.9012,218.9515,210.3356,216.8117,1604984400,1071600.0,2020-11-10 05:00:00
220.1204,220.7048,212.7582,214.1816,1605070800,994800.0,2020-11-11 05:00:00
219.8847,222.5901,218.0465,221.6475,1605157200,895300.0,2020-11-12 05:00:00
223.4239,227.9851,222.8656,224.4175,1605243600,892700.0,2020-11-13 05:00:00
228.7989,229.5465,223.6794,224.8812,1605502800,882800.0,2020-11-16 05:00:00
228.8557,230.7294,226.8306,229.433,1605589200,1401200.0,2020-11-17 05:00:00
227.4363,231.6,227.0672,230.5307,1605675600,832200.0,2020-11-18 05:00:00
230.6631,231.2499,223.3387,223.4428,1605762000,716400.0,2020-11-19 05:00:00
229.5466,234.1078,229.4614,231.1931,1605848400,583000.0,2020-11-20 05:00:00
236.8047,236.994,229.6317,230.2184,1606107600,720400.0,2020-11-23 05:00:00
236.7384,238.1863,234.4957,237.2873,1606194000,750200.0,2020-11-24 05:00:00
235.584,237.6186,233.8522,236.5776,1606280400,547200.0,2020-11-25 05:00:00
240.4858,242.4636,237.628,237.628,1606453200,335500.0,2020-11-27 05:00:00
238.4418,243.1923,235.0824,243.1923,1606712400,1017600.0,2020-11-30 05:00:00
242.88,244.8294,239.0285,240.7982,1606798800,903500.0,2020-12-01 05:00:00
242.5583,244.6402,240.6184,241.101,1606885200,849000.0,2020-12-02 05:00:00
243.5709,247.7914,243.2491,244.7632,1606971600,518600.0,2020-12-03 05:00:00
249.5421,249.9868,244.2238,244.29,1607058000,749000.0,2020-12-04 05:00:00
252.381,253.545,248.6904,250.99,1607317200,693400.0,2020-12-07 05:00:00
252.6081,254.3115,250.4789,252.7406,1607403600,712700.0,2020-12-08 05:00:00
242.7192,254.4535,240.2115,252.2959,1607490000,1197100.0,2020-12-09 05:00:00
242.2366,245.208,239.9749,241.4512,1607576400,1009700.0,2020-12-10 05:00:00
243.798,244.0345,238.7163,239.9843,1607662800,1124300.0,2020-12-11 05:00:00
246.1637,249.7029,243.6466,243.6466,1607922000,1039500.0,2020-12-14 05:00:00
246.9965,250.5736,245.6527,249.8165,1608008400,774100.0,2020-12-15 05:00:00
246.5612,247.4697,243.921,247.3372,1608094800,699100.0,2020-12-16 05:00:00
245.7379,249.2108,243.8736,248.7661,1608181200,1355100.0,2020-12-17 05:00:00
248.0753,248.7661,243.4667,244.8578,1608267600,2220200.0,2020-12-18 05:00:00
246.7694,247.9806,244.1481,244.8294,1608526800,1023200.0,2020-12-21 05:00:00
243.7601,246.987,242.5015,245.9839,1608613200,753400.0,2020-12-22 05:00:00
239.2178,244.6875,238.9623,244.5739,1608699600,676400.0,2020-12-23 05:00:00
245.1702,245.1702,240.3345,241.1767,1608786000,367200.0,2020-12-24 05:00:00
243.7506,247.4602,243.4005,246.7883,1609131600,497400.0,2020-12-28 05:00:00
240.7035,244.8673,238.4892,244.186,1609218000,579200.0,2020-12-29 05:00:00
246.1827,248.2835,241.5079,242.8611,1609304400,641500.0,2020-12-30 05:00:00
245.0093,246.0313,241.8391,244.2144,1609390800,728000.0,2020-12-31 05:00:00
246.353,255.7688,243.8643,247.9902,1609736400,1252000.0,2021-01-04 05:00:00
251.5199,252.0214,245.0566,246.2206,1609822800,1074900.0,2021-01-05 05:00:00
250.971,256.3933,247.7535,248.3592,1609909200,850600.0,2021-01-06 05:00:00
263.2541,264.3518,253.9518,254.2641,1609995600,1011700.0,2021-01-07 05:00:00
267.9761,271.9128,264.5505,267.0677,1610082000,1051800.0,2021-01-08 05:00:00
273.5877,275.2343,263.0837,266.2444,1610341200,1203900.0,2021-01-11 05:00:00
275.3668,280.3917,271.5911,273.4837,1610427600,1323500.0,2021-01-12 05:00:00
274.5246,277.761,269.8499,273.2471,1610514000,1154500.0,2021-01-13 05:00:00
287.5648,298.9111,285.7006,286.5618,1610600400,2431200.0,2021-01-14 05:00:00
287.8014,288.4449,280.1079,287.1957,1610686800,1606600.0,2021-01-15 05:00:00
297.2172,299.7912,291.3122,291.3122,1611032400,1275000.0,2021-01-19 05:00:00
287.9907,300.5482,286.0223,299.9047,1611118800,1019600.0,2021-01-20 05:00:00
288.814,292.3153,284.3,291.4258,1611205200,1063100.0,2021-01-21 05:00:00
288.6341,292.7505,288.1231,288.9085,1611291600,725000.0,2021-01-22 05:00:00
292.3152,295.5611,287.0159,292.7884,1611550800,955700.0,2021-01-25 05:00:00
287.2526,294.0566,286.5618,293.3563,1611637200,832100.0,2021-01-26 05:00:00
269.1685,282.767,267.8531,281.3381,1611723600,1657800.0,2021-01-27 05:00:00
275.471,280.8082,272.9633,275.1208,1611810000,1021200.0,2021-01-28 05:00:00
265.0332,273.6731,264.702,271.6479,1611896400,1163800.0,2021-01-29 05:00:00
276.9094,278.2342,267.3232,270.6637,1612155600,1052500.0,2021-02-01 05:00:00
282.7386,283.5335,277.8557,280.1079,1612242000,1106900.0,2021-02-02 05:00:00
270.9286,285.4072,270.2095,285.4072,1612328400,1279900.0,2021-02-03 05:00:00
278.4329,282.1708,270.9476,272.9538,1612414800,1401800.0,2021-02-04 05:00:00
272.5658,282.1424,271.2031,280.1362,1612501200,890400.0,2021-02-05 05:00:00
286.0318,286.3441,273.162,274.3732,1612760400,1018200.0,2021-02-08 05:00:00
282.2938,289.0505,280.5999,284.1675,1612846800,735500.0,2021-02-09 05:00:00
281.6314,287.8108,280.1078,285.9087,1612933200,546900.0,2021-02-10 05:00:00
307.0588,308.9609,283.3348,283.3348,1613019600,2285700.0,2021-02-11 05:00:00
313.9953,316.7964,301.7974,304.2672,1613106000,1503000.0,2021-02-12 05:00:00
319.0769,323.8369,314.6482,314.6482,1613451600,1395900.0,2021-02-16 05:00:00
312.5663,316.7301,306.0084,315.3674,1613538000,1062800.0,2021-02-17 05:00:00
308.543,311.2378,304.7284,309.4349,1613624400,1005500.0,2021-02-18 05:00:00
313.7715,320.7268,311.2284,313.724,1613710800,1512400.0,2021-02-19 05:00:00
300.003,310.2701,297.811,308.3912,1613970000,1123100.0,2021-02-22 05:00:00
302.4891,305.0416,288.1513,292.0133,1614056400,1745700.0,2021-02-23 05:00:00
311.646,311.9307,294.2337,297.8016,1614142800,1170100.0,2021-02-24 05:00:00
289.214,309.6721,287.022,306.1992,1614229200,1528000.0,2021-02-25 05:00:00
295.3249,298.6461,287.6768,295.4103,1614315600,1316000.0,2021-02-26 05:00:00
309.3306,309.7197,298.9118,299.8701,1614574800,1294000.0,2021-03-01 05:00:00
293.987,309.9854,293.8257,309.2263,1614661200,1175900.0,2021-03-02 05:00:00
288.2841,298.9591,288.0184,294.6227,1614747600,1155200.0,2021-03-03 05:00:00
272.9214,290.6089,267.9018,286.7374,1614834000,1655300.0,2021-03-04 05:00:00
280.7499,282.0594,263.9639,277.7324,1614920400,1631100.0,2021-03-05 05:00:00
260.0354,278.8141,259.2763,276.1382,1615179600,2182500.0,2021-03-08 05:00:00
279.0703,281.1484,267.8638,269.1353,1615266000,1944100.0,2021-03-09 05:00:00
268.9646,285.0294,268.2814,284.4411,1615352400,1688000.0,2021-03-10 05:00:00
281.2148,286.5381,275.1798,279.0228,1615438800,1709500.0,2021-03-11 05:00:00
279.2316,279.7156,271.3558,274.1076,1615525200,1298400.0,2021-03-12 05:00:00
283.6819,284.0235,276.5273,278.4725,1615780800,1321900.0,2021-03-15 04:00:00
286.5192,290.3242,283.606,284.4031,1615867200,1544200.0,2021-03-16 04:00:00
289.7834,294.0724,276.2426,281.044,1615953600,1906300.0,2021-03-17 04:00:00
273.9842,284.4315,273.0732,283.0556,1616040000,2041200.0,2021-03-18 04:00:00
277.9126,282.0498,269.9514,273.2535,1616126400,3220700.0,2021-03-19 04:00:00
289.7549,292.3833,283.0651,284.6688,1616385600,1820000.0,2021-03-22 04:00:00
281.879,291.7665,280.9776,290.8461,1616472000,1766300.0,2021-03-23 04:00:00
282.6666,300.8,282.3439,294.6322,1616558400,1669200.0,2021-03-24 04:00:00
284.109,285.6177,272.2762,278.055,1616644800,1188000.0,2021-03-25 04:00:00
303.5898,303.8839,283.4447,283.4447,1616731200,1650500.0,2021-03-26 04:00:00
298.2475,301.6066,291.1972,301.4927,1616990400,1428400.0,2021-03-29 04:00:00
300.8664,302.2328,295.7613,296.8241,1617076800,924100.0,2021-03-30 04:00:00
313.5152,316.267,304.7569,305.3073,1617163200,1811800.0,2021-03-31 04:00:00
329.5421,330.0165,319.7779,319.7779,1617249600,1885700.0,2021-04-01 04:00:00
336.934,341.3084,328.3845,331.2121,1617595200,1496100.0,2021-04-05 04:00:00
328.8873,335.7194,323.156,335.0741,1617681600,1690400.0,2021-04-06 04:00:00
330.2538,334.6756,326.1166,329.9406,1617768000,985500.0,2021-04-07 04:00:00
335.9471,336.1654,330.6144,335.9092,1617854400,1125000.0,2021-04-08 04:00:00
334.8179,336.9339,330.434,333.9354,1617940800,913800.0,2021-04-09 04:00:00
327.464,332.7778,325.7844,331.7056,1618200000,1376100.0,2021-04-12 04:00:00
326.5435,331.6581,321.7895,331.6581,1618286400,1226400.0,2021-04-13 04:00:00
319.3035,328.9538,318.0509,322.6246,1618372800,1186100.0,2021-04-14 04:00:00
321.2392,324.6742,318.5538,324.3231,1618459200,1198100.0,2021-04-15 04:00:00
315.9823,322.4917,315.9634,321.7421,1618545600,958100.0,2021-04-16 04:00:00
307.8124,316.5707,302.0146,314.0466,1618804800,1551700.0,2021-04-19 04:00:00
302.622,309.1883,301.5402,306.5978,1618891200,1477200.0,2021-04-20 04:00:00
314.8342,315.2422,303.2387,305.9715,1618977600,1697700.0,2021-04-21 04:00:00
308.4671,314.9101,306.2657,312.6138,1619064000,1045400.0,2021-04-22 04:00:00
315.0999,317.0262,309.9949,311.2284,1619150400,1182000.0,2021-04-23 04:00:00
318.6487,320.3188,314.075,316.9407,1619409600,1039400.0,2021-04-26 04:00:00
313.6006,322.6247,312.4335,322.6247,1619496000,939800.0,2021-04-27 04:00:00
308.2393,313.8378,307.6605,312.6612,1619582400,983200.0,2021-04-28 04:00:00
309.6817,311.9306,302.3752,309.2642,1619668800,1294900.0,2021-04-29 04:00:00
299.2343,305.2123,296.9284,298.9306,1619755200,1434100.0,2021-04-30 04:00:00
295.3249,302.508,292.7249,301.3884,1620014400,1412200.0,2021-05-03 04:00:00
292.2031,292.3454,284.1185,290.1914,1620100800,1592200.0,2021-05-04 04:00:00
295.9796,300.5533,290.7417,297.1658,1620187200,1157100.0,2021-05-05 04:00:00
299.7468,300.1169,291.9658,293.6928,1620273600,935200.0,2021-05-06 04:00:00
303.362,306.4934,300.4774,303.6372,1620360000,848300.0,2021-05-07 04:00:00
284.5739,297.8395,284.1564,294.1103,1620619200,1576900.0,2021-05-10 04:00:00
284.9345,286.1491,274.9142,276.1383,1620705600,987700.0,2021-05-11 04:00:00
272.0864,280.6455,271.2799,277.59,1620792000,1400300.0,2021-05-12 04:00:00
281.5944,285.3046,278.7192,279.4878,1620878400,1533300.0,2021-05-13 04:00:00
291.0075,294.1864,281.7466,284.088,1620964800,1508100.0,2021-05-14 04:00:00
283.3647,286.3438,278.0919,284.0596,1621224000,1352800.0,2021-05-17 04:00:00
279.7479,288.3806,279.3291,287.7905,1621310400,1087600.0,2021-05-18 04:00:00
289.2848,289.5703,272.7618,274.1609,1621396800,1301000.0,2021-05-19 04:00:00
298.2505,299.8115,290.7029,290.7029,1621483200,1449900.0,2021-05-20 04:00:00
295.1858,299.7829,293.8247,299.7829,1621569600,1049700.0,2021-05-21 04:00:00
302.2385,304.6846,298.6788,299.1833,1621828800,1209100.0,2021-05-24 04:00:00
302.5906,308.2918,301.2771,304.694,1621915200,1258300.0,2021-05-25 04:00:00
302.0863,306.474,300.4873,303.809,1622001600,1078100.0,2021-05-26 04:00:00
301.2773,306.0742,300.6681,301.5723,1622088000,1195100.0,2021-05-27 04:00:00
301.6104,304.8655,301.2011,302.8477,1622174400,885500.0,2021-05-28 04:00:00
300.5062,309.0913,299.2308,304.4656,1622520000,1024700.0,2021-06-01 04:00:00
300.373,303.1237,297.7175,300.8584,1622606400,881700.0,2021-06-02 04:00:00
293.8914,297.3939,292.5113,296.7467,1622692800,1243000.0,2021-06-03 04:00:00
301.7055,302.7335,296.1471,296.366,1622779200,898400.0,2021-06-04 04:00:00
303.1903,303.9327,297.5557,300.1731,1623038400,1098500.0,2021-06-07 04:00:00
298.6693,308.0443,296.8133,307.045,1623124800,615000.0,2021-06-08 04:00:00
299.012,307.2545,298.7265,305.6459,1623211200,748000.0,2021-06-09 04:00:00
303.9137,305.1415,299.3642,300.8775,1623297600,690900.0,2021-06-10 04:00:00
304.675,305.8552,302.0957,305.189,1623384000,770300.0,2021-06-11 04:00:00
309.5291,310.1954,303.5519,305.4555,1623643200,634300.0,2021-06-14 04:00:00
305.1319,310.8426,303.8946,308.8058,1623729600,718400.0,2021-06-15 04:00:00
300.6681,307.7017,298.1268,307.302,1623816000,856300.0,2021-06-16 04:00:00
303.0666,305.8363,298.0412,299.8781,1623902400,919700.0,2021-06-17 04:00:00
289.7987,299.5449,288.5423,298.7454,1623988800,1925900.0,2021-06-18 04:00:00
293.92,294.6814,287.8952,291.2645,1624248000,882400.0,2021-06-21 04:00:00
293.7391,294.6528,289.5418,292.8064,1624334400,672300.0,2021-06-22 04:00:00
295.8712,297.8604,293.7392,293.9676,1624420800,656600.0,2021-06-23 04:00:00
300.6587,300.9061,297.2227,298.3744,1624507200,730700.0,2021-06-24 04:00:00
301.0107,302.9809,298.8216,300.4016,1624593600,3921200.0,2021-06-25 04:00:00
306.7214,309.7956,303.0475,303.8565,1624852800,861600.0,2021-06-28 04:00:00
309.5197,310.3097,306.0362,306.474,1624939200,544800.0,2021-06-29 04:00:00
308.5774,309.3388,305.3984,309.3293,1625025600,697600.0,2021-06-30 04:00:00
296.7086,308.663,296.5088,308.5202,1625112000,1417100.0,2021-07-01 04:00:00
296.7848,298.8597,293.1585,298.6027,1625198400,1053200.0,2021-07-02 04:00:00
296.2424,301.0298,290.5412,297.632,1625544000,1071400.0,2021-07-06 04:00:00
292.2543,299.7544,291.1312,298.9739,1625630400,988900.0,2021-07-07 04:00:00
288.4757,290.4174,284.326,286.5151,1625716800,896000.0,2021-07-08 04:00:00
293.8724,294.6528,287.0576,289.0659,1625803200,726700.0,2021-07-09 04:00:00
298.8787,299.1357,294.0056,295.0716,1626062400,883300.0,2021-07-12 04:00:00
296.5849,299.8115,295.0525,297.0703,1626148800,568400.0,2021-07-13 04:00:00
294.215,302.9523,293.5868,298.6217,1626235200,763100.0,2021-07-14 04:00:00
289.1039,295.0526,287.1718,293.3489,1626321600,910300.0,2021-07-15 04:00:00
279.0817,293.0443,278.206,290.5602,1626408000,1794400.0,2021-07-16 04:00:00
280.1381,280.1667,273.5804,275.9503,1626667200,1332200.0,2021-07-19 04:00:00
288.1712,290.1318,278.5677,281.0614,1626753600,1202500.0,2021-07-20 04:00:00
301.6008,302.9523,289.2086,289.6655,1626840000,1607600.0,2021-07-21 04:00:00
299.2023,302.8001,296.9466,299.8115,1626926400,790200.0,2021-07-22 04:00:00
305.2938,306.474,300.2398,301.6484,1627012800,705200.0,2021-07-23 04:00:00
303.2664,306.7879,300.392,304.7321,1627272000,655100.0,2021-07-26 04:00:00
294.1008,300.097,287.9427,300.097,1627358400,1081200.0,2021-07-27 04:00:00
300.354,301.6294,294.5481,296.0043,1627444800,646800.0,2021-07-28 04:00:00
304.0278,304.7131,295.4046,298.3361,1627531200,1119100.0,2021-07-29 04:00:00
331.3726,339.5103,319.3801,323.1206,1627617600,2656900.0,2021-07-30 04:00:00
329.2311,339.5009,328.1651,331.3726,1627876800,1128200.0,2021-08-02 04:00:00
330.1638,332.667,326.4614,330.4875,1627963200,925400.0,2021-08-03 04:00:00
336.7407,338.8346,330.1639,330.1639,1628049600,1161900.0,2021-08-04 04:00:00
336.655,339.4342,332.6575,338.3967,1628136000,730400.0,2021-08-05 04:00:00
336.3123,337.6924,334.2089,334.5896,1628222400,908400.0,2021-08-06 04:00:00
334.5706,338.9012,334.3612,336.4742,1628481600,748600.0,2021-08-09 04:00:00
325.5096,335.0655,324.1771,334.304,1628568000,1476800.0,2021-08-10 04:00:00
326.1377,328.3934,320.0749,327.2703,1628654400,832300.0,2021-08-11 04:00:00
312.6701,323.4633,312.356,321.2266,1628740800,1356600.0,2021-08-12 04:00:00
313.0711,314.2646,311.085,312.3645,1628827200,596500.0,2021-08-13 04:00:00
314.3219,316.5658,311.1137,312.2595,1629086400,1073600.0,2021-08-16 04:00:00
307.8863,312.2499,302.5488,311.1423,1629172800,1255600.0,2021-08-17 04:00:00
303.2076,311.7343,302.8448,306.0435,1629259200,1117900.0,2021-08-18 04:00:00
307.7909,308.9844,299.3406,300.5723,1629345600,729900.0,2021-08-19 04:00:00
305.5183,312.6509,301.212,310.0633,1629432000,794300.0,2021-08-20 04:00:00
313.7014,314.723,308.7744,309.3282,1629691200,1274700.0,2021-08-23 04:00:00
313.1857,319.2011,311.6293,314.7898,1629777600,621500.0,2021-08-24 04:00:00
318.9338,320.3851,310.9896,310.9896,1629864000,839200.0,2021-08-25 04:00:00
318.676,321.5214,317.091,319.4781,1629950400,495500.0,2021-08-26 04:00:00
327.4413,328.0142,319.7358,320.471,1630036800,692600.0,2021-08-27 04:00:00
326.6583,331.232,323.5264,329.7424,1630296000,516000.0,2021-08-30 04:00:00
324.6054,328.1479,318.6568,328.1479,1630382400,1003200.0,2021-08-31 04:00:00
320.2992,326.1619,320.0032,325.5508,1630468800,668100.0,2021-09-01 04:00:00
322.4571,324.319,320.2132,322.629,1630555200,470600.0,2021-09-02 04:00:00
326.3146,327.0403,320.9293,320.9293,1630641600,481800.0,2021-09-03 04:00:00
326.3719,327.5845,322.648,327.1549,1630987200,570300.0,2021-09-07 04:00:00
321.5404,325.7513,319.4493,325.7513,1631073600,774800.0,2021-09-08 04:00:00
332.12,333.1321,320.4137,320.7479,1631160000,1200100.0,2021-09-09 04:00:00
334.7363,342.881,334.488,335.1468,1631246400,1241300.0,2021-09-10 04:00:00
339.5391,342.1363,333.5236,338.5938,1631505600,974200.0,2021-09-13 04:00:00
340.2934,348.314,337.5435,344.2369,1631592000,1349300.0,2021-09-14 04:00:00
350.7489,350.9399,338.0591,341.2101,1631678400,1566300.0,2021-09-15 04:00:00
355.2174,356.8502,346.7958,348.5145,1631764800,1970700.0,2021-09-16 04:00:00
353.1073,357.681,350.0518,357.49,1631851200,2162500.0,2021-09-17 04:00:00
339.1381,345.2299,333.9724,344.1223,1632110400,1312300.0,2021-09-20 04:00:00
340.4748,343.2057,333.8483,342.7378,1632196800,1160400.0,2021-09-21 04:00:00
349.0014,349.7653,339.921,342.9096,1632283200,762400.0,2021-09-22 04:00:00
354.2245,355.5899,349.2497,350.0996,1632369600,948300.0,2021-09-23 04:00:00
352.84,353.9094,350.2238,351.064,1632456000,433800.0,2021-09-24 04:00:00
349.2593,352.7253,346.4139,348.0466,1632715200,844000.0,2021-09-27 04:00:00
331.3561,340.8185,330.6877,336.4263,1632801600,1620600.0,2021-09-28 04:00:00
320.156,333.9438,319.6881,332.9317,1632888000,1202300.0,2021-09-29 04:00:00
319.4016,326.773,318.8192,323.0014,1632974400,962200.0,2021-09-30 04:00:00
319.8885,323.1637,313.9304,321.5118,1633060800,904600.0,2021-10-01 04:00:00
314.2074,317.597,310.8845,317.1196,1633320000,1147600.0,2021-10-04 04:00:00
316.2698,319.3348,313.4148,317.9217,1633406400,774300.0,2021-10-05 04:00:00
314.236,315.3054,309.7101,312.0304,1633492800,820900.0,2021-10-06 04:00:00
315.1909,320.9867,314.4461,318.4278,1633579200,811900.0,2021-10-07 04:00:00
311.3238,317.3584,310.1494,317.282,1633665600,643100.0,2021-10-08 04:00:00
310.5121,316.2506,309.8819,309.9106,1633924800,528700.0,2021-10-11 04:00:00
305.1173,313.4626,303.6277,312.7178,1634011200,855500.0,2021-10-12 04:00:00
305.9384,311.276,304.6781,309.2326,1634097600,690600.0,2021-10-13 04:00:00
314.8853,316.3461,311.8584,316.3461,1634184000,959000.0,2021-10-14 04:00:00
314.236,317.3774,313.0807,315.2577,1634270400,772500.0,2021-10-15 04:00:00
312.0112,313.4052,307.7717,311.9252,1634529600,1377800.0,2021-10-18 04:00:00
317.1387,317.6925,310.8559,310.9896,1634616000,820600.0,2021-10-19 04:00:00
316.0788,318.867,313.3957,316.7281,1634702400,702000.0,2021-10-20 04:00:00
320.3564,320.9484,308.7839,312.1162,1634788800,870600.0,2021-10-21 04:00:00
327.5368,341.7543,325.1593,326.6679,1634875200,1856200.0,2021-10-22 04:00:00
327.7278,332.0055,326.2478,332.0055,1635134400,1057500.0,2021-10-25 04:00:00
326.5247,333.3518,322.2375,333.3518,1635220800,868000.0,2021-10-26 04:00:00
325.1879,329.8284,321.0917,325.5603,1635307200,1196200.0,2021-10-27 04:00:00
339.2908,371.421,336.5791,349.8895,1635393600,2350800.0,2021-10-28 04:00:00
355.9241,357.2131,336.0826,336.3213,1635480000,1604200.0,2021-10-29 04:00:00
363.0853,363.3049,352.4866,356.1532,1635739200,2049400.0,2021-11-01 04:00:00
371.1918,371.2587,363.8014,363.8301,1635825600,1186300.0,2021-11-02 04:00:00
375.8896,376.0805,365.7588,372.3853,1635912000,1237300.0,2021-11-03 04:00:00
390.6036,391.1479,375.8896,376.2811,1635998400,1703800.0,2021-11-04 04:00:00
397.9082,399.5027,387.3095,391.7877,1636084800,1655500.0,2021-11-05 04:00:00
394.1938,400.3907,392.0454,397.9272,1636347600,1247800.0,2021-11-08 05:00:00
398.2709,398.7388,391.8831,394.2797,1636434000,837700.0,2021-11-09 05:00:00
386.0872,399.1207,385.1229,391.5203,1636520400,1169800.0,2021-11-10 05:00:00
394.1461,395.5115,389.5724,391.6826,1636606800,620100.0,2021-11-11 05:00:00
395.6203,399.5068,392.289,394.8449,1636693200,627100.0,2021-11-12 05:00:00
395.4097,400.9523,392.9878,400.1386,1636952400,654200.0,2021-11-15 05:00:00
405.1164,405.9014,393.6005,395.3618,1637038800,1151000.0,2021-11-16 05:00:00
401.9,405.9301,399.7461,403.7475,1637125200,1476600.0,2021-11-17 05:00:00
405.1547,406.6863,399.5259,404.7622,1637211600,887700.0,2021-11-18 05:00:00
404.3315,408.6009,402.886,403.9964,1637298000,746300.0,2021-11-19 05:00:00
390.4702,408.9837,389.982,405.796,1637557200,1604300.0,2021-11-22 05:00:00
394.3759,394.7396,383.6736,389.7427,1637643600,1161600.0,2021-11-23 05:00:00
395.6395,395.6873,383.9799,392.8538,1637730000,730300.0,2021-11-24 05:00:00
381.9121,392.5761,380.0742,389.331,1637902800,756300.0,2021-11-26 05:00:00
396.1564,396.8935,385.5977,385.5977,1638162000,1084500.0,2021-11-29 05:00:00
390.6904,400.5503,388.4791,395.0268,1638248400,1548600.0,2021-11-30 05:00:00
394.5674,409.922,390.7383,397.5062,1638334800,1637100.0,2021-12-01 05:00:00
385.3297,398.0996,384.066,391.2552,1638421200,1610000.0,2021-12-02 05:00:00
383.5588,393.3517,377.7481,390.2022,1638507600,1313000.0,2021-12-03 05:00:00
382.4578,386.1816,373.4978,385.703,1638766800,1284300.0,2021-12-06 05:00:00
401.2395,402.5127,388.4312,389.1875,1638853200,1348100.0,2021-12-07 05:00:00
403.2784,404.2644,395.6394,400.6938,1638939600,952200.0,2021-12-08 05:00:00
391.8773,402.168,391.3508,400.3779,1639026000,1091600.0,2021-12-09 05:00:00
393.141,399.7078,386.823,397.4295,1639112400,833800.0,2021-12-10 05:00:00
382.6684,393.2175,379.8732,393.141,1639371600,1189400.0,2021-12-13 05:00:00
382.3908,385.1094,377.3364,378.8776,1639458000,993300.0,2021-12-14 05:00:00
392.3943,393.9546,375.9867,383.3289,1639544400,2186900.0,2021-12-15 05:00:00
380.3326,397.2572,378.2075,396.3095,1639630800,2306600.0,2021-12-16 05:00:00
374.8189,380.4956,370.4634,379.4043,1639717200,3228000.0,2021-12-17 05:00:00
369.0273,376.3313,365.3227,369.3911,1639976400,1850200.0,2021-12-20 05:00:00
391.906,394.5864,383.9224,385.9231,1640062800,2267000.0,2021-12-21 05:00:00
395.5533,395.716,386.306,388.9194,1640149200,719600.0,2021-12-22 05:00:00
402.7807,406.3513,397.2955,397.487,1640235600,878000.0,2021-12-23 05:00:00
421.3613,422.6823,403.9773,404.1879,1640581200,1302800.0,2021-12-27 05:00:00
413.684,423.5343,411.9322,422.6728,1640667600,751900.0,2021-12-28 05:00:00
416.4887,420.1551,413.0904,414.287,1640754000,613900.0,2021-12-29 05:00:00
408.8306,417.3695,408.0744,416.843,1640840400,615000.0,2021-12-30 05:00:00
411.731,413.4733,409.0029,409.6155,1640926800,525000.0,2021-12-31 05:00:00
416.4984,417.0249,407.4234,412.7172,1641186000,1044300.0,2022-01-03 05:00:00
412.8128,418.1735,399.7556,415.8186,1641272400,964900.0,2022-01-04 05:00:00
402.7615,416.4983,401.7468,413.6935,1641358800,1174000.0,2022-01-05 05:00:00
413.751,416.46,399.9184,402.6562,1641445200,1268500.0,2022-01-06 05:00:00
399.0952,416.9196,398.406,411.444,1641531600,1155000.0,2022-01-07 05:00:00
400.8374,401.5936,387.4069,392.6814,1641790800,1341100.0,2022-01-10 05:00:00
407.4235,407.6724,392.9591,397.1328,1641877200,1018500.0,2022-01-11 05:00:00
415.3209,418.3172,411.2621,411.2621,1641963600,1213100.0,2022-01-12 05:00:00
403.4699,437.5869,402.4456,427.1814,1642050000,2290400.0,2022-01-13 05:00:00
425.9849,426.4826,400.8948,401.2586,1642136400,1422000.0,2022-01-14 05:00:00
395.3331,419.5424,394.4045,418.4703,1642482000,1710200.0,2022-01-18 05:00:00
376.3887,403.8336,376.0537,399.9184,1642568400,1511400.0,2022-01-19 05:00:00
366.9022,390.2021,365.9832,382.9077,1642654800,1578600.0,2022-01-20 05:00:00
357.0902,371.8991,354.8023,362.8242,1642741200,1934900.0,2022-01-21 05:00:00
374.388,376.7524,347.393,351.9783,1643000400,3310800.0,2022-01-24 05:00:00
354.2949,365.6769,353.8546,361.8574,1643086800,1782800.0,2022-01-25 05:00:00
364.3367,381.0315,358.191,367.3808,1643173200,2381800.0,2022-01-26 05:00:00
346.34,362.6519,343.6214,359.7418,1643259600,3076600.0,2022-01-27 05:00:00
350.9828,351.2605,329.3294,337.4853,1643346000,2111700.0,2022-01-28 05:00:00
372.6362,373.0766,350.5137,350.6669,1643605200,2216500.0,2022-01-31 05:00:00
371.4492,374.7709,359.2249,373.1627,1643691600,1357700.0,2022-02-01 05:00:00
378.5617,379.7966,368.8071,374.4933,1643778000,1322300.0,2022-02-02 05:00:00
357.7124,372.6075,356.5446,369.1039,1643864400,1868400.0,2022-02-03 05:00:00
361.2544,364.3463,352.3805,357.1477,1643950800,1129200.0,2022-02-04 05:00:00
359.5504,365.2653,358.1241,362.3169,1644210000,1084000.0,2022-02-07 05:00:00
368.7593,369.8314,356.9849,359.1388,1644296400,1975200.0,2022-02-08 05:00:00
383.0322,384.0756,373.335,376.7142,1644382800,1460800.0,2022-02-09 05:00:00
373.0574,388.4407,370.7504,373.7658,1644469200,1326400.0,2022-02-10 05:00:00
354.4074,378.087,350.424,375.4378,1644555600,1657800.0,2022-02-11 05:00:00
350.5008,362.7677,344.8952,355.3096,1644814800,1264100.0,2022-02-14 05:00:00
371.944,373.6813,357.6517,358.4868,1644901200,1565200.0,2022-02-15 05:00:00
370.1683,371.9632,362.3455,366.6168,1644987600,1600200.0,2022-02-16 05:00:00
351.355,366.0216,350.4048,364.0635,1645074000,1821800.0,2022-02-17 05:00:00
343.9163,355.1466,339.069,355.1466,1645160400,1368900.0,2022-02-18 05:00:00
341.459,350.6544,334.6248,340.8063,1645506000,1667000.0,2022-02-22 05:00:00
329.9791,349.6082,328.4625,344.9048,1645592400,1636800.0,2022-02-23 05:00:00
343.5227,343.897,316.042,318.3841,1645678800,1676400.0,2022-02-24 05:00:00
343.2923,345.4231,336.7653,342.3804,1645765200,1578300.0,2022-02-25 05:00:00
334.5096,342.1597,327.4355,339.2321,1646024400,1883000.0,2022-02-28 05:00:00
323.2697,335.3255,319.7759,332.6667,1646110800,1427500.0,2022-03-01 05:00:00
332.1772,334.0297,323.7304,328.5681,1646197200,1289400.0,2022-03-02 05:00:00
328.7793,335.5463,324.7383,335.0184,1646283600,1028500.0,2022-03-03 05:00:00
318.768,327.3107,313.8248,325.1415,1646370000,1566500.0,2022-03-04 05:00:00
301.5291,323.9417,301.2987,321.0813,1646629200,1641100.0,2022-03-07 05:00:00
308.9007,319.4975,298.0831,303.5543,1646715600,1805000.0,2022-03-08 05:00:00
325.9285,328.2609,317.6833,317.8177,1646802000,1521300.0,2022-03-09 05:00:00
315.5908,320.9948,309.7741,317.4625,1646888400,1555800.0,2022-03-10 05:00:00
310.2924,324.4503,309.8221,322.6074,1646974800,958700.0,2022-03-11 05:00:00
307.1538,317.8466,305.2437,311.214,1647230400,1558700.0,2022-03-14 04:00:00
319.8431,320.7166,310.3981,310.686,1647316800,1333500.0,2022-03-15 04:00:00
336.8325,337.1972,319.8815,323.4809,1647403200,1549500.0,2022-03-16 04:00:00
338.4546,340.1632,331.1693,332.5227,1647489600,1014400.0,2022-03-17 04:00:00
350.3952,351.7102,332.9354,336.4869,1647576000,2996400.0,2022-03-18 04:00:00
341.9773,349.4545,336.7269,345.8839,1647835200,1333200.0,2022-03-21 04:00:00
346.5366,350.0113,342.2749,342.2749,1647921600,842500.0,2022-03-22 04:00:00
334.7304,345.7783,334.2888,345.7783,1648008000,1163300.0,2022-03-23 04:00:00
351.2015,351.4126,336.103,339.7792,1648094400,1066900.0,2022-03-24 04:00:00
351.7295,354.0715,344.9433,348.8115,1648180800,942200.0,2022-03-25 04:00:00
360.2817,360.5697,348.5235,354.3594,1648440000,1088700.0,2022-03-28 04:00:00
368.9012,371.3968,362.2974,365.7529,1648526400,1061900.0,2022-03-29 04:00:00
358.8132,368.0566,356.6535,368.0086,1648612800,1123000.0,2022-03-30 04:00:00
351.3647,363.7372,350.9231,359.8018,1648699200,1319900.0,2022-03-31 04:00:00
345.8071,355.1945,340.5471,354.3787,1648785600,1183000.0,2022-04-01 04:00:00
352.3149,353.5436,345.9319,347.2277,1649044800,904200.0,2022-04-04 04:00:00
331.6493,350.808,329.4128,349.5698,1649131200,1690000.0,2022-04-05 04:00:00
330.4303,335.4215,320.1022,325.3238,1649217600,1780900.0,2022-04-06 04:00:00
338.9058,342.0829,329.1825,329.5472,1649304000,1315000.0,2022-04-07 04:00:00
327.5123,336.1222,327.0035,335.5175,1649390400,1551000.0,2022-04-08 04:00:00
318.1633,325.5542,317.8945,323.3849,1649649600,1484000.0,2022-04-11 04:00:00
316.9922,331.2845,315.0246,326.3508,1649736000,1164300.0,2022-04-12 04:00:00
323.0106,326.0053,316.33,318.2881,1649822400,1137800.0,2022-04-13 04:00:00
308.5744,323.8457,308.0369,322.5115,1649908800,1486300.0,2022-04-14 04:00:00
314.7079,316.762,306.5779,307.1538,1650254400,984600.0,2022-04-18 04:00:00
324.2585,325.3431,311.5308,316.2245,1650340800,1319700.0,2022-04-19 04:00:00
331.7164,337.7539,331.1501,331.2365,1650427200,1295200.0,2022-04-20 04:00:00
322.5018,340.7199,321.014,334.8935,1650513600,1340600.0,2022-04-21 04:00:00
311.262,323.001,310.5709,321.2541,1650600000,1420200.0,2022-04-22 04:00:00
317.9137,318.3648,306.5394,309.2942,1650859200,1259900.0,2022-04-25 04:00:00
302.1241,313.3064,301.7785,312.2793,1650945600,1281100.0,2022-04-26 04:00:00
302.1434,310.9932,299.4846,300.1469,1651032000,1042600.0,2022-04-27 04:00:00
319.4015,323.6248,304.0342,306.5394,1651118400,1827900.0,2022-04-28 04:00:00
306.4435,328.5298,305.6373,318.4129,1651204800,2424900.0,2022-04-29 04:00:00
313.5272,314.2855,299.6381,308.7567,1651464000,1564400.0,2022-05-02 04:00:00
320.5917,321.59,310.5228,313.2296,1651550400,1326100.0,2022-05-03 04:00:00
335.3544,336.4006,313.3257,321.3117,1651636800,1459000.0,2022-05-04 04:00:00
320.0158,332.11,316.0996,329.1153,1651723200,1863100.0,2022-05-05 04:00:00
318.0481,324.6903,308.1136,318.48,1651809600,967800.0,2022-05-06 04:00:00
306.0691,316.3107,303.631,309.3806,1652068800,1822900.0,2022-05-09 04:00:00
310.2445,317.3091,303.4968,315.1302,1652155200,1450900.0,2022-05-10 04:00:00
299.1198,313.6712,298.5918,305.5028,1652241600,1320000.0,2022-05-11 04:00:00
302.9304,307.1538,294.1285,296.5954,1652328000,1498100.0,2022-05-12 04:00:00
323.9925,325.2348,306.2722,308.5065,1652414400,1982200.0,2022-05-13 04:00:00
318.3297,325.2638,316.76,319.7069,1652673600,937200.0,2022-05-16 04:00:00
338.5251,340.0852,325.0808,327.5847,1652760000,1657400.0,2022-05-17 04:00:00
321.5174,338.0146,319.2061,332.3422,1652846400,1668600.0,2022-05-18 04:00:00
326.0149,333.6327,319.5239,320.4484,1652932800,1450800.0,2022-05-19 04:00:00
323.0873,333.9313,306.2819,330.0213,1653019200,1997000.0,2022-05-20 04:00:00
328.5767,332.7083,323.2895,324.3585,1653278400,1085900.0,2022-05-23 04:00:00
317.8963,326.4387,314.516,324.5703,1653364800,1308300.0,2022-05-24 04:00:00
325.4948,327.3054,315.4598,316.4421,1653451200,1166300.0,2022-05-25 04:00:00
340.2297,341.4143,320.7952,320.9204,1653537600,1434800.0,2022-05-26 04:00:00
357.5551,358.5856,344.8139,344.8139,1653624000,1456000.0,2022-05-27 04:00:00
351.3723,354.0978,344.5538,352.7687,1653969600,1592600.0,2022-05-31 04:00:00
343.8026,355.4075,337.8221,352.9902,1654056000,1110100.0,2022-06-01 04:00:00
358.0367,358.2485,341.0579,342.8107,1654142400,1161400.0,2022-06-02 04:00:00
349.0513,352.8554,346.0947,349.504,1654228800,799900.0,2022-06-03 04:00:00
349.0803,357.8537,346.7882,356.4862,1654488000,582300.0,2022-06-06 04:00:00
353.6548,355.0897,342.1751,345.3435,1654574400,675900.0,2022-06-07 04:00:00
348.1268,353.5969,344.0915,352.5761,1654660800,891800.0,2022-06-08 04:00:00
336.6664,350.39,336.5894,344.0435,1654747200,908800.0,2022-06-09 04:00:00
321.3345,333.0357,320.9782,331.0132,1654833600,1227000.0,2022-06-10 04:00:00
302.2851,313.2351,301.1198,310.423,1655092800,1904100.0,2022-06-13 04:00:00
304.7795,308.7858,300.1279,306.9753,1655179200,1170300.0,2022-06-14 04:00:00
311.8291,317.3089,304.5291,310.4808,1655265600,1214700.0,2022-06-15 04:00:00
298.9337,309.7296,295.2067,307.3123,1655352000,2211400.0,2022-06-16 04:00:00
300.4072,304.712,293.685,299.7138,1655438400,3072000.0,2022-06-17 04:00:00
315.1323,320.3039,305.9929,307.6879,1655784000,1370300.0,2022-06-21 04:00:00
312.455,317.1644,304.4424,306.2048,1655870400,1077100.0,2022-06-22 04:00:00
308.8147,315.4983,304.4905,314.3619,1655956800,1330300.0,2022-06-23 04:00:00
326.9587,327.0262,312.3588,315.8065,1656043200,1924300.0,2022-06-24 04:00:00
326.0823,332.1977,322.6442,330.1561,1656302400,1369800.0,2022-06-27 04:00:00
317.8963,332.4867,316.2688,328.8752,1656388800,1283100.0,2022-06-28 04:00:00
308.728,313.187,304.5291,311.6268,1656475200,1225900.0,2022-06-29 04:00:00
307.2931,313.5723,301.611,304.0765,1656561600,1302600.0,2022-06-30 04:00:00
285.316,302.1021,281.3289,298.2018,1656648000,2323600.0,2022-07-01 04:00:00
284.6418,284.8056,272.3821,275.7047,1656993600,2222400.0,2022-07-05 04:00:00
282.1765,286.2791,280.077,284.4878,1657080000,2201200.0,2022-07-06 04:00:00
302.5645,303.9705,288.2245,290.2084,1657166400,1887000.0,2022-07-07 04:00:00
305.1358,307.0426,297.0461,297.855,1657252800,1006800.0,2022-07-08 04:00:00
301.6013,304.8083,296.6223,301.3509,1657512000,1383400.0,2022-07-11 04:00:00
302.1888,307.6975,299.9834,303.5082,1657598400,1078400.0,2022-07-12 04:00:00
301.5533,304.8758,295.0815,296.2661,1657684800,1056000.0,2022-07-13 04:00:00
307.3027,309.4118,290.9499,299.5501,1657771200,1628900.0,2022-07-14 04:00:00
314.179,314.2175,304.9528,310.3652,1657857600,1238500.0,2022-07-15 04:00:00
317.3185,328.2589,314.4486,319.2543,1658116800,1683100.0,2022-07-18 04:00:00
332.8142,333.4017,321.0167,321.7872,1658203200,2044800.0,2022-07-19 04:00:00
343.2826,344.3901,329.4338,330.9651,1658289600,1689200.0,2022-07-20 04:00:00
347.2215,348.0209,339.4785,344.9487,1658376000,1244000.0,2022-07-21 04:00:00
340.9423,347.1541,338.7754,347.1541,1658462400,1468100.0,2022-07-22 04:00:00
337.6487,338.6214,330.3198,335.4722,1658721600,986500.0,2022-07-25 04:00:00
333.132,339.363,331.4563,336.9361,1658808000,835900.0,2022-07-26 04:00:00
347.7993,351.0352,337.0419,337.3404,1658894400,1318200.0,2022-07-27 04:00:00
356.3128,357.6033,340.9038,347.7993,1658980800,1315200.0,2022-07-28 04:00:00
369.3719,373.8598,346.8749,348.6662,1659067200,1827000.0,2022-07-29 04:00:00
371.3943,376.2674,364.4891,367.1087,1659326400,1029300.0,2022-08-01 04:00:00
368.5533,375.6414,365.2885,369.5356,1659412800,1206000.0,2022-08-02 04:00:00
381.3042,383.1051,368.9578,368.9578,1659499200,1354600.0,2022-08-03 04:00:00
382.7198,384.2222,379.0506,383.2977,1659585600,1156400.0,2022-08-04 04:00:00
381.1212,382.7873,371.741,374.7168,1659672000,1213800.0,2022-08-05 04:00:00
373.359,382.0362,367.311,376.4119,1659931200,1600100.0,2022-08-08 04:00:00
345.0835,360.7236,342.541,360.6947,1660017600,3194600.0,2022-08-09 04:00:00
360.6755,361.6289,350.2552,354.406,1660104000,1755100.0,2022-08-10 04:00:00
358.9804,371.375,357.3818,361.6096,1660190400,1323800.0,2022-08-11 04:00:00
368.4032,370.8965,359.9855,361.8121,1660276800,1137000.0,2022-08-12 04:00:00
371.4184,372.7037,361.5318,365.3106,1660536000,1303600.0,2022-08-15 04:00:00
367.9489,373.0323,365.6971,371.0608,1660622400,872600.0,2022-08-16 04:00:00
362.4982,366.4316,356.7963,364.2088,1660708800,1198400.0,2022-08-17 04:00:00
369.1956,371.1575,361.097,363.861,1660795200,1119200.0,2022-08-18 04:00:00
359.3283,366.0933,356.8253,363.7642,1660881600,1257300.0,2022-08-19 04:00:00
347.7215,354.071,346.0496,351.4906,1661140800,1338700.0,2022-08-22 04:00:00
350.2826,356.7963,349.1422,349.5481,1661227200,860200.0,2022-08-23 04:00:00
350.4952,353.2979,345.6727,348.1661,1661313600,938400.0,2022-08-24 04:00:00
364.0735,364.6824,350.5628,351.9158,1661400000,1285300.0,2022-08-25 04:00:00
347.1224,364.3442,346.9485,362.624,1661486400,1604400.0,2022-08-26 04:00:00
341.517,347.6539,339.4778,341.6233,1661745600,1319700.0,2022-08-29 04:00:00
335.4866,345.4022,331.9205,345.3055,1661832000,1416600.0,2022-08-30 04:00:00
332.5776,338.0959,328.4413,338.0959,1661918400,1564800.0,2022-08-31 04:00:00
325.7933,326.5375,317.9459,323.6188,1662004800,1870400.0,2022-09-01 04:00:00
323.9957,333.7276,321.8019,330.2968,1662091200,1300700.0,2022-09-02 04:00:00
319.4825,325.7449,315.7424,322.604,1662436800,1402800.0,2022-09-06 04:00:00
326.4795,329.4078,317.7043,320.9708,1662523200,1604900.0,2022-09-07 04:00:00
339.3039,339.6325,321.6279,324.5562,1662609600,2258200.0,2022-09-08 04:00:00
346.6295,350.5532,344.8802,344.8802,1662696000,1655300.0,2022-09-09 04:00:00
345.4698,347.3543,340.9082,344.9576,1662955200,1141300.0,2022-09-12 04:00:00
329.2434,336.6269,328.132,331.4662,1663041600,2326500.0,2022-09-13 04:00:00
334.9743,338.0186,326.4794,332.0074,1663128000,1803000.0,2022-09-14 04:00:00
326.0349,333.0705,323.1549,333.0705,1663214400,1577500.0,2022-09-15 04:00:00
324.2663,326.808,317.2307,323.6768,1663300800,4219300.0,2022-09-16 04:00:00
323.126,326.7888,319.0573,322.0532,1663560000,1417400.0,2022-09-19 04:00:00
318.8253,321.3284,316.9698,320.5456,1663646400,1162500.0,2022-09-20 04:00:00
312.0216,326.2088,312.012,321.2607,1663732800,1800700.0,2022-09-21 04:00:00
302.5603,310.3401,301.7871,309.5862,1663819200,2290400.0,2022-09-22 04:00:00
297.2739,300.5598,292.0358,299.8736,1663905600,1839900.0,2022-09-23 04:00:00
293.3792,302.4733,292.751,298.5399,1664164800,1476300.0,2022-09-26 04:00:00
298.0278,301.1203,292.3452,300.4728,1664251200,1364500.0,2022-09-27 04:00:00
305.0923,306.1264,293.2922,295.6503,1664337600,1693300.0,2022-09-28 04:00:00
300.2795,301.7485,295.8532,300.4921,1664424000,1784800.0,2022-09-29 04:00:00
292.4708,301.507,292.1906,292.7607,1664510400,1641400.0,2022-09-30 04:00:00
305.9041,310.1757,294.5389,295.9112,1664769600,1869300.0,2022-10-03 04:00:00
316.3029,319.7338,312.4759,318.6417,1664856000,1549300.0,2022-10-04 04:00:00
318.0038,321.9372,305.7398,309.335,1664942400,1348800.0,2022-10-05 04:00:00
316.4962,323.6478,315.665,317.1823,1665028800,1317700.0,2022-10-06 04:00:00
303.6137,310.9489,300.5115,307.6147,1665115200,2194400.0,2022-10-07 04:00:00
289.2912,303.2657,286.2566,303.2657,1665374400,2097000.0,2022-10-10 04:00:00
271.4896,288.9336,267.3339,280.8253,1665460800,3561200.0,2022-10-11 04:00:00
265.5847,272.4753,264.6182,271.7505,1665547200,2427400.0,2022-10-12 04:00:00
269.1895,274.6305,241.8009,250.605,1665633600,4588800.0,2022-10-13 04:00:00
254.8476,271.4799,254.3451,271.2866,1665720000,2346000.0,2022-10-14 04:00:00
254.3837,263.3909,253.108,261.5836,1665979200,2557300.0,2022-10-17 04:00:00
259.7378,265.343,253.7749,262.9173,1666065600,1763600.0,2022-10-18 04:00:00
262.8303,264.9178,254.9732,259.1192,1666152000,1991200.0,2022-10-19 04:00:00
267.7108,273.0841,262.4147,265.2077,1666238400,1942400.0,2022-10-20 04:00:00
280.8735,281.7433,265.8842,268.107,1666324800,2067700.0,2022-10-21 04:00:00
285.4738,287.0491,279.5979,281.6081,1666584000,1369000.0,2022-10-24 04:00:00
294.6356,297.4092,287.3197,287.687,1666670400,1775000.0,2022-10-25 04:00:00
296.1142,300.7048,289.0013,290.8955,1666756800,1958600.0,2022-10-26 04:00:00
298.54,305.1793,294.0557,305.1793,1666843200,2298700.0,2022-10-27 04:00:00
310.7073,312.2923,299.5644,300.2989,1666929600,2880200.0,2022-10-28 04:00:00
305.8268,308.8517,303.459,307.1895,1667188800,1364300.0,2022-10-31 04:00:00
310.398,313.7805,308.3492,312.6208,1667275200,1666900.0,2022-11-01 04:00:00
301.9322,316.6316,299.4581,311.2002,1667361600,1846600.0,2022-11-02 04:00:00
303.8843,309.219,296.984,297.0034,1667448000,1711700.0,2022-11-03 04:00:00
317.0181,317.3467,308.0593,314.4087,1667534400,1875800.0,2022-11-04 04:00:00
325.8512,326.5471,317.4046,319.6564,1667797200,1955500.0,2022-11-07 05:00:00
330.6447,334.0659,324.4305,331.9784,1667883600,1485500.0,2022-11-08 05:00:00
326.1895,332.0944,323.3965,324.9042,1667970000,1471000.0,2022-11-09 05:00:00
355.8879,356.777,337.893,345.5568,1668056400,2734100.0,2022-11-10 05:00:00
367.4464,370.0847,353.8584,358.0913,1668142800,1665300.0,2022-11-11 05:00:00
366.4767,374.0601,364.4693,364.4693,1668402000,1263300.0,2022-11-14 05:00:00
373.8855,380.6253,368.3677,378.3076,1668488400,1742700.0,2022-11-15 05:00:00
359.2133,366.1857,356.4495,360.5418,1668574800,2455700.0,2022-11-16 05:00:00
364.6147,365.0705,349.1182,350.825,1668661200,987500.0,2022-11-17 05:00:00
364.9541,371.2574,360.5418,370.9859,1668747600,1121600.0,2022-11-18 05:00:00
360.8521,364.9639,359.5624,360.377,1669006800,1082600.0,2022-11-21 05:00:00
370.6175,371.5387,357.8362,364.6826,1669093200,1380300.0,2022-11-22 05:00:00
373.963,377.105,368.6004,368.9882,1669179600,1401000.0,2022-11-23 05:00:00
368.5228,372.8867,368.5034,370.4429,1669352400,624400.0,2022-11-25 05:00:00
363.5868,369.0271,361.6667,363.8583,1669611600,1413600.0,2022-11-28 05:00:00
363.005,365.6039,359.6497,363.4996,1669698000,813200.0,2022-11-29 05:00:00
381.2556,382.875,361.0945,364.4983,1669784400,2795100.0,2022-11-30 05:00:00
378.9088,383.9418,371.6745,383.0496,1669870800,1838000.0,2022-12-01 05:00:00
377.7742,379.5198,367.844,369.1435,1669957200,921300.0,2022-12-02 05:00:00
376.8141,380.3634,372.9448,374.768,1670216400,1236400.0,2022-12-05 05:00:00
371.6454,379.4906,368.678,378.8409,1670302800,1171300.0,2022-12-06 05:00:00
376.3486,377.2505,366.9906,367.6888,1670389200,828000.0,2022-12-07 05:00:00
383.9418,385.4934,376.4554,379.2385,1670475600,1130000.0,2022-12-08 05:00:00
381.5077,388.422,375.8735,380.0531,1670562000,1380300.0,2022-12-09 05:00:00
388.7808,388.8777,372.1011,373.74,1670821200,1555800.0,2022-12-12 05:00:00
396.6551,406.8762,391.3506,403.0845,1670907600,2221900.0,2022-12-13 05:00:00
393.9204,401.5135,389.576,396.0151,1670994000,1557000.0,2022-12-14 05:00:00
373.1097,387.5492,371.6551,386.0073,1671080400,2091600.0,2022-12-15 05:00:00
373.8758,376.0286,368.7458,370.4817,1671166800,2360900.0,2022-12-16 05:00:00
372.0527,374.1473,367.941,373.323,1671426000,1122800.0,2022-12-19 05:00:00
374.2346,377.9488,367.01,369.2696,1671512400,903400.0,2022-12-20 05:00:00
384.7758,386.0849,375.8541,377.0469,1671598800,1125000.0,2022-12-21 05:00:00
362.5395,375.0783,355.9549,374.4092,1671685200,2075700.0,2022-12-22 05:00:00
365.9724,366.5639,356.5949,360.9782,1671771600,892000.0,2022-12-23 05:00:00
359.8727,364.8766,357.7004,364.8766,1672117200,988700.0,2022-12-27 05:00:00
356.6338,364.1202,355.2373,358.1369,1672203600,610400.0,2022-12-28 05:00:00
368.3676,369.8223,361.4631,361.851,1672290000,787200.0,2022-12-29 05:00:00
365.6233,366.0888,359.1066,363.2183,1672376400,669300.0,2022-12-30 05:00:00
365.1578,373.1,361.3079,372.3824,1672722000,764100.0,2023-01-03 05:00:00
368.7264,373.517,362.7722,371.2672,1672808400,1187600.0,2023-01-04 05:00:00
362.171,369.2695,361.8315,363.3443,1672894800,924900.0,2023-01-05 05:00:00
385.5612,385.7164,366.273,368.4937,1672981200,1423400.0,2023-01-06 05:00:00
395.9763,404.2967,388.0147,390.4488,1673240400,1955400.0,2023-01-09 05:00:00
403.6761,404.0931,394.0465,394.6769,1673326800,979000.0,2023-01-10 05:00:00
406.469,406.8278,398.8371,400.7669,1673413200,1230800.0,2023-01-11 05:00:00
406.3914,409.9116,395.1521,406.469,1673499600,1505300.0,2023-01-12 05:00:00
407.3321,408.4085,399.9717,403.2106,1673586000,1615200.0,2023-01-13 05:00:00
403.3658,407.8072,401.1741,405.0919,1673931600,1046200.0,2023-01-17 05:00:00
402.5027,415.3228,402.2215,409.4364,1674018000,1183900.0,2023-01-18 05:00:00
389.9348,402.2602,389.6826,398.4879,1674104400,1409800.0,2023-01-19 05:00:00
401.3293,402.2506,390.4779,392.621,1674190800,923300.0,2023-01-20 05:00:00
412.7044,415.5943,395.2684,395.2684,1674450000,1459400.0,2023-01-23 05:00:00
410.3383,413.3833,404.8205,406.1684,1674536400,852700.0,2023-01-24 05:00:00
409.834,410.251,396.0636,400.2626,1674622800,1276300.0,2023-01-25 05:00:00
415.7882,416.467,402.4445,411.1819,1674709200,1646300.0,2023-01-26 05:00:00
387.2874,398.0904,383.3308,392.7471,1674795600,2385500.0,2023-01-27 05:00:00
375.9511,384.6885,375.4081,383.3212,1675054800,1446000.0,2023-01-30 05:00:00
380.6058,381.1683,376.1353,376.2517,1675141200,1113300.0,2023-01-31 05:00:00
397.3727,401.4845,378.9573,380.6737,1675227600,1727800.0,2023-02-01 05:00:00
401.727,404.3259,396.2479,401.4748,1675314000,1343100.0,2023-02-02 05:00:00
395.9181,409.0291,393.9495,396.7133,1675400400,1080500.0,2023-02-03 05:00:00
393.3192,400.6699,389.9057,392.1362,1675659600,855500.0,2023-02-06 05:00:00
404.2191,405.858,390.9336,394.6186,1675746000,1435300.0,2023-02-07 05:00:00
392.301,403.1427,391.4379,400.4857,1675832400,937700.0,2023-02-08 05:00:00
391.5251,401.7075,387.7334,398.934,1675918800,1231800.0,2023-02-09 05:00:00
384.9485,389.8032,380.2885,388.1396,1676005200,910500.0,2023-02-10 05:00:00
391.7782,393.3153,382.7693,385.4739,1676264400,1250800.0,2023-02-13 05:00:00
391.4182,396.9344,385.542,386.8262,1676350800,1353000.0,2023-02-14 05:00:00
393.4904,393.8892,382.5455,387.9644,1676437200,940400.0,2023-02-15 05:00:00
382.1759,389.4433,380.1523,386.5149,1676523600,1334600.0,2023-02-16 05:00:00
377.399,384.3843,373.5951,382.1758,1676610000,991200.0,2023-02-17 05:00:00
368.0789,377.1947,367.8454,373.4491,1676955600,1161000.0,2023-02-21 05:00:00
367.5048,371.085,363.7106,370.1511,1677042000,884500.0,2023-02-22 05:00:00
377.8368,379.948,368.8571,375.2197,1677128400,1121100.0,2023-02-23 05:00:00
369.5479,373.8771,367.5242,371.8438,1677214800,726400.0,2023-02-24 05:00:00
368.8085,376.2122,368.3124,376.2122,1677474000,756200.0,2023-02-27 05:00:00
369.0906,373.9842,365.6563,367.9523,1677560400,1189900.0,2023-02-28 05:00:00
368.0789,373.0016,362.981,363.6815,1677646800,731600.0,2023-03-01 05:00:00
368.0497,370.9294,357.3188,362.7767,1677733200,864600.0,2023-03-02 05:00:00
371.1823,372.9043,363.8955,369.1393,1677819600,782800.0,2023-03-03 05:00:00
369.3727,375.5408,367.3978,374.3052,1678078800,773200.0,2023-03-06 05:00:00
365.2186,370.3748,362.261,369.4409,1678165200,693400.0,2023-03-07 05:00:00
376.9029,378.6248,366.1234,368.3999,1678251600,962300.0,2023-03-08 05:00:00
368.2053,384.1994,367.3394,376.4748,1678338000,959800.0,2023-03-09 05:00:00
357.5425,374.5387,353.7678,373.6729,1678424400,1142600.0,2023-03-10 05:00:00
354.9256,360.4612,350.0806,353.0674,1678680000,1246400.0,2023-03-13 04:00:00
368.7403,369.8592,359.6536,362.5042,1678766400,1362800.0,2023-03-14 04:00:00
360.2666,363.5549,351.6469,363.1269,1678852800,1013400.0,2023-03-15 04:00:00
379.3253,379.8896,355.1006,357.7469,1678939200,1355700.0,2023-03-16 04:00:00
377.2336,381.0959,372.3887,379.3253,1679025600,3033500.0,2023-03-17 04:00:00
379.3642,380.8333,373.8091,378.9848,1679284800,876000.0,2023-03-20 04:00:00
374.6166,385.8436,370.044,382.098,1679371200,764200.0,2023-03-21 04:00:00
371.5033,386.6218,370.9585,372.0578,1679457600,886400.0,2023-03-22 04:00:00
378.2648,386.2229,371.513,377.5351,1679544000,1219500.0,2023-03-23 04:00:00
364.8975,375.1711,360.4515,374.4609,1679630400,1375700.0,2023-03-24 04:00:00
363.8759,369.5186,362.222,367.2615,1679889600,768800.0,2023-03-27 04:00:00
360.9476,363.6814,355.519,363.4674,1679976000,926500.0,2023-03-28 04:00:00
374.7041,377.9438,365.8899,368.2345,1680062400,1284000.0,2023-03-29 04:00:00
385.289,389.0054,378.9847,379.7533,1680148800,983700.0,2023-03-30 04:00:00
388.3439,389.0346,382.2342,383.0514,1680235200,1055500.0,2023-03-31 04:00:00
388.1687,389.5308,381.9618,386.4467,1680494400,787800.0,2023-04-03 04:00:00
382.1953,390.5621,379.6756,390.1827,1680580800,851600.0,2023-04-04 04:00:00
371.26,378.3621,366.5805,377.7686,1680667200,985600.0,2023-04-05 04:00:00
364.4986,368.6625,357.7663,364.1678,1680753600,746800.0,2023-04-06 04:00:00
372.2914,373.0892,358.4766,359.8386,1681099200,1008900.0,2023-04-10 04:00:00
367.6605,374.9863,366.8044,373.8188,1681185600,991600.0,2023-04-11 04:00:00
360.1012,371.6104,359.3424,370.4235,1681272000,811700.0,2023-04-12 04:00:00
364.236,366.532,357.0756,359.965,1681358400,816900.0,2023-04-13 04:00:00
364.8683,369.8494,360.9573,363.2728,1681444800,786700.0,2023-04-14 04:00:00
362.0178,362.0664,352.0944,354.4585,1681704000,1027000.0,2023-04-17 04:00:00
361.1422,366.5514,357.7177,365.0337,1681790400,881100.0,2023-04-18 04:00:00
351.462,357.3188,350.6935,357.0172,1681876800,1218600.0,2023-04-19 04:00:00
365.5202,369.4409,351.968,352.2112,1681963200,1665200.0,2023-04-20 04:00:00
361.8816,364.6348,359.2548,364.5959,1682049600,918200.0,2023-04-21 04:00:00
362.2221,364.9364,360.6849,362.7474,1682308800,602700.0,2023-04-24 04:00:00
348.0473,360.8114,347.5414,360.1499,1682395200,1292800.0,2023-04-25 04:00:00
347.6678,350.6837,346.2279,348.2904,1682481600,1274600.0,2023-04-26 04:00:00
374.2079,375.3462,358.9921,373.3421,1682568000,2129700.0,2023-04-27 04:00:00
376.0564,378.9458,369.83,375.4532,1682654400,1326700.0,2023-04-28 04:00:00
374.0036,379.1502,372.4276,375.3365,1682913600,691300.0,2023-05-01 04:00:00
368.1858,375.6283,366.3665,375.1905,1683000000,839900.0,2023-05-02 04:00:00
367.9135,375.8229,366.9795,368.4291,1683086400,719500.0,2023-05-03 04:00:00
363.1074,368.4387,359.6342,367.9134,1683172800,724500.0,2023-05-04 04:00:00
375.2003,377.6519,369.2851,371.2504,1683259200,892900.0,2023-05-05 04:00:00
373.1183,376.7082,370.8126,375.8132,1683518400,687700.0,2023-05-08 04:00:00
365.5591,370.871,364.3332,369.0517,1683604800,798900.0,2023-05-09 04:00:00
375.9008,377.827,370.1802,370.6667,1683691200,881300.0,2023-05-10 04:00:00
376.0564,379.0918,371.4644,375.4046,1683777600,744300.0,2023-05-11 04:00:00
377.7452,381.396,373.7527,378.7604,1683864000,686700.0,2023-05-12 04:00:00
394.4668,395.072,376.6031,379.6877,1684123200,1204900.0,2023-05-15 04:00:00
399.0646,403.4085,393.9397,393.9397,1684209600,1278200.0,2023-05-16 04:00:00
406.8933,410.5149,399.0353,401.5342,1684296000,1170600.0,2023-05-17 04:00:00
418.3535,419.1637,406.581,406.581,1684382400,1187900.0,2023-05-18 04:00:00
413.541,419.2125,412.0377,418.7733,1684468800,1064600.0,2023-05-19 04:00:00
410.7785,415.9912,408.875,409.8023,1684728000,685800.0,2023-05-22 04:00:00
404.8044,410.7687,404.4432,407.6158,1684814400,753100.0,2023-05-23 04:00:00
399.1524,400.685,395.1501,397.1513,1684900800,888400.0,2023-05-24 04:00:00
423.8981,425.8993,408.1526,408.2308,1684987200,1626300.0,2023-05-25 04:00:00
450.1959,453.9151,424.1129,424.6303,1685073600,2163600.0,2023-05-26 04:00:00
447.7945,462.6712,442.8454,456.6581,1685419200,1233100.0,2023-05-30 04:00:00
432.4298,444.6611,431.6782,438.1501,1685505600,1743900.0,2023-05-31 04:00:00
441.7423,444.866,426.7778,434.7823,1685592000,1266600.0,2023-06-01 04:00:00
447.1405,447.7359,434.548,443.6751,1685678400,1206600.0,2023-06-02 04:00:00
447.1307,450.4106,440.6588,445.5005,1685937600,1009500.0,2023-06-05 04:00:00
450.0104,453.593,436.3442,440.2781,1686024000,1131400.0,2023-06-06 04:00:00
452.7047,461.6463,449.6395,452.9292,1686110400,1086400.0,2023-06-07 04:00:00
462.5638,464.0281,452.9584,453.5929,1686196800,950900.0,2023-06-08 04:00:00
454.5495,466.5173,453.8272,464.399,1686283200,1065500.0,2023-06-09 04:00:00
464.0964,464.9359,454.9791,457.8002,1686542400,1193900.0,2023-06-12 04:00:00
468.4501,470.705,461.1875,468.5575,1686628800,752800.0,2023-06-13 04:00:00
469.0846,469.68,459.9184,460.5529,1686715200,913700.0,2023-06-14 04:00:00
461.3143,465.7071,459.3523,463.95,1686801600,1038000.0,2023-06-15 04:00:00
453.8077,463.6865,452.0604,461.9977,1686888000,2012100.0,2023-06-16 04:00:00
453.3782,458.9912,449.376,455.1939,1687233600,822000.0,2023-06-20 04:00:00
445.5494,453.4172,444.5732,449.9421,1687320000,876500.0,2023-06-21 04:00:00
456.2383,456.7362,442.1621,442.2499,1687406400,749700.0,2023-06-22 04:00:00
446.057,448.9855,443.7533,446.5939,1687492800,829400.0,2023-06-23 04:00:00
447.6188,457.1852,447.1796,447.1796,1687752000,615300.0,2023-06-26 04:00:00
465.5606,467.2201,449.249,449.249,1687838400,863800.0,2023-06-27 04:00:00
463.1203,466.1757,458.3273,459.1961,1687924800,730600.0,2023-06-28 04:00:00
465.8535,467.9718,461.3143,467.757,1688011200,588800.0,2023-06-29 04:00:00
473.4578,476.6108,469.7288,471.2321,1688097600,909300.0,2023-06-30 04:00:00
473.2626,476.767,465.9609,473.4774,1688356800,424900.0,2023-07-03 04:00:00
456.7557,468.167,455.8772,463.9695,1688529600,1118900.0,2023-07-05 04:00:00
450.5376,453.9639,442.7868,451.9628,1688616000,1245000.0,2023-07-06 04:00:00
444.9637,454.8522,443.2749,445.0418,1688702400,926600.0,2023-07-07 04:00:00
456.5117,458.5421,445.5006,445.5006,1688961600,935700.0,2023-07-10 04:00:00
448.5266,456.658,440.7759,456.658,1689048000,687100.0,2023-07-11 04:00:00
454.9596,456.3067,448.8586,455.3013,1689134400,874500.0,2023-07-12 04:00:00
464.4771,466.1951,457.8002,459.9965,1689220800,803100.0,2023-07-13 04:00:00
463.4717,470.3243,460.5139,466.7613,1689307200,828400.0,2023-07-14 04:00:00
478.6901,481.765,464.8286,465.0531,1689566400,816200.0,2023-07-17 04:00:00
472.5208,474.639,466.2148,472.9308,1689652800,859000.0,2023-07-18 04:00:00
459.3718,473.1748,457.5855,471.486,1689739200,1137300.0,2023-07-19 04:00:00
439.3703,448.8586,438.2868,447.7556,1689825600,1813900.0,2023-07-20 04:00:00
447.6286,451.094,442.699,446.0277,1689912000,2613000.0,2023-07-21 04:00:00
449.9909,451.582,445.2565,446.5841,1690171200,740200.0,2023-07-24 04:00:00
454.9986,459.1083,452.0116,452.1483,1690257600,788200.0,2023-07-25 04:00:00
446.9355,452.0604,442.2012,448.4486,1690344000,847100.0,2023-07-26 04:00:00
470.8515,483.483,463.6767,463.6767,1690430400,1951200.0,2023-07-27 04:00:00
498.8283,501.2589,476.5035,488.0807,1690516800,2019300.0,2023-07-28 04:00:00
501.6982,504.4509,494.1524,499.8044,1690776000,1093000.0,2023-07-31 04:00:00
502.0203,504.9683,498.1937,501.7177,1690862400,859700.0,2023-08-01 04:00:00
487.6609,494.5819,482.9558,492.571,1690948800,1363500.0,2023-08-02 04:00:00
490.3552,492.0732,479.3929,485.4158,1691035200,870000.0,2023-08-03 04:00:00
484.6349,491.5266,480.7595,489.0764,1691121600,727200.0,2023-08-04 04:00:00
494.3672,495.3531,487.0947,488.0807,1691380800,756800.0,2023-08-07 04:00:00
486.7532,489.0764,479.8712,488.4029,1691467200,1113000.0,2023-08-08 04:00:00
482.6728,489.9062,482.3507,488.7641,1691553600,825600.0,2023-08-09 04:00:00
484.4592,496.2122,481.3355,488.11,1691640000,942000.0,2023-08-10 04:00:00
467.5618,478.4363,466.6637,478.3289,1691726400,868700.0,2023-08-11 04:00:00
480.492,481.5393,463.9011,464.4981,1691985600,1207700.0,2023-08-14 04:00:00
473.2879,477.6534,471.7609,476.4397,1692072000,654900.0,2023-08-15 04:00:00
463.9597,477.6827,463.4899,474.1199,1692158400,803100.0,2023-08-16 04:00:00
462.932,470.0284,462.2566,465.9467,1692244800,843300.0,2023-08-17 04:00:00
467.8359,470.9583,458.2141,459.467,1692331200,766300.0,2023-08-18 04:00:00
480.3158,482.0385,468.5895,468.5895,1692590400,843200.0,2023-08-21 04:00:00
476.4103,485.6895,473.6501,484.8086,1692676800,592300.0,2023-08-22 04:00:00
483.8494,486.8641,475.3043,478.6616,1692763200,820300.0,2023-08-23 04:00:00
466.3089,492.6391,465.2909,490.1431,1692849600,1245700.0,2023-08-24 04:00:00
471.526,473.5815,460.1424,466.4068,1692936000,1104600.0,2023-08-25 04:00:00
476.1852,478.9553,471.4477,474.1101,1693195200,598200.0,2023-08-28 04:00:00
487.3339,490.3878,471.9567,473.0921,1693281600,831800.0,2023-08-29 04:00:00
487.7451,490.3487,480.6095,487.8234,1693368000,658100.0,2023-08-30 04:00:00
491.2394,494.9001,483.4382,484.6617,1693454400,914900.0,2023-08-31 04:00:00
496.2803,497.9541,487.8723,492.9132,1693540800,657200.0,2023-09-01 04:00:00
501.6932,506.0294,492.7762,496.2706,1693886400,780900.0,2023-09-05 04:00:00
502.5937,509.1714,495.9769,498.561,1693972800,714600.0,2023-09-06 04:00:00
486.6488,492.6196,477.8296,492.6196,1694059200,1269900.0,2023-09-07 04:00:00
487.1871,487.9897,483.5459,484.5247,1694145600,868900.0,2023-09-08 04:00:00
483.6927,495.742,475.2553,493.706,1694404800,901100.0,2023-09-11 04:00:00
475.5098,485.1022,474.5603,477.7317,1694491200,805500.0,2023-09-12 04:00:00
473.3564,480.8542,472.1623,473.7284,1694577600,837400.0,2023-09-13 04:00:00
469.7347,479.6208,469.0887,478.2407,1694664000,899200.0,2023-09-14 04:00:00
444.5988,462.658,441.77,462.237,1694750400,2831400.0,2023-09-15 04:00:00
446.8403,451.196,442.4258,445.7832,1695009600,1178400.0,2023-09-18 04:00:00
447.6232,449.0034,442.0831,446.9087,1695096000,663500.0,2023-09-19 04:00:00
442.602,452.214,442.3377,450.2563,1695182400,709800.0,2023-09-20 04:00:00
437.4534,440.8988,435.1336,436.5529,1695268800,1055100.0,2023-09-21 04:00:00
442.2495,449.0425,441.1826,441.9461,1695355200,800800.0,2023-09-22 04:00:00
445.744,446.6543,437.5415,439.4795,1695614400,630500.0,2023-09-25 04:00:00
435.7306,442.0733,433.3129,440.9085,1695700800,1008200.0,2023-09-26 04:00:00
436.1222,442.0538,430.8268,440.566,1695787200,1059600.0,2023-09-27 04:00:00
448.3868,453.2026,434.3114,435.2706,1695873600,851800.0,2023-09-28 04:00:00
448.9447,459.2908,448.1029,456.7655,1695960000,815400.0,2023-09-29 04:00:00
450.8729,456.2172,445.2936,449.3753,1696219200,716500.0,2023-10-02 04:00:00
442.2691,453.7017,438.8139,446.0082,1696305600,758800.0,2023-10-03 04:00:00
451.2841,452.2433,442.7488,445.6167,1696392000,748400.0,2023-10-04 04:00:00
451.3134,454.7295,446.5075,451.5386,1696478400,881900.0,2023-10-05 04:00:00
458.1358,461.1603,439.8319,446.2921,1696564800,995900.0,2023-10-06 04:00:00
456.8828,457.7442,449.2774,452.7425,1696824000,634600.0,2023-10-09 04:00:00
464.0968,467.4835,457.2254,459.1439,1696910400,839300.0,2023-10-10 04:00:00
472.407,472.9551,465.7901,466.6515,1696996800,913000.0,2023-10-11 04:00:00
490.4955,496.1824,474.7267,474.7267,1697083200,1428800.0,2023-10-12 04:00:00
476.4984,493.9605,474.2667,490.4955,1697169600,1157100.0,2023-10-13 04:00:00
480.8052,484.4855,474.9225,476.4984,1697428800,806000.0,2023-10-16 04:00:00
476.0482,477.2423,463.0984,473.6892,1697515200,777400.0,2023-10-17 04:00:00
469.2454,472.7691,460.6122,468.3351,1697601600,800400.0,2023-10-18 04:00:00
455.1993,475.6468,452.2922,475.6468,1697688000,1245400.0,2023-10-19 04:00:00
452.6447,460.8667,451.705,455.1994,1697774400,914600.0,2023-10-20 04:00:00
452.7621,459.144,445.4405,449.2775,1698033600,620100.0,2023-10-23 04:00:00
460.299,462.3349,453.7702,458.077,1698120000,855500.0,2023-10-24 04:00:00
445.2056,457.3136,442.8662,454.1814,1698206400,1515100.0,2023-10-25 04:00:00
448.5335,468.3057,442.4355,448.9251,1698292800,1589100.0,2023-10-26 04:00:00
448.2301,454.3967,445.3622,448.9349,1698379200,746200.0,2023-10-27 04:00:00
449.806,453.4179,442.4551,448.5629,1698638400,688000.0,2023-10-30 04:00:00
459.7508,464.3806,443.894,449.9626,1698724800,1315300.0,2023-10-31 04:00:00
466.4361,467.1115,455.904,462.2859,1698811200,1238900.0,2023-11-01 04:00:00
478.9749,482.9587,474.071,478.2799,1698897600,1254800.0,2023-11-02 04:00:00
489.0371,492.8154,483.1446,483.7221,1698984000,760800.0,2023-11-03 04:00:00
488.2932,493.0013,484.6128,490.1921,1699246800,705900.0,2023-11-06 05:00:00
492.463,496.6426,488.0094,488.7337,1699333200,611400.0,2023-11-07 05:00:00
500.3326,500.8416,493.9703,494.7142,1699419600,881200.0,2023-11-08 05:00:00
495.6637,509.9642,494.7925,500.5088,1699506000,1019800.0,2023-11-09 05:00:00
522.9336,524.7836,501.1745,505.1191,1699592400,1295000.0,2023-11-10 05:00:00
517.0606,520.7214,512.93,518.7735,1699851600,1045200.0,2023-11-13 05:00:00
535.356,536.151,524.3925,530.7919,1699938000,1130400.0,2023-11-14 05:00:00
535.3168,540.4893,531.5674,538.7422,1700024400,881300.0,2023-11-15 05:00:00
535.3071,540.1164,533.7464,534.7279,1700110800,1193800.0,2023-11-16 05:00:00
534.4726,536.1118,519.9659,521.9387,1700197200,1315600.0,2023-11-17 05:00:00
547.4384,549.0775,532.1759,532.1759,1700456400,817400.0,2023-11-20 05:00:00
540.509,545.6619,537.4172,545.1024,1700542800,910300.0,2023-11-21 05:00:00
543.9247,552.4344,539.8121,546.035,1700629200,594400.0,2023-11-22 05:00:00
545.3674,546.9182,541.2745,542.256,1700802000,306500.0,2023-11-24 05:00:00
546.6533,551.6099,543.0707,545.0632,1701061200,588400.0,2023-11-27 05:00:00
537.0245,544.3466,533.7953,539.0071,1701147600,965500.0,2023-11-28 05:00:00
534.0114,547.1931,532.5783,546.0839,1701234000,1277500.0,2023-11-29 05:00:00
534.5512,537.535,526.8464,534.0605,1701320400,2208500.0,2023-11-30 05:00:00
538.8502,540.0575,530.5663,533.1967,1701406800,619900.0,2023-12-01 05:00:00
529.6141,535.4148,518.2874,533.1573,1701666000,889300.0,2023-12-04 05:00:00
527.2977,527.4352,517.3648,522.4491,1701752400,578900.0,2023-12-05 05:00:00
518.8372,535.5033,517.6888,534.4726,1701838800,766700.0,2023-12-06 05:00:00
531.2239,533.2654,520.2702,525.1974,1701925200,679500.0,2023-12-07 05:00:00
524.5496,529.2118,522.1646,525.6293,1702011600,1038100.0,2023-12-08 05:00:00
548.8715,553.1901,532.6667,535.4739,1702270800,1134700.0,2023-12-11 05:00:00
550.6774,554.0244,547.8408,547.8801,1702357200,871800.0,2023-12-12 05:00:00
560.149,562.9561,548.518,551.7079,1702443600,783800.0,2023-12-13 05:00:00
571.6523,575.5097,564.4186,564.4186,1702530000,1499100.0,2023-12-14 05:00:00
574.3123,579.2395,571.1518,574.1847,1702616400,1387700.0,2023-12-15 05:00:00
566.0676,582.0368,564.9192,580.5743,1702875600,928400.0,2023-12-18 05:00:00
567.4221,572.2315,566.3326,569.1397,1702962000,877800.0,2023-12-19 05:00:00
552.8859,567.8049,552.2872,561.4741,1703048400,1036200.0,2023-12-20 05:00:00
569.7188,571.3874,561.9354,564.8603,1703134800,640400.0,2023-12-21 05:00:00
571.8781,574.1846,567.7656,568.9826,1703221200,409600.0,2023-12-22 05:00:00
580.4369,582.9299,575.333,576.0496,1703566800,654700.0,2023-12-26 05:00:00
580.535,583.8918,577.561,583.1851,1703653200,586900.0,2023-12-27 05:00:00
575.4312,586.3849,575.1465,586.0609,1703739600,514100.0,2023-12-28 05:00:00
570.5531,575.8533,566.3523,573.9688,1703826000,512900.0,2023-12-29 05:00:00
550.0297,562.6127,543.4143,562.6127,1704171600,967500.0,2024-01-02 05:00:00
542.3739,547.9292,539.8318,541.7948,1704258000,819100.0,2024-01-03 05:00:00
536.3375,544.6411,534.7377,536.2885,1704344400,859900.0,2024-01-04 05:00:00
534.2469,541.1568,532.3821,537.9767,1704430800,767000.0,2024-01-05 05:00:00
551.9631,555.4279,538.7029,538.909,1704690000,1268100.0,2024-01-08 05:00:00
546.0546,551.286,540.9115,544.7394,1704776400,810300.0,2024-01-09 05:00:00
545.8091,548.6163,539.7041,548.6163,1704862800,793500.0,2024-01-10 05:00:00
551.7473,554.9568,539.4686,546.7023,1704949200,650600.0,2024-01-11 05:00:00
550.2455,553.9851,546.8888,553.5532,1705035600,617400.0,2024-01-12 05:00:00
556.331,559.0596,547.4385,548.7832,1705381200,962200.0,2024-01-16 05:00:00
552.1006,553.5729,542.629,553.5729,1705467600,741100.0,2024-01-17 05:00:00
579.0923,581.0455,566.3326,568.5901,1705554000,1445300.0,2024-01-18 05:00:00
601.6572,605.5735,582.0663,584.412,1705640400,1335000.0,2024-01-19 05:00:00
611.5803,616.6743,606.1819,607.0948,1705899600,967600.0,2024-01-22 05:00:00
607.8799,611.4526,599.0856,607.3499,1705986000,895700.0,2024-01-23 05:00:00
626.6465,634.1845,615.7026,624.0062,1706072400,1083500.0,2024-01-24 05:00:00
629.8265,646.6006,627.3335,639.4552,1706158800,1716800.0,2024-01-25 05:00:00
588.289,614.3481,585.1874,612.4637,1706245200,2195400.0,2024-01-26 05:00:00
588.9859,591.0667,583.5679,585.4622,1706504400,1060600.0,2024-01-29 05:00:00
584.3433,590.8802,583.5188,584.0194,1706590800,1036500.0,2024-01-30 05:00:00
583.0575,590.8605,570.9457,576.874,1706677200,1081200.0,2024-01-31 05:00:00
588.0239,590.9096,583.6464,587.7099,1706763600,890100.0,2024-02-01 05:00:00
593.1475,596.3963,582.0466,584.2452,1706850000,854300.0,2024-02-02 05:00:00
603.5121,603.7182,589.4372,596.1017,1707109200,903000.0,2024-02-05 05:00:00
590.4974,604.9747,584.8439,604.9747,1707195600,1027700.0,2024-02-06 05:00:00
597.6429,601.1763,587.6118,598.1336,1707282000,857700.0,2024-02-07 05:00:00
607.0555,613.2488,596.9263,597.6428,1707368400,733200.0,2024-02-08 05:00:00
637.7866,639.2197,616.9295,617.5184,1707454800,1246400.0,2024-02-09 05:00:00
636.069,645.4032,633.2913,634.155,1707714000,1233200.0,2024-02-12 05:00:00
629.218,637.4627,613.9359,616.5565,1707800400,1499400.0,2024-02-13 05:00:00
641.752,649.6335,635.804,637.9829,1707886800,1175000.0,2024-02-14 05:00:00
641.7422,651.0283,639.8928,644.3195,1707973200,1025400.0,2024-02-15 05:00:00
650.5659,666.423,646.8377,656.1139,1708059600,1060400.0,2024-02-16 05:00:00
641.1421,650.2117,634.1874,643.8374,1708405200,1262800.0,2024-02-20 05:00:00
641.2896,641.4371,628.7475,634.6496,1708491600,745400.0,2024-02-21 05:00:00
672.6203,676.4764,661.8783,664.6425,1708578000,1077800.0,2024-02-22 05:00:00
657.9141,676.3583,657.137,671.8628,1708664400,597900.0,2024-02-23 05:00:00
672.6694,675.5713,662.9997,664.6031,1708923600,649800.0,2024-02-26 05:00:00
666.5312,673.5351,665.6361,668.9019,1709010000,717400.0,2024-02-27 05:00:00
662.0258,664.6129,656.8123,656.8123,1709096400,622600.0,2024-02-28 05:00:00
671.1742,672.9448,663.8359,671.3119,1709182800,998900.0,2024-02-29 05:00:00
705.8691,707.4922,677.0272,677.0568,1709269200,1124900.0,2024-03-01 05:00:00
706.1052,716.129,704.7477,712.932,1709528400,751400.0,2024-03-04 05:00:00
694.3599,704.5411,686.4313,700.7145,1709614800,1107300.0,2024-03-05 05:00:00
703.7935,709.7054,694.527,700.1636,1709701200,1063700.0,2024-03-06 05:00:00
711.4662,717.2602,707.5511,707.5511,1709787600,1059100.0,2024-03-07 05:00:00
687.8085,712.6565,687.8085,711.0236,1709874000,1121900.0,2024-03-08 05:00:00
674.204,680.1554,664.1015,678.7979,1710129600,1037600.0,2024-03-11 04:00:00
687.0117,687.4543,672.2071,680.4406,1710216000,875600.0,2024-03-12 04:00:00
677.4797,684.3164,671.0463,679.3389,1710302400,1155300.0,2024-03-13 04:00:00
681.0406,689.5692,676.5549,687.0706,1710388800,934100.0,2024-03-14 04:00:00
672.748,680.6077,668.6264,675.6303,1710475200,1669400.0,2024-03-15 04:00:00
679.4373,693.6713,678.0306,684.9755,1710734400,797900.0,2024-03-18 04:00:00
669.9543,674.8138,657.7959,666.7475,1710820800,888500.0,2024-03-19 04:00:00
684.6017,686.8249,662.5867,669.0692,1710907200,904400.0,2024-03-20 04:00:00
701.5015,715.7749,699.9276,705.2002,1710993600,758200.0,2024-03-21 04:00:00
698.9734,706.5773,693.7107,694.9107,1711080000,412700.0,2024-03-22 04:00:00
688.3199,696.5535,684.5131,686.4706,1711339200,493200.0,2024-03-25 04:00:00
677.1945,695.865,676.3583,693.5434,1711425600,865100.0,2024-03-26 04:00:00
685.5066,686.3231,670.7905,681.1095,1711512000,976300.0,2024-03-27 04:00:00
687.179,688.4086,678.7585,685.5067,1711598400,1080900.0,2024-03-28 04:00:00
699.2882,706.4692,688.3397,688.5856,1711944000,772200.0,2024-04-01 04:00:00
682.6145,685.8902,674.9122,682.9096,1712030400,950800.0,2024-04-02 04:00:00
686.1559,695.5994,675.7878,678.9258,1712116800,782400.0,2024-04-03 04:00:00
661.7799,696.3075,657.5303,694.7632,1712203200,1102900.0,2024-04-04 04:00:00
671.7054,677.5978,663.0784,663.0784,1712289600,790900.0,2024-04-05 04:00:00
679.5553,681.1292,667.4263,677.1255,1712548800,518300.0,2024-04-08 04:00:00
685.4672,688.5855,671.5775,688.5855,1712635200,708800.0,2024-04-09 04:00:00
675.9155,683.667,673.053,674.7154,1712721600,610000.0,2024-04-10 04:00:00
689.1856,690.189,676.6337,683.4999,1712808000,831500.0,2024-04-11 04:00:00
669.679,678.0306,666.3738,673.2793,1712894400,810800.0,2024-04-12 04:00:00
667.4263,687.3067,661.5635,678.6306,1713153600,886100.0,2024-04-15 04:00:00
682.0046,685.5558,667.4263,667.4263,1713240000,922400.0,2024-04-16 04:00:00
648.2344,673.6826,647.1032,670.6529,1713326400,1193100.0,2024-04-17 04:00:00
633.7151,647.6738,631.5314,645.0965,1713412800,903100.0,2024-04-18 04:00:00
617.917,637.1483,613.0084,635.6629,1713499200,1072900.0,2024-04-19 04:00:00
623.3077,628.3146,615.1332,624.9898,1713758400,924300.0,2024-04-22 04:00:00
637.6401,643.3356,625.4619,625.6685,1713844800,710100.0,2024-04-23 04:00:00
645.8343,657.2845,637.0401,649.0215,1713931200,873400.0,2024-04-24 04:00:00
661.9767,666.6689,639.4108,646.2671,1714017600,1065800.0,2024-04-25 04:00:00
694.7437,698.6784,667.7412,671.8629,1714104000,1193500.0,2024-04-26 04:00:00
702.2885,704.305,688.9693,694.8911,1714363200,931600.0,2024-04-29 04:00:00
678.0502,706.0265,677.0665,700.0358,1714449600,902200.0,2024-04-30 04:00:00
655.1793,680.4504,651.697,669.374,1714536000,1273100.0,2024-05-01 04:00:00
670.9283,671.8628,653.3595,664.6228,1714622400,675200.0,2024-05-02 04:00:00
685.2313,692.5794,679.8307,683.6672,1714708800,819900.0,2024-05-03 04:00:00
706.6658,706.9806,686.7165,687.7592,1714968000,873600.0,2024-05-06 04:00:00
702.7311,711.5843,699.9669,704.9444,1715054400,782700.0,2024-05-07 04:00:00
705.456,705.8986,694.5173,698.3438,1715140800,672900.0,2024-05-08 04:00:00
699.0816,708.2595,697.4684,707.0496,1715227200,976000.0,2024-05-09 04:00:00
706.5577,716.129,701.4326,708.2594,1715313600,448800.0,2024-05-10 04:00:00
702.5048,708.2594,699.957,708.2594,1715572800,554100.0,2024-05-13 04:00:00
719.4785,721.2626,695.0924,697.1328,1715659200,884000.0,2024-05-14 04:00:00
748.8522,749.4437,724.3676,727.3838,1715745600,850300.0,2024-05-15 04:00:00
738.7588,753.0021,738.4138,749.1283,1715832000,751200.0,2024-05-16 04:00:00
736.9844,747.7187,729.0693,745.6487,1715918400,585900.0,2024-05-17 04:00:00
761.7451,767.3045,740.2767,741.1244,1716177600,763600.0,2024-05-20 04:00:00
754.1947,758.9458,747.7976,749.1282,1716264000,703600.0,2024-05-21 04:00:00
760.6707,761.9126,751.7797,759.3597,1716350400,769500.0,2024-05-22 04:00:00
754.1553,779.2117,750.6659,777.2994,1716436800,828900.0,2024-05-23 04:00:00
767.9156,771.9076,758.0488,763.0955,1716523200,548400.0,2024-05-24 04:00:00
774.8942,780.631,764.8401,774.2831,1716868800,601100.0,2024-05-28 04:00:00
761.3114,768.9111,754.1552,757.2405,1716955200,855000.0,2024-05-29 04:00:00
759.1132,765.4611,755.1507,757.9402,1717041600,712100.0,2024-05-30 04:00:00
748.665,765.1852,726.3588,759.6949,1717128000,1684800.0,2024-05-31 04:00:00
743.3619,760.6017,725.0378,760.4439,1717387200,515100.0,2024-06-03 04:00:00
739.8232,745.4811,729.6311,739.7443,1717473600,474500.0,2024-06-04 04:00:00
773.741,776.2742,751.1981,759.3696,1717560000,943200.0,2024-06-05 04:00:00
768.1127,776.0574,761.1636,769.1674,1717646400,722100.0,2024-06-06 04:00:00
757.9699,776.639,753.0414,776.2349,1717732800,736000.0,2024-06-07 04:00:00
783.0164,784.5935,750.2125,750.2125,1717992000,649900.0,2024-06-10 04:00:00
786.7423,787.2352,770.7346,781.9716,1718078400,590000.0,2024-06-11 04:00:00
815.9682,819.6448,792.9325,795.3376,1718164800,807300.0,2024-06-12 04:00:00
818.1565,821.0741,803.4105,804.3469,1718251200,546400.0,2024-06-13 04:00:00
813.0407,814.7163,803.3414,803.3414,1718337600,474700.0,2024-06-14 04:00:00
836.7368,839.4967,809.2063,814.5882,1718596800,737800.0,2024-06-17 04:00:00
850.9604,864.011,834.8738,836.8551,1718683200,878000.0,2024-06-18 04:00:00
817.7228,851.8278,814.7262,851.0195,1718856000,1281900.0,2024-06-20 04:00:00
804.8692,823.3904,801.6164,818.1564,1718942400,1919400.0,2024-06-21 04:00:00
782.6221,803.8442,781.0352,802.1291,1719201600,894400.0,2024-06-24 04:00:00
806.3378,808.5064,780.0986,789.4135,1719288000,934400.0,2024-06-25 04:00:00
801.6657,815.0712,787.8167,802.7303,1719374400,712600.0,2024-06-26 04:00:00
803.2133,814.6277,795.2489,807.7475,1719460800,510300.0,2024-06-27 04:00:00
812.7155,829.3737,806.6929,814.6178,1719547200,849400.0,2024-06-28 04:00:00
815.9484,817.082,796.274,811.4143,1719806400,480700.0,2024-07-01 04:00:00
827.1066,827.9543,806.2986,807.6786,1719892800,536900.0,2024-07-02 04:00:00
841.1232,847.3626,823.9622,827.9247,1719979200,440800.0,2024-07-03 04:00:00
842.9763,846.7811,834.9527,843.1045,1720152000,461200.0,2024-07-05 04:00:00
854.1541,856.6282,842.3257,844.859,1720411200,438600.0,2024-07-08 04:00:00
862.3846,867.3032,850.8421,860.1174,1720497600,409400.0,2024-07-09 04:00:00
879.5849,881.9703,858.0475,865.2923,1720584000,664300.0,2024-07-10 04:00:00
840.7485,883.4981,839.9698,883.4981,1720670400,875000.0,2024-07-11 04:00:00
845.4503,866.9581,832.9122,841.6356,1720756800,655200.0,2024-07-12 04:00:00
845.8446,864.3067,841.3696,846.2389,1721016000,637300.0,2024-07-15 04:00:00
854.775,856.3718,838.8659,848.989,1721102400,627400.0,2024-07-16 04:00:00
770.5671,817.2201,768.3395,805.5593,1721188800,1699600.0,2024-07-17 04:00:00
775.8011,785.6877,757.4574,782.425,1721275200,970900.0,2024-07-18 04:00:00
751.6417,784.1598,750.4885,774.1747,1721361600,918800.0,2024-07-19 04:00:00
797.9299,800.1181,764.0516,777.1909,1721620800,967800.0,2024-07-22 04:00:00
796.1064,801.8629,782.6616,782.6616,1721707200,960700.0,2024-07-23 04:00:00
744.9587,787.314,741.1441,785.8946,1721793600,2430100.0,2024-07-24 04:00:00
751.898,780.4634,738.6601,756.5603,1721880000,1826900.0,2024-07-25 04:00:00
776.1265,787.5704,758.0685,778.0584,1721966400,1047500.0,2024-07-26 04:00:00
767.403,798.8861,766.299,781.9125,1722225600,627600.0,2024-07-29 04:00:00
748.0341,788.0139,743.559,776.7178,1722312000,1062900.0,2024-07-30 04:00:00
811.296,814.884,779.0046,793.9774,1722398400,1793600.0,2024-07-31 04:00:00
745.3235,810.7736,736.3635,809.4922,1722484800,2214200.0,2024-08-01 04:00:00
686.2112,714.6979,677.7836,701.1445,1722571200,2071300.0,2024-08-02 04:00:00
693.4167,709.8679,638.7303,640.5441,1722830400,1718900.0,2024-08-05 04:00:00
705.9745,727.65,693.4661,698.1481,1722916800,1203900.0,2024-08-06 04:00:00
687.7391,737.8322,684.8314,730.0353,1723003200,903100.0,2024-08-07 04:00:00
741.5286,743.2141,696.8865,709.2865,1723089600,1037500.0,2024-08-08 04:00:00
736.0974,744.2589,721.2725,736.4029,1723176000,763500.0,2024-08-09 04:00:00
746.7034,757.8023,734.0569,738.0687,1723435200,787400.0,2024-08-12 04:00:00
782.4742,785.52,751.0996,757.0039,1723521600,1158100.0,2024-08-13 04:00:00
782.5334,801.9911,770.4784,793.4056,1723608000,630700.0,2024-08-14 04:00:00
825.7365,829.3507,793.9884,801.3552,1723694400,1293400.0,2024-08-15 04:00:00
809.3243,818.4784,798.8568,818.1624,1723780800,673400.0,2024-08-16 04:00:00
810.1934,811.3487,788.7646,808.2776,1724040000,971600.0,2024-08-19 04:00:00
801.4243,813.5606,792.9614,808.9688,1724126400,685400.0,2024-08-20 04:00:00
816.7996,822.8629,802.0563,808.4454,1724212800,618500.0,2024-08-21 04:00:00
788.5374,821.5988,783.9258,818.034,1724299200,919900.0,2024-08-22 04:00:00
807.616,814.0348,789.999,806.4903,1724385600,685800.0,2024-08-23 04:00:00
788.9818,803.2314,783.2247,803.2314,1724644800,778500.0,2024-08-26 04:00:00
802.629,803.9819,773.1522,786.5921,1724731200,687100.0,2024-08-27 04:00:00
794.2156,809.6995,785.0614,799.1036,1724817600,648900.0,2024-08-28 04:00:00
785.8019,815.259,782.0791,804.0015,1724904000,806500.0,2024-08-29 04:00:00
809.186,809.6995,787.5795,803.3894,1724990400,1079300.0,2024-08-30 04:00:00
732.1612,796.9905,727.9544,795.5191,1725336000,1661200.0,2024-09-03 04:00:00
735.7951,740.5154,715.581,725.8115,1725422400,927200.0,2024-09-04 04:00:00
718.9583,733.9288,713.7246,716.7068,1725508800,818300.0,2024-09-05 04:00:00
694.0141,719.0966,688.0792,718.9583,1725595200,1390600.0,2024-09-06 04:00:00
701.0154,708.5401,687.8619,706.0911,1725854400,839900.0,2024-09-09 04:00:00
704.5408,708.0366,687.7138,701.0155,1725940800,778900.0,2024-09-10 04:00:00
739.4588,742.2139,695.1004,706.3381,1726027200,1129100.0,2024-09-11 04:00:00
724.113,737.5331,720.874,737.5331,1726113600,1070700.0,2024-09-12 04:00:00
742.1052,745.1566,731.6476,732.1019,1726200000,586700.0,2024-09-13 04:00:00
727.1941,733.7017,717.0722,725.8116,1726459200,863000.0,2024-09-16 04:00:00
730.354,741.5325,724.2809,739.9723,1726545600,855500.0,2024-09-17 04:00:00
721.901,742.7471,720.6666,740.1796,1726632000,817800.0,2024-09-18 04:00:00
762.7736,772.4313,745.7491,749.8275,1726718400,1241100.0,2024-09-19 04:00:00
749.3634,755.792,739.8933,753.1159,1726804800,1622600.0,2024-09-20 04:00:00
751.7532,760.7592,749.0671,756.7006,1727064000,438800.0,2024-09-23 04:00:00
760.7098,765.9929,742.7965,762.349,1727150400,821300.0,2024-09-24 04:00:00
762.4083,772.224,750.1929,753.3628,1727236800,575100.0,2024-09-25 04:00:00
794.4919,811.7238,770.2489,803.2708,1727323200,908000.0,2024-09-26 04:00:00
772.619,798.3532,768.1753,797.8595,1727409600,627400.0,2024-09-27 04:00:00
764.7288,771.4932,751.7728,763.4154,1727668800,932900.0,2024-09-30 04:00:00
744.2678,777.0725,736.8319,768.738,1727755200,1279600.0,2024-10-01 04:00:00
767.642,777.596,745.5615,751.1507,1727841600,701800.0,2024-10-02 04:00:00
764.877,774.1891,754.449,755.2982,1727928000,584200.0,2024-10-03 04:00:00
777.5466,790.4532,767.4939,790.4532,1728014400,757300.0,2024-10-04 04:00:00
771.898,778.0502,762.1909,768.0073,1728273600,748100.0,2024-10-07 04:00:00
774.1002,783.748,764.5609,772.1252,1728360000,653400.0,2024-10-08 04:00:00
794.571,796.6942,770.5945,772.2536,1728446400,628500.0,2024-10-09 04:00:00
788.0042,789.8212,777.1614,781.457,1728532800,461900.0,2024-10-10 04:00:00
793.6822,796.3386,782.7605,782.8691,1728619200,570800.0,2024-10-11 04:00:00
819.2783,822.5864,799.2518,799.2518,1728878400,567900.0,2024-10-14 04:00:00
698.8726,821.9742,690.2221,815.2,1728964800,2870900.0,2024-10-15 04:00:00
674.0568,711.7496,673.484,711.5619,1729051200,2280600.0,2024-10-16 04:00:00
661.8709,692.4537,661.308,692.2167,1729137600,1936500.0,2024-10-17 04:00:00
670.0376,673.3753,656.0151,659.58,1729224000,1192800.0,2024-10-18 04:00:00
665.189,671.2522,659.0566,669.0303,1729483200,739300.0,2024-10-21 04:00:00
661.7031,664.7348,655.3633,661.6241,1729569600,787400.0,2024-10-22 04:00:00
656.3212,663.9052,646.466,656.3311,1729656000,846800.0,2024-10-23 04:00:00
657.832,675.8342,657.1211,670.2647,1729742400,884700.0,2024-10-24 04:00:00
664.6557,674.3036,659.6491,661.2982,1729828800,954800.0,2024-10-25 04:00:00
665.9197,670.6498,661.8315,664.7347,1730088000,1051800.0,2024-10-28 04:00:00
687.5262,691.6441,665.347,666.5616,1730174400,1333900.0,2024-10-29 04:00:00
683.1516,686.4992,671.509,673.4741,1730260800,1656800.0,2024-10-30 04:00:00
657.9012,672.536,647.7992,669.1785,1730347200,2001200.0,2024-10-31 04:00:00
661.0118,670.166,655.1461,658.1678,1730433600,906400.0,2024-11-01 04:00:00
655.077,662.1771,654.0796,658.9085,1730696400,637900.0,2024-11-04 05:00:00
661.95,673.0297,658.9084,660.7156,1730782800,1016300.0,2024-11-05 05:00:00
661.2884,670.1562,649.2607,666.5617,1730869200,1715400.0,2024-11-06 05:00:00
677.5722,679.2213,666.6603,674.3134,1730955600,1122200.0,2024-11-07 05:00:00
678.8164,685.6795,672.8618,680.9889,1731042000,1278100.0,2024-11-08 05:00:00
657.7037,676.644,648.5298,675.4491,1731301200,1422800.0,2024-11-11 05:00:00
656.4693,660.8933,646.6733,654.7214,1731387600,1111300.0,2024-11-12 05:00:00
636.4922,647.7892,630.3401,645.8833,1731474000,1505200.0,2024-11-13 05:00:00
636.9366,651.7491,634.7048,651.7491,1731560400,1169900.0,2024-11-14 05:00:00
606.7784,622.1241,604.6948,612.7726,1731646800,1712000.0,2024-11-15 05:00:00
614.2051,617.6809,605.798,608.234,1731906000,1223300.0,2024-11-18 05:00:00
609.6501,612.3732,603.4512,610.4621,1731992400,1408900.0,2024-11-19 05:00:00
610.8087,613.8983,603.9365,610.472,1732078800,1195100.0,2024-11-20 05:00:00
626.9793,631.7325,613.9478,621.6716,1732165200,1386000.0,2024-11-21 05:00:00
633.3069,636.753,623.8501,623.8501,1732251600,981800.0,2024-11-22 05:00:00
638.3769,640.3772,625.9395,640.3772,1732510800,1913000.0,2024-11-25 05:00:00
625.3058,644.8234,617.7701,644.8234,1732597200,923200.0,2024-11-26 05:00:00
625.9694,627.8013,615.1658,625.3059,1732683600,942600.0,2024-11-27 05:00:00
640.714,655.0427,636.9907,638.5156,1732856400,925700.0,2024-11-29 05:00:00
659.5284,662.5387,638.7037,638.7136,1733115600,1380200.0,2024-12-02 05:00:00
659.2215,660.6673,650.4084,654.6763,1733202000,1376500.0,2024-12-03 05:00:00
659.7166,663.9548,649.2696,663.6379,1733288400,1459200.0,2024-12-04 05:00:00
636.337,656.4488,635.129,653.9336,1733374800,1028200.0,2024-12-05 05:00:00
642.0112,644.358,631.9503,634.8914,1733461200,862400.0,2024-12-06 05:00:00
646.0018,659.8355,639.5158,652.577,1733720400,1093300.0,2024-12-09 05:00:00
635.6042,651.4084,632.2374,651.4084,1733806800,914800.0,2024-12-10 05:00:00
642.5062,650.7054,635.8122,640.6544,1733893200,1107400.0,2024-12-11 05:00:00
640.2881,643.546,631.6829,640.5555,1733979600,698200.0,2024-12-12 05:00:00
647.3782,657.3895,641.2585,641.6744,1734066000,1463200.0,2024-12-13 05:00:00
649.7251,658.0431,639.1196,643.338,1734325200,1014300.0,2024-12-16 05:00:00
648.4872,662.3704,645.7245,653.5275,1734411600,1252400.0,2024-12-17 05:00:00
624.6125,662.5683,619.5029,652.2302,1734498000,1452100.0,2024-12-18 05:00:00
616.1064,629.0786,614.5221,618.0671,1734584400,1115700.0,2024-12-19 05:00:00
623.2263,634.7922,607.4122,610.4126,1734670800,2652200.0,2024-12-20 05:00:00
641.6645,643.1697,625.4147,625.4147,1734930000,886400.0,2024-12-23 05:00:00
644.1798,645.6354,635.0003,638.7533,1735016400,349500.0,2024-12-24 05:00:00
642.2191,647.507,635.7825,637.9313,1735189200,454100.0,2024-12-26 05:00:00
638.5155,641.3971,631.7819,640.8525,1735275600,729500.0,2024-12-27 05:00:00
627.4546,631.0194,620.4833,627.6229,1735534800,687800.0,2024-12-30 05:00:00
623.9689,631.772,621.0477,627.3159,1735621200,646200.0,2024-12-31 05:00:00
630.4055,643.0905,625.7217,628.4944,1735794000,892200.0,2025-01-02 05:00:00
650.5964,652.2799,634.0694,637.6144,1735880400,865100.0,2025-01-03 05:00:00
683.5615,690.0673,666.9354,667.0245,1736139600,1676400.0,2025-01-06 05:00:00
682.5713,698.9795,676.5903,687.9978,1736226000,1283400.0,2025-01-07 05:00:00
679.5016,685.245,672.3422,683.2645,1736312400,1093400.0,2025-01-08 05:00:00
676.3921,687.7897,665.0935,677.2239,1736485200,1254500.0,2025-01-10 05:00:00
684.2448,685.2152,658.9937,667.6088,1736744400,1318600.0,2025-01-13 05:00:00
694.4145,694.5432,679.858,686.2252,1736830800,1039000.0,2025-01-14 05:00:00
709.2582,720.2697,706.5747,708.0204,1736917200,1368300.0,2025-01-15 05:00:00
739.9655,771.465,726.4191,727.8252,1737003600,2019600.0,2025-01-16 05:00:00
750.0758,755.8489,740.3121,755.5024,1737090000,1402500.0,2025-01-17 05:00:00
759.7504,770.8311,743.8966,754.8586,1737435600,1370000.0,2025-01-21 05:00:00
764.3749,779.4463,764.0481,765.8107,1737522000,1200300.0,2025-01-22 05:00:00
753.5218,754.4328,734.0537,745.9168,1737608400,821800.0,2025-01-23 05:00:00
742.5005,758.3146,735.8956,757.5818,1737694800,745400.0,2025-01-24 05:00:00
695.8505,717.8734,678.5114,709.6048,1737954000,2357800.0,2025-01-27 05:00:00
696.0583,701.97,682.492,690.5229,1738040400,1387100.0,2025-01-28 05:00:00
706.0102,714.8333,700.8709,714.0411,1738126800,729200.0,2025-01-29 05:00:00
735.1826,738.8267,714.9521,724.1415,1738213200,1711000.0,2025-01-30 05:00:00
731.0336,762.7311,727.8252,751.5216,1738299600,1631900.0,2025-01-31 05:00:00
732.9843,745.6494,719.2794,720.2895,1738558800,1216800.0,2025-02-03 05:00:00
742.0054,748.6202,725.6764,725.6764,1738645200,999900.0,2025-02-04 05:00:00
751.7394,754.4824,733.7072,735.3807,1738731600,677100.0,2025-02-05 05:00:00
754.3834,756.7797,745.8673,750.2838,1738818000,579400.0,2025-02-06 05:00:00
740.4012,759.7802,736.9551,754.3635,1738904400,664500.0,2025-02-07 05:00:00
744.1246,753.819,736.4205,752.2643,1739163600,1564500.0,2025-02-10 05:00:00
751.2146,754.522,741.8469,747.1843,1739250000,591800.0,2025-02-11 05:00:00
743.2233,747.303,731.3305,735.2816,1739336400,476600.0,2025-02-12 05:00:00
756.8193,757.5323,742.7579,743.6987,1739422800,711500.0,2025-02-13 05:00:00
743.4115,762.0082,731.8059,752.7494,1739509200,998500.0,2025-02-14 05:00:00
750.8482,752.7891,730.7365,750.6402,1739854800,1354000.0,2025-02-18 05:00:00
767.1871,769.4152,745.7386,753.7001,1739941200,936700.0,2025-02-19 05:00:00
770.039,786.2492,763.4836,772.3859,1740027600,883600.0,2025-02-20 05:00:00
746.9367,774.7723,743.7283,772.1284,1740114000,872400.0,2025-02-21 05:00:00
732.02,757.2884,730.4618,756.2562,1740373200,1110900.0,2025-02-24 05:00:00
719.5146,730.7495,716.041,730.7495,1740459600,1068300.0,2025-02-25 05:00:00
732.9628,745.458,724.487,727.8118,1740546000,1247400.0,2025-02-26 05:00:00
693.8989,744.3563,693.3828,737.4586,1740632400,1324900.0,2025-02-27 05:00:00
703.5061,708.131,686.7233,700.5287,1740718800,1242400.0,2025-02-28 05:00:00
685.9493,722.6311,681.1953,709.1534,1740978000,1304600.0,2025-03-03 05:00:00
693.7401,710.6221,673.4539,688.2517,1741064400,1182200.0,2025-03-04 05:00:00
710.4236,711.8428,684.4406,695.8342,1741150800,915700.0,2025-03-05 05:00:00
686.9219,706.3049,678.8332,692.0232,1741237200,1135400.0,2025-03-06 05:00:00
705.9376,708.7463,675.1014,683.0214,1741323600,1088100.0,2025-03-07 05:00:00
673.2554,691.9735,665.534,688.5991,1741579200,1389200.0,2025-03-10 04:00:00
659.2219,675.2008,648.8207,672.2928,1741665600,1058700.0,2025-03-11 04:00:00
675.2701,681.5823,666.7646,670.9528,1741752000,884100.0,2025-03-12 04:00:00
676.3718,688.7777,663.6284,671.5285,1741838400,930800.0,2025-03-13 04:00:00
707.6348,708.3692,684.778,684.778,1741924800,1142600.0,2025-03-14 04:00:00
712.8849,718.7505,700.221,700.4294,1742184000,976200.0,2025-03-17 04:00:00
704.6573,707.4363,692.8072,706.5431,1742270400,950700.0,2025-03-18 04:00:00
714.195,724.5763,699.6453,704.6573,1742356800,753300.0,2025-03-19 04:00:00
711.0688,714.2447,702.3548,703.4863,1742443200,629400.0,2025-03-20 04:00:00
701.1738,704.042,687.1501,697.0252,1742529600,2454800.0,2025-03-21 04:00:00
722.2539,729.6082,711.0092,717.2717,1742788800,730200.0,2025-03-24 04:00:00
716.4182,721.6981,713.3216,719.1673,1742875200,498700.0,2025-03-25 04:00:00
700.231,718.7208,693.5516,716.0609,1742961600,734600.0,2025-03-26 04:00:00
694.7326,701.809,686.7928,695.0799,1743048000,735100.0,2025-03-27 04:00:00
668.5312,688.9464,662.1595,680.2126,1743134400,989500.0,2025-03-28 04:00:00
674.6846,676.0145,650.488,667.9258,1743393600,1165400.0,2025-03-31 04:00:00
677.3246,677.6621,657.1972,668.9283,1743480000,669400.0,2025-04-01 04:00:00
681.0265,690.3855,662.2687,662.2687,1743566400,791100.0,2025-04-02 04:00:00
616.1485,651.9768,615.6026,647.3023,1743652800,1525300.0,2025-04-03 04:00:00
572.1917,595.4851,555.5479,588.0812,1743739200,2072800.0,2025-04-04 04:00:00
600.0703,628.0085,547.1813,562.3861,1743998400,2996100.0,2025-04-07 04:00:00
594.9988,639.412,582.3943,621.2894,1744084800,2719800.0,2025-04-08 04:00:00
698.0177,716.4083,592.855,600.3184,1744171200,3447900.0,2025-04-09 04:00:00
651.8179,675.5679,623.7606,659.8967,1744257600,2676100.0,2025-04-10 04:00:00
665.1766,671.6377,630.3011,641.9528,1744344000,1361800.0,2025-04-11 04:00:00
664.9285,679.1507,654.4877,676.3718,1744603200,987000.0,2025-04-14 04:00:00
671.1216,676.9772,659.996,664.3827,1744689600,790400.0,2025-04-15 04:00:00
637.3575,654.0907,614.6497,633.4472,1744776000,2020800.0,2025-04-16 04:00:00
629.656,644.3049,626.8672,644.1462,1744862400,1224100.0,2025-04-17 04:00:00
616.1285,622.4903,603.1271,618.7387,1745208000,1346100.0,2025-04-21 04:00:00
631.5715,635.0352,621.1405,621.9743,1745294400,1372400.0,2025-04-22 04:00:00
652.1653,667.6381,647.9672,659.2417,1745380800,945100.0,2025-04-23 04:00:00
684.2322,685.3735,659.202,669.0374,1745467200,1304000.0,2025-04-24 04:00:00
689.3831,695.0402,673.8111,674.883,1745553600,631600.0,2025-04-25 04:00:00
688.4998,693.879,673.9402,682.5251,1745812800,736000.0,2025-04-28 04:00:00
682.7732,690.1175,676.6099,678.4857,1745899200,726100.0,2025-04-29 04:00:00
697.4024,699.6851,669.1268,671.9057,1745985600,1172300.0,2025-04-30 04:00:00
671.2208,687.8249,669.6825,684.0138,1746072000,1463500.0,2025-05-01 04:00:00
692.9064,702.5136,687.6959,689.0258,1746158400,851800.0,2025-05-02 04:00:00
688.073,696.3304,681.9494,685.8201,1746417600,811900.0,2025-05-05 04:00:00
674.3074,684.8078,672.5111,675.7366,1746504000,905400.0,2025-05-06 04:00:00
689.1251,691.2193,670.1887,675.3694,1746590400,962800.0,2025-05-07 04:00:00
698.0375,705.1536,687.5867,698.0276,1746676800,906900.0,2025-05-08 04:00:00
695.9236,705.9476,691.4872,700.8264,1746763200,955000.0,2025-05-09 04:00:00
754.7475,757.06,736.0294,739.3939,1747022400,2110300.0,2025-05-12 04:00:00
789.9109,792.015,749.9638,754.2811,1747108800,1804800.0,2025-05-13 04:00:00
798.9425,799.3296,780.8298,780.8298,1747195200,1171400.0,2025-05-14 04:00:00
799.9349,804.5102,789.5834,791.2706,1747281600,1129800.0,2025-05-15 04:00:00
785.2166,801.0565,778.1799,801.0565,1747368000,1132000.0,2025-05-16 04:00:00
782.9682,785.5151,771.0398,776.6807,1747627200,1142000.0,2025-05-19 04:00:00
786.2313,786.7984,773.1887,775.6261,1747713600,949200.0,2025-05-20 04:00:00
774.9396,795.6129,771.1989,774.3228,1747800000,1236700.0,2025-05-21 04:00:00
763.5684,777.7452,758.0866,762.5238,1747886400,682500.0,2025-05-22 04:00:00
753.2814,757.1912,741.0446,743.9098,1747972800,941900.0,2025-05-23 04:00:00
785.0077,788.1117,764.6527,770.7314,1748318400,1292500.0,2025-05-27 04:00:00
773.507,792.2105,772.2037,785.0076,1748404800,905700.0,2025-05-28 04:00:00
769.9951,790.7182,764.7323,788.9075,1748491200,932300.0,2025-05-29 04:00:00
752.9929,769.5773,736.6373,768.8113,1748577600,1717700.0,2025-05-30 04:00:00
758.5244,760.7231,748.0983,748.536,1748836800,864600.0,2025-06-02 04:00:00
771.8058,775.5863,752.4557,758.1364,1748923200,943200.0,2025-06-03 04:00:00
778.0734,782.8885,769.627,777.6058,1749009600,839500.0,2025-06-04 04:00:00
787.8231,792.4194,773.4274,784.361,1749096000,1618900.0,2025-06-05 04:00:00
803.8504,809.7897,795.6627,797.1251,1749182400,996300.0,2025-06-06 04:00:00
825.0311,830.7118,806.835,806.835,1749441600,1529800.0,2025-06-09 04:00:00
852.1908,852.7578,822.514,825.031,1749528000,1515500.0,2025-06-10 04:00:00
867.5217,869.0438,854.3894,860.6372,1749614400,1650400.0,2025-06-11 04:00:00
870.5062,874.6448,862.0499,862.0499,1749700800,1091700.0,2025-06-12 04:00:00
863.2139,871.9489,852.5391,854.5885,1749787200,1832200.0,2025-06-13 04:00:00
887.797,888.7222,871.1231,871.5011,1750046400,1619400.0,2025-06-16 04:00:00
888.4138,910.1317,883.1609,885.4292,1750132800,1334000.0,2025-06-17 04:00:00
866.686,893.5374,862.8558,890.2941,1750219200,1431500.0,2025-06-18 04:00:00
845.6347,879.291,830.5625,879.291,1750392000,2347800.0,2025-06-20 04:00:00
851.8824,855.2053,836.86,848.5397,1750651200,1427700.0,2025-06-23 04:00:00
884.4642,885.9963,865.0942,866.7656,1750737600,1145100.0,2025-06-24 04:00:00
888.8715,898.3028,883.1809,890.4135,1750824000,772000.0,2025-06-25 04:00:00
898.3028,902.6006,888.7123,892.8609,1750910400,864700.0,2025-06-26 04:00:00
885.2999,903.2871,880.0968,900.3522,1750996800,1175500.0,2025-06-27 04:00:00
891.1397,893.6368,879.7983,886.5832,1751256000,786700.0,2025-06-30 04:00:00
894.2338,900.3422,877.7688,884.2155,1751342400,1079100.0,2025-07-01 04:00:00
916.3695,917.2152,880.5146,883.6485,1751428800,1051000.0,2025-07-02 04:00:00
919.8317,923.254,911.3454,915.2752,1751515200,489400.0,2025-07-03 04:00:00
907.9331,918.7572,901.2575,912.2508,1751860800,901200.0,2025-07-07 04:00:00
914.4991,922.6173,903.6054,906.2418,1751947200,862500.0,2025-07-08 04:00:00
918.4388,927.1738,910.8083,914.4992,1752033600,601000.0,2025-07-09 04:00:00
923.851,927.3827,914.6485,918.1504,1752120000,798200.0,2025-07-10 04:00:00
919.8317,925.4029,916.479,920.7469,1752206400,570500.0,2025-07-11 04:00:00
917.1058,922.0005,901.6058,912.012,1752465600,567800.0,2025-07-14 04:00:00
931.7203,937.5004,924.8756,929.2032,1752552000,746200.0,2025-07-15 04:00:00
928.6959,931.5711,892.7714,908.4305,1752638400,1226900.0,2025-07-16 04:00:00
932.2675,938.1272,905.3266,919.2646,1752724800,1135300.0,2025-07-17 04:00:00
926.3381,941.0123,920.0704,941.0123,1752811200,682000.0,2025-07-18 04:00:00
932.944,940.1567,920.8962,923.6917,1753070400,673700.0,2025-07-21 04:00:00
887.6379,933.8493,885.4293,933.8493,1753156800,1619800.0,2025-07-22 04:00:00
892.4828,895.3779,875.2916,894.771,1753243200,1207500.0,2025-07-23 04:00:00
899.5364,907.6346,889.6077,897.1786,1753329600,549700.0,2025-07-24 04:00:00
897.4572,900.3522,883.5091,887.7572,1753416000,808000.0,2025-07-25 04:00:00
918.4091,927.1539,910.3009,912.6488,1753675200,839900.0,2025-07-28 04:00:00
911.3853,932.158,910.4003,923.8211,1753761600,1027200.0,2025-07-29 04:00:00
920.2396,923.055,908.6892,917.9116,1753848000,1058200.0,2025-07-30 04:00:00
874.5156,892.5823,855.5833,860.0105,1753934400,2284100.0,2025-07-31 04:00:00
882.0865,889.5678,850.8876,851.8028,1754020800,1474600.0,2025-08-01 04:00:00
910.9177,913.0666,886.4241,892.1446,1754280000,1064500.0,2025-08-04 04:00:00
878.873,917.2549,871.4614,912.2906,1754366400,1178300.0,2025-08-05 04:00:00
883.7181,884.5538,864.756,878.8731,1754452800,935000.0,2025-08-06 04:00:00
907.376,912.8179,900.3323,907.7143,1754539200,717200.0,2025-08-07 04:00:00
910.1019,913.2258,901.0287,908.3111,1754625600,719500.0,2025-08-08 04:00:00
905.5056,928.5467,902.9787,917.4142,1754884800,814000.0,2025-08-11 04:00:00
930.7255,934.4363,902.8195,908.9876,1754971200,1027900.0,2025-08-12 04:00:00
944.6038,947.459,932.735,935.1725,1755057600,900700.0,2025-08-13 04:00:00
950.5032,954.3335,930.1185,936.8239,1755144000,1005300.0,2025-08-14 04:00:00
870.4466,919.4834,868.6757,919.4834,1755230400,2064500.0,2025-08-15 04:00:00
880.7659,881.1348,867.8443,870.4466,1755489600,853800.0,2025-08-18 04:00:00
873.4775,886.6084,871.5333,880.7658,1755576000,986700.0,2025-08-19 04:00:00
875.8306,877.6152,857.6547,875.9203,1755662400,978500.0,2025-08-20 04:00:00
869.7986,878.6721,864.0457,873.8365,1755748800,730500.0,2025-08-21 04:00:00
867.6948,891.1749,866.6479,869.7985,1755835200,946300.0,2025-08-22 04:00:00
876.9373,884.1159,863.4475,867.6849,1756094400,469300.0,2025-08-25 04:00:00
885.4619,890.2277,878.6522,878.6522,1756180800,812300.0,2025-08-26 04:00:00
886.2495,887.9843,877.3759,883.2584,1756267200,528500.0,2025-08-27 04:00:00
891.3444,894.3354,882.3711,890.3573,1756353600,964200.0,2025-08-28 04:00:00
869.4097,882.3711,862.241,878.8814,1756440000,954300.0,2025-08-29 04:00:00
843.8358,850.3165,834.2444,843.3274,1756785600,1241600.0,2025-09-02 04:00:00
841.3932,845.142,829.7678,845.142,1756872000,933600.0,2025-09-03 04:00:00
870.6958,874.0558,836.5077,840.6952,1756958400,813400.0,2025-09-04 04:00:00
902.4014,903.5679,875.7308,877.017,1757044800,1155600.0,2025-09-05 04:00:00
906.2798,921.6042,904.0465,907.2968,1757304000,886500.0,2025-09-08 04:00:00
915.0038,920.0089,907.5261,908.0445,1757390400,677800.0,2025-09-09 04:00:00
929.8596,932.4518,912.1822,919.1215,1757476800,712800.0,2025-09-10 04:00:00
956.4304,961.0267,934.6951,937.2077,1757563200,1022100.0,2025-09-11 04:00:00
961.1564,965.2143,952.1631,954.6358,1757649600,583900.0,2025-09-12 04:00:00
985.9724,987.0591,964.1175,964.1175,1757908800,845600.0,2025-09-15 04:00:00
987.6274,999.0633,972.1635,990.5487,1757995200,776100.0,2025-09-16 04:00:00
986.9296,997.0295,973.37,987.4381,1758081600,723900.0,2025-09-17 04:00:00
1043.5807,1073.5914,1022.7429,1027.7678,1758168000,1824700.0,2025-09-18 04:00:00
1041.7063,1049.3534,1026.2622,1048.7752,1758254400,1586900.0,2025-09-19 04:00:00
1068.0679,1069.7827,1034.4181,1035.804,1758513600,1020700.0,2025-09-22 04:00:00
1068.0178,1072.3251,1057.6388,1064.6778,1758600000,829500.0,2025-09-23 04:00:00
1065.4955,1072.8037,1054.4982,1063.1524,1758686400,868000.0,2025-09-24 04:00:00
1055.9539,1063.8204,1042.6934,1055.4653,1758772800,710500.0,2025-09-25 04:00:00
1061.1285,1065.4856,1043.0524,1053.4016,1758859200,505400.0,2025-09-26 04:00:00
1060.9689,1082.3751,1060.0217,1073.9802,1759118400,769700.0,2025-09-29 04:00:00
1075.396,1076.6622,1053.9299,1060.64,1759204800,886300.0,2025-09-30 04:00:00
1125.5166,1130.8507,1066.6022,1071.9862,1759291200,1188100.0,2025-10-01 04:00:00
1135.8757,1151.569,1123.8715,1151.569,1759377600,924900.0,2025-10-02 04:00:00
1098.2778,1129.0461,1095.9049,1124.6492,1759464000,953600.0,2025-10-03 04:00:00
1136.3243,1148.6975,1118.348,1118.348,1759723200,946000.0,2025-10-06 04:00:00
1081.5178,1138.6477,1079.783,1137.4213,1759809600,878400.0,2025-10-07 04:00:00
1059.4335,1074.1297,1055.8642,1060.3508,1759896000,1476000.0,2025-10-08 04:00:00
1050.3406,1063.3319,1034.1588,1059.4335,1759982400,1247700.0,2025-10-09 04:00:00
979.8307,1051.1383,978.0559,1049.1642,1760068800,1576000.0,2025-10-10 04:00:00
1021.9552,1030.8288,1011.8852,1013.2312,1760328000,1227000.0,2025-10-13 04:00:00
1022.663,1039.3633,995.5837,995.5837,1760414400,1055700.0,2025-10-14 04:00:00
1083.781,1089.6435,1050.8092,1053.9399,1760500800,1313700.0,2025-10-15 04:00:00
1095.536,1113.6819,1076.5825,1096.882,1760587200,1031100.0,2025-10-16 04:00:00
1103.3727,1106.1843,1080.8697,1095.0873,1760673600,879100.0,2025-10-17 04:00:00
1149.4652,1157.7306,1123.1536,1126.7031,1760932800,1078500.0,2025-10-20 04:00:00
1144.0215,1152.885,1135.2077,1137.4212,1761019200,744700.0,2025-10-21 04:00:00
1111.0099,1144.0216,1087.1011,1144.0216,1761105600,1361400.0,2025-10-22 04:00:00
1155.5571,1159.6449,1103.3726,1103.3726,1761192000,946600.0,2025-10-23 04:00:00
1179.3064,1187.7214,1157.1524,1162.5364,1761278400,825500.0,2025-10-24 04:00:00
1211.5204,1217.5723,1196.4353,1196.4353,1761537600,971100.0,2025-10-27 04:00:00
1202.4574,1206.0666,1192.2378,1203.0955,1761624000,665400.0,2025-10-28 04:00:00
1231.6106,1255.8085,1220.8326,1222.3482,1761710400,1463500.0,2025-10-29 04:00:00
1210.8025,1280.6543,1169.3261,1230.5536,1761796800,2037700.0,2025-10-30 04:00:00
1205.1494,1236.6855,1197.2828,1220.1148,1761883200,885200.0,2025-10-31 04:00:00
1215.5184,1227.4229,1203.8831,1212.5273,1762146000,905500.0,2025-11-03 05:00:00
1189.9446,1225.8277,1187.8908,1194.6405,1762232400,1201400.0,2025-11-04 05:00:00
1223.4548,1239.4472,1197.9608,1199.9749,1762318800,901100.0,2025-11-05 05:00:00
1202.8163,1219.4168,1188.2397,1219.4168,1762405200,1178800.0,2025-11-06 05:00:00
1189.8251,1204.7306,1156.6738,1196.3257,1762491600,1142100.0,2025-11-07 05:00:00
1214.332,1223.1857,1198.1602,1217.3131,1762750800,948100.0,2025-11-10 05:00:00
1187.3624,1207.1035,1181.4799,1199.5261,1762837200,911800.0,2025-11-11 05:00:00
1195.4083,1206.266,1189.3065,1204.5312,1762923600,824600.0,2025-11-12 05:00:00
1158.269,1189.2269,1145.2977,1183.6335,1763010000,1203500.0,2025-11-13 05:00:00
1130.9503,1171.7288,1123.7219,1132.1668,1763096400,1444600.0,2025-11-14 05:00:00
1132.2288,1154.35,1116.659,1138.4208,1763355600,1326500.0,2025-11-17 05:00:00
1121.6326,1138.96,1096.4653,1112.9938,1763442000,1151900.0,2025-11-18 05:00:00
1165.9449,1175.8621,1128.0242,1130.4312,1763528400,960000.0,2025-11-19 05:00:00
1101.0193,1199.9308,1096.1556,1186.4183,1763614800,1171900.0,2025-11-20 05:00:00
1095.6963,1109.3885,1070.5689,1095.5764,1763701200,1438400.0,2025-11-21 05:00:00
1135.2549,1146.4803,1101.5687,1103.4662,1763960400,1579600.0,2025-11-24 05:00:00
1144.403,1146.9896,1105.9829,1128.7233,1764046800,944200.0,2025-11-25 05:00:00
1157.5658,1165.7552,1143.3843,1156.2476,1764133200,1125700.0,2025-11-26 05:00:00
1173.9446,1174.4539,1149.5064,1167.3732,1764306000,389300.0,2025-11-28 05:00:00
1155.6783,1174.2142,1149.726,1163.4881,1764565200,609100.0,2025-12-01 05:00:00
1188.3159,1196.3455,1162.1898,1168.9811,1764651600,953300.0,2025-12-02 05:00:00
1210.1775,1214.382,1164.7065,1184.4609,1764738000,810400.0,2025-12-03 05:00:00
1206.5122,1215.4807,1196.2556,1200.9995,1764824400,703200.0,2025-12-04 05:00:00
1212.8839,1238.3908,1210.7467,1222.4116,1764910800,681900.0,2025-12-05 05:00:00
1223.0009,1240.7878,1217.6178,1230.9705,1765170000,819800.0,2025-12-08 05:00:00
1224.0195,1231.9992,1210.0577,1214.1523,1765256400,782700.0,2025-12-09 05:00:00
1237.3022,1252.073,1219.2158,1229.2726,1765342800,711900.0,2025-12-10 05:00:00
1244.5629,1249.0669,1189.4544,1227.6848,1765429200,922300.0,2025-12-11 05:00:00
1192.3707,1238.0414,1183.6421,1228.4538,1765515600,1143900.0,2025-12-12 05:00:00
1223.5201,1253.3714,1213.7628,1227.4351,1765774800,1258400.0,2025-12-15 05:00:00
1221.7825,1238.3909,1205.8432,1235.4048,1765861200,735500.0,2025-12-16 05:00:00
1170.499,1231.9592,1167.8724,1221.4128,1765947600,913800.0,2025-12-17 05:00:00
1220.8037,1231.3999,1209.4285,1221.4129,1766034000,1056500.0,2025-12-18 05:00:00
1244.0535,1261.9301,1238.0013,1238.4008,1766120400,2156100.0,2025-12-19 05:00:00
1264.0176,1276.3415,1248.268,1274.7136,1766379600,604500.0,2025-12-22 05:00:00
1267.1035,1270.4391,1255.9081,1257.3762,1766466000,600700.0,2025-12-23 05:00:00
1275.3328,1277.52,1263.3583,1267.7327,1766552400,210300.0,2025-12-24 05:00:00
1277.9395,1285.1402,1273.6051,1281.3351,1766725200,337400.0,2025-12-26 05:00:00
1258.7544,1284.401,1255.0991,1271.4379,1766984400,641500.0,2025-12-29 05:00:00
1242.0361,1265.965,1239.6192,1265.1461,1767070800,384300.0,2025-12-30 05:00:00
1213.5032,1249.3067,1212.5145,1242.0362,1767157200,608000.0,2025-12-31 05:00:00
1272.816,1282.3237,1248.9272,1258.0752,1767330000,832100.0,2026-01-02 05:00:00
1350.6948,1370.1097,1302.3077,1308.27,1767589200,1319900.0,2026-01-05 05:00:00
1393.1897,1405.1441,1363.5083,1367.5331,1767675600,1141400.0,2026-01-06 05:00:00
1357.9254,1378.2091,1350.7848,1367.2932,1767762000,904500.0,2026-01-07 05:00:00
1322.881,1352.0532,1307.5009,1349.5164,1767848400,948500.0,2026-01-08 05:00:00
1398.1832,1402.6374,1334.2663,1355.6585,1767934800,1102400.0,2026-01-09 05:00:00
1426.3167,1430.3913,1384.8305,1384.8305,1768194000,855600.0,2026-01-12 05:00:00
1439.9489,1467.9525,1431.34,1459.104,1768280400,996600.0,2026-01-13 05:00:00
1432.6384,1432.9281,1394.2882,1429.0131,1768366800,896500.0,2026-01-14 05:00:00
1542.9551,1569.4507,1523.021,1536.0041,1768453200,1657600.0,2026-01-15 05:00:00
1565.7854,1579.2879,1533.1079,1572.6266,1768539600,1531700.0,2026-01-16 05:00:00
1484.2515,1553.2418,1482.4138,1523.4205,1768885200,1734000.0,2026-01-20 05:00:00
1518.0275,1539.2499,1478.5187,1505.294,1768971600,1499900.0,2026-01-21 05:00:00
1498.0535,1554.56,1495.9362,1547.1297,1769058000,1026000.0,2026-01-22 05:00:00
1510.8169,1511.0066,1449.9359,1482.3039,1769144400,1010200.0,2026-01-23 05:00:00
1541.0276,1554.6998,1488.6157,1510.4772,1769403600,1259900.0,2026-01-26 05:00:00
1614.2324,1616.09,1552.9821,1559.4736,1769490000,1174200.0,2026-01-27 05:00:00
1625.0883,1647.8587,1598.8923,1632.3388,1769576400,1091500.0,2026-01-28 05:00:00
1682.5237,1691.1525,1606.123,1640.798,1769662800,1506400.0,2026-01-29 05:00:00
1426.0869,1582.9432,1415.0013,1538.0016,1769749200,2788100.0,2026-01-30 05:00:00
1408.6196,1438.381,1398.1932,1398.2132,1770008400,1603800.0,2026-02-02 05:00:00
1353.7809,1447.4092,1322.6713,1444.0735,1770094800,2055900.0,2026-02-03 05:00:00
1305.5236,1375.5326,1283.3724,1363.4583,1770181200,1583800.0,2026-02-04 05:00:00
1329.3027,1348.1282,1283.3724,1291.2122,1770267600,1301700.0,2026-02-05 05:00:00
1441.0774,1447.3693,1369.4006,1375.3729,1770354000,1571100.0,2026-02-06 05:00:00
1438.2911,1455.1093,1422.6814,1438.1313,1770613200,1639200.0,2026-02-09 05:00:00
1428.9832,1442.1261,1410.1776,1422.2919,1770699600,843200.0,2026-02-10 05:00:00
1477.5801,1500.1607,1444.0936,1467.0139,1770786000,1092800.0,2026-02-11 05:00:00
1448.9672,1493.1297,1432.5984,1476.1019,1770872400,1051400.0,2026-02-12 05:00:00
1462.23,1492.5306,1433.1478,1449.117,1770958800,1012200.0,2026-02-13 05:00:00
1470.1899,1486.95,1427.67,1445.5,1771304400,623100.0,2026-02-17 05:00:00
1480.3,1502.84,1467.5699,1478.1,1771390800,651000.0,2026-02-18 05:00:00
1469.9,1474.67,1442.08,1450.1,1771477200,625700.0,2026-02-19 05:00:00
1496.0,1497.61,1455.0699,1455.0699,1771563600,684100.0,2026-02-20 05:00:00
1487.66,1517.0,1456.0,1489.87,1771822800,849900.0,2026-02-23 05:00:00
1506.65,1530.0,1475.55,1507.77,1771909200,666900.0,2026-02-24 05:00:00
1546.6801,1577.35,1541.11,1544.76,1771995600,876200.0,2026-02-25 05:00:00
1524.3101,1555.0,1468.8101,1545.11,1772082000,1184000.0,2026-02-26 05:00:00
1524.55,1537.39,1490.52,1497.01,1772168400,1106900.0,2026-02-27 05:00:00
1534.95,1540.77,1475.0,1475.0,1772427600,759100.0,2026-03-02 05:00:00
1441.35,1487.5,1426.52,1475.63,1772514000,1266900.0,2026-03-03 05:00:00
1475.91,1490.0,1449.03,1466.3,1772600400,798200.0,2026-03-04 05:00:00
1429.36,1475.5601,1390.0,1453.34,1772686800,1077700.0,2026-03-05 05:00:00
1344.55,1418.67,1332.0,1372.92,1772773200,1117900.0,2026-03-06 05:00:00
1429.1,1435.22,1321.02,1322.9301,1773028800,1120700.0,2026-03-09 04:00:00
1452.9399,1487.1,1410.0,1421.1,1773115200,891200.0,2026-03-10 04:00:00
1465.0,1495.0,1454.0,1459.0,1773201600,816400.0,2026-03-11 04:00:00
1409.5699,1469.99,1396.01,1465.0,1773288000,1259600.0,2026-03-12 04:00:00
1418.64,1445.85,1408.4301,1417.15,1773374400,1271800.0,2026-03-13 04:00:00
1438.24,1457.02,1425.14,1453.9,1773633600,955700.0,2026-03-16 04:00:00
1481.35,1485.0,1434.9,1446.72,1773720000,853500.0,2026-03-17 04:00:00
1482.36,1513.0699,1459.14,1479.3199,1773806400,883000.0,2026-03-18 04:00:00
1511.52,1518.0,1420.29,1437.64,1773892800,999700.0,2026-03-19 04:00:00
1498.67,1535.0,1457.05,1511.52,1773979200,2188400.0,2026-03-20 04:00:00
1511.4301,1573.26,1510.33,1533.52,1774238400,1173800.0,2026-03-23 04:00:00
1566.1899,1582.45,1481.7,1484.84,1774324800,782300.0,2026-03-24 04:00:00
1543.8199,1576.03,1534.65,1574.3101,1774411200,769400.0,2026-03-25 04:00:00
1451.13,1514.79,1445.51,1503.91,1774497600,1091700.0,2026-03-26 04:00:00
1443.21,1479.24,1435.26,1436.6,1774584000,811500.0,2026-03-27 04:00:00
1382.58,1473.58,1374.4301,1469.0,1774843200,1001200.0,2026-03-30 04:00:00
1472.41,1476.37,1400.0,1417.08,1774929600,1108100.0,2026-03-31 04:00:00
1519.84,1539.9301,1483.8,1484.21,1775016000,879900.0,2026-04-01 04:00:00
1516.84,1528.0,1451.0,1454.17,1775102400,661500.0,2026-04-02 04:00:00
1540.0601,1542.0,1517.41,1522.78,1775448000,411800.0,2026-04-06 04:00:00
1548.85,1548.91,1507.28,1523.62,1775534400,527300.0,2026-04-07 04:00:00
1672.34,1686.26,1635.33,1666.1899,1775620800,1020100.0,2026-04-08 04:00:00
1727.26,1734.7,1669.16,1669.89,1775707200,939500.0,2026-04-09 04:00:00
1737.28,1759.96,1732.1801,1747.62,1775793600,686400.0,2026-04-10 04:00:00
