close,high,low,open,time,volume,date
34.2969,34.763,34.196,34.5262,1603166400,9326000.0,2020-10-20 04:00:00
34.5847,34.9978,34.1507,34.2507,1603252800,16811000.0,2020-10-21 04:00:00
33.7724,34.2743,33.3074,33.9941,1603339200,22331000.0,2020-10-22 04:00:00
33.3866,34.196,33.047,33.9602,1603425600,12317000.0,2020-10-23 04:00:00
32.7932,33.3442,32.3848,33.0508,1603684800,12365000.0,2020-10-26 04:00:00
32.4348,32.9857,32.3131,32.8781,1603771200,10757000.0,2020-10-27 04:00:00
31.9697,32.5018,31.4424,31.7839,1603857600,16392000.0,2020-10-28 04:00:00
33.3244,33.7894,31.9603,31.981,1603944000,16077000.0,2020-10-29 04:00:00
32.2697,33.2734,31.9103,32.8329,1604030400,17499000.0,2020-10-30 04:00:00
33.1064,33.4385,32.5621,32.8395,1604293200,13428000.0,2020-11-02 05:00:00
34.9535,35.2025,33.4998,33.6479,1604379600,17162000.0,2020-11-03 05:00:00
35.8789,36.1487,34.6469,35.2705,1604466000,15280000.0,2020-11-04 05:00:00
37.7062,37.7656,36.644,36.7902,1604552400,18129000.0,2020-11-05 05:00:00
38.6221,38.8665,37.342,37.7222,1604638800,14738000.0,2020-11-06 05:00:00
39.2693,41.1295,39.2249,40.0919,1604898000,19352000.0,2020-11-09 05:00:00
38.4759,39.2183,38.1542,38.591,1604984400,14856000.0,2020-11-10 05:00:00
39.9975,40.4324,38.6768,38.8636,1605070800,14416000.0,2020-11-11 05:00:00
39.4749,40.1862,39.2759,40.0777,1605157200,9502000.0,2020-11-12 05:00:00
40.2154,40.54,40.006,40.1136,1605243600,11360000.0,2020-11-13 05:00:00
41.4399,41.4739,40.2871,40.639,1605502800,13465000.0,2020-11-16 05:00:00
40.7456,41.3012,40.4645,41.0824,1605589200,9919000.0,2020-11-17 05:00:00
40.5947,41.3974,40.5635,41.1399,1605675600,13047000.0,2020-11-18 05:00:00
41.288,41.4003,40.0919,40.4654,1605762000,11248000.0,2020-11-19 05:00:00
40.9069,41.9748,40.8824,41.3654,1605848400,14456000.0,2020-11-20 05:00:00
42.3313,42.4379,41.0399,41.1842,1606107600,10885000.0,2020-11-23 05:00:00
42.1144,42.5559,41.5776,42.4502,1606194000,12009000.0,2020-11-24 05:00:00
42.1464,42.4059,41.554,42.304,1606280400,8489000.0,2020-11-25 05:00:00
43.0672,43.452,42.4332,42.4681,1606453200,7279000.0,2020-11-27 05:00:00
42.7011,43.1002,42.0351,42.9407,1606712400,14341000.0,2020-11-30 05:00:00
44.1152,44.2888,43.1662,43.3992,1606798800,14019000.0,2020-12-01 05:00:00
45.2066,45.3727,43.9171,43.9841,1606885200,18113000.0,2020-12-02 05:00:00
45.6642,46.3886,45.2066,45.2934,1606971600,15955000.0,2020-12-03 05:00:00
47.165,47.3178,45.8613,45.9349,1607058000,17551000.0,2020-12-04 05:00:00
47.9857,48.0583,46.7282,47.1131,1607317200,15650000.0,2020-12-07 05:00:00
48.3905,48.8624,47.7937,47.8193,1607403600,13287000.0,2020-12-08 05:00:00
46.7042,48.6761,46.3155,48.1427,1607490000,19997000.0,2020-12-09 05:00:00
46.3562,46.9284,45.8502,46.3373,1607576400,13031000.0,2020-12-10 05:00:00
46.5028,46.7468,45.749,46.1973,1607662800,14950000.0,2020-12-11 05:00:00
46.5188,47.3804,46.359,46.8801,1607922000,10545000.0,2020-12-14 05:00:00
46.8461,47.5951,46.5945,47.2877,1608008400,11857000.0,2020-12-15 05:00:00
46.655,46.9548,46.2739,46.9104,1608094800,15148000.0,2020-12-16 05:00:00
45.9864,46.5198,45.6667,46.3079,1608181200,14335000.0,2020-12-17 05:00:00
45.488,45.9363,45.1787,45.7972,1608267600,25877000.0,2020-12-18 05:00:00
45.7017,45.8417,44.3313,44.3673,1608526800,17031000.0,2020-12-21 05:00:00
45.1078,45.5608,44.772,45.3423,1608613200,9663000.0,2020-12-22 05:00:00
44.5573,45.4709,44.5365,45.3603,1608699600,7206000.0,2020-12-23 05:00:00
45.4284,45.4284,44.7247,44.7985,1608786000,3330000.0,2020-12-24 05:00:00
45.0274,46.0989,44.9574,45.924,1609131600,6928000.0,2020-12-28 05:00:00
44.755,45.1144,44.3559,44.9858,1609218000,9017000.0,2020-12-29 05:00:00
45.8171,46.185,45.0293,45.2421,1609304400,8819000.0,2020-12-30 05:00:00
44.6652,45.7726,44.0249,45.6138,1609390800,16630000.0,2020-12-31 05:00:00
45.209,46.5273,44.7645,45.2213,1609736400,17686000.0,2021-01-04 05:00:00
46.7723,47.1771,45.3442,45.3442,1609822800,16099000.0,2021-01-05 05:00:00
46.9558,47.8278,46.2474,46.3921,1609909200,13342000.0,2021-01-06 05:00:00
48.6553,48.9636,47.9167,47.981,1609995600,12981000.0,2021-01-07 05:00:00
47.4419,49.3921,47.1052,48.6118,1610082000,14419000.0,2021-01-08 05:00:00
48.8463,49.1707,46.6777,46.864,1610341200,11892000.0,2021-01-11 05:00:00
50.7341,50.8684,49.0781,49.201,1610427600,18790000.0,2021-01-12 05:00:00
49.794,50.526,49.4809,50.526,1610514000,13613000.0,2021-01-13 05:00:00
52.7533,53.9572,51.2921,51.2977,1610600400,20034000.0,2021-01-14 05:00:00
51.7829,52.4601,50.8135,52.2984,1610686800,15264000.0,2021-01-15 05:00:00
54.8557,55.0883,52.8384,52.9462,1611032400,20351000.0,2021-01-19 05:00:00
53.246,55.3664,52.9216,55.198,1611118800,18510000.0,2021-01-20 05:00:00
53.3585,53.9364,52.1773,53.8513,1611205200,12402000.0,2021-01-21 05:00:00
53.3264,54.4358,52.6899,53.2242,1611291600,11998000.0,2021-01-22 05:00:00
53.6962,54.4386,52.2681,54.0357,1611550800,16753000.0,2021-01-25 05:00:00
52.2681,54.03,52.0543,53.9336,1611637200,14310000.0,2021-01-26 05:00:00
48.7102,51.5408,48.4236,50.9384,1611723600,22525000.0,2021-01-27 05:00:00
47.9829,49.9359,47.6661,49.7817,1611810000,24901000.0,2021-01-28 05:00:00
45.7698,47.8467,45.4955,47.7616,1611896400,28250000.0,2021-01-29 05:00:00
47.4249,47.7606,46.0507,46.4413,1612155600,16938000.0,2021-02-01 05:00:00
48.8076,48.9381,47.7606,48.4699,1612242000,14587000.0,2021-02-02 05:00:00
47.6973,49.3202,47.4277,49.1887,1612328400,16049000.0,2021-02-03 05:00:00
49.1348,49.2265,47.301,47.7133,1612414800,14012000.0,2021-02-04 05:00:00
48.2108,49.6521,48.156,49.6067,1612501200,12367000.0,2021-02-05 05:00:00
50.3879,50.4418,48.6269,48.7064,1612760400,14658000.0,2021-02-08 05:00:00
49.9434,51.1653,49.8309,50.6565,1612846800,9441000.0,2021-02-09 05:00:00
50.3615,50.7558,49.3003,50.4087,1612933200,8682000.0,2021-02-10 05:00:00
54.117,54.5294,50.9932,51.0708,1613019600,29727000.0,2021-02-11 05:00:00
55.4364,56.5315,53.4351,53.9251,1613106000,20121000.0,2021-02-12 05:00:00
55.9688,57.0858,55.5158,55.7995,1613451600,14520000.0,2021-02-16 05:00:00
55.4127,55.7456,54.0026,55.2028,1613538000,14530000.0,2021-02-17 05:00:00
54.6429,55.0751,53.6328,54.7252,1613624400,11371000.0,2021-02-18 05:00:00
56.5949,56.9344,55.6756,56.2138,1613710800,16986000.0,2021-02-19 05:00:00
53.7,56.0483,53.5014,55.7418,1613970000,16155000.0,2021-02-22 05:00:00
53.2129,53.7955,50.7312,52.636,1614056400,17167000.0,2021-02-23 05:00:00
56.4521,56.5438,52.3948,52.5991,1614142800,15170000.0,2021-02-24 05:00:00
51.7943,56.0322,51.5087,55.7995,1614229200,26750000.0,2021-02-25 05:00:00
53.6423,54.3488,51.5597,52.6719,1614315600,17836000.0,2021-02-26 05:00:00
56.6327,56.7926,54.4376,54.5284,1614574800,17656000.0,2021-03-01 05:00:00
54.2258,56.628,54.135,56.1788,1614661200,14636000.0,2021-03-02 05:00:00
52.1328,55.0032,52.0175,53.979,1614747600,16318000.0,2021-03-03 05:00:00
50.0125,52.9604,48.3687,51.8803,1614834000,25420000.0,2021-03-04 05:00:00
51.799,52.0279,48.8265,51.3233,1614920400,22160000.0,2021-03-05 05:00:00
47.5346,52.444,47.4457,51.3365,1615179600,19138000.0,2021-03-08 05:00:00
51.4027,51.7139,49.5141,49.7373,1615266000,17266000.0,2021-03-09 05:00:00
49.0563,52.2047,48.7764,51.8898,1615352400,19725000.0,2021-03-10 05:00:00
50.6348,51.2996,50.0352,50.491,1615438800,16127000.0,2021-03-11 05:00:00
49.6351,49.9122,48.8766,49.6521,1615525200,14337000.0,2021-03-12 05:00:00
50.7634,50.8173,49.2029,49.3306,1615780800,10670000.0,2021-03-15 04:00:00
51.8755,53.107,51.1331,51.4327,1615867200,15265000.0,2021-03-16 04:00:00
52.4282,52.9183,50.2467,51.0886,1615953600,13585000.0,2021-03-17 04:00:00
51.1161,52.6946,50.5624,51.3967,1616040000,25177000.0,2021-03-18 04:00:00
51.4137,52.2367,50.4932,51.3787,1616126400,23792000.0,2021-03-19 04:00:00
53.0937,53.8104,52.1466,52.522,1616385600,14442000.0,2021-03-22 04:00:00
51.6129,53.526,51.5304,53.5004,1616472000,14295000.0,2021-03-23 04:00:00
52.3751,54.584,52.2973,54.1024,1616558400,19697000.0,2021-03-24 04:00:00
51.956,52.2954,49.7746,51.6565,1616644800,14463000.0,2021-03-25 04:00:00
55.388,55.4392,52.0527,52.1163,1616731200,18716000.0,2021-03-26 04:00:00
54.0664,55.2259,53.0672,55.2088,1616990400,17598000.0,2021-03-29 04:00:00
54.2816,54.6883,53.2918,53.5649,1617076800,9049000.0,2021-03-30 04:00:00
56.4318,57.2139,55.3188,55.3662,1617163200,23698000.0,2021-03-31 04:00:00
60.6089,60.6753,57.8425,57.9477,1617249600,24634000.0,2021-04-01 04:00:00
62.6472,63.1402,60.6336,61.5949,1617595200,23454000.0,2021-04-05 04:00:00
61.8584,63.2009,61.0545,62.5714,1617681600,23236000.0,2021-04-06 04:00:00
62.4557,63.2748,61.6688,61.8584,1617768000,14689000.0,2021-04-07 04:00:00
63.3298,63.4246,62.0035,63.2369,1617854400,12045000.0,2021-04-08 04:00:00
62.761,63.4151,62.2604,63.0605,1617940800,12734000.0,2021-04-09 04:00:00
61.6489,62.5334,61.1493,62.4443,1618200000,15811000.0,2021-04-12 04:00:00
61.1483,62.3088,60.4667,62.1504,1618286400,13501000.0,2021-04-13 04:00:00
60.716,61.8034,60.1064,60.7634,1618372800,8945000.0,2021-04-14 04:00:00
61.5759,61.7921,60.4705,61.4356,1618459200,10900000.0,2021-04-15 04:00:00
61.027,61.8414,60.754,61.7011,1618545600,11136000.0,2021-04-16 04:00:00
58.9432,61.4659,57.7648,61.0279,1618804800,24219000.0,2021-04-19 04:00:00
58.1184,59.2617,57.6605,58.4701,1618891200,13724000.0,2021-04-20 04:00:00
60.7938,60.7938,58.5365,58.7393,1618977600,20740000.0,2021-04-21 04:00:00
58.2615,61.6176,57.9259,61.045,1619064000,24367000.0,2021-04-22 04:00:00
59.4893,59.7272,58.1696,58.8522,1619150400,14888000.0,2021-04-23 04:00:00
60.9758,60.9929,59.1328,59.4362,1619409600,12987000.0,2021-04-26 04:00:00
61.1379,61.5285,60.6563,61.373,1619496000,9919000.0,2021-04-27 04:00:00
60.4904,61.0545,60.0619,61.0545,1619582400,7380000.0,2021-04-28 04:00:00
60.7672,60.9597,59.6817,60.862,1619668800,8938000.0,2021-04-29 04:00:00
58.8218,60.4373,58.7621,59.767,1619755200,13667000.0,2021-04-30 04:00:00
58.5175,59.7272,58.1895,59.658,1620014400,11582000.0,2021-05-03 04:00:00
57.4794,57.7885,55.954,57.6775,1620100800,15878000.0,2021-05-04 04:00:00
57.9259,58.873,57.2016,58.5241,1620187200,9835000.0,2021-05-05 04:00:00
58.5365,58.6986,57.0167,57.7515,1620273600,11911000.0,2021-05-06 04:00:00
59.7784,60.1823,58.6085,59.3471,1620360000,10335000.0,2021-05-07 04:00:00
55.5984,59.165,55.571,58.9128,1620619200,17659000.0,2021-05-10 04:00:00
56.1654,56.4233,53.3686,53.9024,1620705600,19469000.0,2021-05-11 04:00:00
52.87,54.7708,52.6927,54.5129,1620792000,24293000.0,2021-05-12 04:00:00
55.4354,56.3512,54.056,54.3195,1620878400,29402000.0,2021-05-13 04:00:00
57.1665,57.7771,54.7974,56.5038,1620964800,15485000.0,2021-05-14 04:00:00
56.1313,56.1929,54.6077,55.972,1621224000,16791000.0,2021-05-17 04:00:00
55.4449,57.0092,55.4363,56.6859,1621310400,11679000.0,2021-05-18 04:00:00
57.0916,57.176,53.6625,53.9536,1621396800,15769000.0,2021-05-19 04:00:00
59.4163,60.1064,57.3002,57.6036,1621483200,19741000.0,2021-05-20 04:00:00
58.2198,59.2987,57.8501,59.1063,1621569600,14747000.0,2021-05-21 04:00:00
60.1671,60.8203,58.9707,59.2864,1621828800,14088000.0,2021-05-24 04:00:00
60.7103,61.8196,60.5084,60.7701,1621915200,15017000.0,2021-05-25 04:00:00
60.4895,61.2991,59.951,60.8431,1622001600,12621000.0,2021-05-26 04:00:00
61.2157,61.7399,60.1889,60.1889,1622088000,22452000.0,2021-05-27 04:00:00
61.6091,62.1277,61.4328,61.9077,1622174400,8414000.0,2021-05-28 04:00:00
61.5323,63.8797,61.3863,62.1921,1622520000,12760000.0,2021-06-01 04:00:00
61.5276,62.1798,60.9123,61.4034,1622606400,9195000.0,2021-06-02 04:00:00
60.2752,60.9218,59.841,60.5378,1622692800,11786000.0,2021-06-03 04:00:00
62.1267,62.214,60.8459,61.0554,1622779200,10443000.0,2021-06-04 04:00:00
61.5835,61.8603,60.9597,61.7769,1623038400,8127000.0,2021-06-07 04:00:00
60.443,62.4093,60.1387,62.3818,1623124800,8856000.0,2021-06-08 04:00:00
60.115,60.9995,60.0221,60.7824,1623211200,6594000.0,2021-06-09 04:00:00
60.7483,61.3389,59.8979,59.8979,1623297600,8440000.0,2021-06-10 04:00:00
60.8753,60.9549,60.1851,60.8298,1623384000,10244000.0,2021-06-11 04:00:00
61.6461,61.7314,60.5037,60.8383,1623643200,10188000.0,2021-06-14 04:00:00
61.1274,62.1267,60.9688,61.4542,1623729600,6380000.0,2021-06-15 04:00:00
60.6771,61.8313,60.0891,61.3364,1623816000,10738000.0,2021-06-16 04:00:00
60.7759,61.4618,59.7234,60.4596,1623902400,8548000.0,2021-06-17 04:00:00
58.1996,59.997,57.8415,59.8564,1623988800,21139000.0,2021-06-18 04:00:00
58.7658,59.2741,57.8121,58.3697,1624248000,9930000.0,2021-06-21 04:00:00
59.067,59.4811,57.8757,58.6613,1624334400,7199000.0,2021-06-22 04:00:00
59.2978,60.1508,59.2142,59.3719,1624420800,6796000.0,2021-06-23 04:00:00
60.3237,60.5698,60.0179,60.2088,1624507200,7681000.0,2021-06-24 04:00:00
59.8887,60.4482,59.4403,60.3218,1624593600,12496000.0,2021-06-25 04:00:00
61.458,61.7021,60.4824,60.49,1624852800,9633000.0,2021-06-28 04:00:00
61.9168,62.1885,61.1777,61.4523,1624939200,7976000.0,2021-06-29 04:00:00
61.8133,61.9206,61.1208,61.8665,1625025600,8033000.0,2021-06-30 04:00:00
60.1385,61.6879,59.9628,61.5254,1625112000,11343000.0,2021-07-01 04:00:00
59.9837,60.9156,59.5619,60.8187,1625198400,7426000.0,2021-07-02 04:00:00
59.0774,60.5793,58.3697,59.9837,1625544000,10240000.0,2021-07-06 04:00:00
58.288,59.7918,57.9251,59.7604,1625630400,8622000.0,2021-07-07 04:00:00
57.5698,58.2794,56.447,57.0578,1625716800,10218000.0,2021-07-08 04:00:00
58.2177,58.3583,57.2706,57.7389,1625803200,8372000.0,2021-07-09 04:00:00
59.4118,59.7775,58.6081,58.6604,1626062400,17315000.0,2021-07-12 04:00:00
59.3405,59.4669,58.4742,59.1572,1626148800,10834000.0,2021-07-13 04:00:00
58.6955,60.8443,58.5502,60.0464,1626235200,11507000.0,2021-07-14 04:00:00
58.0173,58.9919,57.3371,58.401,1626321600,12497000.0,2021-07-15 04:00:00
55.9027,58.5169,55.6671,58.2129,1626408000,13538000.0,2021-07-16 04:00:00
56.1915,56.2276,54.6535,54.9062,1626667200,14567000.0,2021-07-19 04:00:00
57.6705,58.1161,55.8751,56.6113,1626753600,15558000.0,2021-07-20 04:00:00
60.5356,60.6809,57.7769,57.7769,1626840000,16374000.0,2021-07-21 04:00:00
60.4102,60.6249,59.8982,60.0435,1626926400,12520000.0,2021-07-22 04:00:00
60.8225,61.2385,60.1803,60.9602,1627012800,10317000.0,2021-07-23 04:00:00
60.8339,61.553,60.3456,60.9137,1627272000,8782000.0,2021-07-26 04:00:00
59.1429,60.5365,57.719,60.3228,1627358400,14912000.0,2021-07-27 04:00:00
60.3218,60.6068,59.2227,59.3833,1627444800,12160000.0,2021-07-28 04:00:00
58.8618,59.1316,56.7177,58.0011,1627531200,29139000.0,2021-07-29 04:00:00
60.5508,60.5593,58.0106,58.042,1627617600,16511000.0,2021-07-30 04:00:00
60.9678,62.6483,60.8918,61.3858,1627876800,13923000.0,2021-08-02 04:00:00
61.3212,61.6841,60.4615,61.3174,1627963200,6844000.0,2021-08-03 04:00:00
61.7259,62.1885,60.9393,61.6347,1628049600,11120000.0,2021-08-04 04:00:00
61.3345,62.0897,61.0543,61.9168,1628136000,5961000.0,2021-08-05 04:00:00
61.553,61.59,60.9868,61.0438,1628222400,6065000.0,2021-08-06 04:00:00
60.8443,61.7781,60.7018,61.7468,1628481600,7831000.0,2021-08-09 04:00:00
58.6281,60.9127,58.4324,60.8728,1628568000,16249000.0,2021-08-10 04:00:00
57.8064,59.0784,56.6322,58.896,1628654400,17557000.0,2021-08-11 04:00:00
55.4306,56.8498,54.9214,56.8403,1628740800,25136000.0,2021-08-12 04:00:00
55.1361,55.8894,54.8283,55.4059,1628827200,17663000.0,2021-08-13 04:00:00
55.9397,56.0965,54.8587,55.0848,1629086400,12692000.0,2021-08-16 04:00:00
55.0012,55.8067,54.2336,55.2805,1629172800,12701000.0,2021-08-17 04:00:00
54.1006,55.6262,54.0655,54.9071,1629259200,8827000.0,2021-08-18 04:00:00
54.8254,55.0249,53.3568,53.7064,1629345600,11057000.0,2021-08-19 04:00:00
53.7643,55.6196,53.1811,55.4277,1629432000,16962000.0,2021-08-20 04:00:00
55.5056,55.7051,54.3752,54.398,1629691200,13697000.0,2021-08-23 04:00:00
55.6272,56.4271,55.2615,55.7545,1629777600,9510000.0,2021-08-24 04:00:00
55.9302,56.503,55.7117,55.7801,1629864000,9010000.0,2021-08-25 04:00:00
55.6053,56.4546,55.4172,55.8571,1629950400,8624000.0,2021-08-26 04:00:00
57.908,58.25,55.9673,55.9758,1630036800,14981000.0,2021-08-27 04:00:00
57.756,58.6879,57.2298,58.402,1630296000,9763000.0,2021-08-30 04:00:00
57.4549,57.8396,56.712,57.8396,1630382400,10715000.0,2021-08-31 04:00:00
56.9761,57.851,56.9153,57.7513,1630468800,7046000.0,2021-09-01 04:00:00
57.1965,57.7427,56.9163,57.2554,1630555200,8571000.0,2021-09-02 04:00:00
58.0144,58.2643,56.617,57.1889,1630641600,10294000.0,2021-09-03 04:00:00
56.3501,57.5328,55.8571,56.9163,1630987200,23316000.0,2021-09-07 04:00:00
55.4334,56.1981,54.7532,56.1839,1631073600,17215000.0,2021-09-08 04:00:00
56.39,56.7044,55.0021,55.1921,1631160000,15391000.0,2021-09-09 04:00:00
56.8175,58.1483,56.6655,57.1993,1631246400,15575000.0,2021-09-10 04:00:00
57.8301,58.4162,56.9552,57.2734,1631505600,13132000.0,2021-09-13 04:00:00
57.3295,58.08,56.8669,57.055,1631592000,11812000.0,2021-09-14 04:00:00
58.0895,58.1246,56.7206,57.0844,1631678400,11420000.0,2021-09-15 04:00:00
58.5027,58.6271,56.978,57.3637,1631764800,13524000.0,2021-09-16 04:00:00
57.8501,58.5388,57.3428,58.4172,1631851200,20142000.0,2021-09-17 04:00:00
56.0385,56.5268,55.1997,56.5125,1632110400,13241000.0,2021-09-20 04:00:00
55.688,56.4536,54.9356,56.2722,1632196800,16045000.0,2021-09-21 04:00:00
57.1015,57.3514,55.9416,56.4271,1632283200,10350000.0,2021-09-22 04:00:00
58.1902,58.7012,56.6864,57.0531,1632369600,11004000.0,2021-09-23 04:00:00
58.1825,58.3079,57.1215,57.4378,1632456000,7273000.0,2021-09-24 04:00:00
58.7244,59.231,57.3541,57.4207,1632715200,10892000.0,2021-09-27 04:00:00
55.8009,57.7426,55.7066,56.7617,1632801600,20885000.0,2021-09-28 04:00:00
54.043,56.0894,53.9801,55.8142,1632888000,16577000.0,2021-09-29 04:00:00
54.1991,54.9972,54.083,54.5934,1632974400,10938000.0,2021-09-30 04:00:00
54.2544,54.6277,53.385,54.3868,1633060800,11157000.0,2021-10-01 04:00:00
52.3889,53.9468,52.2165,53.8963,1633320000,16407000.0,2021-10-04 04:00:00
52.9374,53.6402,52.4346,53.0117,1633406400,12056000.0,2021-10-05 04:00:00
52.5403,53.1278,51.8832,52.3755,1633492800,15908000.0,2021-10-06 04:00:00
52.9298,53.7221,52.7812,53.7116,1633579200,10535000.0,2021-10-07 04:00:00
52.3908,53.323,52.2879,53.1964,1633665600,8671000.0,2021-10-08 04:00:00
52.6079,53.4678,52.186,52.1975,1633924800,8923000.0,2021-10-11 04:00:00
52.0689,53.1545,51.6404,53.1231,1634011200,12766000.0,2021-10-12 04:00:00
51.8432,53.1535,51.7166,52.6574,1634097600,12538000.0,2021-10-13 04:00:00
54.083,54.0973,52.7822,53.1945,1634184000,15499000.0,2021-10-14 04:00:00
53.7535,54.1382,53.4602,53.9468,1634270400,13248000.0,2021-10-15 04:00:00
54.1563,54.2268,53.2069,53.3278,1634529600,12474000.0,2021-10-18 04:00:00
54.3591,55.0419,53.883,54.1982,1634616000,14995000.0,2021-10-19 04:00:00
53.8516,54.5439,53.7144,54.3372,1634702400,16933000.0,2021-10-20 04:00:00
52.8917,52.9345,50.9481,51.8889,1634788800,30650000.0,2021-10-21 04:00:00
53.0174,54.8334,52.785,53.3278,1634875200,18770000.0,2021-10-22 04:00:00
52.5631,53.5192,52.3184,53.1421,1635134400,12826000.0,2021-10-25 04:00:00
52.2746,53.2554,52.0222,53.0307,1635220800,11734000.0,2021-10-26 04:00:00
52.7203,53.3792,52.0127,52.187,1635307200,11838000.0,2021-10-27 04:00:00
53.8944,55.2267,53.6525,53.684,1635393600,22325000.0,2021-10-28 04:00:00
53.6678,54.0097,52.966,53.1697,1635480000,13381000.0,2021-10-29 04:00:00
54.5429,54.5582,53.4573,53.804,1635739200,10724000.0,2021-11-01 04:00:00
54.6839,55.0419,54.4706,54.7315,1635825600,8970000.0,2021-11-02 04:00:00
55.3657,55.5647,54.223,54.762,1635912000,7908000.0,2021-11-03 04:00:00
57.016,57.0512,55.2057,55.5181,1635998400,17965000.0,2021-11-04 04:00:00
58.1626,58.3749,56.8779,57.2236,1636084800,21028000.0,2021-11-05 04:00:00
58.0007,59.0425,57.5055,58.5654,1636347600,12598000.0,2021-11-08 05:00:00
59.2234,59.3329,57.9969,58.0892,1636434000,12041000.0,2021-11-09 05:00:00
57.6874,59.2586,57.5083,58.5216,1636520400,10898000.0,2021-11-10 05:00:00
58.4416,58.9748,58.0654,58.4311,1636606800,8198000.0,2021-11-11 05:00:00
59.4624,59.7938,58.4225,58.7939,1636693200,10591000.0,2021-11-12 05:00:00
60.0185,61.3641,59.5253,60.1842,1636952400,13534000.0,2021-11-15 05:00:00
60.3995,60.7556,59.4634,59.9148,1637038800,8523000.0,2021-11-16 05:00:00
60.0538,60.8318,59.6395,60.3995,1637125200,9066000.0,2021-11-17 05:00:00
60.5461,60.6861,59.4977,60.6594,1637211600,10002000.0,2021-11-18 05:00:00
61.3746,62.5649,60.2919,60.6032,1637298000,18332000.0,2021-11-19 05:00:00
61.5841,62.9516,61.148,61.986,1637557200,18759000.0,2021-11-22 05:00:00
62.9763,63.0706,61.066,61.7079,1637643600,17531000.0,2021-11-23 05:00:00
62.9259,62.9973,61.4489,62.2793,1637730000,12152000.0,2021-11-24 05:00:00
61.1346,62.2878,60.7947,62.0374,1637902800,8377000.0,2021-11-26 05:00:00
64.8066,64.9733,61.805,62.0412,1638162000,19639000.0,2021-11-29 05:00:00
64.7409,65.9932,63.6258,64.3105,1638248400,27254000.0,2021-11-30 05:00:00
66.0436,67.7863,65.1713,65.9646,1638334800,25249000.0,2021-12-01 05:00:00
62.9954,65.2266,62.4592,65.0275,1638421200,23006000.0,2021-12-02 05:00:00
62.9906,63.8972,62.0745,63.6886,1638507600,13856000.0,2021-12-03 05:00:00
63.5705,63.8762,61.1775,63.3201,1638766800,12665000.0,2021-12-06 05:00:00
67.2454,67.5702,64.4695,64.6133,1638853200,16016000.0,2021-12-07 05:00:00
67.9958,68.4034,67.1359,67.1359,1638939600,11634000.0,2021-12-08 05:00:00
66.6017,68.5558,66.3998,67.493,1639026000,10828000.0,2021-12-09 05:00:00
67.2273,68.0025,66.1408,67.7711,1639112400,8793000.0,2021-12-10 05:00:00
65.2285,67.4264,65.1361,67.3787,1639371600,12440000.0,2021-12-13 05:00:00
64.8219,65.2208,63.7654,64.3839,1639458000,13892000.0,2021-12-14 05:00:00
66.5494,66.6916,63.502,64.8973,1639544400,13627000.0,2021-12-15 05:00:00
64.0651,67.5075,63.6223,66.975,1639630800,13775000.0,2021-12-16 05:00:00
63.8637,64.6959,63.0497,63.4658,1639717200,15633000.0,2021-12-17 05:00:00
63.0917,64.2302,62.4064,62.8788,1639976400,9110000.0,2021-12-20 05:00:00
65.1903,65.5711,63.4791,64.8544,1640062800,13405000.0,2021-12-21 05:00:00
65.9681,66.0454,64.2216,64.7523,1640149200,10424000.0,2021-12-22 05:00:00
66.6839,67.4684,66.1743,66.2792,1640235600,8674000.0,2021-12-23 05:00:00
69.0393,69.0966,67.0723,67.0723,1640581200,10143000.0,2021-12-27 05:00:00
68.3426,69.5146,68.2033,69.192,1640667600,7816000.0,2021-12-28 05:00:00
69.359,69.4945,68.3426,68.5898,1640754000,6902000.0,2021-12-29 05:00:00
68.5554,69.4783,68.4457,69.4783,1640840400,5216000.0,2021-12-30 05:00:00
68.6337,69.275,68.4504,68.5535,1640926800,7138000.0,2021-12-31 05:00:00
69.2359,69.7704,67.9351,68.8227,1641186000,10602000.0,2022-01-03 05:00:00
67.9513,69.8457,67.0399,69.3571,1641272400,14566000.0,2022-01-04 05:00:00
66.0244,68.2281,65.9099,68.0267,1641358800,13994000.0,2022-01-05 05:00:00
66.9884,67.3491,65.5616,66.1857,1641445200,11896000.0,2022-01-06 05:00:00
63.8752,67.1134,63.7893,66.6037,1641531600,15698000.0,2022-01-07 05:00:00
63.398,63.7349,61.3862,62.8569,1641790800,16246000.0,2022-01-10 05:00:00
64.2493,64.2818,62.226,62.3033,1641877200,9189000.0,2022-01-11 05:00:00
65.5005,65.7582,64.3552,64.8095,1641963600,9286000.0,2022-01-12 05:00:00
65.5434,69.7322,65.2151,67.2832,1642050000,29135000.0,2022-01-13 05:00:00
69.652,69.7408,65.0691,65.238,1642136400,19416000.0,2022-01-14 05:00:00
64.8028,68.4667,64.5566,68.3961,1642482000,20069000.0,2022-01-18 05:00:00
61.3404,66.6801,61.2755,65.9328,1642568400,18340000.0,2022-01-19 05:00:00
59.1396,62.7968,58.9344,62.4818,1642654800,19444000.0,2022-01-20 05:00:00
57.8149,60.7678,57.687,58.8084,1642741200,22222000.0,2022-01-21 05:00:00
59.3448,59.4803,54.9251,55.8308,1643000400,24890000.0,2022-01-24 05:00:00
56.139,57.6861,55.449,57.2757,1643086800,18846000.0,2022-01-25 05:00:00
56.9445,58.6195,55.3899,57.5983,1643173200,23637000.0,2022-01-26 05:00:00
52.9963,57.3101,52.5602,56.7756,1643259600,30943000.0,2022-01-27 05:00:00
53.5536,53.5556,50.5817,52.836,1643346000,20024000.0,2022-01-28 05:00:00
56.3003,56.3051,53.1423,53.7846,1643605200,19000000.0,2022-01-31 05:00:00
56.2574,56.6754,54.5901,56.308,1643691600,11355000.0,2022-02-01 05:00:00
58.3856,58.5317,56.3146,57.0686,1643778000,16622000.0,2022-02-02 05:00:00
56.1896,57.793,55.9043,56.9741,1643864400,20076000.0,2022-02-03 05:00:00
55.2648,56.265,54.7466,55.9739,1643950800,14462000.0,2022-02-04 05:00:00
54.53,56.2708,54.3019,55.4557,1644210000,10859000.0,2022-02-07 05:00:00
54.9995,55.1217,53.5021,54.0681,1644296400,12958000.0,2022-02-08 05:00:00
57.9724,58.2644,55.6428,56.2192,1644382800,12072000.0,2022-02-09 05:00:00
56.7728,58.7884,56.1161,56.1877,1644469200,15148000.0,2022-02-10 05:00:00
53.4439,57.2566,53.0039,56.7861,1644555600,15785000.0,2022-02-11 05:00:00
53.2778,54.3076,52.2672,53.5088,1644814800,13459000.0,2022-02-14 05:00:00
56.6725,56.9541,54.3429,54.3429,1644901200,14344000.0,2022-02-15 05:00:00
56.4483,56.8233,55.0931,55.7812,1644987600,8048000.0,2022-02-16 05:00:00
55.4118,56.8061,55.2792,56.0388,1645074000,12909000.0,2022-02-17 05:00:00
54.3983,55.5674,53.7588,55.4309,1645160400,12481000.0,2022-02-18 05:00:00
53.4181,55.1007,52.5783,53.5403,1645506000,12194000.0,2022-02-22 05:00:00
51.7642,54.4994,51.6544,54.0871,1645592400,12435000.0,2022-02-23 05:00:00
53.7197,53.8352,49.5844,50.1141,1645678800,15628000.0,2022-02-24 05:00:00
54.7046,54.7695,53.0736,53.8466,1645765200,10847000.0,2022-02-25 05:00:00
53.5737,54.508,52.5105,54.0566,1646024400,14065000.0,2022-02-28 05:00:00
51.5905,53.6739,51.0742,53.2597,1646110800,16089000.0,2022-03-01 05:00:00
52.8741,53.2759,51.623,52.2299,1646197200,12451000.0,2022-03-02 05:00:00
51.8711,53.4926,51.412,53.4926,1646283600,10339000.0,2022-03-03 05:00:00
50.179,51.7289,49.5901,51.4159,1646370000,14386000.0,2022-03-04 05:00:00
46.6831,50.9186,46.6411,50.3527,1646629200,21396000.0,2022-03-07 05:00:00
46.7996,48.7799,45.7192,46.7223,1646715600,21558000.0,2022-03-08 05:00:00
49.3706,49.8383,48.088,48.6157,1646802000,14437000.0,2022-03-09 05:00:00
47.439,48.3876,46.5982,48.1748,1646888400,11106000.0,2022-03-10 05:00:00
46.1334,48.8801,46.0561,48.8209,1646974800,10389000.0,2022-03-11 05:00:00
44.7601,46.8196,44.4795,46.601,1647230400,15870000.0,2022-03-14 04:00:00
46.4088,46.6223,45.1488,45.4944,1647316800,12455000.0,2022-03-15 04:00:00
49.259,49.2725,46.9143,47.5175,1647403200,16659000.0,2022-03-16 04:00:00
50.3917,50.4175,48.5946,48.8454,1647489600,13627000.0,2022-03-17 04:00:00
52.1457,52.4176,50.0738,50.2816,1647576000,22237000.0,2022-03-18 04:00:00
51.4008,52.1112,50.3486,51.51,1647835200,10517000.0,2022-03-21 04:00:00
52.3487,52.9318,51.51,51.51,1647921600,10664000.0,2022-03-22 04:00:00
50.8388,52.4674,50.8005,51.7369,1648008000,9835000.0,2022-03-23 04:00:00
53.2544,53.3004,50.9154,51.443,1648094400,12124000.0,2022-03-24 04:00:00
53.1204,53.3224,52.1964,53.1529,1648180800,7531000.0,2022-03-25 04:00:00
53.3588,53.4114,51.7905,52.6177,1648440000,7338000.0,2022-03-28 04:00:00
54.4713,55.0324,53.4402,54.4206,1648526400,11139000.0,2022-03-29 04:00:00
52.521,54.6686,52.2118,53.8289,1648612800,12981000.0,2022-03-30 04:00:00
51.4726,53.3779,51.4276,52.6579,1648699200,14703000.0,2022-03-31 04:00:00
50.3084,52.2539,49.5061,51.8183,1648785600,12084000.0,2022-04-01 04:00:00
51.2754,51.3913,50.2031,50.3926,1649044800,8777000.0,2022-04-04 04:00:00
48.2202,50.744,47.8765,50.6109,1649131200,19670000.0,2022-04-05 04:00:00
47.6965,48.4175,46.7295,47.2886,1649217600,15845000.0,2022-04-06 04:00:00
48.1915,48.7114,47.1747,47.617,1649304000,10095000.0,2022-04-07 04:00:00
47.0713,47.956,46.9938,47.6812,1649390400,10449000.0,2022-04-08 04:00:00
45.5509,46.7257,45.4982,46.6405,1649649600,16953000.0,2022-04-11 04:00:00
44.7122,46.718,44.4987,46.0545,1649736000,16778000.0,2022-04-12 04:00:00
45.2493,45.6993,44.7965,44.9669,1649822400,11396000.0,2022-04-13 04:00:00
43.6743,45.3824,43.6437,45.3269,1649908800,13648000.0,2022-04-14 04:00:00
45.0521,45.2867,43.1803,43.2071,1650254400,16631000.0,2022-04-18 04:00:00
45.8793,46.223,44.6193,44.9305,1650340800,12144000.0,2022-04-19 04:00:00
46.0957,48.3323,45.9262,47.169,1650427200,20233000.0,2022-04-20 04:00:00
44.9525,47.6419,44.8558,46.787,1650513600,22794000.0,2022-04-21 04:00:00
44.3417,45.2206,44.0774,44.7122,1650600000,20282000.0,2022-04-22 04:00:00
45.6141,45.9913,43.9577,44.0879,1650859200,14124000.0,2022-04-25 04:00:00
43.7758,45.0291,43.727,44.6777,1650945600,14974000.0,2022-04-26 04:00:00
43.7337,44.8635,43.0367,43.5068,1651032000,12413000.0,2022-04-27 04:00:00
46.3867,46.8769,44.2919,44.8328,1651118400,16784000.0,2022-04-28 04:00:00
44.5935,47.0522,44.5073,45.4781,1651204800,14050000.0,2022-04-29 04:00:00
45.8918,45.9339,43.9635,44.739,1651464000,12866000.0,2022-05-02 04:00:00
46.4729,46.7841,45.3058,45.6313,1651550400,9578000.0,2022-05-03 04:00:00
48.4385,48.6022,45.7089,46.6433,1651636800,11962000.0,2022-05-04 04:00:00
46.0832,47.6793,45.2943,47.3356,1651723200,14578000.0,2022-05-05 04:00:00
45.7874,46.8674,44.515,45.6428,1651809600,10680000.0,2022-05-06 04:00:00
42.8117,44.2708,42.3693,44.0382,1652068800,18487000.0,2022-05-09 04:00:00
43.9577,44.9132,42.7514,44.1349,1652155200,14134000.0,2022-05-10 04:00:00
42.8165,44.9037,42.7092,43.5537,1652241600,11793000.0,2022-05-11 04:00:00
44.0832,44.2402,42.6058,42.7763,1652328000,15558000.0,2022-05-12 04:00:00
47.0981,47.4217,44.5207,44.5781,1652414400,19093000.0,2022-05-13 04:00:00
46.1933,47.2063,45.8611,46.5715,1652673600,9689000.0,2022-05-16 04:00:00
49.0465,49.439,46.9191,47.3949,1652760000,16356000.0,2022-05-17 04:00:00
45.7156,48.6855,45.4418,47.9215,1652846400,17105000.0,2022-05-18 04:00:00
45.2034,46.5294,45.1047,45.909,1652932800,11193000.0,2022-05-19 04:00:00
45.3939,46.3542,43.1286,45.9971,1653019200,17158000.0,2022-05-20 04:00:00
46.2728,46.5256,45.1957,45.6017,1653278400,10578000.0,2022-05-23 04:00:00
45.0923,46.0057,44.5906,45.7165,1653364800,9431000.0,2022-05-24 04:00:00
46.6826,47.0704,44.5561,44.5791,1653451200,12887000.0,2022-05-25 04:00:00
48.7535,49.1585,46.0469,46.1378,1653537600,12922000.0,2022-05-26 04:00:00
50.8417,51.4497,49.3318,49.5204,1653624000,16526000.0,2022-05-27 04:00:00
49.7895,50.3611,48.8703,50.2356,1653969600,15011000.0,2022-05-31 04:00:00
48.4261,50.2653,47.8296,50.0949,1654056000,10261000.0,2022-06-01 04:00:00
50.1025,50.1495,48.068,48.1647,1654142400,11600000.0,2022-06-02 04:00:00
49.2102,49.9082,48.7535,49.0867,1654228800,13304000.0,2022-06-03 04:00:00
49.4285,51.0207,49.1834,50.4252,1654488000,7852000.0,2022-06-06 04:00:00
50.116,50.2624,48.6712,48.7736,1654574400,11502000.0,2022-06-07 04:00:00
49.0331,50.1763,48.6329,49.9656,1654660800,9009000.0,2022-06-08 04:00:00
47.2446,49.1547,47.2168,48.1666,1654747200,8652000.0,2022-06-09 04:00:00
45.4216,46.7573,45.3642,46.4547,1654833600,10987000.0,2022-06-10 04:00:00
42.805,44.2622,42.624,43.5642,1655092800,14833000.0,2022-06-13 04:00:00
43.2075,43.7493,42.7589,43.5466,1655179200,11689000.0,2022-06-14 04:00:00
43.5793,44.4573,42.6974,43.2075,1655265600,15659000.0,2022-06-15 04:00:00
40.1843,42.56,39.6454,42.4188,1655352000,19042000.0,2022-06-16 04:00:00
40.2957,40.753,39.5205,40.071,1655438400,17917000.0,2022-06-17 04:00:00
41.6003,42.4918,41.0191,41.0441,1655784000,12126000.0,2022-06-21 04:00:00
40.8885,41.7579,40.3976,40.6618,1655870400,11078000.0,2022-06-22 04:00:00
40.7396,41.438,39.9086,41.438,1655956800,9030000.0,2022-06-23 04:00:00
43.2478,43.269,41.4236,41.5331,1656043200,14217000.0,2022-06-24 04:00:00
43.2094,43.9241,42.8693,43.8175,1656302400,7695000.0,2022-06-27 04:00:00
42.1018,44.1201,41.9586,43.3622,1656388800,9379000.0,2022-06-28 04:00:00
41.0249,41.6925,40.8279,41.5436,1656475200,11751000.0,2022-06-29 04:00:00
40.9384,41.9558,39.8673,40.2535,1656561600,10663000.0,2022-06-30 04:00:00
37.9296,39.8385,37.1304,39.3005,1656648000,29500000.0,2022-07-01 04:00:00
37.3475,37.5617,36.1082,36.4733,1656993600,26882000.0,2022-07-05 04:00:00
37.628,38.1189,36.8566,37.5646,1657080000,12516000.0,2022-07-06 04:00:00
39.8558,40.0998,38.6204,38.7356,1657166400,13753000.0,2022-07-07 04:00:00
39.8788,40.0767,38.9412,39.3082,1657252800,9213000.0,2022-07-08 04:00:00
38.6578,39.3898,38.2774,39.2967,1657512000,11137000.0,2022-07-11 04:00:00
38.9902,39.4763,38.5973,38.897,1657598400,9538000.0,2022-07-12 04:00:00
39.5801,39.8049,38.042,38.0545,1657684800,9220000.0,2022-07-13 04:00:00
40.2823,40.6445,38.5406,39.2198,1657771200,11114000.0,2022-07-14 04:00:00
41.0326,41.0575,39.5801,40.7473,1657857600,13375000.0,2022-07-15 04:00:00
40.6512,42.0634,40.3178,42.0624,1658116800,9080000.0,2022-07-18 04:00:00
42.9356,43.0077,41.3025,41.4034,1658203200,14888000.0,2022-07-19 04:00:00
44.6802,44.9953,42.6916,42.8424,1658289600,18505000.0,2022-07-20 04:00:00
45.7398,45.8397,44.3439,45.0327,1658376000,13812000.0,2022-07-21 04:00:00
44.5736,45.8945,44.2863,45.6351,1658462400,13265000.0,2022-07-22 04:00:00
43.9453,44.0279,42.9779,43.2546,1658721600,11483000.0,2022-07-25 04:00:00
42.9635,43.8963,42.7848,43.4967,1658808000,11291000.0,2022-07-26 04:00:00
44.9261,45.2796,43.6129,43.6359,1658894400,16886000.0,2022-07-27 04:00:00
46.5861,46.7956,43.5514,44.6139,1658980800,23813000.0,2022-07-28 04:00:00
48.0819,48.6093,45.7763,45.9108,1659067200,24772000.0,2022-07-29 04:00:00
48.3019,48.6093,46.7658,46.9694,1659326400,20002000.0,2022-08-01 04:00:00
48.2874,48.9196,47.0309,47.689,1659412800,14588000.0,2022-08-02 04:00:00
50.4047,50.8015,48.494,48.6419,1659499200,22118000.0,2022-08-03 04:00:00
51.0926,51.1406,50.1281,50.2299,1659585600,16144000.0,2022-08-04 04:00:00
49.9513,50.7371,48.884,50.057,1659672000,10452000.0,2022-08-05 04:00:00
48.9493,50.1992,47.8993,49.3586,1659931200,10173000.0,2022-08-08 04:00:00
45.0933,46.9406,43.9059,46.8849,1660017600,28792000.0,2022-08-09 04:00:00
47.5478,47.6131,45.2009,46.2336,1660104000,19799000.0,2022-08-10 04:00:00
47.7889,49.7371,47.2644,47.6525,1660190400,18041000.0,2022-08-11 04:00:00
49.8187,49.9081,47.982,48.2221,1660276800,12588000.0,2022-08-12 04:00:00
49.6939,50.204,48.9148,49.5968,1660536000,9659000.0,2022-08-15 04:00:00
49.0281,49.9417,48.7438,49.5988,1660622400,12301000.0,2022-08-16 04:00:00
47.7985,48.4335,46.6716,48.2471,1660708800,14021000.0,2022-08-17 04:00:00
48.3355,48.8975,47.2788,47.8177,1660795200,12763000.0,2022-08-18 04:00:00
45.8032,47.4565,45.7427,47.3287,1660881600,20104000.0,2022-08-19 04:00:00
43.9568,45.0327,43.7887,44.7196,1661140800,14652000.0,2022-08-22 04:00:00
44.5716,45.1115,44.0231,44.0423,1661227200,8103000.0,2022-08-23 04:00:00
44.4794,44.6821,43.9059,44.5668,1661313600,6849000.0,2022-08-24 04:00:00
45.9377,45.9636,44.539,44.539,1661400000,9490000.0,2022-08-25 04:00:00
43.5476,45.9684,43.3929,45.9377,1661486400,15863000.0,2022-08-26 04:00:00
42.7051,43.7464,42.6282,43.0624,1661745600,10082000.0,2022-08-29 04:00:00
42.5264,43.3458,41.7723,43.1345,1661832000,14187000.0,2022-08-30 04:00:00
42.0682,42.5792,41.5773,42.4937,1661918400,12324000.0,2022-08-31 04:00:00
41.5042,41.6051,40.192,40.779,1662004800,18830000.0,2022-09-01 04:00:00
41.3284,42.5975,41.0633,41.926,1662091200,13680000.0,2022-09-02 04:00:00
40.997,41.6685,40.5273,41.2487,1662436800,11633000.0,2022-09-06 04:00:00
41.5004,41.974,40.5436,41.2122,1662523200,12013000.0,2022-09-07 04:00:00
42.1882,42.7185,40.7328,40.8606,1662609600,14205000.0,2022-09-08 04:00:00
43.3045,43.5043,42.7886,42.9798,1662696000,12933000.0,2022-09-09 04:00:00
42.9702,43.5639,42.4707,42.9692,1662955200,9988000.0,2022-09-12 04:00:00
40.5501,41.6765,40.3302,41.3718,1663041600,18942000.0,2022-09-13 04:00:00
40.6735,41.1461,39.985,40.8905,1663128000,10615000.0,2022-09-14 04:00:00
39.8712,40.7295,39.3186,40.3746,1663214400,11987000.0,2022-09-15 04:00:00
39.4642,39.9127,38.8837,39.3716,1663300800,18613000.0,2022-09-16 04:00:00
39.4642,39.9127,38.8856,38.8856,1663560000,9364000.0,2022-09-19 04:00:00
38.903,39.0862,38.5211,38.9078,1663646400,8927000.0,2022-09-20 04:00:00
38.4449,40.3476,38.4246,39.0476,1663732800,10621000.0,2022-09-21 04:00:00
37.305,38.2549,37.2076,38.0398,1663819200,15202000.0,2022-09-22 04:00:00
36.7003,37.0215,36.0272,36.8807,1663905600,14622000.0,2022-09-23 04:00:00
35.8208,37.1565,35.79,36.7119,1664164800,11251000.0,2022-09-26 04:00:00
36.3281,36.8054,35.6183,36.6328,1664251200,11831000.0,2022-09-27 04:00:00
36.8054,36.9945,35.8999,36.0118,1664337600,10841000.0,2022-09-28 04:00:00
35.735,36.2056,35.1255,36.1796,1664424000,15439000.0,2022-09-29 04:00:00
35.2962,36.0214,34.5247,34.5488,1664510400,19091000.0,2022-09-30 04:00:00
37.5798,38.2626,35.7514,35.9037,1664769600,25300000.0,2022-10-03 04:00:00
38.6358,39.3948,38.3349,38.8432,1664856000,20566000.0,2022-10-04 04:00:00
38.5664,39.0293,37.1295,37.7978,1664942400,14070000.0,2022-10-05 04:00:00
38.3436,39.2926,38.1131,38.441,1665028800,13586000.0,2022-10-06 04:00:00
36.1487,37.4815,35.8536,37.2896,1665115200,20796000.0,2022-10-07 04:00:00
33.8226,35.7118,32.8293,35.68,1665374400,39506000.0,2022-10-10 04:00:00
31.5399,33.7763,31.0828,33.2999,1665460800,53132000.0,2022-10-11 04:00:00
31.2439,31.9132,31.1648,31.7048,1665547200,36663000.0,2022-10-12 04:00:00
32.8476,33.244,28.8918,29.1695,1665633600,45293000.0,2022-10-13 04:00:00
30.373,32.8843,30.3104,32.8476,1665720000,30398000.0,2022-10-14 04:00:00
30.4184,31.7463,30.157,31.5361,1665979200,51439000.0,2022-10-17 04:00:00
31.0587,32.0019,30.4454,31.5409,1666065600,25077000.0,2022-10-18 04:00:00
31.8321,32.0356,30.7318,31.0925,1666152000,26915000.0,2022-10-19 04:00:00
34.3193,35.3849,32.214,32.8486,1666238400,58751000.0,2022-10-20 04:00:00
35.6135,35.9577,34.2325,34.2325,1666324800,27665000.0,2022-10-21 04:00:00
36.0638,36.3734,35.1544,35.7234,1666584000,20117000.0,2022-10-24 04:00:00
36.6328,37.2741,36.166,36.166,1666670400,17499000.0,2022-10-25 04:00:00
37.1864,37.982,36.0465,36.0918,1666756800,24178000.0,2022-10-26 04:00:00
37.5249,38.3783,36.79,37.5104,1666843200,22885000.0,2022-10-27 04:00:00
39.1142,39.2453,37.5644,37.6599,1666929600,18155000.0,2022-10-28 04:00:00
39.036,39.5877,38.497,39.0447,1667188800,18772000.0,2022-10-31 04:00:00
39.8008,40.2116,39.199,39.8287,1667275200,15682000.0,2022-11-01 04:00:00
38.143,40.6051,38.0707,39.6899,1667361600,21731000.0,2022-11-02 04:00:00
37.9405,38.524,37.1015,37.4853,1667448000,16563000.0,2022-11-03 04:00:00
40.4595,40.5135,38.9849,39.525,1667534400,24227000.0,2022-11-04 04:00:00
41.9475,42.0092,40.4305,40.8414,1667797200,18842000.0,2022-11-07 05:00:00
42.9013,43.2957,41.5444,42.7219,1667883600,22260000.0,2022-11-08 05:00:00
41.7324,42.7412,41.4807,42.0343,1667970000,17040000.0,2022-11-09 05:00:00
46.8118,46.8475,43.883,44.3256,1668056400,37191000.0,2022-11-10 05:00:00
48.2979,48.6576,46.3055,46.4801,1668142800,26080000.0,2022-11-11 05:00:00
46.3576,48.2545,46.2775,47.7993,1668402000,23472000.0,2022-11-14 05:00:00
47.3258,48.4792,46.4974,48.323,1668488400,22206000.0,2022-11-15 05:00:00
43.9158,44.8088,43.6014,44.262,1668574800,30079000.0,2022-11-16 05:00:00
44.4732,44.8098,42.9148,43.0421,1668661200,15369000.0,2022-11-17 05:00:00
44.0431,45.4472,43.2658,45.3942,1668747600,17363000.0,2022-11-18 05:00:00
43.4114,43.7345,42.8579,43.4992,1669006800,9349000.0,2022-11-21 05:00:00
43.9389,44.0132,42.8357,43.6294,1669093200,14115000.0,2022-11-22 05:00:00
44.4963,45.2042,43.9765,44.0807,1669179600,8235000.0,2022-11-23 05:00:00
43.7104,44.2591,43.7104,44.0084,1669352400,3789000.0,2022-11-25 05:00:00
42.7441,43.5262,42.5743,43.0305,1669611600,11824000.0,2022-11-28 05:00:00
42.6303,43.4259,42.4403,43.1115,1669698000,9030000.0,2022-11-29 05:00:00
45.5552,45.5562,42.556,43.1925,1669784400,22328000.0,2022-11-30 05:00:00
44.6641,46.2245,44.0469,46.2245,1669870800,13779000.0,2022-12-01 05:00:00
44.1366,44.3835,43.4355,43.4683,1669957200,11022000.0,2022-12-02 05:00:00
43.6477,44.6207,43.2648,43.9505,1670216400,10886000.0,2022-12-05 05:00:00
42.7306,43.7923,42.3342,43.6737,1670302800,9253000.0,2022-12-06 05:00:00
42.8453,43.667,42.3959,42.5473,1670389200,11129000.0,2022-12-07 05:00:00
43.8791,44.1222,42.8241,43.1915,1670475600,12370000.0,2022-12-08 05:00:00
43.4162,44.1337,42.8588,43.3478,1670562000,9542000.0,2022-12-09 05:00:00
44.776,44.7895,43.2957,44.3642,1670821200,12138000.0,2022-12-12 05:00:00
46.0697,47.4936,45.4986,46.999,1670907600,15369000.0,2022-12-13 05:00:00
45.3244,46.6447,44.9362,45.9642,1670994000,12108000.0,2022-12-14 05:00:00
43.1774,44.5006,42.9809,44.1415,1671080400,15531000.0,2022-12-15 05:00:00
42.9702,43.3642,42.4098,42.8706,1671166800,17715000.0,2022-12-16 05:00:00
42.464,42.8667,41.8261,42.8164,1671426000,10645000.0,2022-12-19 05:00:00
42.3353,42.6963,41.8793,41.9519,1671512400,9097000.0,2022-12-20 05:00:00
43.3526,43.6372,42.5986,42.7186,1671598800,9464000.0,2022-12-21 05:00:00
39.6007,41.9336,38.4343,41.8068,1671685200,31757000.0,2022-12-22 05:00:00
39.8921,39.926,38.7722,39.2629,1671771600,10546000.0,2022-12-23 05:00:00
39.2474,39.8427,39.1797,39.4933,1672117200,11120000.0,2022-12-27 05:00:00
38.9899,39.4691,38.6502,39.0509,1672203600,8731000.0,2022-12-28 05:00:00
40.7139,40.9036,39.503,39.6588,1672290000,12309000.0,2022-12-29 05:00:00
40.6839,40.712,39.7682,39.9366,1672376400,7321000.0,2022-12-30 05:00:00
40.1031,41.6325,39.4226,41.5957,1672722000,13249000.0,2023-01-03 05:00:00
40.893,41.4554,40.3132,40.8136,1672808400,10525000.0,2023-01-04 05:00:00
40.3703,41.0982,39.9386,40.2309,1672894800,9834000.0,2023-01-05 05:00:00
43.1009,43.3013,40.6897,41.5396,1672981200,14810000.0,2023-01-06 05:00:00
43.794,44.8559,43.038,43.6749,1673240400,14079000.0,2023-01-09 05:00:00
44.3922,44.4116,43.2839,43.3729,1673326800,10676000.0,2023-01-10 05:00:00
44.943,44.9575,43.13,43.3361,1673413200,15429000.0,2023-01-11 05:00:00
45.4986,46.03,43.8879,45.4938,1673499600,14299000.0,2023-01-12 05:00:00
45.85,45.9613,44.7494,44.7494,1673586000,12025000.0,2023-01-13 05:00:00
45.5906,45.85,44.8549,45.486,1673931600,9474000.0,2023-01-17 05:00:00
45.1937,46.7986,45.1579,46.1897,1674018000,11939000.0,2023-01-18 05:00:00
43.9353,44.9885,43.9121,44.7494,1674104400,10887000.0,2023-01-19 05:00:00
45.7367,45.7522,44.2189,44.4387,1674190800,12599000.0,2023-01-20 05:00:00
47.5062,48.2864,45.7261,45.9594,1674450000,16545000.0,2023-01-23 05:00:00
47.1887,47.5972,46.8373,46.967,1674536400,9723000.0,2023-01-24 05:00:00
47.2758,47.5652,45.2043,45.7067,1674622800,17697000.0,2023-01-25 05:00:00
48.1809,48.2689,45.8819,46.9225,1674709200,24658000.0,2023-01-26 05:00:00
46.7415,48.1983,46.7115,47.2361,1674795600,17116000.0,2023-01-27 05:00:00
46.3301,46.8296,45.8248,46.1104,1675054800,15608000.0,2023-01-30 05:00:00
48.4083,48.418,46.4627,46.5324,1675141200,18132000.0,2023-01-31 05:00:00
51.3277,51.6927,48.2525,48.2718,1675227600,24886000.0,2023-02-01 05:00:00
52.3712,53.1272,51.2881,52.1776,1675314000,20193000.0,2023-02-02 05:00:00
51.23,52.2657,50.9618,51.2348,1675400400,12684000.0,2023-02-03 05:00:00
50.4266,51.3026,50.1652,50.5185,1675659600,10082000.0,2023-02-06 05:00:00
51.6162,51.9395,50.0287,50.5175,1675746000,12541000.0,2023-02-07 05:00:00
50.1323,51.6201,49.8061,51.2058,1675832400,11435000.0,2023-02-08 05:00:00
49.9009,51.593,49.5951,51.108,1675918800,10732000.0,2023-02-09 05:00:00
48.8826,49.7393,48.2467,49.4595,1676005200,10364000.0,2023-02-10 05:00:00
49.3947,49.4605,48.6222,49.1972,1676264400,8892000.0,2023-02-13 05:00:00
49.9677,50.4198,48.3086,48.6803,1676350800,9487000.0,2023-02-14 05:00:00
50.3627,50.3975,48.781,49.0482,1676437200,8541000.0,2023-02-15 05:00:00
48.5274,49.8303,48.4316,49.1875,1676523600,10906000.0,2023-02-16 05:00:00
47.9786,48.3241,47.1897,48.3241,1676610000,13841000.0,2023-02-17 05:00:00
46.2972,47.6243,46.1781,47.2371,1676955600,12458000.0,2023-02-21 05:00:00
46.1955,46.969,45.9119,46.5692,1677042000,10418000.0,2023-02-22 05:00:00
46.9835,47.7133,45.8287,47.5013,1677128400,12271000.0,2023-02-23 05:00:00
46.3282,46.8334,45.8509,46.1975,1677214800,10353000.0,2023-02-24 05:00:00
46.725,47.5197,46.576,47.4045,1677474000,7905000.0,2023-02-27 05:00:00
47.0445,47.7656,46.3872,46.7105,1677560400,10899000.0,2023-02-28 05:00:00
47.5197,48.1489,47.1616,47.4258,1677646800,8566000.0,2023-03-01 05:00:00
47.4287,47.8266,45.909,46.3659,1677733200,8731000.0,2023-03-02 05:00:00
47.5904,47.7404,46.4695,47.3261,1677819600,16844000.0,2023-03-03 05:00:00
46.968,48.3415,46.7318,47.8914,1678078800,9731000.0,2023-03-06 05:00:00
46.4298,47.36,46.1452,47.118,1678165200,9382000.0,2023-03-07 05:00:00
47.7598,47.9611,46.6292,46.665,1678251600,10541000.0,2023-03-08 05:00:00
47.4578,48.7674,47.2622,47.571,1678338000,13287000.0,2023-03-09 05:00:00
46.3485,48.0173,45.8364,47.8604,1678424400,11804000.0,2023-03-10 05:00:00
46.1723,46.8179,45.2072,45.4047,1678680000,9427000.0,2023-03-13 04:00:00
47.9895,48.5452,47.0811,47.1307,1678766400,13106000.0,2023-03-14 04:00:00
47.3162,47.5047,46.0475,47.2424,1678852800,12145000.0,2023-03-15 04:00:00
50.05,50.1209,46.676,46.917,1678939200,17754000.0,2023-03-16 04:00:00
49.3865,50.5076,48.9444,50.05,1679025600,17026000.0,2023-03-17 04:00:00
49.8654,50.0859,49.1319,49.5944,1679284800,7553000.0,2023-03-20 04:00:00
49.2893,50.6698,48.3897,50.22,1679371200,10286000.0,2023-03-21 04:00:00
49.1863,51.003,49.1407,49.2534,1679457600,12139000.0,2023-03-22 04:00:00
50.8661,51.7375,49.8693,49.9723,1679544000,15379000.0,2023-03-23 04:00:00
48.7744,50.2657,48.4558,50.0315,1679630400,13960000.0,2023-03-24 04:00:00
48.1634,49.5264,48.0575,49.3768,1679889600,11071000.0,2023-03-27 04:00:00
47.1249,48.2391,46.5118,48.1274,1679976000,14636000.0,2023-03-28 04:00:00
50.1044,50.63,47.8224,48.0439,1680062400,20722000.0,2023-03-29 04:00:00
51.6209,51.7569,50.7077,50.868,1680148800,20558000.0,2023-03-30 04:00:00
51.5004,51.789,51.0409,51.2595,1680235200,11637000.0,2023-03-31 04:00:00
50.664,51.1206,49.9946,50.9146,1680494400,11100000.0,2023-04-03 04:00:00
48.9911,50.9166,48.6948,50.8087,1680580800,12698000.0,2023-04-04 04:00:00
47.9409,48.5646,47.2589,48.5646,1680667200,16073000.0,2023-04-05 04:00:00
47.971,48.2236,46.6751,47.2181,1680753600,9652000.0,2023-04-06 04:00:00
49.299,49.6857,47.2201,47.2356,1681099200,13389000.0,2023-04-10 04:00:00
49.3039,49.7168,49.1232,49.5749,1681185600,9080000.0,2023-04-11 04:00:00
48.2897,49.9023,48.1974,49.8703,1681272000,9728000.0,2023-04-12 04:00:00
48.414,48.7764,47.6514,48.5248,1681358400,12971000.0,2023-04-13 04:00:00
48.6559,49.1436,47.8544,48.2916,1681444800,9245000.0,2023-04-14 04:00:00
47.8612,48.0915,46.9335,47.6019,1681704000,12478000.0,2023-04-17 04:00:00
48.1245,48.6171,47.5164,48.0653,1681790400,8993000.0,2023-04-18 04:00:00
47.7019,47.9827,46.8975,47.2123,1681876800,17221000.0,2023-04-19 04:00:00
51.1507,52.1202,49.3622,49.6391,1681963200,40480000.0,2023-04-20 04:00:00
50.2443,50.9379,49.9179,50.9243,1682049600,14387000.0,2023-04-21 04:00:00
49.9713,50.3308,49.1941,50.0675,1682308800,10247000.0,2023-04-24 04:00:00
48.5471,50.1889,48.5218,49.6964,1682395200,13711000.0,2023-04-25 04:00:00
48.3217,49.3233,48.1041,48.89,1682481600,12949000.0,2023-04-26 04:00:00
50.4094,50.4697,47.9351,48.9192,1682568000,19831000.0,2023-04-27 04:00:00
50.9137,50.9515,49.7906,50.4454,1682654400,11458000.0,2023-04-28 04:00:00
50.8894,51.6335,50.6484,50.8933,1682913600,8383000.0,2023-05-01 04:00:00
50.6999,51.1672,49.9606,50.8816,1683000000,9466000.0,2023-05-02 04:00:00
49.9878,51.1973,49.8382,50.7611,1683086400,13628000.0,2023-05-03 04:00:00
49.7634,50.0947,49.2728,50.0374,1683172800,7802000.0,2023-05-04 04:00:00
51.4655,51.5947,50.1792,50.4201,1683259200,14018000.0,2023-05-05 04:00:00
51.1769,51.6364,50.8291,51.4888,1683518400,7957000.0,2023-05-08 04:00:00
50.1063,50.5095,49.7498,50.4765,1683604800,10002000.0,2023-05-09 04:00:00
51.2265,51.6316,50.5221,50.9175,1683691200,10968000.0,2023-05-10 04:00:00
51.244,51.5684,50.5814,51.3372,1683777600,7162000.0,2023-05-11 04:00:00
51.207,51.8288,50.6523,51.4888,1683864000,9168000.0,2023-05-12 04:00:00
53.6523,53.6736,51.4839,51.4888,1684123200,17454000.0,2023-05-15 04:00:00
54.2993,54.8103,53.3628,53.4638,1684209600,17385000.0,2023-05-16 04:00:00
55.774,56.3715,54.4139,54.8414,1684296000,16672000.0,2023-05-17 04:00:00
58.1668,58.3173,55.7633,55.7633,1684382400,19223000.0,2023-05-18 04:00:00
57.2069,57.8705,57.1525,57.8287,1684468800,12253000.0,2023-05-19 04:00:00
56.8387,57.4809,56.5152,56.8125,1684728000,10423000.0,2023-05-22 04:00:00
55.7138,56.489,55.5807,56.3569,1684814400,10667000.0,2023-05-23 04:00:00
54.9735,55.2912,54.3459,54.7471,1684900800,13255000.0,2023-05-24 04:00:00
58.4932,58.9488,56.3394,56.9291,1684987200,20554000.0,2023-05-25 04:00:00
61.0336,61.496,58.2872,58.7749,1685073600,21989000.0,2023-05-26 04:00:00
61.1997,62.622,60.1544,62.1751,1685419200,13656000.0,2023-05-30 04:00:00
59.9116,61.2357,59.6386,60.0757,1685505600,26891000.0,2023-05-31 04:00:00
60.2185,60.7645,58.7429,59.9116,1685592000,14556000.0,2023-06-01 04:00:00
59.6172,60.4255,59.0421,60.2321,1685678400,11814000.0,2023-06-02 04:00:00
58.8342,59.6395,58.5826,59.4132,1685937600,10441000.0,2023-06-05 04:00:00
59.4744,59.8163,57.6849,57.9064,1686024000,11062000.0,2023-06-06 04:00:00
59.3364,60.3516,59.0246,59.5443,1686110400,12027000.0,2023-06-07 04:00:00
59.7017,59.862,58.7263,59.4491,1686196800,9108000.0,2023-06-08 04:00:00
58.9294,60.34,58.8487,60.0631,1686283200,10669000.0,2023-06-09 04:00:00
60.9637,61.0628,58.9935,59.5191,1686542400,15094000.0,2023-06-12 04:00:00
60.9379,61.346,59.9988,60.8852,1686628800,11759000.0,2023-06-13 04:00:00
61.3753,61.4425,59.7211,60.3982,1686715200,11219000.0,2023-06-14 04:00:00
60.4956,60.8979,60.0494,60.1741,1686801600,18624000.0,2023-06-15 04:00:00
59.6822,60.7869,59.46,60.7508,1686888000,26787000.0,2023-06-16 04:00:00
59.8409,60.2696,59.2253,59.5029,1687233600,9811000.0,2023-06-20 04:00:00
59.0149,59.989,58.6749,59.3548,1687320000,8987000.0,2023-06-21 04:00:00
60.3855,60.8346,58.2959,58.557,1687406400,11735000.0,2023-06-22 04:00:00
59.3032,59.5555,58.5833,59.3753,1687492800,10806000.0,2023-06-23 04:00:00
60.4303,61.7045,59.7835,59.8283,1687752000,13440000.0,2023-06-26 04:00:00
63.2388,63.3431,60.594,60.7625,1687838400,13355000.0,2023-06-27 04:00:00
62.5589,63.2885,61.9539,62.3455,1687924800,11806000.0,2023-06-28 04:00:00
62.3816,63.1161,61.9568,63.0888,1688011200,14023000.0,2023-06-29 04:00:00
62.6251,63.2106,62.2403,62.7683,1688097600,10867000.0,2023-06-30 04:00:00
63.4171,63.4191,62.2345,62.6251,1688356800,6219000.0,2023-07-03 04:00:00
61.234,62.9388,61.2262,62.743,1688529600,11052000.0,2023-07-05 04:00:00
60.4956,60.6651,59.5857,60.1488,1688616000,12975000.0,2023-07-06 04:00:00
60.1907,61.31,60.1001,60.5803,1688702400,7288000.0,2023-07-07 04:00:00
61.1424,61.3996,60.1644,60.3982,1688961600,12882000.0,2023-07-10 04:00:00
60.3417,61.386,59.2545,61.2311,1689048000,12028000.0,2023-07-11 04:00:00
60.6514,61.2749,60.1829,61.271,1689134400,13032000.0,2023-07-12 04:00:00
62.1809,62.5491,61.0801,61.0801,1689220800,10887000.0,2023-07-13 04:00:00
62.2062,63.046,61.949,62.553,1689307200,9191000.0,2023-07-14 04:00:00
64.3017,64.6679,61.8594,61.8594,1689566400,13834000.0,2023-07-17 04:00:00
63.8993,64.3913,63.1921,63.7337,1689652800,10231000.0,2023-07-18 04:00:00
62.3572,63.7308,62.1731,63.5593,1689739200,9326000.0,2023-07-19 04:00:00
59.9617,61.3597,59.6783,61.3431,1689825600,16720000.0,2023-07-20 04:00:00
60.7518,61.0752,60.2024,60.3514,1689912000,25742000.0,2023-07-21 04:00:00
62.252,62.5988,61.2749,61.3227,1690171200,11475000.0,2023-07-24 04:00:00
63.344,63.7473,62.1565,62.252,1690257600,9087000.0,2023-07-25 04:00:00
62.5774,63.1589,61.5808,62.5433,1690344000,13614000.0,2023-07-26 04:00:00
68.3814,69.7443,65.5924,65.7561,1690430400,33900000.0,2023-07-27 04:00:00
70.2625,70.5363,68.737,69.1939,1690516800,18500000.0,2023-07-28 04:00:00
69.9927,70.7759,69.528,70.282,1690776000,11332000.0,2023-07-31 04:00:00
69.7404,70.0901,69.0137,69.0536,1690862400,9528000.0,2023-08-01 04:00:00
66.8159,68.8977,66.5938,68.698,1690948800,14973000.0,2023-08-02 04:00:00
67.5446,67.7054,66.0016,66.361,1691035200,12155000.0,2023-08-03 04:00:00
67.2621,68.4477,66.8793,67.5446,1691121600,6652000.0,2023-08-04 04:00:00
68.7136,68.8305,67.3371,67.9966,1691380800,6848000.0,2023-08-07 04:00:00
67.8018,68.0385,66.8939,67.7638,1691467200,8094000.0,2023-08-08 04:00:00
66.8325,68.1866,66.7975,67.8768,1691553600,8139000.0,2023-08-09 04:00:00
66.8656,68.2869,66.3289,67.3761,1691640000,9376000.0,2023-08-10 04:00:00
63.5126,65.5116,63.457,65.3479,1691726400,16035000.0,2023-08-11 04:00:00
64.9962,65.0021,63.0284,63.4181,1691985600,13017000.0,2023-08-14 04:00:00
63.8886,64.8608,63.7736,64.4117,1692072000,6713000.0,2023-08-15 04:00:00
62.9592,64.2822,62.9008,64.2422,1692158400,8088000.0,2023-08-16 04:00:00
63.1804,64.2179,63.0041,63.3382,1692244800,8914000.0,2023-08-17 04:00:00
63.6071,63.9763,62.2949,62.6027,1692331200,9336000.0,2023-08-18 04:00:00
65.195,65.4891,63.683,63.8077,1692590400,9083000.0,2023-08-21 04:00:00
64.9592,66.2967,64.6991,65.9899,1692676800,6273000.0,2023-08-22 04:00:00
66.0571,66.4088,64.7673,64.9222,1692763200,8713000.0,2023-08-23 04:00:00
63.8983,67.3849,63.5993,67.2816,1692849600,11349000.0,2023-08-24 04:00:00
64.3211,64.9144,62.9807,64.174,1692936000,7601000.0,2023-08-25 04:00:00
64.9105,65.7327,64.4555,65.2456,1693195200,6092000.0,2023-08-28 04:00:00
66.6961,67.381,64.4741,64.6046,1693281600,10398000.0,2023-08-29 04:00:00
66.8793,67.1452,65.493,66.6085,1693368000,9026000.0,2023-08-30 04:00:00
68.4253,68.6201,66.3075,66.3075,1693454400,16816000.0,2023-08-31 04:00:00
68.3824,69.3517,68.0064,69.0955,1693540800,6454000.0,2023-09-01 04:00:00
68.2665,68.9192,67.7239,68.021,1693886400,5199000.0,2023-09-05 04:00:00
67.8252,69.0147,66.9972,67.9148,1693972800,9013000.0,2023-09-06 04:00:00
65.9217,66.4,64.7819,66.3406,1694059200,12039000.0,2023-09-07 04:00:00
65.1599,66.288,64.929,65.61,1694145600,9023000.0,2023-09-08 04:00:00
64.6533,65.7921,63.422,65.6216,1694404800,9529000.0,2023-09-11 04:00:00
63.7759,64.9318,63.6967,63.9215,1694491200,8924000.0,2023-09-12 04:00:00
64.3582,65.1829,63.7915,64.2459,1694577600,8777000.0,2023-09-13 04:00:00
64.1403,65.222,63.6098,65.1966,1694664000,10359000.0,2023-09-14 04:00:00
60.8846,63.3098,60.3628,63.217,1694750400,31613000.0,2023-09-15 04:00:00
62.1099,62.192,60.4058,60.656,1695009600,12598000.0,2023-09-18 04:00:00
61.0839,62.2184,60.7498,62.1099,1695096000,10945000.0,2023-09-19 04:00:00
60.4693,61.8256,60.3169,61.3136,1695182400,8468000.0,2023-09-20 04:00:00
59.6417,60.398,59.5049,59.6271,1695268800,11694000.0,2023-09-21 04:00:00
60.4938,61.4543,60.141,60.5778,1695355200,12743000.0,2023-09-22 04:00:00
60.6384,60.8748,59.9583,60.1205,1695614400,7635000.0,2023-09-25 04:00:00
59.2128,60.143,58.9705,59.7932,1695700800,10590000.0,2023-09-26 04:00:00
59.9866,60.3579,58.8835,59.7981,1695787200,11951000.0,2023-09-27 04:00:00
61.3155,61.6096,59.372,59.6984,1695873600,11734000.0,2023-09-28 04:00:00
61.2422,62.277,61.0761,62.193,1695960000,7707000.0,2023-09-29 04:00:00
61.6438,62.6326,60.8758,61.2891,1696219200,9882000.0,2023-10-02 04:00:00
60.396,62.2418,59.887,61.5656,1696305600,10197000.0,2023-10-03 04:00:00
61.7904,61.9487,60.7781,61.0107,1696392000,9588000.0,2023-10-04 04:00:00
61.1504,61.937,60.6091,61.849,1696478400,7537000.0,2023-10-05 04:00:00
61.3732,61.7611,59.5274,60.6462,1696564800,10649000.0,2023-10-06 04:00:00
61.3321,61.6428,60.0687,60.7019,1696824000,6921000.0,2023-10-09 04:00:00
61.9858,62.8232,61.3898,61.8959,1696910400,6741000.0,2023-10-10 04:00:00
62.704,62.8525,61.9438,62.6278,1696996800,6615000.0,2023-10-11 04:00:00
63.9967,64.9777,63.044,63.0577,1697083200,13285000.0,2023-10-12 04:00:00
63.0352,64.9181,62.7304,64.5869,1697169600,12292000.0,2023-10-13 04:00:00
63.5804,64.0622,62.9375,63.299,1697428800,9990000.0,2023-10-16 04:00:00
63.5072,63.8482,61.2119,62.3532,1697515200,10340000.0,2023-10-17 04:00:00
62.7538,63.0382,61.1944,62.3395,1697601600,13346000.0,2023-10-18 04:00:00
58.817,61.8021,58.647,61.2598,1697688000,25078000.0,2023-10-19 04:00:00
58.6607,59.4287,58.4721,58.988,1697774400,13013000.0,2023-10-20 04:00:00
58.5855,59.3388,57.5898,58.265,1698033600,8106000.0,2023-10-23 04:00:00
59.0193,59.7346,58.5229,59.1366,1698120000,9659000.0,2023-10-24 04:00:00
56.9986,58.4838,56.7768,58.3031,1698206400,11332000.0,2023-10-25 04:00:00
57.1735,59.074,57.0162,57.5615,1698292800,11976000.0,2023-10-26 04:00:00
57.0651,57.9963,56.7485,57.0924,1698379200,9497000.0,2023-10-27 04:00:00
57.0143,57.9787,56.3977,56.9078,1698638400,8657000.0,2023-10-30 04:00:00
57.4755,57.7256,56.1271,57.2908,1698724800,8179000.0,2023-10-31 04:00:00
59.2773,59.373,57.5292,57.9298,1698811200,10439000.0,2023-11-01 04:00:00
60.9012,61.6956,60.4048,60.825,1698897600,13560000.0,2023-11-02 04:00:00
61.9565,62.4773,61.254,61.4797,1698984000,9832000.0,2023-11-03 04:00:00
62.4421,62.4939,61.3741,61.9565,1699246800,6929000.0,2023-11-06 05:00:00
62.6581,63.2277,62.2115,62.535,1699333200,8192000.0,2023-11-07 05:00:00
63.2756,63.4261,62.6405,62.9844,1699419600,7304000.0,2023-11-08 05:00:00
63.5375,65.3197,63.3665,63.512,1699506000,12196000.0,2023-11-09 05:00:00
66.974,67.2124,64.1325,64.5947,1699592400,13734000.0,2023-11-10 05:00:00
65.8014,66.4444,65.52,66.4434,1699851600,8158000.0,2023-11-13 05:00:00
67.9012,68.0243,66.8254,67.5182,1699938000,9555000.0,2023-11-14 05:00:00
68.1924,68.3546,67.57,68.2217,1700024400,6295000.0,2023-11-15 05:00:00
68.4406,69.0171,67.9911,68.2999,1700110800,10047000.0,2023-11-16 05:00:00
68.4308,68.55,67.2251,67.5729,1700197200,10265000.0,2023-11-17 05:00:00
70.2688,70.4495,68.1367,68.1367,1700456400,10264000.0,2023-11-20 05:00:00
69.1177,69.9639,68.7376,69.9639,1700542800,8709000.0,2023-11-21 05:00:00
70.1036,71.156,69.7069,69.8633,1700629200,7819000.0,2023-11-22 05:00:00
70.1075,70.5599,69.8633,70.0079,1700802000,3006000.0,2023-11-24 05:00:00
70.5912,71.4257,69.4412,69.8633,1701061200,6819000.0,2023-11-27 05:00:00
69.4128,70.1007,68.8363,69.6024,1701147600,9053000.0,2023-11-28 05:00:00
69.7646,70.8863,69.6727,70.3518,1701234000,8125000.0,2023-11-29 05:00:00
69.9532,70.2346,69.02,70.2346,1701320400,12922000.0,2023-11-30 05:00:00
70.5551,70.6049,69.191,69.5779,1701406800,6919000.0,2023-12-01 05:00:00
69.3806,70.0147,68.5979,69.9219,1701666000,9036000.0,2023-12-04 05:00:00
68.1181,68.3927,67.1449,68.04,1701752400,12201000.0,2023-12-05 05:00:00
67.8963,69.3727,67.7595,69.276,1701838800,6348000.0,2023-12-06 05:00:00
69.1822,69.406,68.125,68.7064,1701925200,9009000.0,2023-12-07 05:00:00
68.7073,69.489,68.3018,68.3448,1702011600,7944000.0,2023-12-08 05:00:00
71.8751,72.1096,69.2184,69.3982,1702270800,15849000.0,2023-12-11 05:00:00
71.6449,72.3856,71.2402,71.8173,1702357200,12019000.0,2023-12-12 05:00:00
71.979,72.561,70.6896,71.8124,1702443600,8889000.0,2023-12-13 05:00:00
75.1691,75.5679,72.3836,72.5384,1702530000,17234000.0,2023-12-14 05:00:00
75.7854,76.3909,75.2044,75.3768,1702616400,17817000.0,2023-12-15 05:00:00
75.4346,76.3243,74.2188,75.9912,1702875600,8841000.0,2023-12-18 05:00:00
76.5212,76.6025,75.318,75.66,1702962000,8906000.0,2023-12-19 05:00:00
73.966,76.4713,73.916,75.6433,1703048400,11409000.0,2023-12-20 05:00:00
76.1205,76.3488,74.8056,76.2753,1703134800,9349000.0,2023-12-21 05:00:00
76.4213,76.824,75.7972,76.1205,1703221200,5251000.0,2023-12-22 05:00:00
77.9615,78.3691,76.7201,76.7201,1703566800,6941000.0,2023-12-26 05:00:00
77.885,78.5082,77.4314,78.2838,1703653200,7623000.0,2023-12-27 05:00:00
77.3697,78.2564,77.305,78.1662,1703739600,6007000.0,2023-12-28 05:00:00
76.7417,77.4108,76.2263,77.1581,1703826000,5191000.0,2023-12-29 05:00:00
73.4143,75.3817,72.706,75.32,1704171600,11136000.0,2024-01-02 05:00:00
72.2024,72.7971,71.4901,71.7193,1704258000,9224000.0,2024-01-03 05:00:00
71.6292,72.9842,70.862,71.1099,1704344400,10330000.0,2024-01-04 05:00:00
71.7585,72.7236,71.3862,71.9711,1704430800,8219000.0,2024-01-05 05:00:00
74.1845,74.2374,72.1446,72.1446,1704690000,10889000.0,2024-01-08 05:00:00
73.6808,74.1531,72.9587,73.1234,1704776400,5904000.0,2024-01-09 05:00:00
73.4526,73.9571,72.1612,73.8533,1704862800,8376000.0,2024-01-10 05:00:00
74.4823,74.5969,72.7158,73.4447,1704949200,7742000.0,2024-01-11 05:00:00
74.4304,74.7909,73.9591,74.5342,1705035600,4972000.0,2024-01-12 05:00:00
74.5744,75.3347,73.289,73.9033,1705381200,6847000.0,2024-01-16 05:00:00
73.7671,73.9042,72.7001,73.7602,1705467600,9631000.0,2024-01-17 05:00:00
76.9758,77.2443,75.6169,76.0205,1705554000,14863000.0,2024-01-18 05:00:00
80.9606,81.18,77.8645,78.2525,1705640400,18628000.0,2024-01-19 05:00:00
81.668,82.9485,81.0928,81.2359,1705899600,13652000.0,2024-01-22 05:00:00
81.3593,81.5151,80.4854,81.2829,1705986000,8243000.0,2024-01-23 05:00:00
83.1004,84.1272,82.15,83.2807,1706072400,19276000.0,2024-01-24 05:00:00
84.8091,88.1883,84.7209,85.926,1706158800,31073000.0,2024-01-25 05:00:00
82.2068,84.2604,81.9707,83.5746,1706245200,16751000.0,2024-01-26 05:00:00
82.8692,82.974,81.713,81.8796,1706504400,9904000.0,2024-01-29 05:00:00
81.8884,83.2797,81.5141,82.4077,1706590800,10696000.0,2024-01-30 05:00:00
80.8479,82.0863,79.9171,80.5373,1706677200,9969000.0,2024-01-31 05:00:00
81.5377,81.9158,80.7372,81.5024,1706763600,7633000.0,2024-02-01 05:00:00
82.1735,82.926,81.0556,81.0556,1706850000,7629000.0,2024-02-02 05:00:00
83.41,83.9988,81.5651,82.1823,1707109200,8651000.0,2024-02-05 05:00:00
81.7738,84.0057,80.7137,83.5648,1707195600,10546000.0,2024-02-06 05:00:00
83.1376,84.0635,81.6366,82.0775,1707282000,8570000.0,2024-02-07 05:00:00
84.6876,85.2,82.9025,83.4766,1707368400,8627000.0,2024-02-08 05:00:00
89.3141,89.5336,85.7164,86.22,1707454800,18363000.0,2024-02-09 05:00:00
88.9633,90.5525,88.5724,88.7184,1707714000,12542000.0,2024-02-12 05:00:00
87.4535,88.2893,85.4332,85.7595,1707800400,12595000.0,2024-02-13 05:00:00
89.7178,91.0179,88.932,89.0251,1707886800,11849000.0,2024-02-14 05:00:00
89.5296,90.29,88.8213,89.9186,1707973200,8529000.0,2024-02-15 05:00:00
90.7299,93.6653,90.4751,92.1388,1708059600,13280000.0,2024-02-16 05:00:00
88.2226,90.6691,87.2987,90.0333,1708405200,10890000.0,2024-02-20 05:00:00
88.3686,88.397,86.8813,87.6916,1708491600,7123000.0,2024-02-21 05:00:00
92.5258,93.0127,90.6554,91.1188,1708578000,12639000.0,2024-02-22 05:00:00
90.9719,93.0833,90.7455,92.7982,1708664400,6868000.0,2024-02-23 05:00:00
91.9771,92.7796,91.4147,91.7655,1708923600,6091000.0,2024-02-26 05:00:00
91.1904,92.4935,90.9454,92.1358,1709010000,6303000.0,2024-02-27 05:00:00
90.4007,90.5408,89.4385,89.8687,1709096400,6150000.0,2024-02-28 05:00:00
91.9271,92.2769,90.7485,91.7527,1709182800,13084000.0,2024-02-29 05:00:00
96.1676,96.2577,92.4562,92.5885,1709269200,11111000.0,2024-03-01 05:00:00
95.7747,97.3757,95.3789,97.1121,1709528400,9016000.0,2024-03-04 05:00:00
94.3619,95.9197,93.2645,95.0369,1709614800,13083000.0,2024-03-05 05:00:00
96.1999,96.9828,95.2584,95.6924,1709701200,14329000.0,2024-03-06 05:00:00
97.4452,98.7013,96.7868,96.9005,1709787600,10974000.0,2024-03-07 05:00:00
93.7299,97.5667,93.6398,97.264,1709874000,13313000.0,2024-03-08 05:00:00
91.2364,92.4758,90.1998,92.4033,1710129600,13267000.0,2024-03-11 04:00:00
93.3602,93.3651,91.1196,91.6557,1710216000,13512000.0,2024-03-12 04:00:00
90.9919,92.3656,90.4224,92.0033,1710302400,10080000.0,2024-03-13 04:00:00
90.8908,92.0857,89.9698,91.7028,1710388800,9964000.0,2024-03-14 04:00:00
89.36,90.3537,88.9192,89.2412,1710475200,19745000.0,2024-03-15 04:00:00
90.8515,91.801,90.3301,90.5697,1710734400,7510000.0,2024-03-18 04:00:00
91.4181,91.5978,89.2638,89.743,1710820800,7029000.0,2024-03-19 04:00:00
93.1884,93.2709,90.6659,90.9222,1710907200,8493000.0,2024-03-20 04:00:00
96.4767,98.6103,95.8316,96.5288,1710993600,14078000.0,2024-03-21 04:00:00
96.0182,97.2573,95.8336,96.6908,1711080000,6901000.0,2024-03-22 04:00:00
95.3858,96.4718,94.4845,94.4845,1711339200,7405000.0,2024-03-25 04:00:00
94.9705,97.1513,94.9371,96.2735,1711425600,8589000.0,2024-03-26 04:00:00
94.8173,95.7806,93.75,95.5194,1711512000,5896000.0,2024-03-27 04:00:00
95.3966,95.6254,94.4207,94.8458,1711598400,6639000.0,2024-03-28 04:00:00
96.4001,97.6893,95.3407,95.4418,1711944000,6514000.0,2024-04-01 04:00:00
94.9803,95.5272,93.966,94.9479,1712030400,9071000.0,2024-04-02 04:00:00
96.0643,97.0226,94.2636,94.4423,1712116800,7302000.0,2024-04-03 04:00:00
93.4388,98.3688,92.6896,97.4606,1712203200,9919000.0,2024-04-04 04:00:00
95.1031,96.0015,94.3097,94.8399,1712289600,8048000.0,2024-04-05 04:00:00
94.9735,95.9436,94.3539,95.649,1712548800,5609000.0,2024-04-08 04:00:00
95.5704,96.4188,94.0662,96.2548,1712635200,5207000.0,2024-04-09 04:00:00
94.4216,95.7334,93.7549,94.1605,1712721600,5976000.0,2024-04-10 04:00:00
96.5661,96.734,94.3274,94.6563,1712808000,7055000.0,2024-04-11 04:00:00
93.97,95.1688,93.4751,94.5581,1712894400,9893000.0,2024-04-12 04:00:00
92.9027,96.3451,92.0504,95.8198,1713153600,7691000.0,2024-04-15 04:00:00
94.5778,94.8802,92.9626,93.1648,1713240000,5448000.0,2024-04-16 04:00:00
89.5731,93.5232,89.3767,93.2787,1713326400,16686000.0,2024-04-17 04:00:00
87.2814,89.2854,86.8366,89.2756,1713412800,23074000.0,2024-04-18 04:00:00
85.4482,88.3379,84.6333,87.8725,1713499200,13545000.0,2024-04-19 04:00:00
85.2342,86.2818,84.2435,86.0521,1713758400,18563000.0,2024-04-22 04:00:00
87.1341,87.8096,85.2371,86.2092,1713844800,9823000.0,2024-04-23 04:00:00
86.8857,89.9266,86.6284,89.09,1713931200,19491000.0,2024-04-24 04:00:00
88.5137,89.5937,87.0506,89.2854,1714017600,13093000.0,2024-04-25 04:00:00
90.8604,91.3179,88.1602,88.2122,1714104000,13971000.0,2024-04-26 04:00:00
91.1981,91.3425,89.852,90.4843,1714363200,9025000.0,2024-04-29 04:00:00
87.8204,91.7598,87.7733,90.7121,1714449600,9737000.0,2024-04-30 04:00:00
85.2371,88.3595,84.8296,86.708,1714536000,11878000.0,2024-05-01 04:00:00
86.7669,86.9142,84.647,86.5077,1714622400,7245000.0,2024-05-02 04:00:00
89.2069,89.6084,87.9324,88.2122,1714708800,8752000.0,2024-05-03 04:00:00
90.7789,90.8731,89.4072,89.8696,1714968000,7545000.0,2024-05-06 04:00:00
89.8333,91.315,89.6791,91.0803,1715054400,6746000.0,2024-05-07 04:00:00
89.6733,89.7439,88.2711,88.6806,1715140800,5539000.0,2024-05-08 04:00:00
89.1096,90.0405,88.4636,90.0405,1715227200,5767000.0,2024-05-09 04:00:00
89.8834,91.4328,89.5711,90.1622,1715313600,5100000.0,2024-05-10 04:00:00
88.7415,90.3979,88.6099,90.3979,1715572800,7394000.0,2024-05-13 04:00:00
89.6006,89.7371,88.0276,88.2711,1715659200,5751000.0,2024-05-14 04:00:00
93.0578,93.1256,90.0503,90.7651,1715745600,7133000.0,2024-05-15 04:00:00
92.5816,93.7765,92.5423,93.2836,1715832000,8124000.0,2024-05-16 04:00:00
89.5544,93.7549,88.9408,93.5173,1715918400,9106000.0,2024-05-17 04:00:00
92.4971,93.2787,89.6978,89.7822,1716177600,6650000.0,2024-05-20 04:00:00
94.6534,95.6087,92.4765,95.4055,1716264000,14234000.0,2024-05-21 04:00:00
94.8271,95.5253,93.2149,95.3633,1716350400,8938000.0,2024-05-22 04:00:00
94.077,97.4674,93.5193,97.326,1716436800,10576000.0,2024-05-23 04:00:00
95.2985,96.4738,94.3676,94.6612,1716523200,7196000.0,2024-05-24 04:00:00
95.3662,95.8041,94.1222,95.7334,1716868800,9942000.0,2024-05-28 04:00:00
93.5969,94.3431,93.4771,94.0181,1716955200,8802000.0,2024-05-29 04:00:00
93.3475,94.3765,92.4412,93.4751,1717041600,10577000.0,2024-05-30 04:00:00
91.5545,93.2512,88.6786,93.154,1717128000,15598000.0,2024-05-31 04:00:00
91.8678,93.5134,89.4769,92.9812,1717387200,6806000.0,2024-06-03 04:00:00
90.6011,91.9993,89.3767,91.5133,1717473600,6672000.0,2024-06-04 04:00:00
95.4114,95.4938,93.0048,93.1648,1717560000,11660000.0,2024-06-05 04:00:00
94.4756,95.6637,93.697,94.459,1717646400,8045000.0,2024-06-06 04:00:00
94.5277,95.4644,93.8148,95.4644,1717732800,5813000.0,2024-06-07 04:00:00
98.4896,99.0227,93.7716,93.7942,1717992000,10591000.0,2024-06-10 04:00:00
98.1636,98.2863,96.1802,98.0939,1718078400,7123000.0,2024-06-11 04:00:00
101.8829,102.204,98.7733,99.3035,1718164800,15063000.0,2024-06-12 04:00:00
101.9684,102.587,100.3424,100.8559,1718251200,9582000.0,2024-06-13 04:00:00
101.7209,102.3189,100.4514,100.6428,1718337600,6205000.0,2024-06-14 04:00:00
105.2282,105.3942,101.1338,101.1338,1718596800,10497000.0,2024-06-17 04:00:00
107.1839,108.3869,105.1249,105.3571,1718683200,11927000.0,2024-06-18 04:00:00
104.4029,107.5587,103.3119,107.414,1718856000,14615000.0,2024-06-20 04:00:00
103.3247,104.7236,102.1797,104.2711,1718942400,16514000.0,2024-06-21 04:00:00
100.7739,103.9828,100.5428,103.0857,1719201600,10415000.0,2024-06-24 04:00:00
103.5756,103.735,99.5965,100.8054,1719288000,8646000.0,2024-06-25 04:00:00
103.8569,105.1712,102.5299,103.6445,1719374400,8787000.0,2024-06-26 04:00:00
103.8638,106.7097,103.0985,105.8726,1719460800,9148000.0,2024-06-27 04:00:00
104.7511,106.9025,103.5825,104.7708,1719547200,12237000.0,2024-06-28 04:00:00
104.336,105.4466,102.3558,104.4963,1719806400,6145000.0,2024-07-01 04:00:00
105.5351,105.5942,102.9499,103.1841,1719892800,5504000.0,2024-07-02 04:00:00
106.511,107.3422,104.3635,105.2577,1719979200,4308000.0,2024-07-03 04:00:00
107.0088,107.6649,105.7575,107.2606,1720152000,5599000.0,2024-07-05 04:00:00
108.3673,108.7853,106.7569,107.0668,1720411200,7275000.0,2024-07-08 04:00:00
109.4435,110.0465,108.2325,108.809,1720497600,6242000.0,2024-07-09 04:00:00
110.8944,111.1109,108.8729,109.7897,1720584000,7749000.0,2024-07-10 04:00:00
104.2681,111.16,104.2239,111.1374,1720670400,13516000.0,2024-07-11 04:00:00
105.24,107.5596,103.5382,103.9779,1720756800,9459000.0,2024-07-12 04:00:00
105.1702,106.4293,104.5288,105.24,1721016000,7911000.0,2024-07-15 04:00:00
105.847,106.4716,104.5514,105.8106,1721102400,6284000.0,2024-07-16 04:00:00
95.1923,100.2555,95.1441,100.2555,1721188800,21142000.0,2024-07-17 04:00:00
93.7089,96.8155,92.013,96.8155,1721275200,16199000.0,2024-07-18 04:00:00
90.2177,95.1255,90.0593,94.3916,1721361600,14103000.0,2024-07-19 04:00:00
96.1151,96.5253,91.5624,92.6662,1721620800,13319000.0,2024-07-22 04:00:00
94.4063,96.1367,94.0443,94.8067,1721707200,6710000.0,2024-07-23 04:00:00
89.5055,93.6735,89.3992,93.4531,1721793600,13159000.0,2024-07-24 04:00:00
86.9724,90.2718,86.7599,89.6088,1721880000,19318000.0,2024-07-25 04:00:00
88.0073,89.3864,87.4564,89.3314,1721966400,11679000.0,2024-07-26 04:00:00
87.781,91.6165,87.6285,89.4386,1722225600,8251000.0,2024-07-29 04:00:00
84.094,89.0333,83.9612,88.5345,1722312000,13399000.0,2024-07-30 04:00:00
90.624,90.9683,86.6163,87.8951,1722398400,19419000.0,2024-07-31 04:00:00
81.681,86.5523,79.9319,84.0832,1722484800,28880000.0,2024-08-01 04:00:00
75.0576,79.2315,74.5658,78.6974,1722571200,27073000.0,2024-08-02 04:00:00
75.7846,78.0924,70.8276,72.862,1722830400,23639000.0,2024-08-05 04:00:00
75.7629,78.2035,75.339,76.242,1722916800,12832000.0,2024-08-06 04:00:00
73.587,79.0181,73.1256,78.4996,1723003200,12823000.0,2024-08-07 04:00:00
78.6118,78.8134,74.7625,76.7496,1723089600,14911000.0,2024-08-08 04:00:00
79.4745,80.3048,77.8671,79.4843,1723176000,12528000.0,2024-08-09 04:00:00
79.7686,80.9117,78.5223,79.4293,1723435200,7256000.0,2024-08-12 04:00:00
82.707,82.8526,79.9506,80.1729,1723521600,15018000.0,2024-08-13 04:00:00
83.1566,84.2741,81.378,83.494,1723608000,8602000.0,2024-08-14 04:00:00
87.5607,88.0525,84.4688,85.0591,1723694400,12064000.0,2024-08-15 04:00:00
85.6955,86.7058,84.5997,85.7349,1723780800,11232000.0,2024-08-16 04:00:00
86.693,86.7599,83.429,85.0915,1724040000,10306000.0,2024-08-19 04:00:00
84.881,86.7688,84.2318,86.6311,1724126400,9951000.0,2024-08-20 04:00:00
85.911,86.271,84.643,85.5342,1724212800,8452000.0,2024-08-21 04:00:00
82.2112,86.272,81.6485,86.0743,1724299200,13665000.0,2024-08-22 04:00:00
83.3572,84.8033,82.1689,83.7143,1724385600,10671000.0,2024-08-23 04:00:00
80.5576,82.9667,80.1769,82.7306,1724644800,11154000.0,2024-08-26 04:00:00
80.7081,81.5354,78.6384,79.747,1724731200,8911000.0,2024-08-27 04:00:00
79.2001,80.8173,78.6413,80.6579,1724817600,11739000.0,2024-08-28 04:00:00
78.4337,81.3495,78.0816,80.5074,1724904000,12437000.0,2024-08-29 04:00:00
80.7642,81.0357,78.9964,81.018,1724990400,12427000.0,2024-08-30 04:00:00
75.3252,79.3515,74.911,79.2443,1725336000,16690000.0,2024-09-03 04:00:00
75.1993,76.0236,73.0676,74.0277,1725422400,9434000.0,2024-09-04 04:00:00
74.3612,75.6479,73.5506,73.8034,1725508800,8197000.0,2024-09-05 04:00:00
72.1881,74.4074,71.8291,74.0267,1725595200,15530000.0,2024-09-06 04:00:00
72.2353,73.2043,71.1228,73.0794,1725854400,11506000.0,2024-09-09 04:00:00
71.9648,72.8197,70.4951,72.6514,1725940800,13518000.0,2024-09-10 04:00:00
75.4363,75.6577,71.0647,72.0081,1726027200,22202000.0,2024-09-11 04:00:00
73.5604,75.3035,73.1384,75.2878,1726113600,15067000.0,2024-09-12 04:00:00
75.7187,75.9971,74.1723,74.3484,1726200000,8713000.0,2024-09-13 04:00:00
74.612,74.8264,73.2869,73.9224,1726459200,12521000.0,2024-09-16 04:00:00
75.5859,76.5686,74.6939,76.2292,1726545600,11458000.0,2024-09-17 04:00:00
74.5824,76.9633,74.2667,76.9337,1726632000,11523000.0,2024-09-18 04:00:00
77.8583,79.0009,77.2702,78.5223,1726718400,15943000.0,2024-09-19 04:00:00
76.2914,76.9633,75.1379,76.5933,1726804800,29262000.0,2024-09-20 04:00:00
77.3659,77.5425,76.2924,76.6683,1727064000,7389000.0,2024-09-23 04:00:00
78.0546,78.7384,77.1015,78.5421,1727150400,9895000.0,2024-09-24 04:00:00
79.3068,80.2017,77.7793,77.8514,1727236800,11680000.0,2024-09-25 04:00:00
83.6236,85.1718,81.4035,85.1116,1727323200,20680000.0,2024-09-26 04:00:00
81.6127,84.2462,80.9871,84.2462,1727409600,13895000.0,2024-09-27 04:00:00
80.5234,81.9946,79.3452,81.067,1727668800,10983000.0,2024-09-30 04:00:00
78.6782,81.0927,77.6412,80.6645,1727755200,14368000.0,2024-10-01 04:00:00
80.327,81.9334,78.9338,79.3314,1727841600,14324000.0,2024-10-02 04:00:00
80.032,81.0286,78.8183,78.8677,1727928000,6725800.0,2024-10-03 04:00:00
80.4563,81.9857,79.4202,81.8673,1728014400,7574100.0,2024-10-04 04:00:00
79.5386,80.3379,78.9959,79.509,1728273600,7542700.0,2024-10-07 04:00:00
79.9333,80.5254,78.7394,79.6274,1728360000,6913500.0,2024-10-08 04:00:00
81.7587,82.3508,79.6472,79.6866,1728446400,9078600.0,2024-10-09 04:00:00
80.9694,81.8475,79.9432,80.4563,1728532800,7159500.0,2024-10-10 04:00:00
81.7883,82.627,80.1997,80.4069,1728619200,6530300.0,2024-10-11 04:00:00
84.561,85.153,82.6468,82.6566,1728878400,8155000.0,2024-10-14 04:00:00
75.3451,85.4096,74.9011,84.6597,1728964800,25611300.0,2024-10-15 04:00:00
73.1546,76.47,72.8882,76.1246,1729051200,20469200.0,2024-10-16 04:00:00
72.1679,75.5819,72.0594,75.4438,1729137600,20940600.0,2024-10-17 04:00:00
71.8719,73.2434,71.4871,73.2434,1729224000,18493400.0,2024-10-18 04:00:00
71.8719,72.1284,71.122,71.6548,1729483200,12374900.0,2024-10-21 04:00:00
72.0298,72.4343,70.4807,71.7042,1729569600,13307000.0,2024-10-22 04:00:00
71.8916,72.4935,70.6089,71.4082,1729656000,20569100.0,2024-10-23 04:00:00
75.5523,76.4502,73.4605,75.1675,1729742400,23196200.0,2024-10-24 04:00:00
76.6476,78.542,76.0555,76.4404,1729828800,14591100.0,2024-10-25 04:00:00
74.4472,76.9929,74.1808,76.1444,1730088000,10175800.0,2024-10-28 04:00:00
77.2692,77.6935,74.4374,74.8419,1730174400,12540800.0,2024-10-29 04:00:00
75.4339,76.174,74.8419,75.8385,1730260800,11076800.0,2024-10-30 04:00:00
73.3618,75.0886,72.4738,75.0886,1730347200,13044900.0,2024-10-31 04:00:00
73.8059,74.4669,73.0757,73.3717,1730433600,10317500.0,2024-11-01 04:00:00
73.1842,73.9835,72.7797,73.4408,1730696400,7773000.0,2024-11-04 05:00:00
75.3846,75.7694,73.5296,73.5296,1730782800,8004900.0,2024-11-05 05:00:00
75.7595,77.0521,74.2301,76.6476,1730869200,15034800.0,2024-11-06 05:00:00
78.1572,78.4138,76.322,77.0225,1730955600,11523600.0,2024-11-07 05:00:00
77.1607,78.3053,76.4404,77.7823,1731042000,7527100.0,2024-11-08 05:00:00
75.1576,76.8548,73.8552,76.4009,1731301200,10306200.0,2024-11-11 05:00:00
74.6939,75.651,73.6677,75.4043,1731387600,9672300.0,2024-11-12 05:00:00
72.8685,74.0723,72.533,73.5098,1731474000,11618100.0,2024-11-13 05:00:00
73.796,74.6347,73.5098,74.4472,1731560400,9993900.0,2024-11-14 05:00:00
69.119,71.7436,69.0598,70.6977,1731646800,14577400.0,2024-11-15 05:00:00
69.6321,69.859,68.7144,68.9611,1731906000,11514900.0,2024-11-18 05:00:00
69.2374,69.5827,68.6355,69.119,1731992400,7445900.0,2024-11-19 05:00:00
69.119,69.2867,67.9547,69.0795,1732078800,8816900.0,2024-11-20 05:00:00
72.1581,72.4738,69.8886,70.2438,1732165200,14509000.0,2024-11-21 05:00:00
71.6746,72.2962,70.6484,71.645,1732251600,8666500.0,2024-11-22 05:00:00
72.7303,73.0461,70.6879,73.0264,1732510800,16714200.0,2024-11-25 05:00:00
71.7239,73.4802,71.0431,73.125,1732597200,7385200.0,2024-11-26 05:00:00
70.6188,71.9015,69.4841,71.7634,1732683600,7846700.0,2024-11-27 05:00:00
72.8981,74.763,72.681,72.8685,1732856400,10736500.0,2024-11-29 05:00:00
77.4665,77.8119,72.8783,72.8981,1733115600,20059300.0,2024-12-02 05:00:00
77.2988,77.654,76.0161,76.6673,1733202000,9884600.0,2024-12-03 05:00:00
77.2199,78.769,76.5785,78.4829,1733288400,9380400.0,2024-12-04 05:00:00
74.2104,76.8449,73.6578,76.8449,1733374800,12921600.0,2024-12-05 05:00:00
75.5721,75.6707,73.6973,74.1413,1733461200,8330000.0,2024-12-06 05:00:00
76.4206,77.21,74.6643,75.4537,1733720400,10742200.0,2024-12-09 05:00:00
74.1315,77.21,73.4309,77.1015,1733806800,10620100.0,2024-12-10 05:00:00
77.4273,77.9123,74.656,75.5369,1733893200,14116900.0,2024-12-11 05:00:00
74.8045,76.5662,74.181,76.4574,1733979600,8641500.0,2024-12-12 05:00:00
75.4775,76.5266,74.6659,75.5963,1734066000,10818700.0,2024-12-13 05:00:00
77.0314,77.3283,74.5472,75.4874,1734325200,12749600.0,2024-12-16 05:00:00
77.0116,77.9321,76.6256,77.0908,1734411600,14167900.0,2024-12-17 05:00:00
74.4284,78.4962,73.8543,77.2393,1734498000,15804700.0,2024-12-18 05:00:00
70.4793,72.1619,69.4401,72.0035,1734584400,17426400.0,2024-12-19 05:00:00
71.0534,72.7162,69.5787,69.8162,1734670800,29404500.0,2024-12-20 05:00:00
73.0428,73.2308,71.2612,71.6076,1734930000,10406700.0,2024-12-23 05:00:00
73.0725,73.409,72.4786,73.31,1735016400,5611700.0,2024-12-24 05:00:00
73.2308,73.795,72.251,72.4984,1735189200,6297400.0,2024-12-26 05:00:00
72.6469,73.0032,71.8947,72.5479,1735275600,5444100.0,2024-12-27 05:00:00
71.4097,71.8452,70.5387,71.2612,1735534800,10381700.0,2024-12-30 05:00:00
71.4889,72.053,70.8059,71.6571,1735621200,7195200.0,2024-12-31 05:00:00
71.6967,73.1615,71.0039,71.9639,1735794000,8075100.0,2025-01-02 05:00:00
74.3393,74.5076,72.2213,72.4291,1735880400,8980100.0,2025-01-03 05:00:00
77.1799,79.3276,76.2099,76.3881,1736139600,15164600.0,2025-01-06 05:00:00
76.7246,79.3177,76.101,78.0508,1736226000,10896600.0,2025-01-07 05:00:00
76.2495,76.9522,75.4577,76.6256,1736312400,8690800.0,2025-01-08 05:00:00
73.884,75.4478,73.5574,75.24,1736485200,11957600.0,2025-01-10 05:00:00
73.6861,73.8148,71.8155,72.4192,1736744400,8321800.0,2025-01-13 05:00:00
74.2898,74.3591,72.8349,74.27,1736830800,9033100.0,2025-01-14 05:00:00
75.3686,76.4771,74.6758,75.0816,1736917200,11085800.0,2025-01-15 05:00:00
78.4071,81.9801,77.5065,78.0805,1737003600,19156600.0,2025-01-16 05:00:00
79.4761,80.9706,78.7832,80.5747,1737090000,10351000.0,2025-01-17 05:00:00
80.6637,81.5842,79.1,79.9907,1737435600,10978300.0,2025-01-21 05:00:00
82.3958,84.3159,81.5743,81.5842,1737522000,14716600.0,2025-01-22 05:00:00
80.3965,80.5549,78.6348,79.9215,1737608400,11383300.0,2025-01-23 05:00:00
78.8624,80.8617,78.1696,80.8617,1737694800,9091900.0,2025-01-24 05:00:00
74.854,76.0417,72.6568,76.0021,1737954000,19881300.0,2025-01-27 05:00:00
73.7455,74.8936,72.8448,74.3393,1738040400,13597700.0,2025-01-28 05:00:00
74.3789,76.6949,73.7059,76.6553,1738126800,14558900.0,2025-01-29 05:00:00
79.9017,81.2477,76.7939,78.9317,1738213200,24878500.0,2025-01-30 05:00:00
80.2184,83.3558,80.0204,80.258,1738299600,18832500.0,2025-01-31 05:00:00
79.3672,80.7231,77.6945,78.1597,1738558800,14537700.0,2025-02-03 05:00:00
79.0901,79.7532,78.1597,78.1894,1738645200,9538800.0,2025-02-04 05:00:00
81.0992,81.2675,77.8133,78.2884,1738731600,10738000.0,2025-02-05 05:00:00
81.9801,82.2077,80.0996,80.3173,1738818000,9903200.0,2025-02-06 05:00:00
81.4852,82.6531,80.9508,82.3364,1738904400,9833600.0,2025-02-07 05:00:00
82.8709,83.8012,81.7129,82.6927,1739163600,13613100.0,2025-02-10 05:00:00
82.4057,83.633,82.1286,82.2077,1739250000,8903400.0,2025-02-11 05:00:00
80.733,81.2972,79.6641,80.446,1739336400,7973000.0,2025-02-12 05:00:00
82.4453,82.8016,80.6143,80.7429,1739422800,7845900.0,2025-02-13 05:00:00
81.9009,82.7521,80.8815,81.802,1739509200,9149500.0,2025-02-14 05:00:00
85.6916,85.9193,82.5146,84.0388,1739854800,16205500.0,2025-02-18 05:00:00
86.7605,88.8786,84.8701,85.4145,1739941200,15588000.0,2025-02-19 05:00:00
88.1066,90.7789,87.6513,89.0567,1740027600,16888400.0,2025-02-20 05:00:00
85.1374,89.2943,84.8404,88.7202,1740114000,12860900.0,2025-02-21 05:00:00
82.4849,85.8203,82.3661,85.563,1740373200,11728700.0,2025-02-24 05:00:00
79.4662,82.8412,79.1099,82.2077,1740459600,19088100.0,2025-02-25 05:00:00
80.4658,82.0791,79.8225,80.8518,1740546000,12427500.0,2025-02-26 05:00:00
75.3884,81.3269,75.2598,80.8122,1740632400,14830200.0,2025-02-27 05:00:00
75.9526,77.3778,74.5966,75.9625,1740718800,22608300.0,2025-02-28 05:00:00
75.0024,78.9317,73.7851,77.1403,1740978000,14787100.0,2025-03-03 05:00:00
75.6557,77.6648,73.3199,75.2499,1741064400,15417700.0,2025-03-04 05:00:00
78.475,78.8324,74.9707,76.2017,1741150800,15404800.0,2025-03-05 05:00:00
75.9138,77.9985,75.3082,76.569,1741237200,13195500.0,2025-03-06 05:00:00
78.4353,78.9118,74.792,76.0925,1741323600,14160300.0,2025-03-07 05:00:00
73.2731,76.8172,72.1712,76.3407,1741579200,16652700.0,2025-03-10 04:00:00
72.8264,74.8416,71.923,73.5412,1741665600,12617500.0,2025-03-11 04:00:00
76.0329,77.0951,74.6232,74.7622,1741752000,12702100.0,2025-03-12 04:00:00
74.7126,76.708,74.0078,75.5564,1741838400,9746200.0,2025-03-13 04:00:00
78.1176,78.5048,75.9634,76.2017,1741924800,11862000.0,2025-03-14 04:00:00
77.7404,78.5644,76.5491,76.5491,1742184000,9555200.0,2025-03-17 04:00:00
76.7973,77.2738,75.616,76.9164,1742270400,8094700.0,2025-03-18 04:00:00
77.3632,78.9019,76.3009,76.8072,1742356800,8907200.0,2025-03-19 04:00:00
76.9859,77.5319,75.884,76.1322,1742443200,10689100.0,2025-03-20 04:00:00
75.2884,75.8145,74.7225,75.4472,1742529600,20062000.0,2025-03-21 04:00:00
77.4227,78.207,76.8172,77.1745,1742788800,7954800.0,2025-03-24 04:00:00
77.105,77.8,76.9065,77.2837,1742875200,6437300.0,2025-03-25 04:00:00
75.5862,77.2937,74.5835,77.1845,1742961600,7325600.0,2025-03-26 04:00:00
74.2658,75.5167,73.8092,75.338,1743048000,8441800.0,2025-03-27 04:00:00
72.0818,74.7523,71.7046,74.0872,1743134400,9541500.0,2025-03-28 04:00:00
72.1712,72.3201,69.9276,71.0792,1743393600,11778100.0,2025-03-31 04:00:00
72.3003,72.3201,70.2354,71.516,1743480000,9066200.0,2025-04-01 04:00:00
73.2433,74.2559,71.0395,71.1983,1743566400,7641400.0,2025-04-02 04:00:00
64.7456,70.0368,64.6364,69.7092,1743652800,19479400.0,2025-04-03 04:00:00
58.6602,62.6112,57.5483,62.0553,1743739200,26250900.0,2025-04-04 04:00:00
61.7476,65.6192,55.9103,57.4987,1743998400,28191400.0,2025-04-07 04:00:00
59.8118,65.6291,58.3127,64.1798,1744084800,19560800.0,2025-04-08 04:00:00
70.5928,71.3472,59.4842,60.2486,1744171200,29544700.0,2025-04-09 04:00:00
65.9468,67.5054,62.8098,67.5054,1744257600,20011800.0,2025-04-10 04:00:00
66.9892,67.4657,64.1103,65.2122,1744344000,14706200.0,2025-04-11 04:00:00
67.3664,68.8555,66.4233,68.1407,1744603200,9945000.0,2025-04-14 04:00:00
67.9422,69.0342,67.4557,67.5947,1744689600,10674200.0,2025-04-15 04:00:00
64.6662,66.334,62.4921,64.7655,1744776000,17845300.0,2025-04-16 04:00:00
63.2962,64.9044,63.0183,64.8647,1744862400,13847700.0,2025-04-17 04:00:00
61.9362,62.2142,60.6953,61.9064,1745208000,14302900.0,2025-04-21 04:00:00
63.0183,63.5543,62.105,62.512,1745294400,10857300.0,2025-04-22 04:00:00
66.2446,67.5153,65.8575,66.324,1745380800,18214700.0,2025-04-23 04:00:00
70.3843,70.692,67.0587,69.1632,1745467200,18159400.0,2025-04-24 04:00:00
70.9005,71.7642,69.7787,69.8184,1745553600,9751500.0,2025-04-25 04:00:00
71.0494,71.4167,69.5305,70.4339,1745812800,10255000.0,2025-04-28 04:00:00
70.3843,71.1388,69.7092,70.3744,1745899200,8583800.0,2025-04-29 04:00:00
71.1487,71.3175,68.0315,68.3889,1745985600,11233900.0,2025-04-30 04:00:00
71.2083,72.9952,70.8807,71.655,1746072000,14147600.0,2025-05-01 04:00:00
73.978,74.9409,73.154,73.7099,1746158400,13339400.0,2025-05-02 04:00:00
73.3724,74.3552,73.2433,73.3426,1746417600,6960800.0,2025-05-05 04:00:00
72.6279,73.3426,72.062,72.062,1746504000,6892700.0,2025-05-06 04:00:00
74.514,74.7523,72.3797,72.9058,1746590400,9984700.0,2025-05-07 04:00:00
74.3552,75.8641,74.2758,75.5465,1746676800,10469400.0,2025-05-08 04:00:00
74.8119,75.745,74.107,75.1395,1746763200,7037000.0,2025-05-09 04:00:00
81.6517,81.9495,80.0832,80.0832,1747022400,17456900.0,2025-05-12 04:00:00
84.6299,85.1561,81.6517,81.7609,1747108800,11920200.0,2025-05-13 04:00:00
84.352,85.4142,83.7166,84.5207,1747195200,8654500.0,2025-05-14 04:00:00
84.1733,84.6398,82.8926,83.6173,1747281600,9058000.0,2025-05-15 04:00:00
83.8159,83.8457,81.9297,83.796,1747368000,10100400.0,2025-05-16 04:00:00
83.2103,83.8357,81.9396,82.0985,1747627200,9222300.0,2025-05-19 04:00:00
83.6769,83.7365,82.4459,82.9224,1747713600,6913300.0,2025-05-20 04:00:00
82.1878,84.1633,81.6319,82.6047,1747800000,8082700.0,2025-05-21 04:00:00
81.9595,83.2103,81.4532,82.0389,1747886400,6241600.0,2025-05-22 04:00:00
80.4704,80.798,79.1997,79.5372,1747972800,8276700.0,2025-05-23 04:00:00
83.3295,83.5081,81.7113,82.436,1748318400,9530200.0,2025-05-27 04:00:00
83.389,84.4115,82.9721,83.3692,1748404800,9464100.0,2025-05-28 04:00:00
83.5478,85.6326,83.0018,85.2255,1748491200,8238500.0,2025-05-29 04:00:00
80.2024,83.2004,78.9118,83.0614,1748577600,19191600.0,2025-05-30 04:00:00
81.8801,81.9297,79.845,79.9939,1748836800,8246300.0,2025-06-02 04:00:00
83.0515,83.3989,81.3539,81.4731,1748923200,8920700.0,2025-06-03 04:00:00
84.1534,84.4214,82.8827,83.5975,1749009600,7992200.0,2025-06-04 04:00:00
84.2924,85.712,83.7265,84.8781,1749096000,10907700.0,2025-06-05 04:00:00
85.7219,86.943,85.2355,85.6326,1749182400,7877800.0,2025-06-06 04:00:00
87.6577,88.6802,86.387,86.4665,1749441600,14496200.0,2025-06-09 04:00:00
90.3381,90.7054,87.6974,88.1442,1749528000,11118900.0,2025-06-10 04:00:00
90.2884,91.3209,89.2163,90.7252,1749614400,10646500.0,2025-06-11 04:00:00
90.9933,91.2315,89.8318,89.9609,1749700800,5989700.0,2025-06-12 04:00:00
88.8689,90.5664,87.5386,88.1243,1749787200,10979000.0,2025-06-13 04:00:00
92.7306,92.8993,90.1991,90.2885,1750046400,11642100.0,2025-06-16 04:00:00
91.986,94.3289,91.8768,92.6611,1750132800,10229500.0,2025-06-17 04:00:00
91.7969,93.1504,91.359,92.603,1750219200,9373900.0,2025-06-18 04:00:00
90.0553,92.9812,87.3285,92.603,1750392000,22925200.0,2025-06-20 04:00:00
91.17,92.3144,89.8563,90.9311,1750651200,12551300.0,2025-06-23 04:00:00
95.1706,95.31,92.7822,92.7822,1750737600,12838800.0,2025-06-24 04:00:00
95.5588,96.9023,94.8621,95.7877,1750824000,8690500.0,2025-06-25 04:00:00
96.3748,96.4644,95.3796,95.8175,1750910400,9477500.0,2025-06-26 04:00:00
96.7331,97.5492,95.927,96.5739,1750996800,10781000.0,2025-06-27 04:00:00
96.8724,97.2008,96.3848,97.0814,1751256000,8218300.0,2025-06-30 04:00:00
96.345,96.8525,94.0361,96.126,1751342400,9760300.0,2025-07-01 04:00:00
98.3553,98.4747,94.7427,95.3896,1751428800,11023000.0,2025-07-02 04:00:00
98.3354,99.022,98.1861,98.3553,1751515200,5028900.0,2025-07-03 04:00:00
97.6686,98.4448,97.2407,97.8875,1751860800,7239600.0,2025-07-07 04:00:00
99.3505,99.8083,97.7482,98.3553,1751947200,9570200.0,2025-07-08 04:00:00
99.3306,100.6044,98.4349,99.3206,1752033600,7323000.0,2025-07-09 04:00:00
100.5746,101.1617,99.6988,100.4352,1752120000,6569800.0,2025-07-10 04:00:00
101.2413,101.5399,99.7883,99.8481,1752206400,6203800.0,2025-07-11 04:00:00
99.1415,100.5148,98.3055,100.0869,1752465600,12938100.0,2025-07-14 04:00:00
100.5845,101.6991,100.1267,101.0523,1752552000,9190600.0,2025-07-15 04:00:00
99.8879,99.9376,95.728,97.2506,1752638400,15369700.0,2025-07-16 04:00:00
100.3059,100.893,97.788,98.9822,1752724800,9745900.0,2025-07-17 04:00:00
100.1765,101.2413,99.8779,100.7537,1752811200,8115500.0,2025-07-18 04:00:00
101.2513,102.0972,100.2461,100.3954,1753070400,7026700.0,2025-07-21 04:00:00
97.2208,100.6343,96.5739,100.5149,1753156800,14170100.0,2025-07-22 04:00:00
96.6336,97.9074,95.9369,97.788,1753243200,12013900.0,2025-07-23 04:00:00
97.3103,98.1463,96.5639,97.1013,1753329600,9076600.0,2025-07-24 04:00:00
96.4943,96.8625,95.8573,96.2355,1753416000,8914400.0,2025-07-25 04:00:00
98.1463,99.0519,97.4496,98.5045,1753675200,8156100.0,2025-07-28 04:00:00
98.4647,99.7386,97.5591,98.9126,1753761600,7283700.0,2025-07-29 04:00:00
98.614,100.1665,97.4795,99.042,1753848000,12529400.0,2025-07-30 04:00:00
94.3844,95.1706,90.5032,90.5828,1753934400,27661800.0,2025-07-31 04:00:00
95.9071,96.1957,92.0258,92.2647,1754020800,16601000.0,2025-08-01 04:00:00
97.9373,98.3354,96.1758,96.962,1754280000,11876700.0,2025-08-04 04:00:00
96.2156,98.8728,95.1607,98.3055,1754366400,12100100.0,2025-08-05 04:00:00
95.4792,96.0066,93.8172,95.8374,1754452800,10631900.0,2025-08-06 04:00:00
98.6737,99.7087,97.4994,98.1264,1754539200,9572300.0,2025-08-07 04:00:00
101.2612,101.7389,98.5145,98.6737,1754625600,8765100.0,2025-08-08 04:00:00
101.51,103.6497,101.2214,103.4009,1754884800,8637000.0,2025-08-11 04:00:00
104.7743,105.1326,100.903,102.1569,1754971200,11885800.0,2025-08-12 04:00:00
106.2273,106.9737,104.9435,105.9884,1755057600,12118600.0,2025-08-13 04:00:00
106.8642,107.5011,105.0828,105.6899,1755144000,11163800.0,2025-08-14 04:00:00
99.032,105.3814,98.7832,104.1772,1755230400,23155700.0,2025-08-15 04:00:00
98.405,99.3206,97.9273,98.5245,1755489600,15119300.0,2025-08-18 04:00:00
99.8481,100.1466,97.7283,98.3553,1755576000,11622900.0,2025-08-19 04:00:00
98.6737,100.5347,96.8525,100.5049,1755662400,14287700.0,2025-08-20 04:00:00
97.9373,99.3704,96.6734,98.2856,1755748800,10706500.0,2025-08-21 04:00:00
99.5993,102.0574,98.1164,98.5742,1755835200,9689700.0,2025-08-22 04:00:00
100.7935,101.2612,99.4201,99.4997,1756094400,5438500.0,2025-08-25 04:00:00
103.1322,103.4905,100.6144,100.8134,1756180800,11781100.0,2025-08-26 04:00:00
103.172,103.2815,101.8783,102.6744,1756267200,7214700.0,2025-08-27 04:00:00
103.59,104.3961,102.4654,103.5004,1756353600,7375200.0,2025-08-28 04:00:00
99.6689,102.1967,98.3354,101.4205,1756440000,12178800.0,2025-08-29 04:00:00
96.5639,96.8028,93.6579,95.31,1756785600,14695200.0,2025-09-02 04:00:00
97.2705,97.3899,95.9768,96.5639,1756872000,11023300.0,2025-09-03 04:00:00
99.9376,100.6243,96.6933,97.1909,1756958400,8822400.0,2025-09-04 04:00:00
102.4555,102.5152,100.1964,101.2115,1757044800,8142000.0,2025-09-05 04:00:00
104.5653,105.8591,103.9781,104.5056,1757304000,7972700.0,2025-09-08 04:00:00
105.0629,105.3117,103.9582,104.4061,1757390400,7264300.0,2025-09-09 04:00:00
106.8443,107.2623,104.1075,106.1875,1757476800,12279400.0,2025-09-10 04:00:00
115.0248,115.3433,107.7698,107.8295,1757563200,20296100.0,2025-09-11 04:00:00
116.3982,116.9356,115.3234,115.3632,1757649600,11060500.0,2025-09-12 04:00:00
118.6374,118.7568,116.4678,117.2342,1757908800,9785700.0,2025-09-15 04:00:00
119.8913,120.3889,118.1,119.4037,1757995200,9897200.0,2025-09-16 04:00:00
121.3145,122.6878,118.9359,120.2396,1758081600,10996100.0,2025-09-17 04:00:00
125.7132,128.0818,124.4394,125.9421,1758168000,13763900.0,2025-09-18 04:00:00
126.3103,127.1861,124.3996,125.753,1758254400,24271900.0,2025-09-19 04:00:00
131.565,131.9929,128.5396,129.1765,1758513600,13403700.0,2025-09-22 04:00:00
131.2963,132.9284,128.7386,129.1267,1758600000,12051100.0,2025-09-23 04:00:00
127.9558,129.8604,126.6595,129.631,1758686400,12435900.0,2025-09-24 04:00:00
127.7663,128.6937,124.6652,126.0811,1758772800,9621700.0,2025-09-25 04:00:00
127.9658,128.3945,126.0113,127.5769,1758859200,8789000.0,2025-09-26 04:00:00
130.7179,132.9815,130.6581,132.7023,1759118400,11015500.0,2025-09-29 04:00:00
133.5199,133.8291,130.4387,130.9772,1759204800,10328800.0,2025-09-30 04:00:00
142.3847,142.6839,131.5655,132.0342,1759291200,15549100.0,2025-10-01 04:00:00
146.5728,146.9318,143.3021,146.5529,1759377600,16417100.0,2025-10-02 04:00:00
145.3961,147.4902,144.1896,145.4061,1759464000,8970300.0,2025-10-03 04:00:00
148.7267,153.2637,148.6967,149.4745,1759723200,11217100.0,2025-10-06 04:00:00
139.9516,148.9361,139.1041,148.8064,1759809600,16549800.0,2025-10-07 04:00:00
142.1354,142.4745,137.2194,137.5186,1759896000,13695700.0,2025-10-08 04:00:00
140.5998,142.4545,140.181,141.3477,1759982400,8102500.0,2025-10-09 04:00:00
130.9971,141.3975,130.6481,140.2009,1760068800,18749000.0,2025-10-10 04:00:00
137.4189,138.5058,136.1923,137.6981,1760328000,10048100.0,2025-10-13 04:00:00
137.9174,140.52,133.6595,133.7194,1760414400,10509700.0,2025-10-14 04:00:00
144.3691,144.8078,140.6995,143.5913,1760500800,9722700.0,2025-10-15 04:00:00
141.9659,147.1611,139.9716,147.1611,1760587200,11650300.0,2025-10-16 04:00:00
141.1083,142.2451,139.4231,141.8562,1760673600,6389800.0,2025-10-17 04:00:00
143.6411,146.0642,143.0229,143.0827,1760932800,8919400.0,2025-10-20 04:00:00
144.6283,145.0272,142.0656,143.5713,1761019200,8855600.0,2025-10-21 04:00:00
140.8491,145.3363,136.4716,144.4887,1761105600,16927800.0,2025-10-22 04:00:00
147.1212,148.0386,136.9801,137.6083,1761192000,13336600.0,2025-10-23 04:00:00
151.2495,152.7752,147.5799,149.4845,1761278400,10966400.0,2025-10-24 04:00:00
156.4547,157.8008,155.298,155.6968,1761537600,13313100.0,2025-10-27 04:00:00
155.1783,155.6868,153.8421,155.0786,1761624000,7939700.0,2025-10-28 04:00:00
160.214,162.6271,157.6413,157.8008,1761710400,12783300.0,2025-10-29 04:00:00
160.553,164.7511,159.845,161.9091,1761796800,10440600.0,2025-10-30 04:00:00
157.0131,163.5943,156.1555,162.0886,1761883200,9652100.0,2025-10-31 04:00:00
160.7823,161.7795,158.5487,159.5359,1762146000,7302400.0,2025-11-03 05:00:00
155.3378,160.6328,154.7196,155.1883,1762232400,11211100.0,2025-11-04 05:00:00
164.5815,166.4462,156.5544,157.1228,1762318800,11130200.0,2025-11-05 05:00:00
161.7297,164.7411,159.7353,162.9263,1762405200,9640100.0,2025-11-06 05:00:00
158.8977,159.496,152.7652,159.3764,1762491600,11609300.0,2025-11-07 05:00:00
165.8978,166.6756,163.2354,164.0929,1762750800,10030600.0,2025-11-10 05:00:00
158.7282,164.1528,157.2624,163.704,1762837200,9144600.0,2025-11-11 05:00:00
160.9618,161.6997,158.0302,160.8521,1762923600,8950000.0,2025-11-12 05:00:00
152.8848,159.855,151.2993,158.439,1763010000,13693700.0,2025-11-13 05:00:00
147.8392,152.5159,144.9574,147.0913,1763096400,15076100.0,2025-11-14 05:00:00
147.0415,153.3734,145.5258,146.8919,1763355600,10487800.0,2025-11-17 05:00:00
142.8335,147.0215,142.0955,144.8377,1763442000,12706700.0,2025-11-18 05:00:00
148.3777,149.9731,145.097,146.3534,1763528400,9818300.0,2025-11-19 05:00:00
139.1938,153.9319,137.9075,153.0244,1763614800,13695500.0,2025-11-20 05:00:00
142.2451,144.0001,135.1154,139.4032,1763701200,14654600.0,2025-11-21 05:00:00
149.9532,152.127,144.0201,145.1868,1763960400,23096000.0,2025-11-24 05:00:00
151.4988,152.3663,145.087,149.1255,1764046800,9691500.0,2025-11-25 05:00:00
154.6997,156.5245,152.0672,152.5358,1764133200,8398100.0,2025-11-26 05:00:00
155.5572,155.7566,153.3934,155.7566,1764306000,4919200.0,2025-11-28 05:00:00
154.3506,156.345,152.815,154.4105,1764565200,7416700.0,2025-12-01 05:00:00
157.741,158.9974,155.2182,155.4077,1764651600,10711900.0,2025-12-02 05:00:00
159.5588,159.9084,152.9667,156.7022,1764738000,9964300.0,2025-12-03 05:00:00
156.902,158.3303,154.7346,156.8621,1764824400,8834700.0,2025-12-04 05:00:00
158.5101,160.8573,157.6911,158.8197,1764910800,7834100.0,2025-12-05 05:00:00
162.5453,164.423,160.6575,161.7862,1765170000,10170500.0,2025-12-08 05:00:00
165.6116,166.1609,160.5576,160.5576,1765256400,8127000.0,2025-12-09 05:00:00
168.0586,169.4869,162.3455,164.8924,1765342800,9259600.0,2025-12-10 05:00:00
168.5081,168.9476,160.1282,165.4618,1765429200,10000000.0,2025-12-11 05:00:00
160.3279,167.5992,158.8996,166.6403,1765515600,11414800.0,2025-12-12 05:00:00
164.1034,166.6703,161.966,163.2045,1765774800,10258800.0,2025-12-15 05:00:00
163.0646,165.9911,160.5976,164.3031,1765861200,8078600.0,2025-12-16 05:00:00
154.7945,164.3231,153.4162,163.6639,1765947600,12277800.0,2025-12-17 05:00:00
164.5029,168.0886,161.8061,162.9947,1766034000,14006400.0,2025-12-18 05:00:00
172.0639,173.3723,165.8813,165.8813,1766120400,38469400.0,2025-12-19 05:00:00
175.0503,175.7494,171.2848,175.4698,1766379600,11436100.0,2025-12-22 05:00:00
174.9504,177.0778,174.5708,175.0503,1766466000,6483000.0,2025-12-23 05:00:00
177.1178,177.3475,174.9903,175.0503,1766552400,2598900.0,2025-12-24 05:00:00
177.8569,179.5848,177.5872,178.2165,1766725200,5238900.0,2025-12-26 05:00:00
175.6595,179.0155,174.5409,176.2888,1766984400,6663300.0,2025-12-29 05:00:00
173.572,177.1478,173.3823,176.3287,1767070800,5670800.0,2025-12-30 05:00:00
170.9751,174.7007,170.5556,174.2812,1767157200,4935800.0,2025-12-31 05:00:00
184.8385,185.5577,177.2876,177.6372,1767330000,11957400.0,2026-01-02 05:00:00
194.5269,198.1226,189.8925,189.8925,1767589200,16268200.0,2026-01-05 05:00:00
206.7123,210.1982,196.9141,197.5533,1767675600,18787600.0,2026-01-06 05:00:00
202.837,205.1342,199.5609,202.3376,1767762000,15121000.0,2026-01-07 05:00:00
200.7195,202.9768,194.8066,202.6272,1767848400,13928600.0,2026-01-08 05:00:00
218.0987,219.3272,202.4774,204.4151,1767934800,16758600.0,2026-01-09 05:00:00
220.1362,222.3136,214.9225,215.8614,1768194000,10749100.0,2026-01-12 05:00:00
214.1235,220.3061,213.1346,219.1574,1768280400,12737000.0,2026-01-13 05:00:00
208.5401,211.0571,206.3627,210.8773,1768366800,18187200.0,2026-01-14 05:00:00
217.2098,229.2953,216.9501,227.877,1768453200,15249800.0,2026-01-15 05:00:00
222.6932,225.4199,218.7379,221.6344,1768539600,14392700.0,2026-01-16 05:00:00
222.1438,225.8794,217.3496,217.9489,1768885200,11601700.0,2026-01-20 05:00:00
228.1167,232.6213,220.3959,222.7831,1768971600,12454800.0,2026-01-21 05:00:00
220.4359,235.8175,219.497,235.2781,1769058000,11958600.0,2026-01-22 05:00:00
217.6792,223.0927,213.6141,217.6093,1769144400,10156800.0,2026-01-23 05:00:00
222.6033,225.0803,215.6716,218.7179,1769403600,10625600.0,2026-01-26 05:00:00
238.1747,239.2134,228.4862,230.354,1769490000,12005900.0,2026-01-27 05:00:00
239.2933,243.698,236.8562,240.9813,1769576400,15630600.0,2026-01-28 05:00:00
247.873,251.0792,236.5366,245.3161,1769662800,16801600.0,2026-01-29 05:00:00
233.1806,251.5686,231.7224,243.9677,1769749200,18352900.0,2026-01-30 05:00:00
237.2158,242.6593,231.7224,233.0508,1770008400,13299300.0,2026-02-02 05:00:00
229.8246,246.3249,226.6085,244.5969,1770094800,13500400.0,2026-02-03 05:00:00
209.529,230.8334,204.8646,229.5949,1770181200,19608000.0,2026-02-04 05:00:00
213.0547,215.5917,204.3252,207.8809,1770267600,10928900.0,2026-02-05 05:00:00
230.7336,232.1718,218.4982,220.4059,1770354000,13848800.0,2026-02-06 05:00:00
229.0056,231.0432,223.1227,228.7359,1770613200,9976700.0,2026-02-09 05:00:00
226.3388,229.0356,219.9864,229.0056,1770699600,7909500.0,2026-02-10 05:00:00
234.8386,240.0524,229.7647,235.2681,1770786000,9555800.0,2026-02-11 05:00:00
231.0132,238.6241,229.3652,236.0472,1770872400,10662100.0,2026-02-12 05:00:00
235.2481,242.4895,233.1107,235.8974,1770958800,9905400.0,2026-02-13 05:00:00
235.2981,237.865,228.6061,231.173,1771304400,7368500.0,2026-02-17 05:00:00
239.8027,244.9765,233.8199,236.0971,1771390800,10095400.0,2026-02-18 05:00:00
237.1059,237.6353,231.1431,233.7899,1771477200,6384200.0,2026-02-19 05:00:00
244.6269,245.4659,236.6864,237.2657,1771563600,8601200.0,2026-02-20 05:00:00
241.9801,249.1015,237.0859,245.0564,1771822800,9488000.0,2026-02-23 05:00:00
243.9577,247.4635,238.694,243.1587,1771909200,9087100.0,2026-02-24 05:00:00
249.1814,256.3728,248.0928,249.591,1771995600,9835400.0,2026-02-25 05:00:00
238.7839,248.2026,230.4239,245.7356,1772082000,10700300.0,2026-02-26 05:00:00
233.6101,239.8127,232.4015,233.1806,1772168400,12988900.0,2026-02-27 05:00:00
230.7236,233.5502,226.9581,229.0056,1772427600,10294000.0,2026-03-02 05:00:00
217.01,223.8518,215.5318,223.5022,1772514000,12442300.0,2026-03-03 05:00:00
222.99,225.12,219.0,221.71,1772600400,8614400.0,2026-03-04 05:00:00
214.68,222.41,208.13,218.41,1772686800,10241000.0,2026-03-05 05:00:00
199.33,211.24,198.45,205.45,1772773200,13597800.0,2026-03-06 05:00:00
211.15,211.5,194.08,195.0,1773028800,13421000.0,2026-03-09 04:00:00
215.23,220.82,210.88,211.0,1773115200,10699700.0,2026-03-10 04:00:00
218.87,221.62,214.0,214.45,1773201600,7160500.0,2026-03-11 04:00:00
209.49,215.17,208.0,213.67,1773288000,9932900.0,2026-03-12 04:00:00
212.2,218.0,211.23,212.34,1773374400,8906500.0,2026-03-13 04:00:00
219.4,221.46,215.95,217.95,1773633600,9533100.0,2026-03-16 04:00:00
226.47,226.71,218.55,220.53,1773720000,10043700.0,2026-03-17 04:00:00
224.71,232.32,222.98,226.74,1773806400,12478800.0,2026-03-18 04:00:00
233.99,235.14,215.0,218.17,1773892800,10101900.0,2026-03-19 04:00:00
228.36,236.84,222.05,234.32,1773979200,26176400.0,2026-03-20 04:00:00
233.31,239.52,227.07,230.39,1774238400,9506200.0,2026-03-23 04:00:00
238.84,241.37,230.16,230.16,1774324800,7388000.0,2026-03-24 04:00:00
233.45,237.1,227.36,236.15,1774411200,8330600.0,2026-03-25 04:00:00
211.62,226.89,211.38,225.74,1774497600,13460500.0,2026-03-26 04:00:00
211.41,217.0,209.0,209.67,1774584000,8503300.0,2026-03-27 04:00:00
199.93,216.29,198.6,214.56,1774843200,11921000.0,2026-03-30 04:00:00
213.66,213.84,203.01,206.0,1774929600,11725000.0,2026-03-31 04:00:00
222.01,225.5,215.0,215.45,1775016000,10697600.0,2026-04-01 04:00:00
218.44,222.01,208.8,208.84,1775102400,6805400.0,2026-04-02 04:00:00
220.65,221.56,216.53,220.13,1775448000,4031200.0,2026-04-06 04:00:00
224.35,224.49,216.5,218.24,1775534400,6818400.0,2026-04-07 04:00:00
246.49,249.19,241.49,242.75,1775620800,11023000.0,2026-04-08 04:00:00
258.76,259.0,247.35,248.33,1775707200,9757800.0,2026-04-09 04:00:00
263.66,268.23,259.33,263.19,1775793600,9118900.0,2026-04-10 04:00:00
