close,high,low,open,time,volume,date
92.4906,93.4531,90.6714,91.7302,1603166400,1783000.0,2020-10-20 04:00:00
91.5858,92.4232,90.7773,91.9516,1603252800,1512200.0,2020-10-21 04:00:00
97.0434,97.4188,92.0574,92.5002,1603339200,3033000.0,2020-10-22 04:00:00
97.9482,98.4391,96.4274,97.9,1603425600,2032600.0,2020-10-23 04:00:00
92.4232,95.7825,90.8831,95.7728,1603684800,2912900.0,2020-10-26 04:00:00
89.9591,93.2414,89.8532,92.8563,1603771200,2512000.0,2020-10-27 04:00:00
86.5998,89.0543,85.5892,88.1399,1603857600,4302400.0,2020-10-28 04:00:00
89.8339,90.2575,85.6758,86.6191,1603944000,2728900.0,2020-10-29 04:00:00
89.4008,90.5077,87.1581,88.6019,1604030400,2732200.0,2020-10-30 04:00:00
89.4201,89.8917,88.1688,89.5163,1604293200,2320100.0,2020-11-02 05:00:00
92.4906,93.5494,90.373,90.7291,1604379600,2658400.0,2020-11-03 05:00:00
94.3675,96.7931,91.5665,93.7708,1604466000,3274500.0,2020-11-04 05:00:00
97.13,99.0358,94.4541,95.0317,1604552400,3572800.0,2020-11-05 05:00:00
99.9984,100.7299,97.6979,98.1792,1604638800,4168000.0,2020-11-06 05:00:00
113.8686,126.9592,109.3447,118.4407,1604898000,14217300.0,2020-11-09 05:00:00
114.0419,115.3124,111.5777,112.8098,1604984400,4883900.0,2020-11-10 05:00:00
112.0302,113.7723,110.7596,113.1371,1605070800,3846800.0,2020-11-11 05:00:00
111.0195,111.9531,107.6795,110.3072,1605157200,3113900.0,2020-11-12 05:00:00
115.5049,115.6301,111.3179,111.9532,1605243600,2804700.0,2020-11-13 05:00:00
119.1241,120.9914,117.0931,120.9914,1605502800,4596300.0,2020-11-16 05:00:00
118.1808,119.0278,115.8515,118.999,1605589200,2924400.0,2020-11-17 05:00:00
115.8322,119.5668,115.7167,117.6803,1605675600,2370100.0,2020-11-18 05:00:00
116.5733,117.1509,115.0525,115.8418,1605762000,2034800.0,2020-11-19 05:00:00
114.8119,117.3434,114.7445,116.1306,1605848400,5292100.0,2020-11-20 05:00:00
118.4792,118.7968,116.0536,116.4193,1606107600,2183300.0,2020-11-23 05:00:00
126.0063,126.4298,120.6642,121.5593,1606194000,5305200.0,2020-11-24 05:00:00
124.3796,125.371,122.9743,125.0052,1606280400,2086600.0,2020-11-25 05:00:00
123.5422,125.8426,122.4352,123.2053,1606453200,1365800.0,2020-11-27 05:00:00
122.1176,123.5036,120.2021,123.1282,1606712400,2094500.0,2020-11-30 05:00:00
123.7058,124.8127,122.8876,124.6491,1606798800,1891300.0,2020-12-01 05:00:00
123.8983,125.7464,122.8972,123.3111,1606885200,1955100.0,2020-12-02 05:00:00
127.3634,129.6254,124.2641,125.0919,1606971600,2694000.0,2020-12-03 05:00:00
130.5302,130.7516,127.7966,128.634,1607058000,1923200.0,2020-12-04 05:00:00
127.9794,130.2221,127.2094,129.8275,1607317200,1766100.0,2020-12-07 05:00:00
127.5848,129.1441,126.141,126.5741,1607403600,1552800.0,2020-12-08 05:00:00
125.5827,129.3078,124.4758,128.9131,1607490000,2786900.0,2020-12-09 05:00:00
126.834,127.45,124.0523,124.9956,1607576400,1791300.0,2020-12-10 05:00:00
123.6961,126.8725,122.8587,125.7656,1607662800,2171900.0,2020-12-11 05:00:00
121.8769,126.5068,121.6941,126.372,1607922000,1889000.0,2020-12-14 05:00:00
125.4768,125.602,122.0887,124.5047,1608008400,1811500.0,2020-12-15 05:00:00
125.5539,126.0159,123.9175,125.7079,1608094800,1752500.0,2020-12-16 05:00:00
125.4095,127.4404,123.8502,125.8811,1608181200,1818200.0,2020-12-17 05:00:00
123.9945,126.0062,123.4651,125.4576,1608267600,3376400.0,2020-12-18 05:00:00
122.5507,123.3496,119.1433,121.078,1608526800,2186900.0,2020-12-21 05:00:00
121.5304,122.5122,119.7786,121.7999,1608613200,1497400.0,2020-12-22 05:00:00
123.7924,124.2448,121.9925,122.3005,1608699600,1624400.0,2020-12-23 05:00:00
123.9272,124.1485,122.724,123.802,1608786000,592100.0,2020-12-24 05:00:00
123.5133,125.679,123.3207,125.371,1609131600,1330200.0,2020-12-28 05:00:00
124.1678,126.4105,123.5903,124.6394,1609218000,1685100.0,2020-12-29 05:00:00
125.5827,126.4298,123.6865,124.3699,1609304400,1284400.0,2020-12-30 05:00:00
126.9784,127.556,124.0042,125.4095,1609390800,1537300.0,2020-12-31 05:00:00
120.0962,127.1613,118.7391,126.5838,1609736400,3992000.0,2021-01-04 05:00:00
121.3668,122.5411,118.9508,119.2877,1609822800,1428900.0,2021-01-05 05:00:00
124.5432,125.833,120.1636,120.1636,1609909200,2280000.0,2021-01-06 05:00:00
125.4672,126.2757,124.3025,124.418,1609995600,1909800.0,2021-01-07 05:00:00
124.832,127.2383,124.1486,126.2854,1610082000,1485400.0,2021-01-08 05:00:00
123.8405,124.4084,122.3101,122.9646,1610341200,1692300.0,2021-01-11 05:00:00
122.6181,123.7828,121.3764,123.0994,1610427600,2927900.0,2021-01-12 05:00:00
121.7711,122.5507,119.7305,122.0598,1610514000,2715000.0,2021-01-13 05:00:00
124.1004,125.7367,122.493,123.5421,1610600400,1886600.0,2021-01-14 05:00:00
122.0502,123.571,121.0299,123.4266,1610686800,1698100.0,2021-01-15 05:00:00
122.108,123.4266,120.7604,122.5604,1611032400,1587300.0,2021-01-19 05:00:00
121.9828,122.8587,120.3465,121.3091,1611118800,1990100.0,2021-01-20 05:00:00
121.8769,122.9069,119.8556,121.2898,1611205200,1771600.0,2021-01-21 05:00:00
118.2963,121.5401,118.1808,120.5775,1611291600,2155300.0,2021-01-22 05:00:00
115.1392,117.9979,112.521,117.8054,1611550800,4417500.0,2021-01-25 05:00:00
115.9284,116.891,114.8311,115.8707,1611637200,1966400.0,2021-01-26 05:00:00
113.0697,115.8803,111.6066,114.244,1611723600,3939600.0,2021-01-27 05:00:00
116.1883,118.8449,115.5145,115.5145,1611810000,3559900.0,2021-01-28 05:00:00
111.9531,115.4761,111.1735,115.2643,1611896400,4896800.0,2021-01-29 05:00:00
113.3392,115.2835,112.6943,113.5317,1612155600,2227400.0,2021-02-01 05:00:00
117.5263,117.969,114.5327,114.9948,1612242000,2591700.0,2021-02-02 05:00:00
118.7294,120.0962,117.2856,117.43,1612328400,2256800.0,2021-02-03 05:00:00
120.7508,121.1358,118.6909,119.3647,1612414800,1868900.0,2021-02-04 05:00:00
124.6298,124.6683,122.2235,122.2331,1612501200,2807100.0,2021-02-05 05:00:00
124.2544,125.9196,121.954,125.2747,1612760400,2187800.0,2021-02-08 05:00:00
122.2908,124.4469,121.3764,124.4469,1612846800,1404100.0,2021-02-09 05:00:00
122.0021,124.1004,121.4342,122.3101,1612933200,1699900.0,2021-02-10 05:00:00
121.9058,123.9175,120.3465,122.7817,1613019600,1929300.0,2021-02-11 05:00:00
124.6298,124.9282,120.8566,121.0299,1613106000,1741100.0,2021-02-12 05:00:00
125.5154,126.1795,123.7635,125.14,1613451600,2443800.0,2021-02-16 05:00:00
126.4201,128.2682,122.7529,123.5903,1613538000,2904800.0,2021-02-17 05:00:00
127.0361,127.7965,122.7625,123.4555,1613624400,2620400.0,2021-02-18 05:00:00
131.1751,132.4264,126.3624,126.3624,1613710800,2855700.0,2021-02-19 05:00:00
137.2198,139.9823,133.4755,133.9857,1613970000,5314900.0,2021-02-22 05:00:00
143.948,144.0635,136.8252,139.5685,1614056400,5632800.0,2021-02-23 05:00:00
151.6002,151.6964,143.794,143.8999,1614142800,5865800.0,2021-02-24 05:00:00
144.4678,153.9874,143.2261,150.4067,1614229200,5147300.0,2021-02-25 05:00:00
142.5235,146.5276,140.3385,144.6507,1614315600,4107600.0,2021-02-26 05:00:00
142.9084,145.3725,142.4272,145.3725,1614574800,2284600.0,2021-03-01 05:00:00
143.3705,144.1694,140.4059,141.6283,1614661200,2892900.0,2021-03-02 05:00:00
140.8294,144.6988,140.8005,143.9095,1614747600,2334300.0,2021-03-03 05:00:00
139.3471,142.0903,134.3707,141.7149,1614834000,4121800.0,2021-03-04 05:00:00
141.4165,141.8689,133.7643,141.1663,1614920400,3040600.0,2021-03-05 05:00:00
144.8047,147.3169,140.839,143.9673,1615179600,3123700.0,2021-03-08 05:00:00
141.4936,145.7384,141.1663,145.5748,1615266000,2955900.0,2021-03-09 05:00:00
141.6283,145.1608,141.3299,141.8785,1615352400,2262500.0,2021-03-10 05:00:00
143.255,144.9972,140.3,141.6283,1615438800,2247300.0,2021-03-11 05:00:00
144.5737,146.2196,142.5716,143.7555,1615525200,1688100.0,2021-03-12 05:00:00
147.8078,148.2795,144.6218,146.7779,1615780800,2564800.0,2021-03-15 04:00:00
144.9876,148.3757,143.9384,147.8078,1615867200,1720100.0,2021-03-16 04:00:00
150.1083,150.3008,144.1598,144.2368,1615953600,2756600.0,2021-03-17 04:00:00
148.5105,151.735,146.4025,148.78,1616040000,2840000.0,2021-03-18 04:00:00
146.5758,147.6923,143.4571,146.8742,1616126400,5444000.0,2021-03-19 04:00:00
145.825,146.5469,143.7844,144.9106,1616385600,2595600.0,2021-03-22 04:00:00
137.0851,144.0924,136.1033,144.0731,1616472000,4233200.0,2021-03-23 04:00:00
137.9129,142.1192,137.8262,138.7984,1616558400,2869500.0,2021-03-24 04:00:00
141.0797,141.455,134.1879,136.5268,1616644800,2135000.0,2021-03-25 04:00:00
141.3203,142.0133,137.4605,141.8304,1616731200,2726400.0,2021-03-26 04:00:00
139.1835,141.3011,137.7878,140.531,1616990400,2578000.0,2021-03-29 04:00:00
142.6775,144.0732,139.1161,139.3663,1617076800,2753500.0,2021-03-30 04:00:00
142.562,144.7084,141.5224,143.3801,1617163200,2352400.0,2021-03-31 04:00:00
142.716,143.7363,141.0797,142.716,1617249600,2082400.0,2021-04-01 04:00:00
145.2763,147.4902,144.6122,144.8625,1617595200,2352400.0,2021-04-05 04:00:00
145.9405,147.0474,145.0838,145.3341,1617681600,1754300.0,2021-04-06 04:00:00
143.2357,146.7009,142.5235,146.5469,1617768000,1577100.0,2021-04-07 04:00:00
143.8421,144.3234,141.2914,142.9373,1617854400,1522300.0,2021-04-08 04:00:00
142.9181,143.4186,140.5984,142.716,1617940800,1601700.0,2021-04-09 04:00:00
143.7555,143.8518,141.3973,142.9085,1618200000,1305800.0,2021-04-12 04:00:00
143.2357,143.5726,140.5214,142.562,1618286400,1865500.0,2021-04-13 04:00:00
143.9865,146.2485,143.1299,143.5052,1618372800,1676600.0,2021-04-14 04:00:00
143.5919,144.9779,142.8989,144.1887,1618459200,1412700.0,2021-04-15 04:00:00
143.0625,145.6517,142.1673,144.4967,1618545600,2718400.0,2021-04-16 04:00:00
142.3598,143.3512,141.3492,142.4561,1618804800,1209800.0,2021-04-19 04:00:00
136.652,140.9834,134.8039,140.9834,1618891200,2763200.0,2021-04-20 04:00:00
139.3374,139.9535,135.5931,136.3921,1618977600,2527100.0,2021-04-21 04:00:00
141.147,143.6785,137.9514,139.2508,1619064000,2251300.0,2021-04-22 04:00:00
142.8026,143.1491,140.3385,141.532,1619150400,1240600.0,2021-04-23 04:00:00
142.9181,145.0934,142.2251,143.8999,1619409600,1177200.0,2021-04-26 04:00:00
144.1309,144.718,142.6389,143.3801,1619496000,1570400.0,2021-04-27 04:00:00
143.8517,144.6218,143.0143,143.9769,1619582400,1230100.0,2021-04-28 04:00:00
145.3726,147.2592,143.178,145.6421,1619668800,1460600.0,2021-04-29 04:00:00
142.9566,144.4004,141.0507,143.5148,1619755200,1759500.0,2021-04-30 04:00:00
143.3128,144.5352,142.7737,143.7267,1620014400,1413200.0,2021-05-03 04:00:00
142.0807,142.716,138.9236,142.716,1620100800,1794600.0,2021-05-04 04:00:00
139.0968,143.3416,138.7792,142.2828,1620187200,1854800.0,2021-05-05 04:00:00
137.2487,139.1642,135.314,139.1642,1620273600,2180500.0,2021-05-06 04:00:00
141.1951,141.3876,137.1621,137.6434,1620360000,2969200.0,2021-05-07 04:00:00
135.391,139.9535,135.3333,139.4433,1620619200,4140800.0,2021-05-10 04:00:00
136.4017,136.6231,133.1964,134.3515,1620705600,3166700.0,2021-05-11 04:00:00
130.8478,136.0167,130.2799,135.2178,1620792000,2762000.0,2021-05-12 04:00:00
134.0531,135.1311,131.4446,131.4446,1620878400,2363700.0,2021-05-13 04:00:00
137.9225,138.4134,133.8702,135.16,1620964800,2200300.0,2021-05-14 04:00:00
134.621,137.8936,133.0617,137.8936,1621224000,1741400.0,2021-05-17 04:00:00
134.5344,137.6337,134.5247,135.5931,1621310400,1518400.0,2021-05-18 04:00:00
134.2071,134.2745,131.2328,132.6959,1621396800,1593200.0,2021-05-19 04:00:00
133.7739,134.7172,132.436,134.5632,1621483200,2098300.0,2021-05-20 04:00:00
133.8028,135.468,133.3793,134.4766,1621569600,1846600.0,2021-05-21 04:00:00
136.575,136.883,133.8991,134.8328,1621828800,1420200.0,2021-05-24 04:00:00
137.4413,138.837,136.6616,137.114,1621915200,1665400.0,2021-05-25 04:00:00
139.0583,139.8284,137.5279,138.6348,1622001600,1440400.0,2021-05-26 04:00:00
140.377,140.531,138.115,139.9727,1622088000,1936500.0,2021-05-27 04:00:00
138.2016,140.2519,137.653,140.1749,1622174400,1711700.0,2021-05-28 04:00:00
139.7417,141.4261,138.9043,139.9534,1622520000,1687800.0,2021-06-01 04:00:00
137.2872,140.5791,136.9985,140.5214,1622606400,2284500.0,2021-06-02 04:00:00
135.1408,136.5846,134.4285,136.4306,1622692800,1921600.0,2021-06-03 04:00:00
136.7386,137.1621,135.3718,136.3247,1622779200,1651300.0,2021-06-04 04:00:00
137.1428,137.884,136.5557,137.6818,1623038400,2196300.0,2021-06-07 04:00:00
140.2615,140.8968,137.2391,137.4509,1623124800,1900100.0,2021-06-08 04:00:00
138.4326,141.0123,138.0187,140.8968,1623211200,1541000.0,2021-06-09 04:00:00
138.577,139.3278,137.268,138.7792,1623297600,1544800.0,2021-06-10 04:00:00
138.1054,139.2219,137.576,138.6059,1623384000,1444000.0,2021-06-11 04:00:00
138.5097,139.1161,137.5471,138.3075,1623643200,1245500.0,2021-06-14 04:00:00
138.7118,139.0487,138.192,138.2402,1623729600,1232200.0,2021-06-15 04:00:00
137.8455,139.1738,136.6808,138.577,1623816000,1431400.0,2021-06-16 04:00:00
136.4787,139.4337,136.4306,137.9225,1623902400,1578800.0,2021-06-17 04:00:00
133.6296,135.3622,133.2831,134.9771,1623988800,3027200.0,2021-06-18 04:00:00
137.5279,137.6434,133.6296,134.5344,1624248000,2328300.0,2021-06-21 04:00:00
136.1033,137.1525,135.4199,136.6808,1624334400,1637500.0,2021-06-22 04:00:00
135.8145,136.3921,135.0253,135.5643,1624420800,1346300.0,2021-06-23 04:00:00
135.5161,137.3546,134.698,136.7578,1624507200,1936500.0,2021-06-24 04:00:00
134.8905,136.0263,134.0435,135.7375,1624593600,6295600.0,2021-06-25 04:00:00
130.7804,134.236,129.4714,134.1108,1624852800,2892100.0,2021-06-28 04:00:00
129.9431,131.6853,129.3848,130.9056,1624939200,1936000.0,2021-06-29 04:00:00
131.4061,132.205,129.866,129.943,1625025600,2222400.0,2021-06-30 04:00:00
134.0242,134.3611,131.7333,132.0799,1625112000,3448300.0,2021-07-01 04:00:00
135.9686,136.4402,133.8799,134.5151,1625198400,2072900.0,2021-07-02 04:00:00
134.8809,136.5749,133.4563,136.1803,1625544000,2464700.0,2021-07-06 04:00:00
134.3804,135.8915,131.5794,134.2745,1625630400,1753200.0,2021-07-07 04:00:00
132.4842,133.8895,129.8372,131.743,1625716800,2304400.0,2021-07-08 04:00:00
137.1428,137.3642,132.8306,133.0809,1625803200,2119800.0,2021-07-09 04:00:00
136.4595,137.3835,135.0927,135.7472,1626062400,2143200.0,2021-07-12 04:00:00
133.1579,136.4113,132.9847,135.6702,1626148800,1859100.0,2021-07-13 04:00:00
134.3996,135.4006,132.0702,133.5622,1626235200,1844700.0,2021-07-14 04:00:00
134.3034,134.9675,132.9558,134.1782,1626321600,1383500.0,2021-07-15 04:00:00
129.9912,135.9108,129.8372,135.391,1626408000,1984800.0,2021-07-16 04:00:00
125.9485,127.9217,122.4641,125.9485,1626667200,4067600.0,2021-07-19 04:00:00
129.9719,130.8286,125.4576,126.3624,1626753600,2227300.0,2021-07-20 04:00:00
135.1023,135.7857,130.3569,130.3569,1626840000,2798400.0,2021-07-21 04:00:00
133.312,134.6691,132.1376,134.236,1626926400,1755400.0,2021-07-22 04:00:00
133.9664,134.7461,133.0328,133.5718,1627012800,1731600.0,2021-07-23 04:00:00
137.1525,137.2487,132.9751,134.4959,1627272000,1781600.0,2021-07-26 04:00:00
138.0765,138.115,135.2563,135.9589,1627358400,1668700.0,2021-07-27 04:00:00
139.1546,139.8668,135.93,138.731,1627444800,1649200.0,2021-07-28 04:00:00
142.3406,144.1887,137.9707,139.9439,1627531200,2612500.0,2021-07-29 04:00:00
140.5117,142.4176,139.27,140.8967,1627617600,2115900.0,2021-07-30 04:00:00
139.4433,143.101,138.7503,141.5513,1627876800,2409800.0,2021-08-02 04:00:00
137.2872,140.2615,134.1204,140.1941,1627963200,2849100.0,2021-08-03 04:00:00
132.8018,135.7183,131.6853,135.7183,1628049600,3217700.0,2021-08-04 04:00:00
136.4113,137.5856,133.2734,133.8317,1628136000,2250400.0,2021-08-05 04:00:00
136.2862,136.8733,134.1301,136.3439,1628222400,2099800.0,2021-08-06 04:00:00
131.974,135.8531,130.6553,135.7376,1628481600,3074900.0,2021-08-09 04:00:00
132.821,133.9568,131.2617,131.82,1628568000,1938900.0,2021-08-10 04:00:00
132.9462,133.6873,131.0499,132.2339,1628654400,1131600.0,2021-08-11 04:00:00
129.7217,132.8595,129.2115,132.3975,1628740800,2238600.0,2021-08-12 04:00:00
129.3463,130.3762,128.5859,130.0489,1628827200,1728000.0,2021-08-13 04:00:00
128.1431,129.2693,126.4298,128.4608,1629086400,1626200.0,2021-08-16 04:00:00
125.4768,126.5645,124.187,126.2661,1629172800,2292000.0,2021-08-17 04:00:00
125.1303,127.5078,124.5336,125.371,1629259200,1915400.0,2021-08-18 04:00:00
125.3806,125.4961,122.801,124.1582,1629345600,2393700.0,2021-08-19 04:00:00
126.2372,126.603,124.187,124.6972,1629432000,1761800.0,2021-08-20 04:00:00
129.1249,129.1441,127.3057,127.3442,1629691200,1983000.0,2021-08-23 04:00:00
131.7623,132.5804,129.9238,130.0297,1629777600,1966200.0,2021-08-24 04:00:00
131.7718,132.4264,130.0681,132.1761,1629864000,1357500.0,2021-08-25 04:00:00
128.6629,131.3002,128.1816,130.9056,1629950400,1523900.0,2021-08-26 04:00:00
130.9249,131.6371,128.6051,128.6147,1630036800,1221000.0,2021-08-27 04:00:00
130.0393,131.3483,129.019,131.1847,1630296000,1477500.0,2021-08-30 04:00:00
130.0778,130.8671,128.4318,129.4233,1630382400,1762900.0,2021-08-31 04:00:00
129.7794,131.3579,129.1826,131.1943,1630468800,1738600.0,2021-09-01 04:00:00
130.328,131.7526,128.9035,130.174,1630555200,1072600.0,2021-09-02 04:00:00
128.0179,130.2318,126.7281,129.3559,1630641600,1354800.0,2021-09-03 04:00:00
129.0286,129.3655,126.9014,127.4597,1630987200,1255700.0,2021-09-07 04:00:00
128.7687,129.9045,126.7763,129.4521,1631073600,2281300.0,2021-09-08 04:00:00
130.9922,132.3494,128.172,128.6051,1631160000,2072600.0,2021-09-09 04:00:00
130.5591,132.5612,129.4522,131.589,1631246400,1574500.0,2021-09-10 04:00:00
134.7365,135.314,130.8478,131.8296,1631505600,1923400.0,2021-09-13 04:00:00
137.0081,137.345,133.7932,134.7269,1631592000,2159400.0,2021-09-14 04:00:00
139.2604,139.6551,134.8039,136.238,1631678400,3068200.0,2021-09-15 04:00:00
139.3759,140.5406,138.4423,138.9909,1631764800,1966800.0,2021-09-16 04:00:00
138.5097,140.1749,138.2787,139.5877,1631851200,2650200.0,2021-09-17 04:00:00
137.4701,137.7589,134.5247,137.1717,1632110400,2375400.0,2021-09-20 04:00:00
136.6905,139.1257,135.9301,138.3172,1632196800,1707300.0,2021-09-21 04:00:00
138.9909,140.3289,137.0177,137.4124,1632283200,1543100.0,2021-09-22 04:00:00
144.2945,144.5544,138.9909,139.2701,1632369600,2913800.0,2021-09-23 04:00:00
146.7971,147.0281,143.4764,143.64,1632456000,1881600.0,2021-09-24 04:00:00
148.5394,149.9447,146.8164,146.9127,1632715200,1890900.0,2021-09-27 04:00:00
147.8367,149.4826,146.5276,147.3939,1632801600,2151600.0,2021-09-28 04:00:00
146.2196,148.6067,145.0357,148.5201,1632888000,1535500.0,2021-09-29 04:00:00
142.5427,146.4314,142.1095,146.4314,1632974400,2030900.0,2021-09-30 04:00:00
150.1275,151.3884,144.641,145.1031,1633060800,4710000.0,2021-10-01 04:00:00
149.3286,152.813,148.549,150.0217,1633320000,1860400.0,2021-10-04 04:00:00
149.6174,150.6569,147.6057,149.4345,1633406400,1744900.0,2021-10-05 04:00:00
149.4923,149.6367,146.133,147.7597,1633492800,1667000.0,2021-10-06 04:00:00
151.8408,153.6793,150.2141,151.1478,1633579200,1862000.0,2021-10-07 04:00:00
151.2056,152.7938,150.5703,152.0719,1633665600,1193900.0,2021-10-08 04:00:00
150.9457,153.7852,150.7051,151.5136,1633924800,1677800.0,2021-10-11 04:00:00
151.5521,152.3028,150.1275,150.7339,1634011200,1995800.0,2021-10-12 04:00:00
148.8281,152.5146,148.3853,152.3029,1634097600,1973100.0,2021-10-13 04:00:00
149.4056,150.6762,148.2987,150.0313,1634184000,1978400.0,2021-10-14 04:00:00
154.0451,155.3734,151.119,151.2248,1634270400,2801300.0,2021-10-15 04:00:00
153.2462,154.4301,152.2933,153.044,1634529600,1541900.0,2021-10-18 04:00:00
149.2131,152.9478,148.703,152.0815,1634616000,2619500.0,2021-10-19 04:00:00
147.5286,149.3767,146.9319,148.9532,1634702400,2402900.0,2021-10-20 04:00:00
149.8195,149.9447,147.1148,147.7982,1634788800,1192800.0,2021-10-21 04:00:00
148.9532,150.1179,148.3565,149.4923,1634875200,996300.0,2021-10-22 04:00:00
148.9917,150.32,147.7019,149.4634,1635134400,1434300.0,2021-10-25 04:00:00
150.1949,151.7061,149.3575,150.7821,1635220800,1804300.0,2021-10-26 04:00:00
153.8141,154.5456,148.4046,149.2612,1635307200,2100300.0,2021-10-27 04:00:00
153.9777,156.2301,152.3318,153.5831,1635393600,2317600.0,2021-10-28 04:00:00
154.0258,155.0173,151.5521,153.0441,1635480000,2025400.0,2021-10-29 04:00:00
155.768,156.076,153.3231,154.3916,1635739200,2177900.0,2021-11-01 04:00:00
154.0643,155.8547,152.3991,154.921,1635825600,2615800.0,2021-11-02 04:00:00
158.3669,160.5711,151.1863,154.7381,1635912000,3158400.0,2021-11-03 04:00:00
157.9434,159.8011,156.6151,159.8011,1635998400,1863800.0,2021-11-04 04:00:00
161.3315,165.2491,160.0032,163.0545,1636084800,2955400.0,2021-11-05 04:00:00
162.0823,164.4405,161.062,163.9496,1636347600,2476600.0,2021-11-08 05:00:00
158.5979,161.755,156.307,161.755,1636434000,1774500.0,2021-11-09 05:00:00
154.9595,158.338,153.6119,157.3562,1636520400,1554800.0,2021-11-10 05:00:00
150.9938,154.9691,150.7532,154.6033,1636606800,1664900.0,2021-11-11 05:00:00
150.6184,152.9959,149.704,151.6002,1636693200,1914100.0,2021-11-12 05:00:00
149.8484,151.8794,149.0784,151.1574,1636952400,1378600.0,2021-11-15 05:00:00
148.2217,149.7521,147.0859,149.319,1637038800,2137700.0,2021-11-16 05:00:00
150.8494,151.0323,146.6239,147.5287,1637125200,1965600.0,2021-11-17 05:00:00
149.8965,151.8312,149.0399,150.8976,1637211600,1126800.0,2021-11-18 05:00:00
149.1169,150.243,144.6314,148.2121,1637298000,1879800.0,2021-11-19 05:00:00
150.5511,151.2633,147.0667,150.3104,1637557200,2268900.0,2021-11-22 05:00:00
151.5425,152.5147,150.2912,151.4847,1637643600,1926300.0,2021-11-23 05:00:00
151.7061,152.1489,147.6538,150.2719,1637730000,1532800.0,2021-11-24 05:00:00
141.9171,142.2251,135.2852,141.1567,1637902800,4264500.0,2021-11-26 05:00:00
145.1223,148.7607,144.0924,144.0924,1638162000,3155000.0,2021-11-29 05:00:00
142.0326,143.4186,140.2423,142.9951,1638248400,3465900.0,2021-11-30 05:00:00
137.1621,146.3736,136.7867,144.6314,1638334800,3198900.0,2021-12-01 05:00:00
145.4592,146.8741,137.7685,137.9995,1638421200,3099000.0,2021-12-02 05:00:00
144.3619,146.518,141.301,145.8924,1638507600,3104600.0,2021-12-03 05:00:00
150.8302,153.5061,146.518,146.518,1638766800,2421800.0,2021-12-06 05:00:00
150.6665,156.1049,149.8676,152.5531,1638853200,2416600.0,2021-12-07 05:00:00
151.735,153.5927,149.9735,151.5617,1638939600,1618500.0,2021-12-08 05:00:00
151.2633,152.5435,149.5404,150.4067,1639026000,1103100.0,2021-12-09 05:00:00
154.7863,154.921,150.1757,152.2837,1639112400,1705600.0,2021-12-10 05:00:00
147.9233,153.6985,147.673,153.1114,1639371600,2362800.0,2021-12-13 05:00:00
148.241,150.0987,146.8356,147.0474,1639458000,1548800.0,2021-12-14 05:00:00
145.5169,148.1639,143.0817,147.2591,1639544400,2228000.0,2021-12-15 05:00:00
145.1127,147.3843,144.4678,145.4977,1639630800,2738400.0,2021-12-16 05:00:00
144.5641,146.1426,141.9845,143.7844,1639717200,3592300.0,2021-12-17 05:00:00
144.0732,145.5747,140.3289,141.4839,1639976400,2765600.0,2021-12-20 05:00:00
152.3895,152.7553,145.2667,145.2667,1640062800,2269300.0,2021-12-21 05:00:00
156.49,157.1156,152.428,152.6205,1640149200,2001000.0,2021-12-22 05:00:00
159.0022,159.5797,156.4514,158.0974,1640235600,1528900.0,2021-12-23 05:00:00
160.4652,160.831,157.3273,158.3091,1640581200,1139900.0,2021-12-27 05:00:00
160.5037,161.3796,159.0888,159.6952,1640667600,1297200.0,2021-12-28 05:00:00
160.3112,161.3027,159.3006,160.1187,1640754000,905600.0,2021-12-29 05:00:00
158.6845,161.6876,158.5594,160.3112,1640840400,840900.0,2021-12-30 05:00:00
159.0503,159.9551,157.9241,158.6749,1640926800,902700.0,2021-12-31 05:00:00
157.7701,160.1764,155.1905,158.8866,1641186000,1836800.0,2022-01-03 05:00:00
161.7165,164.7485,159.5893,160.523,1641272400,2131600.0,2022-01-04 05:00:00
158.2129,162.6695,158.1744,161.9668,1641358800,1656700.0,2022-01-05 05:00:00
159.0311,160.2246,158.0781,159.1081,1641445200,1421600.0,2022-01-06 05:00:00
160.4171,162.4288,158.5209,159.7818,1641531600,1508800.0,2022-01-07 05:00:00
155.9798,161.5914,154.1317,160.985,1641790800,2228400.0,2022-01-10 05:00:00
159.0118,159.4449,154.074,155.9028,1641877200,2141100.0,2022-01-11 05:00:00
158.6845,160.6192,156.5669,160.1187,1641963600,1606400.0,2022-01-12 05:00:00
158.3476,161.0331,157.953,158.7615,1642050000,1619700.0,2022-01-13 05:00:00
156.7017,158.261,153.7371,157.7509,1642136400,1886400.0,2022-01-14 05:00:00
153.5349,155.075,151.7735,154.1221,1642482000,2087600.0,2022-01-18 05:00:00
148.4238,153.9873,148.3372,153.9392,1642568400,2396300.0,2022-01-19 05:00:00
150.8302,155.6333,149.55,149.7233,1642654800,2160400.0,2022-01-20 05:00:00
151.1093,154.1991,148.7126,150.8302,1642741200,4745500.0,2022-01-21 05:00:00
149.9062,150.6377,145.2763,148.2313,1643000400,3537700.0,2022-01-24 05:00:00
151.1478,152.3221,144.718,148.1832,1643086800,2197200.0,2022-01-25 05:00:00
152.7841,157.8567,150.8206,152.12,1643173200,2345800.0,2022-01-26 05:00:00
147.9522,154.8343,146.4314,153.6504,1643259600,2184100.0,2022-01-27 05:00:00
153.4098,153.5349,147.0281,148.2313,1643346000,1930400.0,2022-01-28 05:00:00
155.0846,155.2482,151.35,152.6013,1643605200,1972100.0,2022-01-31 05:00:00
156.9135,157.5487,154.3242,155.0846,1643691600,1755100.0,2022-02-01 05:00:00
154.844,157.5102,154.1125,157.2215,1643778000,3912500.0,2022-02-02 05:00:00
155.9413,158.3284,154.0066,154.0066,1643864400,2920000.0,2022-02-03 05:00:00
156.6439,157.5776,152.967,154.9787,1643950800,2204700.0,2022-02-04 05:00:00
159.8203,160.9754,156.6535,157.0097,1644210000,2003300.0,2022-02-07 05:00:00
165.1239,165.5956,159.108,160.8021,1644296400,2553000.0,2022-02-08 05:00:00
167.0297,169.9077,165.5859,166.0961,1644382800,2100300.0,2022-02-09 05:00:00
168.1367,169.8693,163.6416,164.4887,1644469200,2122100.0,2022-02-10 05:00:00
163.5165,170.5912,162.3614,168.5987,1644555600,2819100.0,2022-02-11 05:00:00
164.9122,167.8672,163.0737,164.1614,1644814800,2675200.0,2022-02-14 05:00:00
174.4124,174.5472,168.0019,169.3109,1644901200,4264300.0,2022-02-15 05:00:00
176.3953,178.0605,171.3323,171.6307,1644987600,3263800.0,2022-02-16 05:00:00
171.496,174.9707,171.0532,173.4211,1645074000,3356300.0,2022-02-17 05:00:00
168.3677,172.8146,168.1752,170.928,1645160400,2882400.0,2022-02-18 05:00:00
166.6351,169.234,163.4491,168.0789,1645506000,2744000.0,2022-02-22 05:00:00
161.678,168.0116,161.1005,167.6169,1645592400,3494800.0,2022-02-23 05:00:00
162.4288,163.1989,156.8461,156.952,1645678800,4332700.0,2022-02-24 05:00:00
167.8383,168.0597,162.1208,164.1421,1645765200,2805800.0,2022-02-25 05:00:00
163.7667,166.0287,161.2545,164.0073,1646024400,2574400.0,2022-02-28 05:00:00
158.7327,163.6416,157.7413,162.3807,1646110800,2886100.0,2022-03-01 05:00:00
161.9283,164.6041,160.6577,161.3026,1646197200,2159600.0,2022-03-02 05:00:00
159.2717,165.1047,158.2899,163.3817,1646283600,2444900.0,2022-03-03 05:00:00
153.3135,157.7893,150.8879,156.8942,1646370000,2858200.0,2022-03-04 05:00:00
142.5138,153.2558,142.3887,153.2558,1646629200,3769100.0,2022-03-07 05:00:00
147.0666,153.1499,140.5984,143.3416,1646715600,4939400.0,2022-03-08 05:00:00
153.4965,156.4707,151.8313,152.274,1646802000,3509600.0,2022-03-09 05:00:00
156.4707,158.0685,150.2045,150.6858,1646888400,2573300.0,2022-03-10 05:00:00
155.5851,159.3294,155.2579,158.1936,1646974800,2316300.0,2022-03-11 05:00:00
155.7006,157.9819,154.1124,156.1915,1647230400,1917600.0,2022-03-14 04:00:00
160.1668,161.062,157.5198,157.7893,1647316800,2297300.0,2022-03-15 04:00:00
165.8362,166.0383,160.7732,161.8898,1647403200,2300300.0,2022-03-16 04:00:00
164.8255,164.8352,161.832,163.9496,1647489600,1582300.0,2022-03-17 04:00:00
164.7774,166.9431,161.37,163.8822,1647576000,3542300.0,2022-03-18 04:00:00
163.5839,163.8438,161.5625,163.5839,1647835200,1770400.0,2022-03-21 04:00:00
164.1806,166.4041,163.6127,165.2394,1647921600,2004100.0,2022-03-22 04:00:00
161.37,164.5753,160.9369,163.0641,1648008000,2709100.0,2022-03-23 04:00:00
165.5378,165.5474,160.9369,162.6694,1648094400,1795800.0,2022-03-24 04:00:00
165.095,167.1837,164.3539,165.557,1648180800,1427600.0,2022-03-25 04:00:00
165.1336,166.1057,162.8042,165.6533,1648440000,1215600.0,2022-03-28 04:00:00
171.6404,172.266,167.5784,167.7132,1648526400,2200900.0,2022-03-29 04:00:00
169.8403,172.4103,168.8297,170.8895,1648612800,2285200.0,2022-03-30 04:00:00
169.1666,172.5836,169.1377,170.5526,1648699200,2368900.0,2022-03-31 04:00:00
167.1741,171.6981,166.1442,170.2928,1648785600,1900400.0,2022-04-01 04:00:00
168.1078,168.4832,165.1913,166.8757,1649044800,1394900.0,2022-04-04 04:00:00
167.4822,169.9944,165.5571,167.8768,1649131200,1545100.0,2022-04-05 04:00:00
159.9454,165.326,159.416,165.326,1649217600,2180100.0,2022-04-06 04:00:00
158.492,160.3786,156.2782,159.3776,1649304000,2608600.0,2022-04-07 04:00:00
157.722,159.1177,156.3167,157.4813,1649390400,1522400.0,2022-04-08 04:00:00
156.3648,159.3583,155.6044,155.8932,1649649600,1402500.0,2022-04-11 04:00:00
157.1252,159.7433,156.2012,158.4632,1649736000,1549700.0,2022-04-12 04:00:00
168.9645,169.6479,157.8664,158.0108,1649822400,3343800.0,2022-04-13 04:00:00
173.7483,174.7205,169.5997,169.5997,1649908800,3631700.0,2022-04-14 04:00:00
176.2894,178.022,172.5162,172.5162,1650254400,2961100.0,2022-04-18 04:00:00
181.7085,182.4496,175.2306,175.452,1650340800,2775100.0,2022-04-19 04:00:00
183.1716,186.5308,181.7085,181.9203,1650427200,3500700.0,2022-04-20 04:00:00
177.2712,188.5618,176.8188,186.2902,1650513600,2905600.0,2022-04-21 04:00:00
172.7665,177.2712,172.2371,176.8766,1650600000,1872900.0,2022-04-22 04:00:00
175.6445,175.8466,170.3794,172.1697,1650859200,2368300.0,2022-04-25 04:00:00
170.6104,176.3183,170.1965,174.2199,1650945600,2085100.0,2022-04-26 04:00:00
173.4499,175.0189,169.3206,171.2649,1651032000,1808900.0,2022-04-27 04:00:00
177.6466,179.1963,173.3248,174.9129,1651118400,2335500.0,2022-04-28 04:00:00
170.8703,178.1952,170.3313,176.1161,1651204800,2605500.0,2022-04-29 04:00:00
171.4671,173.5654,166.7891,172.2467,1651464000,2590000.0,2022-05-02 04:00:00
166.5581,171.9965,164.3924,171.958,1651550400,4135800.0,2022-05-03 04:00:00
174.451,174.7686,165.8651,169.4072,1651636800,4283900.0,2022-05-04 04:00:00
171.0051,176.6359,168.6179,172.959,1651723200,3174400.0,2022-05-05 04:00:00
166.0576,171.8521,162.9389,171.5055,1651809600,2764100.0,2022-05-06 04:00:00
157.7124,164.5753,156.0279,164.5753,1652068800,4058300.0,2022-05-09 04:00:00
161.7935,163.863,158.7519,161.7647,1652155200,2594500.0,2022-05-10 04:00:00
160.7058,166.0287,159.5796,161.3411,1652241600,2973800.0,2022-05-11 04:00:00
157.2215,161.0428,153.9681,159.2717,1652328000,2619600.0,2022-05-12 04:00:00
160.4615,161.503,157.9061,160.0758,1652414400,2772300.0,2022-05-13 04:00:00
156.5368,160.4519,155.64,159.7865,1652673600,2367900.0,2022-05-16 04:00:00
158.9765,161.3487,156.7007,160.394,1652760000,2302300.0,2022-05-17 04:00:00
148.5233,158.5136,147.5494,156.9225,1652846400,3748400.0,2022-05-18 04:00:00
151.3392,153.8946,146.8165,147.8194,1652932800,2228000.0,2022-05-19 04:00:00
149.6902,153.9332,146.0258,153.7306,1653019200,2105800.0,2022-05-20 04:00:00
152.3228,153.4799,147.8483,150.8859,1653278400,1832300.0,2022-05-23 04:00:00
147.1926,151.0981,144.4154,150.1241,1653364800,2303600.0,2022-05-24 04:00:00
153.856,154.6275,145.3894,145.9872,1653451200,3079800.0,2022-05-25 04:00:00
164.097,165.5628,154.6275,154.6275,1653537600,3693100.0,2022-05-26 04:00:00
166.4017,170.6833,164.367,164.367,1653624000,2387200.0,2022-05-27 04:00:00
165.4567,166.72,162.3227,164.9456,1653969600,2224800.0,2022-05-31 04:00:00
164.502,167.7903,161.8694,166.3824,1654056000,1729700.0,2022-06-01 04:00:00
168.1953,168.3496,164.2995,164.6563,1654142400,1749800.0,2022-06-02 04:00:00
168.4171,169.1403,165.7171,166.6235,1654228800,1370300.0,2022-06-03 04:00:00
171.2715,172.8433,169.0439,170.6833,1654488000,1394700.0,2022-06-06 04:00:00
170.8568,171.4836,167.4721,169.4972,1654574400,1336400.0,2022-06-07 04:00:00
167.0092,169.4103,165.6399,169.015,1654660800,1693500.0,2022-06-08 04:00:00
161.6669,166.9032,161.6573,166.9032,1654747200,1449300.0,2022-06-09 04:00:00
154.1646,161.0594,154.0585,159.1404,1654833600,2736300.0,2022-06-10 04:00:00
146.6719,149.0537,144.5214,148.5041,1655092800,4029800.0,2022-06-13 04:00:00
146.7876,149.208,144.9168,148.3691,1655179200,2667200.0,2022-06-14 04:00:00
149.2755,151.5513,147.6555,149.2369,1655265600,2051200.0,2022-06-15 04:00:00
139.9796,145.4183,139.4299,144.5022,1655352000,2610900.0,2022-06-16 04:00:00
140.047,142.371,137.7038,140.6353,1655438400,3277500.0,2022-06-17 04:00:00
136.5273,142.7086,136.1319,142.5543,1655784000,3357100.0,2022-06-21 04:00:00
131.59,136.5273,131.1368,134.4637,1655870400,4112900.0,2022-06-22 04:00:00
128.3114,132.7858,126.3345,132.7569,1655956800,3285700.0,2022-06-23 04:00:00
134.4155,136.0355,128.5042,130.1821,1656043200,3075900.0,2022-06-24 04:00:00
135.1869,136.0548,133.4029,134.6179,1656302400,2056500.0,2022-06-27 04:00:00
133.7405,140.8475,133.5669,137.6363,1656388800,2241100.0,2022-06-28 04:00:00
132.8147,134.6372,130.8764,133.7404,1656475200,2621600.0,2022-06-29 04:00:00
131.1561,133.2101,128.321,130.2978,1656561600,3379200.0,2022-06-30 04:00:00
134.213,134.2805,129.8157,130.8957,1656648000,2039900.0,2022-07-01 04:00:00
133.7405,133.7983,129.2082,131.0693,1656993600,2367000.0,2022-07-05 04:00:00
130.8089,134.724,128.7742,133.9912,1657080000,1880400.0,2022-07-06 04:00:00
133.7308,134.8205,132.0818,132.564,1657166400,2017100.0,2022-07-07 04:00:00
132.8822,133.8755,130.7222,133.7308,1657252800,1631400.0,2022-07-08 04:00:00
132.8436,133.5765,130.3268,132.2072,1657512000,2161700.0,2022-07-11 04:00:00
134.1551,136.2091,132.0432,132.0432,1657598400,1691700.0,2022-07-12 04:00:00
135.7752,137.0384,130.8572,131.3972,1657684800,2337100.0,2022-07-13 04:00:00
135.7559,136.2187,133.0269,133.0365,1657771200,2398100.0,2022-07-14 04:00:00
138.2342,139.2853,136.5948,137.5206,1657857600,2072300.0,2022-07-15 04:00:00
139.4299,143.7018,138.562,140.0085,1658116800,2028500.0,2022-07-18 04:00:00
145.534,145.8618,140.7317,140.8764,1658203200,2531000.0,2022-07-19 04:00:00
147.1541,148.0412,144.6468,145.3894,1658289600,1932200.0,2022-07-20 04:00:00
145.6111,146.4694,142.4867,145.6111,1658376000,1777400.0,2022-07-21 04:00:00
145.5244,149.2177,144.9265,147.0673,1658462400,2259700.0,2022-07-22 04:00:00
147.5301,147.9255,144.8397,147.3565,1658721600,1543200.0,2022-07-25 04:00:00
145.6497,147.3469,145.1869,146.6623,1658808000,2032500.0,2022-07-26 04:00:00
151.9756,153.5571,149.3141,149.5455,1658894400,2660100.0,2022-07-27 04:00:00
152.4481,153.9139,149.3334,152.4867,1658980800,1708600.0,2022-07-28 04:00:00
153.1521,154.126,151.0402,151.8984,1659067200,1937000.0,2022-07-29 04:00:00
153.8753,154.3092,150.8088,152.3613,1659326400,2051000.0,2022-08-01 04:00:00
152.5928,156.4307,150.0277,156.4115,1659412800,3114000.0,2022-08-02 04:00:00
153.6535,155.3218,152.9495,153.6149,1659499200,1791100.0,2022-08-03 04:00:00
153.316,154.0778,151.5706,153.7403,1659585600,1337600.0,2022-08-04 04:00:00
151.4067,153.5089,150.3652,152.101,1659672000,2146100.0,2022-08-05 04:00:00
152.6217,155.4278,151.7731,151.9467,1659931200,1444800.0,2022-08-08 04:00:00
153.1231,153.8753,151.0788,152.4288,1660017600,1499500.0,2022-08-09 04:00:00
155.4857,156.99,154.5696,156.045,1660104000,1480500.0,2022-08-10 04:00:00
155.3796,158.4751,154.965,157.7036,1660190400,1324400.0,2022-08-11 04:00:00
158.2147,158.4943,155.1482,156.2185,1660276800,1610200.0,2022-08-12 04:00:00
157.3565,158.5329,155.9293,156.3343,1660536000,1304900.0,2022-08-15 04:00:00
160.3073,160.6158,156.6814,156.9804,1660622400,1869600.0,2022-08-16 04:00:00
158.0177,159.1287,156.3851,158.4235,1660708800,1452000.0,2022-08-17 04:00:00
159.4475,159.8725,157.496,158.1143,1660795200,1093200.0,2022-08-18 04:00:00
155.902,158.6746,155.4287,157.8824,1660881600,1401900.0,2022-08-19 04:00:00
152.5595,154.2984,152.1248,152.8879,1661140800,1417900.0,2022-08-22 04:00:00
153.255,155.1099,152.9749,152.9845,1661227200,1423800.0,2022-08-23 04:00:00
154.5012,155.0809,152.4435,152.4435,1661313600,1892300.0,2022-08-24 04:00:00
157.1482,157.6989,155.1968,155.7958,1661400000,1274100.0,2022-08-25 04:00:00
151.3712,158.2978,150.9461,157.5346,1661486400,1747700.0,2022-08-26 04:00:00
150.4341,151.4678,149.2169,149.7193,1661745600,1555500.0,2022-08-29 04:00:00
148.1349,151.9509,147.8065,151.4002,1661832000,1987500.0,2022-08-30 04:00:00
148.5214,150.6177,148.1349,149.0141,1661918400,2241900.0,2022-08-31 04:00:00
148.7242,148.9368,144.8117,147.2558,1662004800,2297000.0,2022-09-01 04:00:00
148.9947,152.3373,148.2219,149.7386,1662091200,1855000.0,2022-09-02 04:00:00
147.1979,150.9462,145.3914,149.9415,1662436800,1680800.0,2022-09-06 04:00:00
152.2504,152.5788,147.1303,147.5167,1662523200,2240900.0,2022-09-07 04:00:00
153.9893,154.0376,150.241,151.0718,1662609600,1690800.0,2022-09-08 04:00:00
156.8488,157.2449,154.7621,154.9456,1662696000,1392400.0,2022-09-09 04:00:00
158.2206,159.3992,157.2738,158.3848,1662955200,1602100.0,2022-09-12 04:00:00
152.5208,156.2595,151.7093,153.5932,1663041600,2261000.0,2022-09-13 04:00:00
157.0227,157.1579,151.3326,152.6368,1663128000,1790000.0,2022-09-14 04:00:00
156.9936,160.8965,156.2401,157.8921,1663214400,1862700.0,2022-09-15 04:00:00
149.6613,154.878,148.077,154.878,1663300800,3370000.0,2022-09-16 04:00:00
152.0185,152.8493,147.478,147.7582,1663560000,1972600.0,2022-09-19 04:00:00
151.6804,153.0329,149.584,151.4002,1663646400,2102900.0,2022-09-20 04:00:00
143.1404,151.1877,143.1211,151.0041,1663732800,3281200.0,2022-09-21 04:00:00
135.354,142.4545,134.9193,142.0391,1663819200,3542500.0,2022-09-22 04:00:00
132.8133,133.6248,131.287,133.4606,1663905600,2414600.0,2022-09-23 04:00:00
131.5961,135.4507,131.4029,133.1031,1664164800,1946900.0,2022-09-26 04:00:00
133.9726,136.3201,132.2433,134.6681,1664251200,2251200.0,2022-09-27 04:00:00
138.9381,139.653,133.8083,134.3397,1664337600,2085100.0,2022-09-28 04:00:00
135.7405,137.489,134.2624,137.1606,1664424000,1871000.0,2022-09-29 04:00:00
135.383,139.0927,133.5765,135.1512,1664510400,2100800.0,2022-09-30 04:00:00
136.0206,137.8175,134.0016,137.2669,1664769600,2107000.0,2022-10-03 04:00:00
142.5511,143.6718,138.5324,139.4888,1664856000,2128600.0,2022-10-04 04:00:00
142.1841,143.1791,139.9042,140.3679,1664942400,1489000.0,2022-10-05 04:00:00
139.1796,143.237,138.7255,141.7879,1665028800,1653300.0,2022-10-06 04:00:00
136.6968,137.3441,134.5812,137.1122,1665115200,2409100.0,2022-10-07 04:00:00
135.7308,138.542,134.7358,137.2958,1665374400,1509100.0,2022-10-10 04:00:00
134.0788,136.7548,132.5911,136.0592,1665460800,1873800.0,2022-10-11 04:00:00
137.0543,138.3875,132.6298,133.7987,1665547200,1855500.0,2022-10-12 04:00:00
138.3585,139.2183,132.6008,134.0499,1665633600,2398500.0,2022-10-13 04:00:00
138.6579,142.8216,137.6822,141.0537,1665720000,2076000.0,2022-10-14 04:00:00
142.8313,143.3916,140.8895,142.0005,1665979200,2060000.0,2022-10-17 04:00:00
144.8987,148.6566,143.5365,146.3381,1666065600,1870900.0,2022-10-18 04:00:00
144.8987,146.5216,143.5945,143.5945,1666152000,1173800.0,2022-10-19 04:00:00
142.5125,147.9707,142.1744,145.459,1666238400,1408200.0,2022-10-20 04:00:00
148.2799,148.7822,141.5271,141.73,1666324800,2339400.0,2022-10-21 04:00:00
149.7193,151.1587,147.2365,149.0334,1666584000,1967900.0,2022-10-24 04:00:00
150.154,150.8109,147.9128,149.1203,1666670400,1697100.0,2022-10-25 04:00:00
149.7772,153.4289,148.9174,151.3519,1666756800,2464400.0,2022-10-26 04:00:00
150.9462,153.0908,150.7047,151.4678,1666843200,1624700.0,2022-10-27 04:00:00
154.2308,154.5786,150.0188,150.9462,1666929600,1796900.0,2022-10-28 04:00:00
154.6752,157.0227,152.772,153.3613,1667188800,2493000.0,2022-10-31 04:00:00
154.6365,157.467,153.8153,156.9067,1667275200,1573600.0,2022-11-01 04:00:00
147.7968,153.854,147.1302,153.5642,1667361600,2596000.0,2022-11-02 04:00:00
141.5078,145.6908,139.0347,144.7054,1667448000,2929800.0,2022-11-03 04:00:00
143.9037,146.1449,142.3387,144.3674,1667534400,3342900.0,2022-11-04 04:00:00
143.3143,144.947,140.0781,144.4639,1667797200,2039600.0,2022-11-07 05:00:00
145.3914,147.536,143.4109,144.0099,1667883600,1760100.0,2022-11-08 05:00:00
144.4929,147.9611,143.0535,143.2467,1667970000,2136400.0,2022-11-09 05:00:00
152.6174,153.1777,150.5114,150.5211,1668056400,2421900.0,2022-11-10 05:00:00
158.2206,159.2929,154.4046,154.5689,1668142800,2634300.0,2022-11-11 05:00:00
154.1148,158.8195,153.854,156.501,1668402000,2082600.0,2022-11-14 05:00:00
156.2788,157.6602,154.0955,155.8247,1668488400,2003500.0,2022-11-15 05:00:00
156.1146,157.0226,154.9456,156.2691,1668574800,2063500.0,2022-11-16 05:00:00
154.5399,154.6268,152.1537,152.9266,1668661200,1647100.0,2022-11-17 05:00:00
156.2208,157.583,155.0036,156.6556,1668747600,1864900.0,2022-11-18 05:00:00
155.0809,157.2352,154.5109,155.8634,1669006800,1322100.0,2022-11-21 05:00:00
157.8023,158.1122,154.5289,155.8266,1669093200,1508800.0,2022-11-22 05:00:00
156.3883,158.3446,156.0106,157.7345,1669179600,1455700.0,2022-11-23 05:00:00
157.4052,158.6739,156.1656,156.4755,1669352400,918700.0,2022-11-25 05:00:00
153.88,156.6885,153.6766,156.6401,1669611600,1856400.0,2022-11-28 05:00:00
156.1752,157.0372,153.9865,153.9865,1669698000,1824400.0,2022-11-29 05:00:00
160.1363,160.1557,154.4901,155.5361,1669784400,2662800.0,2022-11-30 05:00:00
159.9813,161.9086,159.071,160.4075,1669870800,1874400.0,2022-12-01 05:00:00
160.4075,160.5334,157.3762,157.8604,1669957200,1419300.0,2022-12-02 05:00:00
156.9307,159.5746,156.6014,159.1291,1670216400,2180100.0,2022-12-05 05:00:00
155.4102,157.6183,153.8703,156.8338,1670302800,1898200.0,2022-12-06 05:00:00
152.3208,155.2552,152.1465,154.6548,1670389200,2199600.0,2022-12-07 05:00:00
155.5942,156.553,153.0374,153.6573,1670475600,1849600.0,2022-12-08 05:00:00
156.0784,157.3955,155.0228,155.323,1670562000,1264100.0,2022-12-09 05:00:00
158.025,158.0638,154.432,155.9331,1670821200,1554500.0,2022-12-12 05:00:00
157.9766,163.7197,157.1147,163.342,1670907600,2177700.0,2022-12-13 05:00:00
154.3061,158.2187,152.466,156.1655,1670994000,2464700.0,2022-12-14 05:00:00
150.5097,152.098,148.3791,151.3232,1671080400,2517700.0,2022-12-15 05:00:00
148.9408,149.9189,147.6334,149.212,1671166800,4943500.0,2022-12-16 05:00:00
146.5971,149.5122,145.7739,149.212,1671426000,2019600.0,2022-12-19 05:00:00
145.6674,147.4494,145.3865,146.1419,1671512400,1675400.0,2022-12-20 05:00:00
144.0597,147.2944,143.0912,146.5777,1671598800,2284300.0,2022-12-21 05:00:00
142.578,143.8466,140.7863,142.5876,1671685200,1837200.0,2022-12-22 05:00:00
143.8951,144.205,141.7063,141.7063,1671771600,1067600.0,2022-12-23 05:00:00
143.6723,144.6699,143.2753,144.3212,1672117200,1350000.0,2022-12-27 05:00:00
141.009,144.6601,140.9897,143.8466,1672203600,1321600.0,2022-12-28 05:00:00
143.3043,144.1081,141.6482,142.2874,1672290000,1431900.0,2022-12-29 05:00:00
144.1953,144.3502,141.8032,142.3746,1672376400,1541900.0,2022-12-30 05:00:00
143.0912,145.9773,142.4617,145.125,1672722000,1686200.0,2023-01-03 05:00:00
145.1347,146.4712,144.3987,144.5343,1672808400,1731300.0,2023-01-04 05:00:00
144.1856,145.3575,143.2946,144.3115,1672894800,1542300.0,2023-01-05 05:00:00
148.5437,149.057,145.2993,145.7932,1672981200,1589000.0,2023-01-06 05:00:00
147.7205,150.4806,146.8682,146.9748,1673240400,1864500.0,2023-01-09 05:00:00
148.3307,148.9408,146.723,147.6334,1673326800,1275200.0,2023-01-10 05:00:00
153.4733,153.5798,149.0764,149.2992,1673413200,1712500.0,2023-01-11 05:00:00
154.9453,155.5264,152.7082,153.3764,1673499600,1627000.0,2023-01-12 05:00:00
156.6789,156.9985,154.1608,154.5579,1673586000,1532600.0,2023-01-13 05:00:00
155.9138,157.444,155.3811,156.1946,1673931600,2570500.0,2023-01-17 05:00:00
154.7516,158.5867,154.6644,157.1824,1674018000,2188000.0,2023-01-18 05:00:00
155.9525,156.8338,153.2602,153.4442,1674104400,2184900.0,2023-01-19 05:00:00
161.6471,161.8796,155.11,155.6039,1674190800,2330300.0,2023-01-20 05:00:00
163.6906,164.446,159.8652,160.7658,1674450000,2585400.0,2023-01-23 05:00:00
164.2813,164.3491,162.3057,163.2548,1674536400,1644900.0,2023-01-24 05:00:00
166.8962,167.487,162.3347,162.3347,1674622800,1881500.0,2023-01-25 05:00:00
169.0753,169.1624,167.148,168.0003,1674709200,1620100.0,2023-01-26 05:00:00
168.8332,171.0025,168.5329,168.9978,1674795600,1637000.0,2023-01-27 05:00:00
165.8019,168.0487,165.6372,166.9253,1675054800,2041900.0,2023-01-30 05:00:00
168.6879,168.7266,165.4241,166.044,1675141200,1329100.0,2023-01-31 05:00:00
169.8307,171.1284,165.6178,167.5644,1675227600,1456300.0,2023-02-01 05:00:00
170.6151,171.9807,169.5014,171.0316,1675314000,1145500.0,2023-02-02 05:00:00
168.93,170.1697,167.4483,168.5039,1675400400,1504500.0,2023-02-03 05:00:00
166.8865,168.4554,166.3054,167.2739,1675659600,1485900.0,2023-02-06 05:00:00
169.8888,170.9638,165.4532,166.5766,1675746000,1808800.0,2023-02-07 05:00:00
168.5232,169.5014,167.5451,168.2424,1675832400,1520200.0,2023-02-08 05:00:00
169.3852,171.9904,168.7557,170.0244,1675918800,1525300.0,2023-02-09 05:00:00
165.9665,168.5911,164.6978,167.6807,1676005200,1544700.0,2023-02-10 05:00:00
168.8719,169.511,166.3151,166.6056,1676264400,1995400.0,2023-02-13 05:00:00
175.5543,175.8255,166.1214,170.1793,1676350800,3366200.0,2023-02-14 05:00:00
174.8958,175.5446,173.5302,175.2154,1676437200,2563000.0,2023-02-15 05:00:00
170.2471,173.9951,169.9081,171.8063,1676523600,2277900.0,2023-02-16 05:00:00
167.0802,169.1818,165.7147,169.1237,1676610000,1890000.0,2023-02-17 05:00:00
165.2982,166.8575,164.4944,165.3757,1676955600,1817800.0,2023-02-21 05:00:00
165.2111,166.3732,163.8649,164.6784,1677042000,1250500.0,2023-02-22 05:00:00
166.9099,167.8127,164.881,166.5119,1677128400,1382700.0,2023-02-23 05:00:00
165.347,165.6867,164.0559,164.5121,1677214800,1642400.0,2023-02-24 05:00:00
164.6481,167.0458,164.3083,166.7352,1677474000,1543000.0,2023-02-27 05:00:00
164.2889,166.0362,163.92,164.5995,1677560400,2709700.0,2023-02-28 05:00:00
164.483,165.7935,163.4443,164.4636,1677646800,1799600.0,2023-03-01 05:00:00
165.9003,166.5507,162.9492,164.4345,1677733200,1254300.0,2023-03-02 05:00:00
168.0068,168.5019,166.075,166.8225,1677819600,1406500.0,2023-03-03 05:00:00
169.9968,171.8121,168.2204,168.2204,1678078800,2136100.0,2023-03-06 05:00:00
168.4922,171.6083,167.968,170.4434,1678165200,1436000.0,2023-03-07 05:00:00
168.366,169.8221,167.3758,168.5602,1678251600,1184500.0,2023-03-08 05:00:00
162.823,168.6184,162.5415,168.3854,1678338000,1871000.0,2023-03-09 05:00:00
159.7167,163.8812,159.2022,162.0562,1678424400,1710700.0,2023-03-10 05:00:00
155.8628,157.9596,154.2902,157.7849,1678680000,2394700.0,2023-03-13 04:00:00
157.9305,160.0758,156.5617,158.2508,1678766400,1901300.0,2023-03-14 04:00:00
153.698,154.5717,150.9799,154.2902,1678852800,2757700.0,2023-03-15 04:00:00
156.4161,157.0082,152.4069,152.9505,1678939200,1887000.0,2023-03-16 04:00:00
154.1252,155.6881,152.8341,155.1833,1679025600,2480100.0,2023-03-17 04:00:00
158.2702,158.61,154.5426,154.9891,1679284800,2342700.0,2023-03-20 04:00:00
162.8522,163.4055,160.1147,160.1438,1679371200,2327800.0,2023-03-21 04:00:00
158.4353,162.658,158.3479,162.4056,1679457600,2397600.0,2023-03-22 04:00:00
155.2997,160.998,153.863,159.0177,1679544000,2423200.0,2023-03-23 04:00:00
151.9798,153.6398,149.0676,153.3292,1679630400,2509800.0,2023-03-24 04:00:00
151.9993,154.1931,151.4848,153.5233,1679889600,1637500.0,2023-03-27 04:00:00
154.329,154.4164,151.2421,151.3294,1679976000,1825900.0,2023-03-28 04:00:00
157.3869,157.9208,155.4648,155.5328,1680062400,1752200.0,2023-03-29 04:00:00
157.9111,159.6875,157.6587,159.1245,1680148800,1175800.0,2023-03-30 04:00:00
161.1825,161.8038,159.4837,159.4837,1680235200,1514200.0,2023-03-31 04:00:00
159.6487,161.1825,158.5421,160.5903,1680494400,1533000.0,2023-04-03 04:00:00
159.5711,160.5515,158.7265,160.3185,1680580800,1200700.0,2023-04-04 04:00:00
157.8043,159.0954,157.3383,158.8333,1680667200,1380100.0,2023-04-05 04:00:00
158.2799,158.8041,156.6685,158.2314,1680753600,1092400.0,2023-04-06 04:00:00
158.0276,160.5321,157.4839,157.4839,1681099200,1256500.0,2023-04-10 04:00:00
159.0857,159.9108,158.2217,158.6683,1681185600,1203900.0,2023-04-11 04:00:00
156.7462,160.4544,156.2996,160.105,1681272000,1370600.0,2023-04-12 04:00:00
160.6583,160.7845,156.9889,158.2411,1681358400,1569700.0,2023-04-13 04:00:00
163.1822,163.2696,160.6583,160.6583,1681444800,1736400.0,2023-04-14 04:00:00
164.7839,165.114,163.3181,163.7938,1681704000,1221100.0,2023-04-17 04:00:00
168.5795,168.8416,166.1332,166.5701,1681790400,1867700.0,2023-04-18 04:00:00
168.6281,169.2785,167.337,167.337,1681876800,1430300.0,2023-04-19 04:00:00
168.6766,169.4338,167.7059,167.8418,1681963200,2001700.0,2023-04-20 04:00:00
169.3076,169.8221,168.0456,168.8125,1682049600,1321100.0,2023-04-21 04:00:00
169.23,169.9871,168.3951,169.6668,1682308800,1146800.0,2023-04-24 04:00:00
167.8029,169.5988,167.3564,168.7155,1682395200,2226300.0,2023-04-25 04:00:00
160.2894,169.0358,159.872,167.8903,1682481600,3087400.0,2023-04-26 04:00:00
160.5515,161.4251,158.0178,161.1436,1682568000,2105900.0,2023-04-27 04:00:00
164.386,164.9393,159.5419,160.3185,1682654400,1645900.0,2023-04-28 04:00:00
165.1625,168.2204,163.8423,164.017,1682913600,1928700.0,2023-05-01 04:00:00
173.3848,173.7148,168.5505,168.6669,1683000000,3821300.0,2023-05-02 04:00:00
173.2294,177.9084,172.4334,174.3652,1683086400,2378500.0,2023-05-03 04:00:00
171.3171,174.6855,170.754,173.2294,1683172800,2090000.0,2023-05-04 04:00:00
171.4044,173.9866,169.3173,173.8798,1683259200,1638300.0,2023-05-05 04:00:00
172.7441,173.2003,170.5502,172.1713,1683518400,1244900.0,2023-05-08 04:00:00
173.7537,174.4914,172.414,173.3168,1683604800,1400100.0,2023-05-09 04:00:00
170.4919,175.2195,167.8903,174.7341,1683691200,2198600.0,2023-05-10 04:00:00
169.3853,170.1425,167.9583,170.0648,1683777600,1448000.0,2023-05-11 04:00:00
169.0067,170.2201,167.7544,169.3853,1683864000,1053100.0,2023-05-12 04:00:00
170.3657,170.424,167.7641,169.5212,1684123200,975800.0,2023-05-15 04:00:00
169.4629,171.1714,168.8125,169.8609,1684209600,1119000.0,2023-05-16 04:00:00
171.9286,173.4527,169.8609,171.385,1684296000,1073800.0,2023-05-17 04:00:00
175.7436,176.1028,171.0938,171.0938,1684382400,1344300.0,2023-05-18 04:00:00
173.21,176.1417,172.3169,175.9961,1684468800,1227300.0,2023-05-19 04:00:00
169.5697,173.3362,169.1232,173.1906,1684728000,1715400.0,2023-05-22 04:00:00
164.5801,168.3563,163.6773,168.3563,1684814400,2605800.0,2023-05-23 04:00:00
163.3278,164.3956,162.3085,163.8132,1684900800,1619000.0,2023-05-24 04:00:00
167.1547,167.5734,162.7241,163.5323,1684987200,1619000.0,2023-05-25 04:00:00
167.252,169.5209,166.9696,166.9696,1685073600,1390000.0,2023-05-26 04:00:00
164.6521,168.4985,164.3211,167.9045,1685419200,1037500.0,2023-05-30 04:00:00
163.3863,165.3825,160.7961,165.0222,1685505600,2088700.0,2023-05-31 04:00:00
166.6483,167.6318,162.4515,163.3862,1685592000,1791600.0,2023-06-01 04:00:00
172.5687,172.744,167.3105,167.3105,1685678400,1652900.0,2023-06-02 04:00:00
172.5687,172.9193,171.1178,172.0916,1685937600,1712900.0,2023-06-05 04:00:00
176.1522,176.6975,172.6077,172.7538,1686024000,1622100.0,2023-06-06 04:00:00
172.598,177.9828,171.8676,176.1522,1686110400,1791300.0,2023-06-07 04:00:00
173.7957,174.117,170.7868,171.3029,1686196800,1181800.0,2023-06-08 04:00:00
174.3118,175.2758,173.3575,174.0197,1686283200,1377700.0,2023-06-09 04:00:00
176.1911,176.2301,172.968,175.1297,1686542400,1324600.0,2023-06-12 04:00:00
176.6488,178.5184,175.8406,177.2233,1686628800,1179200.0,2023-06-13 04:00:00
176.6975,178.1386,174.9155,177.2233,1686715200,1603600.0,2023-06-14 04:00:00
172.0429,174.1462,169.2093,173.8639,1686801600,3526600.0,2023-06-15 04:00:00
171.7313,173.6009,171.0205,172.6174,1686888000,4719600.0,2023-06-16 04:00:00
169.2288,171.8092,168.7029,171.2055,1687233600,1529400.0,2023-06-20 04:00:00
171.4976,172.4616,168.2356,168.9367,1687320000,1867700.0,2023-06-21 04:00:00
171.0789,172.0332,169.7449,171.6339,1687406400,1163200.0,2023-06-22 04:00:00
166.9502,168.8393,166.512,168.7809,1687492800,2099400.0,2023-06-23 04:00:00
167.0086,168.6542,165.5674,166.0738,1687752000,1525800.0,2023-06-26 04:00:00
172.6564,172.8803,168.2648,168.5764,1687838400,1442100.0,2023-06-27 04:00:00
172.9972,173.3283,171.9845,172.8317,1687924800,1235300.0,2023-06-28 04:00:00
176.5125,176.6488,172.4519,173.2212,1688011200,1716100.0,2023-06-29 04:00:00
178.8689,180.0374,177.3986,177.5252,1688097600,1696000.0,2023-06-30 04:00:00
179.3948,180.1154,177.642,178.5963,1688356800,1154100.0,2023-07-03 04:00:00
177.3401,178.9176,176.3177,178.7034,1688529600,1572900.0,2023-07-05 04:00:00
177.2622,177.6225,173.562,175.344,1688616000,1357700.0,2023-07-06 04:00:00
180.7872,182.2089,176.5709,176.5904,1688702400,1904400.0,2023-07-07 04:00:00
185.9286,185.9773,181.0307,181.0696,1688961600,1912100.0,2023-07-10 04:00:00
186.2403,188.1683,185.5879,185.9871,1689048000,1941700.0,2023-07-11 04:00:00
185.0231,188.2267,184.7504,188.2267,1689134400,1944900.0,2023-07-12 04:00:00
186.4545,187.3503,185.5586,185.9287,1689220800,1347000.0,2023-07-13 04:00:00
184.4193,185.9871,182.6763,185.9871,1689307200,1817300.0,2023-07-14 04:00:00
186.2695,187.8275,182.9782,182.9782,1689566400,1422200.0,2023-07-17 04:00:00
188.5773,189.2686,186.1916,186.3863,1689652800,1422600.0,2023-07-18 04:00:00
185.2178,188.4604,185.0036,188.1586,1689739200,1951900.0,2023-07-19 04:00:00
186.4545,188.4215,185.2762,185.6073,1689825600,1547700.0,2023-07-20 04:00:00
189.7848,190.7585,188.0612,188.1878,1689912000,6638600.0,2023-07-21 04:00:00
189.1713,189.3563,186.7953,188.6747,1690171200,1793700.0,2023-07-24 04:00:00
189.7166,190.8072,187.4866,188.4994,1690257600,2261300.0,2023-07-25 04:00:00
188.6454,191.0895,186.9803,189.3076,1690344000,3471200.0,2023-07-26 04:00:00
190.6124,191.888,188.8888,189.2199,1690430400,2481900.0,2023-07-27 04:00:00
194.3711,194.7314,192.0925,192.6281,1690516800,1503300.0,2023-07-28 04:00:00
196.5134,198.0714,194.3614,194.6048,1690776000,2731900.0,2023-07-31 04:00:00
199.3665,200.535,193.5434,194.3127,1690862400,2935100.0,2023-08-01 04:00:00
198.1688,201.1095,197.1463,198.6459,1690948800,2882100.0,2023-08-02 04:00:00
195.5786,197.4677,192.1412,196.4744,1691035200,3288400.0,2023-08-03 04:00:00
197.6527,200.2818,194.1764,196.7179,1691121600,2650000.0,2023-08-04 04:00:00
199.3275,200.2137,198.2467,199.1815,1691380800,1540600.0,2023-08-07 04:00:00
201.0413,201.7619,197.6234,197.75,1691467200,2506800.0,2023-08-08 04:00:00
200.7103,203.5147,199.5904,201.0511,1691553600,2040000.0,2023-08-09 04:00:00
202.9207,205.4427,202.1514,202.9207,1691640000,3442600.0,2023-08-10 04:00:00
203.0375,203.8263,201.2069,201.5671,1691726400,1702000.0,2023-08-11 04:00:00
201.4113,203.5146,200.126,201.9566,1691985600,2476900.0,2023-08-14 04:00:00
200.5934,202.5214,199.7755,200.9342,1692072000,2042500.0,2023-08-15 04:00:00
201.5696,203.5221,199.2853,199.3927,1692158400,1770200.0,2023-08-16 04:00:00
197.5183,202.7704,197.3426,202.7704,1692244800,2775100.0,2023-08-17 04:00:00
197.284,199.217,195.4683,195.6147,1692331200,1781700.0,2023-08-18 04:00:00
195.0582,198.7093,193.8673,197.284,1692590400,2210800.0,2023-08-21 04:00:00
199.0998,199.6562,194.9411,195.2437,1692676800,3170800.0,2023-08-22 04:00:00
198.4164,200.2908,197.9283,199.09,1692763200,1509200.0,2023-08-23 04:00:00
194.0625,200.4958,193.7208,198.1724,1692849600,1903200.0,2023-08-24 04:00:00
195.0387,196.5811,193.5158,194.8825,1692936000,1510400.0,2023-08-25 04:00:00
197.7135,198.2407,194.4042,195.888,1693195200,1062100.0,2023-08-28 04:00:00
201.2475,201.5501,196.7178,196.874,1693281600,1189400.0,2023-08-29 04:00:00
200.4665,201.638,199.5684,201.1987,1693368000,1098500.0,2023-08-30 04:00:00
198.6703,201.5989,198.5824,201.228,1693454400,1321000.0,2023-08-31 04:00:00
200.9253,201.5111,198.885,199.8027,1693540800,1086000.0,2023-09-01 04:00:00
196.2493,200.6618,195.5464,200.6618,1693886400,1989000.0,2023-09-05 04:00:00
197.6062,198.5531,194.7654,195.3218,1693972800,1487300.0,2023-09-06 04:00:00
195.1168,197.245,194.0722,197.1961,1694059200,1847300.0,2023-09-07 04:00:00
200.5641,200.8082,195.273,195.6147,1694145600,1753500.0,2023-09-08 04:00:00
199.3048,203.278,198.3188,201.9601,1694404800,1715800.0,2023-09-11 04:00:00
198.9533,200.2419,198.3481,198.9631,1694491200,1399600.0,2023-09-12 04:00:00
195.4682,198.9826,194.8044,198.2407,1694577600,1676200.0,2023-09-13 04:00:00
199.3536,200.3103,195.2828,196.3957,1694664000,1729300.0,2023-09-14 04:00:00
198.3286,200.3298,197.4109,199.5586,1694750400,3899800.0,2023-09-15 04:00:00
195.9076,198.8069,195.8002,197.7819,1695009600,1700800.0,2023-09-18 04:00:00
193.8184,195.9173,192.237,195.7416,1695096000,2356300.0,2023-09-19 04:00:00
195.107,198.1138,194.8727,194.8727,1695182400,1499900.0,2023-09-20 04:00:00
190.5286,193.3401,190.4505,193.0082,1695268800,1730800.0,2023-09-21 04:00:00
189.7379,192.2272,189.3864,190.5774,1695355200,1374900.0,2023-09-22 04:00:00
188.3419,190.8215,186.0185,188.625,1695614400,2141400.0,2023-09-25 04:00:00
187.1997,190.5481,186.2137,187.434,1695700800,2188700.0,2023-09-26 04:00:00
189.2693,191.6122,187.4144,189.4547,1695787200,2284300.0,2023-09-27 04:00:00
194.8044,195.5268,189.4841,189.816,1695873600,1786700.0,2023-09-28 04:00:00
191.8856,195.0387,190.6458,194.6092,1695960000,1764500.0,2023-09-29 04:00:00
189.1423,191.4755,187.1899,191.3388,1696219200,1640700.0,2023-10-02 04:00:00
185.8623,188.4102,184.8372,187.4047,1696305600,1650500.0,2023-10-03 04:00:00
190.1869,191.2705,186.0087,186.6432,1696392000,2282600.0,2023-10-04 04:00:00
190.1381,191.456,187.9709,190.7824,1696478400,1582700.0,2023-10-05 04:00:00
191.3193,193.1156,188.2638,188.7226,1696564800,1735800.0,2023-10-06 04:00:00
189.8062,189.9331,184.9837,188.4102,1696824000,1615400.0,2023-10-09 04:00:00
193.7404,196.5031,191.046,191.046,1696910400,1691900.0,2023-10-10 04:00:00
193.5549,194.2187,190.4993,193.7501,1696996800,1379200.0,2023-10-11 04:00:00
193.096,194.4627,191.7098,194.3065,1697083200,1397600.0,2023-10-12 04:00:00
188.3419,194.7654,187.9026,192.9984,1697169600,1531100.0,2023-10-13 04:00:00
192.3541,194.4139,190.4212,191.6415,1697428800,1382600.0,2023-10-16 04:00:00
192.8129,194.8142,191.6805,192.0027,1697515200,1230900.0,2023-10-17 04:00:00
189.7769,192.1881,189.3376,191.2119,1697601600,1255800.0,2023-10-18 04:00:00
187.7366,191.5439,186.9166,190.5579,1697688000,1770700.0,2023-10-19 04:00:00
183.4998,186.9166,183.2753,186.3113,1697774400,2367800.0,2023-10-20 04:00:00
184.1539,186.2332,182.4065,184.8665,1698033600,1848300.0,2023-10-23 04:00:00
185.6182,186.7799,183.5681,185.2472,1698120000,1810100.0,2023-10-24 04:00:00
183.9489,186.1649,182.1038,183.3241,1698206400,1784800.0,2023-10-25 04:00:00
182.016,186.1356,181.9769,184.4077,1698292800,1528000.0,2023-10-26 04:00:00
180.864,183.5877,179.7316,182.2698,1698379200,1282300.0,2023-10-27 04:00:00
183.617,185.1106,182.6408,183.6267,1698638400,1485100.0,2023-10-30 04:00:00
184.0758,184.681,181.5864,183.3729,1698724800,1234000.0,2023-10-31 04:00:00
184.3101,185.3644,181.4888,185.3644,1698811200,2313700.0,2023-11-01 04:00:00
181.2838,182.1136,176.4515,179.9171,1698897600,3054300.0,2023-11-02 04:00:00
186.7506,187.3168,182.9239,183.6267,1698984000,1746000.0,2023-11-03 04:00:00
186.6139,187.8244,184.8372,187.7171,1699246800,1543700.0,2023-11-06 05:00:00
189.8745,190.5676,184.9349,187.2583,1699333200,2057200.0,2023-11-07 05:00:00
188.0002,191.2022,187.473,190.7531,1699419600,1511400.0,2023-11-08 05:00:00
189.7671,190.7629,187.6976,188.5664,1699506000,1490100.0,2023-11-09 05:00:00
192.9008,193.0668,189.1814,190.0795,1699592400,1165700.0,2023-11-10 05:00:00
193.0082,193.7208,191.5732,192.5494,1699851600,1075600.0,2023-11-13 05:00:00
197.5476,199.295,195.2242,195.2437,1699938000,1853400.0,2023-11-14 05:00:00
196.3859,198.9436,196.2004,198.5531,1700024400,1516200.0,2023-11-15 05:00:00
198.8362,198.9924,196.2883,196.5714,1700110800,1284200.0,2023-11-16 05:00:00
200.8765,201.472,198.9534,200.1248,1700197200,1295300.0,2023-11-17 05:00:00
202.0382,202.4287,199.9881,199.9881,1700456400,1292800.0,2023-11-20 05:00:00
202.7722,203.3105,201.7055,201.7055,1700542800,1109800.0,2023-11-21 05:00:00
205.4734,206.2465,203.8096,204.524,1700629200,1241200.0,2023-11-22 05:00:00
204.4751,205.9431,204.2011,205.2189,1700802000,710200.0,2023-11-24 05:00:00
203.0854,204.8274,202.3709,203.7313,1701061200,1544500.0,2023-11-27 05:00:00
200.2962,203.0854,200.1885,202.8309,1701147600,1345200.0,2023-11-28 05:00:00
198.1626,201.5195,197.9767,200.3549,1701234000,1296100.0,2023-11-29 05:00:00
198.378,199.0043,196.6555,198.1724,1701320400,1385700.0,2023-11-30 05:00:00
204.8177,205.0427,198.4269,198.4269,1701406800,1475000.0,2023-12-01 05:00:00
205.1406,208.5855,203.6432,204.4457,1701666000,1462700.0,2023-12-04 05:00:00
198.3878,203.9858,197.9278,202.8016,1701752400,1539300.0,2023-12-05 05:00:00
200.4136,203.3007,199.9439,200.5409,1701838800,1196500.0,2023-12-06 05:00:00
203.5943,203.702,200.9421,201.9403,1701925200,1248700.0,2023-12-07 05:00:00
204.9351,205.3461,202.7624,203.2518,1702011600,1276300.0,2023-12-08 05:00:00
211.8641,212.696,206.9707,207.5188,1702270800,2065500.0,2023-12-11 05:00:00
212.2458,213.0973,211.0029,211.8837,1702357200,1546300.0,2023-12-12 05:00:00
213.4202,214.2423,209.7795,212.373,1702443600,1556600.0,2023-12-13 05:00:00
215.3972,217.0218,213.6845,214.5751,1702530000,1729200.0,2023-12-14 05:00:00
216.4248,217.4132,214.4576,215.7593,1702616400,3845000.0,2023-12-15 05:00:00
217.3839,217.8928,214.7317,216.7575,1702875600,1440200.0,2023-12-18 05:00:00
216.6694,219.4391,216.1214,218.7246,1702962000,1525300.0,2023-12-19 05:00:00
212.099,215.9844,211.7271,215.8278,1703048400,1874600.0,2023-12-20 05:00:00
217.1098,217.5013,213.8802,213.8802,1703134800,1214500.0,2023-12-21 05:00:00
217.8732,218.3625,216.1801,217.5307,1703221200,995000.0,2023-12-22 05:00:00
218.6855,218.9791,216.9043,217.4915,1703566800,1118600.0,2023-12-26 05:00:00
219.6544,219.7229,218.1277,219.1651,1703653200,1329600.0,2023-12-27 05:00:00
219.3021,219.9578,218.4702,219.0965,1703739600,971000.0,2023-12-28 05:00:00
220.7016,221.7977,219.5957,219.9187,1703826000,2008700.0,2023-12-29 05:00:00
217.1098,222.336,215.8865,220.6918,1704171600,1524700.0,2024-01-02 05:00:00
214.3695,216.2584,213.3615,215.6516,1704258000,1299900.0,2024-01-03 05:00:00
215.3287,217.6677,214.213,214.9274,1704344400,1238700.0,2024-01-04 05:00:00
217.6775,218.6366,214.3304,214.5359,1704430800,1005100.0,2024-01-05 05:00:00
223.3636,223.4223,217.6775,217.7558,1704690000,1690700.0,2024-01-08 05:00:00
221.6509,222.6296,220.6233,220.7897,1704776400,1358300.0,2024-01-09 05:00:00
221.9347,223.1189,221.0735,221.0735,1704862800,1225300.0,2024-01-10 05:00:00
222.1402,224.0585,220.5841,222.5121,1704949200,1176000.0,2024-01-11 05:00:00
220.6918,222.9721,219.1651,222.933,1705035600,758900.0,2024-01-12 05:00:00
221.5139,221.5531,218.3136,219.2434,1705381200,1108000.0,2024-01-16 05:00:00
222.8449,223.0406,220.222,220.4374,1705467600,1248700.0,2024-01-17 05:00:00
227.7187,228.0906,222.8351,222.8449,1705554000,2209600.0,2024-01-18 05:00:00
228.6876,229.1085,226.6226,227.7089,1705640400,1885100.0,2024-01-19 05:00:00
232.3185,233.2189,229.0889,229.2552,1705899600,1552200.0,2024-01-22 05:00:00
232.0445,232.8372,230.7135,231.9172,1705986000,1268600.0,2024-01-23 05:00:00
232.798,234.2269,232.2598,233.3755,1706072400,1239300.0,2024-01-24 05:00:00
237.3489,238.3374,236.2136,236.5464,1706158800,1594300.0,2024-01-25 05:00:00
236.4485,238.034,235.9004,237.3489,1706245200,1119000.0,2024-01-26 05:00:00
236.9672,237.3489,234.6673,236.429,1706504400,1303000.0,2024-01-29 05:00:00
238.0046,238.8071,235.0686,235.0686,1706590800,1059900.0,2024-01-30 05:00:00
234.6184,238.7093,234.1682,238.2297,1706677200,1181200.0,2024-01-31 05:00:00
238.4744,238.5918,233.6299,235.2839,1706763600,1190900.0,2024-02-01 05:00:00
239.8935,241.4887,236.4583,238.034,1706850000,1222300.0,2024-02-02 05:00:00
239.0224,240.0598,236.6834,238.9539,1707109200,1338200.0,2024-02-05 05:00:00
239.5411,240.51,237.6523,239.0224,1707195600,1471500.0,2024-02-06 05:00:00
242.6533,244.6694,239.8543,240.8525,1707282000,1046700.0,2024-02-07 05:00:00
244.2584,245.1,240.5687,244.366,1707368400,1030900.0,2024-02-08 05:00:00
241.7529,245.4034,240.2164,245.2958,1707454800,1479800.0,2024-02-09 05:00:00
243.5341,243.8278,240.7547,241.0287,1707714000,1429900.0,2024-02-12 05:00:00
229.9305,236.7421,227.063,236.7421,1707800400,3110200.0,2024-02-13 05:00:00
230.3709,231.3692,227.2489,230.782,1707886800,2349600.0,2024-02-14 05:00:00
235.3622,235.7243,231.839,232.4653,1707973200,1521700.0,2024-02-15 05:00:00
236.4779,238.0242,233.2189,233.9333,1708059600,2119800.0,2024-02-16 05:00:00
237.7599,238.768,235.3818,236.0473,1708405200,2162200.0,2024-02-20 05:00:00
238.6721,239.3194,235.9455,236.6418,1708491600,1396100.0,2024-02-21 05:00:00
244.5175,245.616,240.0746,240.2806,1708578000,1383600.0,2024-02-22 05:00:00
246.6458,247.3225,243.8113,243.8113,1708664400,1477200.0,2024-02-23 05:00:00
244.4292,246.636,242.3009,246.636,1708923600,1476000.0,2024-02-26 05:00:00
244.2429,245.0177,242.9188,244.1056,1709010000,1079300.0,2024-02-27 05:00:00
244.2037,246.4006,243.4092,243.9486,1709096400,953400.0,2024-02-28 05:00:00
245.0667,245.5375,243.1052,244.9,1709182800,1698200.0,2024-02-29 05:00:00
245.1942,246.3319,243.1738,244.1938,1709269200,1096900.0,2024-03-01 05:00:00
242.6638,245.6748,242.2715,244.9687,1709528400,1156200.0,2024-03-04 05:00:00
243.115,244.3998,240.9671,242.7717,1709614800,1084000.0,2024-03-05 05:00:00
242.35,245.7533,242.2225,243.115,1709701200,1314700.0,2024-03-06 05:00:00
242.1637,244.184,241.4771,243.625,1709787600,1197400.0,2024-03-07 05:00:00
245.4688,246.2829,241.4869,242.4186,1709874000,1276800.0,2024-03-08 05:00:00
243.6937,245.8808,242.2421,245.4689,1710129600,1176500.0,2024-03-11 04:00:00
245.871,247.4794,243.9094,243.9094,1710216000,1270900.0,2024-03-12 04:00:00
246.5771,248.2543,243.419,245.0962,1710302400,1804700.0,2024-03-13 04:00:00
243.2327,248.1366,242.9581,247.5285,1710388800,1711000.0,2024-03-14 04:00:00
239.3783,242.2225,238.6819,241.4183,1710475200,3709700.0,2024-03-15 04:00:00
243.7427,244.5665,241.6732,241.8596,1710734400,1915300.0,2024-03-18 04:00:00
245.0177,245.2041,243.066,244.5666,1710820800,1164300.0,2024-03-19 04:00:00
249.1664,249.7941,244.4685,244.6352,1710907200,1630400.0,2024-03-20 04:00:00
250.3629,251.1966,248.5093,249.8431,1710993600,1530800.0,2024-03-21 04:00:00
250.2551,251.5987,248.3523,250.9906,1711080000,1282800.0,2024-03-22 04:00:00
247.2637,250.7553,247.195,250.4022,1711339200,856000.0,2024-03-25 04:00:00
247.3323,249.4116,246.3417,248.2935,1711425600,1351400.0,2024-03-26 04:00:00
248.6858,250.0589,247.8816,250.0589,1711512000,1302300.0,2024-03-27 04:00:00
247.4598,250.1962,246.8125,250.1668,1711598400,999200.0,2024-03-28 04:00:00
246.4987,249.6175,245.9102,248.6466,1711944000,1178500.0,2024-04-01 04:00:00
242.9777,245.361,241.8007,245.361,1712030400,1252300.0,2024-04-02 04:00:00
245.7729,245.9789,242.0263,242.4186,1712116800,1071000.0,2024-04-03 04:00:00
244.1056,249.9314,243.2915,248.47,1712203200,1607300.0,2024-04-04 04:00:00
249.0487,249.441,243.4975,244.1154,1712289600,1293200.0,2024-04-05 04:00:00
249.7843,250.1472,248.5387,249.3528,1712548800,1205600.0,2024-04-08 04:00:00
250.0393,250.5787,246.5183,250.5493,1712635200,1152800.0,2024-04-09 04:00:00
249.4606,250.2845,246.43,247.4402,1712721600,1317500.0,2024-04-10 04:00:00
253.5799,255.5611,248.1464,249.2252,1712808000,1545200.0,2024-04-11 04:00:00
246.2339,252.197,244.5273,251.1868,1712894400,1931900.0,2024-04-12 04:00:00
243.6348,252.0695,243.4387,250.1668,1713153600,1433300.0,2024-04-15 04:00:00
240.8984,243.9585,240.0353,243.4386,1713240000,1088900.0,2024-04-16 04:00:00
233.8761,240.614,232.9738,239.3782,1713326400,2684100.0,2024-04-17 04:00:00
231.7576,236.6026,231.5418,236.024,1713412800,1841200.0,2024-04-18 04:00:00
231.4634,234.6999,230.0412,232.8168,1713499200,1842300.0,2024-04-19 04:00:00
232.8463,234.494,230.9828,233.9741,1713758400,1046400.0,2024-04-22 04:00:00
235.0824,235.3668,232.8463,232.8463,1713844800,1196200.0,2024-04-23 04:00:00
239.3684,244.8215,238.6328,239.4763,1713931200,2301300.0,2024-04-24 04:00:00
237.2892,238.4465,235.612,237.4167,1714017600,1207400.0,2024-04-25 04:00:00
236.2103,239.4272,236.1122,236.1417,1714104000,1065500.0,2024-04-26 04:00:00
235.8671,239.545,234.9843,236.8282,1714363200,1209100.0,2024-04-29 04:00:00
231.5909,237.2696,230.973,236.3182,1714449600,1862900.0,2024-04-30 04:00:00
229.3645,232.6795,226.3731,229.2566,1714536000,2157100.0,2024-05-01 04:00:00
231.0318,232.1499,228.1581,231.8066,1714622400,1413200.0,2024-05-02 04:00:00
230.0805,234.1703,229.7961,232.8169,1714708800,1572800.0,2024-05-03 04:00:00
232.2676,232.7972,230.8651,230.8847,1714968000,1067900.0,2024-05-06 04:00:00
231.4536,233.6897,231.1299,232.2676,1715054400,897900.0,2024-05-07 04:00:00
230.8259,231.738,229.9628,231.022,1715140800,1194500.0,2024-05-08 04:00:00
232.9738,233.1699,226.4124,228.1974,1715227200,1229700.0,2024-05-09 04:00:00
235.8376,236.0436,232.9345,233.4249,1715313600,1145300.0,2024-05-10 04:00:00
232.9345,237.0538,231.6693,236.6124,1715572800,1288800.0,2024-05-13 04:00:00
231.3359,233.9938,231.1593,233.3955,1715659200,2105300.0,2024-05-14 04:00:00
231.4634,232.9051,231.0318,232.1989,1715745600,1569000.0,2024-05-15 04:00:00
234.3665,234.8863,231.1103,231.1103,1715832000,1280800.0,2024-05-16 04:00:00
233.1601,234.9746,231.7772,234.3665,1715918400,1217000.0,2024-05-17 04:00:00
235.7101,235.8965,232.8659,233.2778,1716177600,954100.0,2024-05-20 04:00:00
233.6995,236.583,232.5716,236.583,1716264000,839700.0,2024-05-21 04:00:00
231.6203,234.798,230.973,232.6795,1716350400,1091600.0,2024-05-22 04:00:00
228.2079,232.5742,227.9915,232.5742,1716436800,1650400.0,2024-05-23 04:00:00
232.6627,232.7905,229.4175,229.9485,1716523200,909200.0,2024-05-24 04:00:00
230.2534,233.6658,229.1126,230.9221,1716868800,993800.0,2024-05-28 04:00:00
224.6676,228.5816,224.0481,228.0112,1716955200,1161700.0,2024-05-29 04:00:00
225.1593,225.7887,222.9369,224.9922,1717041600,934600.0,2024-05-30 04:00:00
227.3327,227.549,223.6646,225.7101,1717128000,1660100.0,2024-05-31 04:00:00
224.589,228.1489,222.278,227.8834,1717387200,1644000.0,2024-06-03 04:00:00
226.6836,227.8538,222.6812,222.8385,1717473600,1100600.0,2024-06-04 04:00:00
228.9061,229.3585,225.6904,227.3425,1717560000,987800.0,2024-06-05 04:00:00
228.1784,231.5416,227.5293,229.0044,1717646400,1028000.0,2024-06-06 04:00:00
227.2638,229.0339,226.3099,227.6769,1717732800,2723400.0,2024-06-07 04:00:00
228.8963,229.5355,226.1624,226.1821,1717992000,1219800.0,2024-06-10 04:00:00
228.7782,229.3683,226.1132,227.9325,1718078400,1285100.0,2024-06-11 04:00:00
232.6332,233.1938,230.1354,230.1354,1718164800,1477700.0,2024-06-12 04:00:00
236.4783,236.7733,230.7647,231.3154,1718251200,1188700.0,2024-06-13 04:00:00
235.4752,235.7702,231.2368,235.3572,1718337600,1566300.0,2024-06-14 04:00:00
240.638,240.9822,233.6559,234.5901,1718596800,1406900.0,2024-06-17 04:00:00
239.0154,243.0965,238.1107,241.2084,1718683200,1320100.0,2024-06-18 04:00:00
239.93,240.343,238.6319,238.6516,1718856000,1154400.0,2024-06-20 04:00:00
239.4875,241.8575,238.7204,241.6116,1718942400,3289900.0,2024-06-21 04:00:00
241.5821,242.182,239.1925,239.1925,1719201600,1058600.0,2024-06-24 04:00:00
240.7659,242.772,239.7333,242.4377,1719288000,1283800.0,2024-06-25 04:00:00
237.501,239.2219,235.6915,238.6417,1719374400,1592600.0,2024-06-26 04:00:00
238.2287,238.9171,236.2128,238.9171,1719460800,1153600.0,2024-06-27 04:00:00
237.7567,242.6934,237.0191,238.3762,1719547200,6788900.0,2024-06-28 04:00:00
235.5342,239.3203,233.5084,238.1697,1719806400,1475000.0,2024-07-01 04:00:00
235.9964,236.1341,232.7512,235.8292,1719892800,1417300.0,2024-07-02 04:00:00
236.1833,237.6584,234.5213,235.6522,1719979200,866700.0,2024-07-03 04:00:00
236.9798,237.3732,234.4918,236.5078,1720152000,851900.0,2024-07-05 04:00:00
235.8784,239.0253,235.1998,238.0714,1720411200,1040300.0,2024-07-08 04:00:00
233.5773,236.8618,233.4494,236.8618,1720497600,1254900.0,2024-07-09 04:00:00
238.4942,238.7106,233.2232,234.0099,1720584000,1376000.0,2024-07-10 04:00:00
235.7997,238.9073,235.2785,238.9073,1720670400,1765400.0,2024-07-11 04:00:00
238.7598,241.3658,236.1734,237.1666,1720756800,1699300.0,2024-07-12 04:00:00
242.5753,242.7524,237.973,238.7696,1721016000,1062300.0,2024-07-15 04:00:00
250.8752,250.9539,243.5784,243.8243,1721102400,1562300.0,2024-07-16 04:00:00
243.4408,251.0916,243.3817,249.0461,1721188800,1752900.0,2024-07-17 04:00:00
240.0382,244.375,239.9989,240.7069,1721275200,1399800.0,2024-07-18 04:00:00
239.8612,241.6411,238.6221,240.9331,1721361600,1342500.0,2024-07-19 04:00:00
238.9073,239.9497,237.147,239.5661,1721620800,1212700.0,2024-07-22 04:00:00
238.2877,241.5231,237.9534,238.6319,1721707200,730900.0,2024-07-23 04:00:00
231.1384,237.5994,231.0007,237.2355,1721793600,1762500.0,2024-07-24 04:00:00
229.8698,233.5674,228.4734,231.0991,1721880000,1380100.0,2024-07-25 04:00:00
232.6725,233.7936,230.1157,231.6891,1721966400,929400.0,2024-07-26 04:00:00
234.4918,235.544,231.7874,233.9903,1722225600,1335700.0,2024-07-29 04:00:00
234.8065,237.5305,234.0984,235.0327,1722312000,1752800.0,2024-07-30 04:00:00
223.5269,232.2988,219.2294,226.1821,1722398400,4316500.0,2024-07-31 04:00:00
215.1483,222.7304,212.031,222.396,1722484800,3067900.0,2024-08-01 04:00:00
210.1232,213.0439,206.5337,211.5491,1722571200,3679000.0,2024-08-02 04:00:00
207.8417,208.8152,201.1545,205.5995,1722830400,4057500.0,2024-08-05 04:00:00
211.6769,214.7845,207.6843,208.9726,1722916800,1911700.0,2024-08-06 04:00:00
211.2049,214.0272,210.2313,212.3555,1723003200,2854400.0,2024-08-07 04:00:00
212.2178,214.1944,211.2147,211.8736,1723089600,1369600.0,2024-08-08 04:00:00
214.3518,215.3647,210.4968,211.9228,1723176000,1214100.0,2024-08-09 04:00:00
211.1164,214.3321,210.8509,214.3321,1723435200,1075200.0,2024-08-12 04:00:00
212.8373,213.2504,209.7298,211.6867,1723521600,1081100.0,2024-08-13 04:00:00
213.4962,214.0961,211.9621,213.3979,1723608000,847400.0,2024-08-14 04:00:00
218.2165,219.2491,215.2958,216.0334,1723694400,1726700.0,2024-08-15 04:00:00
217.5163,218.611,216.6978,218.5518,1723780800,1005700.0,2024-08-16 04:00:00
222.043,222.8813,218.0094,218.2461,1724040000,1068600.0,2024-08-19 04:00:00
220.0509,222.3684,219.7944,221.4019,1724126400,1069700.0,2024-08-20 04:00:00
221.4118,222.0331,219.9818,220.9779,1724212800,710500.0,2024-08-21 04:00:00
221.0272,222.7826,220.0509,220.7215,1724299200,991200.0,2024-08-22 04:00:00
222.1514,224.5085,221.8457,222.8615,1724385600,958300.0,2024-08-23 04:00:00
221.5696,224.9819,221.0568,223.4434,1724644800,1104900.0,2024-08-26 04:00:00
224.4789,225.0312,220.7116,221.3033,1724731200,1017700.0,2024-08-27 04:00:00
224.1831,225.0312,223.0588,223.2955,1724817600,1026200.0,2024-08-28 04:00:00
228.1771,230.3862,225.7215,226.5795,1724904000,1954400.0,2024-08-29 04:00:00
231.4513,232.1811,227.8616,229.3507,1724990400,2218100.0,2024-08-30 04:00:00
227.5361,231.4612,226.5697,230.9681,1725336000,1802700.0,2024-09-03 04:00:00
226.2935,227.477,224.9621,226.8261,1725422400,1412200.0,2024-09-04 04:00:00
225.899,227.3685,223.7294,226.5598,1725508800,1808800.0,2024-09-05 04:00:00
224.4592,229.686,224.0253,226.3034,1725595200,3355300.0,2024-09-06 04:00:00
225.4355,227.7629,223.4138,225.7708,1725854400,1876900.0,2024-09-09 04:00:00
222.5558,225.8399,218.8872,224.5381,1725940800,1755200.0,2024-09-10 04:00:00
224.1929,224.6367,218.7786,222.5558,1726027200,1330900.0,2024-09-11 04:00:00
227.5164,227.6347,224.4493,225.6426,1726113600,1044100.0,2024-09-12 04:00:00
228.542,229.3507,226.5006,228.3547,1726200000,1034100.0,2024-09-13 04:00:00
229.2521,232.4967,228.6998,229.8537,1726459200,993100.0,2024-09-16 04:00:00
232.3586,232.9701,229.548,230.5046,1726545600,1005300.0,2024-09-17 04:00:00
235.4455,238.3942,233.5322,235.6033,1726632000,1539600.0,2024-09-18 04:00:00
241.0865,242.625,238.6999,239.6171,1726718400,1676100.0,2024-09-19 04:00:00
241.0175,241.3626,237.5756,240.5342,1726804800,3663400.0,2024-09-20 04:00:00
238.335,241.7473,238.0293,241.4711,1727064000,1393400.0,2024-09-23 04:00:00
243.9662,244.0451,239.4987,239.6664,1727150400,1225300.0,2024-09-24 04:00:00
242.1122,244.2029,241.2542,244.055,1727236800,951400.0,2024-09-25 04:00:00
247.2503,247.5363,242.8222,244.7453,1727323200,1431800.0,2024-09-26 04:00:00
249.5481,250.9189,248.197,249.3213,1727409600,1238400.0,2024-09-27 04:00:00
245.1694,250.4455,243.0589,248.5718,1727668800,1646300.0,2024-09-30 04:00:00
242.6842,245.8696,239.7453,245.2779,1727755200,1382500.0,2024-10-01 04:00:00
245.3864,245.5639,241.4711,241.9051,1727841600,857600.0,2024-10-02 04:00:00
246.0372,246.2246,242.6151,242.6644,1727928000,935600.0,2024-10-03 04:00:00
251.0964,251.3233,248.7394,249.7848,1728014400,1129400.0,2024-10-04 04:00:00
251.6389,252.3193,249.5777,250.4949,1728273600,2406700.0,2024-10-07 04:00:00
253.0393,253.7987,250.0314,251.7967,1728360000,1207900.0,2024-10-08 04:00:00
258.2661,259.3904,252.4673,252.7533,1728446400,1442600.0,2024-10-09 04:00:00
256.9446,258.3056,255.7119,257.2898,1728532800,1038200.0,2024-10-10 04:00:00
259.0058,260.495,257.4476,257.6251,1728619200,1084700.0,2024-10-11 04:00:00
257.9505,259.706,256.8263,257.6152,1728878400,1139700.0,2024-10-14 04:00:00
256.984,259.6862,255.919,257.7631,1728964800,1252400.0,2024-10-15 04:00:00
258.9466,259.6566,256.0175,256.8361,1729051200,709200.0,2024-10-16 04:00:00
260.919,261.5403,258.6705,260.85,1729137600,1163500.0,2024-10-17 04:00:00
261.9348,262.9012,259.4495,260.919,1729224000,886800.0,2024-10-18 04:00:00
261.3135,262.7632,259.6271,260.8401,1729483200,869100.0,2024-10-21 04:00:00
261.8362,262.2208,259.7158,261.1458,1729569600,1198100.0,2024-10-22 04:00:00
254.2622,259.3707,251.9545,256.8855,1729656000,1990300.0,2024-10-23 04:00:00
257.0334,258.2069,253.8775,256.3825,1729742400,1195100.0,2024-10-24 04:00:00
258.5028,261.4713,257.7533,259.6764,1729828800,1162000.0,2024-10-25 04:00:00
258.9269,260.9486,257.0827,260.7021,1730088000,1127500.0,2024-10-28 04:00:00
260.2484,261.4515,258.6606,259.1734,1730174400,791500.0,2024-10-29 04:00:00
260.6133,261.9348,259.6172,260.0314,1730260800,897800.0,2024-10-30 04:00:00
256.4318,261.7079,256.3332,260.6133,1730347200,1308100.0,2024-10-31 04:00:00
256.9742,259.7553,254.8637,254.913,1730433600,1481600.0,2024-11-01 04:00:00
252.8913,253.1477,246.1063,251.9051,1730696400,2222000.0,2024-11-04 05:00:00
256.0768,257.4673,250.5738,250.5738,1730782800,1604300.0,2024-11-05 05:00:00
272.4477,273.5818,264.7849,266.3825,1730869200,2148500.0,2024-11-06 05:00:00
273.8481,274.6568,270.0808,272.3195,1730955600,1472700.0,2024-11-07 05:00:00
276.925,278.8974,273.3846,273.9763,1731042000,1516600.0,2024-11-08 05:00:00
281.9645,282.2407,277.1913,277.1913,1731301200,1895500.0,2024-11-11 05:00:00
282.073,283.0395,279.7949,281.6785,1731387600,1143200.0,2024-11-12 05:00:00
282.5168,285.0514,280.4359,280.7614,1731474000,1274000.0,2024-11-13 05:00:00
278.1281,283.5424,277.8718,282.5266,1731560400,1396800.0,2024-11-14 05:00:00
274.9329,278.5621,273.8382,278.0986,1731646800,1751100.0,2024-11-15 05:00:00
277.566,278.3451,274.2129,276.7179,1731906000,1733900.0,2024-11-18 05:00:00
275.4161,276.8362,272.4673,275.4457,1731992400,890500.0,2024-11-19 05:00:00
276.3136,276.9546,274.6962,275.6923,1732078800,938600.0,2024-11-20 05:00:00
280.1585,280.544,277.0252,278.6561,1732165200,944500.0,2024-11-21 05:00:00
280.9987,281.6511,279.605,280.0498,1732251600,990300.0,2024-11-22 05:00:00
284.6657,286.2768,282.4912,282.7679,1732510800,1808400.0,2024-11-25 05:00:00
284.8437,286.4449,283.2128,285.4565,1732597200,1459100.0,2024-11-26 05:00:00
282.2935,284.5669,281.3249,284.5471,1732683600,1112900.0,2024-11-27 05:00:00
285.7431,287.0676,282.2342,282.2441,1732856400,702400.0,2024-11-29 05:00:00
282.9261,286.5833,281.3447,285.6246,1733115600,1574300.0,2024-12-02 05:00:00
281.6313,284.6559,280.4254,283.8849,1733202000,928800.0,2024-12-03 05:00:00
286.2769,286.6525,281.2062,282.7679,1733288400,1115400.0,2024-12-04 05:00:00
289.0939,291.2388,286.524,286.6031,1733374800,1307400.0,2024-12-05 05:00:00
289.2026,292.0295,288.9555,289.3015,1733461200,1013100.0,2024-12-06 05:00:00
283.6477,290.4678,282.9657,289.1038,1733720400,1064700.0,2024-12-09 05:00:00
284.3396,286.3955,282.1947,285.6641,1733806800,866700.0,2024-12-10 05:00:00
288.3526,289.5683,286.188,286.6327,1733893200,876800.0,2024-12-11 05:00:00
286.6327,290.6062,286.3955,289.2915,1733979600,1168000.0,2024-12-12 05:00:00
283.7563,286.2373,282.7581,285.2686,1734066000,797200.0,2024-12-13 05:00:00
287.038,288.6886,283.025,284.2506,1734325200,976900.0,2024-12-16 05:00:00
286.0891,287.9473,285.1204,285.4268,1734411600,1310600.0,2024-12-17 05:00:00
274.4356,287.8781,274.317,286.1484,1734498000,1861100.0,2024-12-18 05:00:00
275.7897,279.5161,274.9693,277.9445,1734584400,1489900.0,2024-12-19 05:00:00
280.6725,283.6081,273.6053,273.625,1734670800,2619100.0,2024-12-20 05:00:00
280.3463,280.8702,277.2328,280.208,1734930000,907800.0,2024-12-23 05:00:00
283.0744,283.2325,279.4864,280.3463,1735016400,424000.0,2024-12-24 05:00:00
283.2424,283.9442,281.5522,281.7104,1735189200,473700.0,2024-12-26 05:00:00
280.376,282.7383,277.5293,280.7219,1735275600,717600.0,2024-12-27 05:00:00
277.0648,278.834,274.2774,278.4189,1735534800,1021000.0,2024-12-30 05:00:00
275.7106,277.9444,274.989,277.727,1735621200,740200.0,2024-12-31 05:00:00
271.2726,277.984,270.3435,277.9049,1735794000,1211900.0,2025-01-02 05:00:00
272.093,273.7437,269.0388,272.8739,1735880400,1773000.0,2025-01-03 05:00:00
269.4638,272.7157,268.851,272.0634,1736139600,1260300.0,2025-01-06 05:00:00
266.6567,270.729,266.1625,268.3766,1736226000,1132100.0,2025-01-07 05:00:00
270.3633,270.729,266.7061,266.9532,1736312400,1172200.0,2025-01-08 05:00:00
267.6254,271.9744,267.398,270.0075,1736485200,1317600.0,2025-01-10 05:00:00
269.1376,270.1656,266.716,267.2497,1736744400,935700.0,2025-01-13 05:00:00
273.2297,273.5361,268.9202,269.8394,1736830800,1106000.0,2025-01-14 05:00:00
272.8541,280.3068,272.6169,278.3398,1736917200,1513400.0,2025-01-15 05:00:00
272.8047,274.6036,271.8657,272.8047,1737003600,1588200.0,2025-01-16 05:00:00
273.971,276.363,273.2989,275.7699,1737090000,1805200.0,2025-01-17 05:00:00
274.5047,274.8309,266.5973,268.1294,1737435600,2772900.0,2025-01-21 05:00:00
277.1636,277.5293,274.4949,274.5542,1737522000,1412400.0,2025-01-22 05:00:00
281.7697,281.8389,274.1983,278.5276,1737608400,1694400.0,2025-01-23 05:00:00
280.8208,283.2721,279.0812,281.7005,1737694800,1339800.0,2025-01-24 05:00:00
284.7151,284.9326,277.1735,278.1916,1737954000,1569700.0,2025-01-27 05:00:00
285.2984,287.5124,283.0151,283.9739,1738040400,1403400.0,2025-01-28 05:00:00
286.3065,286.9094,283.8651,286.0198,1738126800,1302200.0,2025-01-29 05:00:00
289.1532,291.5748,287.552,287.552,1738213200,1030500.0,2025-01-30 05:00:00
287.2258,290.3096,285.9408,288.2735,1738299600,1293100.0,2025-01-31 05:00:00
287.0973,287.6014,279.8126,283.4698,1738558800,1218000.0,2025-02-03 05:00:00
287.3839,288.481,285.753,288.1055,1738645200,1401800.0,2025-02-04 05:00:00
289.0049,289.7463,284.7448,287.6903,1738731600,1329700.0,2025-02-05 05:00:00
299.4426,300.609,290.102,290.5765,1738818000,1826800.0,2025-02-06 05:00:00
300.4508,303.9597,299.3537,301.3997,1738904400,1662500.0,2025-02-07 05:00:00
300.9253,302.6748,297.871,302.3783,1739163600,1770800.0,2025-02-10 05:00:00
284.6657,292.1678,281.7202,287.9473,1739250000,3055500.0,2025-02-11 05:00:00
287.0874,288.0956,280.2079,280.6923,1739336400,2692500.0,2025-02-12 05:00:00
284.903,288.0857,282.5999,287.3048,1739422800,1899300.0,2025-02-13 05:00:00
280.2376,287.1961,279.8027,286.9194,1739509200,1659900.0,2025-02-14 05:00:00
285.0809,285.9507,277.6282,280.2376,1739854800,1601800.0,2025-02-18 05:00:00
284.2308,285.585,280.6527,283.1634,1739941200,1414100.0,2025-02-19 05:00:00
283.875,284.3198,280.03,283.5982,1740027600,1153100.0,2025-02-20 05:00:00
274.2577,283.875,271.8163,283.3314,1740114000,1983200.0,2025-02-21 05:00:00
273.5559,277.3514,271.5592,276.1159,1740373200,2058300.0,2025-02-24 05:00:00
274.2478,274.5641,268.5545,274.4455,1740459600,1807600.0,2025-02-25 05:00:00
278.8934,281.7005,275.7008,275.938,1740546000,1607600.0,2025-02-26 05:00:00
274.6138,281.0034,274.0888,278.8438,1740632400,1571200.0,2025-02-27 05:00:00
277.8235,279.7057,275.1587,276.3574,1740718800,2269800.0,2025-02-28 05:00:00
275.119,281.8157,272.7911,277.3777,1740978000,1635200.0,2025-03-03 05:00:00
268.2638,273.8213,265.4901,273.8213,1741064400,2390100.0,2025-03-04 05:00:00
268.5611,269.9182,265.5099,267.0256,1741150800,1456000.0,2025-03-05 05:00:00
260.1704,266.0349,259.685,265.8665,1741237200,1663100.0,2025-03-06 05:00:00
260.2892,262.4984,254.2464,259.0014,1741323600,2337400.0,2025-03-07 05:00:00
254.811,258.2485,252.6812,255.9403,1741579200,2447300.0,2025-03-10 04:00:00
244.0032,253.5331,241.0412,252.483,1741665600,3143000.0,2025-03-11 04:00:00
241.5266,246.7076,237.9405,245.6774,1741752000,2349800.0,2025-03-12 04:00:00
235.0677,241.6356,233.9978,241.1898,1741838400,2026600.0,2025-03-13 04:00:00
240.8332,241.3384,236.7617,237.1777,1741924800,1414000.0,2025-03-14 04:00:00
245.7863,247.0643,239.9713,241.6356,1742184000,1971900.0,2025-03-17 04:00:00
238.1387,244.8948,237.683,244.766,1742270400,1253600.0,2025-03-18 04:00:00
245.3009,246.2718,239.268,239.3373,1742356800,1373500.0,2025-03-19 04:00:00
242.547,245.6972,241.6059,242.6163,1742443200,922600.0,2025-03-20 04:00:00
235.2658,235.7116,227.2318,233.5817,1742529600,4301000.0,2025-03-21 04:00:00
240.6449,241.2096,237.0291,238.8123,1742788800,1935600.0,2025-03-24 04:00:00
244.1716,244.4391,239.3373,241.4474,1742875200,1401100.0,2025-03-25 04:00:00
244.4094,248.0846,243.7655,244.9443,1742961600,1842200.0,2025-03-26 04:00:00
242.1606,243.6763,237.4452,242.9333,1743048000,1952900.0,2025-03-27 04:00:00
234.7903,241.1304,233.7898,241.1304,1743134400,1570700.0,2025-03-28 04:00:00
235.9692,237.4353,228.7573,232.601,1743393600,1948800.0,2025-03-31 04:00:00
236.0088,236.7418,231.2339,235.2559,1743480000,1451300.0,2025-04-01 04:00:00
240.2883,241.7446,232.8982,232.8982,1743566400,1718800.0,2025-04-02 04:00:00
222.5163,228.4205,221.2681,228.2323,1743652800,3459900.0,2025-04-03 04:00:00
212.5704,220.5747,210.5693,216.2853,1743739200,3573900.0,2025-04-04 04:00:00
211.3618,222.0408,203.4763,205.8242,1743998400,3900200.0,2025-04-07 04:00:00
209.1428,220.0398,205.6756,218.5241,1744084800,3721900.0,2025-04-08 04:00:00
231.2042,233.0864,206.2105,208.6475,1744171200,4482400.0,2025-04-09 04:00:00
220.8323,228.0639,215.2352,226.3105,1744257600,3602900.0,2025-04-10 04:00:00
223.1107,225.617,216.9589,220.862,1744344000,2013800.0,2025-04-11 04:00:00
221.3969,223.3584,217.9396,222.8234,1744603200,1875700.0,2025-04-14 04:00:00
220.4955,223.3782,219.3562,222.5263,1744689600,1205400.0,2025-04-15 04:00:00
216.7409,221.8823,214.6507,217.8802,1744776000,1671300.0,2025-04-16 04:00:00
218.3458,220.3369,216.414,219.1977,1744862400,1523400.0,2025-04-17 04:00:00
213.67,216.9391,210.5396,216.2555,1745208000,1543000.0,2025-04-21 04:00:00
218.5241,219.2968,214.9479,215.4927,1745294400,1476500.0,2025-04-22 04:00:00
227.6379,234.2256,226.2213,226.7364,1745380800,3492900.0,2025-04-23 04:00:00
234.0473,235.1271,225.4189,226.3402,1745467200,2329800.0,2025-04-24 04:00:00
233.9879,235.7908,230.6395,234.3049,1745553600,1989900.0,2025-04-25 04:00:00
234.711,238.5745,231.8778,236.0583,1745812800,2418200.0,2025-04-28 04:00:00
237.4254,238.5943,232.9279,233.126,1745899200,2255100.0,2025-04-29 04:00:00
236.3456,236.8112,229.0446,232.3335,1745985600,2246300.0,2025-04-30 04:00:00
241.6653,243.9339,238.1089,239.0005,1746072000,1818200.0,2025-05-01 04:00:00
247.1336,248.1936,244.8155,245.2514,1746158400,1302000.0,2025-05-02 04:00:00
244.9542,248.4908,244.1914,245.6774,1746417600,1894400.0,2025-05-05 04:00:00
249.6003,256.1682,247.6685,253.7412,1746504000,2527700.0,2025-05-06 04:00:00
253.5925,255.6828,248.4412,249.422,1746590400,1866500.0,2025-05-07 04:00:00
256.8716,260.6558,253.5926,254.4643,1746676800,1787500.0,2025-05-08 04:00:00
255.554,257.5551,253.2954,256.6833,1746763200,1489000.0,2025-05-09 04:00:00
269.413,270.8593,266.1142,266.8769,1747022400,2551100.0,2025-05-12 04:00:00
271.5726,273.435,268.67,269.4526,1747108800,1690300.0,2025-05-13 04:00:00
270.0371,273.0387,269.5418,269.8489,1747195200,1520800.0,2025-05-14 04:00:00
268.9276,270.3937,268.1945,269.4427,1747281600,1483500.0,2025-05-15 04:00:00
270.6711,270.7603,266.8076,268.9969,1747368000,1235000.0,2025-05-16 04:00:00
270.6315,271.1961,266.9265,267.085,1747627200,1099100.0,2025-05-19 04:00:00
264.8363,269.096,264.4202,269.096,1747713600,1500400.0,2025-05-20 04:00:00
258.2486,262.112,257.7037,261.4186,1747800000,1271800.0,2025-05-21 04:00:00
258.2486,259.6553,256.7824,258.7241,1747886400,1082900.0,2025-05-22 04:00:00
255.9444,257.2057,253.7891,253.948,1747972800,1270700.0,2025-05-23 04:00:00
264.2871,264.5354,258.3081,258.3081,1748318400,1338900.0,2025-05-27 04:00:00
262.7278,265.0717,262.3802,264.7737,1748404800,1340600.0,2025-05-28 04:00:00
261.8141,264.3666,259.2219,263.7508,1748491200,949700.0,2025-05-29 04:00:00
262.0326,263.3138,260.3144,261.7744,1748577600,1245300.0,2025-05-30 04:00:00
259.4304,260.95,257.0269,260.3342,1748836800,1339500.0,2025-06-02 04:00:00
262.5987,263.7607,258.3876,258.3876,1748923200,1358200.0,2025-06-03 04:00:00
260.1455,263.4727,260.1455,262.4199,1749009600,926300.0,2025-06-04 04:00:00
258.0399,261.1089,257.6923,260.1455,1749096000,1188800.0,2025-06-05 04:00:00
263.8203,264.2374,261.0096,262.0524,1749182400,986700.0,2025-06-06 04:00:00
264.1183,265.906,262.8669,264.1779,1749441600,1207500.0,2025-06-09 04:00:00
266.2139,267.2468,263.9395,264.307,1749528000,1479000.0,2025-06-10 04:00:00
264.2474,267.3561,263.5422,267.1971,1749614400,1079300.0,2025-06-11 04:00:00
261.4367,264.0289,260.7713,262.4398,1749700800,1152100.0,2025-06-12 04:00:00
253.2528,258.8047,251.8325,257.2355,1749787200,1783100.0,2025-06-13 04:00:00
256.1529,257.7619,254.4546,254.7327,1750046400,1925700.0,2025-06-16 04:00:00
254.4546,257.6725,253.2627,253.7593,1750132800,1187100.0,2025-06-17 04:00:00
255.7755,259.0629,254.2957,254.7227,1750219200,1136400.0,2025-06-18 04:00:00
258.4174,259.7383,255.7358,257.8016,1750392000,2244300.0,2025-06-20 04:00:00
262.3107,262.5292,252.7562,257.8115,1750651200,1728500.0,2025-06-23 04:00:00
266.8992,268.0712,263.7905,264.883,1750737600,1505700.0,2025-06-24 04:00:00
264.1779,267.2667,262.9364,267.1773,1750824000,1514000.0,2025-06-25 04:00:00
267.7831,268.6472,264.446,264.446,1750910400,1245100.0,2025-06-26 04:00:00
271.6069,272.6398,267.4951,267.7037,1750996800,4507300.0,2025-06-27 04:00:00
271.3487,273.921,268.677,272.6299,1751256000,1341800.0,2025-06-30 04:00:00
276.1756,277.1886,269.5908,269.5908,1751342400,1515400.0,2025-07-01 04:00:00
275.6293,276.2848,273.8416,275.3115,1751428800,1086300.0,2025-07-02 04:00:00
278.1222,279.3637,275.6094,275.7286,1751515200,623200.0,2025-07-03 04:00:00
276.5033,278.2215,273.6826,277.278,1751860800,1258200.0,2025-07-07 04:00:00
278.0527,280.4363,276.7913,277.4866,1751947200,1507100.0,2025-07-08 04:00:00
277.2879,280.1185,276.6523,279.4233,1752033600,906900.0,2025-07-09 04:00:00
280.3767,281.8169,276.9999,278.6089,1752120000,1440200.0,2025-07-10 04:00:00
279.7312,280.6846,277.1092,279.5723,1752206400,990600.0,2025-07-11 04:00:00
280.9428,281.5487,277.7249,279.0558,1752465600,976100.0,2025-07-14 04:00:00
273.0272,281.0422,272.7987,280.8733,1752552000,1772500.0,2025-07-15 04:00:00
271.736,275.0234,270.7428,272.9079,1752638400,1005100.0,2025-07-16 04:00:00
269.7496,272.6795,268.2003,271.2792,1752724800,1564900.0,2025-07-17 04:00:00
270.723,271.7758,268.8955,270.5045,1752811200,1547000.0,2025-07-18 04:00:00
269.7099,272.8384,269.3623,271.6168,1753070400,1294300.0,2025-07-21 04:00:00
271.1203,271.4381,268.1904,270.7528,1753156800,1467500.0,2025-07-22 04:00:00
271.6466,271.8651,267.6639,270.6932,1753243200,1351000.0,2025-07-23 04:00:00
271.0209,274.4176,269.5411,271.0607,1753329600,1103400.0,2025-07-24 04:00:00
277.2084,277.3078,270.8918,272.173,1753416000,1013500.0,2025-07-25 04:00:00
273.9111,278.0924,273.7323,276.7814,1753675200,1485000.0,2025-07-28 04:00:00
271.6069,275.0632,270.713,275.0334,1753761600,1504500.0,2025-07-29 04:00:00
268.2003,273.1761,267.3859,272.7888,1753848000,1300400.0,2025-07-30 04:00:00
262.0326,268.2102,261.1586,266.3927,1753934400,2279400.0,2025-07-31 04:00:00
253.6104,259.2417,252.0312,259.1027,1754020800,2496300.0,2025-08-01 04:00:00
257.3646,257.742,253.6898,255.0306,1754280000,2057900.0,2025-08-04 04:00:00
257.9506,260.4733,253.5309,257.5434,1754366400,2346000.0,2025-08-05 04:00:00
260.9202,261.4764,255.5768,257.5235,1754452800,1635600.0,2025-08-06 04:00:00
258.8146,264.595,257.9804,263.4925,1754539200,1695900.0,2025-08-07 04:00:00
258.1492,260.9599,255.557,258.6259,1754625600,1353600.0,2025-08-08 04:00:00
256.2125,259.5993,254.7426,257.7023,1754884800,1285800.0,2025-08-11 04:00:00
263.2045,263.6812,256.2621,257.6625,1754971200,1110700.0,2025-08-12 04:00:00
267.8626,268.3691,262.5788,263.3138,1755057600,1038500.0,2025-08-13 04:00:00
264.734,266.9389,263.8601,265.7272,1755144000,1153200.0,2025-08-14 04:00:00
263.3932,266.7899,262.8271,266.7899,1755230400,1083700.0,2025-08-15 04:00:00
264.446,265.2207,262.1021,263.3237,1755489600,909000.0,2025-08-18 04:00:00
264.9625,268.3989,263.9494,263.9494,1755576000,1141500.0,2025-08-19 04:00:00
261.7346,266.8198,261.6254,264.9625,1755662400,1090000.0,2025-08-20 04:00:00
261.1471,262.8697,260.3207,261.2567,1755748800,1116600.0,2025-08-21 04:00:00
272.6477,273.3546,261.9337,262.571,1755835200,1605900.0,2025-08-22 04:00:00
267.45,271.652,267.3604,271.6221,1756094400,1259700.0,2025-08-25 04:00:00
266.7032,269.3319,265.8469,267.0518,1756180800,1254200.0,2025-08-26 04:00:00
268.5155,268.8241,264.7815,265.7374,1756267200,907300.0,2025-08-27 04:00:00
269.093,270.4073,267.6492,268.9336,1756353600,970200.0,2025-08-28 04:00:00
266.7132,269.2224,265.0504,267.9479,1756440000,858900.0,2025-08-29 04:00:00
263.3477,264.5625,260.4501,263.7957,1756785600,1423000.0,2025-09-02 04:00:00
263.9352,265.9365,262.7602,263.6265,1756872000,1046300.0,2025-09-03 04:00:00
267.699,268.6449,264.0347,265.4685,1756958400,1232400.0,2025-09-04 04:00:00
263.5667,270.5069,260.8783,269.5311,1757044800,1378600.0,2025-09-05 04:00:00
266.9223,267.231,262.0632,263.9949,1757304000,998200.0,2025-09-08 04:00:00
262.8697,267.4699,262.7004,266.6136,1757390400,1253500.0,2025-09-09 04:00:00
261.2965,264.6421,259.9822,262.8697,1757476800,1414600.0,2025-09-10 04:00:00
266.7929,267.7687,261.3662,262.1727,1757563200,1126600.0,2025-09-11 04:00:00
265.359,266.6336,262.3719,265.7374,1757649600,1051600.0,2025-09-12 04:00:00
264.0049,267.4699,263.2581,266.1058,1757908800,1412200.0,2025-09-15 04:00:00
266.7431,267.9479,262.8896,264.4529,1757995200,1266400.0,2025-09-16 04:00:00
260.9281,267.1613,259.0362,266.2452,1758081600,1941600.0,2025-09-17 04:00:00
262.8199,265.4785,261.1471,261.5952,1758168000,1376700.0,2025-09-18 04:00:00
267.3704,269.1228,263.029,264.2637,1758254400,2771000.0,2025-09-19 04:00:00
262.9693,265.0404,261.9437,264.6322,1758513600,1477600.0,2025-09-22 04:00:00
260.719,264.8811,260.2808,262.3719,1758600000,1050300.0,2025-09-23 04:00:00
261.0177,263.1585,259.0163,262.0234,1758686400,1295700.0,2025-09-24 04:00:00
259.783,261.1272,257.7816,259.8328,1758772800,1194600.0,2025-09-25 04:00:00
263.0788,264.8612,260.5099,260.5099,1758859200,1292400.0,2025-09-26 04:00:00
265.6777,266.5439,262.8797,264.2637,1759118400,1361800.0,2025-09-29 04:00:00
259.325,264.8213,258.5085,264.3633,1759204800,1695300.0,2025-09-30 04:00:00
260.5398,261.1372,256.9651,257.2638,1759291200,1235200.0,2025-10-01 04:00:00
265.2594,265.6478,259.9323,259.9622,1759377600,1026800.0,2025-10-02 04:00:00
266.4244,267.7985,263.8256,264.8412,1759464000,2617900.0,2025-10-03 04:00:00
270.7757,271.9308,266.753,268.0176,1759723200,2064700.0,2025-10-06 04:00:00
266.305,271.871,264.3932,271.2636,1759809600,1729600.0,2025-10-07 04:00:00
266.8327,268.3262,263.1883,266.7431,1759896000,1419800.0,2025-10-08 04:00:00
265.0006,271.6818,264.7915,267.0318,1759982400,1300900.0,2025-10-09 04:00:00
259.086,269.0631,258.7474,265.1897,1760068800,1728200.0,2025-10-10 04:00:00
262.1329,264.1542,260.2012,262.4814,1760328000,1421700.0,2025-10-13 04:00:00
266.8227,268.4856,259.3051,259.773,1760414400,1305600.0,2025-10-14 04:00:00
265.0504,268.6349,262.3121,266.6534,1760500800,1187500.0,2025-10-15 04:00:00
257.931,266.5738,256.8158,266.2353,1760587200,1370000.0,2025-10-16 04:00:00
259.7332,261.9437,257.5128,257.8911,1760673600,1646000.0,2025-10-17 04:00:00
258.8869,262.6806,258.8172,261.177,1760932800,1650200.0,2025-10-20 04:00:00
267.2808,268.4258,260.9181,261.884,1761019200,1528900.0,2025-10-21 04:00:00
270.9052,275.6149,266.8526,266.8526,1761105600,1548100.0,2025-10-22 04:00:00
268.5453,271.871,267.699,270.955,1761192000,1393200.0,2025-10-23 04:00:00
270.1584,272.1399,268.6648,270.2281,1761278400,1077700.0,2025-10-24 04:00:00
270.0488,273.7629,268.8938,271.2537,1761537600,995500.0,2025-10-27 04:00:00
264.3235,270.029,264.1841,268.7246,1761624000,1089900.0,2025-10-28 04:00:00
261.9935,265.9664,260.9082,262.2424,1761710400,1378500.0,2025-10-29 04:00:00
261.1471,266.1755,260.5796,262.1727,1761796800,1217900.0,2025-10-30 04:00:00
259.4644,260.4302,255.6607,260.2809,1761883200,1439900.0,2025-10-31 04:00:00
262.7602,263.6763,257.8812,260.5099,1762146000,2242900.0,2025-11-03 05:00:00
271.0744,274.4798,262.3818,263.268,1762232400,2845200.0,2025-11-04 05:00:00
281.8581,284.437,271.4927,272.578,1762318800,2736800.0,2025-11-05 05:00:00
279.9364,285.3531,278.6718,281.7884,1762405200,1543600.0,2025-11-06 05:00:00
289.9135,290.4113,280.723,280.942,1762491600,2471600.0,2025-11-07 05:00:00
289.2264,292.9205,284.8751,290.8693,1762750800,1737600.0,2025-11-10 05:00:00
290.6503,292.7513,288.7982,289.316,1762837200,1409000.0,2025-11-11 05:00:00
290.4213,293.7271,289.2961,290.1425,1762923600,1102800.0,2025-11-12 05:00:00
286.1994,292.2335,285.7812,288.8181,1763010000,1769200.0,2025-11-13 05:00:00
284.4968,286.7869,279.9862,283.8496,1763096400,1363300.0,2025-11-14 05:00:00
281.6789,285.6617,279.787,285.124,1763355600,1182900.0,2025-11-17 05:00:00
281.6888,285.7115,280.0957,282.0074,1763442000,1553500.0,2025-11-18 05:00:00
282.9833,284.2379,280.3247,281.6689,1763528400,1040500.0,2025-11-19 05:00:00
281.8355,288.802,281.1767,284.8696,1763614800,1215500.0,2025-11-20 05:00:00
295.2695,297.4553,283.7218,283.8216,1763701200,2384700.0,2025-11-21 05:00:00
295.6588,297.3854,292.1555,294.98,1763960400,2348200.0,2025-11-24 05:00:00
303.5335,304.4218,296.0979,296.577,1764046800,1372800.0,2025-11-25 05:00:00
304.0625,305.4099,301.3577,302.9247,1764133200,1240900.0,2025-11-26 05:00:00
304.2022,304.5516,302.3658,303.3139,1764306000,575500.0,2025-11-28 05:00:00
302.8549,306.4878,301.4176,301.8468,1764565200,1421200.0,2025-12-01 05:00:00
304.0625,305.0706,298.7528,303.9727,1764651600,1126000.0,2025-12-02 05:00:00
306.0587,308.8333,302.9347,302.9347,1764738000,1459500.0,2025-12-03 05:00:00
295.4292,306.0587,291.8062,302.3458,1764824400,2268200.0,2025-12-04 05:00:00
292.0258,295.7086,291.4369,294.6307,1764910800,1604600.0,2025-12-05 05:00:00
287.265,291.5966,286.0972,291.5068,1765170000,1569900.0,2025-12-08 05:00:00
283.2926,287.1153,282.5541,286.8458,1765256400,2035800.0,2025-12-09 05:00:00
286.4066,287.4247,281.4861,283.3426,1765342800,1743800.0,2025-12-10 05:00:00
295.8883,296.8365,284.5203,286.6162,1765429200,2260700.0,2025-12-11 05:00:00
298.144,300.17,296.068,297.6848,1765515600,1788600.0,2025-12-12 05:00:00
307.8951,309.6318,301.5873,303.8629,1765774800,2217000.0,2025-12-15 05:00:00
305.38,309.003,302.4656,307.8851,1765861200,2012700.0,2025-12-16 05:00:00
309.4721,311.059,304.871,304.871,1765947600,1658700.0,2025-12-17 05:00:00
306.2283,311.0889,304.312,309.6517,1766034000,1659700.0,2025-12-18 05:00:00
309.5619,311.0789,303.813,303.813,1766120400,3064600.0,2025-12-19 05:00:00
313.145,314.7918,309.3523,310.1408,1766379600,1209900.0,2025-12-22 05:00:00
313.4644,316.0793,312.5362,312.5362,1766466000,1171800.0,2025-12-23 05:00:00
314.5522,315.6102,312.4663,312.4862,1766552400,531700.0,2025-12-24 05:00:00
314.9714,315.3507,313.4444,314.5523,1766725200,663500.0,2025-12-26 05:00:00
313.8037,314.9615,311.8275,314.4924,1766984400,764600.0,2025-12-29 05:00:00
313.3346,314.9016,312.9453,313.8037,1767070800,877200.0,2025-12-30 05:00:00
309.6417,314.7319,309.0728,313.3246,1767157200,1228300.0,2025-12-31 05:00:00
312.8056,313.6939,308.4041,309.9511,1767330000,1060600.0,2026-01-02 05:00:00
310.4302,315.71,307.7155,311.2187,1767589200,2174500.0,2026-01-05 05:00:00
321.2393,321.9779,309.003,309.3523,1767675600,1601100.0,2026-01-06 05:00:00
318.6443,321.6186,316.9177,319.1234,1767762000,1347200.0,2026-01-07 05:00:00
324.2834,325.0819,316.0893,317.0374,1767848400,1265300.0,2026-01-08 05:00:00
327.5471,330.4515,325.9003,326.3295,1767934800,1463800.0,2026-01-09 05:00:00
322.7265,324.523,318.3948,324.523,1768194000,1397700.0,2026-01-12 05:00:00
322.3372,324.8424,319.2132,322.3472,1768280400,1233300.0,2026-01-13 05:00:00
319.0635,321.429,314.1431,320.4309,1768366800,1442000.0,2026-01-14 05:00:00
325.1618,329.0542,321.7384,321.7384,1768453200,2121600.0,2026-01-15 05:00:00
325.2516,327.118,321.4489,326.08,1768539600,1903400.0,2026-01-16 05:00:00
313.2348,321.3391,312.0671,320.0616,1768885200,1756000.0,2026-01-20 05:00:00
319.9418,321.2194,311.9872,314.2229,1768971600,1984600.0,2026-01-21 05:00:00
321.0497,326.569,320.0915,322.3671,1769058000,1575600.0,2026-01-22 05:00:00
319.0835,320.1215,316.0793,318.6942,1769144400,1368300.0,2026-01-23 05:00:00
316.0893,318.8539,312.3964,316.9776,1769403600,1247600.0,2026-01-26 05:00:00
313.3446,315.74,312.6559,315.2309,1769490000,954000.0,2026-01-27 05:00:00
311.4682,315.3906,310.9692,314.4724,1769576400,1264100.0,2026-01-28 05:00:00
319.1534,320.1315,311.8874,311.8874,1769662800,1698200.0,2026-01-29 05:00:00
314.692,318.3349,312.6459,316.1092,1769749200,1325100.0,2026-01-30 05:00:00
318.6743,320.4808,313.654,315.8398,1770008400,978500.0,2026-02-02 05:00:00
317.806,322.2374,315.4605,315.9296,1770094800,1263800.0,2026-02-03 05:00:00
323.9341,329.144,319.7722,320.7303,1770181200,2069100.0,2026-02-04 05:00:00
325.8205,326.2996,319.7821,323.7046,1770267600,1351200.0,2026-02-05 05:00:00
332.5974,333.316,325.3714,325.7706,1770354000,1415300.0,2026-02-06 05:00:00
330.5713,331.4296,325.5011,330.6112,1770613200,2357500.0,2026-02-09 05:00:00
358.657,362.839,346.6901,349.2352,1770699600,4006200.0,2026-02-10 05:00:00
358.0582,367.0209,354.3154,357.9384,1770786000,2492000.0,2026-02-11 05:00:00
354.3953,369.2865,351.8701,361.282,1770872400,1873500.0,2026-02-12 05:00:00
353.2076,358.3875,349.5047,352.6686,1770958800,1590900.0,2026-02-13 05:00:00
359.2459,361.0524,354.1557,354.2655,1771304400,2160000.0,2026-02-17 05:00:00
355.3135,359.4755,352.1795,354.8444,1771390800,1917000.0,2026-02-18 05:00:00
349.2153,354.2256,348.6564,352.5089,1771477200,1734500.0,2026-02-19 05:00:00
347.259,351.93,344.3746,346.74,1771563600,2276700.0,2026-02-20 05:00:00
341.9593,347.9877,337.1186,347.788,1771822800,1730000.0,2026-02-23 05:00:00
342.4883,347.2092,340.8415,342.0791,1771909200,1388000.0,2026-02-24 05:00:00
346.77,347.4786,342.8376,346.0314,1771995600,2465500.0,2026-02-25 05:00:00
350.57,354.46,347.85,349.37,1772082000,1471700.0,2026-02-26 05:00:00
341.73,347.95,339.51,346.81,1772168400,1664600.0,2026-02-27 05:00:00
330.47,336.37,325.81,330.5,1772427600,2038800.0,2026-03-02 05:00:00
335.91,337.13,320.56,322.6,1772514000,2231100.0,2026-03-03 05:00:00
335.94,339.98,333.07,337.93,1772600400,1360200.0,2026-03-04 05:00:00
333.04,334.05,326.53,332.2,1772686800,1471500.0,2026-03-05 05:00:00
323.8,326.73,316.12,324.98,1772773200,2064500.0,2026-03-06 05:00:00
328.86,329.33,311.2,317.12,1773028800,1993500.0,2026-03-09 04:00:00
326.0,331.71,323.78,326.05,1773115200,1148900.0,2026-03-10 04:00:00
326.38,327.7,322.95,326.59,1773201600,989900.0,2026-03-11 04:00:00
316.31,320.96,315.37,320.17,1773288000,1608600.0,2026-03-12 04:00:00
313.81,322.39,313.46,318.38,1773374400,1082200.0,2026-03-13 04:00:00
321.84,323.25,316.97,318.24,1773633600,1419900.0,2026-03-16 04:00:00
327.28,330.84,325.56,325.6,1773720000,1054200.0,2026-03-17 04:00:00
322.52,329.35,322.2,326.0,1773806400,1400000.0,2026-03-18 04:00:00
324.89,326.83,320.06,323.5,1773892800,1278200.0,2026-03-19 04:00:00
319.76,325.33,317.31,323.08,1773979200,3151100.0,2026-03-20 04:00:00
326.52,333.46,325.46,328.91,1774238400,1856500.0,2026-03-23 04:00:00
324.29,326.34,321.96,323.37,1774324800,1102900.0,2026-03-24 04:00:00
326.79,329.07,322.25,326.19,1774411200,1513400.0,2026-03-25 04:00:00
325.74,328.93,323.59,325.52,1774497600,1010200.0,2026-03-26 04:00:00
317.54,324.5,316.54,323.11,1774584000,1875100.0,2026-03-27 04:00:00
319.31,323.61,317.81,320.0,1774843200,1425600.0,2026-03-30 04:00:00
327.07,330.92,321.17,321.17,1774929600,2458000.0,2026-03-31 04:00:00
333.46,334.14,325.31,329.64,1775016000,1577500.0,2026-04-01 04:00:00
331.93,335.31,324.89,327.42,1775102400,1119400.0,2026-04-02 04:00:00
338.0,338.43,328.0,328.72,1775448000,1110400.0,2026-04-06 04:00:00
330.93,337.27,326.76,337.27,1775534400,1498000.0,2026-04-07 04:00:00
348.58,353.6,346.04,349.06,1775620800,1701100.0,2026-04-08 04:00:00
352.93,354.0,344.53,347.51,1775707200,1147100.0,2026-04-09 04:00:00
354.1,357.03,352.02,354.32,1775793600,1122800.0,2026-04-10 04:00:00
