close,high,low,open,time,volume,date
205.6571,206.7768,202.6041,204.7383,1603339200,22351500.0,2020-10-22 04:00:00
206.9395,206.9874,204.0014,205.7911,1603425600,18879600.0,2020-10-23 04:00:00
201.0537,207.0448,199.1588,204.6618,1603684800,37111600.0,2020-10-26 04:00:00
204.0875,205.4465,201.293,202.4989,1603771200,36700300.0,2020-10-27 04:00:00
193.9717,199.867,193.4166,198.7473,1603857600,51195600.0,2020-10-28 04:00:00
195.9241,198.4506,194.6321,195.302,1603944000,31432600.0,2020-10-29 04:00:00
193.7707,195.5125,191.0431,194.7564,1604030400,36953700.0,2020-10-30 04:00:00
193.6367,196.46,191.5217,195.5125,1604293200,30842200.0,2020-11-02 05:00:00
197.5605,199.1779,194.3928,195.1297,1604379600,27512000.0,2020-11-03 05:00:00
207.0926,208.9397,203.2932,204.8245,1604466000,42311800.0,2020-11-04 05:00:00
213.6962,214.4905,211.6481,212.4999,1604552400,36080100.0,2020-11-05 05:00:00
214.1077,214.7202,208.6622,212.7104,1604638800,25231900.0,2020-11-06 05:00:00
209.0067,218.3186,208.5186,214.7967,1604898000,44395000.0,2020-11-09 05:00:00
201.9438,207.1979,200.7092,205.2839,1604984400,44045100.0,2020-11-10 05:00:00
207.2457,208.6717,203.0826,203.2645,1605070800,29440800.0,2020-11-11 05:00:00
206.1834,209.6957,205.2455,207.8774,1605157200,21593900.0,2020-11-12 05:00:00
207.2075,208.0784,204.9584,207.0639,1605243600,18621100.0,2020-11-13 05:00:00
207.8966,208.3847,205.303,205.638,1605502800,24953300.0,2020-11-16 05:00:00
205.2456,208.3272,204.8819,206.8151,1605589200,24154100.0,2020-11-17 05:00:00
202.5396,206.4641,202.3957,205.0056,1605675600,28372800.0,2020-11-18 05:00:00
203.8254,204.4108,201.4362,202.8275,1605762000,24792700.0,2020-11-19 05:00:00
201.8776,204.6602,201.5034,203.6143,1605848400,22843100.0,2020-11-20 05:00:00
201.6089,203.7007,199.7378,202.4149,1606107600,25683500.0,2020-11-23 05:00:00
205.2072,205.5814,200.4095,201.1099,1606194000,33979700.0,2020-11-24 05:00:00
205.2168,206.5793,203.8638,206.4066,1606280400,21012900.0,2020-11-25 05:00:00
206.5217,207.5197,205.3799,206.1571,1606453200,14512200.0,2020-11-27 05:00:00
205.4087,206.0707,202.3094,205.4375,1606712400,33064800.0,2020-11-30 05:00:00
207.4621,208.5272,204.7178,205.8309,1606798800,30904500.0,2020-12-01 05:00:00
206.6561,206.7521,204.1901,206.1859,1606885200,23724500.0,2020-12-02 05:00:00
205.5718,207.6252,205.0057,205.9268,1606971600,25120900.0,2020-12-03 05:00:00
205.687,206.6657,204.5547,205.5526,1607058000,24666000.0,2020-12-04 05:00:00
205.6198,206.8192,204.3724,205.6965,1607317200,24620000.0,2020-12-07 05:00:00
207.2702,208.1721,204.2764,205.3127,1607403600,23284100.0,2020-12-08 05:00:00
203.2306,206.5218,202.6645,206.4546,1607490000,32440600.0,2020-12-09 05:00:00
202.0023,204.4587,201.8488,203.2017,1607576400,26733300.0,2020-12-10 05:00:00
204.6314,204.689,200.6494,201.5513,1607662800,30979400.0,2020-12-11 05:00:00
205.5334,207.4621,204.2668,204.4779,1607922000,28798400.0,2020-12-14 05:00:00
205.4663,206.7041,203.6527,206.4642,1608008400,27000600.0,2020-12-15 05:00:00
210.4079,211.2043,206.0324,206.0612,1608094800,35023300.0,2020-12-16 05:00:00
210.5422,211.9527,209.1029,210.974,1608181200,32515800.0,2020-12-17 05:00:00
209.7458,210.8013,207.2798,209.7458,1608267600,63354900.0,2020-12-18 05:00:00
213.584,214.9369,208.4888,208.7479,1608526800,37181900.0,2020-12-21 05:00:00
214.8793,216.501,212.8739,213.6799,1608613200,22612200.0,2020-12-22 05:00:00
212.0775,214.5147,211.8664,214.0829,1608699600,18699600.0,2020-12-23 05:00:00
213.7375,214.5627,212.2502,212.4613,1608786000,10550600.0,2020-12-24 05:00:00
215.8581,216.8848,213.9966,215.3687,1609131600,17933500.0,2020-12-28 05:00:00
215.0809,217.9883,214.5339,217.1535,1609218000,17403200.0,2020-12-29 05:00:00
212.7108,216.501,212.5093,216.1172,1609304400,20272300.0,2020-12-30 05:00:00
213.4208,213.9774,210.7917,212.73,1609390800,20942100.0,2020-12-31 05:00:00
208.8822,213.9774,206.1187,213.5264,1609736400,37130100.0,2021-01-04 05:00:00
209.0837,209.6786,206.9727,208.4696,1609822800,23823000.0,2021-01-05 05:00:00
203.6623,207.7308,203.3649,203.5856,1609909200,35930700.0,2021-01-06 05:00:00
209.4579,210.4654,205.0632,205.3799,1609995600,27694500.0,2021-01-07 05:00:00
210.7341,211.6553,208.2489,209.8322,1610082000,22956200.0,2021-01-08 05:00:00
208.6903,210.0529,207.9611,209.6307,1610341200,23031300.0,2021-01-11 05:00:00
206.2339,208.3161,204.6891,207.7404,1610427600,23249300.0,2021-01-12 05:00:00
207.5868,207.9898,205.2743,205.3607,1610514000,20087100.0,2021-01-13 05:00:00
204.4012,208.6615,204.1325,207.1742,1610600400,29480800.0,2021-01-14 05:00:00
204.0461,205.8309,203.4512,204.8809,1610686800,31746500.0,2021-01-15 05:00:00
207.6828,208.2009,204.0269,205.1016,1611032400,30480900.0,2021-01-19 05:00:00
215.2632,216.6545,208.4984,208.8918,1611118800,37777300.0,2021-01-20 05:00:00
215.8677,217.1439,213.4208,215.6086,1611205200,30709400.0,2021-01-21 05:00:00
216.808,220.7613,216.6641,217.8923,1611291600,30172700.0,2021-01-22 05:00:00
220.2431,220.483,215.148,219.8497,1611550800,33152100.0,2021-01-25 05:00:00
222.9299,224.705,220.7709,222.4789,1611637200,49169600.0,2021-01-26 05:00:00
223.4769,230.7118,220.8285,228.3705,1611723600,69870600.0,2021-01-27 05:00:00
229.2628,232.8227,225.5782,226.0772,1611810000,49111200.0,2021-01-28 05:00:00
222.5748,228.3896,221.9895,226.4418,1611896400,42503100.0,2021-01-29 05:00:00
229.9537,232.6884,223.0258,225.5494,1612155600,33314200.0,2021-02-01 05:00:00
229.8194,232.5061,229.0326,231.537,1612242000,25916300.0,2021-02-02 05:00:00
233.1682,235.1736,229.5795,229.877,1612328400,27158100.0,2021-02-03 05:00:00
232.2182,233.3984,230.6446,232.8419,1612414800,25296100.0,2021-02-04 05:00:00
232.4005,233.4368,230.6925,232.4293,1612501200,18054800.0,2021-02-05 05:00:00
232.6596,233.8206,231.0668,233.3121,1612760400,22211900.0,2021-02-08 05:00:00
233.907,234.8569,231.6137,232.0839,1612846800,23565000.0,2021-02-09 05:00:00
232.9954,235.97,231.1435,235.0872,1612933200,22186700.0,2021-02-10 05:00:00
234.5979,235.2312,232.3526,234.8761,1613019600,15751100.0,2021-02-11 05:00:00
235.0777,235.3751,232.9091,234.0605,1613106000,16561100.0,2021-02-12 05:00:00
233.8399,236.1715,233.0914,235.116,1613451600,26728500.0,2021-02-16 05:00:00
234.8593,234.9651,231.724,232.0895,1613538000,21653500.0,2021-02-17 05:00:00
234.465,234.5996,231.647,232.5511,1613624400,16925600.0,2021-02-18 05:00:00
231.7528,234.5323,230.993,234.4265,1613710800,25262600.0,2021-02-19 05:00:00
225.5399,228.8291,223.5106,228.3386,1613970000,36446900.0,2021-02-22 05:00:00
224.3474,225.8477,219.981,221.5198,1614056400,30228700.0,2021-02-23 05:00:00
225.5784,226.2035,220.2407,221.2121,1614142800,26339700.0,2021-02-24 05:00:00
220.2311,225.6169,219.1635,223.2029,1614229200,39542200.0,2021-02-25 05:00:00
223.4914,226.367,220.76,222.6739,1614315600,37819200.0,2021-02-26 05:00:00
227.877,228.3867,224.2319,226.8768,1614574800,25324000.0,2021-03-01 05:00:00
224.9244,228.2232,224.5205,227.9443,1614661200,22812500.0,2021-03-02 05:00:00
218.8558,224.6455,218.5672,223.2798,1614747600,34029500.0,2021-03-03 05:00:00
218.0575,223.5972,215.682,218.0671,1614834000,44727800.0,2021-03-04 05:00:00
222.7412,224.3474,217.7978,220.7408,1614920400,41872800.0,2021-03-05 05:00:00
218.6923,224.4435,218.4422,222.52,1615179600,35267400.0,2021-03-08 05:00:00
224.8378,226.3767,222.8086,223.9723,1615266000,33080500.0,2021-03-09 05:00:00
223.5299,227.9347,223.1644,227.9347,1615352400,29746800.0,2021-03-10 05:00:00
228.0597,230.0217,225.3476,225.9727,1615438800,29907600.0,2021-03-11 05:00:00
226.7325,226.7998,224.3089,225.059,1615525200,22653700.0,2021-03-12 05:00:00
225.8285,226.194,222.9432,225.9728,1615780800,26034900.0,2021-03-15 04:00:00
228.6175,230.8776,226.9152,227.2422,1615867200,28092200.0,2021-03-16 04:00:00
227.9731,229.4254,224.3089,227.1172,1615953600,29562100.0,2021-03-17 04:00:00
221.8949,225.2322,221.5198,223.6645,1616040000,34833000.0,2021-03-18 04:00:00
221.539,223.578,220.5773,222.1834,1616126400,46430700.0,2021-03-19 04:00:00
226.9633,227.8385,221.3371,221.4621,1616385600,30127000.0,2021-03-22 04:00:00
228.4925,231.8297,228.002,228.4059,1616472000,31638400.0,2021-03-23 04:00:00
226.4536,228.8964,226.319,228.7522,1616558400,25620100.0,2021-03-24 04:00:00
223.4529,227.877,222.7124,226.2997,1616644800,34061900.0,2021-03-25 04:00:00
227.4346,227.6558,222.6932,222.6932,1616731200,25479900.0,2021-03-26 04:00:00
226.242,227.7423,223.0105,227.5404,1616990400,25227500.0,2021-03-29 04:00:00
222.9817,224.9052,222.2604,224.5974,1617076800,24792000.0,2021-03-30 04:00:00
226.7517,229.9543,223.501,224.0011,1617163200,43623500.0,2021-03-31 04:00:00
233.0801,233.5513,228.9445,229.3485,1617249600,30338000.0,2021-04-01 04:00:00
239.543,240.399,233.4167,233.4744,1617595200,36910600.0,2021-04-05 04:00:00
238.3793,239.8604,237.4368,238.1389,1617681600,22931900.0,2021-04-06 04:00:00
240.3412,241.3318,237.7349,238.3312,1617768000,22719800.0,2021-04-07 04:00:00
243.5631,244.4191,242.3609,243.1015,1617854400,23625200.0,2021-04-08 04:00:00
246.0637,246.1983,242.7841,243.1976,1617940800,24326800.0,2021-04-09 04:00:00
246.1214,247.8141,244.8807,244.9673,1618200000,27148700.0,2021-04-12 04:00:00
248.6027,249.2759,247.0062,247.4197,1618286400,23837500.0,2021-04-13 04:00:00
245.8136,248.9296,245.4,247.6313,1618372800,23070900.0,2021-04-14 04:00:00
249.5741,249.9876,247.8718,248.0641,1618459200,25627500.0,2021-04-15 04:00:00
250.7666,251.0167,247.7467,249.5452,1618545600,24878600.0,2021-04-16 04:00:00
248.8431,251.4783,247.9583,250.2376,1618804800,23209300.0,2021-04-19 04:00:00
248.3815,250.2473,247.0158,247.9583,1618891200,19722900.0,2021-04-20 04:00:00
250.6128,250.7089,247.4101,249.0355,1618977600,24030400.0,2021-04-21 04:00:00
247.3332,251.7668,245.8617,250.2569,1619064000,25606200.0,2021-04-22 04:00:00
251.1609,251.5071,247.4293,248.016,1619150400,21462600.0,2021-04-23 04:00:00
251.5457,252.4017,250.2185,251.6515,1619409600,19763300.0,2021-04-26 04:00:00
251.9496,253.123,250.1704,251.5745,1619496000,31014200.0,2021-04-27 04:00:00
244.823,246.7273,243.2746,246.2848,1619582400,46903100.0,2021-04-28 04:00:00
242.8514,246.3041,239.4757,245.6886,1619668800,40589000.0,2021-04-29 04:00:00
242.534,243.3996,240.0527,240.1874,1619755200,30945100.0,2021-04-30 04:00:00
242.2263,244.621,241.5146,243.7074,1620014400,19626600.0,2021-05-03 04:00:00
238.312,241.6012,236.3596,241.3704,1620100800,32756100.0,2021-05-04 04:00:00
237.0425,239.9566,236.4173,239.5334,1620187200,21901300.0,2021-05-05 04:00:00
240.1777,240.3028,235.3305,237.0232,1620273600,26491100.0,2021-05-06 04:00:00
242.8034,244.573,241.5627,242.5052,1620360000,27032900.0,2021-05-07 04:00:00
237.7253,242.1013,237.6676,241.2742,1620619200,29299900.0,2021-05-10 04:00:00
236.8116,237.1675,233.2916,235.1959,1620705600,33641600.0,2021-05-11 04:00:00
229.8582,235.0324,228.9638,232.9069,1620792000,36684400.0,2021-05-12 04:00:00
233.734,236.2057,232.1856,232.5511,1620878400,29624300.0,2021-05-13 04:00:00
238.6582,239.6488,236.1,236.1865,1620964800,23901100.0,2021-05-14 04:00:00
235.8018,237.1579,234.2053,237.1194,1621224000,24970200.0,2021-05-17 04:00:00
233.7821,236.9848,233.609,236.8501,1621310400,20168000.0,2021-05-18 04:00:00
234.3605,234.4666,230.0034,230.6878,1621396800,25739800.0,2021-05-19 04:00:00
237.5994,239.0164,235.0738,235.1702,1621483200,21800700.0,2021-05-20 04:00:00
236.3367,239.3828,235.9222,238.6502,1621569600,21863100.0,2021-05-21 04:00:00
241.7445,242.1109,238.5923,238.8623,1621828800,21411500.0,2021-05-24 04:00:00
242.6507,243.6436,241.7831,242.6989,1621915200,17704300.0,2021-05-25 04:00:00
242.429,243.8267,241.7156,242.3711,1622001600,17771600.0,2021-05-26 04:00:00
240.3275,242.4193,240.2696,242.1205,1622088000,24426200.0,2021-05-27 04:00:00
240.6842,242.9977,240.5685,241.9566,1622174400,18270200.0,2021-05-28 04:00:00
238.4863,242.2362,238.0622,242.1783,1622520000,23213300.0,2021-06-01 04:00:00
238.3899,240.2889,236.9825,239.19,1622606400,19406700.0,2021-06-02 04:00:00
236.8572,237.4645,234.2448,236.3848,1622692800,25307700.0,2021-06-03 04:00:00
241.7542,242.5832,238.5923,238.8333,1622779200,25281100.0,2021-06-04 04:00:00
244.6653,244.9353,240.8095,240.9733,1623038400,23079200.0,2021-06-07 04:00:00
243.47,246.7861,243.4122,245.9667,1623124800,22455000.0,2021-06-08 04:00:00
244.4533,246.3234,244.087,244.6654,1623211200,17937600.0,2021-06-09 04:00:00
247.9718,248.1838,244.5304,245.1281,1623297600,24563600.0,2021-06-10 04:00:00
248.5984,249.1767,247.3645,248.6948,1623384000,18999700.0,2021-06-11 04:00:00
250.5263,250.5842,247.5476,248.608,1623643200,19150500.0,2021-06-14 04:00:00
249.0514,250.6227,248.3959,250.4106,1623729600,18038900.0,2021-06-15 04:00:00
248.1067,251.1914,245.2534,250.0539,1623816000,27220000.0,2021-06-16 04:00:00
251.4999,252.3193,246.7861,246.8439,1623902400,27565500.0,2021-06-17 04:00:00
250.0829,252.8494,249.4274,250.2757,1623988800,37202200.0,2021-06-18 04:00:00
253.1676,254.0255,248.6273,250.4588,1624248000,26696100.0,2021-06-21 04:00:00
255.9438,256.2138,252.9459,253.2544,1624334400,24694100.0,2021-06-22 04:00:00
255.7125,257.2163,254.9027,256.4065,1624420800,19518700.0,2021-06-23 04:00:00
257.0813,258.1995,255.9053,256.5704,1624507200,21446900.0,2021-06-24 04:00:00
255.4714,257.6211,255.2208,256.6378,1624593600,25611100.0,2021-06-25 04:00:00
259.0381,259.2116,256.3293,256.5992,1624852800,19590000.0,2021-06-28 04:00:00
261.6216,261.8626,258.3248,259.1827,1624939200,19937800.0,2021-06-29 04:00:00
261.1396,261.583,259.8865,260.9372,1625025600,21656500.0,2021-06-30 04:00:00
261.8144,262.0458,259.8865,259.8961,1625112000,16725300.0,2021-07-01 04:00:00
267.6464,267.9838,262.682,262.9905,1625198400,26458000.0,2021-07-02 04:00:00
267.656,269.3044,264.4171,268.0127,1625544000,31565600.0,2021-07-06 04:00:00
269.8442,270.5769,267.1644,269.3333,1625630400,23260000.0,2021-07-07 04:00:00
267.4247,268.6875,264.9666,266.9235,1625716800,24618600.0,2021-07-08 04:00:00
267.926,268.032,265.4004,265.786,1625803200,23916700.0,2021-07-09 04:00:00
267.3283,269.69,266.615,269.102,1626062400,18931700.0,2021-07-12 04:00:00
270.8564,272.6591,267.3958,267.5211,1626148800,26120100.0,2021-07-13 04:00:00
272.3313,273.4398,270.4419,272.177,1626235200,23113700.0,2021-07-14 04:00:00
270.9047,272.3314,269.7479,271.8397,1626321600,22604200.0,2021-07-15 04:00:00
270.6347,273.864,269.3912,271.9072,1626408000,26186800.0,2021-07-16 04:00:00
267.0296,270.2685,264.5618,268.8804,1626667200,32935600.0,2021-07-19 04:00:00
269.2563,270.8469,266.3066,268.0128,1626753600,26259700.0,2021-07-20 04:00:00
271.2613,271.3769,267.2994,268.8513,1626840000,24364300.0,2021-07-21 04:00:00
275.8305,276.1004,273.2085,273.6134,1626926400,23384100.0,2021-07-22 04:00:00
279.2334,279.5418,276.1776,277.0162,1627012800,22768100.0,2021-07-23 04:00:00
278.6357,279.2526,276.3125,278.5875,1627272000,23176100.0,2021-07-26 04:00:00
276.2162,279.1466,272.7555,279.002,1627358400,33604100.0,2021-07-27 04:00:00
275.9076,279.696,273.6037,278.5778,1627444800,33566900.0,2021-07-28 04:00:00
276.1776,278.2212,275.7727,275.9269,1627531200,18168300.0,2021-07-29 04:00:00
274.6449,276.3318,273.6809,274.8955,1627617600,20944800.0,2021-07-30 04:00:00
274.558,276.4378,273.5169,276.0425,1627876800,16267400.0,2021-08-02 04:00:00
276.7752,276.8813,273.7677,275.1365,1627963200,17879000.0,2021-08-03 04:00:00
276.1872,277.2283,274.3942,275.9077,1628049600,16191300.0,2021-08-04 04:00:00
279.0888,279.1948,275.792,276.5439,1628136000,13900200.0,2021-08-05 04:00:00
279.0309,279.0694,277.2572,278.1151,1628222400,16589300.0,2021-08-06 04:00:00
277.9417,281.0457,277.4404,279.3105,1628481600,16117600.0,2021-08-09 04:00:00
276.1197,278.8285,274.9244,278.3947,1628568000,18616600.0,2021-08-10 04:00:00
276.6114,278.2598,275.5607,276.862,1628654400,13955900.0,2021-08-11 04:00:00
279.3683,279.5226,276.0234,276.3029,1628740800,14561300.0,2021-08-12 04:00:00
282.2988,282.347,278.8767,279.0502,1628827200,18249000.0,2021-08-13 04:00:00
283.9857,284.1978,279.5707,282.6265,1629086400,22507600.0,2021-08-16 04:00:00
282.5205,282.8579,280.5925,281.8554,1629172800,20075300.0,2021-08-17 04:00:00
280.7917,284.7419,280.3474,282.0569,1629259200,21813000.0,2021-08-18 04:00:00
286.6252,287.3013,278.7731,278.8214,1629345600,29850500.0,2021-08-19 04:00:00
293.9557,295.3851,287.8711,289.4743,1629432000,40817600.0,2021-08-20 04:00:00
294.2359,294.9603,291.5316,292.8838,1629691200,22830200.0,2021-08-23 04:00:00
292.2752,295.2017,291.6764,294.5932,1629777600,18175800.0,2021-08-24 04:00:00
291.6862,294.178,290.1505,293.8979,1629864000,20006100.0,2021-08-25 04:00:00
288.8658,292.0917,288.7306,290.7009,1629950400,17666100.0,2021-08-26 04:00:00
289.4744,290.5851,286.6832,288.7693,1630036800,22605700.0,2021-08-27 04:00:00
293.212,293.8205,290.7685,290.8265,1630296000,16348100.0,2021-08-30 04:00:00
291.5605,294.0909,291.1935,294.0137,1630382400,26285300.0,2021-08-31 04:00:00
291.5122,294.7574,291.1839,292.5167,1630468800,18983800.0,2021-09-01 04:00:00
290.8555,292.9899,289.9186,291.8696,1630555200,16285600.0,2021-09-02 04:00:00
290.8459,292.2559,289.9959,290.701,1630641600,14747900.0,2021-09-03 04:00:00
289.9186,290.7975,288.0063,290.7202,1630987200,17180400.0,2021-09-07 04:00:00
289.9476,290.334,287.3013,289.5323,1631073600,15046800.0,2021-09-08 04:00:00
287.0887,291.8116,286.8473,290.5367,1631160000,19927000.0,2021-09-09 04:00:00
285.6014,289.6675,285.2827,288.2188,1631246400,19633400.0,2021-09-10 04:00:00
286.8377,288.3347,284.0272,287.3786,1631505600,23652900.0,2021-09-13 04:00:00
289.542,291.0873,287.9098,289.3198,1631592000,21853400.0,2021-09-14 04:00:00
294.4,294.8829,291.5025,292.8933,1631678400,28356300.0,2021-09-15 04:00:00
294.7863,294.8733,290.4788,293.3763,1631764800,19550800.0,2021-09-16 04:00:00
289.6192,294.0909,289.2908,293.7722,1631851200,41372500.0,2021-09-17 04:00:00
284.2396,288.5085,279.623,286.2002,1632110400,38278700.0,2021-09-20 04:00:00
284.7225,287.3688,284.0174,285.5821,1632196800,22364100.0,2021-09-21 04:00:00
288.3733,289.9573,284.4425,286.5866,1632283200,26626300.0,2021-09-22 04:00:00
289.3198,290.614,287.3592,288.6341,1632369600,18604600.0,2021-09-23 04:00:00
289.117,289.5516,286.7797,288.0353,1632456000,14999000.0,2021-09-24 04:00:00
284.1141,286.3354,282.9261,286.0167,1632715200,23571700.0,2021-09-27 04:00:00
273.828,280.8399,273.0844,279.8934,1632801600,43186200.0,2021-09-28 04:00:00
274.2917,276.967,273.3356,275.3541,1632888000,26353700.0,2021-09-29 04:00:00
272.2828,277.9908,271.9931,275.9433,1632974400,32343600.0,2021-09-30 04:00:00
279.2174,280.0673,271.6744,272.476,1633060800,30086300.0,2021-10-01 04:00:00
273.4322,277.9136,270.6699,277.5755,1633320000,31350700.0,2021-10-04 04:00:00
278.889,280.473,274.34,274.34,1633406400,24993000.0,2021-10-05 04:00:00
283.0903,283.5925,275.7501,276.0109,1633492800,28002600.0,2021-10-06 04:00:00
284.7708,286.4996,283.8726,285.0895,1633579200,20430500.0,2021-10-07 04:00:00
284.7708,286.4996,283.7181,286.094,1633665600,17685700.0,2021-10-08 04:00:00
284.1721,287.7842,282.7426,282.9068,1633924800,19298600.0,2021-10-11 04:00:00
282.8682,285.3407,282.3563,285.2441,1634011200,17974100.0,2021-10-12 04:00:00
286.1809,287.1178,283.4573,284.8288,1634097600,23416300.0,2021-10-13 04:00:00
292.4008,292.903,287.649,288.9818,1634184000,27262900.0,2021-10-14 04:00:00
293.8109,294.0427,290.247,292.0048,1634270400,25384800.0,2021-10-15 04:00:00
296.7856,297.6741,292.3428,293.1927,1634529600,22729300.0,2021-10-18 04:00:00
297.6935,298.7269,296.718,297.8093,1634616000,17682100.0,2021-10-19 04:00:00
296.9015,299.1132,295.6459,298.64,1634702400,16537100.0,2021-10-20 04:00:00
300.137,300.3881,295.8874,296.6697,1634788800,16918100.0,2021-10-21 04:00:00
298.5917,300.4557,297.2782,299.7893,1634875200,17449300.0,2021-10-22 04:00:00
297.5969,298.8235,295.984,298.7849,1635134400,17554500.0,2021-10-25 04:00:00
299.5092,301.7209,298.0508,300.3688,1635220800,28107300.0,2021-10-26 04:00:00
312.1228,314.9526,305.1979,305.1979,1635307200,52588700.0,2021-10-27 04:00:00
313.2624,313.7646,310.3746,313.2431,1635393600,26297900.0,2021-10-28 04:00:00
320.2839,320.6509,312.8278,313.05,1635480000,34766000.0,2021-10-29 04:00:00
318.1108,320.1583,315.2134,320.0328,1635739200,27073200.0,2021-11-01 04:00:00
321.7423,322.0514,318.7193,319.0187,1635825600,26487100.0,2021-11-02 04:00:00
322.5825,323.4517,319.347,322.4859,1635912000,21500100.0,2021-11-03 04:00:00
324.9392,325.0358,318.2461,321.5105,1635998400,23992200.0,2021-11-04 04:00:00
324.5721,327.2088,322.9882,326.9383,1636084800,22570100.0,2021-11-05 04:00:00
325.4703,326.1078,323.0075,325.7697,1636347600,20897000.0,2021-11-08 05:00:00
324.466,327.1413,323.0945,325.5863,1636434000,21307400.0,2021-11-09 05:00:00
319.4919,323.1909,318.642,323.133,1636520400,25500900.0,2021-11-10 05:00:00
321.0662,322.3604,319.2118,319.9265,1636606800,16849800.0,2021-11-11 05:00:00
325.2095,325.7021,322.3797,322.5053,1636693200,23831000.0,2021-11-12 05:00:00
324.5819,326.33,322.6116,326.0016,1636952400,16723000.0,2021-11-15 05:00:00
327.9042,329.0246,324.041,324.2051,1637038800,20886800.0,2021-11-16 05:00:00
328.1267,331.0972,327.0431,327.9526,1637125200,19053400.0,2021-11-17 05:00:00
330.207,331.3488,326.1916,327.2172,1637211600,22463500.0,2021-11-18 05:00:00
331.9874,333.9129,331.1069,331.5326,1637298000,21963400.0,2021-11-19 05:00:00
328.8138,338.3348,328.5428,333.4485,1637557200,31031100.0,2021-11-22 05:00:00
326.7334,328.446,322.747,326.1238,1637643600,30427600.0,2021-11-23 05:00:00
326.956,327.1979,323.0856,325.3788,1637730000,21661300.0,2021-11-24 05:00:00
318.9927,326.9753,317.4833,323.5113,1637902800,24217200.0,2021-11-26 05:00:00
325.7175,328.0397,323.8887,324.0823,1638162000,28563500.0,2021-11-29 05:00:00
319.8732,326.8301,318.3251,324.4499,1638248400,42885600.0,2021-11-30 05:00:00
319.3797,328.2815,318.7121,324.266,1638334800,33337600.0,2021-12-01 05:00:00
318.8089,322.6792,317.1737,319.5926,1638421200,30766000.0,2021-12-02 05:00:00
312.539,321.9149,307.7204,321.2278,1638507600,41779300.0,2021-12-03 05:00:00
315.6158,316.835,308.8815,313.4485,1638766800,30032600.0,2021-12-06 05:00:00
324.0629,324.9143,319.3991,320.8892,1638853200,31021900.0,2021-12-07 05:00:00
324.1113,324.6241,320.0764,324.4402,1638939600,24761000.0,2021-12-08 05:00:00
322.3019,325.582,321.3537,323.5694,1639026000,22214200.0,2021-12-09 05:00:00
331.4359,331.881,323.9371,324.121,1639112400,38095700.0,2021-12-10 05:00:00
328.3976,332.6453,328.088,329.6361,1639371600,28899400.0,2021-12-13 05:00:00
317.6962,323.792,313.6033,322.418,1639458000,44438700.0,2021-12-14 05:00:00
323.8016,324.3241,313.9807,317.9574,1639544400,35381100.0,2021-12-15 05:00:00
314.3677,325.8432,312.5486,324.8272,1639630800,35034800.0,2021-12-16 05:00:00
313.3033,314.387,306.9657,310.478,1639717200,47750300.0,2021-12-17 05:00:00
309.5394,312.3357,307.2753,309.6749,1639976400,28326500.0,2021-12-20 05:00:00
316.6802,317.1059,309.433,312.8099,1640062800,24740600.0,2021-12-21 05:00:00
322.3987,322.7953,315.1901,317.6575,1640149200,24831500.0,2021-12-22 05:00:00
323.8403,325.4852,321.9439,321.9632,1640235600,19617800.0,2021-12-23 05:00:00
331.3488,331.3778,324.5563,324.5854,1640581200,19947000.0,2021-12-27 05:00:00
330.1876,332.6646,329.2877,332.026,1640667600,15661500.0,2021-12-28 05:00:00
330.865,333.1388,328.6686,330.236,1640754000,15042000.0,2021-12-29 05:00:00
328.3203,332.0067,327.8365,330.8263,1640840400,15994500.0,2021-12-30 05:00:00
325.4174,328.3589,324.9627,327.5365,1640926800,18000800.0,2021-12-31 05:00:00
323.8984,327.0431,319.0895,324.479,1641186000,28865100.0,2022-01-03 05:00:00
318.3445,324.3339,315.5482,323.9759,1641272400,32674300.0,2022-01-04 05:00:00
306.1239,315.4998,305.7368,315.2965,1641358800,40054300.0,2022-01-05 05:00:00
303.705,308.3687,301.3924,302.9986,1641445200,39646100.0,2022-01-06 05:00:00
303.8597,306.24,300.0377,303.9661,1641531600,32720000.0,2022-01-07 05:00:00
304.0823,304.5177,294.8128,299.4572,1641790800,44289500.0,2022-01-10 05:00:00
304.7693,306.3464,299.8443,303.2211,1641877200,29386800.0,2022-01-11 05:00:00
307.9526,312.926,306.8011,309.3072,1641963600,34372200.0,2022-01-12 05:00:00
294.9193,310.478,294.1452,310.0813,1642050000,45366000.0,2022-01-13 05:00:00
300.1443,300.7442,293.9033,294.3871,1642136400,39846400.0,2022-01-14 05:00:00
292.839,299.7572,291.9585,294.2129,1642482000,42333200.0,2022-01-18 05:00:00
293.4969,303.7339,292.8873,296.361,1642568400,45933900.0,2022-01-19 05:00:00
291.823,301.5472,291.3779,299.0508,1642654800,35380700.0,2022-01-20 05:00:00
286.4335,294.2516,286.0271,292.8776,1642741200,57984400.0,2022-01-21 05:00:00
286.7626,287.4786,267.1013,282.7278,1643000400,85731500.0,2022-01-24 05:00:00
279.138,285.4273,275.9257,282.0698,1643086800,72848600.0,2022-01-25 05:00:00
287.0915,298.4993,283.5308,298.0059,1643173200,90428900.0,2022-01-26 05:00:00
290.1201,297.3382,288.272,292.8487,1643259600,53481300.0,2022-01-27 05:00:00
298.2672,298.4801,284.9049,290.4975,1643346000,49743700.0,2022-01-28 05:00:00
300.899,302.2536,296.4384,298.9348,1643605200,46444500.0,2022-01-31 05:00:00
298.7509,300.5602,295.2385,300.3474,1643691600,40950400.0,2022-02-01 05:00:00
303.2985,304.9047,298.867,299.5927,1643778000,36636000.0,2022-02-02 05:00:00
291.4843,301.1408,290.2362,299.4572,1643864400,43730000.0,2022-02-03 05:00:00
296.0223,298.7896,290.2459,290.4781,1643950800,35096500.0,2022-02-04 05:00:00
291.194,297.8607,290.1781,296.2448,1644210000,28533300.0,2022-02-07 05:00:00
294.6871,295.6547,290.2265,291.4844,1644296400,32421200.0,2022-02-08 05:00:00
301.1214,301.8181,297.4253,299.8249,1644382800,31284700.0,2022-02-09 05:00:00
292.5777,299.0992,290.9522,294.1839,1644469200,45386200.0,2022-02-10 05:00:00
285.4757,294.4258,284.6823,293.3615,1644555600,39175600.0,2022-02-11 05:00:00
285.437,287.1399,281.9053,284.2468,1644814800,36359500.0,2022-02-14 05:00:00
290.7296,291.0489,287.3914,290.2845,1644901200,27058300.0,2022-02-15 05:00:00
290.3903,291.7186,284.7473,289.2947,1644987600,29982100.0,2022-02-16 05:00:00
281.8871,287.7724,281.1792,287.3458,1645074000,32461600.0,2022-02-17 05:00:00
279.1722,284.9218,277.6015,284.1365,1645160400,34264000.0,2022-02-18 05:00:00
278.9686,282.6724,275.8465,276.3313,1645506000,41736100.0,2022-02-22 05:00:00
271.7452,282.8275,271.5804,281.3538,1645592400,37811200.0,2022-02-23 05:00:00
285.6296,286.1823,263.2613,264.2212,1645678800,56989700.0,2022-02-24 05:00:00
288.2669,288.5772,282.7791,286.163,1645765200,32546700.0,2022-02-25 05:00:00
289.7019,290.0412,284.088,285.3581,1646024400,34627500.0,2022-02-28 05:00:00
285.9787,290.846,283.2639,287.3846,1646110800,31217800.0,2022-03-01 05:00:00
291.0593,292.3004,284.7667,286.3762,1646197200,31873000.0,2022-03-02 05:00:00
286.9192,293.9098,285.106,293.6772,1646283600,27314500.0,2022-03-03 05:00:00
281.0435,286.6671,278.4353,285.3387,1646370000,32356500.0,2022-03-04 05:00:00
270.4266,280.8787,270.0582,279.754,1646629200,43157200.0,2022-03-07 05:00:00
267.4596,275.3229,261.7876,269.3503,1646715600,48159500.0,2022-03-08 05:00:00
279.7249,280.7914,272.2397,274.8188,1646802000,35204500.0,2022-03-09 05:00:00
276.9034,277.8826,272.0457,274.4115,1646888400,30628000.0,2022-03-10 05:00:00
271.5513,280.7042,270.9308,279.2013,1646974800,27209300.0,2022-03-11 05:00:00
268.0317,276.7192,267.4306,271.8131,1647230400,30660700.0,2022-03-14 04:00:00
278.4159,279.0656,270.252,271.8228,1647316800,34245100.0,2022-03-15 04:00:00
285.4357,285.6102,274.5861,280.3163,1647403200,37826300.0,2022-03-16 04:00:00
286.2405,286.6186,280.5684,284.3692,1647489600,30816600.0,2022-03-17 04:00:00
291.292,291.8447,283.8262,286.3859,1647576000,43390600.0,2022-03-18 04:00:00
290.0606,291.0108,285.9302,289.7988,1647835200,28351200.0,2022-03-21 04:00:00
294.8115,295.7229,289.6824,290.6811,1647921600,27599700.0,2022-03-22 04:00:00
290.3805,294.0068,288.6644,291.3695,1648008000,25715400.0,2022-03-23 04:00:00
294.8504,294.9473,289.2462,290.0412,1648094400,24484500.0,2022-03-24 04:00:00
294.4431,296.2078,290.1867,295.946,1648180800,22566500.0,2022-03-25 04:00:00
301.2497,301.3466,295.0734,295.0734,1648440000,29578200.0,2022-03-28 04:00:00
305.8164,306.2139,299.6498,304.362,1648526400,30393400.0,2022-03-29 04:00:00
304.3135,306.3399,302.1028,304.2165,1648612800,28163600.0,2022-03-30 04:00:00
298.9323,305.5546,298.5251,304.3522,1648699200,33422100.0,2022-03-31 04:00:00
300.0086,300.697,296.2466,299.9601,1648785600,27110500.0,2022-04-01 04:00:00
305.3897,305.5255,300.2897,300.6582,1649044800,24289600.0,2022-04-04 04:00:00
301.4242,305.2928,300.4449,303.7415,1649131200,23156700.0,2022-04-05 04:00:00
290.3903,297.6622,287.6851,295.9072,1649217600,40110400.0,2022-04-06 04:00:00
292.2034,294.414,287.3361,287.6366,1649304000,31411200.0,2022-04-07 04:00:00
287.9372,291.961,287.2682,291.3017,1649390400,24361900.0,2022-04-08 04:00:00
276.5835,283.7099,276.3314,282.9148,1649649600,34569300.0,2022-04-11 04:00:00
273.4807,281.8967,271.9584,280.4423,1649736000,30966700.0,2022-04-12 04:00:00
278.8716,279.8024,272.7439,274.1304,1649822400,21907200.0,2022-04-13 04:00:00
271.3186,279.5407,270.8241,279.3273,1649908800,28221600.0,2022-04-14 04:00:00
271.9876,273.8686,269.8739,270.4266,1650254400,20778000.0,2022-04-18 04:00:00
276.6222,277.4658,269.9418,270.8823,1650340800,22297700.0,2022-04-19 04:00:00
277.65,280.8884,276.6901,280.5975,1650427200,22906700.0,2022-04-20 04:00:00
272.2687,284.3788,271.5415,279.8024,1650513600,29454600.0,2022-04-21 04:00:00
265.695,274.5861,265.0648,273.1123,1650600000,29405800.0,2022-04-22 04:00:00
272.1815,272.5597,262.5342,264.9775,1650859200,35678900.0,2022-04-25 04:00:00
262.0009,269.8933,261.7876,269.0595,1650945600,46518400.0,2022-04-26 04:00:00
274.6055,282.1198,270.669,273.5196,1651032000,63477700.0,2022-04-27 04:00:00
280.8205,282.1294,272.899,276.5155,1651118400,33646600.0,2022-04-28 04:00:00
269.0789,281.063,268.0899,279.8316,1651204800,37073900.0,2022-04-29 04:00:00
275.8174,276.2731,267.8184,269.263,1651464000,35151100.0,2022-05-02 04:00:00
273.2093,275.4878,271.6288,275.3229,1651550400,25978600.0,2022-05-03 04:00:00
281.1599,282.0325,268.3129,273.9946,1651636800,33599300.0,2022-05-04 04:00:00
268.9141,277.6403,265.9956,276.855,1651723200,43260400.0,2022-05-05 04:00:00
266.3737,270.7563,263.019,266.4513,1651809600,37780300.0,2022-05-06 04:00:00
256.5324,264.0758,255.3108,261.8457,1652068800,47726000.0,2022-05-09 04:00:00
261.3027,265.4235,257.0075,263.4261,1652155200,39336400.0,2022-05-10 04:00:00
252.625,263.1061,251.413,257.5989,1652241600,48975900.0,2022-05-11 04:00:00
247.5832,251.9754,242.4153,249.852,1652328000,51033800.0,2022-05-12 04:00:00
253.1777,255.0393,247.5832,249.5224,1652414400,34925100.0,2022-05-13 04:00:00
253.5461,257.7348,248.0001,252.053,1652673600,32550900.0,2022-05-16 04:00:00
258.7043,260.1683,254.4769,258.0159,1652760000,28828800.0,2022-05-17 04:00:00
246.9256,256.1775,245.6525,255.5944,1652846400,31356000.0,2022-05-18 04:00:00
246.0121,250.4145,244.7876,246.7507,1652932800,32692300.0,2022-05-19 04:00:00
245.4484,251.26,239.5007,249.9966,1653019200,39199300.0,2022-05-20 04:00:00
253.3106,254.1366,246.2939,248.2959,1653278400,33175400.0,2022-05-23 04:00:00
252.3096,253.9714,246.3619,250.6283,1653364800,29043900.0,2022-05-24 04:00:00
255.1279,257.1299,249.8897,250.8712,1653451200,28547900.0,2022-05-25 04:00:00
258.4128,259.5887,254.0686,254.885,1653537600,25002100.0,2022-05-26 04:00:00
265.5461,265.6433,260.0261,260.9202,1653624000,26910800.0,2022-05-27 04:00:00
264.2147,267.033,261.3574,264.8561,1653969600,37827700.0,2022-05-31 04:00:00
264.7492,269.8708,262.4362,267.4509,1654056000,25292200.0,2022-06-01 04:00:00
266.8484,266.9164,254.2339,257.0036,1654142400,44008200.0,2022-06-02 04:00:00
262.4168,265.7502,260.8521,262.6986,1654228800,28059000.0,2022-06-03 04:00:00
261.1825,266.4596,259.6956,264.3993,1654488000,22400300.0,2022-06-06 04:00:00
264.827,265.4392,258.4517,259.132,1654574400,22860700.0,2022-06-07 04:00:00
262.7957,265.3128,262.0182,264.0591,1654660800,17372300.0,2022-06-08 04:00:00
257.334,265.031,257.1785,260.2398,1654747200,26439700.0,2022-06-09 04:00:00
245.8663,253.2426,245.4192,253.2426,1654833600,31422800.0,2022-06-10 04:00:00
235.4384,242.0081,234.729,238.2082,1655092800,46135800.0,2022-06-13 04:00:00
237.6056,238.8204,234.7095,236.9933,1655179200,28651500.0,2022-06-14 04:00:00
244.6709,248.1112,239.4813,241.3181,1655265600,33111700.0,2022-06-15 04:00:00
238.0721,240.4531,236.177,239.0537,1655352000,33169200.0,2022-06-16 04:00:00
240.6767,243.4464,237.1586,237.8097,1655438400,43084800.0,2022-06-17 04:00:00
246.5952,247.5768,242.4843,243.2132,1655784000,29928300.0,2022-06-21 04:00:00
246.0023,249.9286,243.32,244.7972,1655870400,25939900.0,2022-06-22 04:00:00
251.571,252.0666,246.4883,248.3736,1655956800,25861400.0,2022-06-23 04:00:00
260.1621,260.4342,254.3505,254.4379,1656043200,33923200.0,2022-06-24 04:00:00
257.4312,260.7452,255.8665,260.6577,1656302400,24615100.0,2022-06-27 04:00:00
249.258,259.3943,249.1025,256.5468,1656388800,27295500.0,2022-06-28 04:00:00
252.9316,254.5934,248.5583,250.3368,1656475200,20069800.0,2022-06-29 04:00:00
249.5982,252.2221,245.7788,249.812,1656561600,31730900.0,2022-06-30 04:00:00
252.2707,252.4553,247.4407,249.1705,1656648000,22837700.0,2022-07-01 04:00:00
255.4486,255.575,247.567,248.947,1656993600,22941000.0,2022-07-05 04:00:00
258.714,260.4439,255.0113,256.3233,1657080000,23824400.0,2022-07-06 04:00:00
260.8424,261.4839,257.5576,257.6548,1657166400,20859900.0,2022-07-07 04:00:00
260.1232,260.5508,255.8763,257.334,1657252800,19658800.0,2022-07-08 04:00:00
257.0619,259.025,254.7975,258.1698,1657512000,19455200.0,2022-07-11 04:00:00
246.5271,258.4516,244.943,258.3933,1657598400,35868500.0,2022-07-12 04:00:00
245.6039,246.4105,241.1237,243.1451,1657684800,29497400.0,2022-07-13 04:00:00
246.9256,247.9557,239.0148,243.5144,1657771200,25102800.0,2022-07-14 04:00:00
249.4913,253.0385,247.5962,248.5194,1657857600,29774100.0,2022-07-15 04:00:00
247.0908,253.4952,246.1675,252.4359,1658116800,20975000.0,2022-07-18 04:00:00
252.2221,252.4068,246.5368,250.327,1658203200,25012600.0,2022-07-19 04:00:00
254.885,257.4118,251.6196,252.5817,1658289600,22788300.0,2022-07-20 04:00:00
257.3826,257.4312,249.7925,252.4748,1658376000,22404700.0,2022-07-21 04:00:00
253.0287,257.8588,251.7751,257.7713,1658462400,21881300.0,2022-07-22 04:00:00
251.5418,254.1367,249.5787,253.6507,1658721600,21056000.0,2022-07-25 04:00:00
244.8069,252.5623,242.5426,252.5428,1658808000,39348000.0,2022-07-26 04:00:00
261.1727,262.4458,251.5612,253.8062,1658894400,45994000.0,2022-07-27 04:00:00
268.6268,270.0165,260.3272,262.1543,1658980800,33459300.0,2022-07-28 04:00:00
272.8349,274.0594,268.8406,269.8805,1659067200,32152800.0,2022-07-29 04:00:00
270.1818,273.3597,268.0729,269.9972,1659326400,21539600.0,2022-08-01 04:00:00
267.0816,270.0652,264.7103,268.2284,1659412800,22754200.0,2022-08-02 04:00:00
274.5161,275.5171,268.8211,268.9669,1659499200,23518900.0,2022-08-03 04:00:00
275.663,275.8088,272.281,273.8651,1659585600,18098700.0,2022-08-04 04:00:00
274.9438,275.6629,270.8329,271.2897,1659672000,16774600.0,2022-08-05 04:00:00
272.4268,277.8691,271.4549,276.0517,1659931200,18739200.0,2022-08-08 04:00:00
274.351,275.109,269.793,271.7659,1660017600,23405200.0,2022-08-09 04:00:00
281.0178,281.6495,278.8603,280.0557,1660104000,24687800.0,2022-08-10 04:00:00
278.938,283.0101,278.4424,282.6602,1660190400,20065900.0,2022-08-11 04:00:00
283.6903,283.6903,278.8603,280.3569,1660276800,22619700.0,2022-08-12 04:00:00
285.2064,285.8964,281.941,282.806,1660536000,18085700.0,2022-08-15 04:00:00
284.4678,285.7604,282.2423,283.7681,1660622400,18102900.0,2022-08-16 04:00:00
283.7179,285.6949,281.9162,282.1791,1660708800,18253400.0,2022-08-17 04:00:00
282.5979,284.2925,281.5363,282.6174,1660795200,17186200.0,2022-08-18 04:00:00
278.6828,281.7019,278.1082,281.361,1660881600,20570000.0,2022-08-19 04:00:00
270.502,275.0891,269.9859,274.719,1661140800,25061100.0,2022-08-22 04:00:00
269.2262,271.583,268.2133,269.2262,1661227200,17527400.0,2022-08-23 04:00:00
268.5931,269.9956,267.9309,268.2231,1661313600,18137000.0,2022-08-24 04:00:00
271.5734,271.7389,267.3563,270.093,1661400000,16583400.0,2022-08-25 04:00:00
261.0941,273.0244,260.987,271.7973,1661486400,27549300.0,2022-08-26 04:00:00
258.3087,260.4221,256.9647,258.9125,1661745600,20338500.0,2022-08-29 04:00:00
256.1077,260.0812,253.858,259.7112,1661832000,22767100.0,2022-08-30 04:00:00
254.6469,260.1397,254.5105,258.4646,1661918400,24791800.0,2022-08-31 04:00:00
253.6048,254.0821,248.7451,252.1148,1662004800,23263400.0,2022-09-01 04:00:00
249.3781,257.8315,247.8295,254.8709,1662091200,22855400.0,2022-09-02 04:00:00
246.6414,251.1018,245.3656,249.5144,1662436800,21328200.0,2022-09-06 04:00:00
251.3551,252.0757,246.6121,248.0535,1662523200,24126700.0,2022-09-07 04:00:00
251.7739,253.634,248.1412,250.7902,1662609600,20319900.0,2022-09-08 04:00:00
257.5589,258.3088,253.4977,253.7022,1662696000,22084700.0,2022-09-09 04:00:00
259.6917,260.4708,258.2405,258.8444,1662955200,18747700.0,2022-09-12 04:00:00
245.4143,253.6048,245.0247,252.0855,1663041600,33353300.0,2022-09-13 04:00:00
245.6382,247.5958,243.3398,246.914,1663128000,23913000.0,2022-09-14 04:00:00
238.9767,244.8396,237.6522,243.2522,1663214400,31530900.0,2022-09-15 04:00:00
238.3534,238.8988,235.7434,237.886,1663300800,39791800.0,2022-09-16 04:00:00
238.1392,238.743,234.565,236.1427,1663560000,26826900.0,2022-09-19 04:00:00
236.1232,237.1555,233.3865,235.7531,1663646400,26660300.0,2022-09-20 04:00:00
232.7145,241.1972,232.6658,237.8957,1663732800,28625600.0,2022-09-21 04:00:00
234.6915,237.4964,231.3705,231.6627,1663819200,31061200.0,2022-09-22 04:00:00
231.7114,234.8376,229.0624,233.2891,1663905600,34176000.0,2022-09-23 04:00:00
231.2537,235.1493,230.718,230.8641,1664164800,27694200.0,2022-09-26 04:00:00
230.2408,235.4902,228.3807,233.7176,1664251200,27018700.0,2022-09-27 04:00:00
234.7792,236.0063,228.6047,230.6304,1664337600,29029700.0,2022-09-28 04:00:00
231.3024,233.6884,228.293,232.6561,1664424000,27484200.0,2022-09-29 04:00:00
226.8224,234.263,226.6568,232.0717,1664510400,35694800.0,2022-09-30 04:00:00
234.4578,235.3051,228.5365,229.2669,1664769600,28880400.0,2022-10-03 04:00:00
242.3854,243.8268,238.5872,238.6943,1664856000,34888400.0,2022-10-04 04:00:00
242.6971,244.041,237.7301,239.5708,1664942400,20347100.0,2022-10-05 04:00:00
240.3499,243.8073,239.6585,241.4602,1665028800,20239900.0,2022-10-06 04:00:00
228.1274,235.0227,227.0854,234.6136,1665115200,37769600.0,2022-10-07 04:00:00
223.2677,228.4391,220.8134,226.9685,1665374400,29743600.0,2022-10-10 04:00:00
219.5278,223.0826,218.2618,221.6802,1665460800,30474000.0,2022-10-11 04:00:00
219.859,221.9139,218.1157,219.5181,1665547200,21903900.0,2022-10-12 04:00:00
228.1274,229.9389,213.4117,214.113,1665633600,42551800.0,2022-10-13 04:00:00
222.5957,231.0492,222.3814,229.3935,1665720000,30198600.0,2022-10-14 04:00:00
231.3316,232.7242,229.0039,229.6662,1665979200,28142300.0,2022-10-17 04:00:00
232.2763,237.5646,229.2279,236.8926,1666065600,26329600.0,2022-10-18 04:00:00
230.309,233.3573,228.1762,230.8544,1666152000,19985700.0,2022-10-19 04:00:00
229.9876,235.0129,228.741,229.6175,1666238400,21811000.0,2022-10-20 04:00:00
235.8018,236.6588,228.3806,228.6144,1666324800,26299700.0,2022-10-21 04:00:00
240.798,241.3726,235.0032,237.399,1666584000,24911200.0,2022-10-24 04:00:00
244.1189,244.489,239.415,240.8077,1666670400,34775500.0,2022-10-25 04:00:00
225.2836,232.0815,224.0565,225.1376,1666756800,82543200.0,2022-10-26 04:00:00
220.8329,227.5918,219.8882,225.0109,1666843200,40424600.0,2022-10-27 04:00:00
229.7149,230.4259,220.1512,220.3362,1666929600,40647700.0,2022-10-28 04:00:00
226.0725,228.7897,225.1181,227.66,1667188800,28357300.0,2022-10-31 04:00:00
222.2158,229.5883,221.3977,228.478,1667275200,30592300.0,2022-11-01 04:00:00
214.3564,225.2642,214.298,223.4722,1667361600,38407000.0,2022-11-02 04:00:00
208.6591,214.6583,208.3961,214.3467,1667448000,36633900.0,2022-11-03 04:00:00
215.6128,215.8076,207.8605,211.873,1667534400,36789100.0,2022-11-04 04:00:00
221.9237,222.4496,215.5056,216.1971,1667797200,33498000.0,2022-11-07 05:00:00
222.8976,225.605,219.9467,222.732,1667883600,28192500.0,2022-11-08 05:00:00
218.6514,222.6639,218.4761,221.4367,1667970000,27852900.0,2022-11-09 05:00:00
236.6394,236.9802,228.8676,229.2864,1668056400,46268000.0,2022-11-10 05:00:00
240.6616,241.5186,235.6168,236.6491,1668142800,34620200.0,2022-11-11 05:00:00
235.2467,237.5451,232.9678,235.6752,1668402000,31123300.0,2022-11-14 05:00:00
235.6557,240.5545,233.7664,239.2494,1668488400,31390100.0,2022-11-15 05:00:00
236.0854,238.1071,234.806,237.1207,1668574800,24093300.0,2022-11-16 05:00:00
236.0366,237.5699,232.0812,232.2277,1668661200,23123500.0,2022-11-17 05:00:00
235.5873,238.0485,233.4485,237.8239,1668747600,27613500.0,2022-11-18 05:00:00
236.398,238.9568,235.5581,235.7925,1669006800,26394700.0,2022-11-21 05:00:00
239.3084,239.5818,235.0893,237.902,1669093200,19665700.0,2022-11-22 05:00:00
241.7989,242.4825,238.5662,239.3865,1669179600,19508500.0,2022-11-23 05:00:00
241.711,242.8927,240.9687,241.5351,1669352400,9200800.0,2022-11-25 05:00:00
236.1147,240.8905,235.1772,240.3339,1669611600,24778200.0,2022-11-28 05:00:00
234.7182,237.1207,232.6477,235.7632,1669698000,17956300.0,2022-11-29 05:00:00
249.1823,249.3679,234.2591,234.9525,1669784400,47594200.0,2022-11-30 05:00:00
248.7428,250.1394,245.0608,247.942,1669870800,26041500.0,2022-12-01 05:00:00
249.0651,250.0808,243.8596,243.9865,1669957200,21528500.0,2022-12-02 05:00:00
244.3577,247.8931,242.2676,246.1254,1670216400,23435300.0,2022-12-05 05:00:00
239.3963,245.9789,238.0876,244.9632,1670302800,22463700.0,2022-12-06 05:00:00
238.6638,240.412,236.5543,239.1131,1670389200,20481500.0,2022-12-07 05:00:00
241.623,242.9318,237.3844,239.1228,1670475600,22611800.0,2022-12-08 05:00:00
239.6893,242.5118,238.4587,238.9861,1670562000,20609700.0,2022-12-09 05:00:00
246.6137,246.643,241.3984,241.6719,1670821200,30665100.0,2022-12-12 05:00:00
250.9208,257.7573,247.1607,255.5794,1670907600,42196900.0,2022-12-13 05:00:00
251.2137,256.4583,248.3717,251.1259,1670994000,35410900.0,2022-12-14 05:00:00
243.1954,248.2642,241.5644,247.7955,1671080400,35560400.0,2022-12-15 05:00:00
238.9763,244.0061,237.8239,242.7462,1671166800,86102000.0,2022-12-16 05:00:00
234.8353,239.4842,233.136,239.1424,1671426000,29696400.0,2022-12-19 05:00:00
236.1538,237.2379,232.8528,233.8099,1671512400,25150800.0,2022-12-20 05:00:00
238.7224,239.8846,234.5033,236.0464,1671598800,23690600.0,2022-12-21 05:00:00
232.6281,236.3394,228.409,235.6264,1671685200,28651700.0,2022-12-22 05:00:00
233.1555,233.2922,228.4773,230.5967,1671771600,21207000.0,2022-12-23 05:00:00
231.4268,233.3508,230.3232,233.1262,1672117200,16688600.0,2022-12-27 05:00:00
229.0536,234.1224,228.702,231.3585,1672203600,17457100.0,2022-12-28 05:00:00
235.3822,236.271,230.1474,230.1474,1672290000,19770700.0,2022-12-29 05:00:00
234.2201,234.3568,231.1338,232.6477,1672376400,21938500.0,2022-12-30 05:00:00
233.9857,240.0116,231.8566,237.4039,1672722000,25740000.0,2023-01-03 05:00:00
223.7504,227.4323,220.6837,226.8561,1672808400,50623400.0,2023-01-04 05:00:00
217.1189,222.2366,216.5818,221.8947,1672894800,39585600.0,2023-01-05 05:00:00
219.6777,220.4884,214.2281,217.7928,1672981200,43613600.0,2023-01-06 05:00:00
221.8166,225.8404,221.1232,221.1623,1673240400,27369800.0,2023-01-09 05:00:00
223.5062,225.9088,222.0217,222.4417,1673326800,27033900.0,2023-01-10 05:00:00
230.2646,230.4404,225.7134,225.8892,1673413200,28669300.0,2023-01-11 05:00:00
232.9406,234.2982,228.1062,229.7665,1673499600,27269500.0,2023-01-12 05:00:00
233.6438,233.7805,229.4344,231.4659,1673586000,21333300.0,2023-01-13 05:00:00
234.7377,235.2846,231.5538,232.4132,1673931600,29831300.0,2023-01-17 05:00:00
230.3036,236.7202,230.0204,235.9292,1674018000,30028700.0,2023-01-18 05:00:00
226.5142,230.0204,225.2934,228.321,1674104400,28623000.0,2023-01-19 05:00:00
234.6107,235.1185,229.034,229.3758,1674190800,35389800.0,2023-01-20 05:00:00
236.9156,239.4451,234.054,235.4701,1674450000,31934000.0,2023-01-23 05:00:00
236.3882,238.2536,234.8256,236.8375,1674536400,40234400.0,2023-01-24 05:00:00
234.9916,237.6188,225.5083,229.0047,1674622800,66526600.0,2023-01-25 05:00:00
242.209,242.5118,236.3491,237.9606,1674709200,33454500.0,2023-01-26 05:00:00
242.3653,243.9963,241.0664,243.1759,1674795600,26498900.0,2023-01-27 05:00:00
237.0426,239.8651,236.5445,238.8005,1675054800,25867400.0,2023-01-30 05:00:00
242.0235,242.1602,237.277,237.7653,1675141200,26541100.0,2023-01-31 05:00:00
246.8481,249.2214,239.7381,242.2091,1675227600,31259900.0,2023-02-01 05:00:00
258.4214,258.5093,251.243,252.7764,1675314000,39940400.0,2023-02-02 05:00:00
252.3174,258.0308,251.0966,253.4796,1675400400,29077300.0,2023-02-03 05:00:00
250.7742,252.2685,248.8307,251.4286,1675659600,22518000.0,2023-02-06 05:00:00
261.3123,262.4941,254.007,254.4465,1675746000,50841400.0,2023-02-07 05:00:00
260.5017,270.2975,259.9938,266.8206,1675832400,54686000.0,2023-02-08 05:00:00
257.4643,267.5824,256.6634,267.4066,1675918800,42375100.0,2023-02-09 05:00:00
256.9564,257.9233,254.5734,255.4231,1676005200,25818500.0,2023-02-10 05:00:00
264.9845,268.1879,260.9119,261.3905,1676264400,44630900.0,2023-02-13 05:00:00
265.8147,268.5493,262.9921,266.303,1676350800,37047900.0,2023-02-14 05:00:00
263.69,265.0705,260.6156,262.7109,1676437200,28922400.0,2023-02-15 05:00:00
256.6699,261.1639,256.4251,258.5008,1676523600,29603600.0,2023-02-16 05:00:00
252.6654,254.653,250.6485,253.9676,1676610000,30000100.0,2023-02-17 05:00:00
247.3881,250.1491,246.3306,249.1602,1676955600,28397400.0,2023-02-21 05:00:00
246.2523,249.0232,245.1068,248.7784,1677042000,22491100.0,2023-02-22 05:00:00
249.4442,251.4709,245.2438,250.2176,1677128400,29219100.0,2023-02-23 05:00:00
244.0102,245.753,242.9136,244.7347,1677214800,24990900.0,2023-02-24 05:00:00
244.9306,247.535,244.1766,247.1825,1677474000,21190000.0,2023-02-27 05:00:00
244.206,246.2327,243.5304,243.8633,1677560400,22491000.0,2023-02-28 05:00:00
241.1219,245.6844,240.6519,245.518,1677646800,27565300.0,2023-03-01 05:00:00
245.8607,246.1446,240.4757,241.396,1677733200,24808200.0,2023-03-02 05:00:00
249.9533,250.2764,246.1348,246.9181,1677819600,30760100.0,2023-03-03 05:00:00
251.5003,254.6823,250.6289,251.0695,1678078800,24109800.0,2023-03-06 05:00:00
248.8371,252.3031,248.093,250.9422,1678165200,21473200.0,2023-03-07 05:00:00
248.3965,249.219,245.567,248.7294,1678251600,17340200.0,2023-03-08 05:00:00
247.0454,254.134,246.3208,250.4722,1678338000,26653400.0,2023-03-09 05:00:00
243.3933,247.5055,242.424,245.8313,1678424400,28333900.0,2023-03-10 05:00:00
248.6119,252.5185,240.5931,242.2282,1678680000,33339700.0,2023-03-13 04:00:00
255.3384,255.6125,250.5114,251.3828,1678766400,33620300.0,2023-03-14 04:00:00
259.8911,260.9094,253.7913,254.5453,1678852800,46028000.0,2023-03-15 04:00:00
270.4262,270.7787,257.7763,259.666,1678939200,54768800.0,2023-03-16 04:00:00
273.5887,277.4072,270.5437,272.4432,1679025600,69527400.0,2023-03-17 04:00:00
266.5392,271.6794,264.2089,271.1899,1679284800,43466600.0,2023-03-20 04:00:00
268.0567,269.2512,263.8858,269.1337,1679371200,34558700.0,2023-03-21 04:00:00
266.5979,275.165,266.4902,267.6847,1679457600,34873300.0,2023-03-22 04:00:00
271.8557,275.1847,269.4472,272.1299,1679544000,36610900.0,2023-03-23 04:00:00
274.7049,274.7636,269.5254,271.4445,1679630400,28172000.0,2023-03-24 04:00:00
270.6024,275.5762,269.7604,274.6363,1679889600,26840200.0,2023-03-27 04:00:00
269.4765,270.3675,266.363,270.0248,1679976000,21878600.0,2023-03-28 04:00:00
274.6461,275.2629,272.59,273.1285,1680062400,25087000.0,2023-03-29 04:00:00
278.1121,278.5135,275.5958,278.2884,1680148800,25053400.0,2023-03-30 04:00:00
282.2733,283.223,277.0841,277.7988,1680235200,32766000.0,2023-03-31 04:00:00
281.2256,282.2438,278.0142,280.5304,1680494400,24883300.0,2023-04-03 04:00:00
281.1766,284.3783,279.6982,281.2256,1680580800,25824300.0,2023-04-04 04:00:00
278.3961,281.1473,277.0058,279.8745,1680667200,22064800.0,2023-04-05 04:00:00
285.5042,285.9742,276.1343,277.2896,1680753600,29770300.0,2023-04-06 04:00:00
283.3404,283.546,278.7582,283.1642,1681099200,23103000.0,2023-04-10 04:00:00
276.9176,280.0018,275.7525,279.7766,1681185600,27276600.0,2023-04-11 04:00:00
277.5638,281.0102,276.0657,278.8366,1681272000,27403400.0,2023-04-12 04:00:00
283.7811,283.8398,277.2505,277.6617,1681358400,24222700.0,2023-04-13 04:00:00
280.1585,282.4496,277.7597,281.0005,1681444800,20987900.0,2023-04-14 04:00:00
282.7628,285.5043,280.178,283.8692,1681704000,23836200.0,2023-04-17 04:00:00
282.3417,285.6609,281.0102,285.4749,1681790400,20161800.0,2023-04-18 04:00:00
282.4201,283.0076,278.5919,280.0115,1681876800,17150300.0,2023-04-19 04:00:00
280.129,282.9879,279.1205,279.287,1681963200,23244400.0,2023-04-20 04:00:00
279.7863,280.2857,277.1428,279.052,1682049600,21676400.0,2023-04-21 04:00:00
275.8798,278.9933,272.8935,276.1931,1682308800,26611000.0,2023-04-24 04:00:00
269.6625,275.7133,269.6135,273.667,1682395200,45772200.0,2023-04-25 04:00:00
289.1955,293.3077,286.6107,290.4977,1682481600,64599200.0,2023-04-26 04:00:00
298.4577,298.82,289.078,289.7829,1682568000,46462600.0,2023-04-27 04:00:00
300.8369,302.472,296.9694,297.6548,1682654400,36469600.0,2023-04-28 04:00:00
299.1725,302.1489,298.771,300.553,1682913600,21294100.0,2023-05-01 04:00:00
299.0256,302.7168,297.5569,301.3265,1683000000,26404400.0,2023-05-02 04:00:00
298.0367,302.1587,297.7332,300.2103,1683086400,22360800.0,2023-05-03 04:00:00
299.0256,301.3265,297.0576,299.8382,1683172800,22519900.0,2023-05-04 04:00:00
304.156,305.4484,297.9094,299.3291,1683259200,28197100.0,2023-05-05 04:00:00
302.1978,303.7154,299.6913,303.6469,1683518400,21318600.0,2023-05-08 04:00:00
300.5824,303.5589,299.9068,301.5615,1683604800,21340800.0,2023-05-09 04:00:00
305.7813,306.4569,301.2383,302.1684,1683691200,30078000.0,2023-05-10 04:00:00
303.6272,304.6161,299.8577,303.6175,1683777600,31680200.0,2023-05-11 04:00:00
302.5112,304.156,300.1907,304.0581,1683864000,19774700.0,2023-05-12 04:00:00
302.9908,303.4216,301.1599,302.6384,1684123200,16336500.0,2023-05-15 04:00:00
305.2233,307.1521,303.3532,303.3532,1684209600,26730300.0,2023-05-16 04:00:00
308.1081,308.53,304.9092,306.4302,1684296000,24315000.0,2023-05-17 04:00:00
312.5432,313.0535,307.8333,308.6281,1684382400,27276000.0,2023-05-18 04:00:00
312.3666,312.7689,310.4336,310.7967,1684468800,27546700.0,2023-05-19 04:00:00
315.1534,316.5369,312.0428,312.6218,1684728000,24115700.0,2023-05-22 04:00:00
309.3445,316.6645,309.3346,314.0249,1684814400,30797200.0,2023-05-23 04:00:00
307.9609,310.5611,306.7441,308.8244,1684900800,23384900.0,2023-05-24 04:00:00
319.8044,320.766,313.9955,317.1747,1684987200,43301700.0,2023-05-25 04:00:00
326.6436,327.144,317.8026,317.94,1685073600,36630600.0,2023-05-26 04:00:00
324.9951,329.4401,324.3181,328.9397,1685419200,29503100.0,2023-05-30 04:00:00
322.228,329.6363,321.1879,326.0548,1685505600,45950600.0,2023-05-31 04:00:00
326.3394,327.2716,318.6269,319.8142,1685592000,26773900.0,2023-06-01 04:00:00
329.1065,331.1671,326.31,327.9781,1685678400,25873800.0,2023-06-02 04:00:00
329.6364,332.2072,328.3804,328.9299,1685937600,21307100.0,2023-06-05 04:00:00
327.4188,329.0771,325.9372,329.0379,1686024000,20396200.0,2023-06-06 04:00:00
317.312,328.2136,316.4485,325.4269,1686110400,40717100.0,2023-06-07 04:00:00
319.1568,320.5109,317.2826,317.8616,1686196800,23277700.0,2023-06-08 04:00:00
320.6581,323.798,318.3228,318.8919,1686283200,22529000.0,2023-06-09 04:00:00
325.6231,325.8684,319.0587,322.4145,1686542400,24260300.0,2023-06-12 04:00:00
328.0174,330.6569,324.1906,328.194,1686628800,22951300.0,2023-06-13 04:00:00
331.0101,332.6782,326.5651,328.0664,1686715200,26003800.0,2023-06-14 04:00:00
341.5682,343.2756,330.8728,331.1475,1686801600,38899100.0,2023-06-15 04:00:00
335.9065,344.875,335.5336,344.7278,1686888000,46552000.0,2023-06-16 04:00:00
331.7068,335.6612,329.5579,332.9432,1687233600,26375400.0,2023-06-20 04:00:00
327.3011,331.3928,325.839,330.0583,1687320000,25117800.0,2023-06-21 04:00:00
333.3356,333.7379,327.0852,327.8505,1687406400,23556800.0,2023-06-22 04:00:00
328.7337,331.6185,327.1932,328.0861,1687492800,23146900.0,2023-06-23 04:00:00
322.4342,329.8032,322.3262,327.4581,1687752000,21520600.0,2023-06-26 04:00:00
328.2921,329.8425,323.121,325.6329,1687838400,24354100.0,2023-06-27 04:00:00
329.548,331.6381,327.5463,328.3804,1687924800,20259500.0,2023-06-28 04:00:00
328.7631,329.8032,326.3787,328.4295,1688011200,16997000.0,2023-06-29 04:00:00
334.1501,336.299,330.8728,331.4125,1688097600,26832800.0,2023-06-30 04:00:00
331.6479,334.5033,330.2546,332.8254,1688356800,12508700.0,2023-07-03 04:00:00
331.8049,335.2392,328.4491,328.8023,1688529600,18172400.0,2023-07-05 04:00:00
334.8664,336.5541,329.2046,330.9709,1688616000,28161200.0,2023-07-06 04:00:00
330.8924,335.3767,330.6765,332.953,1688702400,21214800.0,2023-07-07 04:00:00
325.6035,328.9397,321.4431,328.3216,1688961600,32791400.0,2023-07-10 04:00:00
326.2315,326.6141,320.8641,324.8479,1689048000,26698200.0,2023-07-11 04:00:00
330.8727,335.2392,329.3714,330.284,1689134400,29995300.0,2023-07-12 04:00:00
336.2303,337.29,332.6585,333.1884,1689220800,20567200.0,2023-07-13 04:00:00
338.7618,344.8357,337.8493,341.0678,1689307200,28352700.0,2023-07-14 04:00:00
339.2427,340.479,335.7789,339.1936,1689566400,20363900.0,2023-07-17 04:00:00
352.7445,359.8977,335.7495,339.3408,1689652800,64738600.0,2023-07-18 04:00:00
348.4173,355.6588,345.8268,354.9621,1689739200,39732900.0,2023-07-19 04:00:00
340.3613,351.253,338.8894,346.9356,1689825600,33778400.0,2023-07-20 04:00:00
337.3194,343.7269,333.4534,342.5985,1689912000,69405400.0,2023-07-21 04:00:00
338.6343,340.4103,335.8868,339.3604,1690171200,26678100.0,2023-07-24 04:00:00
344.3942,345.2872,338.5951,340.5968,1690257600,41637700.0,2023-07-25 04:00:00
331.432,338.2026,326.8595,335.0332,1690344000,58383700.0,2023-07-26 04:00:00
324.5144,334.9253,322.8757,334.0912,1690430400,39635300.0,2023-07-27 04:00:00
332.0208,333.63,326.9184,327.409,1690516800,28484900.0,2023-07-28 04:00:00
329.6168,331.3634,327.1048,330.598,1690776000,25446000.0,2023-07-31 04:00:00
330.0289,332.1876,327.4385,328.9005,1690862400,18311900.0,2023-08-01 04:00:00
321.3548,327.3697,320.2361,327.3697,1690948800,27761300.0,2023-08-02 04:00:00
320.5305,323.6901,319.8339,319.8829,1691035200,18253700.0,2023-08-03 04:00:00
321.6295,328.8514,321.0996,325.6526,1691121600,23741500.0,2023-08-04 04:00:00
323.9158,324.897,321.3744,322.2084,1691380800,17741500.0,2023-08-07 04:00:00
319.9319,322.5813,316.9392,320.8249,1691467200,22327600.0,2023-08-08 04:00:00
316.1837,320.9721,315.0258,320.3441,1691553600,22373300.0,2023-08-09 04:00:00
316.8705,322.1005,315.1534,319.9025,1691640000,20113700.0,2023-08-10 04:00:00
314.9865,316.3602,313.2202,314.2506,1691726400,24355500.0,2023-08-11 04:00:00
317.9597,317.9793,314.074,315.3594,1691985600,18836100.0,2023-08-14 04:00:00
315.8205,318.9899,314.8785,316.9391,1692072000,16966300.0,2023-08-15 04:00:00
315.0536,319.0066,314.4636,315.4469,1692158400,20698900.0,2023-08-16 04:00:00
311.5923,316.499,310.9335,315.1912,1692244800,21257200.0,2023-08-17 04:00:00
311.199,313.0673,306.3512,309.2422,1692331200,24755000.0,2023-08-18 04:00:00
316.5089,317.384,311.7497,312.6248,1692590400,24040000.0,2023-08-21 04:00:00
317.0792,320.6388,316.0959,320.0685,1692676800,16084600.0,2023-08-22 04:00:00
321.5435,323.7068,318.0625,318.4165,1692763200,21166400.0,2023-08-23 04:00:00
314.6308,327.4237,314.621,327.2959,1692849600,23281400.0,2023-08-24 04:00:00
317.5906,319.9308,313.4803,316.1058,1692936000,21684100.0,2023-08-25 04:00:00
318.2986,320.7077,316.3516,320.2259,1693195200,14808500.0,2023-08-28 04:00:00
322.9299,323.4904,316.5089,316.5089,1693281600,19284600.0,2023-08-29 04:00:00
323.3036,324.3066,321.0026,323.1856,1693368000,15222100.0,2023-08-30 04:00:00
322.2908,325.3882,321.3271,323.7067,1693454400,26411000.0,2023-08-31 04:00:00
323.1758,326.4502,321.3271,325.7816,1693540800,14942000.0,2023-09-01 04:00:00
327.9842,329.2625,323.1758,323.5101,1693886400,18553900.0,2023-09-05 04:00:00
327.3254,328.879,324.6705,327.8171,1693972800,17535800.0,2023-09-06 04:00:00
324.4049,327.522,323.5396,325.7619,1694059200,18381000.0,2023-09-07 04:00:00
328.6921,330.5506,323.9624,324.5819,1694145600,19530100.0,2023-09-08 04:00:00
332.3009,332.7729,329.8328,331.6126,1694404800,16583300.0,2023-09-11 04:00:00
326.2339,331.1701,325.9487,330.2163,1694491200,17565500.0,2023-09-12 04:00:00
330.4523,331.2291,325.6439,325.7816,1694577600,16544400.0,2023-09-13 04:00:00
333.0482,335.1721,330.9538,333.4907,1694664000,20267000.0,2023-09-14 04:00:00
324.7097,331.7699,324.1493,331.298,1694750400,37679800.0,2023-09-15 04:00:00
323.5691,324.8867,320.9141,322.3301,1695009600,16834200.0,2023-09-18 04:00:00
323.166,323.8936,319.0951,320.7274,1695096000,16505900.0,2023-09-19 04:00:00
315.4174,324.0903,315.1618,324.0116,1695182400,21436500.0,2023-09-20 04:00:00
314.1981,319.921,309.7437,313.9326,1695268800,35560400.0,2023-09-21 04:00:00
311.7202,316.0861,310.8745,315.9583,1695355200,21447900.0,2023-09-22 04:00:00
312.2414,312.3692,309.7438,311.3072,1695614400,17836000.0,2023-09-25 04:00:00
306.9315,310.609,304.8468,309.8716,1695700800,26297600.0,2023-09-26 04:00:00
307.5706,309.0554,304.5223,307.0888,1695787200,19410100.0,2023-09-27 04:00:00
308.4065,310.2158,304.2864,305.8007,1695873600,19683600.0,2023-09-28 04:00:00
310.4812,314.1391,309.724,312.4478,1695960000,24147300.0,2023-09-29 04:00:00
316.4303,316.5188,309.9207,311.0024,1696219200,20570000.0,2023-10-02 04:00:00
308.1606,316.0272,306.017,315.4765,1696305600,21033500.0,2023-10-03 04:00:00
313.6376,314.6996,308.7604,308.7899,1696392000,20720100.0,2023-10-04 04:00:00
314.0309,314.6406,309.6454,313.7655,1696478400,16965600.0,2023-10-05 04:00:00
321.7992,323.697,311.022,311.2679,1696564800,25673600.0,2023-10-06 04:00:00
324.3164,324.7884,317.7872,319.331,1696824000,19891200.0,2023-10-09 04:00:00
322.9103,325.575,322.2023,325.4374,1696910400,20557100.0,2023-10-10 04:00:00
326.873,327.2663,323.6477,325.6832,1696996800,20063200.0,2023-10-11 04:00:00
325.6341,328.0629,323.2348,325.0539,1697083200,19313100.0,2023-10-12 04:00:00
322.2613,328.2595,320.9141,326.8337,1697169600,21072400.0,2023-10-13 04:00:00
327.0894,330.531,325.0834,325.5259,1697428800,22158000.0,2023-10-16 04:00:00
326.519,327.8957,321.9466,324.0903,1697515200,18338500.0,2023-10-17 04:00:00
324.6015,329.9901,322.8217,326.9418,1697601600,23153600.0,2023-10-18 04:00:00
325.7914,331.2586,325.3882,326.6075,1697688000,25052100.0,2023-10-19 04:00:00
321.219,326.3814,320.0193,326.1847,1697774400,25027700.0,2023-10-20 04:00:00
323.8247,327.1778,318.977,320.039,1698033600,24374700.0,2023-10-23 04:00:00
325.0146,326.3027,322.1335,325.7717,1698120000,31153600.0,2023-10-24 04:00:00
334.9854,340.4231,331.9863,339.2628,1698206400,55053800.0,2023-10-25 04:00:00
322.4187,335.9294,321.4845,334.8576,1698292800,37828500.0,2023-10-26 04:00:00
324.3066,331.1013,322.9202,324.9163,1698379200,29856500.0,2023-10-27 04:00:00
331.6815,333.7858,326.2929,327.8465,1698638400,22828100.0,2023-10-30 04:00:00
332.4681,333.3433,329.1052,333.1958,1698724800,20265300.0,2023-10-31 04:00:00
340.2953,341.6228,333.9824,334.1201,1698811200,28158800.0,2023-11-01 04:00:00
342.5077,343.0092,339.0169,341.4457,1698897600,24348100.0,2023-11-02 04:00:00
346.9129,348.4764,341.5342,343.7958,1698984000,23637700.0,2023-11-03 04:00:00
350.5807,351.5739,347.4538,347.5522,1699246800,23828300.0,2023-11-06 05:00:00
354.5139,356.4117,351.6623,353.4028,1699333200,25833900.0,2023-11-07 05:00:00
357.1394,357.7982,354.5336,355.6448,1699419600,26767800.0,2023-11-08 05:00:00
354.6714,358.7029,354.3468,356.2545,1699506000,24847300.0,2023-11-09 05:00:00
363.5015,363.9243,355.045,355.4579,1699592400,28042100.0,2023-11-10 05:00:00
360.5614,362.3215,359.7944,362.0757,1699851600,19986500.0,2023-11-13 05:00:00
364.0915,365.7435,361.2202,364.8191,1699938000,27683900.0,2023-11-14 05:00:00
364.2393,367.6484,361.7168,365.8256,1700024400,26860100.0,2023-11-15 05:00:00
370.6438,370.8211,364.7417,365.5103,1700110800,27182300.0,2023-11-16 05:00:00
364.4166,368.8702,361.6085,368.1213,1700197200,40157000.0,2023-11-17 05:00:00
371.8951,373.3041,365.5497,365.7665,1700456400,52465100.0,2023-11-20 05:00:00
367.5893,370.693,365.6679,370.1511,1700542800,28423100.0,2023-11-21 05:00:00
372.2991,374.2106,369.4614,372.4469,1700629200,23345300.0,2023-11-22 05:00:00
371.8853,372.4174,369.6289,371.7867,1700802000,10176600.0,2023-11-24 05:00:00
373.0479,375.0481,370.6733,371.2448,1701061200,22179200.0,2023-11-27 05:00:00
377.0779,377.3735,372.6046,372.7918,1701147600,20453100.0,2023-11-28 05:00:00
373.2844,378.6543,371.8951,378.1223,1701234000,28963400.0,2023-11-29 05:00:00
373.3435,374.5062,369.954,372.9297,1701320400,30554400.0,2023-11-30 05:00:00
369.0082,372.6046,365.8552,371.2251,1701406800,33040500.0,2023-12-01 05:00:00
363.717,364.0914,357.5687,363.6776,1701666000,32063300.0,2023-12-04 05:00:00
367.0474,367.5992,360.2488,361.0666,1701752400,23065000.0,2023-12-05 05:00:00
363.382,368.683,362.6233,368.0524,1701838800,21182100.0,2023-12-06 05:00:00
365.5004,365.9931,360.9384,362.8204,1701925200,23118900.0,2023-12-07 05:00:00
368.7323,368.9589,362.8204,363.7762,1702011600,20154400.0,2023-12-08 05:00:00
365.8453,366.1409,360.7217,363.0668,1702270800,27708800.0,2023-12-11 05:00:00
368.88,368.9195,365.0176,365.4019,1702357200,24838300.0,2023-12-12 05:00:00
368.8702,372.0922,365.3231,370.496,1702443600,30955500.0,2023-12-13 05:00:00
360.5542,368.2692,358.7807,367.8258,1702530000,43277500.0,2023-12-14 05:00:00
365.2837,366.9291,360.899,361.4607,1702616400,78502300.0,2023-12-15 05:00:00
367.1755,367.5203,363.2638,364.0225,1702875600,21802900.0,2023-12-18 05:00:00
367.7765,367.7765,364.4067,366.0325,1702962000,20603700.0,2023-12-19 05:00:00
365.1753,370.5058,365.0866,369.491,1703048400,26316700.0,2023-12-20 05:00:00
368.0524,368.9096,364.6038,367.0868,1703134800,17708000.0,2023-12-21 05:00:00
369.0771,369.6682,367.2345,368.1903,1703221200,17107500.0,2023-12-22 05:00:00
369.1559,371.4024,368.013,369.4909,1703566800,12673100.0,2023-12-26 05:00:00
368.5746,369.5501,367.3331,368.2002,1703653200,14905400.0,2023-12-27 05:00:00
369.7668,370.9295,368.6633,369.8555,1703739600,14327000.0,2023-12-28 05:00:00
370.5157,371.6192,367.9933,370.4763,1703826000,18730800.0,2023-12-29 05:00:00
365.4216,370.3777,361.3818,368.3676,1704171600,25258600.0,2024-01-02 05:00:00
365.1556,367.7765,363.0963,363.5889,1704258000,23083500.0,2024-01-03 05:00:00
362.5346,367.6188,361.776,365.2245,1704344400,20901500.0,2024-01-04 05:00:00
362.3474,366.5941,361.1158,363.5495,1704430800,21004600.0,2024-01-05 05:00:00
369.1855,369.688,363.5889,363.8747,1704690000,23134000.0,2024-01-08 05:00:00
370.2693,370.4664,365.7369,366.5449,1704776400,20830000.0,2024-01-09 05:00:00
377.1468,378.5262,370.7916,370.8408,1704862800,25514200.0,2024-01-10 05:00:00
378.9795,384.9406,374.792,380.3294,1704949200,27850800.0,2024-01-11 05:00:00
382.7631,382.97,378.9992,379.8268,1705035600,21661200.0,2024-01-12 05:00:00
384.5367,388.2414,381.9256,387.8769,1705381200,27202300.0,2024-01-16 05:00:00
383.7484,384.379,379.1569,382.2803,1705467600,22234100.0,2024-01-17 05:00:00
388.0837,388.202,384.3888,385.9653,1705554000,23392100.0,2024-01-18 05:00:00
392.8132,392.8132,387.7192,389.946,1705640400,29331100.0,2024-01-19 05:00:00
390.685,394.7346,387.8079,394.1434,1705899600,27016900.0,2024-01-22 05:00:00
393.0399,393.5128,388.1429,389.9361,1705986000,20525900.0,2024-01-23 05:00:00
396.6461,399.671,394.5671,395.6411,1706072400,24867000.0,2024-01-24 05:00:00
398.9221,401.0307,396.6165,398.3802,1706158800,21021200.0,2024-01-25 05:00:00
397.9959,400.203,396.5179,398.4294,1706245200,17803300.0,2024-01-26 05:00:00
403.7009,403.9571,398.3901,400.0947,1706504400,24510200.0,2024-01-29 05:00:00
402.5874,406.9819,400.4789,406.2035,1706590800,33477600.0,2024-01-30 05:00:00
391.7393,409.2187,391.3747,400.9815,1706677200,47871100.0,2024-01-31 05:00:00
397.8481,402.0062,395.8972,395.9268,1706763600,30657700.0,2024-02-01 05:00:00
405.1788,406.5878,397.6314,397.8777,1706850000,28256700.0,2024-02-02 05:00:00
399.6906,405.1197,398.055,403.8782,1707109200,25352300.0,2024-02-05 05:00:00
399.533,401.9766,396.9909,399.9173,1707195600,18382600.0,2024-02-06 05:00:00
407.9673,408.2136,401.415,401.4544,1707282000,22340500.0,2024-02-07 05:00:00
408.0264,409.4551,406.4696,407.9673,1707368400,21225300.0,2024-02-08 05:00:00
414.3717,414.6378,408.992,409.1496,1707454800,22032800.0,2024-02-09 05:00:00
409.1595,414.5589,408.6569,414.3816,1707714000,21202900.0,2024-02-12 05:00:00
400.3509,404.0458,397.4639,398.9911,1707800400,27824900.0,2024-02-13 05:00:00
404.2203,404.5658,399.3637,402.8186,1707886800,20401200.0,2024-02-14 05:00:00
401.3281,403.865,399.0873,402.8878,1707973200,21825500.0,2024-02-15 05:00:00
398.8602,403.0358,398.2482,402.71,1708059600,22296500.0,2024-02-16 05:00:00
397.6066,399.2847,392.8881,398.0508,1708405200,24307900.0,2024-02-20 05:00:00
397.0044,397.113,392.1082,395.0203,1708491600,18518900.0,2024-02-21 05:00:00
406.3526,407.5174,403.3122,404.9114,1708578000,27009900.0,2024-02-22 05:00:00
405.0594,410.5084,403.7071,410.3209,1708664400,16295900.0,2024-02-23 05:00:00
402.2955,406.856,402.1178,406.165,1708923600,16193500.0,2024-02-26 05:00:00
402.2362,403.0654,398.6529,402.7397,1709010000,14835800.0,2024-02-27 05:00:00
402.4731,404.0328,400.104,402.9272,1709096400,13183100.0,2024-02-28 05:00:00
408.317,408.8698,400.6963,403.3813,1709182800,31947300.0,2024-02-29 05:00:00
410.153,410.5183,405.5925,405.9775,1709269200,17823400.0,2024-03-01 05:00:00
409.5805,411.9793,407.014,408.1196,1709528400,17596000.0,2024-03-04 05:00:00
397.4684,408.9191,395.4843,408.6328,1709614800,26919200.0,2024-03-05 05:00:00
396.9156,399.9461,393.2633,397.7843,1709701200,22344100.0,2024-03-06 05:00:00
403.8749,404.5066,397.0636,400.8937,1709787600,18718500.0,2024-03-07 05:00:00
400.9925,405.1385,399.1268,402.7101,1709874000,18002200.0,2024-03-08 05:00:00
399.3143,400.4594,396.0963,398.5641,1710129600,16120800.0,2024-03-11 04:00:00
409.9359,410.2221,401.5551,402.3744,1710216000,22457000.0,2024-03-12 04:00:00
409.7582,412.7986,406.1552,412.7196,1710302400,17115900.0,2024-03-13 04:00:00
419.748,422.3145,412.611,414.8321,1710388800,34157300.0,2024-03-14 04:00:00
411.0612,417.1617,407.4779,413.8943,1710475200,45079900.0,2024-03-15 04:00:00
411.9496,415.3158,408.4552,408.9191,1710734400,20106000.0,2024-03-18 04:00:00
415.987,416.2437,410.2024,412.4531,1710820800,19837900.0,2024-03-19 04:00:00
419.7578,420.4784,415.2466,416.5694,1710907200,17860100.0,2024-03-20 04:00:00
423.8445,425.2759,421.663,424.2986,1710993600,21296200.0,2024-03-21 04:00:00
423.2226,424.3282,420.587,424.1703,1711080000,17648500.0,2024-03-22 04:00:00
417.4183,421.9098,416.1844,419.7677,1711339200,18060500.0,2024-03-25 04:00:00
416.2239,420.508,415.9277,420.1329,1711425600,16725600.0,2024-03-26 04:00:00
416.0067,418.9879,413.6179,418.978,1711512000,16705000.0,2024-03-27 04:00:00
415.3058,416.441,413.7264,415.5427,1711598400,21871200.0,2024-03-28 04:00:00
419.1063,422.3836,416.7866,418.4943,1711944000,16316000.0,2024-04-01 04:00:00
416.0166,416.9445,412.463,414.7037,1712030400,17912000.0,2024-04-02 04:00:00
415.0393,417.8131,413.6968,414.3286,1712116800,16502300.0,2024-04-03 04:00:00
412.5024,423.1535,412.1964,419.5209,1712203200,19370900.0,2024-04-04 04:00:00
420.0441,421.0214,412.9368,414.605,1712289600,16554800.0,2024-04-05 04:00:00
419.1261,421.7815,417.8527,419.6986,1712548800,14272400.0,2024-04-08 04:00:00
420.7943,422.2355,416.1943,420.9523,1712635200,12496900.0,2024-04-09 04:00:00
417.8132,418.5733,414.299,416.7569,1712721600,16216600.0,2024-04-10 04:00:00
422.4231,423.8446,416.9248,420.3403,1712808000,17966400.0,2024-04-11 04:00:00
416.4707,419.7085,414.3681,418.593,1712894400,19253800.0,2024-04-12 04:00:00
408.317,421.3274,408.1097,421.1102,1713153600,20273500.0,2024-04-15 04:00:00
409.2449,413.0158,408.4059,409.2351,1713240000,16765600.0,2024-04-16 04:00:00
406.5401,413.4895,405.0496,411.8805,1713326400,15855500.0,2024-04-17 04:00:00
399.0676,406.5895,398.7517,405.3457,1713412800,21029900.0,2024-04-18 04:00:00
393.9838,400.262,392.6512,398.8306,1713499200,30565800.0,2024-04-19 04:00:00
395.8001,397.6658,390.6572,394.9315,1713758400,20286900.0,2024-04-22 04:00:00
402.3251,402.947,397.8731,399.0379,1713844800,15734500.0,2024-04-23 04:00:00
403.7959,407.1621,401.5453,404.2895,1713931200,15065300.0,2024-04-24 04:00:00
393.9048,394.7439,383.0365,388.9593,1714017600,40586500.0,2024-04-25 04:00:00
401.0912,407.6852,400.5384,406.8659,1714104000,29694700.0,2024-04-26 04:00:00
397.0735,401.0912,394.0529,400.0349,1714363200,19582100.0,2024-04-29 04:00:00
384.3198,396.9847,384.1619,396.3233,1714449600,28781400.0,2024-04-30 04:00:00
389.8576,396.5503,385.2872,387.5575,1714536000,23562500.0,2024-05-01 04:00:00
392.7203,394.7834,389.5713,392.5426,1714622400,17709400.0,2024-05-02 04:00:00
401.4268,401.9105,396.6885,397.1031,1714708800,17446700.0,2024-05-03 04:00:00
408.2183,408.6032,401.1405,403.4998,1714968000,16996600.0,2024-05-06 04:00:00
404.0723,409.3337,403.8255,409.3238,1715054400,20018200.0,2024-05-07 04:00:00
405.2569,406.9251,401.4761,402.9174,1715140800,11792300.0,2024-05-08 04:00:00
407.014,407.4088,403.8354,405.2865,1715227200,14689700.0,2024-05-09 04:00:00
409.4028,410.0345,406.5006,407.6259,1715313600,13402300.0,2024-05-10 04:00:00
408.396,412.9664,405.5333,412.6308,1715572800,15440200.0,2024-05-13 04:00:00
411.1994,412.1175,406.2539,406.7178,1715659200,15109300.0,2024-05-14 04:00:00
418.3888,419.1107,412.6432,413.2663,1715745600,22239500.0,2024-05-15 04:00:00
416.3219,420.7028,415.689,417.1229,1715832000,17530100.0,2024-05-16 04:00:00
415.5506,418.2306,413.3948,417.8548,1715918400,15352200.0,2024-05-17 04:00:00
420.6237,422.0379,415.333,415.5506,1716177600,16272100.0,2024-05-20 04:00:00
424.2827,428.1691,420.1391,422.0972,1716264000,21453300.0,2024-05-21 04:00:00
425.7463,427.6153,422.3939,425.3211,1716350400,18073700.0,2024-05-22 04:00:00
422.2653,428.7921,420.7028,428.1691,1716436800,17211700.0,2024-05-23 04:00:00
425.3903,426.2803,419.7041,422.4533,1716523200,11855300.0,2024-05-24 04:00:00
425.5486,426.043,421.8698,424.8662,1716868800,15718000.0,2024-05-28 04:00:00
424.4113,426.1617,420.9699,420.9699,1716955200,15517100.0,2024-05-29 04:00:00
410.0721,419.5953,409.6468,419.5953,1717041600,28394500.0,2024-05-30 04:00:00
410.5269,412.129,400.0247,412.129,1717128000,47995300.0,2024-05-31 04:00:00
408.9348,411.8125,404.3858,410.9225,1717387200,17484700.0,2024-06-03 04:00:00
411.4565,411.8224,405.1374,407.8569,1717473600,14348900.0,2024-06-04 04:00:00
419.3085,419.3777,411.684,413.1772,1717560000,16988000.0,2024-06-05 04:00:00
419.8128,420.594,415.9165,419.3085,1717646400,14861300.0,2024-06-06 04:00:00
419.1502,421.5533,418.3097,421.4742,1717732800,13621700.0,2024-06-07 04:00:00
423.1257,423.3333,419.1898,419.9908,1717992000,13982900.0,2024-06-10 04:00:00
427.8823,428.0208,420.5347,420.7622,1718078400,14551100.0,2024-06-11 04:00:00
436.1694,438.4835,428.446,430.4931,1718164800,22366200.0,2024-06-12 04:00:00
436.6837,438.4736,434.4982,435.9618,1718251200,15960600.0,2024-06-13 04:00:00
437.6627,438.2264,431.8775,433.4202,1718337600,13582000.0,2024-06-14 04:00:00
443.3983,445.9399,435.8332,437.6824,1718596800,20790000.0,2024-06-17 04:00:00
441.3909,445.1488,439.957,444.7235,1718683200,17112500.0,2024-06-18 04:00:00
440.758,441.5787,436.3771,441.3513,1718856000,19877400.0,2024-06-20 04:00:00
444.7927,445.5838,441.559,442.4193,1718942400,34187100.0,2024-06-21 04:00:00
442.7061,447.7298,441.4601,444.8125,1719201600,15913700.0,2024-06-24 04:00:00
445.9498,446.4146,441.7964,443.2798,1719288000,16413400.0,2024-06-25 04:00:00
447.1464,448.5704,443.2204,444.0214,1719374400,16507000.0,2024-06-26 04:00:00
447.8287,451.1119,446.7607,447.1662,1719460800,14806300.0,2024-06-27 04:00:00
441.9941,450.3306,441.4601,448.0462,1719547200,28362300.0,2024-06-28 04:00:00
451.6657,452.2986,440.7184,443.6852,1719806400,17662800.0,2024-07-01 04:00:00
454.1874,454.494,448.0858,448.1748,1719892800,13979800.0,2024-07-02 04:00:00
455.6609,455.9081,452.8029,453.1095,1719979200,9932800.0,2024-07-03 04:00:00
462.3756,463.1568,453.8808,454.5137,1720152000,16000300.0,2024-07-05 04:00:00
461.0702,462.5141,459.31,461.3768,1720411200,12962300.0,2024-07-08 04:00:00
454.4445,462.1482,452.9216,461.8218,1720497600,17207200.0,2024-07-09 04:00:00
461.0801,461.2878,453.772,456.1059,1720584000,18196100.0,2024-07-10 04:00:00
449.6582,459.6264,446.5431,457.8464,1720670400,23111200.0,2024-07-11 04:00:00
448.5209,451.2998,445.6531,449.2923,1720756800,16324300.0,2024-07-12 04:00:00
448.9264,452.1898,446.4244,448.2737,1721016000,14429400.0,2024-07-15 04:00:00
444.5356,449.2626,441.7073,449.1835,1721102400,17175700.0,2024-07-16 04:00:00
438.6021,439.9174,434.3103,437.6825,1721188800,21778000.0,2024-07-17 04:00:00
435.4871,439.7197,429.5833,439.4131,1721275200,20794800.0,2024-07-18 04:00:00
432.2632,436.2485,427.2099,428.2977,1721361600,20940400.0,2024-07-19 04:00:00
438.0286,439.6702,434.0433,436.8914,1721620800,15808800.0,2024-07-22 04:00:00
439.9174,443.4182,438.1868,438.9779,1721707200,13107100.0,2024-07-23 04:00:00
424.1443,436.5848,422.8488,435.5662,1721793600,26805800.0,2024-07-24 04:00:00
413.7607,425.0343,412.8806,424.0454,1721880000,29943800.0,2024-07-25 04:00:00
420.5545,424.164,412.6432,413.5629,1721966400,23583800.0,2024-07-26 04:00:00
421.9984,427.3582,419.9909,426.7946,1722225600,15125800.0,2024-07-29 04:00:00
418.2306,424.2926,412.7322,422.9774,1722312000,32687600.0,2024-07-30 04:00:00
413.7112,417.1032,407.6393,415.8374,1722398400,42891400.0,2024-07-31 04:00:00
412.485,422.7202,408.5095,416.1242,1722484800,30296400.0,2024-08-01 04:00:00
403.9606,410.3984,399.8566,407.9162,1722571200,29437900.0,2024-08-02 04:00:00
390.7685,396.5932,381.3046,384.8548,1722830400,40709200.0,2024-08-05 04:00:00
395.179,401.1718,394.0813,395.5647,1722916800,24946500.0,2024-08-06 04:00:00
394.0121,405.5329,393.0628,404.1089,1723003200,20650900.0,2024-08-07 04:00:00
398.2249,401.3597,395.5054,397.9777,1723089600,20203000.0,2024-08-08 04:00:00
401.5179,403.5254,397.7996,399.55,1723176000,19276700.0,2024-08-09 04:00:00
402.2992,404.2276,399.7577,402.5465,1723435200,16762900.0,2024-08-12 04:00:00
409.4193,410.3489,405.0286,405.0483,1723521600,19414300.0,2024-08-13 04:00:00
412.2378,413.0882,407.8767,410.2006,1723608000,18267000.0,2024-08-14 04:00:00
417.112,417.1912,413.7734,415.8934,1723694400,20752100.0,2024-08-15 04:00:00
414.5758,417.4191,413.4167,416.686,1723780800,22775600.0,2024-08-16 04:00:00
417.6073,417.8253,412.5845,415.0612,1724040000,15234000.0,2024-08-19 04:00:00
420.8469,421.897,417.7163,417.7757,1724126400,16387600.0,2024-08-20 04:00:00
420.193,422.432,417.7955,420.1336,1724212800,16067300.0,2024-08-21 04:00:00
411.683,422.8184,410.7517,420.411,1724299200,19361900.0,2024-08-22 04:00:00
412.9114,415.3584,408.2551,413.0996,1724385600,18493800.0,2024-08-23 04:00:00
409.6421,413.3969,407.5121,412.4953,1724644800,13152800.0,2024-08-26 04:00:00
409.9888,410.504,406.4322,409.0179,1724731200,13492900.0,2024-08-27 04:00:00
406.7791,411.1381,403.5197,411.0192,1724817600,14882700.0,2024-08-28 04:00:00
409.2756,418.1225,406.779,411.0786,1724904000,17045200.0,2024-08-29 04:00:00
413.2582,413.6049,408.2948,411.7325,1724990400,24308300.0,2024-08-30 04:00:00
405.6298,415.9727,403.2422,414.021,1725336000,20313600.0,2024-09-03 04:00:00
405.0949,407.4131,400.607,402.1327,1725422400,15135800.0,2024-09-04 04:00:00
404.5896,409.2558,402.3506,403.8267,1725508800,14195500.0,2024-09-05 04:00:00
397.9619,406.8285,397.0702,405.2533,1725595200,19609500.0,2024-09-06 04:00:00
401.9445,404.8472,398.4077,403.4503,1725854400,15295100.0,2024-09-09 04:00:00
410.3456,412.4557,403.9061,404.4014,1725940800,19594300.0,2024-09-10 04:00:00
419.1033,420.0444,405.7685,411.6334,1726027200,19266900.0,2024-09-11 04:00:00
423.0264,423.3929,415.8439,419.3707,1726113600,17395700.0,2024-09-12 04:00:00
426.583,427.8115,421.5007,421.8673,1726200000,15874600.0,2024-09-13 04:00:00
427.326,429.4956,424.2351,426.5929,1726459200,13834700.0,2024-09-16 04:00:00
431.1006,437.7382,428.2474,436.1333,1726545600,18874200.0,2024-09-17 04:00:00
426.801,431.9724,426.4047,430.952,1726632000,18898000.0,2024-09-18 04:00:00
434.6077,437.3915,432.8343,437.124,1726718400,21706600.0,2024-09-19 04:00:00
431.2195,435.1525,430.1792,433.1513,1726804800,55167100.0,2024-09-20 04:00:00
429.4759,432.3984,426.3849,430.2387,1727064000,15128900.0,2024-09-23 04:00:00
425.1763,429.3174,422.1348,428.9706,1727150400,17015800.0,2024-09-24 04:00:00
428.0889,429.0895,424.5818,425.8301,1727236800,13396400.0,2024-09-25 04:00:00
427.2963,431.2492,425.1366,431.0411,1727323200,14492000.0,2024-09-26 04:00:00
424.0369,427.8313,423.492,427.5043,1727409600,14896100.0,2024-09-27 04:00:00
426.2957,426.4146,421.4116,424.2252,1727668800,16807300.0,2024-09-30 04:00:00
416.7751,424.4927,414.9126,424.4629,1727755200,19092900.0,2024-10-01 04:00:00
413.2483,418.8853,412.8322,418.6475,1727841600,16582300.0,2024-10-02 04:00:00
412.6638,415.6458,410.4347,413.7436,1727928000,13686400.0,2024-10-03 04:00:00
412.1882,415.8439,411.1083,414.3479,1728014400,19169700.0,2024-10-04 04:00:00
405.7289,413.2284,405.1939,412.1288,1728273600,20919800.0,2024-10-07 04:00:00
410.8508,411.792,404.3717,407.0763,1728360000,19229300.0,2024-10-08 04:00:00
413.5752,416.468,410.4446,411.9901,1728446400,14974300.0,2024-10-09 04:00:00
411.9703,413.4663,409.3053,411.366,1728532800,13848400.0,2024-10-10 04:00:00
412.4458,413.2483,409.4044,412.2675,1728619200,14144900.0,2024-10-11 04:00:00
415.2396,420.094,413.6346,413.8823,1728878400,16653100.0,2024-10-14 04:00:00
414.8433,418.5485,411.3957,418.2513,1728964800,18900200.0,2024-10-15 04:00:00
412.2477,412.4854,406.6602,411.3065,1729051200,15508900.0,2024-10-16 04:00:00
412.8421,418.5683,411.7226,418.4296,1729137600,14820000.0,2024-10-17 04:00:00
414.2687,415.7448,412.3864,413.2582,1729224000,17145300.0,2024-10-18 04:00:00
414.8829,415.0612,409.8997,412.2477,1729483200,14206100.0,2024-10-21 04:00:00
423.5317,426.5731,414.1498,414.5956,1729569600,25482200.0,2024-10-22 04:00:00
420.6487,427.0684,418.598,426.8505,1729656000,19654400.0,2024-10-23 04:00:00
420.7776,422.016,418.4693,421.372,1729742400,13581600.0,2024-10-24 04:00:00
424.1657,428.495,422.6004,422.7886,1729828800,16899100.0,2024-10-25 04:00:00
422.6202,427.9204,422.3329,427.643,1730088000,14882400.0,2024-10-28 04:00:00
427.9304,429.139,421.8376,424.0171,1730174400,17644100.0,2024-10-29 04:00:00
428.5049,434.4194,428.079,433.3693,1730260800,29749100.0,2024-10-30 04:00:00
402.5686,412.2873,402.5191,411.4947,1730347200,53971000.0,2024-10-31 04:00:00
406.5512,411.6335,403.7079,405.2039,1730433600,24230400.0,2024-11-01 04:00:00
404.659,406.6007,401.7959,405.9865,1730696400,19672300.0,2024-11-04 05:00:00
407.631,411.039,404.2825,404.5698,1730782800,17626000.0,2024-11-05 05:00:00
416.2699,416.5374,406.6998,408.5821,1730869200,26681800.0,2024-11-06 05:00:00
421.471,422.8778,415.9727,417.3597,1730955600,19901800.0,2024-11-07 05:00:00
418.6079,422.5311,417.855,421.3621,1731042000,16891400.0,2024-11-08 05:00:00
414.1201,420.8568,412.1288,418.5881,1731301200,24503300.0,2024-11-11 05:00:00
419.0934,420.4903,413.3176,414.3579,1731387600,19401200.0,2024-11-12 05:00:00
421.2432,425.3347,414.3182,417.7163,1731474000,21502200.0,2024-11-13 05:00:00
422.9175,424.1856,416.0916,421.0451,1731560400,30246900.0,2024-11-14 05:00:00
411.1381,418.8655,409.7908,415.9132,1731646800,28247600.0,2024-11-15 05:00:00
411.8911,414.5065,408.2651,411.0093,1731906000,24727000.0,2024-11-18 05:00:00
413.9021,414.0507,407.7202,409.2657,1731992400,18133500.0,2024-11-19 05:00:00
411.6235,413.4068,406.7592,412.9907,1732078800,19191700.0,2024-11-20 05:00:00
409.8466,416.7061,407.2856,416.4281,1732165200,20780200.0,2024-11-21 05:00:00
413.9464,414.3434,408.0499,408.3576,1732251600,24814600.0,2024-11-22 05:00:00
415.7233,417.9965,411.8121,415.3163,1732510800,27691100.0,2024-11-25 05:00:00
424.8559,425.8983,415.7829,416.5174,1732597200,23458900.0,2024-11-26 05:00:00
419.8925,424.1015,418.9296,421.997,1732683600,18332400.0,2024-11-27 05:00:00
420.3591,421.7687,414.7405,417.0138,1732856400,16271900.0,2024-11-29 05:00:00
427.824,429.8292,418.2248,418.4829,1733115600,20207200.0,2024-12-02 05:00:00
428.0424,429.3031,424.6077,426.6924,1733202000,18302000.0,2024-12-03 05:00:00
434.2169,436.4504,429.462,429.859,1733288400,26009400.0,2024-12-04 05:00:00
439.3788,441.4039,432.976,434.7132,1733374800,21697800.0,2024-12-05 05:00:00
440.3219,442.8333,438.535,439.0611,1733461200,18821000.0,2024-12-06 05:00:00
442.7538,445.0469,437.2743,439.3589,1733720400,19144400.0,2024-12-09 05:00:00
440.0836,446.3275,438.3663,441.1359,1733806800,18469500.0,2024-12-10 05:00:00
445.7021,447.0522,440.7983,440.7983,1733893200,19200200.0,2024-12-11 05:00:00
446.268,452.8197,445.8213,445.8213,1733979600,20834800.0,2024-12-12 05:00:00
443.9948,448.1243,442.3171,445.1562,1734066000,20177800.0,2024-12-13 05:00:00
448.2831,448.8688,442.0194,443.9948,1734325200,23598800.0,2024-12-16 05:00:00
451.1321,451.956,446.2779,447.7074,1734411600,22733500.0,2024-12-17 05:00:00
434.1871,449.3353,433.8198,448.0151,1734498000,24444500.0,2024-12-18 05:00:00
433.8297,439.9347,433.125,438.3861,1734584400,22963700.0,2024-12-19 05:00:00
433.4029,440.4906,425.4913,429.9384,1734670800,64263700.0,2024-12-20 05:00:00
432.0628,434.4452,429.6605,433.5419,1734930000,19152500.0,2024-12-23 05:00:00
436.1129,436.3809,431.0105,431.4671,1735016400,7164500.0,2024-12-24 05:00:00
434.9018,437.7111,433.4327,435.8647,1735189200,8194200.0,2024-12-26 05:00:00
427.3773,432.033,423.2279,431.4175,1735275600,18117700.0,2024-12-27 05:00:00
421.7191,424.4192,418.8105,422.9401,1735534800,13158700.0,2024-12-30 05:00:00
418.4135,423.6052,417.5796,422.9798,1735621200,13246500.0,2024-12-31 05:00:00
415.5148,422.95,411.8122,422.414,1735794000,16896500.0,2025-01-02 05:00:00
420.2499,420.925,416.4678,417.9965,1735880400,16662900.0,2025-01-03 05:00:00
424.717,431.1396,422.3643,424.8659,1736139600,20573600.0,2025-01-06 05:00:00
419.2771,427.4965,417.7186,425.8586,1736226000,18139100.0,2025-01-07 05:00:00
421.451,423.8434,418.4531,420.3591,1736312400,15054600.0,2025-01-08 05:00:00
415.8821,421.5999,411.9809,421.5205,1736485200,20201100.0,2025-01-10 05:00:00
414.135,415.4354,409.2709,412.1993,1736744400,17604800.0,2025-01-13 05:00:00
412.6262,416.6663,407.7124,414.7505,1736830800,16935900.0,2025-01-14 05:00:00
423.1882,425.0147,415.2071,416.0608,1736917200,19637800.0,2025-01-15 05:00:00
421.4709,426.3449,421.2823,425.5607,1737003600,15300000.0,2025-01-16 05:00:00
425.8883,431.2984,425.0346,430.9113,1737090000,26197500.0,2025-01-17 05:00:00
425.3622,427.7446,422.4834,427.0497,1737435600,26085700.0,2025-01-21 05:00:00
442.9326,443.9947,432.8073,434.3558,1737522000,27803800.0,2025-01-22 05:00:00
443.4388,443.4785,438.267,438.7633,1737608400,18389300.0,2025-01-23 05:00:00
440.8083,443.3793,438.1677,441.9002,1737694800,15549500.0,2025-01-24 05:00:00
431.3778,432.0132,420.3988,420.9051,1737954000,35647800.0,2025-01-27 05:00:00
443.9253,445.0966,428.2211,431.4175,1738040400,23491700.0,2025-01-28 05:00:00
439.0909,443.6076,437.1751,443.419,1738126800,23581400.0,2025-01-29 05:00:00
411.9511,419.7635,410.1345,415.7034,1738213200,54586300.0,2025-01-30 05:00:00
412.0206,417.6094,411.8717,415.9119,1738299600,34161900.0,2025-01-31 05:00:00
407.9109,412.368,405.6675,408.5859,1738558800,25679100.0,2025-02-03 05:00:00
409.3503,410.889,406.7396,409.668,1738645200,20532100.0,2025-02-04 05:00:00
410.2636,410.7996,407.3948,409.3305,1738731600,16316700.0,2025-02-05 05:00:00
412.775,415.1376,410.9683,410.9683,1738818000,16309800.0,2025-02-06 05:00:00
406.7495,415.5843,405.1116,413.4302,1738904400,22886800.0,2025-02-07 05:00:00
409.2014,412.4177,407.9109,410.6805,1739163600,20817900.0,2025-02-10 05:00:00
408.4271,409.4694,406.3027,406.6403,1739250000,18140600.0,2025-02-11 05:00:00
406.0447,407.7422,401.4089,404.2281,1739336400,19121700.0,2025-02-12 05:00:00
407.5337,407.9903,403.3843,404.0196,1739422800,23891700.0,2025-02-13 05:00:00
405.4391,405.9156,402.9078,404.8039,1739509200,22758500.0,2025-02-14 05:00:00
406.6403,407.5933,403.5233,405.0123,1739854800,21423100.0,2025-02-18 05:00:00
411.7327,412.4474,404.6648,404.8932,1739941200,24114200.0,2025-02-19 05:00:00
413.911,417.0741,410.3402,413.0755,1740027600,23508700.0,2025-02-20 05:00:00
406.0333,415.8208,405.715,415.1146,1740114000,27524800.0,2025-02-21 05:00:00
401.8457,407.1871,397.1907,406.3317,1740373200,26443700.0,2025-02-24 05:00:00
395.7783,399.7768,394.5847,398.9612,1740459600,29387400.0,2025-02-25 05:00:00
397.5985,401.4479,392.1478,395.8877,1740546000,19619000.0,2025-02-26 05:00:00
390.4369,403.5764,390.0788,399.1303,1740632400,21127400.0,2025-02-27 05:00:00
394.8731,395.5097,384.5087,390.5662,1740718800,32845700.0,2025-02-28 05:00:00
386.4184,396.6934,384.1009,396.6934,1740978000,23007700.0,2025-03-03 05:00:00
386.5378,390.4866,378.9684,381.3556,1741064400,29342900.0,2025-03-04 05:00:00
398.8816,399.5282,386.7367,387.2639,1741150800,23433100.0,2025-03-05 05:00:00
394.7737,400.0056,390.5861,392.1776,1741237200,23304600.0,2025-03-06 05:00:00
391.2127,392.6948,383.4842,390.228,1741323600,22034100.0,2025-03-07 05:00:00
378.1329,384.3396,375.2085,383.7826,1741579200,32840100.0,2025-03-10 04:00:00
378.4213,383.9417,374.9002,376.979,1741665600,30380200.0,2025-03-11 04:00:00
381.2263,383.1659,376.9293,380.908,1741752000,24253600.0,2025-03-12 04:00:00
376.7503,383.2654,375.4373,381.1169,1741838400,20473000.0,2025-03-13 04:00:00
386.4881,388.1492,377.4863,377.7549,1741924800,19952800.0,2025-03-14 04:00:00
386.6273,390.6159,383.514,384.638,1742184000,22474300.0,2025-03-17 04:00:00
381.4749,385.3044,379.0679,385.006,1742270400,19486900.0,2025-03-18 04:00:00
385.752,387.6021,381.9524,383.4742,1742356800,19185500.0,2025-03-19 04:00:00
384.7773,389.7009,381.2362,383.6831,1742443200,18470500.0,2025-03-20 04:00:00
389.1736,389.6511,380.7587,381.1765,1742529600,39675900.0,2025-03-21 04:00:00
390.9839,393.2916,387.7314,393.2916,1742788800,21004500.0,2025-03-24 04:00:00
393.0529,394.2465,390.5463,391.8195,1742875200,15775000.0,2025-03-25 04:00:00
387.8906,393.2021,386.498,392.8937,1742961600,16108400.0,2025-03-26 04:00:00
388.4973,390.1484,385.3342,388.0497,1743048000,13766800.0,2025-03-27 04:00:00
376.7801,387.055,374.9201,386.0106,1743134400,21632000.0,2025-03-28 04:00:00
373.3883,375.0593,365.2817,370.5535,1743393600,35184700.0,2025-03-31 04:00:00
380.152,380.8085,371.2398,372.6522,1743480000,19689500.0,2025-04-01 04:00:00
380.1023,383.0266,374.6117,375.9545,1743566400,16092600.0,2025-04-02 04:00:00
371.1204,375.4671,367.3805,372.7915,1743652800,30198000.0,2025-04-03 04:00:00
357.9212,372.5926,357.5631,362.1883,1743739200,49209900.0,2025-04-04 04:00:00
355.9518,369.0217,342.9515,349.009,1743998400,50425000.0,2025-04-07 04:00:00
352.6693,371.6575,348.3823,366.2963,1744084800,35868900.0,2025-04-08 04:00:00
388.4078,391.1332,351.2172,351.6548,1744171200,50199700.0,2025-04-09 04:00:00
379.3165,381.8529,365.8387,380.0227,1744257600,38024400.0,2025-04-10 04:00:00
386.3787,387.9701,376.8696,378.6103,1744344000,23839200.0,2025-04-11 04:00:00
385.7421,392.5456,382.1613,391.1232,1744603200,19251200.0,2025-04-14 04:00:00
383.6732,389.8003,382.1115,386.4383,1744689600,17199900.0,2025-04-15 04:00:00
369.6284,379.5751,366.0377,378.6401,1744776000,21967800.0,2025-04-16 04:00:00
365.8188,372.324,364.9336,371.757,1744862400,21120200.0,2025-04-17 04:00:00
357.2051,362.5365,353.7735,360.8854,1745208000,20807300.0,2025-04-21 04:00:00
364.864,365.8089,357.9411,361.4424,1745294400,19485000.0,2025-04-22 04:00:00
372.3936,378.3617,371.0309,374.0547,1745380800,20545500.0,2025-04-23 04:00:00
385.2347,386.3786,373.1893,373.6966,1745467200,22232300.0,2025-04-24 04:00:00
389.7605,390.0689,382.5492,384.9364,1745553600,18973200.0,2025-04-25 04:00:00
389.0742,390.6457,384.5783,389.8699,1745812800,16579400.0,2025-04-28 04:00:00
391.9388,392.9932,388.2984,389.2134,1745899200,14974000.0,2025-04-29 04:00:00
393.1523,394.5449,382.39,388.2188,1745985600,36461100.0,2025-04-30 04:00:00
423.1316,434.6598,422.6343,428.8112,1746072000,58938100.0,2025-05-01 04:00:00
432.9589,437.0967,427.6971,429.4378,1746158400,30757400.0,2025-05-02 04:00:00
433.8442,437.1564,429.8058,430.5618,1746417600,20136100.0,2025-05-05 04:00:00
430.9995,435.3959,428.8709,429.8954,1746504000,15104200.0,2025-05-06 04:00:00
431.0392,435.7838,428.8112,431.5266,1746590400,23295300.0,2025-05-07 04:00:00
435.8336,441.3043,433.337,435.5948,1746676800,23491300.0,2025-05-08 04:00:00
436.3905,438.3898,433.5557,437.6538,1746763200,15324200.0,2025-05-09 04:00:00
446.8644,446.9738,437.4349,443.5621,1747022400,22821900.0,2025-05-12 04:00:00
446.7451,448.2669,442.9852,445.3923,1747108800,23618800.0,2025-05-13 04:00:00
450.5248,451.4797,445.7504,445.7504,1747195200,19902800.0,2025-05-14 04:00:00
451.5412,454.5905,448.8507,449.1895,1747281600,21992300.0,2025-05-15 04:00:00
452.6772,452.7669,447.1567,450.465,1747368000,23849800.0,2025-05-16 04:00:00
457.261,457.9785,449.2193,449.2991,1747627200,21336500.0,2025-05-19 04:00:00
456.5635,456.7329,452.727,453.9926,1747713600,15441800.0,2025-05-20 04:00:00
450.9832,456.1749,450.2258,452.9761,1747800000,19216900.0,2025-05-21 04:00:00
453.2651,458.6363,452.3085,453.3548,1747886400,18025600.0,2025-05-22 04:00:00
448.6016,452.0993,447.336,448.4023,1747972800,16883500.0,2025-05-23 04:00:00
459.0747,459.3338,454.5207,454.8794,1748318400,20974300.0,2025-05-27 04:00:00
455.7564,460.8983,455.3279,459.6029,1748404800,17086300.0,2025-05-28 04:00:00
457.0717,460.1011,453.7136,459.9317,1748491200,13974800.0,2025-05-29 04:00:00
458.7458,460.0612,453.9427,458.1081,1748577600,34770500.0,2025-05-30 04:00:00
460.3502,460.4897,455.288,455.5372,1748836800,16626500.0,2025-06-02 04:00:00
461.3467,462.5126,459.2441,459.852,1748923200,15743800.0,2025-06-03 04:00:00
462.2435,464.0572,461.3965,462.3731,1749009600,14162700.0,2025-06-04 04:00:00
466.0402,468.0033,462.403,463.3297,1749096000,20131700.0,2025-06-05 04:00:00
468.7307,471.6803,467.1363,468.4417,1749182400,15285600.0,2025-06-06 04:00:00
471.0924,471.77,466.9769,468.0531,1749441600,16469900.0,2025-06-09 04:00:00
469.2688,471.1422,465.3227,469.5379,1749528000,15375900.0,2025-06-10 04:00:00
470.9629,473.8029,468.0132,468.372,1749614400,16399200.0,2025-06-11 04:00:00
477.1909,478.7355,471.8597,473.3544,1749700800,18950600.0,2025-06-12 04:00:00
473.2946,477.4999,471.1024,474.7396,1749787200,16814500.0,2025-06-13 04:00:00
477.46,479.0046,473.3345,473.5438,1750046400,15626100.0,2025-06-16 04:00:00
476.3639,477.0614,472.4177,473.7331,1750132800,15414100.0,2025-06-17 04:00:00
478.5561,479.3135,472.7964,476.324,1750219200,17526500.0,2025-06-18 04:00:00
475.7261,481.7649,475.198,480.5392,1750392000,37576200.0,2025-06-20 04:00:00
484.2959,486.0398,470.8532,476.5332,1750651200,24864000.0,2025-06-23 04:00:00
488.3915,490.1254,485.0931,487.2356,1750737600,22305600.0,2025-06-24 04:00:00
490.5439,492.8259,487.6741,490.3148,1750824000,17495100.0,2025-06-25 04:00:00
495.7058,496.2937,491.0821,491.2515,1750910400,21578900.0,2025-06-26 04:00:00
494.2011,497.5493,491.3013,495.8055,1750996800,34539200.0,2025-06-27 04:00:00
495.666,499.0042,493.5932,495.2973,1751256000,28369000.0,2025-06-30 04:00:00
490.3247,496.3037,489.2585,494.7293,1751342400,19945400.0,2025-07-01 04:00:00
489.3681,491.7697,486.9865,488.272,1751428800,16319600.0,2025-07-02 04:00:00
497.0909,498.3764,491.7099,492.0786,1751515200,13984800.0,2025-07-03 04:00:00
495.9749,497.0012,493.4936,495.636,1751860800,13981600.0,2025-07-07 04:00:00
494.8787,496.4532,492.3775,495.4965,1751947200,11846600.0,2025-07-08 04:00:00
501.7446,505.0031,497.9878,498.5458,1752033600,18659500.0,2025-07-09 04:00:00
499.7217,502.6713,496.0047,501.2862,1752120000,16492100.0,2025-07-10 04:00:00
501.5552,503.2592,496.0546,496.7222,1752206400,16459500.0,2025-07-11 04:00:00
501.2563,502.2029,499.2732,499.7615,1752465600,12058800.0,2025-07-14 04:00:00
504.0464,506.5177,501.0271,501.2562,1752552000,14927200.0,2025-07-15 04:00:00
503.8471,504.9433,500.1302,503.4087,1752638400,15154400.0,2025-07-16 04:00:00
509.9059,511.57,503.8472,503.9069,1752724800,17503100.0,2025-07-17 04:00:00
508.2616,512.8356,505.6508,512.6761,1752811200,21209700.0,2025-07-18 04:00:00
508.2716,510.2945,503.7774,504.9333,1753070400,14066800.0,2025-07-21 04:00:00
503.4984,509.4076,503.4984,509.1784,1753156800,13868600.0,2025-07-22 04:00:00
504.0963,505.0131,498.9444,504.9732,1753243200,16396600.0,2025-07-23 04:00:00
509.0887,511.8689,505.5213,506.9861,1753329600,16107000.0,2025-07-24 04:00:00
511.9088,516.4727,508.5706,510.6731,1753416000,19125700.0,2025-07-25 04:00:00
510.703,513.1943,508.3314,512.2775,1753675200,14308000.0,2025-07-28 04:00:00
510.7728,515.8051,509.7663,513.7224,1753761600,16469200.0,2025-07-29 04:00:00
511.4404,514.1409,507.6538,513.3637,1753848000,26380400.0,2025-07-30 04:00:00
531.6294,553.5024,530.035,553.2832,1753934400,51617300.0,2025-07-31 04:00:00
522.2723,533.9214,519.0337,533.1242,1754020800,28977600.0,2025-08-01 04:00:00
533.7619,536.3627,526.2782,526.4177,1754280000,25349000.0,2025-08-04 04:00:00
525.8995,535.416,525.3913,535.2965,1754366400,19171600.0,2025-08-05 04:00:00
523.0994,529.8357,522.1926,529.0386,1754452800,21355700.0,2025-08-06 04:00:00
519.0139,526.2384,515.7354,524.9529,1754539200,16079100.0,2025-08-07 04:00:00
520.2096,522.8204,517.5888,520.7676,1754625600,15531000.0,2025-08-08 04:00:00
519.9406,525.7402,517.8977,520.4687,1754884800,20194400.0,2025-08-11 04:00:00
527.3843,529.1182,520.8673,521.9136,1754971200,18667000.0,2025-08-12 04:00:00
518.7548,530.8323,517.549,530.2443,1755057600,19619200.0,2025-08-13 04:00:00
520.648,524.1059,518.3162,520.7277,1755144000,20269100.0,2025-08-14 04:00:00
518.3461,524.2553,517.26,520.9371,1755230400,25213300.0,2025-08-15 04:00:00
515.2869,520.9868,512.2177,519.7612,1755489600,23760600.0,2025-08-18 04:00:00
507.9826,513.3537,506.7669,513.1943,1755576000,21481000.0,2025-08-19 04:00:00
503.9468,509.2083,502.6713,508.0823,1755662400,27723000.0,2025-08-20 04:00:00
503.298,506.6817,501.7809,502.749,1755748800,18443300.0,2025-08-21 04:00:00
506.2824,509.7759,501.4714,503.308,1755835200,24324200.0,2025-08-22 04:00:00
503.318,507.2406,503.1782,505.6836,1756094400,21638600.0,2025-08-25 04:00:00
501.1021,504.0367,497.5787,503.4178,1756180800,30835700.0,2025-08-26 04:00:00
505.7933,506.3423,498.9661,501.0622,1756267200,17277900.0,2025-08-27 04:00:00
508.6879,510.1352,504.5556,506.1427,1756353600,18015600.0,2025-08-28 04:00:00
505.7434,508.648,503.5475,507.7098,1756440000,20961600.0,2025-08-29 04:00:00
504.1764,505.0547,495.8819,499.5351,1756785600,18128000.0,2025-09-02 04:00:00
504.4059,506.8414,501.3816,502.8489,1756872000,16345100.0,2025-09-03 04:00:00
507.0211,507.2007,502.2101,503.3579,1756958400,15509500.0,2025-09-04 04:00:00
494.0753,511.0136,491.4502,508.119,1757044800,31994800.0,2025-09-05 04:00:00
497.2693,500.2637,494.1052,497.1795,1757304000,16771000.0,2025-09-08 04:00:00
497.4789,501.3117,496.7702,500.4933,1757390400,14410500.0,2025-09-09 04:00:00
499.4352,502.2899,495.7921,502.0404,1757476800,21611800.0,2025-09-10 04:00:00
500.0741,502.23,496.9499,501.3117,1757563200,18881600.0,2025-09-11 04:00:00
508.9474,511.5925,502.9088,505.7035,1757649600,23624900.0,2025-09-12 04:00:00
514.3972,514.507,506.0528,507.8395,1757908800,17143800.0,2025-09-15 04:00:00
508.0891,516.2637,507.6499,515.9144,1757995200,19711900.0,2025-09-16 04:00:00
509.0672,510.3348,504.9848,509.6661,1758081600,15816600.0,2025-09-17 04:00:00
507.5002,512.1115,506.7116,510.5345,1758168000,18913700.0,2025-09-18 04:00:00
516.9624,518.3298,509.3566,509.6062,1758254400,52474100.0,2025-09-19 04:00:00
513.489,516.7728,511.5825,514.6268,1758513600,20009300.0,2025-09-22 04:00:00
508.2787,513.6287,506.3623,512.8402,1758600000,19799600.0,2025-09-23 04:00:00
509.197,511.5226,505.973,509.4265,1758686400,13533700.0,2025-09-24 04:00:00
506.0828,509.0572,504.0965,507.3504,1758772800,15786500.0,2025-09-25 04:00:00
510.5045,512.9799,505.6736,509.1071,1758859200,16213100.0,2025-09-26 04:00:00
513.6386,515.8844,507.9293,510.5444,1759118400,17617800.0,2025-09-29 04:00:00
516.9824,517.192,508.7079,512.2812,1759204800,19728200.0,2025-09-30 04:00:00
518.7391,519.5376,510.7341,513.8383,1759291200,22632300.0,2025-10-01 04:00:00
514.7766,520.6256,509.726,516.673,1759377600,21222900.0,2025-10-02 04:00:00
516.3835,519.5176,514.0379,516.134,1759464000,15112300.0,2025-10-03 04:00:00
527.5826,530.038,517.232,517.6412,1759723200,21388600.0,2025-10-06 04:00:00
523.0011,528.8102,520.4659,527.303,1759809600,14615200.0,2025-10-07 04:00:00
523.8695,525.9656,522.1128,522.3025,1759896000,13363400.0,2025-10-08 04:00:00
521.4241,523.3505,516.4335,521.3642,1759982400,18343600.0,2025-10-09 04:00:00
510.0055,522.6019,508.678,518.6693,1760068800,24133800.0,2025-10-10 04:00:00
513.0897,515.4452,510.7241,515.4452,1760328000,14284200.0,2025-10-13 04:00:00
512.6106,514.3174,505.0547,509.2768,1760414400,14684300.0,2025-10-14 04:00:00
512.4708,516.2238,509.0472,513.998,1760500800,14694700.0,2025-10-15 04:00:00
510.6542,515.8844,507.1808,511.6225,1760587200,15559600.0,2025-10-16 04:00:00
512.6206,514.517,506.3623,508.0891,1760673600,19867800.0,2025-10-17 04:00:00
515.8245,517.731,512.4708,513.6486,1760932800,14665600.0,2025-10-20 04:00:00
516.6929,517.721,512.0816,516.5333,1761019200,15586200.0,2025-10-21 04:00:00
519.5676,524.2488,516.7429,520.1765,1761105600,18962700.0,2025-10-22 04:00:00
519.5875,522.9712,517.6412,521.484,1761192000,14023500.0,2025-10-23 04:00:00
522.6318,524.3686,519.7373,521.8134,1761278400,15532400.0,2025-10-24 04:00:00
530.5271,533.5814,528.0218,530.7866,1761537600,18734700.0,2025-10-27 04:00:00
541.0574,552.6856,539.7598,548.9726,1761624000,29986700.0,2025-10-28 04:00:00
540.5383,545.2495,535.7273,543.922,1761710400,36023000.0,2025-10-29 04:00:00
524.7778,533.9706,521.1446,529.489,1761796800,41023100.0,2025-10-30 04:00:00
516.8427,528.3312,514.1377,527.892,1761883200,34006400.0,2025-10-31 04:00:00
516.0641,523.9793,513.6287,518.8389,1762146000,22374700.0,2025-11-03 05:00:00
513.3692,514.5869,506.8913,510.804,1762232400,20958700.0,2025-11-04 05:00:00
506.2126,513.8682,505.6336,512.3411,1762318800,23024300.0,2025-11-05 05:00:00
496.1714,504.7553,494.8838,504.7154,1762405200,27406500.0,2025-11-06 05:00:00
495.8919,498.4471,492.3285,496.0216,1762491600,24019800.0,2025-11-07 05:00:00
505.0547,505.9031,497.8682,499.1059,1762750800,26101500.0,2025-11-10 05:00:00
507.7297,508.648,501.4115,503.8569,1762837200,17980000.0,2025-11-11 05:00:00
510.1852,510.7142,498.1876,508.4084,1762923600,26574900.0,2025-11-12 05:00:00
502.3498,512.5407,500.3535,509.3567,1763010000,25273100.0,2025-11-13 05:00:00
509.2269,510.6443,496.5107,497.2992,1763096400,28505700.0,2025-11-14 05:00:00
506.5419,511.1633,503.9668,507.5002,1763355600,19092800.0,2025-11-17 05:00:00
492.8676,502.0404,485.8706,494.4446,1763442000,33815100.0,2025-11-18 05:00:00
486.21,494.2649,481.928,489.1844,1763528400,23245300.0,2025-11-19 05:00:00
478.43,493.57,475.5,492.71,1763614800,26802500.0,2025-11-20 05:00:00
472.12,478.92,468.27,478.5,1763701200,31769200.0,2025-11-21 05:00:00
474.0,476.9,468.02,475.0,1763960400,34421000.0,2025-11-24 05:00:00
476.99,479.15,464.89,474.07,1764046800,28019800.0,2025-11-25 05:00:00
485.5,488.31,481.2,486.31,1764133200,25709100.0,2025-11-26 05:00:00
492.01,492.63,486.65,487.6,1764306000,14386700.0,2025-11-28 05:00:00
486.74,489.86,484.65,488.44,1764565200,23964000.0,2025-12-01 05:00:00
490.0,493.5,486.32,486.72,1764651600,19562700.0,2025-12-02 05:00:00
477.73,484.24,475.2,476.32,1764738000,34615100.0,2025-12-03 05:00:00
480.84,481.32,476.49,479.76,1764824400,22318200.0,2025-12-04 05:00:00
483.16,483.4,478.88,482.52,1764910800,22608700.0,2025-12-05 05:00:00
491.02,492.3,484.38,484.89,1765170000,21965900.0,2025-12-08 05:00:00
492.02,492.12,488.5,489.1,1765256400,14696100.0,2025-12-09 05:00:00
478.56,484.25,475.08,484.03,1765342800,35756200.0,2025-12-10 05:00:00
483.47,486.03,475.86,476.63,1765429200,24669200.0,2025-12-11 05:00:00
478.53,482.45,476.34,479.82,1765515600,21248100.0,2025-12-12 05:00:00
474.82,480.72,472.52,480.1,1765774800,23727700.0,2025-12-15 05:00:00
476.39,477.89,470.88,471.91,1765861200,20705600.0,2025-12-16 05:00:00
476.12,480.0,475.0,476.91,1765947600,24527200.0,2025-12-17 05:00:00
483.98,489.6,477.89,478.19,1766034000,28573500.0,2025-12-18 05:00:00
485.92,487.85,482.49,487.36,1766120400,70836100.0,2025-12-19 05:00:00
484.92,488.73,482.69,486.12,1766379600,16963000.0,2025-12-22 05:00:00
486.85,487.83,484.74,484.98,1766466000,14683600.0,2025-12-23 05:00:00
488.02,489.16,484.83,485.68,1766552400,5855900.0,2025-12-24 05:00:00
487.71,488.12,485.96,486.71,1766725200,8842200.0,2025-12-26 05:00:00
487.1,488.35,484.18,484.86,1766984400,10893400.0,2025-12-29 05:00:00
487.48,489.68,485.5,485.93,1767070800,13944500.0,2025-12-30 05:00:00
483.62,488.14,483.3,487.84,1767157200,15601600.0,2025-12-31 05:00:00
472.94,484.66,470.16,484.39,1767330000,25571600.0,2026-01-02 05:00:00
472.85,476.07,469.5,474.06,1767589200,25250300.0,2026-01-05 05:00:00
478.51,478.74,469.75,473.8,1767675600,23037700.0,2026-01-06 05:00:00
483.47,489.7,477.95,479.76,1767762000,25564200.0,2026-01-07 05:00:00
478.11,482.66,475.86,481.24,1767848400,18162600.0,2026-01-08 05:00:00
479.28,479.82,472.2,474.06,1767934800,18491000.0,2026-01-09 05:00:00
477.18,480.99,475.68,476.67,1768194000,23519900.0,2026-01-12 05:00:00
470.67,475.78,465.95,474.68,1768280400,28545800.0,2026-01-13 05:00:00
459.38,468.2,457.17,466.46,1768366800,28184300.0,2026-01-14 05:00:00
456.66,464.25,455.9,464.12,1768453200,23225800.0,2026-01-15 05:00:00
459.86,463.19,456.48,457.83,1768539600,34246700.0,2026-01-16 05:00:00
454.52,456.8,449.28,451.22,1768885200,26130000.0,2026-01-20 05:00:00
444.11,452.69,438.68,452.6,1768971600,37980500.0,2026-01-21 05:00:00
451.14,452.84,444.7,447.62,1769058000,25349400.0,2026-01-22 05:00:00
465.95,471.1,450.53,451.87,1769144400,38000200.0,2026-01-23 05:00:00
470.28,474.25,462.0,465.31,1769403600,29291200.0,2026-01-26 05:00:00
480.58,482.87,473.16,473.7,1769490000,29213900.0,2026-01-27 05:00:00
481.63,483.74,478.0,483.21,1769576400,36875400.0,2026-01-28 05:00:00
433.5,442.5,421.02,439.99,1769662800,128855300.0,2026-01-29 05:00:00
430.29,439.6,426.45,439.17,1769749200,58566800.0,2026-01-30 05:00:00
423.37,430.74,422.25,430.24,1770008400,42219900.0,2026-02-02 05:00:00
411.21,422.05,408.56,422.01,1770094800,61424100.0,2026-02-03 05:00:00
414.19,419.8,409.24,411.0,1770181200,45012400.0,2026-02-04 05:00:00
393.67,408.3,392.32,407.44,1770267600,66289200.0,2026-02-05 05:00:00
401.14,401.79,392.92,399.17,1770354000,53515300.0,2026-02-06 05:00:00
413.6,414.89,400.87,404.85,1770613200,45480500.0,2026-02-09 05:00:00
413.27,423.68,412.7,419.62,1770699600,44857900.0,2026-02-10 05:00:00
404.37,416.46,401.01,416.18,1770786000,42491000.0,2026-02-11 05:00:00
401.84,406.2,398.01,405.0,1770872400,40802400.0,2026-02-12 05:00:00
401.32,405.54,398.05,404.45,1770958800,34091600.0,2026-02-13 05:00:00
395.9562,399.6079,393.6316,398.3109,1771304400,32078800.0,2026-02-17 05:00:00
398.69,401.6433,395.4175,397.2233,1771390800,23223400.0,2026-02-18 05:00:00
398.46,404.43,396.67,400.69,1771477200,28234000.0,2026-02-19 05:00:00
397.23,400.12,395.16,396.11,1771563600,34015200.0,2026-02-20 05:00:00
384.47,395.36,383.1,395.0,1771822800,43238300.0,2026-02-23 05:00:00
389.0,389.36,381.74,384.14,1771909200,32741944.0,2026-02-24 05:00:00
372.88,373.73,369.5,373.49,1775448000,16146600.0,2026-04-06 04:00:00
372.29,372.45,366.56,370.34,1775534400,21443300.0,2026-04-07 04:00:00
374.33,385.0,371.41,384.98,1775620800,33064800.0,2026-04-08 04:00:00
373.07,373.5,367.05,372.5,1775707200,30435300.0,2026-04-09 04:00:00
370.87,375.64,370.03,372.98,1775793600,28038000.0,2026-04-10 04:00:00
