close,high,low,open,time,volume,date
13.6025,13.7562,13.4644,13.5407,1603166400,229212000.0,2020-10-20 04:00:00
13.4821,13.748,13.435,13.582,1603252800,219596000.0,2020-10-21 04:00:00
13.3189,13.5688,13.19,13.4799,1603339200,290480000.0,2020-10-22 04:00:00
13.5474,13.5504,13.2493,13.4076,1603425600,233484000.0,2020-10-23 04:00:00
13.0998,13.6496,12.9974,13.3847,1603684800,336896000.0,2020-10-26 04:00:00
13.3545,13.3996,13.1499,13.264,1603771200,250520000.0,2020-10-27 04:00:00
12.5872,13.2182,12.5692,13.1564,1603857600,376520000.0,2020-10-28 04:00:00
12.9829,13.1512,12.7098,12.798,1603944000,320080000.0,2020-10-29 04:00:00
12.4945,12.8957,12.2612,12.8095,1604030400,416820000.0,2020-10-30 04:00:00
12.5411,12.7963,12.3559,12.6178,1604293200,299652000.0,2020-11-02 05:00:00
12.9785,13.0637,12.563,12.6684,1604379600,272900000.0,2020-11-03 05:00:00
13.7508,13.7839,13.295,13.347,1604466000,410228000.0,2020-11-04 05:00:00
14.1154,14.2938,13.9469,14.1178,1604552400,319028000.0,2020-11-05 05:00:00
14.5161,14.5428,13.8512,14.0653,1604638800,383348000.0,2020-11-06 05:00:00
13.5878,14.6452,13.5678,14.5066,1604898000,582976000.0,2020-11-09 05:00:00
12.7297,13.5636,12.5884,13.5636,1604984400,644068000.0,2020-11-10 05:00:00
13.3757,13.3926,12.9074,13.0126,1605070800,404744000.0,2020-11-11 05:00:00
13.4143,13.7226,13.274,13.4365,1605157200,365812000.0,2020-11-12 05:00:00
13.2551,13.6257,13.0181,13.5843,1605243600,346312000.0,2020-11-13 05:00:00
13.4726,13.6065,13.1145,13.131,1605502800,413776000.0,2020-11-16 05:00:00
13.3799,13.5534,13.2618,13.5098,1605589200,312028000.0,2020-11-17 05:00:00
13.3864,13.5629,13.1434,13.4228,1605675600,510924000.0,2020-11-18 05:00:00
13.3979,13.445,13.0587,13.1711,1605762000,565936000.0,2020-11-19 05:00:00
13.0465,13.452,13.0238,13.4116,1605848400,341088000.0,2020-11-20 05:00:00
13.0986,13.3403,12.9745,13.1297,1606107600,361356000.0,2020-11-23 05:00:00
12.9169,13.1205,12.8444,13.1011,1606194000,346500000.0,2020-11-24 05:00:00
13.193,13.2277,12.979,12.9914,1606280400,259916000.0,2020-11-25 05:00:00
13.2194,13.3652,13.129,13.3328,1606453200,167276000.0,2020-11-27 05:00:00
13.3592,13.3702,12.9314,13.2232,1606712400,286952000.0,2020-11-30 05:00:00
13.3478,13.4861,13.1865,13.4497,1606798800,296948000.0,2020-12-01 05:00:00
13.5018,13.6304,13.1925,13.3084,1606885200,283360000.0,2020-12-02 05:00:00
13.3577,13.621,13.2909,13.5487,1606971600,199520000.0,2020-12-03 05:00:00
13.5195,13.5212,13.3505,13.4101,1607058000,202244000.0,2020-12-04 05:00:00
13.5679,13.692,13.4614,13.5624,1607317200,223244000.0,2020-12-07 05:00:00
13.3118,13.5599,13.2435,13.5462,1607403600,271920000.0,2020-12-08 05:00:00
12.8938,13.3757,12.8315,13.2625,1607490000,401300000.0,2020-12-09 05:00:00
12.9352,13.0314,12.8128,12.8322,1607576400,207764000.0,2020-12-10 05:00:00
12.9761,12.9828,12.7863,12.9302,1607662800,209264000.0,2020-12-11 05:00:00
13.2707,13.3505,13.0401,13.0506,1607922000,270156000.0,2020-12-14 05:00:00
13.3223,13.4255,13.1491,13.4013,1608008400,193016000.0,2020-12-15 05:00:00
13.2047,13.3988,13.1747,13.3841,1608094800,223116000.0,2020-12-16 05:00:00
13.3031,13.3413,13.1408,13.3285,1608181200,231384000.0,2020-12-17 05:00:00
13.2341,13.3667,13.0331,13.3408,1608267600,342064000.0,2020-12-18 05:00:00
13.2941,13.3318,12.9304,13.0374,1608526800,302332000.0,2020-12-21 05:00:00
13.2403,13.2991,13.0167,13.2812,1608613200,185580000.0,2020-12-22 05:00:00
12.9721,13.2371,12.9678,13.2181,1608699600,179144000.0,2020-12-23 05:00:00
12.9566,13.095,12.9018,13.0,1608786000,97884000.0,2020-12-24 05:00:00
12.8631,13.0252,12.7268,13.0252,1609131600,212564000.0,2020-12-28 05:00:00
12.9063,13.0351,12.8055,12.8881,1609218000,170372000.0,2020-12-29 05:00:00
13.1082,13.176,12.8599,12.9531,1609304400,225396000.0,2020-12-30 05:00:00
13.0177,13.1134,12.8781,13.099,1609390800,192424000.0,2020-12-31 05:00:00
13.076,13.6135,12.9254,13.0668,1609736400,560640000.0,2021-01-04 05:00:00
13.3664,13.4051,13.0496,13.0623,1609822800,322760000.0,2021-01-05 05:00:00
12.5784,13.2071,12.55,13.1847,1609909200,580424000.0,2021-01-06 05:00:00
13.3059,13.3395,12.8497,12.9304,1609995600,461480000.0,2021-01-07 05:00:00
13.2388,13.3826,13.0047,13.3243,1610082000,292528000.0,2021-01-08 05:00:00
13.5826,13.9211,13.3243,13.3804,1610341200,518344000.0,2021-01-11 05:00:00
13.4462,13.7152,13.3069,13.7132,1610427600,291476000.0,2021-01-12 05:00:00
13.4931,13.5861,13.3467,13.4514,1610514000,210028000.0,2021-01-13 05:00:00
13.1625,13.5609,13.1428,13.5362,1610600400,283120000.0,2021-01-14 05:00:00
12.8227,13.2872,12.8118,13.1902,1610686800,277780000.0,2021-01-15 05:00:00
12.988,13.0566,12.8073,12.979,1611032400,226188000.0,2021-01-19 05:00:00
13.3275,13.3921,13.0194,13.0743,1611118800,258572000.0,2021-01-20 05:00:00
13.8279,13.9592,13.2151,13.3801,1611205200,337780000.0,2021-01-21 05:00:00
13.6733,13.8022,13.5883,13.7007,1611291600,246820000.0,2021-01-22 05:00:00
13.6142,13.789,13.1987,13.7424,1611550800,251112000.0,2021-01-25 05:00:00
13.3968,13.6058,13.3492,13.5417,1611637200,163980000.0,2021-01-26 05:00:00
12.8808,13.1949,12.7572,13.1922,1611723600,371272000.0,2021-01-27 05:00:00
13.0137,13.3016,12.9235,12.9591,1611810000,228316000.0,2021-01-28 05:00:00
12.9526,13.2966,12.8746,13.0376,1611896400,271552000.0,2021-01-29 05:00:00
13.1992,13.2328,12.8659,13.0159,1612155600,217204000.0,2021-02-01 05:00:00
13.518,13.5332,13.2475,13.3605,1612242000,220440000.0,2021-02-02 05:00:00
13.4918,13.8919,13.4779,13.597,1612328400,245408000.0,2021-02-03 05:00:00
13.6252,13.6344,13.2996,13.4923,1612414800,201340000.0,2021-02-04 05:00:00
13.5522,13.698,13.507,13.6858,1612501200,169152000.0,2021-02-05 05:00:00
14.3975,14.4324,13.688,13.688,1612760400,434624000.0,2021-02-08 05:00:00
14.2225,14.5416,14.1819,14.2998,1612846800,287560000.0,2021-02-09 05:00:00
14.722,14.8624,14.3005,14.4219,1612933200,485352000.0,2021-02-10 05:00:00
15.2072,15.2286,14.8823,14.9374,1613019600,450828000.0,2021-02-11 05:00:00
14.9185,15.2475,14.7328,15.007,1613106000,374756000.0,2021-02-12 05:00:00
15.2864,15.3286,14.9073,15.0212,1613451600,321960000.0,2021-02-16 05:00:00
14.8634,15.18,14.7378,15.1276,1613538000,274756000.0,2021-02-17 05:00:00
14.7866,14.8307,14.5333,14.6869,1613624400,233868000.0,2021-02-18 05:00:00
14.8838,15.1336,14.8043,14.9816,1613710800,271724000.0,2021-02-19 05:00:00
14.3147,15.09,14.2841,14.7325,1613970000,325884000.0,2021-02-22 05:00:00
14.1016,14.1981,13.3512,14.035,1614056400,391780000.0,2021-02-23 05:00:00
14.4576,14.4653,13.7167,14.0824,1614142800,448320000.0,2021-02-24 05:00:00
13.2695,14.3337,13.1785,14.0054,1614229200,824436000.0,2021-02-25 05:00:00
13.6753,13.8149,13.3228,13.7132,1614315600,500932000.0,2021-02-26 05:00:00
13.8022,13.8852,13.5145,13.8353,1614574800,353184000.0,2021-03-01 05:00:00
13.3679,13.8807,13.3577,13.8603,1614661200,264116000.0,2021-03-02 05:00:00
12.7682,13.4131,12.7622,13.3879,1614747600,377592000.0,2021-03-03 05:00:00
12.3349,12.9379,12.0492,12.7642,1614834000,573344000.0,2021-03-04 05:00:00
12.4259,12.5141,11.6459,12.5141,1614920400,542840000.0,2021-03-05 05:00:00
11.5601,12.4356,11.5334,12.4144,1615179600,543112000.0,2021-03-08 05:00:00
12.4888,12.585,12.0289,12.0998,1615266000,521824000.0,2021-03-09 05:00:00
12.4369,12.9474,12.4262,12.8082,1615352400,384376000.0,2021-03-10 05:00:00
12.9608,13.0135,12.7025,12.9174,1615438800,299916000.0,2021-03-11 05:00:00
12.8237,12.8563,12.5583,12.6165,1615525200,243964000.0,2021-03-12 05:00:00
13.1581,13.1735,12.7352,12.8324,1615780800,221988000.0,2021-03-15 04:00:00
13.2578,13.4785,13.0838,13.3229,1615867200,272128000.0,2021-03-16 04:00:00
13.3077,13.4194,12.9568,13.007,1615953600,243864000.0,2021-03-17 04:00:00
12.6905,13.1509,12.685,13.1035,1616040000,293896000.0,2021-03-18 04:00:00
12.8135,12.889,12.5808,12.7179,1616126400,299208000.0,2021-03-19 04:00:00
13.1531,13.3608,12.8743,12.8803,1616385600,297804000.0,2021-03-22 04:00:00
13.0379,13.311,12.9885,13.2209,1616472000,222048000.0,2021-03-23 04:00:00
12.6112,13.1262,12.605,13.1182,1616558400,245840000.0,2021-03-24 04:00:00
12.5037,12.6828,12.2411,12.4681,1616644800,295144000.0,2021-03-25 04:00:00
12.807,12.8239,12.3424,12.5229,1616731200,363968000.0,2021-03-26 04:00:00
12.9157,13.0297,12.6681,12.788,1616990400,273520000.0,2021-03-29 04:00:00
12.8394,12.9426,12.6731,12.8097,1617076800,200204000.0,2021-03-30 04:00:00
13.3147,13.4366,12.9499,12.9828,1617163200,314776000.0,2021-03-31 04:00:00
13.777,13.8351,13.4773,13.5381,1617249600,308276000.0,2021-04-01 04:00:00
13.9523,13.9788,13.6985,13.8326,1617595200,255672000.0,2021-04-05 04:00:00
13.8267,14.0189,13.7389,13.9646,1617681600,191744000.0,2021-04-06 04:00:00
14.1079,14.2077,13.677,13.8459,1617768000,251284000.0,2021-04-07 04:00:00
14.281,14.4351,14.2132,14.2169,1617854400,244416000.0,2021-04-08 04:00:00
14.3638,14.3718,14.1394,14.1783,1617940800,195172000.0,2021-04-09 04:00:00
15.1708,15.3139,14.1037,14.2538,1618200000,869324000.0,2021-04-12 04:00:00
15.6401,15.6605,15.0877,15.1932,1618286400,676212000.0,2021-04-13 04:00:00
15.2386,15.681,15.1892,15.5857,1618372800,385500000.0,2021-04-14 04:00:00
16.0967,16.1735,15.5922,15.6231,1618459200,598480000.0,2021-04-15 04:00:00
15.8725,16.1251,15.8254,16.0126,1618545600,335208000.0,2021-04-16 04:00:00
15.3231,15.7678,15.1947,15.4974,1618804800,404420000.0,2021-04-19 04:00:00
15.1331,15.458,14.9254,15.2847,1618891200,334132000.0,2021-04-20 04:00:00
15.3219,15.3239,15.0643,15.0807,1618977600,216776000.0,2021-04-21 04:00:00
14.8129,15.3997,14.7463,15.3363,1619064000,277788000.0,2021-04-22 04:00:00
15.2269,15.2964,14.8628,14.8967,1619150400,227500000.0,2021-04-23 04:00:00
15.4391,15.4401,15.087,15.1468,1619409600,197796000.0,2021-04-26 04:00:00
15.3431,15.6311,15.3159,15.5393,1619496000,164572000.0,2021-04-27 04:00:00
15.2383,15.4932,15.1772,15.3259,1619582400,209416000.0,2021-04-28 04:00:00
15.2862,15.3977,15.0336,15.3613,1619668800,173196000.0,2021-04-29 04:00:00
14.9718,15.3264,14.9593,15.1363,1619755200,201912000.0,2021-04-30 04:00:00
14.7994,15.2084,14.7503,15.087,1620014400,203912000.0,2021-05-03 04:00:00
14.3152,14.6007,13.975,14.6005,1620100800,405324000.0,2021-05-04 04:00:00
14.4221,14.7763,14.3513,14.672,1620187200,292024000.0,2021-05-05 04:00:00
14.4865,14.5346,14.1823,14.4588,1620273600,193380000.0,2021-05-06 04:00:00
14.775,14.9331,14.6349,14.771,1620360000,229328000.0,2021-05-07 04:00:00
14.2299,14.7688,14.2142,14.7501,1620619200,268904000.0,2021-05-10 04:00:00
14.2703,14.3187,13.7154,13.7902,1620705600,285584000.0,2021-05-11 04:00:00
13.7239,14.2244,13.6748,13.9743,1620792000,303408000.0,2021-05-12 04:00:00
13.6309,14.0453,13.4252,13.9985,1620878400,285404000.0,2021-05-13 04:00:00
14.2072,14.292,13.7139,13.8551,1620964800,258616000.0,2021-05-14 04:00:00
14.1299,14.1336,13.8187,14.1214,1621224000,216980000.0,2021-05-17 04:00:00
13.9805,14.368,13.9688,14.2311,1621310400,186256000.0,2021-05-18 04:00:00
14.0304,14.0441,13.5092,13.5324,1621396800,344000000.0,2021-05-19 04:00:00
14.5758,14.6468,14.2346,14.2665,1621483200,321592000.0,2021-05-20 04:00:00
14.9541,15.1837,14.8321,15.1256,1621569600,672992000.0,2021-05-21 04:00:00
15.5728,15.7054,15.1378,15.1743,1621828800,554816000.0,2021-05-24 04:00:00
15.6084,15.7787,15.4436,15.7264,1621915200,435408000.0,2021-05-25 04:00:00
15.6605,15.754,15.5471,15.6947,1622001600,370440000.0,2021-05-26 04:00:00
15.4491,15.7104,15.4211,15.6603,1622088000,581476000.0,2021-05-27 04:00:00
16.2037,16.2366,15.462,15.462,1622174400,644536000.0,2021-05-28 04:00:00
16.2236,16.347,15.8633,16.2291,1622520000,472804000.0,2021-06-01 04:00:00
16.7361,16.8762,16.1947,16.2114,1622606400,594168000.0,2021-06-02 04:00:00
16.9271,17.2156,16.5413,16.6588,1622692800,580008000.0,2021-06-03 04:00:00
17.5341,17.6166,17.0525,17.0695,1622779200,617120000.0,2021-06-04 04:00:00
17.5747,17.7677,17.1495,17.5271,1623038400,575756000.0,2021-06-07 04:00:00
17.4131,17.5772,17.2076,17.4832,1623124800,323848000.0,2021-06-08 04:00:00
17.3186,17.5348,17.2163,17.4757,1623211200,381656000.0,2021-06-09 04:00:00
17.3852,17.452,17.1367,17.3103,1623297600,287772000.0,2021-06-10 04:00:00
17.7845,17.8983,17.4039,17.4396,1623384000,416308000.0,2021-06-11 04:00:00
17.9776,17.9983,17.6224,17.8651,1623643200,321376000.0,2021-06-14 04:00:00
17.7478,17.9751,17.6875,17.8741,1623729600,243032000.0,2021-06-15 04:00:00
17.7695,17.9137,17.5443,17.7501,1623816000,307124000.0,2021-06-16 04:00:00
18.6146,18.792,17.7157,17.7339,1623902400,809656000.0,2021-06-17 04:00:00
18.5962,19.3307,18.5415,18.7411,1623988800,968856000.0,2021-06-18 04:00:00
18.3851,18.4941,17.782,18.3931,1624248000,672384000.0,2021-06-21 04:00:00
18.8436,18.9204,18.344,18.4293,1624334400,580144000.0,2021-06-22 04:00:00
19.0137,19.109,18.8645,18.9643,1624420800,332356000.0,2021-06-23 04:00:00
19.1616,19.3756,19.0446,19.1838,1624507200,320924000.0,2021-06-24 04:00:00
18.9875,19.3013,18.8513,19.2364,1624593600,278364000.0,2021-06-25 04:00:00
19.9393,20.0329,19.2749,19.317,1624852800,495436000.0,2021-06-28 04:00:00
19.981,20.0528,19.6121,19.8371,1624939200,367632000.0,2021-06-29 04:00:00
19.9568,20.1164,19.8184,19.9535,1625025600,326568000.0,2021-06-30 04:00:00
20.1658,20.4092,19.9732,20.079,1625112000,480136000.0,2021-07-01 04:00:00
20.4402,20.4584,20.2414,20.3935,1625198400,342764000.0,2021-07-02 04:00:00
20.6512,20.7944,20.3037,20.6901,1625544000,446708000.0,2021-07-06 04:00:00
20.3252,20.8273,20.2855,20.8058,1625630400,418428000.0,2021-07-07 04:00:00
19.8573,20.087,19.6557,19.8111,1625716800,503300000.0,2021-07-08 04:00:00
20.0044,20.0344,19.7091,19.9169,1625803200,296624000.0,2021-07-09 04:00:00
20.4656,20.4858,20.1416,20.1937,1626062400,321984000.0,2021-07-12 04:00:00
20.2037,20.4145,20.068,20.3539,1626148800,290708000.0,2021-07-13 04:00:00
19.7962,20.3711,19.7076,20.3112,1626235200,380100000.0,2021-07-14 04:00:00
18.9229,19.8016,18.8154,19.7665,1626321600,550564000.0,2021-07-15 04:00:00
18.1195,19.1132,18.0317,18.987,1626408000,688224000.0,2021-07-16 04:00:00
18.7368,18.9985,17.8247,17.8743,1626667200,749060000.0,2021-07-19 04:00:00
18.5695,18.7949,18.1225,18.6872,1626753600,434687000.0,2021-07-20 04:00:00
19.3656,19.4824,18.6992,18.8388,1626840000,371017000.0,2021-07-21 04:00:00
19.5492,19.8415,19.2319,19.5971,1626926400,323826000.0,2021-07-22 04:00:00
19.5133,19.655,19.206,19.6111,1627012800,195672000.0,2021-07-23 04:00:00
19.2499,19.3976,18.8708,19.2669,1627272000,203943000.0,2021-07-26 04:00:00
19.1641,19.5772,18.6982,19.221,1627358400,248863000.0,2021-07-27 04:00:00
19.4584,19.6011,18.9516,19.2748,1627444800,202191000.0,2021-07-28 04:00:00
19.6171,19.8076,19.2838,19.4744,1627531200,190781000.0,2021-07-29 04:00:00
19.4544,19.5851,19.219,19.3736,1627617600,183497000.0,2021-07-30 04:00:00
19.7049,19.9154,19.3168,19.655,1627876800,217444000.0,2021-08-02 04:00:00
19.7697,20.1758,19.1761,19.6949,1627963200,301811000.0,2021-08-03 04:00:00
20.2277,20.2716,19.7827,19.9443,1628049600,231309000.0,2021-08-04 04:00:00
20.5898,20.6856,20.2955,20.4532,1628136000,211435000.0,2021-08-05 04:00:00
20.3195,20.523,20.1638,20.4771,1628222400,178497000.0,2021-08-06 04:00:00
20.2486,20.4611,20.097,20.3993,1628481600,146443000.0,2021-08-09 04:00:00
19.8904,20.3833,19.7897,20.2756,1628568000,179238000.0,2021-08-10 04:00:00
19.654,20.0032,19.3856,19.9972,1628654400,185925000.0,2021-08-11 04:00:00
19.8595,19.9832,19.5752,19.8246,1628740800,151652000.0,2021-08-12 04:00:00
20.1419,20.1678,19.8056,19.8595,1628827200,183063000.0,2021-08-13 04:00:00
19.9044,20.2406,19.4085,20.089,1629086400,210876000.0,2021-08-16 04:00:00
19.4135,19.7248,19.223,19.64,1629172800,204585000.0,2021-08-17 04:00:00
18.9965,19.5891,18.9566,19.4554,1629259200,285913000.0,2021-08-18 04:00:00
19.7528,20.4482,18.7191,19.4494,1629345600,766555000.0,2021-08-19 04:00:00
20.7684,20.8173,19.8874,19.9453,1629432000,675741000.0,2021-08-20 04:00:00
21.9078,21.9467,20.9021,20.9231,1629691200,575807000.0,2021-08-23 04:00:00
21.7432,21.9088,21.4858,21.7033,1629777600,297299000.0,2021-08-24 04:00:00
22.1622,22.4186,21.6724,21.6873,1629864000,347701000.0,2021-08-25 04:00:00
22.0176,22.2889,21.7402,22.1493,1629950400,237940000.0,2021-08-26 04:00:00
22.5843,22.6701,22.1163,22.1333,1630036800,304722000.0,2021-08-27 04:00:00
22.6361,22.9903,22.4995,22.7778,1630296000,262580000.0,2021-08-30 04:00:00
22.3378,22.6471,22.0733,22.6471,1630382400,259850000.0,2021-08-31 04:00:00
22.3937,22.6491,22.3098,22.4376,1630468800,201767000.0,2021-09-01 04:00:00
22.3488,22.5453,22.248,22.4705,1630555200,187834000.0,2021-09-02 04:00:00
22.7948,22.9375,22.1532,22.2779,1630641600,280532000.0,2021-09-03 04:00:00
22.6142,22.8507,22.4745,22.7848,1630987200,198107000.0,2021-09-07 04:00:00
22.2919,22.5623,21.9306,22.4655,1631073600,254434000.0,2021-09-08 04:00:00
22.1302,22.4905,22.0843,22.2649,1631160000,196856000.0,2021-09-09 04:00:00
22.4306,22.5783,22.223,22.3009,1631246400,248376000.0,2021-09-10 04:00:00
22.1053,22.9156,21.8119,22.6361,1631505600,297500000.0,2021-09-13 04:00:00
22.1951,22.3627,22.0394,22.228,1631592000,199755000.0,2021-09-14 04:00:00
22.2939,22.3198,21.9197,22.2619,1631678400,166538000.0,2021-09-15 04:00:00
22.1951,22.23,21.8807,22.1362,1631764800,156033000.0,2021-09-16 04:00:00
21.8538,22.2739,21.7839,22.253,1631851200,294503000.0,2021-09-17 04:00:00
21.0685,21.3878,20.6184,21.1014,1632110400,349440000.0,2021-09-20 04:00:00
21.2012,21.3798,20.9058,21.3718,1632196800,204688000.0,2021-09-21 04:00:00
21.8947,21.9137,21.1513,21.3209,1632283200,268726000.0,2021-09-22 04:00:00
22.4346,22.4875,21.8438,22.0933,1632369600,248555000.0,2021-09-23 04:00:00
22.0344,22.1023,21.8149,22.0234,1632456000,217655000.0,2021-09-24 04:00:00
21.6143,21.753,21.28,21.6642,1632715200,245215000.0,2021-09-27 04:00:00
20.6553,21.3738,20.6074,21.1692,1632801600,343069000.0,2021-09-28 04:00:00
20.4737,20.9727,20.4238,20.8958,1632888000,218394000.0,2021-09-29 04:00:00
20.6723,21.0216,20.6444,20.7242,1632974400,221009000.0,2021-09-30 04:00:00
20.6982,20.815,20.1604,20.7062,1633060800,240978000.0,2021-10-01 04:00:00
19.6904,20.4987,19.5137,20.4607,1633320000,345635000.0,2021-10-04 04:00:00
20.4079,20.6044,19.8121,19.9079,1633406400,279282000.0,2021-10-05 04:00:00
20.6563,20.6763,20.0376,20.0776,1633492800,297202000.0,2021-10-06 04:00:00
21.0305,21.277,20.9278,21.0475,1633579200,256919000.0,2021-10-07 04:00:00
20.7871,21.1613,20.7312,21.0565,1633665600,151258000.0,2021-10-08 04:00:00
20.6513,21.0186,20.4677,20.5316,1633924800,163388000.0,2021-10-11 04:00:00
20.6274,21.0126,20.4847,20.7841,1634011200,162134000.0,2021-10-12 04:00:00
20.8948,20.9457,20.6693,20.8739,1634097600,180652000.0,2021-10-13 04:00:00
21.7001,21.7091,21.0774,21.2431,1634184000,243589000.0,2021-10-14 04:00:00
21.8159,21.8847,21.6163,21.764,1634270400,226994000.0,2021-10-15 04:00:00
22.1751,22.244,21.5983,21.7031,1634529600,189494000.0,2021-10-18 04:00:00
22.243,22.3318,21.9905,22.229,1634616000,161473000.0,2021-10-19 04:00:00
22.0564,22.3857,21.9356,22.2579,1634702400,146276000.0,2021-10-20 04:00:00
22.6441,22.6631,22.0364,22.0504,1634788800,187590000.0,2021-10-21 04:00:00
22.6781,23.0812,22.5134,22.7749,1634875200,249384000.0,2021-10-22 04:00:00
23.1171,23.3057,22.722,22.9245,1635134400,230235000.0,2021-10-25 04:00:00
24.6649,25.2057,23.8735,23.9384,1635220800,485898000.0,2021-10-26 04:00:00
24.3994,25.0371,24.2308,24.4224,1635307200,245990000.0,2021-10-27 04:00:00
24.8884,24.8974,24.4713,24.8255,1635393600,234204000.0,2021-10-28 04:00:00
25.5131,25.6548,24.9473,24.9483,1635480000,292503000.0,2021-10-29 04:00:00
25.7725,25.8394,25.1738,25.5949,1635739200,265740000.0,2021-11-01 04:00:00
26.3453,26.6217,25.7456,25.7675,1635825600,294112000.0,2021-11-02 04:00:00
26.5419,26.7275,26.1797,26.6137,1635912000,239910000.0,2021-11-03 04:00:00
29.7381,31.2988,27.0608,27.1716,1635998400,1153631000.0,2021-11-04 04:00:00
29.6892,31.3338,29.348,30.1233,1636084800,851260000.0,2021-11-05 04:00:00
30.739,31.0344,29.8439,30.0854,1636347600,503101000.0,2021-11-08 05:00:00
30.5923,32.2418,29.9008,32.2139,1636434000,646746000.0,2021-11-09 05:00:00
29.3969,30.7849,28.7173,29.2941,1636520400,636206000.0,2021-11-10 05:00:00
30.3259,30.5255,29.7142,30.4037,1636606800,332172000.0,2021-11-11 05:00:00
30.3259,30.6153,29.5675,29.9467,1636693200,413054000.0,2021-11-12 05:00:00
29.9617,30.5794,29.1853,30.4875,1636952400,384909000.0,2021-11-15 05:00:00
30.1393,30.3259,29.6433,29.6962,1637038800,264484000.0,2021-11-16 05:00:00
29.1993,30.4446,28.7392,30.3538,1637125200,428508000.0,2021-11-17 05:00:00
31.6082,32.6909,31.2549,32.2987,1637211600,781711000.0,2021-11-18 05:00:00
32.9154,33.0182,31.8377,32.175,1637298000,533867000.0,2021-11-19 05:00:00
31.8886,34.5739,31.8327,33.4463,1637557200,754335000.0,2021-11-22 05:00:00
31.679,32.2917,30.8149,31.4685,1637643600,532163000.0,2021-11-23 05:00:00
32.6051,32.7857,30.8628,31.3946,1637730000,435162000.0,2021-11-24 05:00:00
31.4365,32.641,31.2839,32.5312,1637902800,283069000.0,2021-11-26 05:00:00
33.3056,33.3415,31.9684,32.2977,1638162000,454964000.0,2021-11-29 05:00:00
32.6071,33.2826,31.7968,33.099,1638248400,622066000.0,2021-11-30 05:00:00
31.3725,33.2228,31.3176,33.153,1638334800,484368000.0,2021-12-01 05:00:00
32.0622,32.4135,30.9633,31.152,1638421200,472890000.0,2021-12-02 05:00:00
30.632,32.0652,30.0701,31.9364,1638507600,544325000.0,2021-12-03 05:00:00
29.9773,30.1809,27.9823,29.8206,1638766800,658938000.0,2021-12-06 05:00:00
32.3626,32.3845,30.5901,30.8955,1638853200,593053000.0,2021-12-07 05:00:00
31.7627,32.2258,31.3586,31.9354,1638939600,475551000.0,2021-12-08 05:00:00
30.4294,32.141,30.3675,31.6709,1639026000,488507000.0,2021-12-09 05:00:00
30.138,31.2428,29.8017,31.0881,1639112400,488825000.0,2021-12-10 05:00:00
28.105,30.2338,28.0601,30.1889,1639371600,598344000.0,2021-12-13 05:00:00
28.2807,28.621,27.1958,27.6439,1639458000,667035000.0,2021-12-14 05:00:00
30.3985,30.4394,27.7827,28.3436,1639544400,698297000.0,2021-12-15 05:00:00
28.3306,31.0981,28.0372,31.0901,1639630800,707366000.0,2021-12-16 05:00:00
27.7457,28.8645,27.7048,27.9294,1639717200,713758000.0,2021-12-17 05:00:00
27.6639,28.0881,27.0911,27.2507,1639976400,461847000.0,2021-12-20 05:00:00
29.0172,29.0621,27.3465,28.3176,1640062800,524385000.0,2021-12-21 05:00:00
29.3416,29.4963,28.3925,28.8336,1640149200,395184000.0,2021-12-22 05:00:00
29.5811,29.9993,29.3725,29.6959,1640235600,343022000.0,2021-12-23 05:00:00
30.8835,31.0252,29.5811,29.6011,1640581200,403686000.0,2021-12-27 05:00:00
30.2617,31.2677,29.9524,31.2498,1640667600,420591000.0,2021-12-28 05:00:00
29.9414,30.4873,29.3076,30.2128,1640754000,343139000.0,2021-12-29 05:00:00
29.5272,30.3965,29.4813,29.7677,1640840400,308864000.0,2021-12-30 05:00:00
29.3525,29.9703,29.2727,29.615,1640926800,266530000.0,2021-12-31 05:00:00
30.0611,30.65,29.7258,29.7558,1641186000,391547000.0,2022-01-03 05:00:00
29.2318,30.4075,28.2927,30.2168,1641272400,527154000.0,2022-01-04 05:00:00
27.5491,29.3575,27.4783,28.8915,1641358800,498064000.0,2022-01-05 05:00:00
28.122,28.3815,27.0112,27.5851,1641445200,454186000.0,2022-01-06 05:00:00
27.1928,28.3655,27.0032,28.0851,1641531600,409939000.0,2022-01-07 05:00:00
27.347,27.4159,25.5944,26.5296,1641790800,594681000.0,2022-01-10 05:00:00
27.7632,28.0107,26.7871,27.2702,1641877200,404089000.0,2022-01-11 05:00:00
27.9449,28.5397,27.5546,28.0127,1641963600,383413000.0,2022-01-12 05:00:00
26.5236,28.4249,26.4468,28.3241,1642050000,540171000.0,2022-01-13 05:00:00
26.8899,27.1444,26.1593,26.2492,1642136400,395832000.0,2022-01-14 05:00:00
25.8529,26.5865,25.7202,26.2092,1642482000,424270000.0,2022-01-18 05:00:00
25.0185,26.4917,25.0036,26.0286,1642568400,488315000.0,2022-01-19 05:00:00
24.1033,25.5295,24.0314,25.2551,1642654800,435181000.0,2022-01-20 05:00:00
23.3288,24.775,23.218,23.4616,1642741200,718958000.0,2022-01-21 05:00:00
23.3268,23.3348,20.8476,22.2868,1643000400,913982000.0,2022-01-24 05:00:00
22.2808,22.8986,21.9575,22.5024,1643086800,664616000.0,2022-01-25 05:00:00
22.728,24.0105,22.2569,23.1951,1643173200,755959000.0,2022-01-26 05:00:00
21.9016,23.9486,21.6331,23.5224,1643259600,573353000.0,2022-01-27 05:00:00
22.7958,22.8138,21.2548,21.9694,1643346000,543774000.0,2022-01-28 05:00:00
24.4387,24.4616,23.0074,23.1372,1643605200,564680000.0,2022-01-31 05:00:00
24.5904,25.0964,23.8438,25.0555,1643691600,518925000.0,2022-02-01 05:00:00
25.1932,25.7671,24.5055,25.7441,1643778000,543419000.0,2022-02-02 05:00:00
23.9017,25.0285,23.734,24.4107,1643864400,410178000.0,2022-02-03 05:00:00
24.272,24.5874,23.5863,23.9257,1643950800,354829000.0,2022-02-04 05:00:00
24.6802,25.1333,24.1552,24.3249,1644210000,376868000.0,2022-02-07 05:00:00
25.0595,25.1812,23.9336,24.3119,1644296400,410359000.0,2022-02-08 05:00:00
26.6534,26.6733,25.304,25.5725,1644382800,524282000.0,2022-02-09 05:00:00
25.7741,26.8729,25.5505,25.9447,1644469200,513200000.0,2022-02-10 05:00:00
23.9027,26.1014,23.727,25.8659,1644555600,605472000.0,2022-02-11 05:00:00
24.2201,24.8269,23.7091,23.8877,1644814800,440424000.0,2022-02-14 05:00:00
26.4438,26.4937,24.7361,24.9008,1644901200,699869000.0,2022-02-15 05:00:00
26.4597,26.5306,25.5026,26.2082,1644987600,732676000.0,2022-02-16 05:00:00
24.4596,25.7351,24.1183,25.5804,1645074000,810595000.0,2022-02-17 05:00:00
23.5963,24.9377,23.0553,24.6203,1645160400,761255000.0,2022-02-18 05:00:00
23.3448,24.0175,22.9555,22.9905,1645506000,633422000.0,2022-02-22 05:00:00
22.3437,24.1083,22.2579,23.756,1645592400,566511000.0,2022-02-23 05:00:00
23.7021,23.754,20.8496,20.9744,1645678800,735801000.0,2022-02-24 05:00:00
24.1103,24.1702,23.3358,23.6751,1645765200,528866000.0,2022-02-25 05:00:00
24.3379,24.6173,23.6612,23.9456,1646024400,477319000.0,2022-02-28 05:00:00
23.4316,24.3299,23.0873,24.244,1646110800,412056000.0,2022-03-01 05:00:00
24.1773,24.366,23.3737,23.7141,1646197200,389642000.0,2022-03-02 05:00:00
23.6722,24.2831,23.4276,24.2192,1646283600,365095000.0,2022-03-03 05:00:00
22.8956,23.6382,22.4424,23.3428,1646370000,431415000.0,2022-03-04 05:00:00
21.3144,22.9924,21.2924,22.7768,1646629200,450821000.0,2022-03-07 05:00:00
21.4761,22.3335,20.6136,21.2714,1646715600,557467000.0,2022-03-08 05:00:00
22.9734,23.1791,22.2078,22.3475,1646802000,492742000.0,2022-03-09 05:00:00
22.6181,22.7478,21.8434,22.4913,1646888400,428066000.0,2022-03-10 05:00:00
22.061,23.1042,22.0071,22.9814,1646974800,367209000.0,2022-03-11 05:00:00
21.2924,22.2227,21.1217,21.8304,1647230400,385354000.0,2022-03-14 04:00:00
22.9325,22.9974,21.2844,21.4801,1647316800,491996000.0,2022-03-15 04:00:00
24.4528,24.5536,23.1311,23.4586,1647403200,671422000.0,2022-03-16 04:00:00
24.7223,24.7982,23.8638,24.0775,1647489600,471941000.0,2022-03-17 04:00:00
26.4064,26.5222,24.5806,24.7553,1647576000,730719000.0,2022-03-18 04:00:00
26.6869,27.1041,25.9212,26.4603,1647835200,591727000.0,2022-03-21 04:00:00
26.4772,27.19,26.026,26.6799,1647921600,547007000.0,2022-03-22 04:00:00
25.5888,26.5651,25.5299,26.0799,1648008000,502120000.0,2022-03-23 04:00:00
28.1004,28.2701,25.8613,26.1199,1648094400,877379000.0,2022-03-24 04:00:00
27.6432,28.308,27.2229,27.8368,1648180800,579016000.0,2022-03-25 04:00:00
28.1692,28.2002,27.158,27.7071,1648440000,425494000.0,2022-03-28 04:00:00
28.6055,28.895,27.9307,28.6444,1648526400,488984000.0,2022-03-29 04:00:00
27.6412,28.4458,27.4545,28.2541,1648612800,463487000.0,2022-03-30 04:00:00
27.2379,28.1982,27.2219,27.733,1648699200,523440000.0,2022-03-31 04:00:00
26.6649,27.4475,26.2207,27.3267,1648785600,517235000.0,2022-04-01 04:00:00
27.3118,27.5094,26.5661,26.6809,1649044800,397120000.0,2022-04-04 04:00:00
25.8853,27.2708,25.7745,27.2059,1649131200,436615000.0,2022-04-05 04:00:00
24.364,25.2554,23.9607,24.89,1649217600,703833000.0,2022-04-06 04:00:00
24.1653,24.6784,23.4366,24.3979,1649304000,557992000.0,2022-04-07 04:00:00
23.0782,23.8808,23.0213,23.8748,1649390400,524781000.0,2022-04-08 04:00:00
21.8784,22.2806,21.6218,22.1748,1649649600,575207000.0,2022-04-11 04:00:00
21.4661,22.6849,21.2445,22.4973,1649736000,662258000.0,2022-04-12 04:00:00
22.1638,22.4603,21.4172,21.6897,1649822400,516943000.0,2022-04-13 04:00:00
21.2205,22.7368,21.1257,22.4653,1649908800,569097000.0,2022-04-14 04:00:00
21.7446,22.049,21.0418,21.1626,1650254400,525701000.0,2022-04-18 04:00:00
22.1589,22.3335,21.2764,21.6817,1650340800,512781000.0,2022-04-19 04:00:00
21.4441,22.63,21.1626,22.4773,1650427200,468974000.0,2022-04-20 04:00:00
20.1474,22.3525,19.9647,21.6707,1650513600,656209000.0,2022-04-21 04:00:00
19.4806,20.4499,19.4656,20.2672,1650600000,624713000.0,2022-04-22 04:00:00
19.8669,19.9098,19.0623,19.1681,1650859200,641566000.0,2022-04-25 04:00:00
18.7549,19.7531,18.6371,19.6832,1650945600,653143000.0,2022-04-26 04:00:00
18.3825,19.1332,18.2578,18.5652,1651032000,499460000.0,2022-04-27 04:00:00
19.7471,20.0017,18.4574,18.9336,1651118400,570327000.0,2022-04-28 04:00:00
18.5143,20.0925,18.4843,19.3678,1651204800,500435000.0,2022-04-29 04:00:00
19.4986,19.5395,18.3586,18.5083,1651464000,572049000.0,2022-05-02 04:00:00
19.5674,19.79,19.0993,19.3658,1651550400,475751000.0,2022-05-03 04:00:00
20.2981,20.364,18.7179,19.8879,1651636800,648855000.0,2022-05-04 04:00:00
18.8108,19.8899,18.4674,19.832,1651723200,626331000.0,2022-05-05 04:00:00
18.6421,19.4776,17.9583,18.703,1651809600,633297000.0,2022-05-06 04:00:00
16.9201,18.2228,16.7973,18.0022,1652068800,644455000.0,2022-05-09 04:00:00
17.564,18.1659,16.995,17.6578,1652155200,761474000.0,2022-05-10 04:00:00
16.6007,17.7217,16.5388,17.3164,1652241600,670167000.0,2022-05-11 04:00:00
16.1465,16.7584,15.5396,16.1904,1652328000,708728000.0,2022-05-12 04:00:00
17.6748,17.8964,16.5637,16.7584,1652414400,670437000.0,2022-05-13 04:00:00
17.2336,17.7566,17.0758,17.4781,1652673600,521446000.0,2022-05-16 04:00:00
18.1449,18.3386,17.6029,18.0421,1652760000,585830000.0,2022-05-17 04:00:00
16.9081,18.0861,16.8343,17.6738,1652846400,545161000.0,2022-05-18 04:00:00
17.0938,17.6558,16.7045,16.9071,1652932800,621310000.0,2022-05-19 04:00:00
16.6646,17.3793,15.7272,17.3014,1653019200,739105000.0,2022-05-20 04:00:00
16.8682,16.8852,16.1505,16.2453,1653278400,639889000.0,2022-05-23 04:00:00
16.1255,16.5677,15.7522,16.4809,1653364800,588550000.0,2022-05-24 04:00:00
16.9451,17.0808,15.9718,15.9918,1653451200,781132000.0,2022-05-25 04:00:00
17.8195,18.0601,15.9937,16.0077,1653537600,996575000.0,2022-05-26 04:00:00
18.7778,18.8477,18.0681,18.1539,1653624000,738379000.0,2022-05-27 04:00:00
18.6391,19.1661,18.3176,18.9465,1653969600,664100000.0,2022-05-31 04:00:00
18.2877,19.0194,18.09,18.691,1654056000,544514000.0,2022-06-01 04:00:00
19.5574,19.5844,18.1659,18.2597,1654142400,648656000.0,2022-06-02 04:00:00
18.687,19.2979,18.4893,19.0484,1654228800,598779000.0,2022-06-03 04:00:00
18.7529,19.3029,18.5313,19.1053,1654488000,422406000.0,2022-06-06 04:00:00
18.8926,18.9665,18.1559,18.4394,1654574400,388914000.0,2022-06-07 04:00:00
18.6191,19.1502,18.5062,18.7698,1654660800,363252000.0,2022-06-08 04:00:00
18.02,18.9036,18.013,18.4523,1654747200,395574000.0,2022-06-09 04:00:00
16.9477,17.6695,16.8428,17.5727,1654833600,465248000.0,2022-06-10 04:00:00
15.6227,16.2867,15.5818,15.9752,1655092800,604153000.0,2022-06-13 04:00:00
15.8114,16.0411,15.3881,15.7066,1655179200,469680000.0,2022-06-14 04:00:00
16.5013,16.8418,15.9013,16.07,1655265600,563936000.0,2022-06-15 04:00:00
15.5768,15.9173,15.3771,15.8354,1655352000,545749000.0,2022-06-16 04:00:00
15.8553,15.9702,15.3042,15.6237,1655438400,630334000.0,2022-06-17 04:00:00
16.5403,16.9816,16.3815,16.4494,1655784000,483089000.0,2022-06-21 04:00:00
16.3346,16.6361,16.1549,16.2008,1655870400,437135000.0,2022-06-22 04:00:00
16.1998,16.5593,15.8284,16.4934,1655956800,463680000.0,2022-06-23 04:00:00
17.0994,17.1134,16.2847,16.4744,1656043200,472153000.0,2022-06-24 04:00:00
16.8428,17.3031,16.6002,17.2851,1656302400,427968000.0,2022-06-27 04:00:00
15.9572,17.1753,15.9203,16.8738,1656388800,461149000.0,2022-06-28 04:00:00
15.5179,15.7954,15.1465,15.7895,1656475200,482352000.0,2022-06-29 04:00:00
15.1355,15.5428,14.8389,15.3372,1656561600,686070000.0,2022-06-30 04:00:00
14.5005,15.0396,14.3697,14.8759,1656648000,577610000.0,2022-07-01 04:00:00
14.9408,14.9478,14.0332,14.153,1656993600,651397000.0,2022-07-05 04:00:00
15.1065,15.2952,14.766,14.9867,1657080000,529066000.0,2022-07-06 04:00:00
15.8334,15.9202,15.3651,15.432,1657166400,492903000.0,2022-07-07 04:00:00
15.8134,16.0121,15.3651,15.406,1657252800,467972000.0,2022-07-08 04:00:00
15.1285,15.5029,15.0147,15.5019,1657512000,437321000.0,2022-07-11 04:00:00
15.0586,15.407,14.8539,15.2443,1657598400,458483000.0,2022-07-12 04:00:00
15.1405,15.3511,14.4425,14.5674,1657684800,521918000.0,2022-07-13 04:00:00
15.3481,15.449,14.7051,15.0845,1657771200,456235000.0,2022-07-14 04:00:00
15.7375,15.7575,15.421,15.6347,1657857600,385935000.0,2022-07-15 04:00:00
16.076,16.8708,15.9772,16.2767,1658116800,670517000.0,2022-07-18 04:00:00
16.9656,17.0834,16.1469,16.4604,1658203200,702366000.0,2022-07-19 04:00:00
17.7794,17.9052,16.7749,16.9207,1658289600,760538000.0,2022-07-20 04:00:00
18.022,18.1158,17.5178,17.8572,1658376000,557049000.0,2022-07-21 04:00:00
17.2921,17.9391,17.1104,17.8652,1658462400,536671000.0,2022-07-22 04:00:00
16.9976,17.0974,16.6232,16.9926,1658721600,480748000.0,2022-07-25 04:00:00
16.5073,16.8927,16.4524,16.8628,1658808000,397865000.0,2022-07-26 04:00:00
17.7624,17.9082,16.8867,17.0056,1658894400,569776000.0,2022-07-27 04:00:00
17.9561,18.1118,17.4129,17.9471,1658980800,474646000.0,2022-07-28 04:00:00
18.1348,18.2157,17.6645,17.7854,1659067200,435460000.0,2022-07-29 04:00:00
18.4124,18.8167,17.9621,18.1538,1659326400,476469000.0,2022-08-01 04:00:00
18.4972,18.9086,18.0639,18.0939,1659412800,489527000.0,2022-08-02 04:00:00
18.8637,18.9386,18.1088,18.1558,1659499200,418146000.0,2022-08-03 04:00:00
19.1852,19.2441,18.7309,18.8197,1659585600,409652000.0,2022-08-04 04:00:00
18.9595,19.1992,18.637,18.7808,1659672000,386068000.0,2022-08-05 04:00:00
17.7654,18.2107,17.2152,17.4748,1659931200,981859000.0,2022-08-08 04:00:00
17.0595,17.4199,16.698,17.2252,1660017600,668263000.0,2022-08-09 04:00:00
18.0689,18.0899,17.2901,17.6705,1660104000,597422000.0,2022-08-10 04:00:00
17.9141,18.678,17.8483,18.1029,1660190400,509327000.0,2022-08-11 04:00:00
18.68,18.6889,17.9251,18.1318,1660276800,478094000.0,2022-08-12 04:00:00
19.0025,19.1343,18.5841,18.672,1660536000,457666000.0,2022-08-15 04:00:00
18.8497,19.1123,18.4723,18.8906,1660622400,451240000.0,2022-08-16 04:00:00
18.3065,18.659,18.1168,18.4942,1660708800,446799000.0,2022-08-17 04:00:00
18.7439,18.8357,18.1548,18.2726,1660795200,415447000.0,2022-08-18 04:00:00
17.8213,18.4913,17.7424,18.3774,1660881600,441588000.0,2022-08-19 04:00:00
17.0076,17.5307,16.9397,17.4629,1661140800,409593000.0,2022-08-22 04:00:00
17.1543,17.4379,16.9437,16.9626,1661227200,369986000.0,2022-08-23 04:00:00
17.1953,17.379,16.8688,16.9856,1661313600,522661000.0,2022-08-24 04:00:00
17.8852,17.9191,16.8069,16.8179,1661400000,770691000.0,2022-08-25 04:00:00
16.2348,17.8962,16.2118,17.8293,1661486400,769127000.0,2022-08-26 04:00:00
15.7765,16.3126,15.7425,15.9951,1661745600,496132000.0,2022-08-29 04:00:00
15.444,16.0141,15.1584,15.9352,1661832000,530181000.0,2022-08-30 04:00:00
15.0706,15.5159,14.9358,15.3601,1661918400,573710000.0,2022-08-31 04:00:00
13.9154,14.3577,13.2494,14.1869,1662004800,1178865000.0,2022-09-01 04:00:00
13.6258,14.149,13.5699,14.0781,1662091200,743157000.0,2022-09-02 04:00:00
13.4441,13.7576,13.3303,13.7097,1662436800,535751000.0,2022-09-06 04:00:00
13.6968,13.8206,13.3292,13.546,1662523200,512657000.0,2022-09-07 04:00:00
13.9724,13.9904,13.3522,13.4421,1662609600,624873000.0,2022-09-08 04:00:00
14.3689,14.4558,14.1083,14.1392,1662696000,486612000.0,2022-09-09 04:00:00
14.4868,14.5287,14.1802,14.351,1662955200,484159000.0,2022-09-12 04:00:00
13.1145,13.9045,13.0826,13.7847,1663041600,714956000.0,2022-09-13 04:00:00
13.1115,13.2733,12.8968,13.2374,1663128000,588507000.0,2022-09-14 04:00:00
12.9128,13.2164,12.7739,12.9987,1663214400,523625000.0,2022-09-15 04:00:00
13.1814,13.1954,12.6012,12.726,1663300800,670751000.0,2022-09-16 04:00:00
13.3652,13.4461,12.9937,12.9957,1663560000,569685000.0,2022-09-19 04:00:00
13.1595,13.4661,13.0406,13.1984,1663646400,524818000.0,2022-09-20 04:00:00
13.2443,14.0134,13.0935,13.1964,1663732800,807679000.0,2022-09-21 04:00:00
12.5452,13.1325,12.4124,13.0536,1663819200,759162000.0,2022-09-22 04:00:00
12.5003,12.5952,12.2416,12.4044,1663905600,663309000.0,2022-09-23 04:00:00
12.2126,12.6431,12.1987,12.4753,1664164800,547343000.0,2022-09-26 04:00:00
12.3974,12.72,12.2426,12.4913,1664251200,553854000.0,2022-09-27 04:00:00
12.72,12.8069,12.3385,12.3944,1664337600,542414000.0,2022-09-28 04:00:00
12.2047,12.4843,11.931,12.4324,1664424000,532763000.0,2022-09-29 04:00:00
12.1238,12.6171,12.0598,12.0718,1664510400,565638000.0,2022-09-30 04:00:00
12.4963,12.6621,12.0898,12.3315,1664769600,547478000.0,2022-10-03 04:00:00
13.1505,13.2034,12.8628,12.8628,1664856000,584182000.0,2022-10-04 04:00:00
13.1924,13.3043,12.6052,12.8948,1664942400,507131000.0,2022-10-05 04:00:00
13.1135,13.6389,13.0865,13.2034,1665028800,644157000.0,2022-10-06 04:00:00
12.0608,12.6541,12.0069,12.4893,1665115200,672478000.0,2022-10-07 04:00:00
11.6553,12.1088,11.3937,12.0219,1665374400,698699000.0,2022-10-10 04:00:00
11.5715,11.8311,11.2688,11.5465,1665460800,667482000.0,2022-10-11 04:00:00
11.4856,11.7203,11.3308,11.5645,1665547200,492590000.0,2022-10-12 04:00:00
11.945,12.0628,10.7994,10.9572,1665633600,850103000.0,2022-10-13 04:00:00
11.2129,12.0958,11.1899,12.0419,1665720000,713432000.0,2022-10-14 04:00:00
11.8731,11.933,11.5025,11.5035,1665979200,580774000.0,2022-10-17 04:00:00
11.952,12.4763,11.6034,12.3285,1666065600,659362000.0,2022-10-18 04:00:00
12.0359,12.3345,11.8191,11.8641,1666152000,523131000.0,2022-10-19 04:00:00
12.1787,12.753,12.0898,12.0978,1666238400,652398000.0,2022-10-20 04:00:00
12.4503,12.4823,11.8721,12.0828,1666324800,609494000.0,2022-10-21 04:00:00
12.5832,12.694,12.0489,12.4923,1666584000,517457000.0,2022-10-24 04:00:00
13.2443,13.2833,12.6481,12.6781,1666670400,505482000.0,2022-10-25 04:00:00
12.8798,13.3712,12.692,12.8528,1666756800,532953000.0,2022-10-26 04:00:00
13.1595,13.8206,13.1055,13.6129,1666843200,583113000.0,2022-10-27 04:00:00
13.8166,13.8326,13.0446,13.0875,1666929600,521040000.0,2022-10-28 04:00:00
13.4801,13.8206,13.2803,13.7607,1667188800,486341000.0,2022-10-31 04:00:00
13.526,13.9075,13.502,13.7937,1667275200,432817000.0,2022-11-01 04:00:00
13.2024,14.1922,13.1944,13.8326,1667361600,672628000.0,2022-11-02 04:00:00
13.4041,13.7637,12.9397,13.0266,1667448000,500065000.0,2022-11-03 04:00:00
14.1382,14.2111,13.6798,13.9684,1667534400,612576000.0,2022-11-04 04:00:00
14.283,14.3939,13.9365,14.2101,1667797200,410061000.0,2022-11-07 05:00:00
14.5837,14.8723,14.1981,14.7824,1667883600,595292000.0,2022-11-08 05:00:00
13.7587,14.1932,13.7417,14.1442,1667970000,454414000.0,2022-11-09 05:00:00
15.7302,15.7532,14.5287,14.7814,1668056400,700819000.0,2022-11-10 05:00:00
16.3065,16.3684,15.4626,15.7872,1668142800,655487000.0,2022-11-11 05:00:00
16.2745,16.5192,15.902,16.1976,1668402000,527852000.0,2022-11-14 05:00:00
16.6451,16.9767,16.3614,16.701,1668488400,545876000.0,2022-11-15 05:00:00
15.89,16.3415,15.8531,16.1417,1668574800,649547000.0,2022-11-16 05:00:00
15.6573,16.2456,15.5155,15.6953,1668661200,710894000.0,2022-11-17 05:00:00
15.3897,15.9819,15.101,15.946,1668747600,492072000.0,2022-11-18 05:00:00
15.2978,15.4576,15.0611,15.128,1669006800,404739000.0,2022-11-21 05:00:00
16.0179,16.0378,15.103,15.3088,1669093200,472866000.0,2022-11-22 05:00:00
16.4983,16.5062,16.0278,16.0778,1669179600,427241000.0,2022-11-23 05:00:00
16.2496,16.4663,16.1517,16.2975,1669352400,167934000.0,2022-11-25 05:00:00
15.8071,16.3365,15.7053,16.0059,1669611600,303741000.0,2022-11-28 05:00:00
15.6194,15.912,15.5005,15.8071,1669698000,298384000.0,2022-11-29 05:00:00
16.9061,16.9131,15.5814,15.6813,1669784400,565298000.0,2022-11-30 05:00:00
17.1179,17.2477,16.6184,16.982,1669870800,470977000.0,2022-12-01 05:00:00
16.8591,16.9161,16.4286,16.6423,1669957200,371389000.0,2022-12-02 05:00:00
16.5934,16.978,16.4555,16.6623,1670216400,352255000.0,2022-12-05 05:00:00
15.971,16.5564,15.8032,16.5135,1670302800,352694000.0,2022-12-06 05:00:00
16.1039,16.1698,15.6513,15.7562,1670389200,372388000.0,2022-12-07 05:00:00
17.1518,17.1618,15.943,16.2567,1670475600,515456000.0,2022-12-08 05:00:00
16.984,17.5654,16.958,17.1428,1670562000,465338000.0,2022-12-09 05:00:00
17.5175,17.5205,16.7802,17.02,1670821200,457328000.0,2022-12-12 05:00:00
18.0539,18.7712,17.6933,18.5125,1670907600,656589000.0,2022-12-13 05:00:00
17.6563,18.2337,17.4026,17.969,1670994000,496888000.0,2022-12-14 05:00:00
16.935,17.3027,16.6833,17.1288,1671080400,478542000.0,2022-12-15 05:00:00
16.5544,17.024,16.3936,16.8471,1671166800,478232000.0,2022-12-16 05:00:00
16.2377,16.5924,16.1289,16.5554,1671426000,354039000.0,2022-12-19 05:00:00
16.0689,16.2937,15.8361,16.0479,1671512400,403260000.0,2022-12-20 05:00:00
16.4845,16.6104,16.0859,16.0979,1671598800,325025000.0,2022-12-21 05:00:00
15.3237,16.1219,14.8671,16.0779,1671685200,565045000.0,2022-12-22 05:00:00
15.1908,15.3237,14.8681,15.1808,1671771600,349326000.0,2022-12-23 05:00:00
14.1069,15.0849,14.0419,15.0589,1672117200,464902000.0,2022-12-27 05:00:00
14.022,14.2477,13.8701,13.9131,1672203600,351066000.0,2022-12-28 05:00:00
14.5884,14.6683,14.2128,14.3876,1672290000,354923000.0,2022-12-29 05:00:00
14.5994,14.6144,14.2188,14.3197,1672376400,310490000.0,2022-12-30 05:00:00
14.3007,14.981,14.0819,14.8361,1672722000,401277000.0,2023-01-03 05:00:00
14.7342,14.8381,14.2268,14.5524,1672808400,431324000.0,2023-01-04 05:00:00
14.2507,14.5494,14.1339,14.4765,1672894800,389168000.0,2023-01-05 05:00:00
14.8441,14.995,14.02,14.4595,1672981200,405044000.0,2023-01-06 05:00:00
15.6124,16.0399,15.1259,15.2687,1673240400,504231000.0,2023-01-09 05:00:00
15.8931,15.946,15.4565,15.4915,1673326800,384101000.0,2023-01-10 05:00:00
15.985,16.012,15.5474,15.8242,1673413200,353285000.0,2023-01-11 05:00:00
16.4945,16.6204,15.4765,16.0839,1673499600,551409000.0,2023-01-12 05:00:00
16.8821,16.9051,16.1488,16.2617,1673586000,447287000.0,2023-01-13 05:00:00
17.6843,17.7103,16.8821,16.8821,1673931600,511102000.0,2023-01-17 05:00:00
17.3596,17.8551,17.2647,17.6493,1674018000,439624000.0,2023-01-18 05:00:00
16.7482,17.1798,16.7143,17.019,1674104400,452932000.0,2023-01-19 05:00:00
17.8212,17.8381,16.8082,16.994,1674190800,564967000.0,2023-01-20 05:00:00
19.1738,19.2258,17.8002,18.0459,1674450000,655163000.0,2023-01-23 05:00:00
19.2457,19.4755,18.8012,18.8082,1674536400,496204000.0,2023-01-24 05:00:00
19.3037,19.3506,18.5614,18.8941,1674622800,449537000.0,2023-01-25 05:00:00
19.7822,20.1458,19.2587,19.6813,1674709200,489535000.0,2023-01-26 05:00:00
20.3446,20.6074,19.3856,19.4425,1674795600,542142000.0,2023-01-27 05:00:00
19.1428,20.1199,19.1308,19.93,1675054800,488611000.0,2023-01-30 05:00:00
19.5175,19.6673,18.9311,19.1508,1675141200,498017000.0,2023-01-31 05:00:00
20.9221,21.1708,19.5914,19.6713,1675227600,660477000.0,2023-02-01 05:00:00
21.6873,21.927,20.6793,20.979,1675314000,564276000.0,2023-02-02 05:00:00
21.0789,21.7233,20.7682,20.979,1675400400,429366000.0,2023-02-03 05:00:00
21.0679,21.5484,20.7652,20.7852,1675659600,452197000.0,2023-02-06 05:00:00
22.1508,22.2367,21.1288,21.3606,1675746000,664150000.0,2023-02-07 05:00:00
22.1828,22.8551,21.986,22.3646,1675832400,559651000.0,2023-02-08 05:00:00
22.3147,22.997,22.0979,22.5834,1675918800,523876000.0,2023-02-09 05:00:00
21.2437,22.0559,20.7902,21.6683,1676005200,550737000.0,2023-02-10 05:00:00
21.7662,22.026,20.941,21.5165,1676264400,474919000.0,2023-02-13 05:00:00
22.948,23.0259,21.3446,21.5564,1676350800,675474000.0,2023-02-14 05:00:00
22.7412,22.8321,22.0839,22.5264,1676437200,420575000.0,2023-02-15 05:00:00
21.98,22.5274,21.9051,22.1109,1676523600,412026000.0,2023-02-16 05:00:00
21.3666,21.7183,20.954,21.6094,1676610000,465888000.0,2023-02-17 05:00:00
20.6343,21.4725,20.5974,20.979,1676955600,410015000.0,2023-02-21 05:00:00
20.7332,21.0829,20.4006,20.6863,1677042000,513184000.0,2023-02-22 05:00:00
23.6403,23.8641,23.002,23.4166,1677128400,1117995000.0,2023-02-23 05:00:00
23.2627,23.4505,22.9241,23.2018,1677214800,589716000.0,2023-02-24 05:00:00
23.4775,23.8561,23.4305,23.6463,1677474000,452994000.0,2023-02-27 05:00:00
23.1928,23.8012,23.1828,23.3486,1677560400,455963000.0,2023-02-28 05:00:00
22.6753,23.2327,22.4855,23.1688,1677646800,460026000.0,2023-03-01 05:00:00
23.2907,23.3566,22.4096,22.4655,1677733200,389415000.0,2023-03-02 05:00:00
23.8661,23.8761,23.1069,23.2967,1677819600,412393000.0,2023-03-03 05:00:00
23.5304,24.2237,23.4635,23.8671,1678078800,437429000.0,2023-03-06 05:00:00
23.2687,24.105,23.2217,23.5804,1678165200,515154000.0,2023-03-07 05:00:00
24.1609,24.1799,23.4045,23.4675,1678251600,513573000.0,2023-03-08 05:00:00
23.4165,24.4337,23.3636,24.1549,1678338000,501257000.0,2023-03-09 05:00:00
22.9459,23.6074,22.7071,23.3896,1678424400,474866000.0,2023-03-10 05:00:00
22.9469,23.2787,22.2785,22.7331,1678680000,421890000.0,2023-03-13 04:00:00
24.043,24.1989,23.4405,23.4765,1678766400,474910000.0,2023-03-14 04:00:00
24.2079,24.2658,23.3406,23.7413,1678852800,524486000.0,2023-03-15 04:00:00
25.5198,25.5668,23.8742,24.007,1678939200,583253000.0,2023-03-16 04:00:00
25.7036,26.3771,25.6467,25.9604,1679025600,848547000.0,2023-03-17 04:00:00
25.8785,26.0024,25.1091,25.5937,1679284800,432747000.0,2023-03-20 04:00:00
26.1772,26.3701,25.3599,26.1583,1679371200,547408000.0,2023-03-21 04:00:00
26.446,27.5661,26.2152,26.4031,1679457600,797295000.0,2023-03-22 04:00:00
27.1684,27.4762,26.6678,27.0925,1679544000,564889000.0,2023-03-23 04:00:00
26.7568,27.1444,26.3331,27.0086,1679630400,454920000.0,2023-03-24 04:00:00
26.509,26.9776,26.3431,26.8147,1679889600,361026000.0,2023-03-27 04:00:00
26.3881,26.491,25.8285,26.425,1679976000,356104000.0,2023-03-28 04:00:00
26.9616,27.0555,26.5749,26.8027,1680062400,393694000.0,2023-03-29 04:00:00
27.3603,27.4762,27.0795,27.2064,1680148800,364516000.0,2023-03-30 04:00:00
27.7539,27.8109,27.0825,27.1175,1680235200,433933000.0,2023-03-31 04:00:00
27.9418,27.9767,27.3133,27.4862,1680494400,398716000.0,2023-04-03 04:00:00
27.4302,27.9767,27.2843,27.9428,1680580800,368592000.0,2023-04-04 04:00:00
26.8587,26.9756,26.3731,26.8067,1680667200,515015000.0,2023-04-05 04:00:00
27.0145,27.0575,26.4051,26.5619,1680753600,397654000.0,2023-04-06 04:00:00
27.5561,27.5981,26.6469,26.8007,1681099200,395279000.0,2023-04-10 04:00:00
27.1464,27.7669,27.1035,27.701,1681185600,314378000.0,2023-04-11 04:00:00
26.473,27.4452,26.426,27.3473,1681272000,446259000.0,2023-04-12 04:00:00
26.441,26.8647,26.3071,26.7118,1681358400,353615000.0,2023-04-13 04:00:00
26.7358,26.8607,26.1982,26.482,1681444800,395660000.0,2023-04-14 04:00:00
26.9796,26.9836,26.4111,26.5429,1681704000,321471000.0,2023-04-17 04:00:00
27.644,28.0867,27.3343,27.5101,1681790400,604812000.0,2023-04-18 04:00:00
27.9078,27.9768,27.2094,27.3383,1681876800,358660000.0,2023-04-19 04:00:00
27.0815,28.0067,26.9776,27.648,1681963200,427713000.0,2023-04-20 04:00:00
27.0965,27.1604,26.6998,26.9296,1682049600,345103000.0,2023-04-21 04:00:00
27.0195,27.3433,26.6489,26.9906,1682308800,339282000.0,2023-04-24 04:00:00
26.2192,27.2244,26.2032,27.0555,1682395200,378527000.0,2023-04-25 04:00:00
26.9336,27.3073,26.6828,26.9796,1682481600,406337000.0,2023-04-26 04:00:00
27.2034,27.4722,26.6029,27.3403,1682568000,377161000.0,2023-04-27 04:00:00
27.726,27.7349,27.0485,27.2024,1682654400,292216000.0,2023-04-28 04:00:00
28.886,29.0339,27.7569,27.8169,1682913600,570329000.0,2023-05-01 04:00:00
28.1866,28.8121,28.0597,28.6562,1683000000,402730000.0,2023-05-02 04:00:00
27.7789,28.3434,27.4492,27.8169,1683086400,383387000.0,2023-05-03 04:00:00
27.5391,27.8359,27.2174,27.628,1683172800,321850000.0,2023-05-04 04:00:00
28.6562,28.7311,27.708,27.8029,1683259200,361494000.0,2023-05-05 04:00:00
29.1268,29.1957,28.3265,28.4983,1683518400,344979000.0,2023-05-08 04:00:00
28.5473,28.9489,28.4264,28.875,1683604800,314869000.0,2023-05-09 04:00:00
28.861,29.0888,28.4374,28.9809,1683691200,369350000.0,2023-05-10 04:00:00
28.5543,28.926,28.2225,28.872,1683777600,322149000.0,2023-05-11 04:00:00
28.3165,28.7561,28.0227,28.5053,1683864000,274222000.0,2023-05-12 04:00:00
28.929,28.9449,28.1286,28.4843,1684123200,293926000.0,2023-05-15 04:00:00
29.1887,29.8452,28.8081,28.817,1684209600,449405000.0,2023-05-16 04:00:00
30.1529,30.1739,29.4056,29.5594,1684296000,432535000.0,2023-05-17 04:00:00
31.6517,31.8016,30.2948,30.3847,1684382400,748725000.0,2023-05-18 04:00:00
31.238,31.5538,30.8903,31.5098,1684468800,473908000.0,2023-05-19 04:00:00
31.1501,31.4938,30.6545,30.8753,1684728000,372000000.0,2023-05-22 04:00:00
30.6625,31.262,30.6056,30.9743,1684814400,356253000.0,2023-05-23 04:00:00
30.5126,30.5816,29.7812,30.1849,1684900800,721419000.0,2023-05-24 04:00:00
37.9485,39.4472,36.6046,38.491,1684987200,1543911000.0,2023-05-25 04:00:00
38.9137,39.1375,37.5188,37.8585,1685073600,714397000.0,2023-05-26 04:00:00
40.0777,41.9032,39.9158,40.5613,1685419200,923401000.0,2023-05-30 04:00:00
37.8026,40.2615,37.7906,39.4552,1685505600,1002580000.0,2023-05-31 04:00:00
39.737,40.0167,38.3082,38.457,1685592000,635873000.0,2023-06-01 04:00:00
39.2943,40.4664,39.0256,40.0637,1685678400,482731000.0,2023-06-02 04:00:00
39.1385,39.5321,38.6749,38.8767,1685937600,396094000.0,2023-06-05 04:00:00
38.6219,39.1275,38.1163,38.7978,1686024000,388729000.0,2023-06-06 04:00:00
37.4477,39.4703,37.3288,38.8867,1686110400,511998000.0,2023-06-07 04:00:00
38.482,38.8357,37.4777,37.6966,1686196800,417772000.0,2023-06-08 04:00:00
38.7418,39.6821,38.539,39.0086,1686283200,427717000.0,2023-06-09 04:00:00
39.4533,39.5013,38.5899,39.1715,1686542400,388701000.0,2023-06-12 04:00:00
40.9922,41.0711,39.7111,40.1568,1686628800,613208000.0,2023-06-13 04:00:00
42.9657,42.9687,40.5225,40.7943,1686715200,740465000.0,2023-06-14 04:00:00
42.622,43.2575,42.1164,42.571,1686801600,568622000.0,2023-06-15 04:00:00
42.661,43.6892,42.63,43.4184,1686888000,655709000.0,2023-06-16 04:00:00
43.7762,43.958,42.643,42.9667,1687233600,451153000.0,2023-06-20 04:00:00
43.0137,43.5833,42.0494,43.4694,1687320000,551603000.0,2023-06-21 04:00:00
42.9937,43.3944,42.2033,42.2223,1687406400,417737000.0,2023-06-22 04:00:00
42.1783,42.7779,41.9845,42.4331,1687492800,358140000.0,2023-06-23 04:00:00
40.6025,42.7329,40.0708,42.4301,1687752000,594322000.0,2023-06-26 04:00:00
41.8456,41.9095,40.4186,40.7693,1687838400,462175000.0,2023-06-27 04:00:00
41.0871,41.8146,40.4885,40.6304,1687924800,582639000.0,2023-06-28 04:00:00
40.7923,41.5698,40.5705,41.5278,1688011200,380514000.0,2023-06-29 04:00:00
42.2712,42.5191,41.4708,41.6497,1688097600,501148000.0,2023-06-30 04:00:00
42.3822,42.8668,42.1713,42.4861,1688356800,198209000.0,2023-07-03 04:00:00
42.2862,43.1456,42.0544,42.1044,1688529600,323618000.0,2023-07-05 04:00:00
42.0724,42.1483,41.3159,41.8136,1688616000,303582000.0,2023-07-06 04:00:00
42.4721,43.1826,42.1493,42.2912,1688702400,355881000.0,2023-07-07 04:00:00
42.1493,42.7799,41.6187,42.626,1688961600,353908000.0,2023-07-10 04:00:00
42.3742,42.7269,42.0364,42.4501,1689048000,298244000.0,2023-07-11 04:00:00
43.8701,43.9031,42.7459,43.0017,1689134400,481277000.0,2023-07-12 04:00:00
45.9436,46.1214,44.4597,44.4856,1689220800,478204000.0,2023-07-13 04:00:00
45.4359,48.053,45.0272,46.5491,1689307200,772075000.0,2023-07-14 04:00:00
46.4272,46.4622,45.2291,46.2553,1689566400,510488000.0,2023-07-17 04:00:00
47.4595,47.8612,45.7008,46.667,1689652800,569164000.0,2023-07-18 04:00:00
47.0428,47.7832,46.708,47.4295,1689739200,427502000.0,2023-07-19 04:00:00
45.4869,47.0528,45.0292,46.4732,1689825600,537865000.0,2023-07-20 04:00:00
44.2768,45.8327,44.0679,45.7547,1689912000,963769000.0,2023-07-21 04:00:00
44.5796,45.0762,44.008,44.6985,1690171200,382516000.0,2023-07-24 04:00:00
45.6458,46.1494,44.8903,44.9083,1690257600,348081000.0,2023-07-25 04:00:00
45.419,46.0195,44.5976,45.9875,1690344000,364237000.0,2023-07-26 04:00:00
45.8666,47.3605,45.7167,46.4852,1690430400,455976000.0,2023-07-27 04:00:00
46.716,46.9928,46.3473,46.6341,1690516800,331194000.0,2023-07-28 04:00:00
46.695,47.0957,46.4722,46.72,1690776000,251055000.0,2023-07-31 04:00:00
46.4732,46.8659,45.9935,46.4262,1690862400,237858000.0,2023-08-01 04:00:00
44.2368,45.8067,43.3555,45.7977,1690948800,530142000.0,2023-08-02 04:00:00
44.4826,45.0852,43.7682,43.7682,1691035200,324176000.0,2023-08-03 04:00:00
44.6475,45.6088,44.3607,44.9523,1691121600,362666000.0,2023-08-04 04:00:00
45.384,45.5069,44.5306,45.0782,1691380800,322154000.0,2023-08-07 04:00:00
44.6315,45.2091,44.024,44.8204,1691467200,353843000.0,2023-08-08 04:00:00
42.5231,44.2798,42.1034,44.2418,1691553600,586449000.0,2023-08-09 04:00:00
42.3572,43.5423,41.8046,42.1294,1691640000,492705000.0,2023-08-10 04:00:00
40.8253,41.9875,40.6095,41.7206,1691726400,533085000.0,2023-08-11 04:00:00
43.7212,43.7682,40.2817,40.4566,1691985600,690286000.0,2023-08-14 04:00:00
43.9081,45.2351,43.6782,44.5276,1692072000,676512000.0,2023-08-15 04:00:00
43.4544,44.6425,43.3744,44.4876,1692158400,527451000.0,2023-08-16 04:00:00
43.3125,44.03,42.9697,43.938,1692244800,452395000.0,2023-08-17 04:00:00
43.2675,43.5463,41.6297,42.604,1692331200,583768000.0,2023-08-18 04:00:00
46.9329,47.0308,44.1899,44.4617,1692590400,692573000.0,2023-08-21 04:00:00
45.6348,48.152,45.3,48.1,1692676800,755293000.0,2023-08-22 04:00:00
47.0818,47.1657,45.1751,45.8327,1692763200,779046000.0,2023-08-23 04:00:00
47.1287,50.2295,47.1247,50.1795,1692849600,1156044000.0,2023-08-24 04:00:00
45.9845,47.7702,44.9913,46.9778,1692936000,925341000.0,2023-08-25 04:00:00
46.801,46.9458,44.8554,46.4482,1693195200,685192000.0,2023-08-28 04:00:00
48.7485,49.0453,46.3573,46.6321,1693281600,701397000.0,2023-08-29 04:00:00
49.2282,49.8907,48.3898,49.0084,1693368000,735206000.0,2023-08-30 04:00:00
49.3191,49.7078,48.9224,49.3441,1693454400,528570000.0,2023-08-31 04:00:00
48.4737,49.7638,48.107,49.7258,1693540800,463830000.0,2023-09-01 04:00:00
48.5127,48.8155,47.8252,48.1879,1693886400,382653000.0,2023-09-05 04:00:00
47.0307,48.5177,46.55,48.4098,1693972800,468670000.0,2023-09-06 04:00:00
46.2112,46.3141,45.1229,45.4957,1694059200,433330000.0,2023-09-07 04:00:00
45.5426,46.576,45.2418,45.9124,1694145600,473069000.0,2023-09-08 04:00:00
45.1489,46.1332,44.2834,46.1182,1694404800,473966000.0,2023-09-11 04:00:00
44.8411,45.6436,44.5023,44.7092,1694491200,349256000.0,2023-09-12 04:00:00
45.4557,45.9004,44.4743,44.5712,1694577600,398355000.0,2023-09-13 04:00:00
45.5516,45.9574,45.1019,45.9204,1694664000,370097000.0,2023-09-14 04:00:00
43.8717,45.5696,43.7798,45.3118,1694750400,506831000.0,2023-09-15 04:00:00
43.9377,44.2135,41.9729,42.7204,1695009600,500271000.0,2023-09-18 04:00:00
43.4919,43.9377,42.9743,43.8047,1695096000,373064000.0,2023-09-19 04:00:00
42.2118,43.8747,42.1958,43.5719,1695182400,367108000.0,2023-09-20 04:00:00
40.9906,42.0729,40.9536,41.5562,1695268800,450736000.0,2023-09-21 04:00:00
41.5832,42.0879,41.2044,41.5452,1695355200,479236000.0,2023-09-22 04:00:00
42.1948,42.5086,41.1505,41.5642,1695614400,419091000.0,2023-09-25 04:00:00
41.884,42.7924,41.6281,41.9739,1695700800,402282000.0,2023-09-26 04:00:00
42.4406,42.8444,41.6022,42.3027,1695787200,444935000.0,2023-09-27 04:00:00
43.0612,43.418,42.0878,42.4326,1695873600,424663000.0,2023-09-28 04:00:00
43.471,44.1155,43.2791,43.7987,1695960000,397830000.0,2023-09-29 04:00:00
44.7531,45.1459,43.8327,44.0016,1696219200,433298000.0,2023-10-02 04:00:00
43.4889,45.1009,43.2181,44.7791,1696305600,470850000.0,2023-10-03 04:00:00
44.0126,44.1146,43.2641,43.7138,1696392000,361821000.0,2023-10-04 04:00:00
44.6592,44.8711,43.8597,44.0216,1696478400,393483000.0,2023-10-05 04:00:00
45.7325,45.7595,43.9976,44.1645,1696564800,434436000.0,2023-10-06 04:00:00
45.2438,45.5756,44.3394,44.8131,1696824000,409675000.0,2023-10-09 04:00:00
45.7685,46.2292,45.0589,45.2808,1696910400,368582000.0,2023-10-10 04:00:00
46.7758,46.8288,46.0203,46.1662,1696996800,378137000.0,2023-10-11 04:00:00
46.9147,47.5783,46.3001,46.7468,1697083200,481325000.0,2023-10-12 04:00:00
45.4317,47.0856,45.2508,46.9297,1697169600,474115000.0,2023-10-13 04:00:00
46.0653,46.1952,44.883,45.034,1697428800,375099000.0,2023-10-16 04:00:00
43.9097,44.7251,42.4526,43.9716,1697515200,812333000.0,2023-10-17 04:00:00
42.1688,43.1911,41.798,42.5635,1697601600,627294000.0,2023-10-18 04:00:00
42.0739,43.2691,41.855,42.7834,1697688000,501233000.0,2023-10-19 04:00:00
41.3603,42.4426,41.0515,41.863,1697774400,477266000.0,2023-10-20 04:00:00
42.9473,43.2201,40.9186,41.2024,1698033600,478530000.0,2023-10-23 04:00:00
43.6348,43.6688,42.6635,43.0492,1698120000,401463000.0,2023-10-24 04:00:00
41.7521,43.6219,41.5282,43.37,1698206400,398379000.0,2023-10-25 04:00:00
40.3,42.2288,39.8543,41.826,1698292800,541001000.0,2023-10-26 04:00:00
40.4739,41.1794,39.9892,41.1035,1698379200,416784000.0,2023-10-27 04:00:00
41.1345,41.7391,40.4549,41.0605,1698638400,388028000.0,2023-10-30 04:00:00
40.7537,40.8526,39.2047,40.4239,1698724800,517969000.0,2023-10-31 04:00:00
42.2977,42.3537,40.8427,40.8576,1698811200,437593000.0,2023-11-01 04:00:00
43.4779,43.8557,42.8663,43.3001,1698897600,409172000.0,2023-11-02 04:00:00
44.976,45.2798,43.6948,43.9916,1698984000,424610000.0,2023-11-03 04:00:00
45.7215,45.9054,44.8701,45.2558,1699246800,400733000.0,2023-11-06 05:00:00
45.9254,46.1882,45.1289,45.6895,1699333200,343165000.0,2023-11-07 05:00:00
46.544,46.8368,45.9384,46.0703,1699419600,346719000.0,2023-11-08 05:00:00
46.9197,48.1989,46.7199,47.4364,1699506000,540496000.0,2023-11-09 05:00:00
48.3038,48.4407,47.2525,47.4694,1699592400,421245000.0,2023-11-10 05:00:00
48.5886,49.0843,48.068,48.2888,1699851600,384136000.0,2023-11-13 05:00:00
49.624,49.8019,49.0084,49.648,1699938000,416954000.0,2023-11-14 05:00:00
48.8565,49.9278,48.1689,49.9028,1700024400,475497000.0,2023-11-15 05:00:00
49.4481,49.4931,48.2989,48.6476,1700110800,339756000.0,2023-11-16 05:00:00
49.2662,49.6849,48.9754,49.4921,1700197200,325205000.0,2023-11-17 05:00:00
50.3765,50.5154,49.1493,49.2802,1700456400,414120000.0,2023-11-20 05:00:00
49.9118,50.4844,49.1903,50.0937,1700542800,565747000.0,2023-11-21 05:00:00
48.6846,50.3025,47.6592,49.8199,1700629200,899420000.0,2023-11-22 05:00:00
47.7452,48.8895,47.7142,48.4388,1700802000,294645000.0,2023-11-24 05:00:00
48.2109,48.4987,47.6213,47.7692,1701061200,395662000.0,2023-11-27 05:00:00
47.7902,48.2919,47.4424,48.2049,1701147600,401491000.0,2023-11-28 05:00:00
48.109,48.7306,47.8292,48.3478,1701234000,382005000.0,2023-11-29 05:00:00
46.7398,48.079,46.3921,47.993,1701320400,526247000.0,2023-11-30 05:00:00
46.7349,47.1696,46.1572,46.495,1701406800,369317000.0,2023-12-01 05:00:00
45.4807,46.0473,44.981,46.0473,1701666000,437543000.0,2023-12-04 05:00:00
46.5401,46.5741,45.2458,45.4407,1701752400,371718000.0,2023-12-05 05:00:00
45.4777,47.3606,45.3867,47.1887,1701838800,380590000.0,2023-12-06 05:00:00
46.5701,46.603,45.5786,45.6746,1701925200,350823000.0,2023-12-07 05:00:00
47.4795,47.7144,46.5241,46.5691,1702011600,359224000.0,2023-12-08 05:00:00
46.601,47.5045,45.8045,47.4646,1702270800,509728000.0,2023-12-11 05:00:00
47.6305,47.6395,46.0204,46.0204,1702357200,372387000.0,2023-12-12 05:00:00
48.0612,48.5669,47.5815,47.6025,1702443600,447792000.0,2023-12-13 05:00:00
48.3231,48.6429,47.3956,48.3631,1702530000,391232000.0,2023-12-14 05:00:00
48.8628,49.3765,48.0932,48.1672,1702616400,479948000.0,2023-12-15 05:00:00
50.0491,50.4049,49.1226,49.3725,1702875600,412587000.0,2023-12-18 05:00:00
49.5764,49.6723,48.8678,49.3965,1702962000,464444000.0,2023-12-19 05:00:00
48.0842,49.9712,48.0712,49.6273,1703048400,397894000.0,2023-12-20 05:00:00
48.9627,49.0677,48.392,48.7838,1703134800,300425000.0,2023-12-21 05:00:00
48.8028,49.3555,48.44,49.1676,1703221200,252507000.0,2023-12-22 05:00:00
49.2516,49.5724,48.9327,48.9407,1703566800,244200000.0,2023-12-26 05:00:00
49.3895,49.6523,49.0577,49.4834,1703653200,233648000.0,2023-12-27 05:00:00
49.4944,49.8562,49.3845,49.6154,1703739600,246587000.0,2023-12-28 05:00:00
49.4944,49.9692,48.7239,49.7853,1703826000,389293000.0,2023-12-29 05:00:00
48.1412,49.2675,47.5685,49.2166,1704171600,411254000.0,2024-01-02 05:00:00
47.5425,48.1572,47.2936,47.4586,1704258000,320896000.0,2024-01-03 05:00:00
47.9713,48.473,47.4815,47.7404,1704344400,306535000.0,2024-01-04 05:00:00
49.0697,49.5194,48.2791,48.435,1704430800,415039000.0,2024-01-05 05:00:00
52.2239,52.2459,49.4514,49.4844,1704690000,642510000.0,2024-01-08 05:00:00
53.1104,54.2948,51.6612,52.3718,1704776400,773100000.0,2024-01-09 05:00:00
54.3197,54.5696,53.4592,53.5861,1704862800,533796000.0,2024-01-10 05:00:00
54.7915,55.3152,53.5302,54.9684,1704949200,596759000.0,2024-01-11 05:00:00
54.6795,54.9394,54.2997,54.5896,1705035600,352994000.0,2024-01-12 05:00:00
56.3506,56.8034,54.8694,54.9874,1705381200,449580000.0,2024-01-16 05:00:00
56.0218,56.4396,54.7095,56.3156,1705467600,474394000.0,2024-01-17 05:00:00
57.0752,57.5679,56.0758,57.2281,1705554000,491650000.0,2024-01-18 05:00:00
59.4579,59.4669,57.1931,57.9567,1705640400,543501000.0,2024-01-19 05:00:00
59.6208,60.2974,59.0371,60.0156,1705899600,452955000.0,2024-01-22 05:00:00
59.8397,59.8766,58.5524,59.5368,1705986000,294654000.0,2024-01-23 05:00:00
61.3278,62.814,59.9046,60.2704,1706072400,560271000.0,2024-01-24 05:00:00
61.5827,62.6841,60.8161,62.3153,1706158800,482777000.0,2024-01-25 05:00:00
60.997,61.7486,60.5393,60.9261,1706245200,390309000.0,2024-01-26 05:00:00
62.4302,62.4542,60.8731,61.1979,1706504400,348733000.0,2024-01-29 05:00:00
62.739,63.4576,62.2253,62.865,1706590800,410735000.0,2024-01-30 05:00:00
61.4927,62.2343,60.6662,61.4058,1706677200,453795000.0,2024-01-31 05:00:00
62.9919,63.1558,61.6157,62.0654,1706763600,369146000.0,2024-02-01 05:00:00
66.1232,66.5629,63.6545,63.9384,1706850000,476578000.0,2024-02-02 05:00:00
69.2934,69.4583,67.1676,68.187,1707109200,680078000.0,2024-02-05 05:00:00
68.185,69.7152,66.2631,69.5912,1707195600,683111000.0,2024-02-06 05:00:00
70.06,70.1809,67.5624,68.281,1707282000,495575000.0,2024-02-07 05:00:00
69.6022,70.7546,69.4163,70.035,1707368400,414422000.0,2024-02-08 05:00:00
72.0928,72.1448,70.1729,70.4937,1707454800,436637000.0,2024-02-09 05:00:00
72.2078,74.5695,71.2103,72.5596,1707714000,613710000.0,2024-02-12 05:00:00
72.0879,73.4091,69.5813,70.3608,1707800400,602580000.0,2024-02-13 05:00:00
73.8589,74.1947,71.898,73.1613,1707886800,504917000.0,2024-02-14 05:00:00
72.6175,73.9338,72.3597,73.8279,1707973200,420122000.0,2024-02-15 05:00:00
72.5726,74.3606,72.4606,74.0587,1708059600,495327000.0,2024-02-16 05:00:00
69.4133,71.9159,67.6963,71.9069,1708405200,704833000.0,2024-02-20 05:00:00
67.4344,68.8496,66.2111,67.9681,1708491600,673755000.0,2024-02-21 05:00:00
78.4943,78.5313,74.1787,74.9832,1708578000,865100000.0,2024-02-22 05:00:00
78.7731,82.3481,77.5268,80.745,1708664400,829388000.0,2024-02-23 05:00:00
79.048,80.6011,78.4613,79.6556,1708923600,503973000.0,2024-02-26 05:00:00
78.6572,79.4357,77.119,79.3368,1709010000,391705000.0,2024-02-27 05:00:00
77.6198,78.889,77.082,77.5768,1709096400,393110000.0,2024-02-28 05:00:00
79.0679,79.9455,78.3064,79.05,1709182800,507289000.0,2024-02-29 05:00:00
82.2332,82.2542,79.3908,79.9555,1709269200,479135000.0,2024-03-01 05:00:00
85.1895,87.6462,83.6724,84.0831,1709528400,615616000.0,2024-03-04 05:00:00
85.9202,86.0531,83.3745,85.2265,1709614800,520639000.0,2024-03-05 05:00:00
88.6548,89.6782,86.9856,87.9771,1709701200,582520000.0,2024-03-06 05:00:00
92.6217,92.7197,89.5563,90.112,1709787600,608119000.0,2024-03-07 05:00:00
87.4834,97.3503,86.4619,95.0895,1709874000,1142269000.0,2024-03-08 05:00:00
85.7303,88.7517,84.1231,86.3849,1710129600,678364000.0,2024-03-11 04:00:00
91.8661,91.9131,86.1061,88.0041,1710216000,668075000.0,2024-03-12 04:00:00
90.8417,91.4573,88.3899,91.0086,1710302400,635713000.0,2024-03-13 04:00:00
87.8991,90.5998,86.5558,89.5313,1710388800,602318000.0,2024-03-14 04:00:00
87.7922,89.5003,86.213,86.8857,1710475200,642086000.0,2024-03-15 04:00:00
88.4099,92.3579,87.0406,90.3419,1710734400,668976000.0,2024-03-18 04:00:00
89.3524,90.4978,84.9667,86.6558,1710820800,672171000.0,2024-03-19 04:00:00
90.3259,90.3639,88.178,89.7512,1710907200,479063000.0,2024-03-20 04:00:00
91.3884,92.6008,90.3589,92.2529,1710993600,480372000.0,2024-03-21 04:00:00
94.2409,94.7297,90.7877,91.0945,1711080000,586719000.0,2024-03-22 04:00:00
94.9536,96.7167,93.4623,93.8931,1711339200,552136000.0,2024-03-25 04:00:00
92.5138,96.3259,92.4548,95.8021,1711425600,513648000.0,2024-03-26 04:00:00
90.204,93.1924,89.0775,93.0645,1711512000,586067000.0,2024-03-27 04:00:00
90.3099,91.2534,89.1475,89.9541,1711598400,435212000.0,2024-03-28 04:00:00
90.3169,92.178,89.1585,90.253,1711944000,452441000.0,2024-04-01 04:00:00
89.4064,90.0481,87.5753,88.4029,1712030400,433064000.0,2024-04-02 04:00:00
88.9186,90.3279,88.3549,88.4389,1712116800,370067000.0,2024-04-03 04:00:00
85.8612,90.5878,85.8362,90.3599,1712203200,434965000.0,2024-04-04 04:00:00
87.9631,88.4359,85.8822,86.8217,1712289600,399678000.0,2024-04-05 04:00:00
87.0886,88.7847,86.6878,88.6548,1712548800,283220000.0,2024-04-08 04:00:00
85.3105,87.5903,82.9797,87.3974,1712635200,501700000.0,2024-04-09 04:00:00
86.9946,87.3554,83.6663,83.8832,1712721600,431929000.0,2024-04-10 04:00:00
90.5698,90.6927,86.8817,87.3754,1712808000,431637000.0,2024-04-11 04:00:00
88.141,90.129,87.4854,89.6533,1712894400,426805000.0,2024-04-12 04:00:00
85.9571,90.5668,85.8852,89.0526,1713153600,443077000.0,2024-04-15 04:00:00
87.3704,88.0731,86.0201,86.3889,1713240000,370453000.0,2024-04-16 04:00:00
83.9921,88.7297,83.9072,88.2949,1713326400,495400000.0,2024-04-17 04:00:00
84.6278,86.1461,82.36,84.9267,1713412800,447260000.0,2024-04-18 04:00:00
76.1611,84.281,75.5675,83.1076,1713499200,875198000.0,2024-04-19 04:00:00
79.4774,80.0322,76.361,78.0642,1713758400,596341000.0,2024-04-22 04:00:00
82.381,82.7268,80.2231,80.7278,1713844800,438559000.0,2024-04-23 04:00:00
79.6364,84.0391,79.1426,83.9072,1713931200,512208000.0,2024-04-24 04:00:00
82.5899,83.2805,78.1831,78.8278,1714017600,424641000.0,2024-04-25 04:00:00
87.6903,88.286,83.3445,83.7753,1714104000,551011000.0,2024-04-26 04:00:00
87.7123,87.9471,85.2225,87.5503,1714363200,388971000.0,2024-04-29 04:00:00
86.358,88.7737,86.256,87.1955,1714449600,363709000.0,2024-04-30 04:00:00
82.9986,85.9561,81.2135,85.0336,1714536000,559863000.0,2024-05-01 04:00:00
85.7732,86.193,83.1576,84.4059,1714622400,377898000.0,2024-05-02 04:00:00
88.7437,89.2355,86.9956,87.7442,1714708800,398341000.0,2024-05-03 04:00:00
92.093,92.173,89.0096,89.3444,1714968000,376203000.0,2024-05-06 04:00:00
90.5078,91.7342,88.9656,91.0515,1715054400,437342000.0,2024-05-07 04:00:00
90.3659,91.1475,89.3744,89.4374,1715140800,325721000.0,2024-05-08 04:00:00
88.7017,91.0256,88.186,90.4828,1715227200,378013000.0,2024-05-09 04:00:00
89.8322,91.3544,89.1815,90.259,1715313600,335325000.0,2024-05-10 04:00:00
90.3529,90.9516,88.4839,90.4319,1715572800,289680000.0,2024-05-13 04:00:00
91.3094,91.6043,88.8886,89.5533,1715659200,296507000.0,2024-05-14 04:00:00
94.5817,94.8136,91.5523,92.4249,1715745600,417735000.0,2024-05-15 04:00:00
94.3109,95.7701,94.055,94.8616,1715832000,323952000.0,2024-05-16 04:00:00
92.4318,94.6917,91.7592,94.3209,1715918400,359691000.0,2024-05-17 04:00:00
94.7317,95.1515,93.3924,93.7022,1716177600,318764000.0,2024-05-20 04:00:00
95.3374,95.3514,93.1325,93.5513,1716264000,328946000.0,2024-05-21 04:00:00
94.9016,95.971,93.2015,95.4103,1716350400,548648000.0,2024-05-22 04:00:00
103.7461,106.2658,101.4682,101.976,1716436800,835065000.0,2024-05-23 04:00:00
106.4147,106.4207,102.9475,104.3957,1716523200,429494000.0,2024-05-24 04:00:00
113.8429,114.8804,109.827,110.1878,1716868800,652728000.0,2024-05-28 04:00:00
114.7664,115.4331,110.8444,112.9923,1716955200,557442000.0,2024-05-29 04:00:00
110.4436,115.7599,109.6071,114.5915,1717041600,484553000.0,2024-05-30 04:00:00
109.5771,112.6595,106.8855,112.4626,1717128000,613263000.0,2024-05-31 04:00:00
114.9414,114.9414,111.9459,113.5631,1717387200,438392000.0,2024-06-03 04:00:00
116.3776,116.5405,113.9868,115.657,1717473600,403324000.0,2024-06-04 04:00:00
122.3776,122.3866,117.4081,118.3107,1717560000,528402000.0,2024-06-05 04:00:00
120.9363,125.523,118.2597,123.9847,1717646400,664696000.0,2024-06-06 04:00:00
120.8264,121.63,117.9618,119.7089,1717732800,412386000.0,2024-06-07 04:00:00
121.7279,123.0372,116.9503,120.3086,1717992000,313434100.0,2024-06-10 04:00:00
120.8583,122.8174,118.6892,121.7179,1718078400,222551200.0,2024-06-11 04:00:00
125.1464,126.8257,122.5176,123.0073,1718164800,299595000.0,2024-06-12 04:00:00
129.5546,129.7445,127.1056,129.3346,1718251200,260704500.0,2024-06-13 04:00:00
131.8236,132.7832,128.2651,129.9044,1718337600,309320400.0,2024-06-14 04:00:00
130.924,133.6728,129.5246,132.9331,1718596800,288504400.0,2024-06-17 04:00:00
135.522,136.2717,130.6341,131.0839,1718683200,294335100.0,2024-06-18 04:00:00
130.7241,140.6998,129.4646,139.7402,1718856000,517768400.0,2024-06-20 04:00:00
126.5159,130.5741,124.2468,127.0656,1718942400,649445800.0,2024-06-21 04:00:00
118.0595,124.4068,117.9895,123.1873,1719201600,476060900.0,2024-06-24 04:00:00
126.036,126.4459,119.2689,121.1481,1719288000,414192600.0,2024-06-25 04:00:00
126.3459,128.0652,122.5476,126.076,1719374400,362975900.0,2024-06-26 04:00:00
123.937,126.3559,122.8674,124.0469,1719460800,252571700.0,2024-06-27 04:00:00
123.4871,127.6554,122.6975,124.5267,1719547200,315516700.0,2024-06-28 04:00:00
124.2468,124.7866,118.7792,123.4172,1719806400,284885500.0,2024-07-01 04:00:00
122.6175,123.3572,120.9782,121.0782,1719892800,218374000.0,2024-07-02 04:00:00
128.2251,128.2251,121.3081,121.608,1719979200,215749000.0,2024-07-03 04:00:00
125.7762,128.7949,125.6262,127.3255,1720152000,214176700.0,2024-07-05 04:00:00
128.1451,130.714,126.9856,127.4354,1720411200,237677300.0,2024-07-08 04:00:00
131.3238,133.7628,128.595,130.2942,1720497600,285366600.0,2024-07-09 04:00:00
134.8523,135.0422,132.3633,133.9727,1720584000,248978600.0,2024-07-10 04:00:00
127.3455,136.0917,126.9956,135.6919,1720670400,374782700.0,2024-07-11 04:00:00
129.1847,131.8636,127.1656,128.2051,1720756800,252680500.0,2024-07-12 04:00:00
128.385,131.3338,127.1256,130.5041,1721016000,208326200.0,2024-07-15 04:00:00
126.3059,128.9848,124.5267,128.3851,1721102400,214769500.0,2024-07-16 04:00:00
117.9395,121.7979,116.6701,121.2981,1721188800,390086200.0,2024-07-17 04:00:00
121.0382,122.3476,116.5101,121.7979,1721275200,320979500.0,2024-07-18 04:00:00
117.8795,121.548,117.3198,120.2985,1721361600,217223800.0,2024-07-19 04:00:00
123.4871,124.0169,119.8087,120.2985,1721620800,258068900.0,2024-07-22 04:00:00
122.5375,124.6367,122.0478,122.7275,1721707200,173911000.0,2024-07-23 04:00:00
114.2011,119.8987,113.3915,119.119,1721793600,327776900.0,2024-07-24 04:00:00
112.232,116.5801,106.2545,112.9916,1721880000,460067000.0,2024-07-25 04:00:00
113.0116,116.1503,111.5323,116.1403,1721966400,293399100.0,2024-07-26 04:00:00
111.5422,116.2302,111.2524,113.6414,1722225600,248152100.0,2024-07-29 04:00:00
103.6856,111.9421,102.4961,111.4723,1722312000,486833300.0,2024-07-30 04:00:00
116.9699,118.2894,110.8326,112.8517,1722398400,473174200.0,2024-07-31 04:00:00
109.1633,120.1086,106.7643,117.4797,1722484800,523462300.0,2024-08-01 04:00:00
107.2241,108.6735,101.3266,103.7156,1722571200,482027500.0,2024-08-02 04:00:00
100.407,103.3658,90.6512,92.0206,1722830400,552842400.0,2024-08-05 04:00:00
104.2054,107.6639,100.507,103.7956,1722916800,409012100.0,2024-08-06 04:00:00
98.8677,108.7535,98.6478,107.7639,1723003200,411440400.0,2024-08-07 04:00:00
104.9251,105.4549,97.4783,101.9564,1723089600,391910000.0,2024-08-08 04:00:00
104.7052,106.5544,103.3858,105.5948,1723176000,290844200.0,2024-08-09 04:00:00
108.9734,111.0225,106.2145,106.2745,1723435200,325559900.0,2024-08-12 04:00:00
116.0903,116.1803,111.5323,112.3919,1723521600,312646700.0,2024-08-13 04:00:00
118.0295,118.5493,114.0212,118.4793,1723608000,339246400.0,2024-08-14 04:00:00
122.8074,123.1873,117.4197,118.7092,1723694400,318086700.0,2024-08-15 04:00:00
124.5267,124.9465,121.1282,121.8878,1723780800,302589900.0,2024-08-16 04:00:00
129.9444,129.9444,123.3672,124.2268,1724040000,318333600.0,2024-08-19 04:00:00
127.1956,129.8244,125.8361,128.3451,1724126400,300087400.0,2024-08-20 04:00:00
128.445,129.2947,126.6058,127.2655,1724212800,257883600.0,2024-08-21 04:00:00
123.6871,130.6941,123.0473,129.9644,1724299200,376189100.0,2024-08-22 04:00:00
129.3146,129.5445,125.1664,125.8061,1724385600,323230300.0,2024-08-23 04:00:00
126.4059,131.2038,124.3168,129.5146,1724644800,331964700.0,2024-08-26 04:00:00
128.2451,129.1447,123.827,124.9965,1724731200,303134600.0,2024-08-27 04:00:00
125.5563,128.2751,122.5875,128.0652,1724817600,448101100.0,2024-08-28 04:00:00
117.5397,124.3768,116.6601,121.3081,1724904000,453023300.0,2024-08-29 04:00:00
119.3189,121.6979,117.1698,119.4789,1724990400,333751600.0,2024-08-30 04:00:00
107.9538,116.1603,107.2441,115.9604,1725336000,477155100.0,2024-09-03 04:00:00
106.1646,113.2215,104.0755,105.3649,1725422400,372470300.0,2024-09-04 04:00:00
107.1641,109.6031,104.7152,104.9451,1725508800,306850700.0,2024-09-05 04:00:00
102.786,108.1037,100.9068,107.9938,1725595200,413638100.0,2024-09-06 04:00:00
106.4245,106.5044,103.6456,104.8351,1725854400,273912000.0,2024-09-09 04:00:00
108.0537,109.3532,104.9051,107.7639,1725940800,268283700.0,2024-09-10 04:00:00
116.86,117.1399,107.374,109.3432,1726027200,441422400.0,2024-09-11 04:00:00
119.0992,120.7487,115.3405,116.8,1726113600,366052700.0,2024-09-12 04:00:00
119.0592,119.9189,117.5597,119.0392,1726200000,238358300.0,2024-09-13 04:00:00
116.74,118.1396,114.3209,116.75,1726459200,248772300.0,2024-09-16 04:00:00
115.5504,118.7593,114.7907,118.1295,1726545600,231925900.0,2024-09-17 04:00:00
113.3312,117.6597,113.1812,115.8503,1726632000,310318900.0,2024-09-18 04:00:00
117.8297,119.619,117.2099,117.3098,1726718400,293506400.0,2024-09-19 04:00:00
115.9603,118.5794,115.3505,117.0199,1726804800,382462400.0,2024-09-20 04:00:00
116.2202,116.95,114.8207,116.5101,1727064000,206228500.0,2024-09-23 04:00:00
120.8286,121.7583,115.3405,116.4801,1727150400,354966800.0,2024-09-24 04:00:00
123.4677,124.8972,121.5684,121.9782,1727236800,284692900.0,2024-09-25 04:00:00
123.9975,127.6263,121.7583,126.7566,1727323200,302582900.0,2024-09-26 04:00:00
121.3584,123.9875,119.2192,123.9276,1727409600,271009200.0,2024-09-27 04:00:00
121.3984,121.4584,118.1096,118.2695,1727668800,226553700.0,2024-09-30 04:00:00
116.9599,122.3981,115.7504,121.7283,1727755200,302094500.0,2024-10-01 04:00:00
118.8093,119.3391,115.1006,116.4001,1727841600,221845900.0,2024-10-02 04:00:00
122.8079,124.3174,120.2988,120.8786,1727928000,277118000.0,2024-10-03 04:00:00
124.8772,124.9972,121.7883,124.8972,1728014400,243678100.0,2024-10-04 04:00:00
127.6763,130.5953,124.9072,124.9472,1728273600,346250200.0,2024-10-07 04:00:00
132.8445,133.4343,129.3757,130.2154,1728360000,285722500.0,2024-10-08 04:00:00
132.6046,134.474,131.335,134.0641,1728446400,246191600.0,2024-10-09 04:00:00
134.7639,134.9538,130.9552,131.8649,1728532800,242311300.0,2024-10-10 04:00:00
134.7539,135.7335,133.6143,133.9641,1728619200,170209500.0,2024-10-11 04:00:00
138.0228,139.5522,136.2534,136.4233,1728878400,232347700.0,2024-10-14 04:00:00
131.555,138.5226,128.6959,137.8228,1728964800,377831000.0,2024-10-15 04:00:00
135.6735,136.5732,131.535,133.9341,1729051200,264879700.0,2024-10-16 04:00:00
136.8831,140.8418,136.8231,139.2923,1729137600,306435900.0,2024-10-17 04:00:00
137.9528,138.8524,137.233,138.6225,1729224000,176090200.0,2024-10-18 04:00:00
143.6608,143.6608,137.9528,138.0827,1729483200,264554500.0,2024-10-21 04:00:00
143.5408,144.3706,141.7315,142.8611,1729569600,226311600.0,2024-10-22 04:00:00
139.5122,142.3812,137.413,141.9814,1729656000,285930000.0,2024-10-23 04:00:00
140.3619,141.3016,138.4126,140.7718,1729742400,172354900.0,2024-10-24 04:00:00
141.4915,144.0807,140.7518,140.8818,1729828800,205122100.0,2024-10-25 04:00:00
140.4719,143.091,140.0021,142.9511,1730088000,173586700.0,2024-10-28 04:00:00
141.2016,142.2113,138.8524,140.242,1730174400,157593600.0,2024-10-29 04:00:00
139.2923,140.282,136.7632,139.4922,1730260800,179418100.0,2024-10-30 04:00:00
132.7146,137.5629,132.0648,137.5529,1730347200,270039600.0,2024-10-31 04:00:00
135.3537,137.263,134.524,134.6539,1730433600,207127800.0,2024-11-01 04:00:00
136.0034,138.9124,135.5236,137.163,1730696400,187528200.0,2024-11-04 05:00:00
139.8621,140.3219,137.283,137.4029,1730782800,160537400.0,2024-11-05 05:00:00
145.5602,146.4399,141.9114,142.9111,1730869200,242043900.0,2024-11-06 05:00:00
148.8291,148.879,146.12,146.3399,1730955600,207323300.0,2024-11-07 05:00:00
147.5794,149.7187,146.2099,148.719,1731042000,175665800.0,2024-11-08 05:00:00
145.2103,148.799,143.5209,148.6291,1731301200,182325600.0,2024-11-11 05:00:00
148.2392,149.5987,145.96,146.7297,1731387600,198634700.0,2024-11-12 05:00:00
146.2199,149.2789,145.8501,149.019,1731474000,191903300.0,2024-11-13 05:00:00
146.7098,148.949,145.5002,147.5895,1731560400,194463300.0,2024-11-14 05:00:00
141.9314,145.1903,140.032,144.8204,1731646800,250132900.0,2024-11-15 05:00:00
140.102,141.5015,137.103,139.4522,1731906000,221205300.0,2024-11-18 05:00:00
146.9597,147.0796,140.9417,141.2716,1731992400,227834900.0,2024-11-19 05:00:00
145.8401,147.5095,142.6811,147.3595,1732078800,309871700.0,2024-11-20 05:00:00
146.6198,152.8377,140.6518,149.2989,1732165200,400946600.0,2024-11-21 05:00:00
141.9014,147.1096,141.0517,145.88,1732251600,236406200.0,2024-11-22 05:00:00
135.9734,142.0014,135.7735,141.9414,1732510800,344941900.0,2024-11-25 05:00:00
136.8731,139.2523,135.6236,137.6529,1732597200,190287700.0,2024-11-26 05:00:00
135.2937,137.173,131.7549,134.9638,1732683600,226370900.0,2024-11-27 05:00:00
138.2027,139.3023,136.0034,136.7332,1732856400,141863200.0,2024-11-29 05:00:00
138.5826,140.4019,137.7728,138.7825,1733115600,171682800.0,2024-12-02 05:00:00
140.212,140.4919,137.9028,138.2127,1733202000,164414000.0,2024-12-03 05:00:00
145.0903,145.7401,140.242,141.9514,1733288400,231224300.0,2024-12-04 05:00:00
145.0203,146.4999,143.9106,145.0703,1733374800,172621200.0,2024-12-05 05:00:00
142.4011,145.6602,141.2714,144.5605,1733461200,188505600.0,2024-12-06 05:00:00
138.772,139.9117,137.0925,138.932,1733720400,189308600.0,2024-12-09 05:00:00
135.0331,141.7812,133.7534,138.972,1733806800,210020900.0,2024-12-10 05:00:00
139.2719,140.1317,135.173,137.3224,1733893200,184905200.0,2024-12-11 05:00:00
137.3024,138.4021,135.7629,137.0425,1733979600,159211400.0,2024-12-12 05:00:00
134.2133,139.5618,132.5037,138.902,1734066000,231514900.0,2024-12-13 05:00:00
131.9639,134.3632,130.3843,134.1433,1734325200,237951100.0,2024-12-16 05:00:00
130.3543,131.554,126.8253,129.0547,1734411600,259410300.0,2024-12-17 05:00:00
128.8748,136.6626,128.2449,133.8234,1734498000,277444500.0,2024-12-18 05:00:00
130.6442,133.9933,129.5146,131.7239,1734584400,209719200.0,2024-12-19 05:00:00
134.6632,135.243,128.1849,129.7745,1734670800,306528600.0,2024-12-20 05:00:00
139.6318,139.7518,135.083,136.2427,1734930000,176053500.0,2024-12-23 05:00:00
140.1817,141.8612,138.6121,139.9617,1735016400,105157000.0,2024-12-24 05:00:00
139.8917,140.8115,137.6923,139.6618,1735189200,116205600.0,2024-12-26 05:00:00
136.9725,138.982,134.6732,138.5121,1735275600,170582600.0,2024-12-27 05:00:00
137.4524,140.2316,133.9833,134.7931,1735534800,167734700.0,2024-12-30 05:00:00
134.2533,138.0323,133.7934,137.9923,1735621200,155659200.0,2024-12-31 05:00:00
138.2722,138.842,134.5932,135.9628,1735794000,198247200.0,2025-01-02 05:00:00
144.4305,144.8604,139.6918,139.9717,1735880400,229322500.0,2025-01-03 05:00:00
149.3891,152.1184,147.7796,148.5494,1736139600,265377400.0,2025-01-06 05:00:00
140.1017,153.0881,139.9717,152.9881,1736226000,351782200.0,2025-01-07 05:00:00
140.0717,143.9106,137.5224,142.541,1736312400,227349900.0,2025-01-08 05:00:00
135.8728,139.8817,134.1833,137.4124,1736485200,207602500.0,2025-01-10 05:00:00
133.1936,133.4535,129.4746,129.9545,1736744400,204808900.0,2025-01-13 05:00:00
131.724,136.3427,130.0144,136.0128,1736830800,195590500.0,2025-01-14 05:00:00
136.2028,136.4127,131.2541,133.6135,1736917200,185217300.0,2025-01-15 05:00:00
133.5335,138.7121,133.4535,138.6021,1737003600,209235600.0,2025-01-16 05:00:00
137.6723,138.4621,135.423,136.6526,1737090000,201188800.0,2025-01-17 05:00:00
140.7915,141.7912,137.0525,139.1219,1737435600,197749000.0,2025-01-21 05:00:00
147.0298,147.7496,143.6307,144.6205,1737522000,237651400.0,2025-01-22 05:00:00
147.1797,147.1897,143.6807,145.0103,1737608400,155915500.0,2025-01-23 05:00:00
142.581,148.9293,141.8412,148.3294,1737694800,234657600.0,2025-01-24 05:00:00
118.3876,128.3649,116.6681,124.7659,1737954000,818830900.0,2025-01-27 05:00:00
128.9547,128.9647,116.2182,121.7767,1738040400,579666400.0,2025-01-28 05:00:00
123.6662,126.8553,120.0172,126.4654,1738126800,467120600.0,2025-01-29 05:00:00
124.6159,124.9658,118.0677,123.0663,1738213200,392925500.0,2025-01-30 05:00:00
120.0372,127.815,119.1574,123.7462,1738299600,388161100.0,2025-01-31 05:00:00
116.6281,118.5376,112.9791,114.7186,1738558800,371235700.0,2025-02-03 05:00:00
118.6176,121.1669,116.6681,116.928,1738645200,256550000.0,2025-02-04 05:00:00
124.7959,124.9658,120.727,121.7267,1738731600,262230800.0,2025-02-05 05:00:00
128.6448,128.7348,125.1758,127.3852,1738818000,251483600.0,2025-02-06 05:00:00
129.8045,130.3343,124.9658,129.1847,1738904400,228186300.0,2025-02-07 05:00:00
133.5335,134.9631,129.9245,130.0544,1739163600,216989100.0,2025-02-10 05:00:00
132.7637,134.4432,130.9842,132.5437,1739250000,178902400.0,2025-02-11 05:00:00
131.1041,132.2038,129.0447,129.9845,1739336400,160278600.0,2025-02-12 05:00:00
135.2457,136.4553,131.127,131.5169,1739422800,197430000.0,2025-02-13 05:00:00
138.8045,139.2044,135.4556,136.4353,1739509200,195479600.0,2025-02-14 05:00:00
139.3543,143.393,137.8848,141.2237,1739854800,219176600.0,2025-02-18 05:00:00
139.1844,141.3137,137.1751,139.4643,1739941200,167536000.0,2025-02-19 05:00:00
140.0641,140.6139,136.7452,139.9841,1740027600,143903600.0,2025-02-20 05:00:00
134.386,141.4137,133.9861,139.9941,1740114000,228217600.0,2025-02-21 05:00:00
130.2373,138.5446,130.0374,136.5153,1740373200,251381100.0,2025-02-24 05:00:00
126.5885,130.1574,124.3992,129.9374,1740459600,271428700.0,2025-02-25 05:00:00
131.237,133.6862,128.4479,129.9474,1740546000,322553800.0,2025-02-26 05:00:00
120.1106,134.9658,119.9707,134.9558,1740632400,443175800.0,2025-02-27 05:00:00
124.8791,125.049,116.3619,117.9813,1740718800,389091100.0,2025-02-28 05:00:00
114.0226,123.6595,112.2432,123.4695,1740978000,411381400.0,2025-03-03 05:00:00
115.952,119.2709,110.0739,110.6138,1741064400,398163300.0,2025-03-04 05:00:00
117.2616,118.2413,114.4725,117.5415,1741150800,284337900.0,2025-03-05 05:00:00
110.5338,115.3122,110.1839,113.4928,1741237200,321181900.0,2025-03-06 05:00:00
112.6531,113.4428,107.5248,111.2136,1741323600,341755500.0,2025-03-07 05:00:00
106.945,111.8134,105.4255,109.864,1741579200,366487400.0,2025-03-10 04:00:00
108.7244,112.2032,104.7357,106.9549,1741665600,354865700.0,2025-03-11 04:00:00
115.7127,116.7325,112.8534,114.0931,1741752000,323857500.0,2025-03-12 04:00:00
115.5528,117.7323,113.7632,117.0024,1741838400,299033100.0,2025-03-13 04:00:00
121.6413,121.8513,118.1222,118.5821,1741924800,277593500.0,2025-03-14 04:00:00
119.5018,122.861,118.0022,122.7111,1742184000,255501500.0,2025-03-17 04:00:00
115.4028,118.992,114.513,117.9722,1742270400,299686900.0,2025-03-18 04:00:00
117.4923,120.4216,115.6528,117.2424,1742356800,273426200.0,2025-03-19 04:00:00
118.5021,120.1717,116.4426,116.5225,1742443200,248829700.0,2025-03-20 04:00:00
117.6723,117.9622,115.3928,116.9124,1742529600,266498500.0,2025-03-21 04:00:00
121.3814,122.1912,119.3119,119.8518,1742788800,228452500.0,2025-03-24 04:00:00
120.6616,121.2614,118.892,120.5216,1742875200,167447200.0,2025-03-25 04:00:00
113.7332,118.812,112.6834,118.702,1742961600,293463300.0,2025-03-26 04:00:00
111.4038,114.423,110.6339,111.3238,1743048000,236902100.0,2025-03-27 04:00:00
109.6442,112.8434,109.0443,111.4637,1743134400,229872500.0,2025-03-28 04:00:00
108.3545,110.9339,103.6256,105.1052,1743393600,299212700.0,2025-03-31 04:00:00
110.1241,110.174,106.4449,108.4944,1743480000,222614000.0,2025-04-01 04:00:00
110.394,111.9536,106.7648,107.2647,1743566400,220601200.0,2025-04-02 04:00:00
101.776,105.6051,101.5761,103.4856,1743652800,338769400.0,2025-04-03 04:00:00
94.2878,100.1064,92.0883,98.8867,1743739200,532273800.0,2025-04-04 04:00:00
97.617,101.726,86.5996,87.4394,1743998400,611041300.0,2025-04-07 04:00:00
96.2773,105.8251,94.4377,103.7855,1744084800,476243400.0,2025-04-08 04:00:00
114.3031,115.0729,97.507,98.8667,1744171200,612918300.0,2025-04-09 04:00:00
107.5447,110.8339,99.1266,109.3442,1744257600,437812400.0,2025-04-10 04:00:00
110.9039,111.5237,107.4547,108.4744,1744344000,313417300.0,2025-04-11 04:00:00
110.6839,114.2631,109.0443,114.0831,1744603200,264705000.0,2025-04-14 04:00:00
112.1736,113.5932,110.474,110.9439,1744689600,228966900.0,2025-04-15 04:00:00
104.4654,106.7648,100.4263,104.5254,1744776000,397016900.0,2025-04-16 04:00:00
101.4661,104.4454,100.0264,104.4254,1744862400,292517500.0,2025-04-17 04:00:00
96.8872,99.4166,95.0176,98.7467,1745208000,288501100.0,2025-04-21 04:00:00
98.8667,99.7865,97.2571,98.7567,1745294400,241004800.0,2025-04-22 04:00:00
102.6858,104.7753,101.996,104.4954,1745380800,247526000.0,2025-04-23 04:00:00
106.4049,106.5149,103.0857,103.4556,1745467200,220815000.0,2025-04-24 04:00:00
110.9839,111.8936,105.7051,106.8248,1745553600,251064700.0,2025-04-25 04:00:00
108.7044,110.344,105.995,109.6642,1745812800,207708500.0,2025-04-28 04:00:00
108.9943,110.174,107.4147,107.6446,1745899200,170444300.0,2025-04-29 04:00:00
108.8943,108.8943,104.0555,104.4454,1745985600,235044600.0,2025-04-30 04:00:00
111.5837,114.9129,111.2738,113.0534,1746072000,236121500.0,2025-05-01 04:00:00
114.473,115.3728,113.3433,114.1531,1746158400,190194800.0,2025-05-02 04:00:00
113.7932,114.643,112.6335,112.8834,1746417600,133163200.0,2025-05-05 04:00:00
113.5133,114.713,110.7939,111.4537,1746504000,158525600.0,2025-05-06 04:00:00
117.0324,117.6523,112.2536,113.0234,1746590400,206758800.0,2025-05-07 04:00:00
117.3424,118.652,115.8227,118.2221,1746676800,198428100.0,2025-05-08 04:00:00
116.6225,118.2022,115.1829,117.3224,1746763200,132972200.0,2025-05-09 04:00:00
122.971,122.971,120.2517,121.9413,1747022400,225023300.0,2025-05-12 04:00:00
129.8994,131.1891,124.4407,124.9506,1747108800,330430100.0,2025-05-13 04:00:00
135.3081,135.4081,131.649,133.1686,1747195200,281180800.0,2025-05-14 04:00:00
134.7982,136.2679,132.6287,134.2584,1747281600,226632600.0,2025-05-15 04:00:00
135.3681,136.3179,133.4286,136.1879,1747368000,226542500.0,2025-05-16 04:00:00
135.5381,135.838,132.3588,132.3588,1747627200,193154600.0,2025-05-19 04:00:00
134.3483,134.5483,132.5887,134.2584,1747713600,161514200.0,2025-05-20 04:00:00
131.769,137.3676,130.5592,133.0286,1747800000,270608700.0,2025-05-21 04:00:00
132.7987,134.2184,131.519,132.1988,1747886400,187344000.0,2025-05-22 04:00:00
131.2591,132.6487,129.1296,129.9694,1747972800,198821300.0,2025-05-23 04:00:00
135.4681,135.628,133.2786,134.1184,1748318400,192953600.0,2025-05-27 04:00:00
134.7782,137.2177,134.7582,135.998,1748404800,304021100.0,2025-05-28 04:00:00
139.1572,143.4562,137.8775,142.2165,1748491200,369241900.0,2025-05-29 04:00:00
135.0982,139.5871,132.8887,138.6873,1748577600,333170900.0,2025-05-30 04:00:00
137.3476,138.0875,135.3681,135.4581,1748836800,197663100.0,2025-06-02 04:00:00
141.1867,141.9665,137.9175,138.7473,1748923200,225578800.0,2025-06-03 04:00:00
141.8866,142.3565,139.5071,142.1565,1749009600,167120800.0,2025-06-04 04:00:00
139.957,143.9661,138.7973,142.1365,1749096000,231397900.0,2025-06-05 04:00:00
141.6866,143.2362,141.4766,142.4764,1749182400,153986200.0,2025-06-06 04:00:00
142.5964,144.9658,141.9066,143.1563,1749441600,185114500.0,2025-06-09 04:00:00
143.9261,144.256,141.4967,142.6564,1749528000,155881900.0,2025-06-10 04:00:00
142.8063,144.9659,141.8464,144.586,1749614400,167694000.0,2025-06-11 04:00:00
144.9759,144.9759,141.8264,141.9464,1749700800,162365000.0,2025-06-12 04:00:00
141.9464,143.5561,140.8266,142.4563,1749787200,180820600.0,2025-06-13 04:00:00
144.666,146.1557,143.1762,143.3262,1750046400,183133700.0,2025-06-16 04:00:00
144.096,145.1959,143.7561,144.466,1750132800,139108000.0,2025-06-17 04:00:00
145.4558,145.6258,143.0962,143.9861,1750219200,161494100.0,2025-06-18 04:00:00
143.8261,146.1757,142.6263,145.4258,1750392000,242956200.0,2025-06-20 04:00:00
144.146,144.7559,142.0064,142.4763,1750651200,154308900.0,2025-06-23 04:00:00
147.8754,147.9354,145.4758,145.5358,1750737600,187566100.0,2025-06-24 04:00:00
154.2844,154.4243,149.2352,149.2452,1750824000,269146500.0,2025-06-25 04:00:00
154.9942,156.6939,153.9744,155.9541,1750910400,198145700.0,2025-06-26 04:00:00
157.7238,158.6836,155.2342,156.0141,1750996800,263234500.0,2025-06-27 04:00:00
157.9638,158.6336,155.9341,158.3737,1751256000,194580300.0,2025-06-30 04:00:00
153.2745,157.1739,151.4648,156.264,1751342400,213143600.0,2025-07-01 04:00:00
157.2239,157.5738,152.9446,152.9546,1751428800,171224100.0,2025-07-02 04:00:00
159.3135,160.9532,157.7438,158.3437,1751515200,143716100.0,2025-07-03 04:00:00
158.2137,159.2835,157.3139,158.1737,1751860800,140139000.0,2025-07-07 04:00:00
159.9734,160.1934,158.3637,159.3035,1751947200,138133000.0,2025-07-08 04:00:00
162.8529,164.3927,161.1332,161.1932,1752033600,183656400.0,2025-07-09 04:00:00
164.0727,164.4727,161.5831,164.2927,1752120000,167704100.0,2025-07-10 04:00:00
164.8926,167.8621,163.4428,163.6928,1752206400,193633300.0,2025-07-11 04:00:00
164.0427,165.4625,161.9931,165.3425,1752465600,136975800.0,2025-07-14 04:00:00
170.6716,172.3713,169.1719,171.1616,1752552000,230627400.0,2025-07-15 04:00:00
171.3415,171.7215,168.8719,171.0316,1752638400,158831500.0,2025-07-16 04:00:00
172.9713,174.1311,170.8016,171.9914,1752724800,160841100.0,2025-07-17 04:00:00
172.3813,174.221,171.2315,173.6111,1752811200,146456400.0,2025-07-18 04:00:00
171.3515,173.3512,170.9716,172.7213,1753070400,123126100.0,2025-07-21 04:00:00
167.0023,171.3615,164.5527,171.3115,1753156800,193114300.0,2025-07-22 04:00:00
170.7516,171.2315,167.9421,169.5018,1753243200,154082200.0,2025-07-23 04:00:00
173.7111,173.8011,171.2715,172.4113,1753329600,128984600.0,2025-07-24 04:00:00
173.4712,174.691,172.9313,173.5812,1753416000,122316800.0,2025-07-25 04:00:00
176.7206,176.9706,173.9411,173.9911,1753675200,140023500.0,2025-07-28 04:00:00
175.4808,179.3502,174.9909,177.9304,1753761600,154077500.0,2025-07-29 04:00:00
179.2402,179.8601,176.0107,176.4807,1753848000,174312200.0,2025-07-30 04:00:00
177.8404,183.2695,175.9008,182.8696,1753934400,221685400.0,2025-07-31 04:00:00
173.6911,176.5107,170.8616,174.0611,1754020800,204529000.0,2025-08-01 04:00:00
179.9701,180.1701,174.491,175.1309,1754280000,148174600.0,2025-08-04 04:00:00
178.2304,180.23,175.8708,179.5902,1754366400,156407600.0,2025-08-05 04:00:00
179.3902,179.8701,176.2207,176.3007,1754452800,137192300.0,2025-08-06 04:00:00
180.74,183.8495,178.7703,181.5398,1754539200,151878400.0,2025-08-07 04:00:00
182.6696,183.2696,180.37,181.5198,1754625600,123396700.0,2025-08-08 04:00:00
182.0297,183.8094,180.22,182.0197,1754884800,138323200.0,2025-08-11 04:00:00
183.1296,184.4493,179.4302,182.9296,1754971200,145485700.0,2025-08-12 04:00:00
181.5598,183.9394,179.3202,182.5897,1755057600,179871700.0,2025-08-13 04:00:00
181.9897,182.9896,179.4302,179.7201,1755144000,129554000.0,2025-08-14 04:00:00
180.42,181.8698,178.0104,181.8498,1755230400,156602200.0,2025-08-15 04:00:00
181.9797,182.9096,180.56,180.57,1755489600,132008000.0,2025-08-18 04:00:00
175.6108,182.4697,175.4608,182.3997,1755576000,185229200.0,2025-08-19 04:00:00
175.3708,175.9708,168.772,175.1409,1755662400,215142700.0,2025-08-20 04:00:00
174.9509,176.8706,173.7811,174.8209,1755748800,140040900.0,2025-08-21 04:00:00
177.9604,178.5603,171.1716,172.5813,1755835200,172789400.0,2025-08-22 04:00:00
179.7801,181.8798,176.5407,178.3204,1756094400,163012800.0,2025-08-25 04:00:00
181.7398,182.3597,178.7803,180.0301,1756180800,168688200.0,2025-08-26 04:00:00
181.5698,182.4597,179.0703,181.9498,1756267200,235518900.0,2025-08-27 04:00:00
180.1401,184.4393,176.3807,180.79,1756353600,281787800.0,2025-08-28 04:00:00
174.151,178.1204,173.1212,178.0804,1756440000,243257900.0,2025-08-29 04:00:00
170.7516,172.3514,167.1922,169.9717,1756785600,231164900.0,2025-09-02 04:00:00
170.5917,172.3814,168.852,171.0316,1756872000,164424900.0,2025-09-03 04:00:00
171.6315,171.8314,169.3819,170.5417,1756958400,141670100.0,2025-09-04 04:00:00
166.9923,169.0019,164.0428,168.0021,1757044800,224441400.0,2025-09-05 04:00:00
168.282,170.9316,167.3222,167.5222,1757304000,163769100.0,2025-09-08 04:00:00
170.7316,170.9516,166.7123,169.0619,1757390400,157548400.0,2025-09-09 04:00:00
177.3005,179.2602,175.4408,176.6106,1757476800,226852000.0,2025-09-10 04:00:00
177.1506,180.2602,176.4606,179.6603,1757563200,151159300.0,2025-09-11 04:00:00
177.8005,178.5804,176.4306,177.7505,1757649600,124911000.0,2025-09-12 04:00:00
177.7305,178.8304,174.4908,175.6507,1757908800,147061600.0,2025-09-15 04:00:00
174.8608,177.4805,174.3609,176.9806,1757995200,140737800.0,2025-09-16 04:00:00
170.2713,173.181,168.3915,172.621,1758081600,211843800.0,2025-09-17 04:00:00
176.2207,177.0806,172.941,173.9609,1758168000,191763300.0,2025-09-18 04:00:00
176.6506,178.0604,175.1607,175.7507,1758254400,237182100.0,2025-09-19 04:00:00
183.5898,184.5297,174.6908,175.2808,1758513600,269637000.0,2025-09-22 04:00:00
178.4104,182.4,176.1907,181.95,1758600000,192559600.0,2025-09-23 04:00:00
176.9506,179.7603,175.3807,179.7503,1758686400,143564100.0,2025-09-24 04:00:00
177.6705,180.2402,173.111,174.4608,1758772800,191586700.0,2025-09-25 04:00:00
178.1704,179.7503,174.9108,178.1504,1758859200,148573700.0,2025-09-26 04:00:00
181.83,183.9798,180.3002,180.4102,1759118400,193063500.0,2025-09-29 04:00:00
186.5595,187.3294,181.4601,182.06,1759204800,236981000.0,2025-09-30 04:00:00
187.2195,188.1193,183.8798,185.2197,1759291200,173844900.0,2025-10-01 04:00:00
188.8693,191.029,188.0394,189.5792,1759377600,136805800.0,2025-10-02 04:00:00
187.5994,190.3391,185.3597,189.1692,1759464000,137596900.0,2025-10-03 04:00:00
185.5196,187.2094,183.3099,185.4796,1759723200,157678100.0,2025-10-06 04:00:00
185.0197,189.0392,183.9798,186.2096,1759809600,140088000.0,2025-10-07 04:00:00
189.0892,189.5792,186.5195,186.5495,1759896000,130168900.0,2025-10-08 04:00:00
192.5489,195.2786,191.039,192.2089,1759982400,182997200.0,2025-10-09 04:00:00
183.1399,195.5985,182.03,193.4887,1760068800,268774400.0,2025-10-10 04:00:00
188.2993,190.0891,185.9396,187.9494,1760328000,153482800.0,2025-10-13 04:00:00
180.0102,184.7797,179.6803,184.7497,1760414400,205641400.0,2025-10-14 04:00:00
179.8103,184.8497,177.2705,184.7797,1760500800,214450500.0,2025-10-15 04:00:00
181.79,183.2599,179.7503,182.21,1760587200,179723300.0,2025-10-16 04:00:00
183.1999,184.0798,179.7303,180.1602,1760673600,173135200.0,2025-10-17 04:00:00
182.6199,185.1797,181.71,183.1099,1760932800,128544700.0,2025-10-20 04:00:00
181.1401,182.7699,179.7803,182.7699,1761019200,124240200.0,2025-10-21 04:00:00
180.2602,183.4199,176.7406,181.1201,1761105600,162249600.0,2025-10-22 04:00:00
182.14,183.0099,179.7702,180.4002,1761192000,111363700.0,2025-10-23 04:00:00
186.2395,187.4494,183.4798,183.8198,1761278400,131296700.0,2025-10-24 04:00:00
191.469,191.9789,188.4093,189.9691,1761537600,153452700.0,2025-10-27 04:00:00
201.0079,203.1277,191.8889,193.0288,1761624000,297986200.0,2025-10-28 04:00:00
207.0173,212.1667,204.7575,207.9572,1761710400,308829600.0,2025-10-29 04:00:00
202.8677,206.1374,201.3879,205.1275,1761796800,178864400.0,2025-10-30 04:00:00
202.4678,207.9472,202.0478,206.4273,1761883200,179802200.0,2025-10-31 04:00:00
206.8573,211.3168,205.5374,208.0571,1762146000,180267300.0,2025-11-03 05:00:00
198.6682,203.9476,197.9083,202.9777,1762232400,188919300.0,2025-11-04 05:00:00
195.1886,202.8977,194.6286,198.7482,1762318800,171350300.0,2025-11-05 05:00:00
188.0594,197.5983,186.3595,196.3984,1762405200,223029800.0,2025-11-06 05:00:00
188.1293,188.2993,178.8904,184.8797,1762491600,264942300.0,2025-11-07 05:00:00
199.0282,199.9181,193.7687,195.0886,1762750800,198897100.0,2025-11-10 05:00:00
193.1388,195.3985,191.279,195.1386,1762837200,176483300.0,2025-11-11 05:00:00
193.7787,195.8685,191.109,195.6985,1762923600,154935300.0,2025-11-12 05:00:00
186.8395,191.419,183.8298,191.029,1763010000,207423100.0,2025-11-13 05:00:00
190.1491,190.989,180.5602,182.8399,1763096400,186591900.0,2025-11-14 05:00:00
186.5795,188.9792,184.2998,185.9496,1763355600,173628900.0,2025-11-17 05:00:00
181.3401,184.7797,179.6303,183.3599,1763442000,213598900.0,2025-11-18 05:00:00
186.4995,187.8394,182.8099,184.7697,1763528400,247246400.0,2025-11-19 05:00:00
180.6202,195.9785,179.8303,195.9285,1763614800,343504800.0,2025-11-20 05:00:00
178.8604,184.5397,172.911,181.2201,1763701200,346926200.0,2025-11-21 05:00:00
182.53,183.4799,176.4606,179.4703,1763960400,256618300.0,2025-11-24 05:00:00
177.8005,178.1404,169.5314,174.8908,1764046800,320600300.0,2025-11-25 05:00:00
180.2402,182.8899,178.2204,181.6101,1764133200,183852000.0,2025-11-26 05:00:00
176.9806,179.2703,176.4806,178.9903,1764306000,121332800.0,2025-11-28 05:00:00
179.9003,180.2802,173.6609,174.7408,1764565200,188131000.0,2025-12-01 05:00:00
181.4401,185.6396,179.9802,181.74,1764651600,182632200.0,2025-12-02 05:00:00
179.5703,182.43,179.0903,181.0601,1764738000,165138000.0,2025-12-03 05:00:00
183.3701,184.51,179.9503,181.6102,1764824400,167364900.0,2025-12-04 05:00:00
182.4001,184.65,180.9002,183.88,1764910800,143971100.0,2025-12-05 05:00:00
185.54,187.9898,182.3901,182.6301,1765170000,204378100.0,2025-12-08 05:00:00
184.96,185.71,183.3101,185.55,1765256400,144719700.0,2025-12-09 05:00:00
183.7701,185.47,182.0301,184.96,1765342800,162785400.0,2025-12-10 05:00:00
180.9202,181.3102,176.6104,180.2702,1765429200,182136600.0,2025-12-11 05:00:00
175.0105,182.8101,174.6105,181.1002,1765515600,204274900.0,2025-12-12 05:00:00
176.2805,178.4103,175.0205,177.9304,1765774800,164775600.0,2025-12-15 05:00:00
177.7104,178.4804,174.8905,176.2505,1765861200,148588100.0,2025-12-16 05:00:00
170.9308,176.1205,170.3008,176.0905,1765947600,222775500.0,2025-12-17 05:00:00
174.1306,176.1405,171.8107,174.5205,1766034000,176096000.0,2025-12-18 05:00:00
180.9802,181.4402,176.3305,176.6604,1766120400,324925900.0,2025-12-19 05:00:00
183.6801,184.15,182.3401,183.91,1766379600,129064400.0,2025-12-22 05:00:00
189.1998,189.3198,182.8901,182.9601,1766466000,174873600.0,2025-12-23 05:00:00
188.5998,188.8998,186.5799,187.9298,1766552400,65528500.0,2025-12-24 05:00:00
190.5197,192.6796,187.9898,189.9097,1766725200,139740300.0,2025-12-26 05:00:00
188.2098,188.7498,185.8999,187.6998,1766984400,120006100.0,2025-12-29 05:00:00
187.5298,188.9798,186.9199,188.2298,1767070800,97687300.0,2025-12-30 05:00:00
186.4899,190.5497,186.4799,189.5598,1767157200,120100500.0,2025-12-31 05:00:00
188.8398,192.9195,188.2498,189.8297,1767330000,148240500.0,2026-01-02 05:00:00
188.1098,193.6195,186.1399,191.7496,1767589200,183529700.0,2026-01-05 05:00:00
187.2299,192.1596,186.8099,190.5097,1767675600,176862600.0,2026-01-06 05:00:00
189.0998,191.3596,186.5499,188.5598,1767762000,153543200.0,2026-01-07 05:00:00
185.03,189.5397,183.7001,189.0998,1767848400,172457000.0,2026-01-08 05:00:00
184.85,186.3299,183.6601,185.07,1767934800,131327500.0,2026-01-09 05:00:00
184.93,187.1099,183.0101,183.2101,1768194000,137968500.0,2026-01-12 05:00:00
185.7999,188.0998,183.3901,184.99,1768280400,160128900.0,2026-01-13 05:00:00
183.1301,184.45,180.7902,184.31,1768366800,159586100.0,2026-01-14 05:00:00
187.0399,189.6897,186.3199,186.4899,1768453200,206188600.0,2026-01-15 05:00:00
186.2199,190.4297,186.0699,189.0698,1768539600,187967200.0,2026-01-16 05:00:00
178.0604,182.3701,177.6004,181.8901,1768885200,223345300.0,2026-01-20 05:00:00
183.3101,185.37,178.3903,179.0403,1768971600,200381000.0,2026-01-21 05:00:00
184.83,186.1599,183.92,184.74,1769058000,139636600.0,2026-01-22 05:00:00
187.6598,189.5897,186.8099,187.4898,1769144400,142748100.0,2026-01-23 05:00:00
186.4599,189.1098,185.9799,187.1499,1769403600,124799600.0,2026-01-26 05:00:00
188.5098,189.9897,185.6899,187.2299,1769490000,143711600.0,2026-01-27 05:00:00
191.5096,192.3396,189.8297,191.2597,1769576400,148552700.0,2026-01-28 05:00:00
192.4996,193.4695,186.0499,191.3296,1769662800,171764400.0,2026-01-29 05:00:00
191.1197,194.4795,189.4597,191.1997,1769749200,179489500.0,2026-01-30 05:00:00
185.6,190.2897,184.87,187.1899,1770008400,165794100.0,2026-02-02 05:00:00
180.3302,186.2599,176.2205,186.2299,1770094800,204019600.0,2026-02-03 05:00:00
174.1806,179.5703,171.9007,179.4503,1770181200,207014100.0,2026-02-04 05:00:00
171.8707,176.8104,171.0207,174.9205,1770267600,206312900.0,2026-02-05 05:00:00
185.4,186.9899,174.5906,176.6804,1770354000,231346200.0,2026-02-06 05:00:00
190.0297,193.6495,183.94,184.25,1770613200,196387400.0,2026-02-09 05:00:00
188.5298,192.4696,188.1098,191.3696,1770699600,136764800.0,2026-02-10 05:00:00
190.0397,193.2495,188.7598,192.4396,1770786000,144192700.0,2026-02-11 05:00:00
186.9299,193.5995,186.4999,193.0196,1770872400,189932500.0,2026-02-12 05:00:00
182.8001,187.4899,181.5802,187.4699,1770958800,161888000.0,2026-02-13 05:00:00
184.96,187.1399,179.1703,181.7402,1771304400,162276900.0,2026-02-17 05:00:00
187.9698,190.3597,186.7499,188.7398,1771390800,164749100.0,2026-02-18 05:00:00
187.8898,188.4198,185.65,187.0499,1771477200,126554500.0,2026-02-19 05:00:00
189.8097,190.3197,185.9299,186.5599,1771563600,178422300.0,2026-02-20 05:00:00
191.5396,193.9395,189.5697,191.3896,1771822800,171584800.0,2026-02-23 05:00:00
192.8396,193.7595,187.3899,191.4796,1771909200,175123600.0,2026-02-24 05:00:00
195.5494,197.6193,193.7795,194.4395,1771995600,250637100.0,2026-02-25 05:00:00
184.88,194.2795,184.31,194.2595,1772082000,360807900.0,2026-02-26 05:00:00
177.1804,182.5801,176.3705,181.2402,1772168400,311636500.0,2026-02-27 05:00:00
182.4701,183.4501,174.6306,175.0005,1772427600,209095300.0,2026-03-02 05:00:00
180.0403,180.8902,176.9104,178.4803,1772514000,178099400.0,2026-03-03 05:00:00
183.0301,184.69,180.0503,180.4302,1772600400,177731200.0,2026-03-04 05:00:00
183.3301,184.05,177.8704,181.1602,1772686800,198779700.0,2026-03-05 05:00:00
177.8104,182.7501,176.8104,179.8303,1772773200,189021900.0,2026-03-06 05:00:00
182.6401,182.9001,175.5505,176.8204,1773028800,177213600.0,2026-03-09 04:00:00
184.76,186.4299,182.0001,182.3901,1773115200,179118500.0,2026-03-10 04:00:00
186.03,187.62,184.45,185.91,1773201600,145280400.0,2026-03-11 04:00:00
183.14,184.94,181.75,184.05,1773288000,155762700.0,2026-03-12 04:00:00
180.25,186.09,179.94,184.92,1773374400,160988400.0,2026-03-13 04:00:00
183.22,188.88,181.41,182.97,1773633600,217307400.0,2026-03-16 04:00:00
181.93,185.4,181.68,185.06,1773720000,182497800.0,2026-03-17 04:00:00
180.4,183.38,180.33,182.48,1773806400,156683100.0,2026-03-18 04:00:00
178.56,179.98,175.79,178.01,1773892800,170968500.0,2026-03-19 04:00:00
172.7,178.26,171.72,178.0,1773979200,241323500.0,2026-03-20 04:00:00
175.64,178.37,174.76,177.25,1774238400,176073078.0,2026-03-23 04:00:00
175.2,176.22,173.98,174.83,1774324800,147667800.0,2026-03-24 04:00:00
178.68,181.22,176.85,177.1,1774411200,162602100.0,2026-03-25 04:00:00
171.24,176.51,171.14,176.07,1774497600,186152200.0,2026-03-26 04:00:00
167.52,170.97,167.01,170.0,1774584000,196212700.0,2026-03-27 04:00:00
165.17,169.45,164.27,168.78,1774843200,185627000.0,2026-03-30 04:00:00
174.4,174.62,166.96,166.97,1774929600,226181300.0,2026-03-31 04:00:00
175.75,177.37,174.75,176.0,1775016000,168132000.0,2026-04-01 04:00:00
177.39,177.49,171.37,172.18,1775102400,143143200.0,2026-04-02 04:00:00
177.64,177.79,175.76,177.16,1775448000,107564300.0,2026-04-06 04:00:00
178.1,178.23,173.66,175.73,1775534400,132534900.0,2026-04-07 04:00:00
182.08,185.26,180.3,184.5,1775620800,147732700.0,2026-04-08 04:00:00
183.91,184.08,180.62,181.84,1775707200,116428500.0,2026-04-09 04:00:00
188.63,190.0,184.3,184.31,1775793600,160099500.0,2026-04-10 04:00:00
