close,high,low,open,time,volume,date
122.9756,125.3313,122.6846,125.213,1603166400,1353900.0,2020-10-20 04:00:00
123.5668,125.6223,123.0302,125.4495,1603252800,1681900.0,2020-10-21 04:00:00
122.6846,124.0852,121.2567,123.7487,1603339200,1512800.0,2020-10-22 04:00:00
124.7673,125.2858,122.2025,123.2485,1603425600,1439700.0,2020-10-23 04:00:00
122.6846,123.7851,120.7019,122.9575,1603684800,2856100.0,2020-10-26 04:00:00
121.1748,124.2126,119.7378,124.0398,1603771200,2530500.0,2020-10-27 04:00:00
118.0279,119.0647,115.3266,118.3007,1603857600,3015700.0,2020-10-28 04:00:00
123.8487,125.0675,117.1365,117.1365,1603944000,2721700.0,2020-10-29 04:00:00
122.8938,123.5031,120.9474,121.4385,1604030400,2286300.0,2020-10-30 04:00:00
124.8856,125.8224,123.7032,124.6855,1604293200,1903100.0,2020-11-02 05:00:00
126.3136,128.6874,124.6037,125.1949,1604379600,1747400.0,2020-11-03 05:00:00
126.7683,128.6874,124.3308,128.2872,1604466000,2354400.0,2020-11-04 05:00:00
131.3159,132.0981,128.3145,129.1513,1604552400,2242200.0,2020-11-05 05:00:00
133.4442,134.1263,130.6247,131.225,1604638800,2748200.0,2020-11-06 05:00:00
131.7525,138.683,131.4705,136.1909,1604898000,3523700.0,2020-11-09 05:00:00
127.5505,131.4159,127.2776,129.8607,1604984400,2172300.0,2020-11-10 05:00:00
131.9435,132.7347,129.7879,130.3427,1605070800,1659800.0,2020-11-11 05:00:00
131.2431,133.3259,130.6338,132.7893,1605157200,1431800.0,2020-11-12 05:00:00
133.235,134.2263,132.4801,132.7984,1605243600,1085000.0,2020-11-13 05:00:00
136.4183,137.537,134.8812,135.8726,1605502800,1888300.0,2020-11-16 05:00:00
135.8725,137.8371,134.5356,137.1095,1605589200,1798100.0,2020-11-17 05:00:00
134.7448,136.9822,134.4446,135.9635,1605675600,1218400.0,2020-11-18 05:00:00
137.6552,138.0918,133.7625,134.6084,1605762000,1765400.0,2020-11-19 05:00:00
136.9458,139.1832,136.9276,138.1827,1605848400,1533200.0,2020-11-20 05:00:00
141.8027,142.2029,137.5916,138.7194,1606107600,2137000.0,2020-11-23 05:00:00
144.131,144.2674,140.7385,144.0401,1606194000,2314000.0,2020-11-24 05:00:00
143.4034,144.8677,142.4847,144.613,1606280400,1700300.0,2020-11-25 05:00:00
144.5584,147.196,143.8581,144.1128,1606453200,1038600.0,2020-11-27 05:00:00
144.0855,146.3593,142.6576,144.613,1606712400,2268000.0,2020-11-30 05:00:00
144.6858,147.1324,144.2947,145.8864,1606798800,1932900.0,2020-12-01 05:00:00
146.0136,146.2774,143.2214,144.6948,1606885200,1145000.0,2020-12-02 05:00:00
144.422,147.478,144.3856,146.5321,1606971600,1576800.0,2020-12-03 05:00:00
149.1515,149.3152,144.6948,145.1769,1607058000,2248700.0,2020-12-04 05:00:00
150.152,152.1347,149.4335,150.6249,1607317200,2213400.0,2020-12-07 05:00:00
151.3162,151.9892,148.9878,149.9974,1607403600,1329300.0,2020-12-08 05:00:00
143.085,149.9883,141.7844,149.1242,1607490000,3678700.0,2020-12-09 05:00:00
143.9491,145.85,142.3392,142.3392,1607576400,3002400.0,2020-12-10 05:00:00
142.8849,144.3402,140.5839,143.2487,1607662800,1442600.0,2020-12-11 05:00:00
144.4668,145.6337,141.7864,145.5699,1607922000,2075000.0,2020-12-14 05:00:00
145.9255,146.4998,142.2696,143.3727,1608008400,2499500.0,2020-12-15 05:00:00
143.3909,146.9648,142.7801,146.9101,1608094800,2195200.0,2020-12-16 05:00:00
144.102,144.7767,142.5522,144.4849,1608181200,1686400.0,2020-12-17 05:00:00
141.7772,144.8861,141.0205,144.1112,1608267600,4232000.0,2020-12-18 05:00:00
143.163,143.3636,139.4251,139.653,1608526800,1529500.0,2020-12-21 05:00:00
142.5704,145.5061,142.0052,143.2542,1608613200,1489900.0,2020-12-22 05:00:00
143.0081,144.6218,142.9625,143.9927,1608699600,1571300.0,2020-12-23 05:00:00
143.4365,143.9835,142.6889,143.7921,1608786000,480500.0,2020-12-24 05:00:00
144.2023,147.5118,143.9653,145.4149,1609131600,1063400.0,2020-12-28 05:00:00
142.142,145.4423,141.0844,144.7768,1609218000,1043400.0,2020-12-29 05:00:00
145.3146,145.6337,142.8713,143.5915,1609304400,888900.0,2020-12-30 05:00:00
144.9682,146.0804,144.6035,145.7431,1609390800,839100.0,2020-12-31 05:00:00
147.7306,151.195,144.6126,146.1716,1609736400,2931600.0,2021-01-04 05:00:00
151.0401,151.3136,146.8919,147.2656,1609822800,1980600.0,2021-01-05 05:00:00
153.8207,156.6287,150.0737,150.0737,1609909200,2686500.0,2021-01-06 05:00:00
159.537,160.9137,156.7472,156.8931,1609995600,2485500.0,2021-01-07 05:00:00
159.5735,166.4294,156.3552,165.3627,1610082000,2827900.0,2021-01-08 05:00:00
157.9142,160.8772,156.7472,158.99,1610341200,3000900.0,2021-01-11 05:00:00
160.5307,163.1929,157.9324,158.8988,1610427600,3112100.0,2021-01-12 05:00:00
161.7524,162.2721,160.6219,162.2721,1610514000,1750300.0,2021-01-13 05:00:00
164.1046,165.0983,162.8465,162.8465,1610600400,2617400.0,2021-01-14 05:00:00
157.0116,163.9587,153.5746,163.7764,1610686800,3598600.0,2021-01-15 05:00:00
159.5461,162.737,159.1267,161.6521,1611032400,2522300.0,2021-01-19 05:00:00
159.0811,164.3872,158.37,163.0652,1611118800,2590700.0,2021-01-20 05:00:00
158.288,161.1416,156.5649,161.0413,1611205200,2187400.0,2021-01-21 05:00:00
157.0845,159.7011,156.7381,157.3307,1611291600,1974000.0,2021-01-22 05:00:00
159.0173,161.1416,155.9267,161.0869,1611550800,2006000.0,2021-01-25 05:00:00
153.848,159.0538,153.766,159.0173,1611637200,2231100.0,2021-01-26 05:00:00
146.3813,149.9095,142.2422,148.3505,1611723600,3714500.0,2021-01-27 05:00:00
149.8183,152.0702,148.0405,151.824,1611810000,2484700.0,2021-01-28 05:00:00
146.2993,152.7541,145.6976,149.6543,1611896400,3535400.0,2021-01-29 05:00:00
156.3826,157.2122,151.4321,151.7421,1612155600,4953000.0,2021-02-01 05:00:00
161.561,166.8397,155.6258,164.1046,1612242000,6621800.0,2021-02-02 05:00:00
158.7256,165.6909,157.823,164.0955,1612328400,3272600.0,2021-02-03 05:00:00
165.4265,165.4265,159.6829,160.3575,1612414800,2703100.0,2021-02-04 05:00:00
165.9188,167.8699,165.071,166.7941,1612501200,3031400.0,2021-02-05 05:00:00
171.5075,171.5349,167.7514,168.3895,1612760400,2332800.0,2021-02-08 05:00:00
171.4346,171.7628,168.1799,170.8056,1612846800,1702800.0,2021-02-09 05:00:00
171.3069,174.9811,167.1952,174.6893,1612933200,2839800.0,2021-02-10 05:00:00
176.8683,177.5612,171.7628,171.7628,1613019600,2611700.0,2021-02-11 05:00:00
177.2238,178.5914,174.0056,176.1116,1613106000,1671700.0,2021-02-12 05:00:00
178.172,182.5116,176.5856,181.8461,1613451600,2177800.0,2021-02-16 05:00:00
172.9389,177.7253,171.3161,175.5737,1613538000,2395200.0,2021-02-17 05:00:00
169.4653,172.2642,166.8853,170.9423,1613624400,2770100.0,2021-02-18 05:00:00
174.6711,175.7378,171.8449,172.6836,1613710800,2193900.0,2021-02-19 05:00:00
169.2192,175.4096,168.6357,173.9509,1613970000,2407800.0,2021-02-22 05:00:00
165.0892,167.6328,159.8469,167.6328,1614056400,5191300.0,2021-02-23 05:00:00
169.7662,170.3224,161.3057,162.2812,1614142800,3161700.0,2021-02-24 05:00:00
162.7553,171.3981,162.3268,170.0397,1614229200,3366300.0,2021-02-25 05:00:00
166.4294,167.9063,161.4789,165.9644,1614315600,2929000.0,2021-02-26 05:00:00
170.7599,171.307,167.1314,170.0488,1614574800,4355200.0,2021-03-01 05:00:00
166.1741,173.0027,165.9827,172.3098,1614661200,2770600.0,2021-03-02 05:00:00
160.4487,167.9063,160.0293,166.475,1614747600,2418900.0,2021-03-03 05:00:00
152.5079,161.0778,149.6907,158.2606,1614834000,3754500.0,2021-03-04 05:00:00
164.925,165.9826,151.3773,158.8441,1614920400,5076200.0,2021-03-05 05:00:00
155.8993,167.3684,155.1244,163.0288,1615179600,3168600.0,2021-03-08 05:00:00
167.5872,168.8819,159.5461,160.5763,1615266000,3687700.0,2021-03-09 05:00:00
164.4966,170.8055,164.3143,169.6112,1615352400,2240200.0,2021-03-10 05:00:00
171.854,172.7565,168.6904,170.2038,1615438800,3206900.0,2021-03-11 05:00:00
167.7692,170.6863,166.233,169.0677,1615525200,2078000.0,2021-03-12 05:00:00
182.8024,182.8846,177.5901,179.9585,1615780800,12102100.0,2021-03-15 04:00:00
185.4267,188.5632,183.4699,183.8905,1615867200,6890100.0,2021-03-16 04:00:00
190.5109,191.654,181.9702,182.4823,1615953600,7321600.0,2021-03-17 04:00:00
181.5953,190.4287,180.7723,186.6795,1616040000,8297300.0,2021-03-18 04:00:00
184.7501,187.027,176.6849,179.547,1616126400,53102200.0,2021-03-19 04:00:00
183.2504,188.4809,179.8213,185.7285,1616385600,5876600.0,2021-03-22 04:00:00
175.2218,183.095,173.5484,182.9852,1616472000,4748000.0,2021-03-23 04:00:00
171.2532,177.8645,171.2258,176.7123,1616558400,2893000.0,2021-03-24 04:00:00
174.9383,175.5693,166.6811,167.0286,1616644800,3512600.0,2021-03-25 04:00:00
181.9702,182.3634,172.89,174.4628,1616731200,3096200.0,2021-03-26 04:00:00
177.5261,180.7449,175.4595,180.0591,1616990400,2707300.0,2021-03-29 04:00:00
180.8455,181.7965,175.8162,175.9259,1617076800,2324500.0,2021-03-30 04:00:00
184.11,185.8108,181.0558,182.9029,1617163200,2854000.0,2021-03-31 04:00:00
190.2732,190.4835,186.6703,187.7037,1617249600,2662800.0,2021-04-01 04:00:00
196.3267,197.9086,191.6905,193.2542,1617595200,2663700.0,2021-04-05 04:00:00
194.6898,196.3267,190.8036,194.4155,1617681600,2177500.0,2021-04-06 04:00:00
193.9857,195.1288,192.2666,193.7663,1617768000,1522500.0,2021-04-07 04:00:00
191.3065,192.6416,189.3679,191.1145,1617854400,3177300.0,2021-04-08 04:00:00
191.2882,191.59,188.4078,189.6971,1617940800,1878000.0,2021-04-09 04:00:00
190.1452,190.4012,187.3379,190.1818,1618200000,1686200.0,2021-04-12 04:00:00
184.7135,190.008,183.543,189.5782,1618286400,3033300.0,2021-04-13 04:00:00
182.784,185.9297,181.5953,183.9819,1618372800,2879000.0,2021-04-14 04:00:00
184.5032,185.4085,181.5405,185.4085,1618459200,1858100.0,2021-04-15 04:00:00
182.3177,184.7867,181.9794,183.9728,1618545600,2187600.0,2021-04-16 04:00:00
178.093,182.4823,175.5601,182.3085,1618804800,2686000.0,2021-04-19 04:00:00
177.2701,179.7664,175.8984,177.2701,1618891200,3197900.0,2021-04-20 04:00:00
183.918,184.1191,175.9899,177.5444,1618977600,2747800.0,2021-04-21 04:00:00
179.4556,184.7775,179.1172,184.0185,1619064000,2379900.0,2021-04-22 04:00:00
184.3111,185.4176,181.0009,181.1381,1619150400,3210500.0,2021-04-23 04:00:00
187.4751,189.0296,184.805,185.0793,1619409600,3238900.0,2021-04-26 04:00:00
185.9937,191.2882,185.1341,189.9988,1619496000,2790700.0,2021-04-27 04:00:00
181.6502,186.4418,181.3759,186.4418,1619582400,2191500.0,2021-04-28 04:00:00
183.5796,184.4026,179.5927,183.982,1619668800,1982500.0,2021-04-29 04:00:00
176.0356,181.3575,174.7005,180.3882,1619755200,3704600.0,2021-04-30 04:00:00
175.423,179.1721,174.1702,178.0839,1620014400,2245300.0,2021-05-03 04:00:00
174.7371,175.3406,169.3512,172.3688,1620100800,4444300.0,2021-05-04 04:00:00
174.1153,176.2368,172.3414,175.5876,1620187200,4243000.0,2021-05-05 04:00:00
176.0448,176.1362,170.3205,173.2101,1620273600,2785600.0,2021-05-06 04:00:00
180.9826,181.513,176.7854,178.3125,1620360000,3321400.0,2021-05-07 04:00:00
172.8534,179.6019,172.7437,178.5869,1620619200,2850400.0,2021-05-10 04:00:00
176.063,176.3282,166.9645,167.7235,1620705600,3037300.0,2021-05-11 04:00:00
167.1383,173.7313,166.169,171.7195,1620792000,3820500.0,2021-05-12 04:00:00
170.4851,172.9449,168.8848,169.0311,1620878400,2586100.0,2021-05-13 04:00:00
175.8162,178.2668,172.0579,172.6431,1620964800,2953800.0,2021-05-14 04:00:00
174.8194,175.0846,171.2166,173.9781,1621224000,2244600.0,2021-05-17 04:00:00
174.8834,178.6326,174.8194,176.5477,1621310400,2288500.0,2021-05-18 04:00:00
178.2576,179.0532,170.1924,171.1434,1621396800,2748900.0,2021-05-19 04:00:00
182.5829,183.4516,178.852,178.852,1621483200,2641400.0,2021-05-20 04:00:00
182.7383,185.0061,182.1348,183.9179,1621569600,2237200.0,2021-05-21 04:00:00
186.8898,188.0969,183.5613,183.5613,1621828800,2092100.0,2021-05-24 04:00:00
187.2373,188.9564,186.6612,188.3712,1621915200,1916500.0,2021-05-25 04:00:00
188.4992,190.072,186.5606,187.1733,1622001600,1983300.0,2021-05-26 04:00:00
192.2301,192.4038,187.4568,188.8375,1622088000,3503800.0,2021-05-27 04:00:00
193.3274,195.0373,191.7546,192.4861,1622174400,2239000.0,2021-05-28 04:00:00
190.1178,195.9609,189.88,194.635,1622520000,2264800.0,2021-06-01 04:00:00
190.0629,190.7121,187.9048,189.3953,1622606400,1764800.0,2021-06-02 04:00:00
183.5704,188.1608,183.4607,187.9962,1622692800,3895100.0,2021-06-03 04:00:00
184.7135,185.8565,183.4973,184.1191,1622779200,3485600.0,2021-06-04 04:00:00
183.9362,184.7135,182.6286,184.7135,1623038400,2587800.0,2021-06-07 04:00:00
181.2844,185.7011,180.5986,185.7011,1623124800,3322600.0,2021-06-08 04:00:00
180.4889,182.5189,179.7025,181.7051,1623211200,1939000.0,2021-06-09 04:00:00
183.8448,185.317,180.7815,181.0558,1623297600,2371200.0,2021-06-10 04:00:00
183.918,185.0884,182.3634,183.8082,1623384000,1810900.0,2021-06-11 04:00:00
186.6717,187.497,182.5544,184.8194,1623643200,2099600.0,2021-06-14 04:00:00
186.1398,187.9463,185.1036,185.9564,1623729600,2071400.0,2021-06-15 04:00:00
183.6364,187.4694,181.023,187.066,1623816000,2017600.0,2021-06-16 04:00:00
181.9583,184.4801,179.079,183.1871,1623902400,1781300.0,2021-06-17 04:00:00
177.0708,180.6654,176.7132,179.3816,1623988800,4796600.0,2021-06-18 04:00:00
181.9859,182.1876,177.4284,178.217,1624248000,2312300.0,2021-06-21 04:00:00
181.0138,182.2151,179.4733,181.2981,1624334400,1646000.0,2021-06-22 04:00:00
182.6186,183.2788,179.675,179.8126,1624420800,1672000.0,2021-06-23 04:00:00
186.9101,188.0838,183.7556,184.3058,1624507200,2570300.0,2021-06-24 04:00:00
187.2219,189.2667,185.6355,187.497,1624593600,13139800.0,2021-06-25 04:00:00
189.065,189.606,186.5708,188.7624,1624852800,1931300.0,2021-06-28 04:00:00
190.4589,190.6881,187.9005,188.6065,1624939200,1802300.0,2021-06-29 04:00:00
188.6432,190.4313,186.7267,190.3488,1625025600,2167900.0,2021-06-30 04:00:00
185.1036,188.634,184.5626,188.4781,1625112000,1551600.0,2021-07-01 04:00:00
185.9014,187.011,184.26,186.3232,1625198400,1197200.0,2021-07-02 04:00:00
184.9936,186.9926,183.2605,185.9014,1625544000,2135900.0,2021-07-06 04:00:00
181.885,186.58,181.3715,186.149,1625630400,2079100.0,2021-07-07 04:00:00
179.7209,180.7663,175.8328,178.0978,1625716800,1930500.0,2021-07-08 04:00:00
183.719,184.5442,178.6388,179.8218,1625803200,1384600.0,2021-07-09 04:00:00
187.4419,187.5153,184.0582,185.5988,1626062400,2090400.0,2021-07-12 04:00:00
187.066,187.8271,186.0481,186.8001,1626148800,1708500.0,2021-07-13 04:00:00
186.6533,191.4217,185.7455,189.4135,1626235200,1612600.0,2021-07-14 04:00:00
178.272,183.0037,176.8048,180.8763,1626321600,3957600.0,2021-07-15 04:00:00
174.329,180.8946,173.8063,179.1707,1626408000,2342300.0,2021-07-16 04:00:00
172.9627,173.6504,169.5698,171.9907,1626667200,2592700.0,2021-07-19 04:00:00
177.2634,178.8314,172.2474,173.3937,1626753600,1797100.0,2021-07-20 04:00:00
182.1326,182.1876,176.9791,176.9791,1626840000,1890900.0,2021-07-21 04:00:00
178.1804,180.5003,176.2914,180.5003,1626926400,1926400.0,2021-07-22 04:00:00
180.051,180.592,177.7035,179.4458,1627012800,1933400.0,2021-07-23 04:00:00
181.7108,182.2243,179.4825,179.7301,1627272000,1535800.0,2021-07-26 04:00:00
178.1253,180.647,174.8241,180.216,1627358400,2024800.0,2021-07-27 04:00:00
182.0959,183.4897,178.9598,178.9598,1627444800,1752900.0,2021-07-28 04:00:00
187.3136,187.8271,184.3334,185.0211,1627531200,1671300.0,2021-07-29 04:00:00
189.2576,189.5143,185.2503,185.5438,1627617600,1635500.0,2021-07-30 04:00:00
191.6326,197.969,191.2475,192.7513,1627876800,3383900.0,2021-08-02 04:00:00
193.0539,193.4757,186.1856,192.6596,1627963200,2082400.0,2021-08-03 04:00:00
194.7962,196.5476,192.2378,193.6041,1628049600,1817900.0,2021-08-04 04:00:00
195.2272,197.0428,193.5858,195.6123,1628136000,1777900.0,2021-08-05 04:00:00
196.0066,196.5293,194.1176,194.1176,1628222400,1259700.0,2021-08-06 04:00:00
199.0877,200.0505,195.2455,197.2629,1628481600,2147300.0,2021-08-09 04:00:00
199.2253,199.9313,196.4101,198.7209,1628568000,1564700.0,2021-08-10 04:00:00
200.289,200.6741,196.245,199.6012,1628654400,1475400.0,2021-08-11 04:00:00
196.7219,199.1977,195.6673,198.4825,1628740800,2398900.0,2021-08-12 04:00:00
197.3913,198.8218,195.7958,196.3643,1628827200,1421500.0,2021-08-13 04:00:00
195.4839,196.7861,194.3835,195.3005,1629086400,1543300.0,2021-08-16 04:00:00
189.3584,194.191,187.6162,193.7417,1629172800,2280900.0,2021-08-17 04:00:00
186.9009,190.7981,186.6992,189.3584,1629259200,1536700.0,2021-08-18 04:00:00
186.1673,186.5341,183.0404,184.0858,1629345600,2372200.0,2021-08-19 04:00:00
187.9829,188.1938,185.5529,185.8739,1629432000,1325100.0,2021-08-20 04:00:00
193.1456,193.7692,189.2117,189.2117,1629691200,1739100.0,2021-08-23 04:00:00
196.7127,197.2079,194.246,194.6586,1629777600,1688100.0,2021-08-24 04:00:00
199.7113,200.8942,197.4188,198.0699,1629864000,1909100.0,2021-08-25 04:00:00
203.7919,204.8373,197.7306,199.2069,1629950400,2331200.0,2021-08-26 04:00:00
207.7074,208.0467,203.5626,204.2779,1630036800,1746200.0,2021-08-27 04:00:00
208.7436,209.734,206.8271,208.4685,1630296000,1150600.0,2021-08-30 04:00:00
197.2721,203.8011,192.3845,203.8011,1630382400,5156700.0,2021-08-31 04:00:00
193.9434,197.9415,193.8976,197.5655,1630468800,2551900.0,2021-09-01 04:00:00
194.3193,195.5297,193.2189,195.2455,1630555200,1856200.0,2021-09-02 04:00:00
195.3097,197.5013,194.677,195.4014,1630641600,1813700.0,2021-09-03 04:00:00
195.1905,195.7682,193.815,195.7315,1630987200,1822300.0,2021-09-07 04:00:00
190.844,195.0805,190.0462,194.3469,1631073600,1740900.0,2021-09-08 04:00:00
192.9897,194.3193,191.6509,192.412,1631160000,2448000.0,2021-09-09 04:00:00
194.5119,198.5283,194.4019,195.2639,1631246400,1835500.0,2021-09-10 04:00:00
196.942,198.3083,194.1085,196.6302,1631505600,1416500.0,2021-09-13 04:00:00
194.4347,198.8846,194.1313,198.6916,1631592000,1405300.0,2021-09-14 04:00:00
195.2255,195.5565,193.0465,195.5289,1631678400,1414800.0,2021-09-15 04:00:00
195.8598,196.485,191.9616,194.021,1631764800,1502900.0,2021-09-16 04:00:00
192.4581,195.0876,191.1525,194.5727,1631851200,4877800.0,2021-09-17 04:00:00
186.436,188.477,182.9055,188.3943,1632110400,2959400.0,2021-09-20 04:00:00
189.4516,191.0238,186.6474,188.1644,1632196800,1524200.0,2021-09-21 04:00:00
195.9058,196.0805,190.417,191.0605,1632283200,1734600.0,2021-09-22 04:00:00
198.9122,200.5028,195.8414,196.8895,1632369600,1430600.0,2021-09-23 04:00:00
199.2065,200.4476,196.7792,197.6802,1632456000,1096900.0,2021-09-24 04:00:00
199.2248,200.558,195.5748,196.9355,1632715200,1069800.0,2021-09-27 04:00:00
189.5711,196.7517,189.3505,195.5105,1632801600,2201900.0,2021-09-28 04:00:00
182.7308,187.3646,181.9125,186.5555,1632888000,1976600.0,2021-09-29 04:00:00
180.0829,185.2499,179.9358,184.4041,1632974400,2343100.0,2021-09-30 04:00:00
177.3431,181.3793,175.6054,180.5058,1633060800,3381500.0,2021-10-01 04:00:00
173.7207,178.3085,172.7645,178.097,1633320000,2551700.0,2021-10-04 04:00:00
176.1847,177.9867,173.4724,175.3204,1633406400,2246300.0,2021-10-05 04:00:00
175.5135,176.4697,173.2242,173.4632,1633492800,1847300.0,2021-10-06 04:00:00
178.2257,181.462,177.9131,177.9131,1633579200,1514500.0,2021-10-07 04:00:00
174.9711,178.9796,174.6769,178.8325,1633665600,1394200.0,2021-10-08 04:00:00
170.9533,175.7525,170.7694,174.0792,1633924800,2144000.0,2021-10-11 04:00:00
168.4249,172.6174,167.6434,172.0657,1634011200,3021000.0,2021-10-12 04:00:00
168.3422,171.2107,167.7078,169.5558,1634097600,2765500.0,2021-10-13 04:00:00
173.8586,174.6309,171.7072,171.9279,1634184000,2682300.0,2021-10-14 04:00:00
174.5114,176.2766,173.8586,175.0446,1634270400,1772500.0,2021-10-15 04:00:00
176.7639,176.819,172.0657,173.0403,1634529600,2028200.0,2021-10-18 04:00:00
181.0759,181.2414,176.0835,177.288,1634616000,2100400.0,2021-10-19 04:00:00
181.5999,183.687,179.09,180.7173,1634702400,2100400.0,2021-10-20 04:00:00
185.0293,185.2776,180.2025,180.4783,1634788800,1688600.0,2021-10-21 04:00:00
183.8157,187.0336,183.7697,185.3327,1634875200,1829500.0,2021-10-22 04:00:00
184.1466,185.8383,183.6777,184.4868,1635134400,1390500.0,2021-10-25 04:00:00
180.3403,184.9466,178.1522,184.873,1635220800,2706600.0,2021-10-26 04:00:00
176.9018,179.4486,175.4584,178.1062,1635307200,2882400.0,2021-10-27 04:00:00
183.7881,183.9996,178.4924,178.6763,1635393600,1930900.0,2021-10-28 04:00:00
184.6707,185.5441,181.3241,181.8022,1635480000,1604600.0,2021-10-29 04:00:00
188.5966,189.9297,185.728,186.2889,1635739200,3419000.0,2021-11-01 04:00:00
189.9113,191.6674,186.8038,188.9552,1635825600,2991100.0,2021-11-02 04:00:00
198.3882,199.6294,190.0584,190.7664,1635912000,3378900.0,2021-11-03 04:00:00
201.5877,201.744,197.671,198.5812,1635998400,2326300.0,2021-11-04 04:00:00
206.1755,206.6719,202.2221,202.268,1636084800,2835800.0,2021-11-05 04:00:00
205.0998,209.1635,203.4265,205.633,1636347600,3829600.0,2021-11-08 05:00:00
203.2334,205.3756,200.7418,205.2469,1636434000,1625200.0,2021-11-09 05:00:00
196.9539,202.4428,195.6208,200.8522,1636520400,2262000.0,2021-11-10 05:00:00
201.4406,205.3389,196.8896,205.2653,1636606800,4639700.0,2021-11-11 05:00:00
200.2638,202.7646,197.1286,201.8819,1636693200,2829000.0,2021-11-12 05:00:00
198.2962,203.1875,197.8458,203.1875,1636952400,2003200.0,2021-11-15 05:00:00
201.5877,202.2405,197.1194,197.8549,1637038800,1497200.0,2021-11-16 05:00:00
200.2545,201.5877,198.287,201.5877,1637125200,1376500.0,2021-11-17 05:00:00
202.8013,202.884,198.9214,201.128,1637211600,2494200.0,2021-11-18 05:00:00
203.4265,203.9322,201.9371,202.8013,1637298000,2124200.0,2021-11-19 05:00:00
203.9873,207.4719,201.7532,204.3919,1637557200,2846000.0,2021-11-22 05:00:00
201.4589,206.0284,198.1951,203.5644,1637643600,2070000.0,2021-11-23 05:00:00
203.215,203.3897,197.0459,199.1421,1637730000,1630900.0,2021-11-24 05:00:00
195.3266,200.0247,193.3039,195.9425,1637902800,1776500.0,2021-11-26 05:00:00
205.8905,206.1847,197.763,199.28,1638162000,2412900.0,2021-11-29 05:00:00
205.3572,209.4578,200.7051,204.7504,1638248400,5141600.0,2021-11-30 05:00:00
205.0262,215.7648,204.7596,209.0164,1638334800,3222500.0,2021-12-01 05:00:00
204.778,207.6925,200.5947,202.5163,1638421200,1934800.0,2021-12-02 05:00:00
208.8142,210.0462,203.7023,206.865,1638507600,2743800.0,2021-12-03 05:00:00
206.203,209.9082,199.9052,209.4393,1638766800,2223600.0,2021-12-06 05:00:00
219.6447,220.5733,209.6233,210.5335,1638853200,2934400.0,2021-12-07 05:00:00
209.706,211.2781,203.2702,210.5518,1638939600,3880100.0,2021-12-08 05:00:00
207.0122,210.1381,206.6352,207.1868,1639026000,1990800.0,2021-12-09 05:00:00
208.2074,210.4323,205.0538,210.1381,1639112400,1751500.0,2021-12-10 05:00:00
203.9138,209.9726,202.3232,209.9726,1639371600,1966600.0,2021-12-13 05:00:00
202.7736,204.2852,199.7871,201.7781,1639458000,1687300.0,2021-12-14 05:00:00
211.4287,211.6499,201.6583,204.0179,1639544400,2565700.0,2021-12-15 05:00:00
200.8932,211.3642,200.6167,210.931,1639630800,3223800.0,2021-12-16 05:00:00
201.5937,205.124,197.6671,199.317,1639717200,4657400.0,2021-12-17 05:00:00
200.6167,202.4971,197.8146,198.6258,1639976400,1336100.0,2021-12-20 05:00:00
206.8108,207.115,201.9071,204.2115,1640062800,1603700.0,2021-12-21 05:00:00
209.0138,209.1244,204.359,205.5941,1640149200,1057900.0,2021-12-22 05:00:00
209.5576,211.2536,208.5529,209.0138,1640235600,920300.0,2021-12-23 05:00:00
214.5627,214.6272,209.788,210.7559,1640581200,1235800.0,2021-12-27 05:00:00
212.9404,216.0743,210.6913,215.512,1640667600,1362100.0,2021-12-28 05:00:00
212.4795,215.1065,211.908,212.3597,1640754000,1117000.0,2021-12-29 05:00:00
210.7098,214.3967,210.4333,212.4887,1640840400,886400.0,2021-12-30 05:00:00
209.9539,213.3828,209.5576,211.2167,1640926800,1022900.0,2021-12-31 05:00:00
213.1247,215.1065,210.2212,210.5162,1641186000,1519300.0,2022-01-03 05:00:00
214.6456,216.5167,207.8155,214.2216,1641272400,1965000.0,2022-01-04 05:00:00
206.9952,215.9453,206.7094,213.6133,1641358800,1963500.0,2022-01-05 05:00:00
209.1982,210.8573,206.5712,207.8524,1641445200,1957800.0,2022-01-06 05:00:00
204.0087,211.991,202.6722,210.1567,1641531600,1760200.0,2022-01-07 05:00:00
204.4696,204.7553,197.8976,202.8289,1641790800,1926500.0,2022-01-10 05:00:00
209.7327,209.9263,203.4833,205.2438,1641877200,1755300.0,2022-01-11 05:00:00
211.0969,213.2906,208.1842,211.1337,1641963600,1263000.0,2022-01-12 05:00:00
204.4972,214.1755,203.3358,213.8345,1642050000,2911000.0,2022-01-13 05:00:00
207.6588,207.751,201.0038,201.5937,1642136400,1722900.0,2022-01-14 05:00:00
200.4047,203.8612,199.7779,202.7828,1642482000,2348200.0,2022-01-18 05:00:00
194.4411,203.1976,194.2844,200.884,1642568400,1888300.0,2022-01-19 05:00:00
183.9885,195.1969,183.8042,191.7219,1642654800,2885000.0,2022-01-20 05:00:00
184.3019,191.473,181.3984,181.8869,1642741200,3812000.0,2022-01-21 05:00:00
187.1777,187.5464,173.3516,180.5043,1643000400,3738900.0,2022-01-24 05:00:00
179.5273,184.2374,178.2553,181.7671,1643086800,3855600.0,2022-01-25 05:00:00
181.5459,189.1872,178.3936,184.7628,1643173200,3470600.0,2022-01-26 05:00:00
173.2502,185.2882,171.8031,185.1499,1643259600,3786000.0,2022-01-27 05:00:00
174.6237,174.6974,166.0238,171.8861,1643346000,4949100.0,2022-01-28 05:00:00
189.3623,189.7863,175.1306,175.4901,1643605200,5679900.0,2022-01-31 05:00:00
191.9062,194.4779,184.3572,192.6344,1643691600,4066200.0,2022-02-01 05:00:00
193.888,195.2522,189.5835,193.2244,1643778000,2863900.0,2022-02-02 05:00:00
182.8179,192.4593,182.3202,190.5421,1643864400,4263600.0,2022-02-03 05:00:00
182.6151,184.4494,175.8587,181.5551,1643950800,3205400.0,2022-02-04 05:00:00
181.509,186.1085,180.7163,182.8732,1644210000,2169500.0,2022-02-07 05:00:00
186.68,187.4082,180.744,181.8501,1644296400,2306000.0,2022-02-08 05:00:00
193.3441,193.5654,184.8088,189.4083,1644382800,3113000.0,2022-02-09 05:00:00
183.4724,193.2152,182.6244,188.3668,1644469200,2466800.0,2022-02-10 05:00:00
172.1257,185.2421,170.6878,184.3572,1644555600,3738600.0,2022-02-11 05:00:00
171.333,176.6699,169.5725,173.1396,1644814800,2039900.0,2022-02-14 05:00:00
181.2325,181.4906,174.4024,175.5915,1644901200,2809900.0,2022-02-15 05:00:00
184.0346,184.9379,177.8958,180.1541,1644987600,1969400.0,2022-02-16 05:00:00
172.9277,181.9976,172.7249,181.0297,1645074000,2762900.0,2022-02-17 05:00:00
172.4483,175.2597,170.697,173.9969,1645160400,2691700.0,2022-02-18 05:00:00
172.5866,176.6146,169.5172,170.6878,1645506000,2361700.0,2022-02-22 05:00:00
170.6602,179.3706,170.5496,175.573,1645592400,2612200.0,2022-02-23 05:00:00
176.4395,176.7252,164.3554,165.102,1645678800,3208600.0,2022-02-24 05:00:00
179.0019,179.1126,171.0565,175.5823,1645765200,2058600.0,2022-02-25 05:00:00
175.2412,177.647,172.1165,176.4487,1646024400,2741100.0,2022-02-28 05:00:00
167.0008,175.1214,165.2034,174.7711,1646110800,2997800.0,2022-03-01 05:00:00
173.6097,175.5638,168.3374,168.6969,1646197200,3191800.0,2022-03-02 05:00:00
170.2453,175.0568,169.6462,174.596,1646283600,2591600.0,2022-03-03 05:00:00
162.641,168.8904,160.5302,168.1991,1646370000,3190700.0,2022-03-04 05:00:00
156.4377,165.0836,156.281,163.8761,1646629200,2992500.0,2022-03-07 05:00:00
163.0558,170.9275,155.5344,157.2673,1646715600,4006600.0,2022-03-08 05:00:00
169.001,171.6925,167.941,168.6784,1646802000,3108900.0,2022-03-09 05:00:00
166.374,167.1299,162.0603,165.2127,1646888400,1899200.0,2022-03-10 05:00:00
164.5859,170.7708,164.2172,169.5817,1646974800,2176900.0,2022-03-11 05:00:00
159.0245,166.3687,157.6446,165.2018,1647230400,2515800.0,2022-03-14 04:00:00
165.2573,165.8037,159.9506,160.0895,1647316800,2183000.0,2022-03-15 04:00:00
174.4074,174.5,165.0165,167.9708,1647403200,2846100.0,2022-03-16 04:00:00
175.7503,176.2597,171.4624,173.2127,1647489600,1488800.0,2022-03-17 04:00:00
178.2045,178.6028,171.0363,173.6573,1647576000,3131900.0,2022-03-18 04:00:00
176.4356,178.9547,172.7497,176.769,1647835200,1895300.0,2022-03-21 04:00:00
173.8795,177.9915,173.6572,175.917,1647921600,2796900.0,2022-03-22 04:00:00
170.0269,174.6112,169.888,171.379,1648008000,1865300.0,2022-03-23 04:00:00
176.9635,177.2414,170.6381,174.2963,1648094400,2320500.0,2022-03-24 04:00:00
176.3893,177.6674,172.6292,177.4266,1648180800,1768600.0,2022-03-25 04:00:00
175.4262,176.0652,170.3973,174.463,1648440000,2490400.0,2022-03-28 04:00:00
180.3532,181.8442,176.6301,179.0936,1648526400,2083000.0,2022-03-29 04:00:00
173.4906,180.029,172.4718,178.5194,1648612800,1922300.0,2022-03-30 04:00:00
171.4068,175.2965,171.1104,174.5278,1648699200,2627100.0,2022-03-31 04:00:00
168.5729,173.2961,165.9149,173.2961,1648785600,2417300.0,2022-04-01 04:00:00
169.1192,171.1011,167.3318,168.295,1649044800,1844100.0,2022-04-04 04:00:00
162.1363,167.7949,160.0155,167.0725,1649131200,4234900.0,2022-04-05 04:00:00
161.1639,164.1552,157.2371,158.2281,1649217600,3754800.0,2022-04-06 04:00:00
160.1452,162.5901,156.9223,159.7654,1649304000,2016200.0,2022-04-07 04:00:00
155.1255,158.1077,153.051,157.9224,1649390400,5746400.0,2022-04-08 04:00:00
153.2918,155.7368,152.5787,153.2085,1649649600,3346900.0,2022-04-11 04:00:00
153.9494,157.8762,152.8844,157.2834,1649736000,3138900.0,2022-04-12 04:00:00
158.3947,158.7004,153.3937,155.1348,1649822400,2922800.0,2022-04-13 04:00:00
157.4409,159.7654,156.3203,158.6078,1649908800,2698300.0,2022-04-14 04:00:00
160.4507,163.6736,156.6536,157.163,1650254400,2138300.0,2022-04-18 04:00:00
165.4518,166.0353,157.6538,157.6538,1650340800,2979200.0,2022-04-19 04:00:00
165.5815,171.592,165.1925,167.3226,1650427200,2685000.0,2022-04-20 04:00:00
161.9326,169.6842,161.4788,167.869,1650513600,2346200.0,2022-04-21 04:00:00
158.1355,162.3771,157.4594,161.8492,1650600000,2165400.0,2022-04-22 04:00:00
160.071,160.6823,156.524,157.4038,1650859200,2781900.0,2022-04-25 04:00:00
155.3571,158.3299,154.9959,157.4223,1650945600,3369800.0,2022-04-26 04:00:00
158.1447,159.6728,153.4307,154.3383,1651032000,3342000.0,2022-04-27 04:00:00
164.1553,166.1742,157.728,159.3487,1651118400,3097200.0,2022-04-28 04:00:00
158.2744,164.9517,158.0336,161.5806,1651204800,2892900.0,2022-04-29 04:00:00
163.9237,164.4979,157.6816,159.5339,1651464000,2776200.0,2022-05-02 04:00:00
164.9147,166.1001,159.2746,160.9231,1651550400,3271600.0,2022-05-03 04:00:00
172.1847,172.2774,160.7749,167.3133,1651636800,3180600.0,2022-05-04 04:00:00
165.1925,168.9433,162.7938,167.2948,1651723200,3974000.0,2022-05-05 04:00:00
164.4608,168.8044,160.8953,163.9237,1651809600,2457400.0,2022-05-06 04:00:00
160.1266,163.7292,159.1542,162.0066,1652068800,3700100.0,2022-05-09 04:00:00
165.2573,168.3598,159.8673,164.8776,1652155200,3438500.0,2022-05-10 04:00:00
158.2466,165.4148,157.9502,162.9328,1652241600,3659800.0,2022-05-11 04:00:00
160.8305,162.1456,156.2369,157.3575,1652328000,2557000.0,2022-05-12 04:00:00
168.5451,169.5731,162.6364,163.8311,1652414400,2877900.0,2022-05-13 04:00:00
163.9145,167.7671,163.4514,166.7484,1652673600,1950000.0,2022-05-16 04:00:00
171.9254,172.1384,167.7486,168.5913,1652760000,2909600.0,2022-05-17 04:00:00
162.4326,171.6198,161.5528,169.0915,1652846400,2654300.0,2022-05-18 04:00:00
162.8031,166.6928,160.6823,162.1363,1652932800,1672800.0,2022-05-19 04:00:00
166.804,167.2115,160.8953,165.5444,1653019200,2744200.0,2022-05-20 04:00:00
167.3411,168.6099,163.6829,167.1096,1653278400,1891700.0,2022-05-23 04:00:00
165.8871,167.1188,162.6457,164.9517,1653364800,2200400.0,2022-05-24 04:00:00
170.99,171.8791,163.581,163.8126,1653451200,2294100.0,2022-05-25 04:00:00
178.399,179.1584,170.314,171.2679,1653537600,2883400.0,2022-05-26 04:00:00
181.4552,183.6316,179.7326,179.7326,1653624000,3266400.0,2022-05-27 04:00:00
175.741,181.057,174.3982,180.5754,1653969600,5124600.0,2022-05-31 04:00:00
170.9345,177.0654,168.4802,176.9635,1654056000,2552800.0,2022-06-01 04:00:00
174.0555,174.0833,169.8046,171.1197,1654142400,2443200.0,2022-06-02 04:00:00
168.897,171.4623,167.869,171.1845,1654228800,2311000.0,2022-06-03 04:00:00
166.7113,170.9252,164.0441,170.3973,1654488000,3169000.0,2022-06-06 04:00:00
168.3969,168.9989,163.0902,165.137,1654574400,2372700.0,2022-06-07 04:00:00
163.9886,168.1839,162.5901,168.0635,1654660800,2409900.0,2022-06-08 04:00:00
170.6104,180.3254,163.3496,163.4885,1654747200,10137500.0,2022-06-09 04:00:00
165.3777,169.4526,164.9147,166.452,1654833600,3610100.0,2022-06-10 04:00:00
156.0702,163.8496,155.3756,160.7008,1655092800,3899400.0,2022-06-13 04:00:00
156.6426,159.2675,154.7159,156.9777,1655179200,1892300.0,2022-06-14 04:00:00
157.2477,160.2448,153.6734,158.8952,1655265600,2355600.0,2022-06-15 04:00:00
147.3627,153.3477,145.2963,152.7985,1655352000,3994000.0,2022-06-16 04:00:00
146.9065,149.5779,145.7151,148.3399,1655438400,4907300.0,2022-06-17 04:00:00
148.0793,151.3092,147.3626,150.881,1655784000,2655400.0,2022-06-21 04:00:00
146.0875,148.6565,144.9426,145.2498,1655870400,2603900.0,2022-06-22 04:00:00
142.8856,147.009,140.8472,146.9438,1655956800,3186100.0,2022-06-23 04:00:00
148.2934,149.4383,144.7192,145.1939,1656043200,14800200.0,2022-06-24 04:00:00
147.8653,150.1923,146.739,150.1923,1656302400,2502600.0,2022-06-27 04:00:00
143.5464,153.0405,143.1648,149.2057,1656388800,3227300.0,2022-06-28 04:00:00
139.6371,143.1089,136.8075,142.2992,1656475200,3124800.0,2022-06-29 04:00:00
137.7848,139.2648,135.2531,137.0774,1656561600,4467500.0,2022-06-30 04:00:00
135.9792,139.1811,133.4195,136.519,1656648000,2531200.0,2022-07-01 04:00:00
135.8115,135.8953,130.6177,132.107,1656993600,3164600.0,2022-07-05 04:00:00
135.6626,137.6359,133.7545,135.7371,1657080000,2264300.0,2022-07-06 04:00:00
141.4987,142.3178,137.729,138.7249,1657166400,2362000.0,2022-07-07 04:00:00
143.6023,144.1607,139.665,140.3631,1657252800,1721900.0,2022-07-08 04:00:00
141.4428,143.8443,140.4376,141.6476,1657512000,2091500.0,2022-07-11 04:00:00
141.7034,144.0863,140.633,142.2712,1657598400,1864700.0,2022-07-12 04:00:00
144.2817,145.045,138.9204,139.2648,1657684800,2439700.0,2022-07-13 04:00:00
148.7589,149.1312,142.4109,144.0397,1657771200,2337100.0,2022-07-14 04:00:00
152.6309,153.6641,149.0102,150.0433,1657857600,2681700.0,2022-07-15 04:00:00
150.7135,154.4366,149.671,154.4366,1658116800,1985700.0,2022-07-18 04:00:00
158.6345,158.9882,152.7612,152.7612,1658203200,2174500.0,2022-07-19 04:00:00
164.2658,165.1966,156.6333,157.7223,1658289600,2410400.0,2022-07-20 04:00:00
167.4956,167.6725,162.8975,165.5875,1658376000,2215800.0,2022-07-21 04:00:00
163.0185,167.5421,160.7474,167.5421,1658462400,2413900.0,2022-07-22 04:00:00
162.0785,163.214,159.9749,162.6928,1658721600,3663100.0,2022-07-25 04:00:00
162.3856,165.5689,161.9667,165.178,1658808000,3852600.0,2022-07-26 04:00:00
168.8639,169.9995,165.1407,165.299,1658894400,3222900.0,2022-07-27 04:00:00
170.4462,171.1071,165.783,169.7109,1658980800,2275200.0,2022-07-28 04:00:00
171.1537,172.4475,168.6126,170.2042,1659067200,2527600.0,2022-07-29 04:00:00
171.7308,173.7692,169.4876,170.167,1659326400,1928500.0,2022-08-01 04:00:00
167.9796,171.0792,167.235,171.0233,1659412800,2645500.0,2022-08-02 04:00:00
172.7081,173.2945,168.3799,168.7057,1659499200,2187800.0,2022-08-03 04:00:00
171.5074,172.3823,169.8599,172.0379,1659585600,1627700.0,2022-08-04 04:00:00
169.0873,170.2973,165.3362,168.7336,1659672000,2240900.0,2022-08-05 04:00:00
167.5049,170.0274,165.0197,168.11,1659931200,1660200.0,2022-08-08 04:00:00
159.2023,165.1128,157.6199,164.2192,1660017600,3130500.0,2022-08-09 04:00:00
167.5143,167.7842,160.5054,163.2699,1660104000,2726200.0,2022-08-10 04:00:00
167.8959,171.9076,167.3002,168.7801,1660190400,1488600.0,2022-08-11 04:00:00
174.4952,174.5883,168.7708,169.2176,1660276800,2086000.0,2022-08-12 04:00:00
174.5882,176.0403,171.6469,173.1269,1660536000,1284500.0,2022-08-15 04:00:00
172.9873,174.579,171.9727,173.8436,1660622400,1297500.0,2022-08-16 04:00:00
167.747,170.4649,165.1128,170.4649,1660708800,1681000.0,2022-08-17 04:00:00
170.1112,172.1775,167.4398,168.1286,1660795200,1610100.0,2022-08-18 04:00:00
167.8494,170.4928,166.872,168.4171,1660881600,1620000.0,2022-08-19 04:00:00
160.5798,165.8481,160.1889,164.8149,1661140800,2155000.0,2022-08-22 04:00:00
161.9016,164.573,160.2355,160.2355,1661227200,1043700.0,2022-08-23 04:00:00
161.036,162.1995,158.5694,162.1995,1661313600,1237800.0,2022-08-24 04:00:00
166.63,166.7975,161.3338,161.3524,1661400000,1542800.0,2022-08-25 04:00:00
156.4844,166.2949,156.2052,165.7178,1661486400,2380500.0,2022-08-26 04:00:00
154.3994,156.9126,154.0457,155.1254,1661745600,1242100.0,2022-08-29 04:00:00
154.2505,157.0056,152.0445,155.9725,1661832000,1967200.0,2022-08-30 04:00:00
153.1894,155.5536,151.9328,154.5763,1661918400,2205500.0,2022-08-31 04:00:00
153.0219,153.2453,147.9118,150.6484,1662004800,2188600.0,2022-09-01 04:00:00
151.151,156.5682,150.1736,155.3116,1662091200,1696500.0,2022-09-02 04:00:00
149.6245,151.8677,148.0049,150.6577,1662436800,2031900.0,2022-09-06 04:00:00
152.0166,153.8875,149.2615,149.4011,1662523200,1689300.0,2022-09-07 04:00:00
153.9992,155.3395,149.5779,150.76,1662609600,1498600.0,2022-09-08 04:00:00
156.503,157.1825,154.1947,155.0417,1662696000,2098000.0,2022-09-09 04:00:00
157.3687,158.1412,155.4419,157.8154,1662955200,1280200.0,2022-09-12 04:00:00
144.7006,152.0911,144.2724,150.8345,1663041600,3863200.0,2022-09-13 04:00:00
149.2256,150.1427,144.2654,144.7053,1663128000,2807100.0,2022-09-14 04:00:00
149.4408,151.6027,146.7736,148.8606,1663214400,2340300.0,2022-09-15 04:00:00
149.6841,150.3767,146.7923,148.3926,1663300800,2506500.0,2022-09-16 04:00:00
152.6415,152.9035,147.6907,148.1212,1663560000,1582200.0,2022-09-19 04:00:00
150.5826,152.1268,149.2817,150.0678,1663646400,1358000.0,2022-09-20 04:00:00
148.9635,156.02,148.926,151.4716,1663732800,1528500.0,2022-09-21 04:00:00
145.1826,149.6467,144.2748,148.7296,1663819200,2090000.0,2022-09-22 04:00:00
143.133,143.5354,138.9028,142.9365,1663905600,2680300.0,2022-09-23 04:00:00
142.2065,145.0235,141.542,143.2359,1664164800,2167900.0,2022-09-26 04:00:00
143.6665,146.4648,141.0835,144.5088,1664251200,1741500.0,2022-09-27 04:00:00
146.4086,147.0263,142.506,143.1424,1664337600,2103800.0,2022-09-28 04:00:00
141.3268,145.0983,137.5271,144.0876,1664424000,2841100.0,2022-09-29 04:00:00
138.0512,142.9926,137.9763,140.1475,1664510400,2112800.0,2022-09-30 04:00:00
142.2158,144.0314,138.3226,139.9323,1664769600,2415500.0,2022-10-03 04:00:00
149.6373,149.7029,145.5195,146.446,1664856000,2392200.0,2022-10-04 04:00:00
150.9008,151.9396,145.1826,146.7736,1664942400,1904500.0,2022-10-05 04:00:00
148.7951,153.2873,148.6827,150.9195,1665028800,1559800.0,2022-10-06 04:00:00
142.0193,144.9392,140.7184,144.9392,1665115200,2752800.0,2022-10-07 04:00:00
138.0418,142.2159,136.7129,142.01,1665374400,1812000.0,2022-10-10 04:00:00
134.5323,136.4321,132.4827,135.7021,1665460800,3004200.0,2022-10-11 04:00:00
131.2848,134.5697,131.1444,133.4092,1665547200,2066900.0,2022-10-12 04:00:00
133.9895,135.9267,123.6106,125.5853,1665633600,3307200.0,2022-10-13 04:00:00
129.2352,136.2075,128.29,135.6085,1665720000,2893000.0,2022-10-14 04:00:00
132.2113,133.9895,130.5548,132.7167,1665979200,1972100.0,2022-10-17 04:00:00
131.9118,137.0872,128.8983,134.2422,1666065600,2218500.0,2022-10-18 04:00:00
132.2581,134.7476,130.8637,131.369,1666152000,2160400.0,2022-10-19 04:00:00
130.1243,134.5229,129.6845,132.9694,1666238400,2895700.0,2022-10-20 04:00:00
135.9361,136.2543,128.6924,129.8155,1666324800,2496400.0,2022-10-21 04:00:00
135.646,136.4228,131.4439,134.7756,1666584000,1921700.0,2022-10-24 04:00:00
139.2023,139.2491,135.5243,136.1139,1666670400,2831900.0,2022-10-25 04:00:00
137.8359,142.8522,134.8973,137.2838,1666756800,2023300.0,2022-10-26 04:00:00
135.8145,142.1223,135.5711,139.7545,1666843200,2197900.0,2022-10-27 04:00:00
141.9351,142.4311,135.7021,136.6006,1666929600,2552000.0,2022-10-28 04:00:00
136.7129,140.9244,136.2075,140.1663,1667188800,3307200.0,2022-10-31 04:00:00
142.1129,143.9847,138.3226,140.8308,1667275200,4306600.0,2022-11-01 04:00:00
139.0806,148.3365,138.8935,142.2065,1667361600,2976800.0,2022-11-02 04:00:00
135.5618,137.003,133.6058,137.003,1667448000,2373300.0,2022-11-03 04:00:00
141.3736,142.1036,137.5084,140.288,1667534400,2385700.0,2022-11-04 04:00:00
147.7749,148.0744,141.6075,142.9084,1667797200,2451100.0,2022-11-07 05:00:00
152.6509,154.5133,149.5251,151.0599,1667883600,2659200.0,2022-11-08 05:00:00
144.7988,150.7042,144.7146,149.6841,1667970000,2780100.0,2022-11-09 05:00:00
154.8596,155.1778,151.3032,153.4651,1668056400,4487700.0,2022-11-10 05:00:00
159.0429,160.0349,153.0533,155.8422,1668142800,2515200.0,2022-11-11 05:00:00
158.1725,161.5885,157.2647,157.2647,1668402000,1823400.0,2022-11-14 05:00:00
163.6006,165.332,160.8679,163.9843,1668488400,2335600.0,2022-11-15 05:00:00
156.1791,161.7757,154.8689,160.5403,1668574800,2204400.0,2022-11-16 05:00:00
159.1833,159.4734,152.1361,152.1361,1668661200,1460500.0,2022-11-17 05:00:00
160.9146,161.7476,158.3691,161.7382,1668747600,1533700.0,2022-11-18 05:00:00
158.0228,160.297,157.3396,159.5109,1669006800,1271200.0,2022-11-21 05:00:00
162.2904,162.3091,157.2273,158.8651,1669093200,1695500.0,2022-11-22 05:00:00
163.9657,167.5501,162.1688,162.9268,1669179600,1586500.0,2022-11-23 05:00:00
161.6166,164.2651,161.6166,163.7504,1669352400,735400.0,2022-11-25 05:00:00
153.5774,159.9039,152.9035,158.21,1669611600,2758000.0,2022-11-28 05:00:00
154.1295,155.5989,152.3514,154.1202,1669698000,1347300.0,2022-11-29 05:00:00
164.5646,165.332,152.1829,154.4852,1669784400,3654000.0,2022-11-30 05:00:00
162.3184,166.6515,162.0283,166.1649,1669870800,2083000.0,2022-12-01 05:00:00
160.0911,160.2221,156.5909,158.3223,1669957200,1620000.0,2022-12-02 05:00:00
157.5736,159.3798,155.8609,158.9212,1670216400,1208100.0,2022-12-05 05:00:00
152.6228,157.1056,150.8072,155.9732,1670302800,1904000.0,2022-12-06 05:00:00
153.437,153.7739,149.7403,151.0973,1670389200,1427200.0,2022-12-07 05:00:00
160.4748,160.8491,153.0439,154.0921,1670475600,2520300.0,2022-12-08 05:00:00
158.837,161.785,157.6016,158.8276,1670562000,1962000.0,2022-12-09 05:00:00
161.9722,162.1688,158.2568,158.9961,1670821200,2048400.0,2022-12-12 05:00:00
163.1327,169.0006,160.3063,169.0006,1670907600,3081300.0,2022-12-13 05:00:00
161.3506,164.9148,158.9337,162.9117,1670994000,1968700.0,2022-12-14 05:00:00
155.3224,159.5449,154.7863,158.2377,1671080400,2570300.0,2022-12-15 05:00:00
153.9681,155.5763,152.0308,154.5606,1671166800,3696400.0,2022-12-16 05:00:00
150.7236,154.5418,149.0873,154.5042,1671426000,1418200.0,2022-12-19 05:00:00
150.0089,151.617,147.7048,148.5794,1671512400,1101400.0,2022-12-20 05:00:00
153.6954,154.081,150.4791,151.2879,1671598800,1737500.0,2022-12-21 05:00:00
148.128,151.4195,144.7895,150.338,1671685200,2759100.0,2022-12-22 05:00:00
148.2785,148.4196,145.0152,146.9055,1671771600,1212300.0,2022-12-23 05:00:00
144.6202,146.2942,144.1124,146.2848,1672117200,1374900.0,2022-12-27 05:00:00
142.6641,145.6265,141.9118,143.7926,1672203600,1433300.0,2022-12-28 05:00:00
148.7017,150.1876,144.3475,145.6171,1672290000,2016600.0,2022-12-29 05:00:00
148.6171,148.7581,144.8929,146.266,1672376400,1021000.0,2022-12-30 05:00:00
145.8146,150.893,143.9902,150.2629,1672722000,1900300.0,2023-01-03 05:00:00
148.5512,150.8083,146.802,148.8522,1672808400,1678400.0,2023-01-04 05:00:00
144.3663,147.893,143.9807,146.8021,1672894800,1692400.0,2023-01-05 05:00:00
150.1217,150.6296,144.7236,146.5669,1672981200,2063200.0,2023-01-06 05:00:00
151.3819,154.6546,150.5073,152.6233,1673240400,1834400.0,2023-01-09 05:00:00
156.1782,156.3474,152.3318,153.8083,1673326800,2219700.0,2023-01-10 05:00:00
158.6797,158.8208,155.3882,156.733,1673413200,2019200.0,2023-01-11 05:00:00
160.0716,161.6327,157.4195,159.9587,1673499600,1705000.0,2023-01-12 05:00:00
161.5857,161.7079,158.2001,158.5763,1673586000,2006400.0,2023-01-13 05:00:00
160.1844,160.6076,157.7957,160.5418,1673931600,1991000.0,2023-01-17 05:00:00
160.5135,164.8584,160.3819,162.1499,1674018000,1565800.0,2023-01-18 05:00:00
155.1719,159.1781,155.0402,158.7455,1674104400,2163200.0,2023-01-19 05:00:00
158.4634,158.6327,154.476,156.6296,1674190800,2322300.0,2023-01-20 05:00:00
162.7236,165.2816,158.4728,159.1499,1674450000,3386200.0,2023-01-23 05:00:00
162.8553,163.8803,159.3945,160.7675,1674536400,1627000.0,2023-01-24 05:00:00
163.7298,163.9932,158.9148,160.664,1674622800,1328500.0,2023-01-25 05:00:00
169.2973,169.4665,164.3223,166.0998,1674709200,2996400.0,2023-01-26 05:00:00
170.7267,172.0433,166.5417,166.9179,1674795600,2078900.0,2023-01-27 05:00:00
168.7894,171.8552,168.1875,168.6577,1675054800,3948800.0,2023-01-30 05:00:00
173.3317,174.1217,167.3976,171.5261,1675141200,4265200.0,2023-01-31 05:00:00
182.3881,184.6075,172.8615,173.106,1675227600,4468400.0,2023-02-01 05:00:00
184.4759,185.9336,181.3443,183.827,1675314000,2815900.0,2023-02-02 05:00:00
179.5762,183.8082,179.3975,180.7423,1675400400,2654700.0,2023-02-03 05:00:00
176.2094,178.9649,175.0057,176.7173,1675659600,2059900.0,2023-02-06 05:00:00
181.7298,182.9618,176.8019,177.0276,1675746000,2270100.0,2023-02-07 05:00:00
176.7549,180.7047,176.1624,179.7737,1675832400,1935600.0,2023-02-08 05:00:00
178.5417,182.501,177.7612,179.8019,1675918800,2010600.0,2023-02-09 05:00:00
175.3631,176.9712,174.1593,176.6985,1676005200,1459700.0,2023-02-10 05:00:00
177.1593,177.9774,174.4132,175.8427,1676264400,1677700.0,2023-02-13 05:00:00
178.4853,179.106,174.4038,175.6828,1676350800,1864700.0,2023-02-14 05:00:00
181.7768,182.0213,176.9618,176.9618,1676437200,1482400.0,2023-02-15 05:00:00
179.8395,182.2658,179.059,179.059,1676523600,2173300.0,2023-02-16 05:00:00
177.2345,180.3004,175.4947,179.3505,1676610000,2206500.0,2023-02-17 05:00:00
170.6045,176.0402,170.3035,174.432,1676955600,2073800.0,2023-02-21 05:00:00
167.106,171.1499,166.2032,170.1248,1677042000,2205800.0,2023-02-22 05:00:00
170.2095,170.9901,166.5606,170.4822,1677128400,2013400.0,2023-02-23 05:00:00
166.3255,167.454,164.9242,167.1719,1677214800,1791500.0,2023-02-24 05:00:00
167.1531,169.8239,166.8615,169.4759,1677474000,1165800.0,2023-02-27 05:00:00
167.849,169.9555,166.0339,166.9838,1677560400,1227700.0,2023-02-28 05:00:00
168.2157,169.8709,166.9744,168.5919,1677646800,900300.0,2023-03-01 05:00:00
169.8709,170.4351,163.7957,165.6859,1677733200,1171500.0,2023-03-02 05:00:00
172.0621,172.269,168.1405,170.5762,1677819600,1285900.0,2023-03-03 05:00:00
169.222,173.6703,168.2158,173.0496,1678078800,1088700.0,2023-03-06 05:00:00
166.8333,170.0402,165.6672,169.664,1678165200,1330900.0,2023-03-07 05:00:00
171.6389,171.7706,167.7549,167.7549,1678251600,2072400.0,2023-03-08 05:00:00
169.1186,174.2722,168.0277,172.0151,1678338000,1961500.0,2023-03-09 05:00:00
164.6233,171.1311,164.1154,171.0841,1678424400,2263000.0,2023-03-10 05:00:00
164.5104,167.2283,161.1719,162.7142,1678680000,2225200.0,2023-03-13 04:00:00
169.1492,169.5654,166.0939,167.6925,1678766400,2104700.0,2023-03-14 04:00:00
165.1575,167.5885,162.2724,166.8034,1678852800,2497500.0,2023-03-15 04:00:00
169.783,170.4168,162.8494,163.748,1678939200,1886800.0,2023-03-16 04:00:00
167.702,170.4546,166.6709,169.8303,1679025600,2933400.0,2023-03-17 04:00:00
170.7857,171.3438,167.0209,167.9574,1679284800,1127800.0,2023-03-20 04:00:00
170.7006,173.8789,168.3736,172.3843,1679371200,1531800.0,2023-03-21 04:00:00
167.0682,173.3491,166.9358,170.3978,1679457600,1858200.0,2023-03-22 04:00:00
172.1951,174.522,168.4587,168.9789,1679544000,2225300.0,2023-03-23 04:00:00
167.002,171.9681,165.252,171.637,1679630400,2280600.0,2023-03-24 04:00:00
164.7791,169.2154,164.0886,167.352,1679889600,2162800.0,2023-03-27 04:00:00
163.8426,164.5237,160.7211,164.5237,1679976000,2318000.0,2023-03-28 04:00:00
169.3195,169.9911,165.1669,167.3331,1680062400,2398600.0,2023-03-29 04:00:00
171.7978,174.1815,170.8235,171.5897,1680148800,2075900.0,2023-03-30 04:00:00
176.3949,176.7166,170.6059,170.937,1680235200,2081200.0,2023-03-31 04:00:00
172.1383,175.9409,170.587,175.4963,1680494400,1623900.0,2023-04-03 04:00:00
166.5952,172.6397,166.2169,172.6302,1680580800,1644200.0,2023-04-04 04:00:00
163.6629,165.5264,162.0643,164.9777,1680667200,2191000.0,2023-04-05 04:00:00
160.9008,163.4264,160.7873,162.7927,1680753600,1930700.0,2023-04-06 04:00:00
163.0859,163.1899,158.9617,159.69,1681099200,1746500.0,2023-04-10 04:00:00
162.5845,165.5358,162.367,164.9872,1681185600,1589000.0,2023-04-11 04:00:00
161.0143,164.9021,160.5981,163.9372,1681272000,1726800.0,2023-04-12 04:00:00
162.6224,163.7481,160.3427,161.1562,1681358400,1648300.0,2023-04-13 04:00:00
163.0291,165.3183,161.2792,162.8305,1681444800,1492400.0,2023-04-14 04:00:00
165.0723,165.2804,161.6103,161.6103,1681704000,1218400.0,2023-04-17 04:00:00
166.2736,167.8817,165.1101,166.879,1681790400,1369300.0,2023-04-18 04:00:00
163.4453,165.1385,163.1237,164.1359,1681876800,1196100.0,2023-04-19 04:00:00
160.4468,163.0859,154.4118,157.4482,1681963200,2490700.0,2023-04-20 04:00:00
160.6359,160.9292,156.5874,159.8603,1682049600,1827400.0,2023-04-21 04:00:00
160.7022,161.5062,159.3495,160.636,1682308800,1066300.0,2023-04-24 04:00:00
155.6037,159.6522,153.5321,159.6522,1682395200,2611500.0,2023-04-25 04:00:00
156.4077,158.0063,154.6199,156.1144,1682481600,1924500.0,2023-04-26 04:00:00
152.4727,153.1065,146.9107,151.347,1682568000,4130700.0,2023-04-27 04:00:00
154.8848,154.9604,150.9024,152.2929,1682654400,2969600.0,2023-04-28 04:00:00
157.032,157.4482,154.8753,155.3482,1682913600,4321900.0,2023-05-01 04:00:00
162.2346,167.3142,159.6333,163.9656,1683000000,5403200.0,2023-05-02 04:00:00
158.4982,163.1899,157.9117,162.9345,1683086400,2363400.0,2023-05-03 04:00:00
154.9321,158.2995,153.9483,157.9495,1683172800,2363600.0,2023-05-04 04:00:00
157.7982,158.3847,153.5226,155.8307,1683259200,2405200.0,2023-05-05 04:00:00
158.9617,159.2454,156.5212,157.9022,1683518400,1306500.0,2023-05-08 04:00:00
156.1618,156.8617,154.4402,156.455,1683604800,1963000.0,2023-05-09 04:00:00
156.2658,159.1035,155.8212,158.4887,1683691200,1490300.0,2023-05-10 04:00:00
154.5158,157.1739,152.5105,155.0361,1683777600,1471000.0,2023-05-11 04:00:00
155.6509,156.3131,153.5983,155.4428,1683864000,1020600.0,2023-05-12 04:00:00
158.8482,159.0752,155.1685,155.651,1684123200,1448200.0,2023-05-15 04:00:00
156.9185,159.5197,156.8144,158.1671,1684209600,1279000.0,2023-05-16 04:00:00
161.9886,162.4427,158.3847,158.7252,1684296000,2081100.0,2023-05-17 04:00:00
166.1412,166.3587,162.8305,163.5304,1684382400,2910600.0,2023-05-18 04:00:00
165.498,167.4276,164.7034,167.1533,1684468800,1988000.0,2023-05-19 04:00:00
167.7776,168.4398,164.1547,164.779,1684728000,1485400.0,2023-05-22 04:00:00
165.5925,167.7776,164.8169,166.7844,1684814400,1832900.0,2023-05-23 04:00:00
157.5144,162.3859,156.4455,162.0454,1684900800,3235200.0,2023-05-24 04:00:00
162.0738,162.5846,154.4307,156.0861,1684987200,2833300.0,2023-05-25 04:00:00
171.3816,172.7059,163.9845,164.5521,1685073600,3605700.0,2023-05-26 04:00:00
172.2235,176.4896,170.6816,174.995,1685419200,2217300.0,2023-05-30 04:00:00
169.4141,172.2235,168.2695,170.9181,1685505600,5289800.0,2023-05-31 04:00:00
171.2113,173.0653,167.2952,170.4356,1685592000,2388900.0,2023-06-01 04:00:00
171.7789,174.0396,169.0073,173.3302,1685678400,1547500.0,2023-06-02 04:00:00
167.0115,172.1478,165.8291,171.9965,1685937600,1894500.0,2023-06-05 04:00:00
171.4572,172.0342,165.2142,165.9709,1686024000,1688100.0,2023-06-06 04:00:00
176.3666,179.6489,172.337,172.6302,1686110400,2225600.0,2023-06-07 04:00:00
177.322,178.6084,176.1585,177.1139,1686196800,1622000.0,2023-06-08 04:00:00
174.995,179.8948,174.3045,178.8733,1686283200,2013000.0,2023-06-09 04:00:00
179.1098,179.4597,175.1085,176.8868,1686542400,2831400.0,2023-06-12 04:00:00
186.8168,188.1197,180.7018,180.8825,1686628800,3564400.0,2023-06-13 04:00:00
186.1035,189.7744,184.5914,186.3413,1686715200,3289500.0,2023-06-14 04:00:00
186.1605,187.4064,183.0032,183.4692,1686801600,2454600.0,2023-06-15 04:00:00
188.1577,189.4225,185.9133,188.4905,1686888000,4520100.0,2023-06-16 04:00:00
185.8277,188.2147,183.8021,185.7421,1687233600,2022100.0,2023-06-20 04:00:00
183.8116,186.2271,183.298,184.7245,1687320000,2077200.0,2023-06-21 04:00:00
185.1144,185.9989,181.1773,182.0237,1687406400,1473300.0,2023-06-22 04:00:00
179.4464,182.5276,179.2657,181.1677,1687492800,1886400.0,2023-06-23 04:00:00
182.7845,185.6945,180.2453,180.6827,1687752000,1438500.0,2023-06-26 04:00:00
190.5067,190.6779,181.415,182.5943,1687838400,2192500.0,2023-06-27 04:00:00
187.8819,190.0312,186.7787,187.2542,1687924800,1511500.0,2023-06-28 04:00:00
189.9741,190.6684,185.5709,187.8629,1688011200,1613300.0,2023-06-29 04:00:00
194.6531,195.8894,191.1058,192.9603,1688097600,2521500.0,2023-06-30 04:00:00
196.9831,198.4096,193.626,195.471,1688356800,1089200.0,2023-07-03 04:00:00
193.6926,196.5646,192.675,194.9574,1688529600,2368400.0,2023-07-05 04:00:00
194.3583,194.6151,190.2309,190.6588,1688616000,2721300.0,2023-07-06 04:00:00
194.0635,197.4871,193.5594,193.5594,1688702400,1847800.0,2023-07-07 04:00:00
200.1119,200.7301,195.7753,196.0511,1688961600,3146400.0,2023-07-10 04:00:00
200.6159,201.1295,197.6868,200.4733,1689048000,1588300.0,2023-07-11 04:00:00
201.4814,204.2773,200.2831,203.7543,1689134400,2568100.0,2023-07-12 04:00:00
205.9131,206.2079,201.9854,202.109,1689220800,2061300.0,2023-07-13 04:00:00
202.128,206.0652,201.0058,205.1332,1689307200,1971000.0,2023-07-14 04:00:00
208.8612,210.4113,201.5764,202.128,1689566400,2474900.0,2023-07-17 04:00:00
212.7033,213.407,207.682,208.1384,1689652800,2130700.0,2023-07-18 04:00:00
209.4889,213.331,209.4033,212.1422,1689739200,2207400.0,2023-07-19 04:00:00
201.5669,207.9007,200.0928,206.1603,1689825600,3362000.0,2023-07-20 04:00:00
202.8508,205.7324,202.7177,203.6592,1689912000,5324200.0,2023-07-21 04:00:00
200.5494,204.0491,199.8266,202.537,1690171200,4983500.0,2023-07-24 04:00:00
209.118,211.2768,205.875,208.2716,1690257600,3839200.0,2023-07-25 04:00:00
207.777,209.7647,205.1332,207.3015,1690344000,2204200.0,2023-07-26 04:00:00
210.9249,214.5197,208.3857,212.2943,1690430400,3403400.0,2023-07-27 04:00:00
212.3704,214.3961,209.8217,214.2724,1690516800,1994200.0,2023-07-28 04:00:00
212.0566,214.1678,211.1817,212.456,1690776000,1494900.0,2023-07-31 04:00:00
212.5321,213.331,210.1736,210.5635,1690862400,1308700.0,2023-08-01 04:00:00
205.7989,209.5554,205.3615,209.2987,1690948800,3372000.0,2023-08-02 04:00:00
205.371,207.0733,201.4053,202.594,1691035200,2484300.0,2023-08-03 04:00:00
203.2312,205.0762,199.1609,200.0834,1691121600,2888600.0,2023-08-04 04:00:00
208.0148,208.1955,203.526,205.4185,1691380800,1524200.0,2023-08-07 04:00:00
206.2649,206.845,202.8127,204.4675,1691467200,1862400.0,2023-08-08 04:00:00
203.8684,207.9672,203.6401,206.7309,1691553600,2069400.0,2023-08-09 04:00:00
201.5955,207.9007,200.635,207.0353,1691640000,1750600.0,2023-08-10 04:00:00
194.1966,198.9707,192.9698,198.9707,1691726400,2703800.0,2023-08-11 04:00:00
197.0972,197.1923,192.637,193.1505,1691985600,1757300.0,2023-08-14 04:00:00
191.8571,195.4139,191.0107,195.024,1692072000,1944000.0,2023-08-15 04:00:00
187.1021,193.0173,186.1986,192.5038,1692158400,2400400.0,2023-08-16 04:00:00
185.0003,188.5381,184.1254,188.1196,1692244800,1970200.0,2023-08-17 04:00:00
186.9404,188.1006,182.9746,183.1173,1692331200,1989300.0,2023-08-18 04:00:00
191.743,192.6274,186.9404,186.9404,1692590400,1946300.0,2023-08-21 04:00:00
189.879,194.2822,188.8329,193.7686,1692676800,1428500.0,2023-08-22 04:00:00
191.2485,192.3706,184.0208,184.0208,1692763200,2256800.0,2023-08-23 04:00:00
184.3251,193.3312,183.764,193.3122,1692849600,2888100.0,2023-08-24 04:00:00
186.5885,187.2447,183.6309,185.2666,1692936000,2358800.0,2023-08-25 04:00:00
189.4701,190.9727,187.8343,187.8343,1693195200,1456600.0,2023-08-28 04:00:00
195.1096,195.8704,187.5871,187.5871,1693281600,1683400.0,2023-08-29 04:00:00
195.7943,196.1842,192.4563,194.9099,1693368000,1962200.0,2023-08-30 04:00:00
195.6421,197.6202,193.4263,195.2142,1693454400,3461000.0,2023-08-31 04:00:00
199.6744,199.8646,195.2617,197.2589,1693540800,1583400.0,2023-09-01 04:00:00
197.4015,200.2545,197.1733,198.6378,1693886400,1443500.0,2023-09-05 04:00:00
197.6107,199.6554,195.4139,196.9926,1693972800,1582900.0,2023-09-06 04:00:00
194.0159,195.2142,192.209,193.8067,1694059200,1847200.0,2023-09-07 04:00:00
193.103,195.4329,192.0188,194.0159,1694145600,1220100.0,2023-09-08 04:00:00
193.5309,195.0525,190.9061,194.8243,1694404800,1101800.0,2023-09-11 04:00:00
190.677,195.1787,190.5049,191.9482,1694491200,1301700.0,2023-09-12 04:00:00
191.5372,195.236,190.3424,190.3424,1694577600,1897600.0,2023-09-13 04:00:00
193.7259,194.4236,190.1226,193.5825,1694664000,1293900.0,2023-09-14 04:00:00
188.6507,193.4391,187.6567,192.9039,1694750400,4381800.0,2023-09-15 04:00:00
190.4762,190.9541,187.8287,188.1537,1695009600,1483800.0,2023-09-18 04:00:00
190.3329,190.7534,187.6854,189.9219,1695096000,1307800.0,2023-09-19 04:00:00
186.3377,192.5407,186.1275,191.5276,1695182400,1131700.0,2023-09-20 04:00:00
185.4202,187.5325,184.5026,184.9805,1695268800,1711800.0,2023-09-21 04:00:00
188.0868,190.1608,185.9076,186.8921,1695355200,1523200.0,2023-09-22 04:00:00
189.358,189.5013,186.0892,186.9208,1695614400,1045400.0,2023-09-25 04:00:00
186.3664,188.7941,185.4775,188.2875,1695700800,1538600.0,2023-09-26 04:00:00
188.0008,189.5013,185.5444,188.3162,1695787200,1156400.0,2023-09-27 04:00:00
191.6614,193.7832,187.4464,188.3735,1695873600,1198200.0,2023-09-28 04:00:00
191.0784,194.4045,189.9697,193.8023,1695960000,1170500.0,2023-09-29 04:00:00
191.3364,193.4965,188.7845,191.9003,1696219200,1227700.0,2023-10-02 04:00:00
186.5671,192.5694,185.5062,189.1477,1696305600,2468300.0,2023-10-03 04:00:00
189.4249,190.0557,185.9745,187.1119,1696392000,1610000.0,2023-10-04 04:00:00
186.806,190.2946,184.321,189.616,1696478400,1415800.0,2023-10-05 04:00:00
190.2182,191.9099,183.6425,185.6114,1696564800,1837400.0,2023-10-06 04:00:00
189.358,190.1035,185.8981,188.0677,1696824000,860100.0,2023-10-09 04:00:00
192.8275,194.9779,189.4536,190.0653,1696910400,1216700.0,2023-10-10 04:00:00
194.4618,195.8381,192.6841,192.9135,1696996800,1646200.0,2023-10-11 04:00:00
193.4105,197.0233,191.6328,195.3029,1697083200,2120800.0,2023-10-12 04:00:00
185.8981,193.5538,184.6747,193.42,1697169600,2439100.0,2023-10-13 04:00:00
190.9445,191.3938,186.3855,187.1119,1697428800,1963800.0,2023-10-16 04:00:00
188.9757,191.3842,185.8598,188.5934,1697515200,1274900.0,2023-10-17 04:00:00
184.6556,186.9685,182.1706,185.8981,1697601600,1908700.0,2023-10-18 04:00:00
179.6186,185.468,178.8254,185.2386,1697688000,3027800.0,2023-10-19 04:00:00
177.5446,180.1921,176.2447,179.3223,1697774400,2155000.0,2023-10-20 04:00:00
174.2854,177.8409,173.1576,175.7764,1698033600,1700500.0,2023-10-23 04:00:00
175.4897,176.2734,172.8805,174.8302,1698120000,2337300.0,2023-10-24 04:00:00
168.1589,173.3774,167.4612,172.7275,1698206400,2923600.0,2023-10-25 04:00:00
171.6188,177.0954,169.5543,170.5961,1698292800,3048600.0,2023-10-26 04:00:00
171.2078,173.9127,169.6977,173.0047,1698379200,1448100.0,2023-10-27 04:00:00
162.6536,165.3489,159.815,164.7754,1698638400,4475200.0,2023-10-30 04:00:00
164.8041,165.2151,160.5032,163.2367,1698724800,2588800.0,2023-10-31 04:00:00
164.8902,165.0431,160.0922,163.9822,1698811200,2889100.0,2023-11-01 04:00:00
169.7359,170.4719,165.6452,167.2605,1698897600,2472700.0,2023-11-02 04:00:00
173.5208,175.6235,171.0167,171.8769,1698984000,3690000.0,2023-11-03 04:00:00
174.7155,176.2639,172.4599,174.4288,1699246800,4400000.0,2023-11-06 05:00:00
177.5828,183.0212,170.3094,170.3667,1699333200,4285000.0,2023-11-07 05:00:00
175.2412,176.4933,172.1445,172.5172,1699419600,2521700.0,2023-11-08 05:00:00
172.3548,176.3882,171.6953,176.2543,1699506000,2662100.0,2023-11-09 05:00:00
178.4144,179.5326,172.7371,175.1552,1699592400,3055900.0,2023-11-10 05:00:00
176.6653,177.1814,173.9127,176.8182,1699851600,1845400.0,2023-11-13 05:00:00
186.2708,187.1406,181.7596,182.572,1699938000,2876700.0,2023-11-14 05:00:00
191.8717,193.6876,187.7427,187.7427,1700024400,2807500.0,2023-11-15 05:00:00
191.9194,194.0891,190.7821,191.518,1700110800,2333200.0,2023-11-16 05:00:00
192.0533,193.2576,190.1991,192.0437,1700197200,1658800.0,2023-11-17 05:00:00
194.3471,195.7234,191.9099,192.1106,1700456400,2086600.0,2023-11-20 05:00:00
191.5754,193.4773,189.7212,193.0664,1700542800,2312900.0,2023-11-21 05:00:00
190.7534,195.9146,190.4571,192.9517,1700629200,1501100.0,2023-11-22 05:00:00
191.2695,191.9003,189.702,190.2277,1700802000,835000.0,2023-11-24 05:00:00
190.8299,192.1393,189.2433,190.2468,1701061200,1023200.0,2023-11-27 05:00:00
191.1835,192.9517,189.5874,191.1548,1701147600,1263500.0,2023-11-28 05:00:00
195.2934,198.6099,193.3053,194.7294,1701234000,2149200.0,2023-11-29 05:00:00
195.0544,196.4307,192.837,196.1057,1701320400,2269500.0,2023-11-30 05:00:00
196.5836,197.4056,193.4774,194.978,1701406800,1363000.0,2023-12-01 05:00:00
197.1571,197.3578,194.414,195.0353,1701666000,1638500.0,2023-12-04 05:00:00
196.727,197.224,193.7163,195.5227,1701752400,1936900.0,2023-12-05 05:00:00
196.813,201.0375,196.2969,199.3171,1701838800,2052500.0,2023-12-06 05:00:00
202.3374,203.7233,197.6732,198.6099,1701925200,2487800.0,2023-12-07 05:00:00
206.0171,207.6228,201.4772,202.0793,1702011600,2609700.0,2023-12-08 05:00:00
210.796,212.0863,206.409,206.8582,1702270800,2936800.0,2023-12-11 05:00:00
210.4062,212.8835,210.0509,210.8671,1702357200,1847200.0,2023-12-12 05:00:00
212.5186,214.1797,208.8698,210.579,1702443600,2001600.0,2023-12-13 05:00:00
223.4167,223.964,214.1221,214.8998,1702530000,3894400.0,2023-12-14 05:00:00
223.6567,228.7842,223.5319,225.8076,1702616400,3936700.0,2023-12-15 05:00:00
220.2001,224.5497,218.2221,223.916,1702875600,2531800.0,2023-12-18 05:00:00
220.2481,222.0725,219.5184,221.2371,1702962000,1722300.0,2023-12-19 05:00:00
214.0261,220.7954,213.8148,219.4607,1703048400,2483900.0,2023-12-20 05:00:00
220.1233,220.7186,217.502,217.9341,1703134800,1905500.0,2023-12-21 05:00:00
219.8352,222.9078,218.7022,221.7076,1703221200,1033500.0,2023-12-22 05:00:00
222.7158,223.9928,220.2385,220.8434,1703566800,1159900.0,2023-12-26 05:00:00
222.8598,224.5881,221.4675,223.5703,1703653200,919200.0,2023-12-27 05:00:00
221.8708,224.0793,221.4579,223.8872,1703739600,946400.0,2023-12-28 05:00:00
220.5362,222.7254,218.6638,221.8708,1703826000,1105200.0,2023-12-29 05:00:00
212.3745,218.2125,209.8685,218.2125,1704171600,2668500.0,2024-01-02 05:00:00
207.4776,209.5612,205.5572,208.9179,1704258000,1923900.0,2024-01-03 05:00:00
199.4888,202.1581,195.9937,196.1762,1704344400,3880700.0,2024-01-04 05:00:00
197.53,200.6411,196.5122,199.7097,1704430800,2246400.0,2024-01-05 05:00:00
203.7232,204.549,199.0087,199.0471,1704690000,1923600.0,2024-01-08 05:00:00
203.2816,204.5874,199.4504,199.8441,1704776400,2023300.0,2024-01-09 05:00:00
202.8783,204.0497,198.9319,203.4256,1704862800,1759400.0,2024-01-10 05:00:00
203.0703,204.0305,199.0567,202.5902,1704949200,2138900.0,2024-01-11 05:00:00
200.7851,203.7617,199.3064,202.8879,1705035600,1247700.0,2024-01-12 05:00:00
200.6699,203.2912,198.0965,202.3022,1705381200,1749600.0,2024-01-16 05:00:00
197.2996,197.7989,193.5548,197.7317,1705467600,2146700.0,2024-01-17 05:00:00
203.1855,204.2129,200.641,202.3214,1705554000,3148700.0,2024-01-18 05:00:00
209.6668,210.7134,204.0017,204.8467,1705640400,2750100.0,2024-01-19 05:00:00
210.1277,214.1221,208.697,210.8863,1705899600,2445200.0,2024-01-22 05:00:00
215.0151,215.9177,210.7134,211.5776,1705986000,2485100.0,2024-01-23 05:00:00
212.8643,215.9177,210.9055,213.8628,1706072400,2798800.0,2024-01-24 05:00:00
210.675,214.9767,209.1579,214.1125,1706158800,2552700.0,2024-01-25 05:00:00
206.5558,210.2333,205.826,209.4364,1706245200,2424400.0,2024-01-26 05:00:00
208.8123,208.9083,204.7987,208.2937,1706504400,1828000.0,2024-01-29 05:00:00
206.6038,208.601,205.7012,206.9687,1706590800,1708200.0,2024-01-30 05:00:00
202.187,206.7479,201.3996,204.405,1706677200,3150700.0,2024-01-31 05:00:00
204.5298,205.5188,201.1019,203.2624,1706763600,1968600.0,2024-02-01 05:00:00
206.431,206.9783,201.5052,201.7933,1706850000,2136300.0,2024-02-02 05:00:00
212.2209,214.5254,209.3212,209.6668,1707109200,4119400.0,2024-02-05 05:00:00
214.1221,216.4457,210.1277,212.1825,1707195600,3949300.0,2024-02-06 05:00:00
212.557,216.0425,209.9069,216.0425,1707282000,2789000.0,2024-02-07 05:00:00
218.7598,219.7392,212.6242,212.6242,1707368400,2815200.0,2024-02-08 05:00:00
224.2521,224.3577,219.2399,220.7186,1707454800,2621400.0,2024-02-09 05:00:00
227.2575,231.6551,223.82,224.6842,1707714000,2787800.0,2024-02-12 05:00:00
222.831,224.905,219.019,220.9394,1707800400,2723700.0,2024-02-13 05:00:00
224.6458,226.0861,223.1767,224.6458,1707886800,1824900.0,2024-02-14 05:00:00
225.1546,228.6497,224.713,226.0476,1707973200,2078400.0,2024-02-15 05:00:00
222.9174,227.2671,222.0917,225.1643,1708059600,1476100.0,2024-02-16 05:00:00
222.1397,222.9558,218.2605,220.8434,1708405200,2140300.0,2024-02-20 05:00:00
225.9516,225.9804,220.5265,220.8626,1708491600,1639800.0,2024-02-21 05:00:00
229.9652,232.7498,227.6704,231.8568,1708578000,3173300.0,2024-02-22 05:00:00
229.3411,231.7224,228.0448,231.2327,1708664400,1817800.0,2024-02-23 05:00:00
234.0844,235.2462,230.5893,230.791,1708923600,1596000.0,2024-02-26 05:00:00
235.9472,242.7645,235.2463,236.0912,1709010000,2438300.0,2024-02-27 05:00:00
234.2668,236.0816,232.3657,233.4315,1709096400,1489200.0,2024-02-28 05:00:00
239.7879,240.3352,235.88,238.0692,1709182800,3374700.0,2024-02-29 05:00:00
247.2582,248.7657,240.3256,241.8523,1709269200,2444700.0,2024-03-01 05:00:00
244.176,249.1594,243.6287,249.1594,1709528400,2667600.0,2024-03-04 05:00:00
238.5685,244.1568,236.965,241.6891,1709614800,2319800.0,2024-03-05 05:00:00
241.2474,245.1938,240.3736,242.0348,1709701200,2527800.0,2024-03-06 05:00:00
248.7273,253.7395,243.091,243.6191,1709787600,2942200.0,2024-03-07 05:00:00
241.9964,252.4432,241.7659,249.5723,1709874000,2482000.0,2024-03-08 05:00:00
243.2062,244.1856,239.7784,240.6521,1710129600,2020500.0,2024-03-11 04:00:00
247.2102,247.7191,241.7083,245.9907,1710216000,2104300.0,2024-03-12 04:00:00
240.9882,244.224,240.2008,243.5903,1710302400,2457700.0,2024-03-13 04:00:00
234.0268,241.3435,231.7128,240.3833,1710388800,3520100.0,2024-03-14 04:00:00
228.0833,229.7828,223.724,225.1547,1710475200,5827300.0,2024-03-15 04:00:00
227.1999,232.3561,226.9022,230.6085,1710734400,2236700.0,2024-03-18 04:00:00
226.9694,228.669,224.2425,225.558,1710820800,2172300.0,2024-03-19 04:00:00
232.6628,233.116,226.1825,227.1758,1710907200,2102500.0,2024-03-20 04:00:00
237.3301,241.0621,235.8354,237.8509,1710993600,2926600.0,2024-03-21 04:00:00
235.6136,238.3619,234.6397,235.6329,1711080000,2236400.0,2024-03-22 04:00:00
231.766,233.8682,230.0977,232.306,1711339200,1703500.0,2024-03-25 04:00:00
230.5316,234.6493,230.2713,233.55,1711425600,1443100.0,2024-03-26 04:00:00
236.6841,237.3591,231.901,233.6079,1711512000,1631200.0,2024-03-27 04:00:00
238.9309,239.4516,236.2597,237.118,1711598400,1731400.0,2024-03-28 04:00:00
237.4941,242.8846,236.1054,239.5192,1711944000,1478200.0,2024-04-01 04:00:00
232.1806,235.1218,231.0524,235.1218,1712030400,1607900.0,2024-04-02 04:00:00
235.1797,235.5943,229.5094,230.5606,1712116800,1061600.0,2024-04-03 04:00:00
230.6377,239.2395,229.4805,238.4102,1712203200,2501000.0,2024-04-04 04:00:00
232.4121,232.9039,230.3291,231.6792,1712289600,1617400.0,2024-04-05 04:00:00
236.1826,237.4265,233.2896,233.5114,1712548800,1188100.0,2024-04-08 04:00:00
242.8461,242.9714,237.5808,238.3909,1712635200,1706200.0,2024-04-09 04:00:00
232.4796,239.6445,231.631,237.928,1712721600,2028200.0,2024-04-10 04:00:00
235.6136,236.1633,231.9395,234.1864,1712808000,1736500.0,2024-04-11 04:00:00
225.2761,232.2963,224.4564,231.0717,1712894400,2597800.0,2024-04-12 04:00:00
221.901,229.0273,220.2423,229.0177,1713153600,2304200.0,2024-04-15 04:00:00
222.4506,224.2539,219.8469,223.3571,1713240000,1652700.0,2024-04-16 04:00:00
218.8247,223.2028,217.7832,222.8267,1713326400,1970900.0,2024-04-17 04:00:00
211.5248,215.411,209.5961,214.0802,1713412800,3494900.0,2024-04-18 04:00:00
207.4457,212.4795,205.4206,211.5248,1713499200,2760700.0,2024-04-19 04:00:00
210.8594,212.3445,206.6839,210.869,1713758400,2230200.0,2024-04-22 04:00:00
217.5614,218.7958,211.0426,211.2065,1713844800,3024100.0,2024-04-23 04:00:00
226.655,229.2105,224.0321,227.0601,1713931200,3810700.0,2024-04-24 04:00:00
229.5866,231.0427,225.4111,228.4101,1714017600,2052400.0,2024-04-25 04:00:00
234.0418,235.5751,227.9569,228.4969,1714104000,2059400.0,2024-04-26 04:00:00
238.3137,239.0948,233.4921,234.09,1714363200,2976300.0,2024-04-29 04:00:00
247.0505,251.8336,241.5731,248.5259,1714449600,4800100.0,2024-04-30 04:00:00
240.5317,248.9985,237.7544,244.3119,1714536000,3538400.0,2024-05-01 04:00:00
245.1894,246.2791,236.4526,244.3986,1714622400,2317200.0,2024-05-02 04:00:00
248.6513,252.7593,247.9377,251.6889,1714708800,2513200.0,2024-05-03 04:00:00
250.3678,251.1971,247.5134,250.011,1714968000,2213600.0,2024-05-06 04:00:00
249.4228,252.6533,249.1142,251.2743,1715054400,1605300.0,2024-05-07 04:00:00
250.9271,251.0043,246.4623,246.4623,1715140800,1636500.0,2024-05-08 04:00:00
251.4961,252.5376,248.8731,251.2164,1715227200,1777800.0,2024-05-09 04:00:00
252.3929,254.5819,250.8982,253.1354,1715313600,1072300.0,2024-05-10 04:00:00
254.5144,257.1181,253.6176,254.5723,1715572800,1395200.0,2024-05-13 04:00:00
258.1113,258.8538,254.524,255.2569,1715659200,1618400.0,2024-05-14 04:00:00
262.2965,262.5762,258.1981,260.5222,1715745600,2231500.0,2024-05-15 04:00:00
259.9918,263.6176,259.9339,261.4286,1715832000,1550100.0,2024-05-16 04:00:00
258.1692,260.5415,256.2792,260.0979,1715918400,1344600.0,2024-05-17 04:00:00
263.8105,264.7266,257.986,258.4296,1716177600,1271500.0,2024-05-20 04:00:00
264.6302,265.662,258.6032,259.6543,1716264000,1156000.0,2024-05-21 04:00:00
268.8829,270.2426,265.4209,267.1182,1716350400,2185500.0,2024-05-22 04:00:00
262.9908,269.8954,260.0593,269.8954,1716436800,2327100.0,2024-05-23 04:00:00
267.2821,270.7537,265.7199,268.4007,1716523200,1319900.0,2024-05-24 04:00:00
269.6543,272.1519,266.2695,266.6842,1716868800,1503600.0,2024-05-28 04:00:00
264.0612,267.3013,263.6465,264.6494,1716955200,1696200.0,2024-05-29 04:00:00
261.7469,264.5049,260.5897,261.7373,1717041600,1785300.0,2024-05-30 04:00:00
262.393,264.1287,254.7941,262.1326,1717128000,3065100.0,2024-05-31 04:00:00
260.31,267.6196,255.6523,265.7874,1717387200,1273300.0,2024-06-03 04:00:00
256.7998,261.5636,256.1634,257.9281,1717473600,1783800.0,2024-06-04 04:00:00
265.8645,266.231,259.1817,260.4257,1717560000,1692900.0,2024-06-05 04:00:00
262.3062,265.3535,261.8336,264.8327,1717646400,1438300.0,2024-06-06 04:00:00
262.1905,267.1181,261.1393,263.0583,1717732800,1211300.0,2024-06-07 04:00:00
266.9735,267.4267,258.4874,258.6032,1717992000,1353600.0,2024-06-10 04:00:00
268.0149,268.4296,262.1711,266.9156,1718078400,1123000.0,2024-06-11 04:00:00
272.8945,276.6361,269.6158,271.9398,1718164800,1653600.0,2024-06-12 04:00:00
266.598,270.4304,263.2397,263.2881,1718251200,1382700.0,2024-06-13 04:00:00
260.1912,263.6366,257.6943,261.3042,1718337600,1680300.0,2024-06-14 04:00:00
262.5236,262.8914,255.6426,259.8041,1718596800,1702700.0,2024-06-17 04:00:00
262.6591,264.4205,260.6848,262.0591,1718683200,1649900.0,2024-06-18 04:00:00
256.1555,261.6139,254.7812,260.9267,1718856000,3003900.0,2024-06-20 04:00:00
262.301,262.9591,256.3103,257.8491,1718942400,3881400.0,2024-06-21 04:00:00
258.662,263.0171,257.9749,260.317,1719201600,1680600.0,2024-06-24 04:00:00
261.2268,262.6107,258.0911,261.6042,1719288000,1435300.0,2024-06-25 04:00:00
259.5331,262.1364,257.2588,260.3363,1719374400,1693200.0,2024-06-26 04:00:00
256.4749,261.0428,255.8942,259.5718,1719460800,1489100.0,2024-06-27 04:00:00
260.4235,265.0108,257.3169,258.8266,1719547200,2228000.0,2024-06-28 04:00:00
257.1137,261.0913,254.0748,260.4525,1719806400,1723900.0,2024-07-01 04:00:00
263.2785,263.472,256.9588,257.1136,1719892800,1421300.0,2024-07-02 04:00:00
263.5204,265.7463,259.7557,263.6075,1719979200,1084500.0,2024-07-03 04:00:00
264.7302,266.627,261.1106,266.6173,1720152000,1237700.0,2024-07-05 04:00:00
268.2916,268.8529,265.3302,265.5237,1720411200,1007000.0,2024-07-08 04:00:00
266.056,269.182,264.3817,268.3207,1720497600,1072400.0,2024-07-09 04:00:00
273.2758,273.6435,266.2205,268.1561,1720584000,1233300.0,2024-07-10 04:00:00
265.7367,275.8114,265.6205,274.3791,1720670400,2095600.0,2024-07-11 04:00:00
271.166,274.7855,266.8593,268.8626,1720756800,1558800.0,2024-07-12 04:00:00
273.6629,276.876,270.9821,272.7919,1721016000,1431400.0,2024-07-15 04:00:00
281.4149,282.0827,274.1371,276.1985,1721102400,1356700.0,2024-07-16 04:00:00
267.3916,286.5442,267.0819,275.3952,1721188800,4527100.0,2024-07-17 04:00:00
270.2756,276.3533,267.1593,270.9143,1721275200,2209000.0,2024-07-18 04:00:00
260.6171,270.8757,259.4654,270.0337,1721361600,2403200.0,2024-07-19 04:00:00
274.6694,275.5791,262.2913,266.9754,1721620800,4005400.0,2024-07-22 04:00:00
253.8522,260.9461,246.9324,252.3908,1721707200,6654300.0,2024-07-23 04:00:00
246.2066,254.1231,246.0227,252.3714,1721793600,4060900.0,2024-07-24 04:00:00
239.5385,247.2325,237.5158,242.2967,1721880000,4244300.0,2024-07-25 04:00:00
245.4517,247.9776,242.5096,243.4871,1721966400,2111100.0,2024-07-26 04:00:00
247.5712,253.7941,246.1195,248.9648,1722225600,2421500.0,2024-07-29 04:00:00
243.5742,250.1358,242.2967,250.1358,1722312000,2478000.0,2024-07-30 04:00:00
254.6845,256.02,246.9712,250.5036,1722398400,3232300.0,2024-07-31 04:00:00
235.7738,252.2166,233.6253,249.7003,1722484800,4006600.0,2024-08-01 04:00:00
230.0928,231.2155,223.6377,228.5444,1722571200,4567000.0,2024-08-02 04:00:00
227.8282,234.1866,221.644,224.5571,1722830400,3227500.0,2024-08-05 04:00:00
229.1347,235.1931,226.8023,229.5993,1722916800,1854900.0,2024-08-06 04:00:00
221.9053,236.6448,220.9472,235.6867,1723003200,2678100.0,2024-08-07 04:00:00
237.3416,238.0384,225.4958,229.0766,1723089600,2776000.0,2024-08-08 04:00:00
234.2253,236.0545,231.3607,234.5737,1723176000,1089200.0,2024-08-09 04:00:00
232.4252,235.2899,229.396,234.8834,1723435200,2299100.0,2024-08-12 04:00:00
240.0224,240.6031,233.335,233.6834,1723521600,2323300.0,2024-08-13 04:00:00
235.7931,240.8741,233.4898,239.8095,1723608000,1785900.0,2024-08-14 04:00:00
245.0936,246.555,239.3933,242.5483,1723694400,2790100.0,2024-08-15 04:00:00
246.2453,247.5421,241.987,243.8742,1723780800,1523900.0,2024-08-16 04:00:00
249.9229,250.0971,242.5774,244.4355,1724040000,1381400.0,2024-08-19 04:00:00
245.8388,249.0906,244.4162,248.3164,1724126400,1516400.0,2024-08-20 04:00:00
246.1195,251.3746,242.9258,248.3454,1724212800,2218600.0,2024-08-21 04:00:00
237.4577,247.1453,236.3448,246.7679,1724299200,3142400.0,2024-08-22 04:00:00
244.4936,246.0808,240.4288,243.0903,1724385600,2568300.0,2024-08-23 04:00:00
241.7935,243.9129,240.2353,243.2065,1724644800,2041900.0,2024-08-26 04:00:00
244.5904,246.3421,238.1255,239.432,1724731200,1653400.0,2024-08-27 04:00:00
238.9578,245.2097,237.0125,244.242,1724817600,1439400.0,2024-08-28 04:00:00
240.7676,246.0614,239.5094,241.2902,1724904000,1666500.0,2024-08-29 04:00:00
248.1035,249.3132,243.8839,246.584,1724990400,2696400.0,2024-08-30 04:00:00
228.5347,244.1162,227.3636,243.1484,1725336000,3464100.0,2024-09-03 04:00:00
231.1671,232.5897,224.6054,226.4733,1725422400,2492300.0,2024-09-04 04:00:00
229.0766,232.1058,227.112,228.5637,1725508800,1976800.0,2024-09-05 04:00:00
219.3987,228.8541,218.4116,228.5637,1725595200,3035500.0,2024-09-06 04:00:00
223.1731,223.628,219.4278,222.6892,1725854400,2549300.0,2024-09-09 04:00:00
217.9373,221.5472,214.4049,220.0568,1725940800,2910900.0,2024-09-10 04:00:00
223.4344,223.8796,213.0113,217.1341,1726027200,3876600.0,2024-09-11 04:00:00
218.8502,222.8356,216.1576,221.64,1726113600,2532900.0,2024-09-12 04:00:00
223.5063,225.4019,220.6971,221.7372,1726200000,3017600.0,2024-09-13 04:00:00
223.5841,224.0604,219.0349,220.6582,1726459200,1866400.0,2024-09-16 04:00:00
226.0726,228.1236,223.0981,225.8587,1726545600,1920500.0,2024-09-17 04:00:00
225.0422,231.973,224.5076,226.8502,1726632000,2161100.0,2024-09-18 04:00:00
232.0508,235.7155,229.261,231.973,1726718400,3657000.0,2024-09-19 04:00:00
225.4019,227.6279,222.1552,226.8891,1726804800,6787600.0,2024-09-20 04:00:00
225.3824,227.4626,224.4881,226.442,1727064000,1470400.0,2024-09-23 04:00:00
227.2196,232.4882,224.2257,228.0459,1727150400,1913900.0,2024-09-24 04:00:00
227.4335,228.5708,224.7214,225.0617,1727236800,1621500.0,2024-09-25 04:00:00
235.4724,237.2999,228.3861,235.8515,1727323200,2067700.0,2024-09-26 04:00:00
238.0873,240.08,235.9099,238.3303,1727409600,2444000.0,2024-09-27 04:00:00
233.3047,233.4894,229.6206,230.7579,1727668800,2898300.0,2024-09-30 04:00:00
225.7324,233.1298,223.9632,232.1383,1727755200,2440700.0,2024-10-01 04:00:00
228.7847,231.8272,224.3812,226.1018,1727841600,1404500.0,2024-10-02 04:00:00
226.7239,228.3472,224.4784,226.2476,1727928000,1748100.0,2024-10-03 04:00:00
227.696,233.0131,225.0422,232.8673,1728014400,1599700.0,2024-10-04 04:00:00
227.4821,230.4663,225.7129,230.3594,1728273600,1806100.0,2024-10-07 04:00:00
228.3958,229.5817,225.8976,227.4821,1728360000,1469500.0,2024-10-08 04:00:00
231.6522,232.1966,226.4906,226.7239,1728446400,1423700.0,2024-10-09 04:00:00
229.572,229.8637,226.0046,227.5307,1728532800,1191500.0,2024-10-10 04:00:00
231.4481,234.0241,226.8308,227.0447,1728619200,1148200.0,2024-10-11 04:00:00
236.6389,236.9305,231.2051,233.5186,1728878400,1965200.0,2024-10-14 04:00:00
226.3448,237.7373,223.7105,235.8613,1728964800,3611900.0,2024-10-15 04:00:00
226.2281,231.1953,226.0045,229.8247,1729051200,1368700.0,2024-10-16 04:00:00
225.7907,232.2063,225.6157,231.7786,1729137600,2062100.0,2024-10-17 04:00:00
226.928,230.0581,225.9462,229.6401,1729224000,1187600.0,2024-10-18 04:00:00
223.7202,225.956,220.979,224.6048,1729483200,1585200.0,2024-10-21 04:00:00
225.0519,225.9948,221.2803,223.0106,1729569600,2173600.0,2024-10-22 04:00:00
229.7178,233.1881,226.51,229.6304,1729656000,2957300.0,2024-10-23 04:00:00
232.3813,235.1614,228.9791,232.0119,1729742400,1593000.0,2024-10-24 04:00:00
236.3668,239.2052,233.3728,233.8977,1729828800,2140500.0,2024-10-25 04:00:00
242.724,244.0849,231.4773,232.7312,1730088000,2812000.0,2024-10-28 04:00:00
248.4398,249.4507,242.1019,243.5697,1730174400,2134400.0,2024-10-29 04:00:00
238.4664,246.3401,238.1553,242.5005,1730260800,2401900.0,2024-10-30 04:00:00
227.9487,237.6498,224.8381,237.6498,1730347200,3540600.0,2024-10-31 04:00:00
231.9244,233.4603,227.5599,227.9487,1730433600,2224100.0,2024-11-01 04:00:00
230.2816,232.5271,228.9888,230.6899,1730696400,2935900.0,2024-11-04 05:00:00
218.3738,218.5585,210.8695,214.3398,1730782800,5961100.0,2024-11-05 05:00:00
224.9158,227.2974,219.7931,221.7566,1730869200,3598000.0,2024-11-06 05:00:00
229.5234,232.1772,225.4019,231.1176,1730955600,3129400.0,2024-11-07 05:00:00
227.3557,228.4347,221.6011,226.617,1731042000,2743100.0,2024-11-08 05:00:00
220.6971,224.9547,217.4601,224.527,1731301200,2715100.0,2024-11-11 05:00:00
218.5099,220.6485,215.6521,219.0154,1731387600,2528800.0,2024-11-12 05:00:00
216.7311,219.1418,215.2536,215.3799,1731474000,3144700.0,2024-11-13 05:00:00
217.7031,219.0348,215.1855,217.6254,1731560400,2250100.0,2024-11-14 05:00:00
210.9764,217.7031,210.539,215.6326,1731646800,2792700.0,2024-11-15 05:00:00
214.0385,214.2621,210.0044,211.132,1731906000,2467100.0,2024-11-18 05:00:00
213.7663,214.4273,211.1806,212.4443,1731992400,1503400.0,2024-11-19 05:00:00
214.1843,214.3106,210.0238,211.132,1732078800,2143600.0,2024-11-20 05:00:00
218.2961,219.968,213.6399,215.9048,1732165200,1769300.0,2024-11-21 05:00:00
220.0555,220.6873,217.4601,220.6582,1732251600,1584000.0,2024-11-22 05:00:00
227.3168,228.8527,221.465,223.5161,1732510800,2784900.0,2024-11-25 05:00:00
222.2718,232.0897,220.4152,230.7288,1732597200,2476600.0,2024-11-26 05:00:00
220.2013,223.5452,216.6339,221.7178,1732683600,1520700.0,2024-11-27 05:00:00
222.962,225.6838,220.386,221.4942,1732856400,1606600.0,2024-11-29 05:00:00
227.0835,229.4748,221.8052,222.612,1733115600,2796400.0,2024-12-02 05:00:00
221.9802,226.2864,221.7177,224.2645,1733202000,2572800.0,2024-12-03 05:00:00
217.4115,225.3824,216.3228,224.8089,1733288400,2352000.0,2024-12-04 05:00:00
211.8885,217.7865,211.3221,217.2396,1733374800,2297000.0,2024-12-05 05:00:00
213.5192,215.0133,212.4939,213.236,1733461200,2302300.0,2024-12-06 05:00:00
218.3528,220.6769,212.0935,212.8259,1733720400,2149900.0,2024-12-09 05:00:00
212.8162,219.2024,211.9471,218.9876,1733806800,1716000.0,2024-12-10 05:00:00
214.6715,216.7026,212.6404,214.9254,1733893200,2482700.0,2024-12-11 05:00:00
212.6111,214.4567,210.3652,213.4411,1733979600,1771000.0,2024-12-12 05:00:00
211.742,213.1774,209.9941,211.0389,1734066000,2855600.0,2024-12-13 05:00:00
213.0505,215.4624,209.7402,212.0057,1734325200,2884800.0,2024-12-16 05:00:00
213.8708,217.933,212.4939,215.1597,1734411600,3592400.0,2024-12-17 05:00:00
205.346,218.1087,204.3695,213.9294,1734498000,3610400.0,2024-12-18 05:00:00
202.397,208.4415,202.1041,207.0744,1734584400,2734400.0,2024-12-19 05:00:00
205.2972,208.4512,199.907,200.8053,1734670800,6139300.0,2024-12-20 05:00:00
209.0567,209.789,205.5511,205.5511,1734930000,1737600.0,2024-12-23 05:00:00
210.3359,210.3457,207.3185,209.8672,1735016400,790900.0,2024-12-24 05:00:00
209.9843,212.2693,207.9923,207.9923,1735189200,885700.0,2024-12-26 05:00:00
208.7344,209.8965,206.6936,208.3146,1735275600,1162100.0,2024-12-27 05:00:00
202.5923,206.967,201.9283,206.5764,1735534800,1817900.0,2024-12-30 05:00:00
202.9634,204.5648,201.4889,203.8325,1735621200,1154500.0,2024-12-31 05:00:00
201.3619,206.6252,200.405,204.682,1735794000,1424300.0,2025-01-02 05:00:00
203.9496,205.1995,200.1804,202.4263,1735880400,2308100.0,2025-01-03 05:00:00
208.3927,210.8339,205.0726,205.0726,1736139600,1972700.0,2025-01-06 05:00:00
207.5822,213.7926,206.2737,208.8516,1736226000,2312200.0,2025-01-07 05:00:00
204.7894,208.3048,202.4654,207.1525,1736312400,2302600.0,2025-01-08 05:00:00
201.8892,206.3518,201.5279,204.7015,1736485200,2511100.0,2025-01-10 05:00:00
201.9673,202.3384,197.495,198.3446,1736744400,1629700.0,2025-01-13 05:00:00
205.678,205.6975,201.8697,203.6762,1736830800,1513400.0,2025-01-14 05:00:00
208.5391,211.5662,208.4708,210.1992,1736917200,3143400.0,2025-01-15 05:00:00
205.8049,210.3554,204.848,210.1894,1737003600,1632400.0,2025-01-16 05:00:00
210.2968,212.3474,208.9395,211.3221,1737090000,1921200.0,2025-01-17 05:00:00
209.8281,211.6541,208.3145,209.9453,1737435600,3237900.0,2025-01-21 05:00:00
211.0096,214.4762,208.9785,210.1308,1737522000,2367500.0,2025-01-22 05:00:00
214.7106,214.7398,207.6896,208.5977,1737608400,2250800.0,2025-01-23 05:00:00
208.4122,212.3474,206.5959,211.3612,1737694800,2777200.0,2025-01-24 05:00:00
210.0234,214.5739,207.3869,209.955,1737954000,4526800.0,2025-01-27 05:00:00
208.4122,210.6386,203.4028,208.9688,1738040400,2446500.0,2025-01-28 05:00:00
208.002,210.6679,206.7619,208.2169,1738126800,1739300.0,2025-01-29 05:00:00
206.4202,207.7579,201.9478,206.6643,1738213200,3303700.0,2025-01-30 05:00:00
203.6469,210.7753,203.4126,207.0158,1738299600,3019600.0,2025-01-31 05:00:00
199.9167,202.2115,193.55,198.2274,1738558800,4743100.0,2025-02-03 05:00:00
197.6415,205.0628,194.1945,202.9536,1738645200,3676500.0,2025-02-04 05:00:00
208.2267,209.0957,196.8408,197.0166,1738731600,4450700.0,2025-02-05 05:00:00
211.7225,215.4332,209.6133,211.41,1738818000,2928700.0,2025-02-06 05:00:00
207.9239,212.738,206.303,210.4042,1738904400,2216400.0,2025-02-07 05:00:00
205.1116,210.0136,203.852,209.1641,1739163600,2412300.0,2025-02-10 05:00:00
206.01,208.6173,202.7583,203.4223,1739250000,1273200.0,2025-02-11 05:00:00
214.6227,216.2827,207.631,211.3124,1739336400,3202400.0,2025-02-12 05:00:00
214.4274,216.0776,211.5467,214.0563,1739422800,2761400.0,2025-02-13 05:00:00
218.8704,221.1163,214.1051,215.6089,1739509200,3085400.0,2025-02-14 05:00:00
223.4794,228.5865,221.3897,221.4581,1739854800,4327300.0,2025-02-18 05:00:00
239.8063,240.9977,224.1532,225.1004,1739941200,5345900.0,2025-02-19 05:00:00
240.0797,249.4443,238.3416,249.0049,1740027600,4342700.0,2025-02-20 05:00:00
230.9593,242.1694,230.6664,241.398,1740114000,5304500.0,2025-02-21 05:00:00
227.6685,233.0197,227.3951,231.2327,1740373200,3129800.0,2025-02-24 05:00:00
223.1865,230.1586,222.6592,229.0161,1740459600,3033400.0,2025-02-25 05:00:00
223.9872,225.2762,220.0813,224.1239,1740546000,2630700.0,2025-02-26 05:00:00
211.7713,223.9091,211.371,223.2744,1740632400,3573700.0,2025-02-27 05:00:00
210.5214,215.9507,208.6075,213.197,1740718800,4231700.0,2025-02-28 05:00:00
211.4393,217.5521,208.461,214.8277,1740978000,4651800.0,2025-03-03 05:00:00
206.1956,212.9822,205.7659,211.4198,1741064400,4111300.0,2025-03-04 05:00:00
211.6737,212.4451,203.7641,208.3145,1741150800,2621100.0,2025-03-05 05:00:00
209.4277,214.2907,205.7171,207.7872,1741237200,3465300.0,2025-03-06 05:00:00
217.3275,218.5384,207.504,209.0664,1741323600,4301500.0,2025-03-07 05:00:00
203.9301,212.9431,202.0748,212.3572,1741579200,3747700.0,2025-03-10 04:00:00
200.9616,204.8285,195.1807,204.184,1741665600,3198200.0,2025-03-11 04:00:00
199.6433,205.0433,198.8426,203.1782,1741752000,2288300.0,2025-03-12 04:00:00
196.294,203.1099,195.3565,199.2723,1741838400,1792700.0,2025-03-13 04:00:00
201.3131,202.0943,198.6961,199.9851,1741924800,2771400.0,2025-03-14 04:00:00
204.8968,207.133,200.0437,200.0437,1742184000,2207500.0,2025-03-17 04:00:00
202.231,204.0766,200.444,202.5728,1742270400,1862500.0,2025-03-18 04:00:00
203.5008,207.4064,202.1761,202.3232,1742356800,1640500.0,2025-03-19 04:00:00
198.8495,201.813,197.7602,200.2429,1742443200,1455400.0,2025-03-20 04:00:00
196.8869,197.613,193.2659,196.4355,1742529600,3352000.0,2025-03-21 04:00:00
207.1708,208.4465,201.7541,202.4606,1742788800,2743000.0,2025-03-24 04:00:00
207.3769,212.5778,206.8078,209.9087,1742875200,1662300.0,2025-03-25 04:00:00
201.9013,208.633,199.0752,207.0923,1742961600,3636500.0,2025-03-26 04:00:00
196.3177,200.0564,195.0028,199.4873,1743048000,2877400.0,2025-03-27 04:00:00
186.4361,195.3561,185.3174,194.5612,1743134400,4260700.0,2025-03-28 04:00:00
186.5048,187.5352,180.1264,183.7964,1743393600,4304200.0,2025-03-31 04:00:00
186.4459,186.5833,180.8525,185.023,1743480000,2270400.0,2025-04-01 04:00:00
190.0473,192.9126,182.9132,182.9132,1743566400,2231700.0,2025-04-02 04:00:00
168.6649,181.8436,168.498,180.0479,1743652800,6169100.0,2025-04-03 04:00:00
157.8019,164.249,152.9543,161.786,1743739200,6449000.0,2025-04-04 04:00:00
160.2355,170.3036,149.5198,153.6118,1743998400,6564400.0,2025-04-07 04:00:00
150.6286,165.8387,145.3198,161.5014,1744084800,5100400.0,2025-04-08 04:00:00
182.3932,184.0025,149.3628,153.5922,1744171200,8787100.0,2025-04-09 04:00:00
162.4925,174.533,156.5459,172.8255,1744257600,6325900.0,2025-04-10 04:00:00
165.6326,166.6336,155.6921,161.2659,1744344000,5169400.0,2025-04-11 04:00:00
167.3597,170.0975,163.6406,169.2242,1744603200,2349500.0,2025-04-14 04:00:00
168.4195,171.2457,166.2901,169.4891,1744689600,1924200.0,2025-04-15 04:00:00
165.4364,167.2616,160.108,162.1589,1744776000,4699400.0,2025-04-16 04:00:00
167.5462,168.8022,163.6406,166.7317,1744862400,2106400.0,2025-04-17 04:00:00
168.292,168.7335,163.4836,163.4836,1745208000,2624900.0,2025-04-21 04:00:00
171.3929,172.7863,168.9494,170.4901,1745294400,2876200.0,2025-04-22 04:00:00
177.4867,181.8927,176.1521,178.0657,1745380800,3917500.0,2025-04-23 04:00:00
189.9491,190.793,181.3137,183.7081,1745467200,4247200.0,2025-04-24 04:00:00
189.9295,190.95,184.8856,185.8473,1745553600,2485700.0,2025-04-25 04:00:00
192.5692,194.4434,187.0249,189.2622,1745812800,4337500.0,2025-04-28 04:00:00
179.2039,182.0693,173.8755,178.1245,1745899200,6950800.0,2025-04-29 04:00:00
180.8624,181.4806,172.9629,175.9362,1745985600,3210600.0,2025-04-30 04:00:00
178.4385,183.3254,178.1147,182.6287,1746072000,3354900.0,2025-05-01 04:00:00
184.6207,188.0258,180.8329,181.0292,1746158400,3434700.0,2025-05-02 04:00:00
181.4904,183.3646,180.7053,182.5404,1746417600,2323900.0,2025-05-05 04:00:00
178.9979,181.1862,177.2512,178.8409,1746504000,1579800.0,2025-05-06 04:00:00
183.3745,184.3067,179.0077,180.2049,1746590400,2137500.0,2025-05-07 04:00:00
185.0427,189.429,183.4039,186.0926,1746676800,2412200.0,2025-05-08 04:00:00
188.2907,190.4201,185.8964,187.702,1746763200,2682900.0,2025-05-09 04:00:00
203.1574,205.0218,200.4981,201.0476,1747022400,4998000.0,2025-05-12 04:00:00
208.4269,209.0255,202.3429,202.3429,1747108800,3909900.0,2025-05-13 04:00:00
207.3769,209.4278,205.1592,208.6035,1747195200,2386700.0,2025-05-14 04:00:00
206.7881,207.7106,204.7667,205.7872,1747281600,1999500.0,2025-05-15 04:00:00
208.5839,209.0059,205.2082,207.004,1747368000,2093700.0,2025-05-16 04:00:00
206.425,207.4848,201.6756,202.8139,1747627200,2108800.0,2025-05-19 04:00:00
206.1503,207.004,203.7952,203.7952,1747713600,1672000.0,2025-05-20 04:00:00
201.5088,209.3689,200.5569,203.4812,1747800000,3017900.0,2025-05-21 04:00:00
192.8341,207.0531,192.5888,205.7774,1747886400,5012600.0,2025-05-22 04:00:00
188.5557,190.4692,185.7786,186.3674,1747972800,3674100.0,2025-05-23 04:00:00
195.1794,196.7004,190.1552,191.6468,1748318400,3935000.0,2025-05-27 04:00:00
192.5397,196.5238,192.1178,195.3266,1748404800,2240400.0,2025-05-28 04:00:00
192.2257,196.5729,190.9599,196.2588,1748491200,1851400.0,2025-05-29 04:00:00
187.5548,191.4015,184.6599,191.0187,1748577600,4292600.0,2025-05-30 04:00:00
189.2033,190.0374,186.2496,186.7992,1748836800,1734200.0,2025-06-02 04:00:00
195.2383,195.9841,186.7697,188.6146,1748923200,2866900.0,2025-06-03 04:00:00
206.0914,207.1414,197.5149,198.4766,1749009600,3857200.0,2025-06-04 04:00:00
203.0298,209.5063,201.8424,206.9844,1749096000,2362500.0,2025-06-05 04:00:00
203.7952,207.0531,203.5106,206.6606,1749182400,1901200.0,2025-06-06 04:00:00
209.0942,211.204,205.0316,205.6891,1749441600,2727100.0,2025-06-09 04:00:00
214.6287,216.6011,209.5063,210.4287,1749528000,2588900.0,2025-06-10 04:00:00
213.3432,218.0632,211.096,215.6885,1749614400,2222200.0,2025-06-11 04:00:00
213.3333,215.9043,212.1656,213.245,1749700800,1711000.0,2025-06-12 04:00:00
206.9549,211.1549,206.4839,208.8979,1749787200,1840200.0,2025-06-13 04:00:00
213.4609,213.9319,209.2315,209.9381,1750046400,1739100.0,2025-06-16 04:00:00
208.8489,213.2058,208.6035,209.0647,1750132800,2202200.0,2025-06-17 04:00:00
207.4946,210.4385,206.7881,209.575,1750219200,1938800.0,2025-06-18 04:00:00
205.0905,211.3413,203.8246,209.4278,1750392000,4244800.0,2025-06-20 04:00:00
206.9157,207.6222,202.019,205.6498,1750651200,1847200.0,2025-06-23 04:00:00
214.4226,216.552,210.0951,210.9783,1750737600,2833300.0,2025-06-24 04:00:00
213.2238,214.8504,210.7887,214.4463,1750824000,1781700.0,2025-06-25 04:00:00
215.2153,216.2603,213.5196,214.8209,1750910400,2709700.0,2025-06-26 04:00:00
213.973,217.7686,212.0703,215.0674,1750996800,2060500.0,2025-06-27 04:00:00
215.4026,216.6053,213.5886,216.6053,1751256000,2165300.0,2025-06-30 04:00:00
218.0841,222.3825,212.4055,213.5294,1751342400,4451100.0,2025-07-01 04:00:00
227.8837,228.9188,220.6967,220.9333,1751428800,2730800.0,2025-07-02 04:00:00
228.8202,229.885,226.9964,227.8836,1751515200,1299400.0,2025-07-03 04:00:00
222.8064,228.3569,222.2642,225.6162,1751860800,2165700.0,2025-07-07 04:00:00
229.0568,231.0089,223.9205,225.5274,1751947200,2287900.0,2025-07-08 04:00:00
227.164,231.2159,224.2261,228.5048,1752033600,1819200.0,2025-07-09 04:00:00
229.8948,233.1186,227.1738,229.7765,1752120000,1948100.0,2025-07-10 04:00:00
225.6852,228.7907,224.7782,227.0259,1752206400,1870700.0,2025-07-11 04:00:00
221.4361,223.8515,219.3559,223.8515,1752465600,2706600.0,2025-07-14 04:00:00
217.9362,223.7923,217.7785,223.6839,1752552000,2397900.0,2025-07-15 04:00:00
217.463,219.0306,212.8492,217.9461,1752638400,2140300.0,2025-07-16 04:00:00
221.3276,221.929,215.8659,216.7433,1752724800,1981400.0,2025-07-17 04:00:00
222.7078,226.464,219.4249,225.7936,1752811200,2500700.0,2025-07-18 04:00:00
225.0444,229.0076,224.0388,224.1275,1753070400,6030200.0,2025-07-21 04:00:00
224.7782,226.5823,217.6602,218.9911,1753156800,6032400.0,2025-07-22 04:00:00
221.5347,223.467,215.3828,222.5008,1753243200,3655500.0,2025-07-23 04:00:00
221.2586,221.5445,214.8209,219.277,1753329600,2413700.0,2025-07-24 04:00:00
220.1347,220.6375,217.8771,219.7404,1753416000,2160700.0,2025-07-25 04:00:00
225.2612,225.4387,221.5741,222.6586,1753675200,2924900.0,2025-07-28 04:00:00
223.536,229.816,223.2303,226.0795,1753761600,1915600.0,2025-07-29 04:00:00
217.8179,224.8373,216.6941,224.8373,1753848000,2092700.0,2025-07-30 04:00:00
210.7493,216.3786,209.1916,216.3786,1753934400,2727200.0,2025-07-31 04:00:00
206.9537,209.0043,203.3553,208.2353,1754020800,2554400.0,2025-08-01 04:00:00
208.9944,209.1226,206.3917,207.6635,1754280000,2184000.0,2025-08-04 04:00:00
205.5242,212.0506,204.8636,210.5619,1754366400,2756900.0,2025-08-05 04:00:00
203.0102,204.5186,200.3681,204.5186,1754452800,2769600.0,2025-08-06 04:00:00
203.0003,207.5649,201.63,205.81,1754539200,2195900.0,2025-08-07 04:00:00
204.2327,206.8452,201.699,203.5524,1754625600,1659700.0,2025-08-08 04:00:00
202.2609,207.6043,201.837,204.1735,1754884800,3902300.0,2025-08-11 04:00:00
216.9405,217.6602,203.9961,204.7848,1754971200,4210300.0,2025-08-12 04:00:00
227.2626,227.7456,216.9602,217.6503,1755057600,3582900.0,2025-08-13 04:00:00
228.2681,229.2343,220.9136,223.0923,1755144000,2810200.0,2025-08-14 04:00:00
225.5471,230.2202,223.0233,230.2202,1755230400,3336700.0,2025-08-15 04:00:00
228.7315,230.6441,224.512,225.7542,1755489600,2470000.0,2025-08-18 04:00:00
226.0302,230.6835,225.2908,229.3132,1755576000,2217600.0,2025-08-19 04:00:00
225.5373,230.1906,219.8488,228.2189,1755662400,3986800.0,2025-08-20 04:00:00
220.7657,224.5909,220.0559,223.674,1755748800,2003100.0,2025-08-21 04:00:00
231.5117,234.9524,220.9234,222.4713,1755835200,2994000.0,2025-08-22 04:00:00
233.3257,234.4496,230.23,230.3286,1756094400,1261900.0,2025-08-25 04:00:00
234.4594,236.1157,231.9553,232.5074,1756180800,2356600.0,2025-08-26 04:00:00
234.3115,234.7355,231.3835,232.6454,1756267200,1054000.0,2025-08-27 04:00:00
235.6918,238.0085,235.1692,236.372,1756353600,1615900.0,2025-08-28 04:00:00
231.5314,235.7213,230.2005,234.8045,1756440000,2250700.0,2025-08-29 04:00:00
229.3723,229.7273,222.9642,224.719,1756785600,2211600.0,2025-09-02 04:00:00
224.9754,230.8018,220.7361,229.2146,1756872000,2826000.0,2025-09-03 04:00:00
222.2051,222.7867,215.8561,221.5938,1756958400,3308900.0,2025-09-04 04:00:00
223.536,227.6175,221.4262,223.9993,1757044800,2006500.0,2025-09-05 04:00:00
222.3135,226.1781,221.4459,224.1867,1757304000,1876700.0,2025-09-08 04:00:00
220.5291,221.8304,218.6362,221.1502,1757390400,1569100.0,2025-09-09 04:00:00
216.1814,221.4262,216.0335,220.953,1757476800,3210200.0,2025-09-10 04:00:00
220.0559,221.2093,215.3138,218.3996,1757563200,2999400.0,2025-09-11 04:00:00
215.7279,219.9375,215.511,219.5136,1757649600,2061800.0,2025-09-12 04:00:00
216.1715,220.3812,212.6027,213.1548,1757908800,1828500.0,2025-09-15 04:00:00
217.8672,220.1742,214.8505,217.1968,1757995200,2208900.0,2025-09-16 04:00:00
219.7629,224.4772,216.445,218.5645,1758081600,2337200.0,2025-09-17 04:00:00
224.3386,226.1411,221.5456,223.6156,1758168000,3553200.0,2025-09-18 04:00:00
221.9022,226.9137,220.0204,226.4878,1758254400,3420100.0,2025-09-19 04:00:00
223.5661,225.329,220.2383,221.9517,1758513600,1715300.0,2025-09-22 04:00:00
223.4571,227.6961,222.3577,224.5565,1758600000,2096400.0,2025-09-23 04:00:00
225.4776,226.6265,222.8035,223.7641,1758686400,1679900.0,2025-09-24 04:00:00
224.6357,225.2498,219.8718,222.8332,1758772800,2116700.0,2025-09-25 04:00:00
223.8731,225.022,220.9613,221.3376,1758859200,1235200.0,2025-09-26 04:00:00
223.9424,225.7747,222.4766,225.6856,1759118400,1352200.0,2025-09-29 04:00:00
225.5469,225.7648,220.7434,223.3977,1759204800,1723300.0,2025-09-30 04:00:00
222.7539,225.6658,218.8814,223.6849,1759291200,2079800.0,2025-10-01 04:00:00
225.5271,228.6469,222.853,223.8335,1759377600,1831500.0,2025-10-02 04:00:00
226.6958,229.8453,225.8044,226.2105,1759464000,1537400.0,2025-10-03 04:00:00
229.2015,231.7568,224.9229,229.8354,1759723200,1949600.0,2025-10-06 04:00:00
217.475,230.7565,217.059,230.3207,1759809600,2492900.0,2025-10-07 04:00:00
223.4769,225.0121,217.3958,217.7821,1759896000,2631200.0,2025-10-08 04:00:00
219.2974,223.5958,216.8808,221.1693,1759982400,2615600.0,2025-10-09 04:00:00
203.4012,220.5354,203.1734,218.9507,1760068800,3980800.0,2025-10-10 04:00:00
214.6226,215.3159,208.7198,209.5814,1760328000,2806300.0,2025-10-13 04:00:00
214.0383,217.584,208.7792,209.6507,1760414400,2341700.0,2025-10-14 04:00:00
215.1475,217.891,211.9683,217.6533,1760500800,1939300.0,2025-10-15 04:00:00
215.3258,218.0594,211.067,217.267,1760587200,2477700.0,2025-10-16 04:00:00
212.2952,215.9597,210.8393,214.6424,1760673600,1950400.0,2025-10-17 04:00:00
217.7127,220.0996,213.5332,214.6424,1760932800,2374500.0,2025-10-20 04:00:00
220.2086,222.1201,216.4153,217.2373,1761019200,1935400.0,2025-10-21 04:00:00
215.0782,221.1396,212.9389,214.9891,1761105600,3607800.0,2025-10-22 04:00:00
218.614,219.2776,210.6907,210.9581,1761192000,2517700.0,2025-10-23 04:00:00
217.0591,221.813,216.029,221.813,1761278400,2500800.0,2025-10-24 04:00:00
219.436,219.7629,216.7916,219.2677,1761537600,4076100.0,2025-10-27 04:00:00
210.9185,218.3169,205.9961,216.0686,1761624000,4414700.0,2025-10-28 04:00:00
202.7476,210.9779,200.5389,210.245,1761710400,5104800.0,2025-10-29 04:00:00
204.4016,207.6897,201.4303,202.6881,1761796800,3417100.0,2025-10-30 04:00:00
207.1153,210.1856,203.2329,204.4016,1761883200,2506000.0,2025-10-31 04:00:00
208.3731,210.7402,205.9466,209.0466,1762146000,1982500.0,2025-11-03 05:00:00
202.4604,207.9473,201.975,206.4715,1762232400,2904800.0,2025-11-04 05:00:00
208.4227,211.0472,203.0744,203.2032,1762318800,2306700.0,2025-11-05 05:00:00
204.4709,208.3533,202.7278,207.1252,1762405200,2037800.0,2025-11-06 05:00:00
202.599,202.7872,196.5971,202.4603,1762491600,2586100.0,2025-11-07 05:00:00
203.1635,206.5012,200.222,205.9466,1762750800,2160500.0,2025-11-10 05:00:00
200.9153,204.0747,200.1527,202.0939,1762837200,1735200.0,2025-11-11 05:00:00
202.1236,204.9661,201.4996,203.0051,1762923600,2046300.0,2025-11-12 05:00:00
199.291,202.7773,197.1121,200.9747,1763010000,2528400.0,2025-11-13 05:00:00
195.2105,197.8945,194.2993,196.9239,1763096400,2111000.0,2025-11-14 05:00:00
188.6837,194.7648,186.6831,193.3089,1763355600,2498900.0,2025-11-17 05:00:00
186.7821,189.0204,185.9403,188.03,1763442000,2776900.0,2025-11-18 05:00:00
188.238,189.5354,186.5543,187.624,1763528400,2969200.0,2025-11-19 05:00:00
182.4243,192.3086,181.2457,190.3278,1763614800,3426800.0,2025-11-20 05:00:00
189.5157,191.9719,181.4438,182.8799,1763701200,3403000.0,2025-11-21 05:00:00
189.7236,191.8233,188.4064,190.407,1763960400,4513700.0,2025-11-24 05:00:00
189.1888,192.0907,186.6236,188.6441,1764046800,3214000.0,2025-11-25 05:00:00
191.9025,193.8437,189.4067,189.9514,1764133200,2836000.0,2025-11-26 05:00:00
193.0712,193.4278,191.5163,192.0412,1764306000,1654100.0,2025-11-28 05:00:00
197.5776,198.2709,189.4562,189.8326,1764565200,3393800.0,2025-12-01 05:00:00
213.2856,215.4051,197.5776,198.6076,1764651600,6160000.0,2025-12-02 05:00:00
225.3785,226.6066,213.0974,215.7517,1764738000,4593800.0,2025-12-03 05:00:00
223.992,226.0916,221.922,224.606,1764824400,3614800.0,2025-12-04 05:00:00
225.7648,228.7856,225.6459,226.6661,1764910800,2208700.0,2025-12-05 05:00:00
226.8146,230.4296,225.0814,227.4287,1765170000,2839700.0,2025-12-08 05:00:00
225.8638,228.3993,224.8635,225.0913,1765256400,1845500.0,2025-12-09 05:00:00
229.5885,231.3891,224.296,226.3851,1765342800,2155300.0,2025-12-10 05:00:00
230.6331,231.7075,226.8029,228.1062,1765429200,2350000.0,2025-12-11 05:00:00
226.982,233.7171,226.2359,230.9713,1765515600,3591000.0,2025-12-12 05:00:00
230.6331,232.5829,227.1113,229.5885,1765774800,3077000.0,2025-12-15 05:00:00
228.5638,231.797,226.7831,230.9713,1765861200,2467200.0,2025-12-16 05:00:00
222.0775,230.6331,221.8785,229.1309,1765947600,2685000.0,2025-12-17 05:00:00
220.9334,227.4198,220.8837,226.0966,1766034000,2665300.0,2025-12-18 05:00:00
225.1018,227.9371,222.8534,223.122,1766120400,10501500.0,2025-12-19 05:00:00
227.758,230.7524,226.3553,228.5539,1766379600,1801200.0,2025-12-22 05:00:00
224.8133,226.7234,223.3409,225.4997,1766466000,1871300.0,2025-12-23 05:00:00
224.097,227.2506,223.4205,225.3007,1766552400,1031000.0,2025-12-24 05:00:00
221.7193,224.475,221.6,224.475,1766725200,1439700.0,2025-12-26 05:00:00
219.3218,222.9529,218.0086,221.3115,1766984400,2498400.0,2025-12-29 05:00:00
218.8443,222.2367,218.6453,220.0281,1767070800,1746100.0,2025-12-30 05:00:00
215.9393,219.2024,215.7603,218.4861,1767157200,1413000.0,2025-12-31 05:00:00
220.1375,222.4555,218.307,219.471,1767330000,2896000.0,2026-01-02 05:00:00
222.7241,229.2303,220.7046,220.7046,1767589200,2856300.0,2026-01-05 05:00:00
244.6802,245.6153,227.1213,227.1213,1767675600,4418000.0,2026-01-06 05:00:00
238.1043,243.0387,234.9507,240.3626,1767762000,2798300.0,2026-01-07 05:00:00
236.6618,238.1938,230.643,235.0899,1767848400,2168100.0,2026-01-08 05:00:00
239.905,241.626,235.1795,236.1345,1767934800,2732500.0,2026-01-09 05:00:00
237.0995,239.1588,234.4731,237.0,1768194000,2333200.0,2026-01-12 05:00:00
237.8556,239.0693,235.9753,237.0995,1768280400,1748900.0,2026-01-13 05:00:00
239.5667,239.6662,234.115,235.3983,1768366800,1986700.0,2026-01-14 05:00:00
237.3681,242.203,235.3287,241.1385,1768453200,2314400.0,2026-01-15 05:00:00
235.8858,240.86,235.667,240.3029,1768539600,2676600.0,2026-01-16 05:00:00
229.5089,233.6076,227.5789,229.8074,1768885200,2425500.0,2026-01-20 05:00:00
232.5133,235.7764,228.4743,233.4485,1768971600,3497400.0,2026-01-21 05:00:00
235.5277,239.8552,234.0056,236.9005,1769058000,2012400.0,2026-01-22 05:00:00
231.2797,235.3983,227.8873,235.3983,1769144400,3258000.0,2026-01-23 05:00:00
229.8571,233.0704,228.7031,231.1404,1769403600,2044900.0,2026-01-26 05:00:00
228.2355,233.0008,228.0565,230.6331,1769490000,3202500.0,2026-01-27 05:00:00
238.7907,241.6758,231.807,232.5034,1769576400,2943700.0,2026-01-28 05:00:00
232.2944,238.7609,225.2212,238.5918,1769662800,2872800.0,2026-01-29 05:00:00
224.9724,230.4838,223.709,227.8177,1769749200,3542300.0,2026-01-30 05:00:00
229.8869,232.8814,223.2912,223.3907,1770008400,3698400.0,2026-02-02 05:00:00
219.5208,220.3664,205.9412,218.6353,1770094800,8724500.0,2026-02-03 05:00:00
225.6887,227.2904,216.5362,218.317,1770181200,5830700.0,2026-02-04 05:00:00
220.9832,227.8376,218.4762,223.4304,1770267600,2760200.0,2026-02-05 05:00:00
223.1618,225.2609,218.9636,223.6095,1770354000,4588200.0,2026-02-06 05:00:00
227.7281,228.0863,220.1574,220.2669,1770613200,2606800.0,2026-02-09 05:00:00
235.3983,238.2635,226.1165,226.4349,1770699600,3013400.0,2026-02-10 05:00:00
248.4606,249.5648,238.0048,239.5866,1770786000,4863400.0,2026-02-11 05:00:00
240.9396,255.0364,238.2834,250.8681,1770872400,3628600.0,2026-02-12 05:00:00
243.168,243.3471,236.4728,238.7111,1770958800,2012800.0,2026-02-13 05:00:00
243.8246,245.2671,236.6916,242.7999,1771304400,1727900.0,2026-02-17 05:00:00
236.1047,247.9432,234.2443,246.7992,1771390800,2885500.0,2026-02-18 05:00:00
230.9116,237.4178,228.5439,234.0553,1771477200,2451600.0,2026-02-19 05:00:00
231.0708,234.115,227.8475,228.713,1771563600,2120200.0,2026-02-20 05:00:00
229.9665,232.2845,224.1368,230.6331,1771822800,1703500.0,2026-02-23 05:00:00
233.4186,238.0645,230.9116,230.9116,1771909200,1976100.0,2026-02-24 05:00:00
233.8564,236.0549,231.5782,235.3088,1771995600,1597500.0,2026-02-25 05:00:00
231.031,235.5774,226.8925,234.5527,1772082000,3068900.0,2026-02-26 05:00:00
225.838,228.7429,222.6943,227.8774,1772168400,2951900.0,2026-02-27 05:00:00
223.5996,224.1368,217.0834,220.6847,1772427600,1667600.0,2026-03-02 05:00:00
214.1387,218.4364,212.0893,217.352,1772514000,3168800.0,2026-03-03 05:00:00
215.2529,217.8494,214.0392,216.765,1772600400,2372100.0,2026-03-04 05:00:00
209.4928,214.646,206.7172,213.681,1772686800,3308800.0,2026-03-05 05:00:00
200.6984,204.6081,200.0717,201.5142,1772773200,3105200.0,2026-03-06 05:00:00
204.1903,205.1851,192.0235,199.1166,1773028800,3696600.0,2026-03-09 04:00:00
201.9818,207.2842,200.8178,203.1557,1773115200,2525900.0,2026-03-10 04:00:00
198.8381,205.9313,196.9777,203.7028,1773201600,2482800.0,2026-03-11 04:00:00
190.2327,197.2065,189.1882,195.1373,1773288000,3419800.0,2026-03-12 04:00:00
189.8746,194.4906,189.1782,192.6602,1773374400,2882700.0,2026-03-13 04:00:00
190.8993,194.9682,190.2626,193.5754,1773633600,2826500.0,2026-03-16 04:00:00
193.0183,196.2217,191.9339,192.879,1773720000,1578900.0,2026-03-17 04:00:00
191.6952,195.1273,190.959,192.879,1773806400,2178600.0,2026-03-18 04:00:00
191.3569,192.9188,187.7059,188.2729,1773892800,2107300.0,2026-03-19 04:00:00
190.382,193.5256,187.8551,191.3967,1773979200,4211800.0,2026-03-20 04:00:00
192.3915,197.883,192.302,197.2464,1774238400,2325200.0,2026-03-23 04:00:00
195.386,197.4752,189.3772,189.6557,1774324800,1693600.0,2026-03-24 04:00:00
197.61,202.0,195.98,199.2,1774411200,1601800.0,2026-03-25 04:00:00
196.92,199.76,195.0,196.63,1774497600,3635100.0,2026-03-26 04:00:00
191.66,196.13,190.35,195.98,1774584000,2037500.0,2026-03-27 04:00:00
187.39,194.22,184.68,193.45,1774843200,3581700.0,2026-03-30 04:00:00
196.86,198.06,190.34,191.39,1774929600,4560300.0,2026-03-31 04:00:00
195.58,199.66,195.13,197.44,1775016000,3403700.0,2026-04-01 04:00:00
194.55,195.25,188.75,190.23,1775102400,2486600.0,2026-04-02 04:00:00
197.08,200.68,194.51,196.41,1775448000,2152300.0,2026-04-06 04:00:00
195.12,196.88,191.96,196.12,1775534400,2352900.0,2026-04-07 04:00:00
204.27,208.67,201.48,205.95,1775620800,3851900.0,2026-04-08 04:00:00
205.67,206.71,202.74,204.04,1775707200,2706400.0,2026-04-09 04:00:00
204.37,209.97,203.4,207.31,1775793600,2420400.0,2026-04-10 04:00:00
