close,high,low,open,time,volume,date
70.186,71.0988,69.6572,70.2969,1603166400,991300.0,2020-10-20 04:00:00
70.4761,70.9537,69.9472,70.2372,1603252800,1186900.0,2020-10-21 04:00:00
71.6447,71.8238,70.169,70.5443,1603339200,1168200.0,2020-10-22 04:00:00
72.5318,72.6086,71.7044,72.1309,1603425600,1203800.0,2020-10-23 04:00:00
70.3566,71.6617,69.7766,71.2694,1603684800,1389600.0,2020-10-26 04:00:00
69.8875,70.9537,69.751,70.4846,1603771200,957700.0,2020-10-27 04:00:00
68.3691,69.7425,68.1985,68.7359,1603857600,1598300.0,2020-10-28 04:00:00
70.331,70.9793,67.9255,68.1217,1603944000,1477000.0,2020-10-29 04:00:00
70.692,70.7694,69.6521,69.7208,1604030400,1864900.0,2020-10-30 04:00:00
71.5945,72.2992,70.8295,71.4999,1604293200,1446600.0,2020-11-02 05:00:00
74.3792,74.8433,72.1875,72.1875,1604379600,1623600.0,2020-11-03 05:00:00
73.4767,76.906,73.3306,76.7685,1604466000,2410700.0,2020-11-04 05:00:00
74.4307,75.4965,74.0096,74.8777,1604552400,1477600.0,2020-11-05 05:00:00
75.6512,75.9606,74.3792,74.637,1604638800,1146100.0,2020-11-06 05:00:00
77.8601,81.6074,77.8257,80.1549,1604898000,2402700.0,2020-11-09 05:00:00
78.4617,79.665,76.8717,76.8717,1604984400,1596700.0,2020-11-10 05:00:00
78.6852,79.2094,78.0835,78.8914,1605070800,1073900.0,2020-11-11 05:00:00
77.6882,79.0461,77.2326,78.7711,1605157200,1205200.0,2020-11-12 05:00:00
78.9602,79.0633,77.7312,78.307,1605243600,905000.0,2020-11-13 05:00:00
80.0431,80.2064,79.0548,79.4673,1605502800,1378200.0,2020-11-16 05:00:00
79.5017,79.622,78.6594,79.1493,1605589200,1584500.0,2020-11-17 05:00:00
78.986,80.0088,78.9172,79.3985,1605675600,1593900.0,2020-11-18 05:00:00
79.1407,79.261,78.1265,78.8055,1605762000,1166600.0,2020-11-19 05:00:00
77.903,79.1321,77.8601,79.1321,1605848400,1230500.0,2020-11-20 05:00:00
79.0462,79.1923,78.1179,78.6594,1606107600,1697500.0,2020-11-23 05:00:00
80.5588,80.6276,78.7453,79.3985,1606194000,1716600.0,2020-11-24 05:00:00
80.0346,80.7909,79.579,80.7909,1606280400,921800.0,2020-11-25 05:00:00
80.2494,80.4471,79.7165,79.983,1606453200,557000.0,2020-11-27 05:00:00
80.0603,80.2494,78.8141,79.94,1606712400,1847800.0,2020-11-30 05:00:00
80.4299,80.7565,79.94,80.5674,1606798800,1369000.0,2020-12-01 05:00:00
79.7767,80.4643,79.3126,80.3869,1606885200,1417200.0,2020-12-02 05:00:00
80.1893,80.5846,79.3728,79.3728,1606971600,953200.0,2020-12-03 05:00:00
81.1948,81.2636,79.9142,80.4299,1607058000,1663700.0,2020-12-04 05:00:00
80.4041,80.9886,80.0517,80.7307,1607317200,1458800.0,2020-12-07 05:00:00
80.215,80.5932,79.6908,80.5502,1607403600,1003600.0,2020-12-08 05:00:00
80.1205,80.4643,79.5447,80.1978,1607490000,1518700.0,2020-12-09 05:00:00
78.5047,79.579,78.3843,79.4415,1607576400,1888100.0,2020-12-10 05:00:00
78.9172,78.9774,77.9804,78.2984,1607662800,1738800.0,2020-12-11 05:00:00
78.4961,80.0861,78.4617,79.4759,1607922000,1397000.0,2020-12-14 05:00:00
80.3869,80.4041,78.221,78.7367,1608008400,2300500.0,2020-12-15 05:00:00
81.1948,81.5128,79.4501,80.301,1608094800,2836600.0,2020-12-16 05:00:00
82.209,82.295,81.0745,81.5128,1608181200,1484400.0,2020-12-17 05:00:00
83.3006,83.481,82.3122,82.6216,1608267600,3192000.0,2020-12-18 05:00:00
83.0169,83.5154,81.616,82.2004,1608526800,2159800.0,2020-12-21 05:00:00
83.0513,83.5326,82.8193,82.8708,1608613200,2146700.0,2020-12-22 05:00:00
81.1347,85.9048,81.0659,85.518,1608699600,3367400.0,2020-12-23 05:00:00
81.4011,81.659,80.258,81.5644,1608786000,842200.0,2020-12-24 05:00:00
81.0487,82.3294,80.576,82.1918,1609131600,1192600.0,2020-12-28 05:00:00
80.0517,81.6418,79.8541,81.6418,1609218000,923800.0,2020-12-29 05:00:00
79.1922,80.8081,78.8055,80.215,1609304400,1702600.0,2020-12-30 05:00:00
80.0861,80.2924,78.8656,79.3298,1609390800,1343800.0,2020-12-31 05:00:00
77.6624,80.3783,76.6998,80.1119,1609736400,2200600.0,2021-01-04 05:00:00
77.3702,77.9804,76.9318,77.7311,1609822800,1258700.0,2021-01-05 05:00:00
78.3414,79.1063,76.9662,77.3444,1609909200,1849700.0,2021-01-06 05:00:00
78.668,78.9774,77.7999,78.2039,1609995600,1649800.0,2021-01-07 05:00:00
79.0891,79.5017,78.4187,78.6164,1610082000,1236300.0,2021-01-08 05:00:00
78.2124,79.0204,77.8515,78.6766,1610341200,1184500.0,2021-01-11 05:00:00
77.9718,78.2812,76.9404,78.0234,1610427600,1135300.0,2021-01-12 05:00:00
76.9748,77.7483,76.8115,77.5936,1610514000,2240000.0,2021-01-13 05:00:00
75.6942,77.1811,75.5481,77.0607,1610600400,1657800.0,2021-01-14 05:00:00
75.952,76.0724,74.7316,75.2558,1610686800,1658400.0,2021-01-15 05:00:00
75.9262,76.6568,75.677,76.2271,1611032400,1722300.0,2021-01-19 05:00:00
76.7685,77.035,75.4621,75.4621,1611118800,1633300.0,2021-01-20 05:00:00
75.2473,76.8115,74.9894,76.5107,1611205200,1469300.0,2021-01-21 05:00:00
74.6628,75.1957,74.2331,74.9722,1611291600,1730300.0,2021-01-22 05:00:00
74.7402,75.0324,73.5713,74.4307,1611550800,2440700.0,2021-01-25 05:00:00
75.0582,75.6598,74.3964,74.998,1611637200,1663600.0,2021-01-26 05:00:00
75.0152,75.7801,73.3134,74.0784,1611723600,3793300.0,2021-01-27 05:00:00
76.5708,77.4647,75.5481,75.6598,1611810000,3323700.0,2021-01-28 05:00:00
75.5755,76.1554,74.6408,76.1554,1611896400,2248500.0,2021-01-29 05:00:00
77.2892,77.9037,75.2034,75.965,1612155600,1861500.0,2021-02-01 05:00:00
78.3538,78.7952,76.943,77.7393,1612242000,1686700.0,2021-02-02 05:00:00
77.8518,78.3624,77.1334,78.3624,1612328400,1516600.0,2021-02-03 05:00:00
79.2626,79.2885,77.8431,78.1547,1612414800,1181800.0,2021-02-04 05:00:00
79.3058,79.7992,79.0635,79.6261,1612501200,1217100.0,2021-02-05 05:00:00
79.3751,79.5309,78.3538,78.4403,1612760400,1106400.0,2021-02-08 05:00:00
78.6653,79.3491,78.5701,79.3318,1612846800,1394900.0,2021-02-09 05:00:00
78.2845,79.202,78.2413,79.202,1612933200,971700.0,2021-02-10 05:00:00
78.1461,78.8471,77.9124,78.5961,1613019600,1177000.0,2021-02-11 05:00:00
77.3758,78.1028,76.8651,78.1028,1613106000,1482600.0,2021-02-12 05:00:00
76.8565,77.5575,76.3804,77.3238,1613451600,2311100.0,2021-02-16 05:00:00
77.1853,77.3584,75.8784,76.3371,1613538000,2448400.0,2021-02-17 05:00:00
79.0029,79.704,76.7786,76.9257,1613624400,2238400.0,2021-02-18 05:00:00
78.1114,79.2366,77.7739,78.4836,1613710800,1746900.0,2021-02-19 05:00:00
78.2326,79.0462,77.1334,77.8431,1613970000,2037100.0,2021-02-22 05:00:00
78.6567,79.3751,77.445,78.0162,1614056400,2198500.0,2021-02-23 05:00:00
80.8032,81.0974,77.3844,77.9297,1614142800,2070500.0,2021-02-24 05:00:00
79.1154,81.184,78.7692,80.5002,1614229200,2125000.0,2021-02-25 05:00:00
78.8212,79.6261,78.172,78.8558,1614315600,2407300.0,2021-02-26 05:00:00
80.2752,81.0974,78.9423,79.6261,1614574800,1571500.0,2021-03-01 05:00:00
79.7473,80.6647,79.3232,80.2233,1614661200,1515400.0,2021-03-02 05:00:00
78.3105,79.5828,78.198,79.2193,1614747600,1512400.0,2021-03-03 05:00:00
77.2979,79.176,76.7613,78.2672,1614834000,2246800.0,2021-03-04 05:00:00
79.7299,80.0329,77.2719,78.1287,1614920400,2375000.0,2021-03-05 05:00:00
80.6647,81.7898,78.0422,79.0116,1615179600,2017800.0,2021-03-08 05:00:00
81.8331,82.6813,81.0455,81.7033,1615266000,2071000.0,2021-03-09 05:00:00
81.9629,82.5428,81.5734,81.8937,1615352400,2162500.0,2021-03-10 05:00:00
82.3611,83.3823,82.1793,82.3784,1615438800,1438200.0,2021-03-11 05:00:00
82.4389,82.5168,81.5994,81.9975,1615525200,1527400.0,2021-03-12 05:00:00
84.6027,84.6633,82.3784,82.3784,1615780800,1431200.0,2021-03-15 04:00:00
84.8537,85.2691,84.2478,84.7152,1615867200,2034600.0,2021-03-16 04:00:00
84.8018,85.373,83.7458,84.395,1615953600,2018100.0,2021-03-17 04:00:00
84.2046,85.122,83.0102,83.867,1616040000,1761400.0,2021-03-18 04:00:00
82.9496,84.6027,82.8803,84.4469,1616126400,7898700.0,2021-03-19 04:00:00
83.5901,83.7458,82.5601,82.7159,1616385600,1696800.0,2021-03-22 04:00:00
83.2179,84.0055,82.7505,83.5987,1616472000,1486700.0,2021-03-23 04:00:00
83.919,85.2778,82.9496,83.3391,1616558400,1984700.0,2021-03-24 04:00:00
85.0874,85.2951,83.5728,84.0488,1616644800,1701500.0,2021-03-25 04:00:00
87.2598,87.4242,84.6979,84.9229,1616731200,1904100.0,2021-03-26 04:00:00
86.7924,87.329,85.7625,87.0607,1616990400,1538800.0,2021-03-29 04:00:00
85.8837,86.9655,85.0528,86.576,1617076800,1547800.0,2021-03-30 04:00:00
84.8364,86.3943,84.6806,85.8836,1617163200,2176100.0,2021-03-31 04:00:00
85.4768,85.7105,84.3344,84.3344,1617249600,2234800.0,2021-04-01 04:00:00
86.8617,87.5454,86.0827,86.2472,1617595200,2382800.0,2021-04-05 04:00:00
82.5861,82.9063,80.2665,82.2312,1617681600,4126500.0,2021-04-06 04:00:00
82.0581,83.8064,81.8244,82.5428,1617768000,2520200.0,2021-04-07 04:00:00
83.1227,83.4862,82.2226,82.7678,1617854400,2178100.0,2021-04-08 04:00:00
83.3997,83.5468,82.3697,83.1919,1617940800,1454700.0,2021-04-09 04:00:00
82.9583,83.6853,82.4476,83.5814,1618200000,1751900.0,2021-04-12 04:00:00
83.3304,83.5728,82.2312,82.8717,1618286400,1767900.0,2021-04-13 04:00:00
83.7372,84.17,82.5342,83.2439,1618372800,1411600.0,2021-04-14 04:00:00
83.3564,84.2911,83.1573,84.0747,1618459200,1747600.0,2021-04-15 04:00:00
84.3863,84.4729,83.2352,83.6074,1618545600,1782000.0,2021-04-16 04:00:00
83.4603,84.2219,83.0102,84.144,1618804800,1998000.0,2021-04-19 04:00:00
84.395,84.5508,83.5208,83.8324,1618891200,1301300.0,2021-04-20 04:00:00
85.0095,85.2172,84.144,84.7066,1618977600,1222800.0,2021-04-21 04:00:00
85.0614,85.6413,84.4729,84.646,1619064000,1627800.0,2021-04-22 04:00:00
85.8837,86.2472,84.8018,85.1999,1619150400,1277100.0,2021-04-23 04:00:00
85.5547,86.3597,85.2864,85.7452,1619409600,1026700.0,2021-04-26 04:00:00
85.7884,85.875,84.9316,85.2605,1619496000,1191500.0,2021-04-27 04:00:00
84.6893,85.8058,84.3431,85.7971,1619582400,1759400.0,2021-04-28 04:00:00
85.9875,86.3424,84.646,85.1653,1619668800,1590300.0,2021-04-29 04:00:00
84.3777,85.8577,84.1613,85.6067,1619755200,2380200.0,2021-04-30 04:00:00
85.7365,86.1519,84.6719,85.1999,1620014400,1265800.0,2021-05-03 04:00:00
87.2252,87.2858,85.1047,85.3817,1620100800,2181400.0,2021-05-04 04:00:00
86.879,87.4588,86.1173,87.4415,1620187200,1651900.0,2021-05-05 04:00:00
87.9262,87.9782,86.7318,87.2252,1620273600,1518100.0,2021-05-06 04:00:00
87.4242,88.0301,86.4549,87.9695,1620360000,1406000.0,2021-05-07 04:00:00
86.9309,88.809,86.8963,87.5454,1620619200,2348900.0,2021-05-10 04:00:00
86.2775,86.9309,85.4847,86.5301,1620705600,1450400.0,2021-05-11 04:00:00
83.9339,85.8158,83.7422,85.2669,1620792000,1769800.0,2021-05-12 04:00:00
85.8419,86.2775,84.0733,84.3346,1620878400,1261200.0,2021-05-13 04:00:00
87.2184,87.5059,86.0597,86.4256,1620964800,1027000.0,2021-05-14 04:00:00
86.9919,87.2184,86.4517,86.9309,1621224000,971000.0,2021-05-17 04:00:00
86.3385,87.0964,86.2862,87.079,1621310400,1468600.0,2021-05-18 04:00:00
86.1555,86.2078,84.7093,85.7373,1621396800,1738600.0,2021-05-19 04:00:00
87.6627,88.0809,85.7373,85.9464,1621483200,1609800.0,2021-05-20 04:00:00
87.776,88.6821,87.4449,88.0374,1621569600,2646500.0,2021-05-21 04:00:00
88.7692,89.0306,88.0983,88.4207,1621828800,1993200.0,2021-05-24 04:00:00
88.0722,88.926,87.8893,88.926,1621915200,1134200.0,2021-05-25 04:00:00
87.6366,88.229,87.2707,87.7673,1622001600,1433400.0,2021-05-26 04:00:00
87.8892,88.2987,87.3839,87.7586,1622088000,1223200.0,2021-05-27 04:00:00
88.1158,88.6037,87.8718,87.8718,1622174400,1041100.0,2021-05-28 04:00:00
87.9851,88.9783,87.5407,88.2203,1622520000,924400.0,2021-06-01 04:00:00
88.7605,89.2048,87.018,87.2794,1622606400,1262800.0,2021-06-02 04:00:00
88.743,89.0218,87.7237,88.0461,1622692800,925100.0,2021-06-03 04:00:00
89.3529,89.6056,88.8563,89.44,1622779200,1069000.0,2021-06-04 04:00:00
88.6472,89.7275,88.3249,89.4052,1623038400,1205800.0,2021-06-07 04:00:00
89.7624,90.015,88.804,88.865,1623124800,933300.0,2021-06-08 04:00:00
90.2416,90.8079,89.8408,90.1631,1623211200,811500.0,2021-06-09 04:00:00
91.2957,91.5833,90.137,90.3461,1623297600,2655000.0,2021-06-10 04:00:00
91.4787,91.6268,90.9821,91.3219,1623384000,901100.0,2021-06-11 04:00:00
91.0344,91.4613,89.7624,91.3306,1623643200,1037200.0,2021-06-14 04:00:00
90.9037,91.1912,90.3984,91.1825,1623729600,1378900.0,2021-06-15 04:00:00
90.4506,91.2609,89.7972,91.1389,1623816000,1007300.0,2021-06-16 04:00:00
90.8166,91.3219,90.1544,90.3548,1623902400,881200.0,2021-06-17 04:00:00
88.8824,90.259,88.6298,89.7275,1623988800,2246500.0,2021-06-18 04:00:00
90.3113,90.5204,88.9086,89.3878,1624248000,988700.0,2021-06-21 04:00:00
90.2851,90.7294,89.623,90.1109,1624334400,1810900.0,2021-06-22 04:00:00
90.1283,90.3809,89.3703,90.3112,1624420800,1484300.0,2021-06-23 04:00:00
90.8514,91.0867,90.0325,90.7643,1624507200,1465900.0,2021-06-24 04:00:00
92.0102,92.5329,90.6162,91.7139,1624593600,3146100.0,2021-06-25 04:00:00
93.1427,93.4651,91.9579,92.3673,1624852800,2161800.0,2021-06-28 04:00:00
93.6916,94.2928,92.9685,93.0208,1624939200,1481900.0,2021-06-29 04:00:00
93.4825,94.1621,93.073,93.7787,1625025600,2102200.0,2021-06-30 04:00:00
94.5019,94.6413,93.2037,93.2037,1625112000,1387700.0,2021-07-01 04:00:00
94.7284,95.2162,93.7874,95.1204,1625198400,1660500.0,2021-07-02 04:00:00
94.589,95.2859,93.5958,95.2859,1625544000,1509800.0,2021-07-06 04:00:00
95.6693,95.8174,94.7371,94.8678,1625630400,1879300.0,2021-07-07 04:00:00
96.0265,97.133,94.8678,96.6276,1625716800,2370300.0,2021-07-08 04:00:00
97.4902,97.6905,95.4863,95.4863,1625803200,1562600.0,2021-07-09 04:00:00
97.2898,97.8038,96.7496,97.4902,1626062400,1452000.0,2021-07-12 04:00:00
97.2549,97.9083,96.8803,97.5163,1626148800,1292200.0,2021-07-13 04:00:00
97.8648,98.0739,97.2201,97.5163,1626235200,1092000.0,2021-07-14 04:00:00
98.161,98.4049,97.6557,97.9083,1626321600,1982300.0,2021-07-15 04:00:00
97.4466,98.5443,97.3682,98.4398,1626408000,4006100.0,2021-07-16 04:00:00
95.3208,97.2723,94.7284,96.7496,1626667200,2167900.0,2021-07-19 04:00:00
96.2356,97.0458,95.4253,95.7477,1626753600,2460400.0,2021-07-20 04:00:00
97.0458,97.1155,95.6257,96.4098,1626840000,1947800.0,2021-07-21 04:00:00
96.6538,97.3682,95.9132,97.1068,1626926400,1020500.0,2021-07-22 04:00:00
97.7951,98.0129,96.5841,96.8106,1627012800,1271800.0,2021-07-23 04:00:00
98.1697,98.2046,97.3072,97.7864,1627272000,1328900.0,2021-07-26 04:00:00
98.6402,99.2413,97.708,98.3091,1627358400,1231900.0,2021-07-27 04:00:00
98.2481,98.5879,97.6905,98.3091,1627444800,1130200.0,2021-07-28 04:00:00
98.9974,99.4504,98.4398,98.6663,1627531200,921900.0,2021-07-29 04:00:00
99.7422,99.9087,98.7432,98.7432,1627617600,1290000.0,2021-07-30 04:00:00
99.234,100.6711,99.1551,100.0227,1627876800,1140100.0,2021-08-02 04:00:00
100.601,100.7412,98.4015,99.3479,1627963200,1131000.0,2021-08-03 04:00:00
100.1278,100.6536,99.5845,100.417,1628049600,1081400.0,2021-08-04 04:00:00
101.0392,101.1706,100.0227,100.5572,1628136000,1036400.0,2021-08-05 04:00:00
101.1356,101.3547,100.4784,100.7763,1628222400,1036500.0,2021-08-06 04:00:00
100.934,101.6088,100.268,100.7237,1628481600,953200.0,2021-08-09 04:00:00
101.5387,101.6,100.5397,100.9253,1628568000,972500.0,2021-08-10 04:00:00
102.3186,102.6253,101.4773,101.749,1628654400,992000.0,2021-08-11 04:00:00
102.0995,102.415,101.8629,102.1171,1628740800,797800.0,2021-08-12 04:00:00
102.6779,102.8619,101.9243,102.082,1628827200,822900.0,2021-08-13 04:00:00
103.5718,103.5981,102.047,102.5114,1629086400,950600.0,2021-08-16 04:00:00
102.564,103.2738,102.0469,103.1073,1629172800,1023800.0,2021-08-17 04:00:00
100.5222,102.8094,100.382,102.3011,1629259200,1071900.0,2021-08-18 04:00:00
101.0041,101.2758,99.9263,100.1103,1629345600,1338000.0,2021-08-19 04:00:00
101.1444,101.3371,100.5572,101.0567,1629432000,1567800.0,2021-08-20 04:00:00
101.1882,101.7666,100.8727,101.4073,1629691200,1531900.0,2021-08-23 04:00:00
100.1541,101.381,100.0577,101.1969,1629777600,1168300.0,2021-08-24 04:00:00
100.1015,100.7412,99.8649,99.9438,1629864000,993100.0,2021-08-25 04:00:00
99.3654,100.4871,99.0675,100.2155,1629950400,1754100.0,2021-08-26 04:00:00
100.2242,100.5046,99.4005,99.4794,1630036800,1264900.0,2021-08-27 04:00:00
100.3557,100.8815,100.1541,100.3381,1630296000,734100.0,2021-08-30 04:00:00
100.3119,100.7237,99.7335,100.6887,1630382400,1440700.0,2021-08-31 04:00:00
99.567,100.5309,98.6556,100.5046,1630468800,1554700.0,2021-09-01 04:00:00
99.6546,100.0402,99.2778,99.8036,1630555200,1089100.0,2021-09-02 04:00:00
99.5495,99.8649,99.0412,99.2953,1630641600,740400.0,2021-09-03 04:00:00
97.5252,99.3567,97.3674,99.3567,1630987200,963300.0,2021-09-07 04:00:00
98.2262,98.2613,97.3149,97.4113,1631073600,1214900.0,2021-09-08 04:00:00
97.5514,98.8659,97.4989,98.4979,1631160000,853700.0,2021-09-09 04:00:00
96.6576,97.8932,96.5612,97.6128,1631246400,1257600.0,2021-09-10 04:00:00
95.9128,97.8845,95.4133,97.3674,1631505600,1442600.0,2021-09-13 04:00:00
96.0968,96.9906,95.9478,96.4648,1631592000,1518300.0,2021-09-14 04:00:00
96.1406,96.754,95.7462,96.0968,1631678400,1285000.0,2021-09-15 04:00:00
95.8426,96.386,95.6236,96.088,1631764800,1134100.0,2021-09-16 04:00:00
95.3256,95.9829,94.572,95.9829,1631851200,3614300.0,2021-09-17 04:00:00
94.9751,95.2643,94.0725,94.2916,1632110400,1947200.0,2021-09-20 04:00:00
95.0802,95.4308,94.4055,95.4308,1632196800,1420200.0,2021-09-21 04:00:00
95.8426,96.1756,94.6947,95.0802,1632283200,1610600.0,2021-09-22 04:00:00
96.6664,97.0432,95.8339,95.939,1632369600,1072300.0,2021-09-23 04:00:00
96.3772,96.7014,95.8514,96.2896,1632456000,1055200.0,2021-09-24 04:00:00
95.3168,96.2545,95.2029,96.0091,1632715200,1273400.0,2021-09-27 04:00:00
93.5292,94.7911,93.3714,94.4405,1632801600,1443000.0,2021-09-28 04:00:00
94.5106,95.238,93.424,93.5467,1632888000,1714800.0,2021-09-29 04:00:00
98.5417,100.4696,97.3587,99.8912,1632974400,4219400.0,2021-09-30 04:00:00
100.9077,101.2583,97.5777,99.3216,1633060800,2182300.0,2021-10-01 04:00:00
100.7851,101.898,100.0314,100.6098,1633320000,2270300.0,2021-10-04 04:00:00
102.38,102.8006,99.3479,99.4618,1633406400,1848100.0,2021-10-05 04:00:00
103.4403,103.5455,101.6964,101.9506,1633492800,1516800.0,2021-10-06 04:00:00
103.9661,104.6145,103.2825,104.5094,1633579200,1397300.0,2021-10-07 04:00:00
103.9924,104.4831,103.4666,104.2816,1633665600,1099800.0,2021-10-08 04:00:00
102.8269,103.896,102.8094,103.896,1633924800,1059500.0,2021-10-11 04:00:00
102.8181,103.8083,102.5727,102.599,1634011200,1010600.0,2021-10-12 04:00:00
102.932,103.4666,101.7403,103.23,1634097600,1145800.0,2021-10-13 04:00:00
104.0625,104.3166,103.5279,103.9661,1634184000,1307700.0,2021-10-14 04:00:00
104.413,104.7022,103.896,104.2202,1634270400,1778900.0,2021-10-15 04:00:00
105.2543,105.3419,103.563,104.1151,1634529600,1305900.0,2021-10-18 04:00:00
106.744,106.7703,105.2017,105.4646,1634616000,1401300.0,2021-10-19 04:00:00
106.8141,107.1208,106.2883,106.9105,1634702400,901200.0,2021-10-20 04:00:00
107.2435,107.3574,106.2533,106.709,1634788800,1067800.0,2021-10-21 04:00:00
108.4616,108.8472,107.2873,107.3487,1634875200,1197800.0,2021-10-22 04:00:00
107.9446,108.7157,107.7956,108.0935,1635134400,910600.0,2021-10-25 04:00:00
108.2513,108.6456,107.6291,108.1812,1635220800,998800.0,2021-10-26 04:00:00
107.3311,108.6281,106.6651,108.1286,1635307200,1231600.0,2021-10-27 04:00:00
108.1023,108.3039,107.042,107.3136,1635393600,1256900.0,2021-10-28 04:00:00
108.6133,109.1155,108.0406,108.5516,1635480000,1280300.0,2021-10-29 04:00:00
107.1331,108.6133,106.5429,108.6133,1635739200,1196600.0,2021-11-01 04:00:00
108.7454,108.7631,107.2653,107.6442,1635825600,1424800.0,2021-11-02 04:00:00
108.7631,109.1243,107.142,108.8864,1635912000,945800.0,2021-11-03 04:00:00
109.0186,109.4679,108.1728,108.6221,1635998400,952200.0,2021-11-04 04:00:00
109.8027,110.8423,109.4943,109.8732,1636084800,1149900.0,2021-11-05 04:00:00
108.534,110.393,107.8468,110.0494,1636347600,1039000.0,2021-11-08 05:00:00
108.3402,108.6309,107.2477,108.534,1636434000,1164600.0,2021-11-09 05:00:00
108.4635,109.2565,108.0054,108.3666,1636520400,923100.0,2021-11-10 05:00:00
108.719,109.0802,108.1375,108.5516,1636606800,671700.0,2021-11-11 05:00:00
109.7763,110.2256,108.7278,108.9921,1636693200,729900.0,2021-11-12 05:00:00
109.6705,110.0846,108.6749,109.8731,1636952400,953000.0,2021-11-15 05:00:00
110.1727,110.9304,109.6265,109.6265,1637038800,1124400.0,2021-11-16 05:00:00
110.8775,111.0009,109.5384,109.7234,1637125200,777900.0,2021-11-17 05:00:00
110.578,110.9656,109.882,110.8511,1637211600,773700.0,2021-11-18 05:00:00
110.1199,111.1859,110.0053,111.1595,1637298000,1145500.0,2021-11-19 05:00:00
109.5824,111.7321,109.2652,110.0053,1637557200,1424300.0,2021-11-22 05:00:00
110.5428,110.6749,109.0098,109.3093,1637643600,1511000.0,2021-11-23 05:00:00
110.1991,110.7013,109.741,110.0317,1637730000,1421700.0,2021-11-24 05:00:00
107.882,110.2872,107.6442,109.5296,1637902800,886300.0,2021-11-26 05:00:00
109.0097,109.6353,108.2961,108.9921,1638162000,1824600.0,2021-11-29 05:00:00
105.0187,109.2476,104.217,109.0626,1638248400,3420300.0,2021-11-30 05:00:00
103.7853,107.0274,103.75,106.3755,1638334800,1956700.0,2021-12-01 05:00:00
106.2962,106.9129,104.2962,104.3844,1638421200,1396800.0,2021-12-02 05:00:00
105.5473,106.86,104.5782,106.3755,1638507600,1285300.0,2021-12-03 05:00:00
107.4239,107.7058,106.2081,106.5341,1638766800,1529700.0,2021-12-06 05:00:00
108.4811,109.2388,108.0406,108.0406,1638853200,1214600.0,2021-12-07 05:00:00
108.4019,109.4062,107.838,108.8159,1638939600,1357700.0,2021-12-08 05:00:00
107.7675,108.7719,107.5561,108.4018,1639026000,1106800.0,2021-12-09 05:00:00
109.4679,109.5031,107.8468,108.1551,1639112400,1168400.0,2021-12-10 05:00:00
109.6,110.0934,108.4283,109.5296,1639371600,1404900.0,2021-12-13 05:00:00
107.8644,109.4503,106.8336,108.7807,1639458000,1778300.0,2021-12-14 05:00:00
110.3754,110.5868,107.9261,108.0759,1639544400,1472200.0,2021-12-15 05:00:00
109.8203,111.3885,109.2653,110.8775,1639630800,1512400.0,2021-12-16 05:00:00
109.1507,110.6132,108.8512,109.371,1639717200,3246000.0,2021-12-17 05:00:00
109.0714,109.1331,107.0891,107.6441,1639976400,1586100.0,2021-12-20 05:00:00
111.3885,111.6705,109.4062,109.8555,1640062800,2583400.0,2021-12-21 05:00:00
117.5381,119.3442,111.8907,114.384,1640149200,4604200.0,2021-12-22 05:00:00
118.2694,120.8772,117.9874,118.0579,1640235600,2841700.0,2021-12-23 05:00:00
119.5028,119.6878,117.5205,118.6306,1640581200,1988800.0,2021-12-27 05:00:00
119.6878,120.6129,119.1064,119.8376,1640667600,1079100.0,2021-12-28 05:00:00
121.0358,121.6613,119.5292,119.5292,1640754000,1311800.0,2021-12-29 05:00:00
120.2164,122.4366,120.0579,121.2208,1640840400,1063300.0,2021-12-30 05:00:00
120.2605,120.9565,119.679,120.2781,1640926800,1004200.0,2021-12-31 05:00:00
118.5072,120.5689,117.2033,119.8288,1641186000,2448300.0,2022-01-03 05:00:00
118.2782,119.7143,117.5381,118.3399,1641272400,1873400.0,2022-01-04 05:00:00
116.0228,118.6835,115.9523,117.9874,1641358800,1796200.0,2022-01-05 05:00:00
115.2386,116.7364,114.7981,116.0227,1641445200,2453300.0,2022-01-06 05:00:00
113.5118,115.7584,113.4237,115.2034,1641531600,1555500.0,2022-01-07 05:00:00
111.5207,112.6836,110.4458,112.6836,1641790800,2127600.0,2022-01-10 05:00:00
113.4501,113.6528,110.9304,112.8158,1641877200,1847800.0,2022-01-11 05:00:00
113.0184,114.525,112.2696,114.525,1641963600,1213900.0,2022-01-12 05:00:00
111.5647,113.5911,111.3533,113.1682,1642050000,1459300.0,2022-01-13 05:00:00
110.1287,111.644,109.3798,110.6397,1642136400,1602300.0,2022-01-14 05:00:00
108.393,109.3181,107.5737,108.2609,1642482000,1887900.0,2022-01-18 05:00:00
106.8424,109.6441,106.7455,108.7631,1642568400,1714100.0,2022-01-19 05:00:00
106.5957,109.2741,106.305,106.5341,1642654800,1898100.0,2022-01-20 05:00:00
104.5518,107.5032,104.5165,106.8689,1642741200,2268000.0,2022-01-21 05:00:00
105.8028,105.9085,101.5827,104.1024,1643000400,3432700.0,2022-01-24 05:00:00
104.6398,106.1464,103.0804,104.6839,1643086800,2318100.0,2022-01-25 05:00:00
100.0585,105.6178,99.3537,105.3799,1643173200,3430500.0,2022-01-26 05:00:00
98.3229,101.3712,97.3978,100.7457,1643259600,2966200.0,2022-01-27 05:00:00
102.2136,102.2313,97.3745,98.3849,1643346000,2813500.0,2022-01-28 05:00:00
104.3672,104.6952,100.9108,101.416,1643605200,2127600.0,2022-01-31 05:00:00
104.6685,104.9256,103.2594,103.7646,1643691600,2017400.0,2022-02-01 05:00:00
106.45,106.7424,104.0836,104.0836,1643778000,2065100.0,2022-02-02 05:00:00
105.3421,106.4145,105.0585,105.4219,1643864400,2009900.0,2022-02-03 05:00:00
106.2727,106.707,103.8266,104.8104,1643950800,1892500.0,2022-02-04 05:00:00
106.3259,106.9817,105.5282,106.3525,1644210000,1386600.0,2022-02-07 05:00:00
107.2565,107.4869,105.5726,106.1398,1644296400,1569600.0,2022-02-08 05:00:00
110.0039,110.1634,107.9832,108.4884,1644382800,2164300.0,2022-02-09 05:00:00
106.6804,108.9581,106.2195,107.611,1644469200,2448900.0,2022-02-10 05:00:00
105.3865,107.4337,105.1649,105.9803,1644555600,2084800.0,2022-02-11 05:00:00
105.0053,105.7675,103.9595,105.4308,1644814800,2687400.0,2022-02-14 05:00:00
106.45,106.4854,105.3155,106.0512,1644901200,1774600.0,2022-02-15 05:00:00
106.3702,106.9374,104.8015,106.1132,1644987600,2175200.0,2022-02-16 05:00:00
103.1176,105.8473,102.9403,105.5548,1645074000,1897900.0,2022-02-17 05:00:00
102.6656,103.7646,102.1604,102.7542,1645160400,1453000.0,2022-02-18 05:00:00
102.444,103.4987,101.6109,102.1959,1645506000,1746800.0,2022-02-22 05:00:00
100.6892,103.4898,100.4499,102.9581,1645592400,1743000.0,2022-02-23 05:00:00
102.6213,102.7985,98.7217,98.9433,1645678800,2456500.0,2022-02-24 05:00:00
105.1472,105.1915,102.3909,102.772,1645765200,1259700.0,2022-02-25 05:00:00
105.5194,105.7941,103.5607,103.9152,1646024400,1689300.0,2022-02-28 05:00:00
104.1811,105.9537,103.5519,105.3599,1646110800,1468500.0,2022-03-01 05:00:00
106.6893,107.1413,104.5711,104.7572,1646197200,1332600.0,2022-03-02 05:00:00
106.7247,108.1073,106.3436,107.7173,1646283600,1433500.0,2022-03-03 05:00:00
109.5253,109.871,105.0674,106.1398,1646370000,1967800.0,2022-03-04 05:00:00
108.4884,110.6332,108.0541,109.4987,1646629200,2234000.0,2022-03-07 05:00:00
104.961,109.6051,104.8015,107.8414,1646715600,1958000.0,2022-03-08 05:00:00
108.3909,108.7631,105.9094,106.9463,1646802000,1679600.0,2022-03-09 05:00:00
108.2934,108.5947,105.0762,106.6981,1646888400,1317600.0,2022-03-10 05:00:00
106.8754,110.3141,106.7602,109.1088,1646974800,1071000.0,2022-03-11 05:00:00
106.255,107.8769,105.5814,107.0438,1647230400,1116400.0,2022-03-14 04:00:00
107.9655,108.0453,105.4042,107.1767,1647316800,1321800.0,2022-03-15 04:00:00
110.385,110.4914,107.4869,108.4707,1647403200,1450000.0,2022-03-16 04:00:00
111.3333,111.4042,109.4899,110.2255,1647489600,1414100.0,2022-03-17 04:00:00
113.5579,113.9744,110.58,111.3954,1647576000,3561600.0,2022-03-18 04:00:00
112.2551,113.3629,110.8725,112.9552,1647835200,1605300.0,2022-03-21 04:00:00
112.9552,113.4604,111.8651,112.3082,1647921600,1398400.0,2022-03-22 04:00:00
111.1206,112.4146,111.032,112.4146,1648008000,1562800.0,2022-03-23 04:00:00
113.2122,113.2388,111.0586,111.936,1648094400,1125900.0,2022-03-24 04:00:00
114.0719,114.2846,112.3082,113.3983,1648180800,1213400.0,2022-03-25 04:00:00
115.1,115.4279,113.4958,114.0098,1648440000,1812700.0,2022-03-28 04:00:00
117.4575,117.6613,115.3481,115.8887,1648526400,2631200.0,2022-03-29 04:00:00
121.3216,121.9154,113.8858,116.9877,1648612800,2875100.0,2022-03-30 04:00:00
120.9493,124.6717,120.8962,122.2256,1648699200,3185600.0,2022-03-31 04:00:00
123.0764,123.1207,119.9567,121.2152,1648785600,2305800.0,2022-04-01 04:00:00
123.4664,123.7322,121.5963,123.422,1649044800,2742100.0,2022-04-04 04:00:00
123.4132,125.7795,122.7662,123.6879,1649131200,2723900.0,2022-04-05 04:00:00
125.168,125.7795,122.4206,123.1739,1649217600,2751500.0,2022-04-06 04:00:00
123.9361,125.4871,123.4575,124.4058,1649304000,3452100.0,2022-04-07 04:00:00
123.4486,124.8755,122.6687,123.2005,1649390400,2396600.0,2022-04-08 04:00:00
121.2773,123.9627,121.1,123.812,1649649600,1575600.0,2022-04-11 04:00:00
121.0557,123.0853,120.6392,122.3319,1649736000,1359600.0,2022-04-12 04:00:00
122.2079,122.5446,120.5328,121.552,1649822400,1394100.0,2022-04-13 04:00:00
121.1443,122.7573,120.9139,122.2079,1649908800,1574900.0,2022-04-14 04:00:00
120.3112,121.5875,119.5845,120.453,1650254400,1457900.0,2022-04-18 04:00:00
121.8268,122.1724,119.5136,120.4796,1650340800,2158800.0,2022-04-19 04:00:00
123.75,124.2374,122.5978,122.7573,1650427200,1829800.0,2022-04-20 04:00:00
122.589,125.2035,122.2167,124.1842,1650513600,1650700.0,2022-04-21 04:00:00
116.4116,122.1635,116.2255,122.0572,1650600000,2375400.0,2022-04-22 04:00:00
117.2093,117.2536,113.7529,116.5535,1650859200,2766200.0,2022-04-25 04:00:00
114.7809,117.2625,114.772,116.5091,1650945600,2248900.0,2022-04-26 04:00:00
115.8267,117.7765,115.3836,115.8267,1651032000,1777700.0,2022-04-27 04:00:00
117.3422,118.0424,115.6229,116.8725,1651118400,1468400.0,2022-04-28 04:00:00
112.3171,116.9877,112.0689,116.9789,1651204800,1981500.0,2022-04-29 04:00:00
113.1324,114.2491,110.9168,112.4589,1651464000,1985900.0,2022-05-02 04:00:00
113.9301,114.3644,112.8045,113.6554,1651550400,1492200.0,2022-05-03 04:00:00
117.4043,117.7854,113.2034,113.9656,1651636800,1916500.0,2022-05-04 04:00:00
110.4205,116.713,109.3569,116.4382,1651723200,2353500.0,2022-05-05 04:00:00
110.0394,110.7129,108.4884,109.5165,1651809600,1873300.0,2022-05-06 04:00:00
106.5918,109.1531,106.06,109.1531,1652068800,2423500.0,2022-05-09 04:00:00
106.4677,109.0556,105.3333,108.4175,1652155200,2248900.0,2022-05-10 04:00:00
105.4685,106.7532,104.9332,105.3436,1652241600,2805900.0,2022-05-11 04:00:00
105.2098,105.531,103.1846,104.7816,1652328000,2213900.0,2022-05-12 04:00:00
106.78,107.6186,105.7094,106.0841,1652414400,1336900.0,2022-05-13 04:00:00
107.11,107.9486,105.7897,106.3785,1652673600,1152900.0,2022-05-16 04:00:00
108.5018,109.0817,107.8951,108.6356,1652760000,1328400.0,2022-05-17 04:00:00
104.7726,107.449,104.5139,107.4044,1652846400,1606800.0,2022-05-18 04:00:00
103.3452,104.7637,102.8099,104.1125,1652932800,2290300.0,2022-05-19 04:00:00
104.6745,105.1741,101.7929,104.7102,1653019200,2266500.0,2022-05-20 04:00:00
105.4596,106.0841,103.6575,105.406,1653278400,1801500.0,2022-05-23 04:00:00
105.1295,105.3257,103.2203,104.8351,1653364800,1625400.0,2022-05-24 04:00:00
105.2633,106.1108,103.9965,104.4515,1653451200,1413800.0,2022-05-25 04:00:00
108.1271,108.7872,105.4506,105.8878,1653537600,1537300.0,2022-05-26 04:00:00
110.6964,110.7143,108.9746,109.2601,1653624000,1560600.0,2022-05-27 04:00:00
110.4734,111.2942,108.9657,110.2057,1653969600,2523500.0,2022-05-31 04:00:00
109.0728,111.3566,108.4215,110.8035,1654056000,1483900.0,2022-06-01 04:00:00
112.3647,112.4718,108.9211,109.5366,1654142400,1551400.0,2022-06-02 04:00:00
112.2398,112.7127,111.3477,111.9008,1654228800,1355400.0,2022-06-03 04:00:00
112.3469,113.7029,111.7045,113.3372,1654488000,1210700.0,2022-06-06 04:00:00
113.0784,113.3015,110.3306,111.1782,1654574400,1238500.0,2022-06-07 04:00:00
112.0525,112.784,111.2495,112.4004,1654660800,1187400.0,2022-06-08 04:00:00
109.376,111.9989,109.3582,111.6599,1654747200,1066200.0,2022-06-09 04:00:00
107.6185,108.8408,106.7353,107.9129,1654833600,1360100.0,2022-06-10 04:00:00
104.5674,106.0662,104.0232,105.3793,1655092800,1701000.0,2022-06-13 04:00:00
104.7994,105.3168,103.6575,105.3079,1655179200,1509700.0,2022-06-14 04:00:00
105.2276,106.8156,103.7734,105.3436,1655265600,1380400.0,2022-06-15 04:00:00
101.5342,103.5861,100.6867,103.2114,1655352000,2236500.0,2022-06-16 04:00:00
100.8115,102.462,98.5544,101.5253,1655438400,4520600.0,2022-06-17 04:00:00
103.7377,103.9697,101.775,101.891,1655784000,1992800.0,2022-06-21 04:00:00
103.1579,104.4604,101.7037,102.4977,1655870400,1760300.0,2022-06-22 04:00:00
104.6567,104.9689,103.0687,104.1392,1655956800,1785500.0,2022-06-23 04:00:00
109.2244,109.2333,105.2276,105.5399,1656043200,2321600.0,2022-06-24 04:00:00
109.4296,111.2763,109.0014,109.1352,1656302400,2906700.0,2022-06-27 04:00:00
106.9494,110.6251,106.7175,109.4474,1656388800,2431200.0,2022-06-28 04:00:00
102.462,105.5309,100.4993,103.6664,1656475200,3477800.0,2022-06-29 04:00:00
101.5877,104.05,100.981,101.1059,1656561600,2692100.0,2022-06-30 04:00:00
103.8091,104.05,101.2665,101.9,1656648000,1693000.0,2022-07-01 04:00:00
103.1043,103.1133,99.6696,102.9794,1656993600,1427800.0,2022-07-05 04:00:00
104.3533,105.2009,102.7386,103.6396,1657080000,1910100.0,2022-07-06 04:00:00
103.9519,104.5675,103.1846,103.8627,1657166400,1548200.0,2022-07-07 04:00:00
104.2017,104.4515,102.3103,103.2203,1657252800,1294500.0,2022-07-08 04:00:00
103.6842,104.2374,102.8278,103.6396,1657512000,1110600.0,2022-07-11 04:00:00
102.462,104.7548,101.9802,103.8448,1657598400,1266800.0,2022-07-12 04:00:00
101.1149,102.1408,100.0978,100.2049,1657684800,1350200.0,2022-07-13 04:00:00
100.9364,101.3647,99.1789,100.1335,1657771200,1240400.0,2022-07-14 04:00:00
102.5958,102.8099,101.7572,102.2925,1657857600,1613300.0,2022-07-15 04:00:00
102.23,104.2017,101.7126,103.2738,1658116800,1377800.0,2022-07-18 04:00:00
106.316,106.6104,103.2025,103.6485,1658203200,1703000.0,2022-07-19 04:00:00
107.3242,108.02,106.0573,106.6283,1658289600,2138500.0,2022-07-20 04:00:00
108.8854,109.0995,106.8602,107.4847,1658376000,1429700.0,2022-07-21 04:00:00
109.2333,110.7321,108.5107,109.4474,1658462400,1483100.0,2022-07-22 04:00:00
108.4126,109.4653,107.9487,109.1173,1658721600,1499900.0,2022-07-25 04:00:00
108.1538,109.3315,107.7256,108.6802,1658808000,1633600.0,2022-07-26 04:00:00
111.883,112.445,108.4036,108.7159,1658894400,2095000.0,2022-07-27 04:00:00
114.4345,114.8181,111.9454,112.4093,1658980800,1234100.0,2022-07-28 04:00:00
114.4434,115.0857,113.7386,114.488,1659067200,1525900.0,2022-07-29 04:00:00
112.9268,114.4077,112.4093,113.5156,1659326400,1472700.0,2022-08-01 04:00:00
112.7305,113.4888,111.7938,112.7127,1659412800,1416300.0,2022-08-02 04:00:00
115.059,115.5497,112.9089,113.5067,1659499200,1154500.0,2022-08-03 04:00:00
114.7021,115.1393,114.0241,115.0858,1659585600,764800.0,2022-08-04 04:00:00
115.5764,115.7995,113.2926,113.3282,1659672000,979400.0,2022-08-05 04:00:00
116.7808,117.3518,115.5675,116.4596,1659931200,1310000.0,2022-08-08 04:00:00
116.7808,117.6997,116.3704,117.0217,1660017600,978100.0,2022-08-09 04:00:00
119.2311,119.7966,118.3067,119.3837,1660104000,1171400.0,2022-08-10 04:00:00
118.54,120.2903,118.4054,120.1018,1660190400,1280000.0,2022-08-11 04:00:00
121.7173,121.7263,119.1324,119.3388,1660276800,1824600.0,2022-08-12 04:00:00
123.9971,124.069,120.8647,121.4212,1660536000,1501800.0,2022-08-15 04:00:00
124.1408,124.3113,122.8573,123.306,1660622400,1092900.0,2022-08-16 04:00:00
124.419,124.5267,123.0008,123.2252,1660708800,1445600.0,2022-08-17 04:00:00
124.9037,125.1819,123.8356,124.5536,1660795200,1068900.0,2022-08-18 04:00:00
124.3023,124.7152,123.3958,124.0779,1660881600,2748200.0,2022-08-19 04:00:00
122.0136,123.6202,121.5468,123.6202,1661140800,1314500.0,2022-08-22 04:00:00
121.1698,122.3995,121.0172,122.0584,1661227200,1024800.0,2022-08-23 04:00:00
121.2416,121.9956,120.8467,121.0891,1661313600,1142100.0,2022-08-24 04:00:00
120.3261,121.7622,119.7876,121.6186,1661400000,1522700.0,2022-08-25 04:00:00
115.605,120.6582,115.3896,120.5595,1661486400,1966600.0,2022-08-26 04:00:00
114.0882,115.2999,113.9535,115.1562,1661745600,1430000.0,2022-08-29 04:00:00
111.5032,114.2587,111.2249,114.2587,1661832000,1559400.0,2022-08-30 04:00:00
110.7044,112.6521,110.4351,112.6521,1661918400,1598800.0,2022-08-31 04:00:00
111.5211,111.6468,109.726,110.471,1662004800,1359900.0,2022-09-01 04:00:00
108.5143,112.67,107.9668,111.7186,1662091200,1759800.0,2022-09-02 04:00:00
109.1516,110.0581,107.7335,108.6669,1662436800,1352400.0,2022-09-06 04:00:00
111.207,111.575,109.1695,109.3491,1662523200,1359000.0,2022-09-07 04:00:00
112.4007,112.5623,109.8248,110.7582,1662609600,1392900.0,2022-09-08 04:00:00
113.8368,114.2048,112.2571,112.679,1662696000,1524600.0,2022-09-09 04:00:00
114.2856,115.2191,113.8638,114.2407,1662955200,1109200.0,2022-09-12 04:00:00
109.5735,112.5623,109.3311,112.1315,1663041600,1979800.0,2022-09-13 04:00:00
108.7387,110.3364,107.6527,110.0761,1663128000,2066900.0,2022-09-14 04:00:00
106.7731,108.9362,106.3063,108.5502,1663214400,1285400.0,2022-09-15 04:00:00
107.8232,108.254,105.2293,106.055,1663300800,2133000.0,2022-09-16 04:00:00
109.0439,109.0888,106.7282,107.2039,1663560000,1067000.0,2022-09-19 04:00:00
107.7424,108.5951,106.9616,108.3618,1663646400,1312100.0,2022-09-20 04:00:00
105.8306,109.4298,105.8037,109.0349,1663732800,1948200.0,2022-09-21 04:00:00
105.5614,106.7282,104.4305,105.5883,1663819200,2137200.0,2022-09-22 04:00:00
103.2367,105.1036,101.8186,104.8792,1663905600,2098500.0,2022-09-23 04:00:00
102.3571,104.0894,101.9173,103.2367,1664164800,1855100.0,2022-09-26 04:00:00
101.7109,103.8829,100.6338,103.0841,1664251200,1981700.0,2022-09-27 04:00:00
105.3549,106.9975,100.8761,104.6818,1664337600,3301800.0,2022-09-28 04:00:00
101.7737,104.7715,100.4094,104.5292,1664424000,2699300.0,2022-09-29 04:00:00
100.7146,103.7663,100.6158,102.4558,1664510400,2524400.0,2022-09-30 04:00:00
103.0931,103.6765,100.8043,101.666,1664769600,1837100.0,2022-10-03 04:00:00
103.5688,105.5793,103.2098,104.6638,1664856000,2203000.0,2022-10-04 04:00:00
102.8508,104.0086,101.0646,102.9136,1664942400,2169800.0,2022-10-05 04:00:00
100.2479,103.1021,100.0414,102.8956,1665028800,2327900.0,2022-10-06 04:00:00
98.363,99.5478,97.8065,99.2516,1665115200,2133500.0,2022-10-07 04:00:00
98.6233,99.1528,97.4295,98.8836,1665374400,1469700.0,2022-10-10 04:00:00
97.2411,98.9913,96.4871,98.4528,1665460800,1700800.0,2022-10-11 04:00:00
96.9359,97.8604,96.7653,97.4026,1665547200,1429200.0,2022-10-12 04:00:00
98.9733,99.6016,94.8356,94.9523,1665633600,1892500.0,2022-10-13 04:00:00
98.004,100.3556,97.6539,99.9965,1665720000,1790700.0,2022-10-14 04:00:00
100.4812,101.1903,99.6285,100.1401,1665979200,1631100.0,2022-10-17 04:00:00
101.7647,103.3893,100.93,102.0789,1666065600,1811100.0,2022-10-18 04:00:00
100.0324,101.1993,98.9015,100.4992,1666152000,1289600.0,2022-10-19 04:00:00
99.6824,101.4237,99.0721,100.4004,1666238400,1233400.0,2022-10-20 04:00:00
100.6697,101.0108,98.4528,99.5208,1666324800,1264000.0,2022-10-21 04:00:00
102.4558,102.5905,100.6248,102.034,1666584000,1308800.0,2022-10-24 04:00:00
104.5471,104.6907,102.5905,102.5905,1666670400,2035600.0,2022-10-25 04:00:00
103.5688,105.9922,103.0303,104.6728,1666756800,1587400.0,2022-10-26 04:00:00
103.9009,104.951,103.3893,104.0625,1666843200,1257800.0,2022-10-27 04:00:00
107.5181,108.1643,104.2151,104.3317,1666929600,1953900.0,2022-10-28 04:00:00
106.1897,107.1321,105.6691,106.5846,1667188800,1693700.0,2022-10-31 04:00:00
105.9653,107.2757,104.96,106.8628,1667275200,1072000.0,2022-11-01 04:00:00
102.77,107.1231,102.7431,105.8306,1667361600,1501200.0,2022-11-02 04:00:00
101.4596,102.6982,100.4543,101.3429,1667448000,1593400.0,2022-11-03 04:00:00
102.1058,103.0482,99.8619,102.411,1667534400,1784400.0,2022-11-04 04:00:00
103.5598,104.0355,101.9263,102.6623,1667797200,1354400.0,2022-11-07 05:00:00
105.783,107.2832,103.7225,104.1111,1667883600,1342800.0,2022-11-08 05:00:00
104.1473,105.8553,104.0027,105.5481,1667970000,1216400.0,2022-11-09 05:00:00
109.6962,110.0939,106.9308,108.8196,1668056400,2058200.0,2022-11-10 05:00:00
109.3618,110.3017,107.699,109.9131,1668142800,2098000.0,2022-11-11 05:00:00
109.5245,111.3772,108.675,109.1359,1668402000,1818900.0,2022-11-14 05:00:00
109.9583,111.7568,108.6389,111.7568,1668488400,1521700.0,2022-11-15 05:00:00
108.8919,110.6452,108.4943,110.2475,1668574800,1827100.0,2022-11-16 05:00:00
108.6479,109.2082,106.732,107.8165,1668661200,1442700.0,2022-11-17 05:00:00
109.1992,110.13,107.9882,109.4342,1668747600,1164000.0,2022-11-18 05:00:00
109.8499,110.5096,108.7654,109.2715,1669006800,919100.0,2022-11-21 05:00:00
110.9615,111.1151,109.0004,110.5277,1669093200,1117900.0,2022-11-22 05:00:00
111.3049,111.7658,110.6271,111.0247,1669179600,1194900.0,2022-11-23 05:00:00
111.3501,111.811,110.8621,111.3591,1669352400,599600.0,2022-11-25 05:00:00
108.8738,110.8169,108.5304,110.2566,1669611600,1524300.0,2022-11-28 05:00:00
108.5846,109.3799,107.2923,108.666,1669698000,1217800.0,2022-11-29 05:00:00
112.0911,112.2358,108.1237,108.5756,1669784400,2628900.0,2022-11-30 05:00:00
113.7812,114.1698,111.802,112.4707,1669870800,1466300.0,2022-12-01 05:00:00
113.8535,114.1427,111.7749,111.8652,1669957200,1291100.0,2022-12-02 05:00:00
111.332,113.0401,110.7898,112.5882,1670216400,1415800.0,2022-12-05 05:00:00
109.0184,111.6031,108.4039,111.6031,1670302800,1198300.0,2022-12-06 05:00:00
108.8467,109.6782,108.2141,109.3257,1670389200,932000.0,2022-12-07 05:00:00
108.5937,110.2656,108.3316,109.0998,1670475600,1489900.0,2022-12-08 05:00:00
108.0062,108.675,107.699,108.2051,1670562000,1563700.0,2022-12-09 05:00:00
111.1332,111.2326,108.0062,108.4491,1670821200,1271200.0,2022-12-12 05:00:00
111.4495,115.5796,110.8711,115.1277,1670907600,1255300.0,2022-12-13 05:00:00
110.8621,113.1033,109.886,110.9705,1670994000,2155500.0,2022-12-14 05:00:00
105.8102,109.8137,105.5481,109.5516,1671080400,2076300.0,2022-12-15 05:00:00
104.798,105.3131,103.9755,104.572,1671166800,2859800.0,2022-12-16 05:00:00
104.4003,105.4577,103.8761,104.9697,1671426000,1810100.0,2022-12-19 05:00:00
103.2616,104.6172,102.6019,103.9213,1671512400,1501400.0,2022-12-20 05:00:00
103.7225,104.7076,102.9363,103.8129,1671598800,2282600.0,2022-12-21 05:00:00
101.3818,101.418,97.6042,100.3154,1671685200,4399900.0,2022-12-22 05:00:00
104.8431,105.051,101.5987,101.8879,1671771600,2503100.0,2022-12-23 05:00:00
104.0479,104.8703,103.2706,104.7076,1672117200,1494900.0,2022-12-27 05:00:00
103.4152,105.0149,103.37,104.0027,1672203600,1590000.0,2022-12-28 05:00:00
105.2498,105.8011,103.5146,103.7948,1672290000,1372400.0,2022-12-29 05:00:00
104.4365,104.9335,102.9995,104.6714,1672376400,1060900.0,2022-12-30 05:00:00
104.6624,105.5752,103.8219,105.4125,1672722000,1792600.0,2023-01-03 05:00:00
105.8011,106.8133,104.6353,105.6927,1672808400,1475200.0,2023-01-04 05:00:00
103.352,105.2318,102.7555,105.1866,1672894800,1352300.0,2023-01-05 05:00:00
106.1445,106.6235,103.9123,104.4636,1672981200,1257900.0,2023-01-06 05:00:00
106.1084,107.5815,105.8553,106.0542,1673240400,1484200.0,2023-01-09 05:00:00
106.018,106.5964,104.7076,105.9457,1673326800,1112400.0,2023-01-10 05:00:00
108.1599,108.2503,105.8915,106.7139,1673413200,1579200.0,2023-01-11 05:00:00
108.3135,108.5304,107.3194,107.9882,1673499600,1373000.0,2023-01-12 05:00:00
108.7292,109.0727,107.7984,108.1418,1673586000,1237700.0,2023-01-13 05:00:00
107.0212,108.5485,106.5874,107.4459,1673931600,2157200.0,2023-01-17 05:00:00
105.9457,107.7893,105.8915,107.22,1674018000,1809800.0,2023-01-18 05:00:00
104.4003,105.9186,104.3009,105.6565,1674104400,1122000.0,2023-01-19 05:00:00
106.5783,107.1206,103.6683,104.5359,1674190800,1987600.0,2023-01-20 05:00:00
108.44,109.3167,105.8011,106.4428,1674450000,1599300.0,2023-01-23 05:00:00
107.2019,108.5756,106.5783,108.3587,1674536400,1332300.0,2023-01-24 05:00:00
104.4907,105.2589,101.5626,105.2318,1674622800,2335300.0,2023-01-25 05:00:00
104.0207,105.286,103.6954,105.0058,1674709200,1679100.0,2023-01-26 05:00:00
102.15,103.6592,101.8066,103.1893,1674795600,2257700.0,2023-01-27 05:00:00
103.6502,104.4003,101.7885,101.906,1675054800,2798200.0,2023-01-30 05:00:00
104.7076,104.7166,102.8549,104.0659,1675141200,1564900.0,2023-01-31 05:00:00
106.3795,107.0844,103.9394,104.5088,1675227600,1535700.0,2023-02-01 05:00:00
108.9913,109.2805,106.4428,107.1838,1675314000,2475700.0,2023-02-02 05:00:00
107.1657,108.5756,105.6655,107.4098,1675400400,1791700.0,2023-02-03 05:00:00
105.4306,106.9037,105.2408,106.0722,1675659600,1102100.0,2023-02-06 05:00:00
106.5241,106.9941,104.4184,104.8522,1675746000,1128300.0,2023-02-07 05:00:00
104.5679,106.2875,104.3041,105.5597,1675832400,2081000.0,2023-02-08 05:00:00
103.4943,105.7507,103.1486,105.6689,1675918800,1890200.0,2023-02-09 05:00:00
103.922,104.3769,102.812,102.812,1676005200,1571800.0,2023-02-10 05:00:00
105.0957,105.1593,103.8856,103.9948,1676264400,1295700.0,2023-02-13 05:00:00
103.6672,105.314,102.8119,104.7954,1676350800,1246200.0,2023-02-14 05:00:00
104.8409,104.9319,102.8575,103.3852,1676437200,1415900.0,2023-02-15 05:00:00
104.3223,105.0957,103.2123,103.467,1676523600,1263500.0,2023-02-16 05:00:00
104.4042,104.8864,103.6217,103.9493,1676610000,1220300.0,2023-02-17 05:00:00
101.4654,103.5216,101.3835,103.2032,1676955600,1775500.0,2023-02-21 05:00:00
100.7011,102.2024,100.592,101.6019,1677042000,1219200.0,2023-02-22 05:00:00
101.2834,101.7383,100.3827,101.0287,1677128400,1266900.0,2023-02-23 05:00:00
100.9741,101.2288,99.582,100.0006,1677214800,1569900.0,2023-02-24 05:00:00
100.9832,102.1751,100.6102,101.7202,1677474000,1164800.0,2023-02-27 05:00:00
100.4464,101.6019,100.4009,100.6829,1677560400,1691900.0,2023-02-28 05:00:00
100.7193,100.8467,99.1453,100.3008,1677646800,1925600.0,2023-03-01 05:00:00
101.9931,102.2206,100.1006,100.1006,1677733200,1427600.0,2023-03-02 05:00:00
102.5663,102.8211,101.5291,102.166,1677819600,1694900.0,2023-03-03 05:00:00
102.9302,103.3852,102.4662,102.7119,1678078800,1212600.0,2023-03-06 05:00:00
101.984,103.0394,101.52,102.8847,1678165200,2161400.0,2023-03-07 05:00:00
102.5299,102.9211,101.4745,101.9021,1678251600,1128000.0,2023-03-08 05:00:00
101.0378,103.1395,100.9559,103.0576,1678338000,1279100.0,2023-03-09 05:00:00
98.1081,100.8558,97.8988,100.601,1678424400,1901200.0,2023-03-10 05:00:00
98.563,100.5737,97.1527,97.6077,1678680000,1906600.0,2023-03-13 04:00:00
98.4811,100.2553,97.2164,99.6275,1678766400,1885300.0,2023-03-14 04:00:00
97.3529,98.0808,96.7069,97.635,1678852800,1992900.0,2023-03-15 04:00:00
98.8723,99.0907,96.5977,97.18,1678939200,1583000.0,2023-03-16 04:00:00
97.8351,99.4546,97.6259,98.8723,1679025600,7237500.0,2023-03-17 04:00:00
99.8095,99.9732,98.1172,98.4538,1679284800,2174400.0,2023-03-20 04:00:00
100.3463,100.7284,99.2454,100.2644,1679371200,1901500.0,2023-03-21 04:00:00
97.4166,100.6829,97.3347,100.3463,1679457600,1930400.0,2023-03-22 04:00:00
98.1536,99.8641,97.1346,97.4803,1679544000,1984700.0,2023-03-23 04:00:00
99.027,99.2909,97.4894,98.1536,1679630400,1655000.0,2023-03-24 04:00:00
99.2454,99.7731,98.8087,99.5638,1679889600,2284400.0,2023-03-27 04:00:00
99.1544,100.6374,98.7086,98.9451,1679976000,2643500.0,2023-03-28 04:00:00
105.5688,106.3239,99.3819,100.5465,1680062400,5048100.0,2023-03-29 04:00:00
103.3033,107.2975,103.0758,107.2975,1680148800,2497400.0,2023-03-30 04:00:00
104.2586,104.7408,103.458,104.0585,1680235200,3092600.0,2023-03-31 04:00:00
101.2925,102.5936,100.3645,102.5026,1680494400,3514600.0,2023-04-03 04:00:00
99.9914,102.1933,98.8905,101.5109,1680580800,2958400.0,2023-04-04 04:00:00
99.0179,100.3463,98.2809,99.8277,1680667200,2333800.0,2023-04-05 04:00:00
99.209,99.7094,98.3446,98.8269,1680753600,2090100.0,2023-04-06 04:00:00
99.4456,99.4456,97.8351,98.0899,1681099200,2573400.0,2023-04-10 04:00:00
99.5183,99.7185,98.6904,99.4456,1681185600,2325200.0,2023-04-11 04:00:00
98.6358,100.601,98.5175,100.3918,1681272000,1932300.0,2023-04-12 04:00:00
99.4,99.4728,98.2991,98.9178,1681358400,1749600.0,2023-04-13 04:00:00
98.19,100.0369,97.544,99.2454,1681444800,1561200.0,2023-04-14 04:00:00
99.6912,99.6912,98.3082,98.6722,1681704000,1777900.0,2023-04-17 04:00:00
99.4456,100.3281,98.7541,99.8368,1681790400,1370100.0,2023-04-18 04:00:00
99.8732,100.2826,99.0543,99.5456,1681876800,1268800.0,2023-04-19 04:00:00
99.2363,99.7731,98.4902,99.1089,1681963200,1464000.0,2023-04-20 04:00:00
99.6457,99.7458,98.8724,99.6184,1682049600,1343100.0,2023-04-21 04:00:00
100.8922,101.0014,99.6548,99.8186,1682308800,1995600.0,2023-04-24 04:00:00
98.2172,100.2553,97.8533,100.2553,1682395200,1888600.0,2023-04-25 04:00:00
95.8699,97.4348,95.3331,96.2338,1682481600,2350000.0,2023-04-26 04:00:00
98.1172,98.3173,96.161,96.2884,1682568000,1688400.0,2023-04-27 04:00:00
99.9551,100.1006,98.3265,98.7723,1682654400,1854200.0,2023-04-28 04:00:00
100.1461,100.7375,99.5092,99.6457,1682913600,1438100.0,2023-05-01 04:00:00
97.8988,100.2644,97.3711,100.0642,1683000000,1394000.0,2023-05-02 04:00:00
97.9625,99.3091,97.8806,98.5721,1683086400,1510500.0,2023-05-03 04:00:00
97.5349,98.1445,97.2164,97.735,1683172800,1584700.0,2023-05-04 04:00:00
98.1081,98.9724,97.0072,98.2628,1683259200,1539300.0,2023-05-05 04:00:00
96.7433,98.2992,96.6887,98.2992,1683518400,1205100.0,2023-05-08 04:00:00
97.5804,97.9534,96.4249,96.898,1683604800,2051300.0,2023-05-09 04:00:00
99.6538,99.6997,97.8923,98.8281,1683691200,2249300.0,2023-05-10 04:00:00
97.8097,99.14,97.5345,98.929,1683777600,1919400.0,2023-05-11 04:00:00
98.0666,98.5988,97.1767,98.3235,1683864000,1010900.0,2023-05-12 04:00:00
99.241,99.4887,97.7547,98.0666,1684123200,1551600.0,2023-05-15 04:00:00
97.3051,99.0208,97.1492,98.9566,1684209600,2063800.0,2023-05-16 04:00:00
98.452,98.7914,97.1859,97.8648,1684296000,1667100.0,2023-05-17 04:00:00
99.7823,99.8281,98.085,98.3327,1684382400,1053100.0,2023-05-18 04:00:00
99.1859,100.2685,98.7088,100.0942,1684468800,1480600.0,2023-05-19 04:00:00
100.9107,101.1768,98.9841,99.819,1684728000,1419100.0,2023-05-22 04:00:00
99.8648,100.9016,99.5713,100.8832,1684814400,2351100.0,2023-05-23 04:00:00
99.3878,100.4245,99.14,100.0667,1684900800,1723300.0,2023-05-24 04:00:00
98.9749,99.1676,97.3143,98.7639,1684987200,2619700.0,2023-05-25 04:00:00
99.241,100.3878,98.2593,99.2593,1685073600,2188900.0,2023-05-26 04:00:00
98.4795,99.5896,96.5161,99.5896,1685419200,2164000.0,2023-05-30 04:00:00
96.2684,98.6997,95.4978,98.6446,1685505600,16804900.0,2023-05-31 04:00:00
98.351,98.4061,96.3969,97.1492,1685592000,3044300.0,2023-06-01 04:00:00
101.1493,101.2594,98.1125,98.5529,1685678400,2892700.0,2023-06-02 04:00:00
102.4337,102.7823,101.2043,101.553,1685937600,2547500.0,2023-06-05 04:00:00
102.2135,102.5438,101.1401,102.5255,1686024000,1581600.0,2023-06-06 04:00:00
102.6722,103.1677,101.4337,102.5255,1686110400,1849700.0,2023-06-07 04:00:00
101.8007,102.6355,101.452,102.3787,1686196800,1513700.0,2023-06-08 04:00:00
102.4704,102.9658,101.2685,101.5346,1686283200,1545100.0,2023-06-09 04:00:00
103.7548,103.9934,102.4796,102.9199,1686542400,1768000.0,2023-06-12 04:00:00
104.1402,104.5072,103.6998,104.1493,1686628800,1381800.0,2023-06-13 04:00:00
102.3328,105.0576,101.9016,104.6723,1686715200,1615900.0,2023-06-14 04:00:00
103.9567,104.2227,102.0484,102.2686,1686801600,1366900.0,2023-06-15 04:00:00
104.2136,105.1677,103.8007,104.4154,1686888000,3843800.0,2023-06-16 04:00:00
102.975,103.9475,102.5713,103.6723,1687233600,1520100.0,2023-06-20 04:00:00
103.5438,104.3971,101.9475,102.7823,1687320000,2018200.0,2023-06-21 04:00:00
102.0851,103.6723,101.5621,103.342,1687406400,1417700.0,2023-06-22 04:00:00
99.4336,101.3878,99.1309,101.3786,1687492800,2821200.0,2023-06-23 04:00:00
101.5163,101.6906,99.14,99.1859,1687752000,1924200.0,2023-06-26 04:00:00
101.9016,102.5989,101.5163,101.8741,1687838400,1769200.0,2023-06-27 04:00:00
101.5713,102.2777,100.5805,102.0209,1687924800,2266900.0,2023-06-28 04:00:00
100.3052,105.2962,99.8557,104.8833,1688011200,2886700.0,2023-06-29 04:00:00
102.6356,104.0301,101.1218,101.9842,1688097600,2943600.0,2023-06-30 04:00:00
102.2686,102.5897,101.4062,102.2319,1688356800,1132000.0,2023-07-03 04:00:00
103.5622,104.1493,101.452,101.9566,1688529600,2576700.0,2023-07-05 04:00:00
104.3328,104.5347,101.9016,102.3878,1688616000,3527300.0,2023-07-06 04:00:00
104.076,105.7365,103.2686,103.5989,1688702400,2165000.0,2023-07-07 04:00:00
106.865,107.3971,104.3971,104.4429,1688961600,3161100.0,2023-07-10 04:00:00
108.388,108.8375,106.9935,106.9935,1689048000,2799800.0,2023-07-11 04:00:00
108.7733,109.6816,107.599,109.6082,1689134400,2837900.0,2023-07-12 04:00:00
110.5807,110.7367,108.5439,108.7733,1689220800,2545900.0,2023-07-13 04:00:00
110.8835,111.2596,109.8467,110.2137,1689307200,2406000.0,2023-07-14 04:00:00
111.0394,111.9752,110.0944,110.2688,1689566400,1839000.0,2023-07-17 04:00:00
112.1037,112.5991,110.7367,110.9477,1689652800,1675800.0,2023-07-18 04:00:00
113.1312,113.3514,112.1312,112.2505,1689739200,1479000.0,2023-07-19 04:00:00
113.6266,113.8744,112.2505,112.9477,1689825600,1599200.0,2023-07-20 04:00:00
113.223,114.5808,113.223,114.3698,1689912000,5885800.0,2023-07-21 04:00:00
114.9111,114.9661,113.223,113.4064,1690171200,1646100.0,2023-07-24 04:00:00
114.7001,114.957,114.1037,114.6634,1690257600,1329500.0,2023-07-25 04:00:00
117.2047,118.3791,114.6175,114.6175,1690344000,2452300.0,2023-07-26 04:00:00
116.5625,118.9937,115.9386,117.48,1690430400,2217100.0,2023-07-27 04:00:00
116.0762,117.746,115.1771,117.4433,1690516800,1909700.0,2023-07-28 04:00:00
115.1129,116.0028,114.0395,115.8744,1690776000,1508400.0,2023-07-31 04:00:00
115.4248,115.7184,113.9477,114.9019,1690862400,1550500.0,2023-08-01 04:00:00
114.1221,114.6725,113.5441,114.2505,1690948800,1490200.0,2023-08-02 04:00:00
114.379,114.9386,113.489,114.2413,1691035200,1012400.0,2023-08-03 04:00:00
112.8376,114.7092,112.5807,114.7092,1691121600,1268800.0,2023-08-04 04:00:00
114.7459,114.8652,113.0945,113.2505,1691380800,1056900.0,2023-08-07 04:00:00
113.6725,114.1863,112.5716,114.1863,1691467200,1533200.0,2023-08-08 04:00:00
114.6151,114.8831,113.5062,113.5062,1691553600,1044300.0,2023-08-09 04:00:00
114.8738,115.8072,114.3841,114.8738,1691640000,1002000.0,2023-08-10 04:00:00
115.955,116.1306,114.0791,114.5504,1691726400,1419100.0,2023-08-11 04:00:00
115.5022,116.6204,115.2804,115.7425,1691985600,967900.0,2023-08-14 04:00:00
114.2085,115.2065,114.1715,114.6428,1692072000,1824500.0,2023-08-15 04:00:00
113.2012,114.5319,113.1365,114.2085,1692158400,1385200.0,2023-08-16 04:00:00
111.8151,114.2085,111.6025,113.5062,1692244800,1836800.0,2023-08-17 04:00:00
111.3346,112.157,111.1313,111.3161,1692331200,1480900.0,2023-08-18 04:00:00
111.4177,111.621,110.4844,111.2052,1692590400,1404000.0,2023-08-21 04:00:00
110.3828,112.1108,110.2996,111.7412,1692676800,1394100.0,2023-08-22 04:00:00
112.388,112.6653,110.429,110.8356,1692763200,1164300.0,2023-08-23 04:00:00
111.5933,113.5339,111.5009,113.0164,1692849600,1146000.0,2023-08-24 04:00:00
112.619,113.0626,111.6765,111.7596,1692936000,1452700.0,2023-08-25 04:00:00
112.924,113.423,112.5636,113.1643,1693195200,1460600.0,2023-08-28 04:00:00
112.7207,113.0811,111.5471,112.924,1693281600,1694900.0,2023-08-29 04:00:00
113.229,113.5524,112.5821,112.887,1693368000,1171000.0,2023-08-30 04:00:00
112.9517,113.2936,112.3788,112.9887,1693454400,1930900.0,2023-08-31 04:00:00
113.1088,113.8573,111.889,113.3768,1693540800,1219800.0,2023-09-01 04:00:00
112.157,112.9609,111.5656,112.1662,1693886400,1977700.0,2023-09-05 04:00:00
111.2329,111.889,110.7986,111.39,1693972800,1149400.0,2023-09-06 04:00:00
111.0666,111.8983,110.8818,111.2976,1694059200,1056400.0,2023-09-07 04:00:00
111.39,111.7504,111.1128,111.5933,1694145600,989600.0,2023-09-08 04:00:00
110.7893,111.5563,110.2072,111.39,1694404800,1063100.0,2023-09-11 04:00:00
110.6692,111.0019,110.3273,110.7894,1694491200,968300.0,2023-09-12 04:00:00
110.2441,110.7801,109.8006,110.4197,1694577600,872800.0,2023-09-13 04:00:00
109.9115,110.7431,109.7544,110.6045,1694664000,1479600.0,2023-09-14 04:00:00
107.1669,109.9669,106.9451,109.9669,1694750400,3431500.0,2023-09-15 04:00:00
107.4811,108.2573,107.1669,107.1669,1695009600,1857900.0,2023-09-18 04:00:00
107.3332,107.5827,106.4738,107.1762,1695096000,1514400.0,2023-09-19 04:00:00
106.8712,108.0725,106.825,107.7768,1695182400,1612400.0,2023-09-20 04:00:00
104.7088,106.6217,104.524,106.3445,1695268800,1872400.0,2023-09-21 04:00:00
104.3761,105.5035,104.3115,104.3115,1695355200,1285300.0,2023-09-22 04:00:00
105.6699,105.7069,104.2838,104.3946,1695614400,1667100.0,2023-09-25 04:00:00
104.1636,105.6514,103.8587,105.3095,1695700800,3140600.0,2023-09-26 04:00:00
107.6659,109.1167,102.0382,103.9603,1695787200,3391800.0,2023-09-27 04:00:00
108.2296,109.6435,107.555,108.2573,1695873600,2402500.0,2023-09-28 04:00:00
106.5755,109.1075,106.0857,108.7841,1695960000,1691500.0,2023-09-29 04:00:00
105.1432,106.3352,104.8012,106.1134,1696219200,2220200.0,2023-10-02 04:00:00
105.5682,106.5847,104.8752,105.2818,1696305600,1680600.0,2023-10-03 04:00:00
106.5293,106.862,105.1801,106.0765,1696392000,1702600.0,2023-10-04 04:00:00
106.1504,106.9451,105.3187,106.8342,1696478400,1103900.0,2023-10-05 04:00:00
108.4884,108.7471,104.9953,105.4204,1696564800,2219700.0,2023-10-06 04:00:00
110.1147,110.3458,108.1834,108.1926,1696824000,1259100.0,2023-10-09 04:00:00
109.4402,111.0388,109.0705,110.0778,1696910400,2029700.0,2023-10-10 04:00:00
109.6527,110.1332,108.5623,109.9946,1696996800,1380300.0,2023-10-11 04:00:00
109.5603,110.2626,109.0059,110.0963,1697083200,1332500.0,2023-10-12 04:00:00
109.0243,110.3366,108.091,110.0963,1697169600,932600.0,2023-10-13 04:00:00
109.7174,110.1425,108.6917,109.9946,1697428800,1292100.0,2023-10-16 04:00:00
110.0963,110.4752,109.4586,109.7913,1697515200,1110700.0,2023-10-17 04:00:00
109.2923,110.1794,108.858,110.0408,1697601600,1372900.0,2023-10-18 04:00:00
109.2184,110.5491,108.6085,109.5141,1697688000,1622600.0,2023-10-19 04:00:00
107.1946,109.394,107.1022,109.2184,1697774400,2038900.0,2023-10-20 04:00:00
107.7768,108.9966,106.8897,107.2685,1698033600,1540100.0,2023-10-23 04:00:00
108.2296,108.7194,106.7973,108.3405,1698120000,1229300.0,2023-10-24 04:00:00
103.6738,107.1392,102.9068,107.1392,1698206400,3904900.0,2023-10-25 04:00:00
103.2672,104.6811,103.1748,103.7293,1698292800,2314900.0,2023-10-26 04:00:00
101.2527,103.1009,100.7445,103.1009,1698379200,1739100.0,2023-10-27 04:00:00
102.1768,102.5927,100.9478,102.1676,1698638400,1290500.0,2023-10-30 04:00:00
102.6204,102.8606,101.6501,102.2785,1698724800,1369800.0,2023-10-31 04:00:00
100.5966,101.0587,98.2032,101.0587,1698811200,3094200.0,2023-11-01 04:00:00
103.9326,103.988,101.188,101.3266,1698897600,1562600.0,2023-11-02 04:00:00
102.0752,105.4389,100.3379,104.8752,1698984000,2878300.0,2023-11-03 04:00:00
103.027,103.0732,101.6316,102.3616,1699246800,1745500.0,2023-11-06 05:00:00
103.988,104.1266,102.4078,103.1471,1699333200,1910800.0,2023-11-07 05:00:00
105.3927,105.7346,103.8125,104.4778,1699419600,1502700.0,2023-11-08 05:00:00
105.3649,106.4184,105.0692,105.9471,1699506000,1897000.0,2023-11-09 05:00:00
106.6679,107.0375,105.5867,106.1781,1699592400,1537000.0,2023-11-10 05:00:00
106.612,106.9752,106.044,106.314,1699851600,1275400.0,2023-11-13 05:00:00
108.2697,108.8936,107.4129,108.3069,1699938000,1737800.0,2023-11-14 05:00:00
109.0892,109.7783,108.5863,108.6701,1700024400,2240500.0,2023-11-15 05:00:00
108.4839,110.7096,107.4967,110.1788,1700110800,1316400.0,2023-11-16 05:00:00
109.4431,109.5921,108.5491,109.1358,1700197200,1275500.0,2023-11-17 05:00:00
110.6072,110.8493,109.024,109.024,1700456400,1502300.0,2023-11-20 05:00:00
110.2254,110.8772,110.0112,110.6351,1700542800,1861900.0,2023-11-21 05:00:00
110.7748,111.6502,110.1229,111.1473,1700629200,2495300.0,2023-11-22 05:00:00
110.3557,111.1194,110.1043,111.1101,1700802000,548200.0,2023-11-24 05:00:00
110.7748,110.9145,109.648,110.067,1701061200,1659800.0,2023-11-27 05:00:00
111.3615,111.464,110.4489,110.9517,1701147600,1903100.0,2023-11-28 05:00:00
112.8236,113.5314,111.4453,111.7526,1701234000,1991100.0,2023-11-29 05:00:00
113.5873,113.7735,112.5163,113.2334,1701320400,2678400.0,2023-11-30 05:00:00
115.4032,115.6081,113.2799,113.5779,1701406800,1625900.0,2023-12-01 05:00:00
115.6454,115.8502,114.0622,114.0808,1701666000,1610600.0,2023-12-04 05:00:00
114.5837,115.7292,114.1087,115.487,1701752400,1732000.0,2023-12-05 05:00:00
115.8689,115.9992,114.5465,115.1425,1701838800,1841600.0,2023-12-06 05:00:00
116.2507,116.7256,115.0587,116.2693,1701925200,1753100.0,2023-12-07 05:00:00
115.4964,116.558,115.3287,115.8875,1702011600,1707800.0,2023-12-08 05:00:00
116.5953,117.4613,116.1576,116.2134,1702270800,2264800.0,2023-12-11 05:00:00
117.8618,117.9549,116.0458,117.1075,1702357200,1406500.0,2023-12-12 05:00:00
119.3146,119.3798,117.0888,118.1691,1702443600,2907700.0,2023-12-13 05:00:00
118.1132,120.0037,117.8432,119.864,1702530000,3489700.0,2023-12-14 05:00:00
118.1225,119.0538,117.6476,117.8432,1702616400,3827300.0,2023-12-15 05:00:00
118.9607,119.2028,118.0946,119.0445,1702875600,1751100.0,2023-12-18 05:00:00
119.9385,120.4787,118.2902,119.1097,1702962000,2755400.0,2023-12-19 05:00:00
119.0724,120.7487,118.9979,119.417,1703048400,2761500.0,2023-12-20 05:00:00
110.7282,113.848,110.4395,113.848,1703134800,5820000.0,2023-12-21 05:00:00
111.6223,112.777,110.4302,110.542,1703221200,2654400.0,2023-12-22 05:00:00
111.9203,112.3114,110.9331,111.1194,1703566800,1388300.0,2023-12-26 05:00:00
110.8866,111.8551,110.7283,111.8551,1703653200,1394800.0,2023-12-27 05:00:00
111.287,111.8178,110.8772,111.1566,1703739600,2203000.0,2023-12-28 05:00:00
110.9238,111.3336,110.1974,110.9424,1703826000,1241800.0,2023-12-29 05:00:00
109.769,110.9052,109.2568,110.6724,1704171600,1982100.0,2024-01-02 05:00:00
108.8098,110.5327,108.7446,110.3185,1704258000,1595000.0,2024-01-03 05:00:00
109.7504,110.3185,109.0985,109.3499,1704344400,1525400.0,2024-01-04 05:00:00
109.8715,110.4954,109.3593,109.4151,1704430800,1299400.0,2024-01-05 05:00:00
111.2591,111.3615,109.3686,109.8528,1704690000,2047500.0,2024-01-08 05:00:00
110.514,110.6817,109.4245,110.4023,1704776400,1252800.0,2024-01-09 05:00:00
110.7189,111.0635,110.0391,110.542,1704862800,1011400.0,2024-01-10 05:00:00
110.9517,111.0356,109.6852,110.7934,1704949200,1711700.0,2024-01-11 05:00:00
111.4919,112.0972,110.6258,111.734,1705035600,1033800.0,2024-01-12 05:00:00
111.5757,111.6129,110.4861,111.1566,1705381200,1967400.0,2024-01-16 05:00:00
111.8551,112.0972,111.1566,111.1566,1705467600,1385100.0,2024-01-17 05:00:00
112.0972,112.2276,110.7282,111.9389,1705554000,1884800.0,2024-01-18 05:00:00
113.699,114.3136,111.5571,112.7119,1705640400,2256400.0,2024-01-19 05:00:00
114.3509,114.6303,113.4289,113.6059,1705899600,1151200.0,2024-01-22 05:00:00
114.3788,115.0121,114.0901,114.2112,1705986000,2017500.0,2024-01-23 05:00:00
113.5127,115.8409,113.1495,115.0587,1706072400,2591300.0,2024-01-24 05:00:00
112.6932,114.7327,112.209,113.4662,1706158800,1563800.0,2024-01-25 05:00:00
112.628,113.0751,112.0786,112.9167,1706245200,1166700.0,2024-01-26 05:00:00
113.0192,113.1775,112.181,112.2835,1706504400,1490200.0,2024-01-29 05:00:00
114.0063,114.1181,111.9762,112.1158,1706590800,1445600.0,2024-01-30 05:00:00
113.3637,115.3101,113.1216,114.5837,1706677200,2351300.0,2024-01-31 05:00:00
112.777,113.6245,111.0356,113.4103,1706763600,2086800.0,2024-02-01 05:00:00
113.401,113.699,111.9296,112.8609,1706850000,1946200.0,2024-02-02 05:00:00
111.6502,113.0006,111.2125,112.9819,1707109200,1663600.0,2024-02-05 05:00:00
113.7921,114.1833,111.7154,112.0786,1707195600,2238500.0,2024-02-06 05:00:00
113.7083,114.7234,113.2892,114.4999,1707282000,1411100.0,2024-02-07 05:00:00
114.3136,114.3695,112.777,113.6152,1707368400,1084400.0,2024-02-08 05:00:00
114.5744,114.7793,113.4662,114.5558,1707454800,1714800.0,2024-02-09 05:00:00
114.5369,114.9496,114.0303,114.5556,1707714000,2256900.0,2024-02-12 05:00:00
113.8709,114.293,112.9047,114.1148,1707800400,1932700.0,2024-02-13 05:00:00
114.6495,115.1841,113.7583,114.2555,1707886800,1792100.0,2024-02-14 05:00:00
115.1841,115.5687,114.8277,115.0059,1707973200,1435400.0,2024-02-15 05:00:00
115.7376,116.1503,114.4525,115.0528,1708059600,1100300.0,2024-02-16 05:00:00
116.7788,116.7976,115.6344,115.7376,1708405200,1415500.0,2024-02-20 05:00:00
115.7845,117.1165,115.1654,116.9852,1708491600,1100600.0,2024-02-21 05:00:00
116.9852,117.2666,115.6063,116.1128,1708578000,1467200.0,2024-02-22 05:00:00
116.9195,117.5011,116.8633,117.2572,1708664400,1077000.0,2024-02-23 05:00:00
115.7282,117.0978,115.6438,116.9008,1708923600,1192500.0,2024-02-26 05:00:00
115.2873,116.0847,114.7245,115.428,1709010000,1052100.0,2024-02-27 05:00:00
114.8277,115.7657,114.7245,115.2873,1709096400,898500.0,2024-02-28 05:00:00
115.0247,115.5125,114.5932,115.5125,1709182800,1954700.0,2024-02-29 05:00:00
114.6588,115.0528,113.8615,114.5463,1709269200,1017700.0,2024-03-01 05:00:00
114.762,116.6569,114.7245,115.3342,1709528400,2728600.0,2024-03-04 05:00:00
112.7827,114.9121,112.2574,114.7995,1709614800,1691300.0,2024-03-05 05:00:00
113.2517,113.8615,112.2011,112.6795,1709701200,1800000.0,2024-03-06 05:00:00
113.627,114.4993,112.6889,114.0022,1709787600,2036100.0,2024-03-07 05:00:00
113.3362,114.3399,112.8015,113.3549,1709874000,1344900.0,2024-03-08 05:00:00
114.1054,114.2367,112.4169,113.7301,1710129600,1280400.0,2024-03-11 04:00:00
115.0528,115.3248,113.4862,113.6551,1710216000,1551800.0,2024-03-12 04:00:00
114.565,115.7001,114.4055,115.0528,1710302400,1637700.0,2024-03-13 04:00:00
114.0397,114.9309,113.43,114.6401,1710388800,1674400.0,2024-03-14 04:00:00
112.8296,114.3493,112.37,113.8146,1710475200,5841100.0,2024-03-15 04:00:00
113.0735,114.0678,113.0172,113.5801,1710734400,1214900.0,2024-03-18 04:00:00
113.5425,113.6551,112.5857,112.9797,1710820800,1111400.0,2024-03-19 04:00:00
115.3811,115.8877,113.4675,114.0022,1710907200,1500000.0,2024-03-20 04:00:00
114.7526,116.019,114.7245,115.7001,1710993600,2191100.0,2024-03-21 04:00:00
113.3549,115.231,113.2142,115.231,1711080000,1426400.0,2024-03-22 04:00:00
111.5914,113.2799,111.0754,113.1017,1711339200,1892800.0,2024-03-25 04:00:00
112.173,112.3793,111.0661,111.2349,1711425600,1723300.0,2024-03-26 04:00:00
114.0022,114.2836,112.6983,113.233,1711512000,1526300.0,2024-03-27 04:00:00
115.1935,115.353,114.3024,114.4431,1711598400,1618300.0,2024-03-28 04:00:00
114.0866,115.4655,113.7395,115.3811,1711944000,2815200.0,2024-04-01 04:00:00
114.5181,114.9872,107.614,109.3494,1712030400,5003900.0,2024-04-02 04:00:00
112.8108,114.49,111.8446,114.4618,1712116800,2484900.0,2024-04-03 04:00:00
112.5576,114.2648,111.9947,113.777,1712203200,2029100.0,2024-04-04 04:00:00
114.7995,114.8183,112.445,112.5763,1712289600,2056100.0,2024-04-05 04:00:00
116.1785,116.4224,114.0397,114.1617,1712548800,2647100.0,2024-04-08 04:00:00
118.7488,118.8613,116.6288,117.079,1712635200,2227500.0,2024-04-09 04:00:00
116.807,118.3829,115.7657,118.1953,1712721600,1914200.0,2024-04-10 04:00:00
116.5443,118.064,115.2217,117.0509,1712808000,1712400.0,2024-04-11 04:00:00
115.3811,116.413,114.6776,116.0096,1712894400,2004400.0,2024-04-12 04:00:00
114.8652,116.9571,114.6776,116.4786,1713153600,2138100.0,2024-04-15 04:00:00
113.6363,115.156,113.505,114.9027,1713240000,2000700.0,2024-04-16 04:00:00
111.7602,113.9647,111.6946,113.9647,1713326400,2281300.0,2024-04-17 04:00:00
110.4939,112.3606,110.4469,112.3606,1713412800,2297800.0,2024-04-18 04:00:00
112.1167,112.4263,110.4939,110.4939,1713499200,2643300.0,2024-04-19 04:00:00
113.7208,114.4618,112.4169,112.567,1713758400,1912000.0,2024-04-22 04:00:00
114.0866,114.5275,113.233,113.7208,1713844800,1223700.0,2024-04-23 04:00:00
114.9308,115.0809,112.9609,113.3174,1713931200,1806800.0,2024-04-24 04:00:00
114.4149,116.291,113.7583,115.7657,1714017600,1204300.0,2024-04-25 04:00:00
112.5388,114.6213,112.4263,113.7208,1714104000,2400500.0,2024-04-26 04:00:00
113.3268,113.5331,112.6514,112.8296,1714363200,1925900.0,2024-04-29 04:00:00
111.4507,113.0078,111.3475,112.8953,1714449600,1687600.0,2024-04-30 04:00:00
112.0135,114.5463,111.507,111.507,1714536000,1470900.0,2024-05-01 04:00:00
111.113,112.2011,109.8935,112.1355,1714622400,1478900.0,2024-05-02 04:00:00
112.6608,112.7639,111.5069,111.8822,1714708800,1540500.0,2024-05-03 04:00:00
113.1579,113.2236,112.2199,112.8578,1714968000,837900.0,2024-05-06 04:00:00
114.2461,114.4618,113.1673,113.4487,1715054400,1070100.0,2024-05-07 04:00:00
113.6833,114.5369,112.7921,114.4337,1715140800,875700.0,2024-05-08 04:00:00
114.7141,114.7897,113.5698,113.9102,1715227200,1460000.0,2024-05-09 04:00:00
115.8962,115.9624,114.733,115.1775,1715313600,1063000.0,2024-05-10 04:00:00
117.9957,118.0997,116.265,116.2934,1715572800,1685900.0,2024-05-13 04:00:00
116.9932,119.3575,116.388,118.2132,1715659200,2451300.0,2024-05-14 04:00:00
117.6174,118.4874,117.3148,117.5606,1715745600,1266300.0,2024-05-15 04:00:00
118.3929,118.809,116.8514,117.6174,1715832000,1455300.0,2024-05-16 04:00:00
118.8279,118.9981,117.3999,118.3077,1715918400,2414700.0,2024-05-17 04:00:00
118.7522,118.9792,118.0713,118.9697,1716177600,896500.0,2024-05-20 04:00:00
119.0643,119.1873,117.9957,119.1873,1716264000,943800.0,2024-05-21 04:00:00
120.0857,120.5585,118.4023,118.9225,1716350400,1736700.0,2024-05-22 04:00:00
118.8373,119.8209,118.686,119.8209,1716436800,2120600.0,2024-05-23 04:00:00
117.485,119.9627,117.2769,119.0454,1716523200,1354400.0,2024-05-24 04:00:00
113.74,117.1634,112.9929,117.0689,1716868800,2484800.0,2024-05-28 04:00:00
112.3025,114.0899,112.2458,112.8321,1716955200,1327400.0,2024-05-29 04:00:00
111.981,112.9456,111.7162,112.5389,1717041600,1429200.0,2024-05-30 04:00:00
113.636,114.0615,111.8297,111.981,1717128000,4177900.0,2024-05-31 04:00:00
113.6265,113.7684,112.2741,113.617,1717387200,1978400.0,2024-06-03 04:00:00
114.9694,115.6219,112.8321,113.2671,1717473600,1266000.0,2024-06-04 04:00:00
115.0356,115.3666,113.5792,115.1018,1717560000,1166400.0,2024-06-05 04:00:00
115.2153,116.1421,114.8938,115.2437,1717646400,1177300.0,2024-06-06 04:00:00
115.9246,117.4188,114.7141,114.7141,1717732800,1975900.0,2024-06-07 04:00:00
115.3193,115.83,114.1939,115.4896,1717992000,2717800.0,2024-06-10 04:00:00
117.2013,117.3904,115.0167,115.1964,1718078400,2435600.0,2024-06-11 04:00:00
116.1515,117.7498,116.0286,117.5039,1718164800,1889300.0,2024-06-12 04:00:00
116.0097,116.1799,114.6668,115.4896,1718251200,1528200.0,2024-06-13 04:00:00
115.3666,116.1799,114.8654,115.9435,1718337600,1144900.0,2024-06-14 04:00:00
117.9389,118.1091,114.2412,114.9221,1718596800,1478000.0,2024-06-17 04:00:00
118.6482,118.7428,117.2958,118.147,1718683200,1181600.0,2024-06-18 04:00:00
118.2888,119.348,118.0619,118.4874,1718856000,2256800.0,2024-06-20 04:00:00
119.1211,119.3386,118.3645,118.7901,1718942400,2828800.0,2024-06-21 04:00:00
119.2345,120.8139,118.7711,119.3669,1719201600,1735900.0,2024-06-24 04:00:00
118.2415,119.6128,117.9957,119.2818,1719288000,2485100.0,2024-06-25 04:00:00
111.0164,118.2132,110.9407,118.2132,1719374400,5176200.0,2024-06-26 04:00:00
111.4419,111.7729,109.2668,110.8461,1719460800,2609900.0,2024-06-27 04:00:00
112.1228,113.3239,111.1393,111.1866,1719547200,6556900.0,2024-06-28 04:00:00
110.6475,113.617,110.0423,112.5106,1719806400,1727800.0,2024-07-01 04:00:00
111.9526,111.9999,109.9193,110.43,1719892800,1717800.0,2024-07-02 04:00:00
111.0542,111.9526,111.0069,111.7824,1719979200,1072400.0,2024-07-03 04:00:00
111.1582,111.3379,110.0139,111.3379,1720152000,1585800.0,2024-07-05 04:00:00
109.8626,111.5932,109.4843,111.1015,1720411200,1601500.0,2024-07-08 04:00:00
110.6665,110.8556,109.5127,109.7113,1720497600,1802100.0,2024-07-09 04:00:00
110.6192,110.7232,109.1344,110.7232,1720584000,2368100.0,2024-07-10 04:00:00
110.7043,112.085,110.2409,110.4962,1720670400,1609300.0,2024-07-11 04:00:00
111.8769,112.3971,111.0542,111.423,1720756800,1453500.0,2024-07-12 04:00:00
115.0261,115.2437,112.1417,112.1417,1721016000,1979700.0,2024-07-15 04:00:00
117.5323,117.5606,114.8937,114.941,1721102400,1791500.0,2024-07-16 04:00:00
119.9249,120.0289,117.8065,117.816,1721188800,3488800.0,2024-07-17 04:00:00
117.4944,121.2205,117.0783,118.7333,1721275200,2757400.0,2024-07-18 04:00:00
116.0191,118.1091,115.6692,117.7214,1721361600,1822200.0,2024-07-19 04:00:00
116.3029,116.927,114.7424,116.388,1721620800,1586000.0,2024-07-22 04:00:00
116.9932,117.485,115.499,115.7354,1721707200,1809400.0,2024-07-23 04:00:00
116.5487,117.3526,116.0191,117.2675,1721793600,2784300.0,2024-07-24 04:00:00
117.2486,120.4829,117.05,117.362,1721880000,1829000.0,2024-07-25 04:00:00
118.9225,119.3386,117.5134,117.693,1721966400,1371600.0,2024-07-26 04:00:00
119.8871,120.2086,118.4401,119.1683,1722225600,971600.0,2024-07-29 04:00:00
120.9746,121.4475,120.1708,120.2748,1722312000,1657900.0,2024-07-30 04:00:00
121.0692,122.866,120.9841,121.9582,1722398400,2494200.0,2024-07-31 04:00:00
119.6223,121.6934,118.7901,120.4829,1722484800,2112500.0,2024-08-01 04:00:00
120.3694,120.5964,117.8822,119.5561,1722571200,2415600.0,2024-08-02 04:00:00
117.9295,121.0503,117.5417,120.8706,1722830400,2256900.0,2024-08-05 04:00:00
118.4212,119.9344,117.3337,117.9295,1722916800,1547500.0,2024-08-06 04:00:00
116.5298,120.2843,116.3974,118.2226,1723003200,1880300.0,2024-08-07 04:00:00
118.5603,119.1132,116.3678,116.9302,1723089600,2028000.0,2024-08-08 04:00:00
118.6461,118.894,117.2543,118.3697,1723176000,1210000.0,2024-08-09 04:00:00
117.9693,118.8558,117.3782,118.5889,1723435200,1751600.0,2024-08-12 04:00:00
119.5517,119.8759,117.588,117.9026,1723521600,1284100.0,2024-08-13 04:00:00
119.2562,119.7805,118.6652,119.5041,1723608000,1637900.0,2024-08-14 04:00:00
119.9426,120.3906,119.4373,119.4373,1723694400,1250100.0,2024-08-15 04:00:00
119.3515,119.8854,119.0656,119.8854,1723780800,1171500.0,2024-08-16 04:00:00
119.3611,120.3144,118.8654,119.3515,1724040000,1562500.0,2024-08-19 04:00:00
119.3992,119.8568,118.8177,119.2467,1724126400,975200.0,2024-08-20 04:00:00
121.0961,121.1628,119.5899,120.1142,1724212800,1616300.0,2024-08-21 04:00:00
121.9159,121.954,120.8577,121.6204,1724299200,1390800.0,2024-08-22 04:00:00
123.9273,124.0703,121.792,122.3925,1724385600,2120600.0,2024-08-23 04:00:00
124.1085,125.3477,124.0322,124.7567,1724644800,1817500.0,2024-08-26 04:00:00
124.0227,124.4421,123.1075,123.1075,1724731200,2022100.0,2024-08-27 04:00:00
123.9082,125.9578,123.5079,124.5469,1724817600,1392400.0,2024-08-28 04:00:00
123.4984,125.2905,123.0122,124.5851,1724904000,1135900.0,2024-08-29 04:00:00
125.0713,125.2524,123.1647,123.851,1724990400,1798900.0,2024-08-30 04:00:00
125.7672,126.9016,124.3849,124.9474,1725336000,1604700.0,2024-09-03 04:00:00
125.872,126.7872,124.9569,125.8816,1725422400,988700.0,2024-09-04 04:00:00
123.9941,126.1199,123.2981,125.9292,1725508800,1207100.0,2024-09-05 04:00:00
123.3363,124.9664,122.8978,124.0227,1725595200,1359500.0,2024-09-06 04:00:00
126.0436,126.139,123.3458,123.9941,1725854400,1199500.0,2024-09-09 04:00:00
127.8549,127.9979,125.7767,126.5012,1725940800,1226000.0,2024-09-10 04:00:00
126.7777,127.3496,123.1647,126.9206,1726027200,2324700.0,2024-09-11 04:00:00
127.9216,128.1885,126.1771,127.5212,1726113600,1567900.0,2024-09-12 04:00:00
128.7796,130.0284,127.7119,127.8263,1726200000,1499700.0,2024-09-13 04:00:00
128.8749,130.9816,128.4554,129.0941,1726459200,1244300.0,2024-09-16 04:00:00
128.627,130.0379,128.4554,128.7223,1726545600,1263400.0,2024-09-17 04:00:00
126.3105,129.1323,126.1771,128.6747,1726632000,1444700.0,2024-09-18 04:00:00
126.9493,128.0741,126.0818,128.0741,1726718400,1252600.0,2024-09-19 04:00:00
127.035,128.179,125.6718,126.9492,1726804800,2411800.0,2024-09-20 04:00:00
127.7977,128.6175,126.6823,127.607,1727064000,1346300.0,2024-09-23 04:00:00
127.3878,127.7977,126.4917,127.7977,1727150400,1693400.0,2024-09-24 04:00:00
126.2724,127.9883,126.1962,127.7786,1727236800,1810000.0,2024-09-25 04:00:00
126.7777,127.445,125.9674,126.8539,1727323200,1544800.0,2024-09-26 04:00:00
126.7777,127.8835,126.5203,127.1971,1727409600,1670700.0,2024-09-27 04:00:00
127.9216,128.5222,126.7109,126.8253,1727668800,2812700.0,2024-09-30 04:00:00
134.2133,134.9759,126.0055,131.2581,1727755200,5197900.0,2024-10-01 04:00:00
134.1847,135.4049,132.0684,132.8692,1727841600,3208300.0,2024-10-02 04:00:00
132.8501,134.4135,132.2876,133.4221,1727928000,2884900.0,2024-10-03 04:00:00
132.1732,134.0989,131.8587,134.0512,1728014400,1776600.0,2024-10-04 04:00:00
131.0198,132.1446,130.5717,131.4392,1728273600,1148000.0,2024-10-07 04:00:00
131.7062,132.097,130.8577,131.5536,1728360000,1079800.0,2024-10-08 04:00:00
133.3077,133.3744,131.506,131.7729,1728446400,1159100.0,2024-10-09 04:00:00
132.7834,133.3268,132.1637,132.8787,1728532800,892800.0,2024-10-10 04:00:00
132.4021,133.5365,132.2877,133.4507,1728619200,1498100.0,2024-10-11 04:00:00
135.7004,136.0627,132.1065,132.6022,1728878400,1430300.0,2024-10-14 04:00:00
135.6528,137.4354,135.1666,135.7004,1728964800,1499900.0,2024-10-15 04:00:00
135.6337,135.8434,134.2419,135.3668,1729051200,1170500.0,2024-10-16 04:00:00
135.6718,136.5298,134.8139,136.3391,1729137600,1279600.0,2024-10-17 04:00:00
134.9187,135.8339,134.5851,135.6909,1729224000,1359700.0,2024-10-18 04:00:00
134.4993,135.281,133.7843,135.0617,1729483200,834000.0,2024-10-21 04:00:00
134.7376,135.0236,133.0312,133.9083,1729569600,1305200.0,2024-10-22 04:00:00
134.8234,135.281,133.4697,133.9082,1729656000,1062200.0,2024-10-23 04:00:00
135.0617,135.8148,134.2038,135.3668,1729742400,1171900.0,2024-10-24 04:00:00
133.7748,136.0913,133.6413,135.7004,1729828800,1237600.0,2024-10-25 04:00:00
133.7176,134.0512,132.8406,133.546,1730088000,1514300.0,2024-10-28 04:00:00
135.2428,135.7671,132.7643,133.4888,1730174400,2044500.0,2024-10-29 04:00:00
134.7852,135.8148,133.3934,134.8901,1730260800,1435700.0,2024-10-30 04:00:00
132.8215,135.3763,132.7929,134.9187,1730347200,1594200.0,2024-10-31 04:00:00
132.5927,133.5936,131.5727,132.6403,1730433600,1182400.0,2024-11-01 04:00:00
133.1551,133.8796,132.4306,133.6223,1730696400,1037600.0,2024-11-04 05:00:00
133.2314,133.8415,132.812,133.5269,1730782800,2108000.0,2024-11-05 05:00:00
141.6489,142.2876,135.5098,136.6442,1730869200,3512300.0,2024-11-06 05:00:00
140.6413,141.5626,139.8161,141.409,1730955600,1593100.0,2024-11-07 05:00:00
142.5702,143.2131,140.3343,141.4282,1731042000,2022200.0,2024-11-08 05:00:00
142.7237,144.6237,142.599,143.0979,1731301200,1325000.0,2024-11-11 05:00:00
142.0232,143.7313,141.9656,142.4358,1731387600,2322900.0,2024-11-12 05:00:00
140.6125,142.2151,140.3055,141.7641,1731474000,2653200.0,2024-11-13 05:00:00
139.9504,140.4878,139.4514,140.1327,1731560400,1455200.0,2024-11-14 05:00:00
137.1867,139.9216,136.966,139.9216,1731646800,1631200.0,2024-11-15 05:00:00
136.0352,137.8201,135.8912,137.561,1731906000,1122500.0,2024-11-18 05:00:00
134.9796,136.1024,134.7013,135.5554,1731992400,1353600.0,2024-11-19 05:00:00
136.1024,136.3135,134.0584,134.4998,1732078800,1349000.0,2024-11-20 05:00:00
138.2711,138.367,135.9776,137.1195,1732165200,1089500.0,2024-11-21 05:00:00
138.6262,139.6337,137.8968,138.5974,1732251600,1249600.0,2024-11-22 05:00:00
139.3938,139.9792,138.012,139.2499,1732510800,2018800.0,2024-11-25 05:00:00
140.2863,140.411,139.1155,140.1039,1732597200,1366800.0,2024-11-26 05:00:00
139.8257,141.4666,139.6337,140.3247,1732683600,1018000.0,2024-11-27 05:00:00
140.3631,140.6989,139.4994,139.6146,1732856400,730600.0,2024-11-29 05:00:00
139.5762,140.5742,138.7797,140.459,1733115600,1265700.0,2024-12-02 05:00:00
138.6549,139.8544,138.1847,139.7105,1733202000,1453400.0,2024-12-03 05:00:00
138.1655,139.3747,137.7529,139.3171,1733288400,1421300.0,2024-12-04 05:00:00
136.6493,138.6741,135.5362,138.3479,1733374800,1414700.0,2024-12-05 05:00:00
137.0908,138.108,136.8988,137.1483,1733461200,2243200.0,2024-12-06 05:00:00
135.2579,137.4074,134.1639,137.0908,1733720400,1692300.0,2024-12-09 05:00:00
136.6397,136.9276,134.1639,135.1619,1733806800,2385000.0,2024-12-10 05:00:00
135.5362,137.3786,135.2771,136.6685,1733893200,2179000.0,2024-12-11 05:00:00
135.4882,136.419,133.924,135.6321,1733979600,1810300.0,2024-12-12 05:00:00
135.2867,136.1407,134.7397,135.7665,1734066000,2138100.0,2024-12-13 05:00:00
135.4978,136.5054,135.0564,136.2559,1734325200,2512400.0,2024-12-16 05:00:00
134.6149,136.5438,133.8281,135.0276,1734411600,3513200.0,2024-12-17 05:00:00
130.3735,135.9776,130.3543,133.7321,1734498000,4054000.0,2024-12-18 05:00:00
132.2447,136.918,131.5538,135.2483,1734584400,4199500.0,2024-12-19 05:00:00
133.9048,134.4518,131.0643,131.0643,1734670800,4925600.0,2024-12-20 05:00:00
133.7129,133.9528,132.4078,133.5498,1734930000,1514700.0,2024-12-23 05:00:00
135.6801,135.9776,133.4826,133.7225,1735016400,885800.0,2024-12-24 05:00:00
136.8796,137.1003,135.1139,135.373,1735189200,2364200.0,2024-12-26 05:00:00
135.565,137.2059,134.9316,136.3615,1735275600,2032100.0,2024-12-27 05:00:00
134.3079,135.0276,132.7245,134.9796,1735534800,1639200.0,2024-12-30 05:00:00
134.5574,135.2771,134.2119,134.7877,1735621200,1265600.0,2024-12-31 05:00:00
132.9068,135.9104,132.6285,135.6801,1735794000,1601600.0,2025-01-02 05:00:00
134.0296,134.4614,132.7245,133.2811,1735880400,1284600.0,2025-01-03 05:00:00
130.5654,133.7225,129.5674,131.976,1736139600,2629000.0,2025-01-06 05:00:00
133.6361,134.5766,131.4674,131.6305,1736226000,2279000.0,2025-01-07 05:00:00
134.5862,134.7877,132.5614,134.2983,1736312400,2080000.0,2025-01-08 05:00:00
133.4442,135.3347,133.1179,135.0852,1736485200,1904000.0,2025-01-10 05:00:00
134.8548,135.2771,132.7437,133.1275,1736744400,1430500.0,2025-01-13 05:00:00
135.9872,136.5534,134.2023,134.9604,1736830800,1729400.0,2025-01-14 05:00:00
138.4438,139.5474,136.2943,137.2251,1736917200,3787300.0,2025-01-15 05:00:00
140.91,141.3035,137.6953,138.4438,1737003600,2263000.0,2025-01-16 05:00:00
140.3822,143.4242,140.2863,143.4242,1737090000,2116000.0,2025-01-17 05:00:00
139.7777,141.2747,139.2019,140.4494,1737435600,1483800.0,2025-01-21 05:00:00
138.9332,140.5166,138.8277,139.7393,1737522000,1654200.0,2025-01-22 05:00:00
138.9044,139.4994,138.2711,138.6837,1737608400,1331300.0,2025-01-23 05:00:00
140.2095,140.4398,138.3383,138.3383,1737694800,1425400.0,2025-01-24 05:00:00
142.0616,142.5798,139.1251,139.5858,1737954000,2446000.0,2025-01-27 05:00:00
141.5242,144.3359,141.4282,142.1863,1738040400,1580300.0,2025-01-28 05:00:00
140.958,142.551,140.3918,142.0232,1738126800,1801900.0,2025-01-29 05:00:00
142.0712,143.8177,141.2651,141.2651,1738213200,1472600.0,2025-01-30 05:00:00
141.7065,142.954,141.2267,141.6585,1738299600,1766400.0,2025-01-31 05:00:00
142.6181,143.1843,140.3822,141.3227,1738558800,1589300.0,2025-02-03 05:00:00
143.4722,143.8464,141.4954,142.1575,1738645200,1664200.0,2025-02-04 05:00:00
144.7773,144.9116,142.6565,143.904,1738731600,1538300.0,2025-02-05 05:00:00
143.952,145.593,143.8081,145.2667,1738818000,1536300.0,2025-02-06 05:00:00
141.7401,144.8213,141.5565,144.0776,1738904400,1803400.0,2025-02-07 05:00:00
142.0008,142.9378,141.5469,142.9378,1739163600,1331800.0,2025-02-10 05:00:00
141.1218,141.6917,140.5036,141.3247,1739250000,1404100.0,2025-02-11 05:00:00
141.9429,142.3099,139.161,139.219,1739336400,1377700.0,2025-02-12 05:00:00
143.5657,143.7105,141.4986,141.9332,1739422800,1252200.0,2025-02-13 05:00:00
142.2327,144.1935,142.0781,143.8844,1739509200,1052400.0,2025-02-14 05:00:00
143.3435,144.1549,142.1844,142.6287,1739854800,1931000.0,2025-02-18 05:00:00
144.9276,145.0532,142.7446,143.5849,1739941200,1094600.0,2025-02-19 05:00:00
145.1401,145.5265,144.2611,144.5509,1740027600,1356200.0,2025-02-20 05:00:00
143.4497,145.0339,142.5611,144.9566,1740114000,1674300.0,2025-02-21 05:00:00
144.7827,145.8163,143.2565,143.5463,1740373200,2651000.0,2025-02-24 05:00:00
145.8549,146.6856,144.9566,145.0725,1740459600,1769200.0,2025-02-25 05:00:00
144.1742,146.4924,143.952,145.3043,1740546000,1211700.0,2025-02-26 05:00:00
143.6912,145.4782,143.2469,144.2611,1740632400,1678300.0,2025-02-27 05:00:00
146.502,146.6469,144.2901,144.9469,1740718800,2485500.0,2025-02-28 05:00:00
148.1441,149.2163,146.589,146.589,1740978000,1790400.0,2025-03-03 05:00:00
146.8208,149.6993,146.6179,149.168,1741064400,3820000.0,2025-03-04 05:00:00
146.9174,148.0379,145.4685,145.768,1741150800,1867500.0,2025-03-05 05:00:00
144.7827,146.7049,142.8219,146.106,1741237200,2577100.0,2025-03-06 05:00:00
148.2504,148.801,143.8747,144.2708,1741323600,2253800.0,2025-03-07 05:00:00
149.2549,152.9738,148.1151,148.2504,1741579200,3967500.0,2025-03-10 04:00:00
141.5082,149.168,141.402,148.8589,1741665600,2955300.0,2025-03-11 04:00:00
140.069,142.0298,138.9292,140.5906,1741752000,2780500.0,2025-03-12 04:00:00
138.6684,140.8707,138.0116,140.04,1741838400,1977300.0,2025-03-13 04:00:00
140.4843,140.8804,138.3786,138.4752,1741924800,1591300.0,2025-03-14 04:00:00
142.9474,143.3821,139.557,139.9724,1742184000,1897000.0,2025-03-17 04:00:00
141.9815,142.5031,140.6582,141.4792,1742270400,1351100.0,2025-03-18 04:00:00
142.5031,142.8605,141.1701,142.0008,1742356800,1722300.0,2025-03-19 04:00:00
140.2815,142.4162,140.0883,141.7401,1742443200,1464000.0,2025-03-20 04:00:00
138.1468,139.615,137.1712,139.2093,1742529600,4764500.0,2025-03-21 04:00:00
139.8951,140.2235,138.4462,138.736,1742788800,2153500.0,2025-03-24 04:00:00
139.219,140.8224,138.3496,139.8468,1742875200,3388000.0,2025-03-25 04:00:00
145.0725,147.9027,139.5957,143.7395,1742961600,4429800.0,2025-03-26 04:00:00
146.6566,146.9464,142.5611,144.3867,1743048000,2640400.0,2025-03-27 04:00:00
145.8839,147.6708,144.9856,147.1299,1743134400,2419700.0,2025-03-28 04:00:00
149.0231,149.4385,146.2412,146.2412,1743393600,2910600.0,2025-03-31 04:00:00
149.3226,149.8731,147.7481,148.8203,1743480000,1940800.0,2025-04-01 04:00:00
149.6606,149.9697,147.9316,149.1197,1743566400,1422500.0,2025-04-02 04:00:00
148.2987,150.2788,147.2845,149.6317,1743652800,2623500.0,2025-04-03 04:00:00
138.4366,147.835,138.3593,147.6322,1743739200,3049800.0,2025-04-04 04:00:00
135.703,140.5809,132.1581,136.0024,1743998400,4652000.0,2025-04-07 04:00:00
132.3416,137.7218,130.6512,136.6882,1744084800,4456200.0,2025-04-08 04:00:00
141.1701,141.5082,130.4,130.8251,1744171200,5285600.0,2025-04-09 04:00:00
139.4894,141.4889,135.4229,140.3684,1744257600,3099900.0,2025-04-10 04:00:00
141.7497,142.7929,136.6882,139.557,1744344000,1918200.0,2025-04-11 04:00:00
143.9907,144.4446,141.0639,141.8753,1744603200,1720000.0,2025-04-14 04:00:00
142.59,144.7344,142.4162,143.7492,1744689600,1154300.0,2025-04-15 04:00:00
140.6099,143.1793,139.615,142.5128,1744776000,1559000.0,2025-04-16 04:00:00
139.9627,141.8077,139.6633,141.315,1744862400,2148200.0,2025-04-17 04:00:00
135.6064,139.586,133.4621,139.1514,1745208000,2653600.0,2025-04-21 04:00:00
138.4076,138.9775,136.6303,137.1712,1745294400,1903400.0,2025-04-22 04:00:00
138.34,140.6292,137.8474,138.9678,1745380800,2870700.0,2025-04-23 04:00:00
139.2963,139.5474,135.7899,138.1275,1745467200,1602800.0,2025-04-24 04:00:00
138.3303,139.0548,137.0939,139.0548,1745553600,1395000.0,2025-04-25 04:00:00
139.2479,139.5957,137.4706,138.3303,1745812800,2228900.0,2025-04-28 04:00:00
141.4213,142.194,138.3689,139.2479,1745899200,2131000.0,2025-04-29 04:00:00
142.1071,142.3003,137.0939,139.7985,1745985600,2500100.0,2025-04-30 04:00:00
141.6145,142.5031,139.3832,141.3537,1746072000,1785000.0,2025-05-01 04:00:00
144.7054,145.4202,142.4741,143.1986,1746158400,1460400.0,2025-05-02 04:00:00
144.3577,145.652,143.7975,144.7054,1746417600,1345300.0,2025-05-05 04:00:00
143.9424,144.3094,142.706,143.7782,1746504000,1291700.0,2025-05-06 04:00:00
145.198,145.9418,143.9713,144.4156,1746590400,1610300.0,2025-05-07 04:00:00
146.1736,147.5936,145.4009,146.3668,1746676800,1295300.0,2025-05-08 04:00:00
146.4827,146.8691,145.652,146.0191,1746763200,1120300.0,2025-05-09 04:00:00
147.5723,149.1192,146.0255,149.1192,1747022400,2435100.0,2025-05-12 04:00:00
147.154,148.3604,147.0762,147.6988,1747108800,1456500.0,2025-05-13 04:00:00
147.8837,148.156,145.4126,146.3757,1747195200,1823500.0,2025-05-14 04:00:00
150.2379,150.3158,148.2922,148.4187,1747281600,1549900.0,2025-05-15 04:00:00
151.7459,152.028,149.4986,150.0045,1747368000,1415500.0,2025-05-16 04:00:00
153.8959,153.9543,150.7049,150.9773,1747627200,1628400.0,2025-05-19 04:00:00
153.39,153.9348,152.602,153.3024,1747713600,1467000.0,2025-05-20 04:00:00
151.9794,153.2343,151.4054,152.4172,1747800000,1217500.0,2025-05-21 04:00:00
151.9404,152.7479,151.0552,151.9502,1747886400,1034400.0,2025-05-22 04:00:00
151.8529,152.3101,149.985,150.8314,1747972800,1085400.0,2025-05-23 04:00:00
154.6547,154.9271,152.6215,153.2246,1748318400,1759800.0,2025-05-27 04:00:00
152.7285,155.4135,152.709,155.0633,1748404800,1484000.0,2025-05-28 04:00:00
153.1468,153.6138,151.9696,152.7868,1748491200,1402400.0,2025-05-29 04:00:00
153.6235,154.4991,152.6896,153.5262,1748577600,1993800.0,2025-05-30 04:00:00
153.2246,153.2927,151.2595,152.8355,1748836800,1417400.0,2025-06-02 04:00:00
153.9543,154.0613,152.2323,152.816,1748923200,1459500.0,2025-06-03 04:00:00
155.005,155.4038,153.2441,153.6624,1749009600,1271100.0,2025-06-04 04:00:00
154.9855,155.5886,154.2266,154.8298,1749096000,958800.0,2025-06-05 04:00:00
155.4427,156.8631,155.0633,156.2308,1749182400,1005800.0,2025-06-06 04:00:00
152.709,155.0536,151.6875,154.8104,1749441600,1488000.0,2025-06-09 04:00:00
151.0941,153.2343,149.9947,152.5534,1749528000,1462900.0,2025-06-10 04:00:00
149.8586,151.347,149.2748,151.347,1749614400,1653500.0,2025-06-11 04:00:00
149.3235,150.0726,147.2805,150.0531,1749700800,1492700.0,2025-06-12 04:00:00
149.0608,149.7418,147.9712,148.4285,1749787200,2525400.0,2025-06-13 04:00:00
149.5083,150.6952,149.0997,149.7418,1750046400,1665100.0,2025-06-16 04:00:00
148.3798,150.1017,147.8058,149.4986,1750132800,1567100.0,2025-06-17 04:00:00
146.2395,148.6911,146.0255,148.3798,1750219200,2910200.0,2025-06-18 04:00:00
145.0721,146.6384,144.5662,146.2395,1750392000,3483500.0,2025-06-20 04:00:00
147.1443,147.2416,144.7705,145.6169,1750651200,2337900.0,2025-06-23 04:00:00
148.1171,148.4285,146.1131,147.1929,1750737600,4296500.0,2025-06-24 04:00:00
134.1956,142.0368,133.1644,141.3266,1750824000,9294200.0,2025-06-25 04:00:00
137.1823,137.4546,134.3513,134.7404,1750910400,3931500.0,2025-06-26 04:00:00
140.0327,140.6359,137.0071,137.3768,1750996800,3850000.0,2025-06-27 04:00:00
141.5114,142.0368,139.0598,140.0813,1751256000,4050200.0,2025-06-30 04:00:00
143.4182,144.7219,141.2877,141.7352,1751342400,3666900.0,2025-07-01 04:00:00
141.9979,142.6789,139.3809,142.6789,1751428800,3702000.0,2025-07-02 04:00:00
143.1361,143.2626,141.6087,142.3287,1751515200,1540000.0,2025-07-03 04:00:00
141.7158,143.749,141.3266,143.2334,1751860800,3435900.0,2025-07-07 04:00:00
140.9764,142.2119,139.4587,141.3266,1751947200,3500000.0,2025-07-08 04:00:00
141.9784,142.1438,140.2467,141.1904,1752033600,2514400.0,2025-07-09 04:00:00
141.3655,142.1341,140.7818,141.0737,1752120000,2792900.0,2025-07-10 04:00:00
139.4004,141.492,138.9139,141.2391,1752206400,1910300.0,2025-07-11 04:00:00
140.3927,140.5775,138.7291,139.2155,1752465600,2416000.0,2025-07-14 04:00:00
136.8612,139.8965,136.8223,139.7311,1752552000,2034400.0,2025-07-15 04:00:00
138.3886,138.6513,136.4137,136.939,1752638400,1760800.0,2025-07-16 04:00:00
139.4004,139.8576,138.2427,138.3886,1752724800,1834500.0,2025-07-17 04:00:00
139.5658,140.2565,139.0501,140.2565,1752811200,2487300.0,2025-07-18 04:00:00
139.8402,140.7126,139.2619,139.5657,1753070400,1439900.0,2025-07-21 04:00:00
141.7223,142.6143,140.0853,140.0853,1753156800,1585600.0,2025-07-22 04:00:00
142.3692,142.8201,141.0655,141.585,1753243200,1873300.0,2025-07-23 04:00:00
143.5063,143.7612,141.1831,141.9869,1753329600,1698700.0,2025-07-24 04:00:00
145.0649,145.1727,143.0064,144.0258,1753416000,1294600.0,2025-07-25 04:00:00
143.369,145.1825,143.1142,145.1139,1753675200,1447000.0,2025-07-28 04:00:00
144.3787,144.4375,142.1732,143.8297,1753761600,2112100.0,2025-07-29 04:00:00
143.026,145.0747,142.6143,143.7906,1753848000,1749900.0,2025-07-30 04:00:00
141.4772,143.9278,141.2223,141.9281,1753934400,2420700.0,2025-07-31 04:00:00
136.5858,140.742,135.635,140.2911,1754020800,4235400.0,2025-08-01 04:00:00
136.674,137.4778,135.8801,136.6839,1754280000,2389400.0,2025-08-04 04:00:00
136.429,137.1838,136.0173,136.9093,1754366400,1976700.0,2025-08-05 04:00:00
136.331,136.9289,135.488,136.8407,1754452800,2018000.0,2025-08-06 04:00:00
137.7425,138.2718,136.6642,137.2818,1754539200,1885100.0,2025-08-07 04:00:00
138.3993,139.0854,137.4876,137.5269,1754625600,1368000.0,2025-08-08 04:00:00
135.8605,138.7914,135.6546,138.3111,1754884800,2521900.0,2025-08-11 04:00:00
132.3218,135.9879,132.1454,135.8507,1754971200,3123400.0,2025-08-12 04:00:00
135.8703,136.0663,132.165,132.3708,1755057600,2584200.0,2025-08-13 04:00:00
134.7724,136.1447,134.5371,135.6448,1755144000,1425000.0,2025-08-14 04:00:00
135.5174,136.1937,134.2137,135.2723,1755230400,2672200.0,2025-08-15 04:00:00
134.8508,136.3212,134.5175,135.5958,1755489600,1966100.0,2025-08-18 04:00:00
136.2624,136.8407,134.7626,135.0371,1755576000,2117000.0,2025-08-19 04:00:00
136.1349,137.9876,135.7036,137.1152,1755662400,2274300.0,2025-08-20 04:00:00
135.6742,135.9683,134.9488,135.5468,1755748800,1609500.0,2025-08-21 04:00:00
138.0268,138.3993,136.0957,136.4192,1755835200,2066300.0,2025-08-22 04:00:00
135.7624,137.7817,135.5076,137.6347,1756094400,1707700.0,2025-08-25 04:00:00
135.3115,136.2526,134.8802,135.4488,1756180800,3317500.0,2025-08-26 04:00:00
135.9095,136.5858,135.0077,135.4782,1756267200,1852700.0,2025-08-27 04:00:00
135.9781,136.4584,135.1547,136.0075,1756353600,1681400.0,2025-08-28 04:00:00
136.7035,136.7721,135.6448,136.1153,1756440000,1715800.0,2025-08-29 04:00:00
133.2726,136.3114,132.5375,135.9487,1756785600,2059200.0,2025-09-02 04:00:00
132.9492,133.3511,131.6847,132.5473,1756872000,1549200.0,2025-09-03 04:00:00
134.6058,134.6744,132.1258,132.8511,1756958400,1995600.0,2025-09-04 04:00:00
132.7629,135.4586,131.0769,134.9978,1757044800,1898300.0,2025-09-05 04:00:00
132.7531,133.3609,131.9199,132.9492,1757304000,2097700.0,2025-09-08 04:00:00
131.7533,133.106,131.42,132.4296,1757390400,1388000.0,2025-09-09 04:00:00
130.4398,132.3806,129.8222,131.2534,1757476800,1860500.0,2025-09-10 04:00:00
132.7825,133.0766,130.0379,130.2535,1757563200,1698900.0,2025-09-11 04:00:00
132.4394,133.2824,132.0179,132.4198,1757649600,1305400.0,2025-09-12 04:00:00
129.3615,133.0962,129.1655,132.6649,1757908800,2195000.0,2025-09-15 04:00:00
129.0184,129.783,127.6657,129.3517,1757995200,2991400.0,2025-09-16 04:00:00
129.8418,131.4886,129.5379,129.6654,1758081600,3784600.0,2025-09-17 04:00:00
128.5185,130.2437,128.3519,129.2341,1758168000,3656200.0,2025-09-18 04:00:00
127.4304,129.3517,126.7737,129.1655,1758254400,7782900.0,2025-09-19 04:00:00
127.8225,128.293,125.6954,126.0581,1758513600,4327300.0,2025-09-22 04:00:00
126.7443,128.0578,126.2542,127.156,1758600000,3847200.0,2025-09-23 04:00:00
125.7346,127.4598,125.6464,126.3914,1758686400,3547400.0,2025-09-24 04:00:00
124.1859,126.7443,123.6369,126.362,1758772800,3168900.0,2025-09-25 04:00:00
125.6758,126.0875,124.2055,124.6466,1758859200,3571300.0,2025-09-26 04:00:00
125.9895,127.7441,125.7542,126.0581,1759118400,4663000.0,2025-09-29 04:00:00
124.2545,124.3329,116.6675,119.2063,1759204800,6937500.0,2025-09-30 04:00:00
121.5588,124.4897,119.8336,124.2545,1759291200,4875200.0,2025-10-01 04:00:00
120.9805,121.3236,119.4219,121.1864,1759377600,2709200.0,2025-10-02 04:00:00
122.147,122.4116,120.412,121.0197,1759464000,1970500.0,2025-10-03 04:00:00
121.9117,122.4901,120.8237,122.4901,1759723200,2936000.0,2025-10-06 04:00:00
124.5093,124.5486,121.304,121.6667,1759809600,2437300.0,2025-10-07 04:00:00
124.0878,124.3427,123.0096,124.2447,1759896000,2273700.0,2025-10-08 04:00:00
122.7351,124.627,122.0882,124.627,1759982400,2325100.0,2025-10-09 04:00:00
123.0684,123.8428,122.4607,123.3233,1760068800,2711800.0,2025-10-10 04:00:00
124.9014,125.1955,122.7743,123.2056,1760328000,2867500.0,2025-10-13 04:00:00
126.0483,126.6463,124.5682,125.0289,1760414400,2444100.0,2025-10-14 04:00:00
124.9995,126.6855,124.823,125.7444,1760500800,2546000.0,2025-10-15 04:00:00
123.9898,125.7248,123.3919,125.2249,1760587200,2860600.0,2025-10-16 04:00:00
124.0584,124.7446,123.0292,124.3623,1760673600,2461100.0,2025-10-17 04:00:00
124.0878,125.4014,122.8233,124.2447,1760932800,2388000.0,2025-10-20 04:00:00
125.0191,126.2346,123.2252,124.1565,1761019200,2380300.0,2025-10-21 04:00:00
124.1075,126.0287,124.0094,124.7054,1761105600,2218300.0,2025-10-22 04:00:00
122.2842,124.4505,121.9901,123.8722,1761192000,1993400.0,2025-10-23 04:00:00
122.1372,123.0782,121.7549,122.6371,1761278400,4436800.0,2025-10-24 04:00:00
122.5391,122.8135,121.6863,122.1274,1761537600,2646100.0,2025-10-27 04:00:00
121.5981,122.2646,120.5884,122.049,1761624000,2763600.0,2025-10-28 04:00:00
115.0795,120.0787,114.6874,119.9317,1761710400,4919000.0,2025-10-29 04:00:00
114.9129,116.295,114.511,115.4422,1761796800,2476200.0,2025-10-30 04:00:00
114.7168,115.6774,113.7856,114.511,1761883200,2754200.0,2025-10-31 04:00:00
112.8348,114.2757,111.2272,114.2757,1762146000,2942700.0,2025-11-03 05:00:00
112.8642,114.1091,110.9135,113.8738,1762232400,3262700.0,2025-11-04 05:00:00
114.1973,114.5012,112.0506,112.8642,1762318800,3978600.0,2025-11-05 05:00:00
110.59,114.7168,109.8549,113.864,1762405200,5031100.0,2025-11-06 05:00:00
110.8078,111.6985,109.5607,111.3521,1762491600,3515000.0,2025-11-07 05:00:00
110.3327,111.4907,109.0263,110.8968,1762750800,2397200.0,2025-11-10 05:00:00
110.4911,111.1641,109.6993,110.1842,1762837200,2052900.0,2025-11-11 05:00:00
109.9368,110.8276,109.6894,110.5702,1762923600,1731600.0,2025-11-12 05:00:00
110.6494,110.7484,108.858,109.5508,1763010000,3602200.0,2025-11-13 05:00:00
110.9463,111.4709,109.5112,111.164,1763096400,2927000.0,2025-11-14 05:00:00
109.343,110.7286,108.8679,110.7187,1763355600,2362700.0,2025-11-17 05:00:00
108.8283,110.1941,107.9475,109.343,1763442000,2552800.0,2025-11-18 05:00:00
108.4226,108.9372,106.8885,108.7887,1763528400,2307700.0,2025-11-19 05:00:00
107.3438,108.858,107.0073,108.5908,1763614800,2164400.0,2025-11-20 05:00:00
110.3129,111.7876,107.324,107.324,1763701200,4236100.0,2025-11-21 05:00:00
108.7789,110.4218,108.2939,110.115,1763960400,5405000.0,2025-11-24 05:00:00
110.9562,111.3323,108.858,109.0164,1764046800,2832400.0,2025-11-25 05:00:00
110.2634,110.877,109.8774,110.6593,1764133200,2203500.0,2025-11-26 05:00:00
110.5405,111.075,110.0952,110.2535,1764306000,1244900.0,2025-11-28 05:00:00
109.4024,110.6197,109.0956,109.6894,1764565200,5147500.0,2025-12-01 05:00:00
109.6399,109.9764,108.6205,109.7983,1764651600,4057600.0,2025-12-02 05:00:00
112.223,112.4507,109.4618,109.6399,1764738000,4278700.0,2025-12-03 05:00:00
110.6197,112.9752,110.1348,112.4606,1764824400,2152400.0,2025-12-04 05:00:00
110.9067,112.4309,110.4317,110.7781,1764910800,2463800.0,2025-12-05 05:00:00
111.2927,111.7183,109.9071,110.7484,1765170000,3679700.0,2025-12-08 05:00:00
111.5797,112.2824,111.1047,111.2333,1765256400,2835900.0,2025-12-09 05:00:00
111.7183,112.3913,111.075,111.4313,1765342800,4022400.0,2025-12-10 05:00:00
113.4503,113.7967,110.976,111.8074,1765429200,2594400.0,2025-12-11 05:00:00
114.2618,115.3505,113.7472,114.0144,1765515600,4543300.0,2025-12-12 05:00:00
114.1926,115.3208,113.7373,114.6379,1765774800,4444700.0,2025-12-15 05:00:00
114.0342,114.4895,113.1732,113.955,1765861200,4114100.0,2025-12-16 05:00:00
115.499,116.6173,113.4107,114.0342,1765947600,5109800.0,2025-12-17 05:00:00
113.0643,115.4693,112.2923,115.1625,1766034000,6418200.0,2025-12-18 05:00:00
111.1245,112.9455,107.9079,112.896,1766120400,11297800.0,2025-12-19 05:00:00
113.6977,113.8264,111.5797,111.6688,1766379600,2927400.0,2025-12-22 05:00:00
112.9257,113.8066,112.5397,113.7076,1766466000,3155200.0,2025-12-23 05:00:00
113.4008,113.8561,112.5694,112.7476,1766552400,1082000.0,2025-12-24 05:00:00
113.0148,113.7769,112.5892,113.4008,1766725200,1586000.0,2025-12-26 05:00:00
112.8268,113.5394,112.3121,113.0148,1766984400,1518000.0,2025-12-29 05:00:00
112.223,112.7971,111.7678,112.4309,1767070800,2200900.0,2025-12-30 05:00:00
111.0255,112.0746,110.9265,111.9954,1767157200,1717700.0,2025-12-31 05:00:00
107.4823,111.0453,107.2151,110.9661,1767330000,3214700.0,2026-01-02 05:00:00
108.3533,109.4024,106.6906,107.4823,1767589200,3286100.0,2026-01-05 05:00:00
110.0754,110.5405,107.3537,107.6506,1767675600,2639600.0,2026-01-06 05:00:00
110.4811,111.0948,109.818,110.1447,1767762000,2953300.0,2026-01-07 05:00:00
113.0742,113.5295,109.4914,109.7983,1767848400,3165600.0,2026-01-08 05:00:00
112.5991,113.8857,112.134,112.8169,1767934800,2410600.0,2026-01-09 05:00:00
111.5302,112.8169,111.2333,111.7282,1768194000,2055100.0,2026-01-12 05:00:00
108.5314,111.5797,107.7892,111.1344,1768280400,2919600.0,2026-01-13 05:00:00
109.1549,109.7389,108.0465,108.3731,1768366800,2257700.0,2026-01-14 05:00:00
109.3727,110.7781,108.8679,109.6102,1768453200,1779400.0,2026-01-15 05:00:00
110.0358,110.2832,108.6304,109.7389,1768539600,3421300.0,2026-01-16 05:00:00
106.3145,109.4617,106.2056,109.4617,1768885200,3569000.0,2026-01-20 05:00:00
106.0868,107.611,105.7009,105.9681,1768971600,3600800.0,2026-01-21 05:00:00
106.0868,107.4032,105.8988,106.3244,1769058000,4866000.0,2026-01-22 05:00:00
105.5326,106.75,105.3743,105.7602,1769144400,2629200.0,2026-01-23 05:00:00
105.0971,106.7895,104.2064,106.0176,1769403600,2898500.0,2026-01-26 05:00:00
103.86,104.4637,102.6229,103.9293,1769490000,2928400.0,2026-01-27 05:00:00
102.45,103.62,102.09,102.78,1769576400,4080400.0,2026-01-28 05:00:00
102.23,103.58,101.53,101.98,1769662800,6082700.0,2026-01-29 05:00:00
103.13,103.2,101.05,101.95,1769749200,4026300.0,2026-01-30 05:00:00
102.47,103.92,102.01,103.62,1770008400,3111100.0,2026-02-02 05:00:00
97.15,101.28,97.09,100.42,1770094800,6007800.0,2026-02-03 05:00:00
98.48,99.34,94.9,97.0,1770181200,5376900.0,2026-02-04 05:00:00
98.17,100.6,96.75,99.19,1770267600,3583500.0,2026-02-05 05:00:00
98.53,99.81,97.63,98.48,1770354000,3403500.0,2026-02-06 05:00:00
98.09,98.75,96.51,98.52,1770613200,4298800.0,2026-02-09 05:00:00
99.03,99.56,97.04,97.04,1770699600,4655800.0,2026-02-10 05:00:00
94.84,99.12,94.08,98.25,1770786000,5719000.0,2026-02-11 05:00:00
92.47,94.7,91.7,94.15,1770872400,6212900.0,2026-02-12 05:00:00
94.38,94.76,92.28,93.31,1770958800,4773800.0,2026-02-13 05:00:00
93.27,95.99,92.94,94.71,1771304400,3632000.0,2026-02-17 05:00:00
94.29,94.77,92.84,93.6,1771390800,2775100.0,2026-02-18 05:00:00
92.34,94.56,91.88,94.11,1771477200,3273100.0,2026-02-19 05:00:00
91.24,92.36,90.32,92.21,1771563600,5312500.0,2026-02-20 05:00:00
87.39,90.55,87.04,90.44,1771822800,4910400.0,2026-02-23 05:00:00
88.48,90.33,86.89,87.36,1771909200,4120900.0,2026-02-24 05:00:00
91.23,91.31,88.55,88.9,1771995600,3503600.0,2026-02-25 05:00:00
94.48,94.78,91.56,91.99,1772082000,5650100.0,2026-02-26 05:00:00
93.65,94.25,91.36,93.18,1772168400,7012700.0,2026-02-27 05:00:00
94.25,94.46,92.13,92.9,1772427600,3775300.0,2026-03-02 05:00:00
95.56,96.37,92.96,93.5,1772514000,3043700.0,2026-03-03 05:00:00
95.79,96.42,94.82,95.23,1772600400,2693900.0,2026-03-04 05:00:00
98.38,98.67,95.81,95.89,1772686800,4169500.0,2026-03-05 05:00:00
100.85,101.02,96.31,97.57,1772773200,5007900.0,2026-03-06 05:00:00
98.3,99.79,97.1,99.52,1773028800,4489900.0,2026-03-09 04:00:00
95.12,98.17,94.17,97.8,1773115200,3415000.0,2026-03-10 04:00:00
94.0,96.63,93.18,95.71,1773201600,3439100.0,2026-03-11 04:00:00
91.67,95.84,91.65,94.11,1773288000,3994300.0,2026-03-12 04:00:00
92.61,92.75,91.53,92.37,1773374400,2914600.0,2026-03-13 04:00:00
93.1,93.86,92.5,92.67,1773633600,2604500.0,2026-03-16 04:00:00
92.43,95.09,92.13,93.8,1773720000,2817400.0,2026-03-17 04:00:00
90.64,92.35,90.57,91.35,1773806400,3911600.0,2026-03-18 04:00:00
91.71,93.48,91.03,91.12,1773892800,4642100.0,2026-03-19 04:00:00
92.55,93.35,91.07,91.34,1773979200,11214900.0,2026-03-20 04:00:00
93.5,94.66,92.79,93.3,1774238400,4935300.0,2026-03-23 04:00:00
90.61,93.0,89.98,92.86,1774324800,5142200.0,2026-03-24 04:00:00
93.36,95.49,89.01,95.21,1774411200,7975200.0,2026-03-25 04:00:00
93.59,96.24,93.02,93.07,1774497600,5360200.0,2026-03-26 04:00:00
91.68,93.25,90.54,93.25,1774584000,3583800.0,2026-03-27 04:00:00
93.12,93.64,91.56,91.66,1774843200,3749000.0,2026-03-30 04:00:00
92.12,94.5,91.95,94.03,1774929600,4515700.0,2026-03-31 04:00:00
90.91,92.31,89.69,91.74,1775016000,5971000.0,2026-04-01 04:00:00
91.7,92.29,89.68,91.15,1775102400,4514000.0,2026-04-02 04:00:00
91.85,92.19,90.57,91.37,1775448000,2571700.0,2026-04-06 04:00:00
91.61,92.87,90.82,91.64,1775534400,3039700.0,2026-04-07 04:00:00
89.89,92.97,89.65,91.72,1775620800,3211500.0,2026-04-08 04:00:00
87.86,89.21,86.84,89.13,1775707200,3493000.0,2026-04-09 04:00:00
85.57,88.0,85.45,87.8,1775793600,3686500.0,2026-04-10 04:00:00
