close,high,low,open,time,volume,date
49.2926,50.1984,48.5615,49.8601,1603166400,5893350.0,2020-10-20 04:00:00
49.6036,50.0783,49.118,49.1562,1603252800,3807900.0,2020-10-21 04:00:00
50.0292,50.4603,49.4345,50.2093,1603339200,2595150.0,2020-10-22 04:00:00
50.5476,50.7222,50.0565,50.2366,1603425600,2334600.0,2020-10-23 04:00:00
49.4181,49.8819,48.8288,49.7946,1603684800,2845200.0,2020-10-26 04:00:00
48.2614,49.8655,48.2177,49.5218,1603771200,2009400.0,2020-10-27 04:00:00
46.3189,47.7539,46.3189,47.3556,1603857600,2782650.0,2020-10-28 04:00:00
46.7445,47.241,45.9533,46.188,1603944000,1892550.0,2020-10-29 04:00:00
46.5863,46.8591,46.0352,46.4062,1604030400,2036700.0,2020-10-30 04:00:00
48.4687,48.5124,47.1319,47.2792,1604293200,2248050.0,2020-11-02 05:00:00
50.0783,50.3784,48.8507,49.1562,1604379600,2461350.0,2020-11-03 05:00:00
48.4251,50.9077,48.3487,50.5912,1604466000,2282100.0,2020-11-04 05:00:00
49.4399,49.8219,48.0649,48.6706,1604552400,1827750.0,2020-11-05 05:00:00
49.1562,49.9965,48.9271,49.9965,1604638800,1696800.0,2020-11-06 05:00:00
49.6107,52.4691,49.5176,52.02,1604898000,3680550.0,2020-11-09 05:00:00
49.8955,50.7114,49.1124,49.2219,1604984400,3037200.0,2020-11-10 05:00:00
49.3752,50.3171,49.0741,50.2349,1605070800,2242650.0,2020-11-11 05:00:00
48.7291,49.3643,48.417,49.1453,1605157200,1984200.0,2020-11-12 05:00:00
49.2329,49.3807,48.751,49.1891,1605243600,1906650.0,2020-11-13 05:00:00
49.2383,49.9721,48.187,49.6107,1605502800,2078850.0,2020-11-16 05:00:00
48.636,48.9481,48.2034,48.9481,1605589200,1605750.0,2020-11-17 05:00:00
49.1945,49.8024,48.4006,48.9755,1605675600,1549500.0,2020-11-18 05:00:00
49.3041,49.4081,48.198,48.8879,1605762000,1533300.0,2020-11-19 05:00:00
48.6141,49.1726,48.0556,48.2691,1605848400,2490450.0,2020-11-20 05:00:00
49.0412,49.6819,48.4608,49.6819,1606107600,1716300.0,2020-11-23 05:00:00
49.5067,49.7312,48.6415,48.6415,1606194000,2967150.0,2020-11-24 05:00:00
48.636,49.7038,48.4882,49.6052,1606280400,1957050.0,2020-11-25 05:00:00
48.0446,49.1069,47.9515,48.6524,1606453200,885600.0,2020-11-27 05:00:00
47.6723,48.1322,47.2944,47.7708,1606712400,3139650.0,2020-11-30 05:00:00
47.7927,48.6689,47.7818,48.1596,1606798800,2130000.0,2020-12-01 05:00:00
47.7216,48.187,47.3766,47.6394,1606885200,1891200.0,2020-12-02 05:00:00
47.2287,47.9406,47.1357,47.6887,1606971600,3105450.0,2020-12-03 05:00:00
47.4751,47.853,46.9276,47.2725,1607058000,3064050.0,2020-12-04 05:00:00
47.2616,47.5354,46.955,47.3164,1607317200,2357850.0,2020-12-07 05:00:00
47.3164,47.5628,47.1521,47.1795,1607403600,1327800.0,2020-12-08 05:00:00
47.8475,47.9625,47.1521,47.3164,1607490000,2576400.0,2020-12-09 05:00:00
46.955,47.7161,46.8235,47.4971,1607576400,1553700.0,2020-12-10 05:00:00
46.7962,47.0535,46.369,46.5005,1607662800,1697700.0,2020-12-11 05:00:00
46.2486,47.3273,46.2048,46.9112,1607922000,1634100.0,2020-12-14 05:00:00
47.7982,47.9242,46.8947,47.1795,1608008400,2591850.0,2020-12-15 05:00:00
47.5792,47.957,47.4204,47.5956,1608094800,2119050.0,2020-12-16 05:00:00
47.3473,47.9546,47.0106,47.7393,1608181200,2556450.0,2020-12-17 05:00:00
47.4798,47.789,46.9223,47.6234,1608267600,5576550.0,2020-12-18 05:00:00
47.3915,47.5737,46.4089,46.7567,1608526800,1786200.0,2020-12-21 05:00:00
46.8505,47.3087,46.7346,47.3032,1608613200,1375500.0,2020-12-22 05:00:00
46.972,47.1983,46.7456,46.9333,1608699600,1427100.0,2020-12-23 05:00:00
47.535,47.5847,46.9223,47.1431,1608786000,559500.0,2020-12-24 05:00:00
47.2425,48.0153,47.1321,47.8828,1609131600,880200.0,2020-12-28 05:00:00
47.0989,47.6951,46.5359,47.4798,1609218000,1276350.0,2020-12-29 05:00:00
47.4025,47.5185,47.0161,47.2425,1609304400,842400.0,2020-12-30 05:00:00
47.6289,47.6675,47.1044,47.2259,1609390800,1319700.0,2020-12-31 05:00:00
46.7677,48.2306,46.5193,47.811,1609736400,2526300.0,2021-01-04 05:00:00
47.1707,47.2976,46.4972,46.7622,1609822800,1727250.0,2021-01-05 05:00:00
49.0255,49.6438,47.1265,47.3197,1609909200,3052950.0,2021-01-06 05:00:00
48.7992,49.5886,48.4128,48.4624,1609995600,2577900.0,2021-01-07 05:00:00
48.468,49.1028,47.8055,48.9482,1610082000,1901250.0,2021-01-08 05:00:00
48.6998,48.7274,48.065,48.3134,1610341200,1252800.0,2021-01-11 05:00:00
49.3843,49.4947,48.3962,48.8268,1610427600,1445850.0,2021-01-12 05:00:00
49.1028,49.6272,48.6501,49.5389,1610514000,1736400.0,2021-01-13 05:00:00
49.2739,49.6162,48.9869,49.1304,1610600400,1377150.0,2021-01-14 05:00:00
48.6667,48.9813,47.6841,48.9813,1610686800,1810200.0,2021-01-15 05:00:00
49.2463,49.4506,48.5728,48.6722,1611032400,1940700.0,2021-01-19 05:00:00
49.3457,51.3109,49.2408,50.7257,1611118800,3984600.0,2021-01-20 05:00:00
54.5071,56.9636,50.7202,51.2943,1611205200,12132150.0,2021-01-21 05:00:00
54.5678,55.6167,53.7232,54.1262,1611291600,5181750.0,2021-01-22 05:00:00
54.0655,56.1908,53.9109,55.7547,1611550800,4620750.0,2021-01-25 05:00:00
53.9937,54.1814,51.9402,52.9228,1611637200,4657500.0,2021-01-26 05:00:00
53.2154,54.3912,52.4867,53.3534,1611723600,4785600.0,2021-01-27 05:00:00
51.6421,54.5955,51.5979,53.7895,1611810000,3852000.0,2021-01-28 05:00:00
50.3559,51.747,49.5113,51.2502,1611896400,4598250.0,2021-01-29 05:00:00
50.3338,50.8858,49.986,50.6761,1612155600,2766000.0,2021-02-01 05:00:00
50.7257,50.9631,49.71,50.9245,1612242000,3072600.0,2021-02-02 05:00:00
52.8124,53.0553,50.919,51.2833,1612328400,4891050.0,2021-02-03 05:00:00
53.6018,54.0931,52.8842,53.6239,1612414800,3530100.0,2021-02-04 05:00:00
53.3147,54.3029,53.0718,53.8778,1612501200,2593800.0,2021-02-05 05:00:00
53.5972,53.9406,53.0766,53.9406,1612760400,1816050.0,2021-02-08 05:00:00
55.0594,55.2145,53.1929,53.7855,1612846800,3751800.0,2021-02-09 05:00:00
55.1646,56.1616,54.6219,55.5579,1612933200,2280000.0,2021-02-10 05:00:00
54.6108,55.5136,53.492,55.3751,1613019600,1911600.0,2021-02-11 05:00:00
54.2785,54.8711,53.4532,54.5277,1613106000,1953450.0,2021-02-12 05:00:00
53.7966,54.7659,53.3148,54.6551,1613451600,2354100.0,2021-02-16 05:00:00
53.1984,53.5252,52.3566,53.2594,1613538000,1953000.0,2021-02-17 05:00:00
52.5338,52.9381,51.7418,52.8163,1613624400,2066850.0,2021-02-18 05:00:00
52.7221,53.2815,52.351,52.6058,1613710800,2233800.0,2021-02-19 05:00:00
52.4396,52.9326,51.8913,52.6169,1613970000,2297400.0,2021-02-22 05:00:00
51.6919,52.3621,50.5953,52.1184,1614056400,3315900.0,2021-02-23 05:00:00
52.2181,52.2901,50.7116,50.7227,1614142800,3005850.0,2021-02-24 05:00:00
51.3541,52.5006,51.0384,52.1184,1614229200,2022750.0,2021-02-25 05:00:00
50.3959,51.6199,50.3128,51.4205,1614315600,4063350.0,2021-02-26 05:00:00
51.9079,52.5061,50.7061,50.8667,1614574800,3041400.0,2021-03-01 05:00:00
52.1627,52.4507,51.4095,52.1018,1614661200,3070500.0,2021-03-02 05:00:00
52.7498,53.4311,51.6753,51.8747,1614747600,3019500.0,2021-03-03 05:00:00
51.1768,53.1984,50.6119,52.5615,1614834000,3377400.0,2021-03-04 05:00:00
52.1461,52.2624,49.9306,51.7085,1614920400,2965800.0,2021-03-05 05:00:00
51.7528,52.5116,51.1824,51.6476,1615179600,2634150.0,2021-03-08 05:00:00
52.7443,53.6914,51.9522,52.3289,1615266000,4378650.0,2021-03-09 05:00:00
53.4975,54.0569,53.0711,53.2981,1615352400,2663400.0,2021-03-10 05:00:00
54.14,54.4225,53.4643,53.8631,1615438800,2427600.0,2021-03-11 05:00:00
53.6969,54.1677,53.215,54.1123,1615525200,2241000.0,2021-03-12 05:00:00
55.076,55.0982,53.5585,53.6748,1615780800,2262450.0,2021-03-15 04:00:00
52.999,55.0594,52.8495,54.8323,1615867200,1913250.0,2021-03-16 04:00:00
53.2649,53.6194,52.4618,52.7886,1615953600,1732800.0,2021-03-17 04:00:00
52.6833,53.8575,52.4895,52.9437,1616040000,2800950.0,2021-03-18 04:00:00
52.6501,53.1264,51.8636,52.9104,1616126400,4708650.0,2021-03-19 04:00:00
51.8304,53.0157,51.7529,52.3621,1616385600,2431800.0,2021-03-22 04:00:00
50.4956,51.5756,50.2796,50.9498,1616472000,2679750.0,2021-03-23 04:00:00
50.2297,51.2101,50.2076,50.4513,1616558400,2153550.0,2021-03-24 04:00:00
51.1048,51.3707,49.6316,50.4125,1616644800,3183900.0,2021-03-25 04:00:00
51.8858,51.9412,50.9387,51.0938,1616731200,2301450.0,2021-03-26 04:00:00
51.6144,52.2513,51.1215,51.8969,1616990400,2502600.0,2021-03-29 04:00:00
51.6864,51.8858,51.2765,51.4261,1617076800,1815900.0,2021-03-30 04:00:00
51.4648,52.2569,51.2211,52.0907,1617163200,3570300.0,2021-03-31 04:00:00
50.9719,51.8415,50.5953,51.415,1617249600,2433300.0,2021-04-01 04:00:00
52.0409,52.1793,51.2987,51.4815,1617595200,2564550.0,2021-04-05 04:00:00
51.4261,52.0298,50.9775,51.1436,1617681600,2617950.0,2021-04-06 04:00:00
51.2156,51.631,51.1602,51.3098,1617768000,1611150.0,2021-04-07 04:00:00
51.4205,51.4815,50.7559,51.2821,1617854400,1518000.0,2021-04-08 04:00:00
51.7085,51.8249,51.2101,51.4316,1617940800,1832850.0,2021-04-09 04:00:00
52.7775,52.8163,51.5535,51.5535,1618200000,1955700.0,2021-04-12 04:00:00
52.4618,52.783,52.0021,52.6335,1618286400,3267150.0,2021-04-13 04:00:00
51.8525,52.9935,51.7584,52.855,1618372800,2075100.0,2021-04-14 04:00:00
52.6335,52.6667,51.8027,52.2126,1618459200,2205750.0,2021-04-15 04:00:00
52.5726,53.071,52.0464,52.639,1618545600,1874550.0,2021-04-16 04:00:00
51.703,52.4784,51.3652,52.3787,1618804800,2342250.0,2021-04-19 04:00:00
51.0107,51.9135,50.7947,51.5978,1618891200,3412800.0,2021-04-20 04:00:00
51.8581,51.8913,50.407,51.1104,1618977600,3263250.0,2021-04-21 04:00:00
51.0716,51.9135,50.8611,51.8027,1619064000,2723400.0,2021-04-22 04:00:00
51.703,51.9799,51.1547,51.9799,1619150400,2591100.0,2021-04-23 04:00:00
51.6975,51.9689,51.415,51.7639,1619409600,2630400.0,2021-04-26 04:00:00
50.5565,51.7362,50.0137,51.3319,1619496000,4588350.0,2021-04-27 04:00:00
50.2242,51.3541,49.8753,51.2599,1619582400,4892850.0,2021-04-28 04:00:00
50.8999,50.9221,50.0857,50.4845,1619668800,3772800.0,2021-04-29 04:00:00
49.7811,50.6618,49.698,50.4402,1619755200,4103100.0,2021-04-30 04:00:00
50.2851,50.4845,50.0857,50.2907,1620014400,2006400.0,2021-05-03 04:00:00
49.8808,50.3571,49.3269,50.1688,1620100800,3626850.0,2021-05-04 04:00:00
50.5288,50.7282,49.3713,49.903,1620187200,4849350.0,2021-05-05 04:00:00
51.9135,51.9578,50.7116,50.8279,1620273600,2925000.0,2021-05-06 04:00:00
52.34,52.4286,51.2932,51.7584,1620360000,2977650.0,2021-05-07 04:00:00
53.0212,53.564,52.3787,52.6113,1620619200,3534000.0,2021-05-10 04:00:00
52.671,53.188,52.3486,52.8433,1620705600,3031050.0,2021-05-11 04:00:00
51.0535,52.7377,50.959,52.3208,1620792000,2185800.0,2021-05-12 04:00:00
52.3764,52.8544,50.6589,50.859,1620878400,3670200.0,2021-05-13 04:00:00
52.6154,52.7266,52.0652,52.7155,1620964800,1738350.0,2021-05-14 04:00:00
52.1374,52.8044,51.9484,52.6099,1621224000,1532100.0,2021-05-17 04:00:00
50.6033,52.243,50.5533,52.243,1621310400,2367300.0,2021-05-18 04:00:00
50.7312,50.7534,49.2915,49.9975,1621396800,2953500.0,2021-05-19 04:00:00
50.4755,50.7701,50.3087,50.7311,1621483200,1939950.0,2021-05-20 04:00:00
51.1536,51.2981,50.6144,50.7756,1621569600,3646350.0,2021-05-21 04:00:00
51.048,51.5427,51.0202,51.5427,1621828800,1350900.0,2021-05-24 04:00:00
50.331,51.4037,50.2365,51.0535,1621915200,1220850.0,2021-05-25 04:00:00
50.4644,50.5255,50.0975,50.3254,1622001600,1742700.0,2021-05-26 04:00:00
50.7867,51.1258,50.4588,50.9757,1622088000,2629350.0,2021-05-27 04:00:00
50.8924,50.9868,50.4755,50.9702,1622174400,1759050.0,2021-05-28 04:00:00
51.3926,51.7317,51.1814,51.3203,1622520000,1644450.0,2021-06-01 04:00:00
51.2981,51.7205,51.1036,51.7205,1622606400,1924350.0,2021-06-02 04:00:00
51.7039,52.1374,50.9035,50.909,1622692800,2397900.0,2021-06-03 04:00:00
52.7655,53.0045,51.7205,51.8262,1622779200,2592300.0,2021-06-04 04:00:00
51.8984,52.9656,51.665,52.9434,1623038400,1953600.0,2021-06-07 04:00:00
51.9595,52.1096,51.5316,52.004,1623124800,1768350.0,2021-06-08 04:00:00
51.4649,52.1874,51.4593,52.1874,1623211200,1234650.0,2021-06-09 04:00:00
50.9757,51.9095,50.909,51.8373,1623297600,1984350.0,2021-06-10 04:00:00
51.3426,51.4371,50.859,51.2648,1623384000,1938450.0,2021-06-11 04:00:00
50.62,51.2926,50.3254,51.2259,1623643200,2405700.0,2021-06-14 04:00:00
51.3203,51.337,50.5978,51.1425,1623729600,1927350.0,2021-06-15 04:00:00
50.7812,51.2648,50.5588,51.2258,1623816000,2057700.0,2021-06-16 04:00:00
49.7918,50.9535,49.3082,50.6645,1623902400,2789550.0,2021-06-17 04:00:00
48.38,49.4083,48.3355,49.1804,1623988800,4738350.0,2021-06-18 04:00:00
48.5801,49.236,48.5578,48.6857,1624248000,2897550.0,2021-06-21 04:00:00
48.5634,48.7913,48.0965,48.5467,1624334400,5001000.0,2021-06-22 04:00:00
48.7691,49.2304,48.2521,49.2304,1624420800,3834000.0,2021-06-23 04:00:00
49.1804,49.5973,49.0636,49.2526,1624507200,2585250.0,2021-06-24 04:00:00
49.4583,49.7862,49.1359,49.3527,1624593600,3782700.0,2021-06-25 04:00:00
49.2693,49.6751,49.0748,49.6084,1624852800,2190750.0,2021-06-28 04:00:00
49.0081,49.664,48.7135,49.5028,1624939200,1800450.0,2021-06-29 04:00:00
49.6084,49.714,48.9914,49.2637,1625025600,2261250.0,2021-06-30 04:00:00
49.3527,50.0753,49.2804,49.8029,1625112000,1835700.0,2021-07-01 04:00:00
49.0803,49.4972,48.9358,49.4861,1625198400,2247300.0,2021-07-02 04:00:00
48.2188,48.9803,47.2516,48.9136,1625544000,2911050.0,2021-07-06 04:00:00
48.2799,48.4745,47.7797,48.241,1625630400,2386800.0,2021-07-07 04:00:00
47.6129,48.2243,47.4684,47.8519,1625716800,2321250.0,2021-07-08 04:00:00
48.6357,48.8524,47.813,47.813,1625803200,1972650.0,2021-07-09 04:00:00
49.0859,49.3027,47.9742,48.4467,1626062400,2176050.0,2021-07-12 04:00:00
48.6912,49.8752,48.53,49.8752,1626148800,1850400.0,2021-07-13 04:00:00
48.7746,48.8802,48.4022,48.6912,1626235200,1842750.0,2021-07-14 04:00:00
49.1026,49.5306,48.7135,48.9191,1626321600,2752650.0,2021-07-15 04:00:00
48.6968,49.5194,48.6301,49.0081,1626408000,2798850.0,2021-07-16 04:00:00
48.1965,48.5801,47.9297,48.1799,1626667200,3898500.0,2021-07-19 04:00:00
48.9636,49.3972,48.1021,48.2799,1626753600,2599200.0,2021-07-20 04:00:00
48.9969,49.6528,48.8969,48.9914,1626840000,1934250.0,2021-07-21 04:00:00
48.4356,48.9191,48.2855,48.9191,1626926400,2228550.0,2021-07-22 04:00:00
48.6801,48.8413,48.3966,48.5801,1627012800,1920900.0,2021-07-23 04:00:00
48.3077,48.9692,48.1465,48.619,1627272000,2028750.0,2021-07-26 04:00:00
47.0293,48.5245,46.5624,47.8019,1627358400,5145600.0,2021-07-27 04:00:00
45.9954,46.7958,45.9788,46.7569,1627444800,3849900.0,2021-07-28 04:00:00
46.2956,46.857,46.0788,46.4345,1627531200,7510650.0,2021-07-29 04:00:00
46.1288,46.5735,46.0232,46.051,1627617600,5666250.0,2021-07-30 04:00:00
45.6341,46.8792,45.5674,46.6569,1627876800,4045950.0,2021-08-02 04:00:00
45.4952,46.2678,45.0283,45.7453,1627963200,4812750.0,2021-08-03 04:00:00
45.0783,45.6841,44.9894,45.3562,1628049600,5411400.0,2021-08-04 04:00:00
44.5169,45.3785,44.4669,45.3229,1628136000,4869450.0,2021-08-05 04:00:00
44.4891,45.0172,44.4502,44.856,1628222400,5814900.0,2021-08-06 04:00:00
44.4113,44.9727,44.2056,44.4224,1628481600,5415300.0,2021-08-09 04:00:00
44.3279,44.8838,44.0444,44.4446,1628568000,5142750.0,2021-08-10 04:00:00
46.0121,46.0232,44.4613,44.667,1628654400,3644550.0,2021-08-11 04:00:00
45.5897,46.2456,45.4785,46.0177,1628740800,3454500.0,2021-08-12 04:00:00
45.1005,45.7564,45.0227,45.6786,1628827200,1637400.0,2021-08-13 04:00:00
45.1117,45.334,44.5725,44.9727,1629086400,1744050.0,2021-08-16 04:00:00
44.7321,44.933,44.1237,44.8605,1629172800,2801250.0,2021-08-17 04:00:00
44.5981,44.7823,44.4418,44.5032,1629259200,2968350.0,2021-08-18 04:00:00
44.8605,45.0279,44.2353,44.347,1629345600,6726300.0,2021-08-19 04:00:00
44.8047,45.0335,44.4418,44.8716,1629432000,2639250.0,2021-08-20 04:00:00
44.8772,45.1619,44.587,44.9163,1629691200,2231850.0,2021-08-23 04:00:00
45.6308,45.681,45.0112,45.0782,1629777600,2824200.0,2021-08-24 04:00:00
45.7535,45.9098,45.3684,45.4131,1629864000,2487900.0,2021-08-25 04:00:00
45.4745,45.681,45.3293,45.6587,1629950400,2770950.0,2021-08-26 04:00:00
45.9098,46.0047,45.4354,45.5414,1630036800,2765100.0,2021-08-27 04:00:00
45.7982,46.0382,45.614,46.0159,1630296000,1856400.0,2021-08-30 04:00:00
45.6977,45.8429,45.48,45.7703,1630382400,2865900.0,2021-08-31 04:00:00
46.1387,46.1778,45.6252,45.988,1630468800,2430750.0,2021-09-01 04:00:00
46.8364,46.9983,46.1499,46.2168,1630555200,3655650.0,2021-09-02 04:00:00
47.1267,47.5676,46.6131,46.7248,1630641600,3080100.0,2021-09-03 04:00:00
46.0605,47.1825,45.854,46.7862,1630987200,3771900.0,2021-09-07 04:00:00
45.9378,46.0047,45.3238,45.8484,1631073600,3087000.0,2021-09-08 04:00:00
46.4457,46.5908,45.9489,46.2057,1631160000,5366850.0,2021-09-09 04:00:00
46.669,46.9704,46.3173,46.4903,1631246400,3743250.0,2021-09-10 04:00:00
47.0987,47.4448,46.401,47.2495,1631505600,5179800.0,2021-09-13 04:00:00
46.8476,47.3611,46.5629,47.2885,1631592000,4129200.0,2021-09-14 04:00:00
47.2104,47.629,46.7694,46.9425,1631678400,6230100.0,2021-09-15 04:00:00
46.0159,47.3164,45.9657,47.2774,1631764800,5197500.0,2021-09-16 04:00:00
45.5191,46.708,45.1842,46.708,1631851200,6922950.0,2021-09-17 04:00:00
44.5814,44.9721,44.3302,44.9275,1632110400,8808450.0,2021-09-20 04:00:00
44.079,44.7712,43.9395,44.587,1632196800,4573650.0,2021-09-21 04:00:00
44.3302,45.0,44.2744,44.6037,1632283200,4730400.0,2021-09-22 04:00:00
45.1228,45.508,44.3749,44.4418,1632369600,3102600.0,2021-09-23 04:00:00
44.9498,45.2791,44.7991,44.933,1632456000,1718850.0,2021-09-24 04:00:00
45.5247,45.8708,45.0391,45.0614,1632715200,2349750.0,2021-09-27 04:00:00
45.1117,45.8429,45.0,45.5638,1632801600,2504850.0,2021-09-28 04:00:00
45.2456,45.5694,44.7544,45.0614,1632888000,1766550.0,2021-09-29 04:00:00
44.0511,45.4577,44.0455,45.374,1632974400,2763300.0,2021-09-30 04:00:00
44.347,44.7656,43.8055,44.1907,1633060800,2375250.0,2021-10-01 04:00:00
43.9674,44.693,43.7944,44.386,1633320000,2421150.0,2021-10-04 04:00:00
45.6643,45.9433,43.5153,43.9841,1633406400,5650200.0,2021-10-05 04:00:00
45.681,45.7089,44.7879,45.1563,1633492800,1903650.0,2021-10-06 04:00:00
46.3341,46.5797,46.0494,46.1666,1633579200,3229950.0,2021-10-07 04:00:00
47.3109,47.5453,46.3843,46.602,1633665600,3235650.0,2021-10-08 04:00:00
46.775,47.4113,46.6857,47.3276,1633924800,2332350.0,2021-10-11 04:00:00
46.6522,47.1992,46.5238,46.7639,1634011200,2751450.0,2021-10-12 04:00:00
46.9648,47.1602,46.1666,46.8476,1634097600,2633700.0,2021-10-13 04:00:00
48.2988,48.4607,47.1378,47.216,1634184000,2981850.0,2021-10-14 04:00:00
48.4998,48.8179,48.2374,48.5556,1634270400,2619600.0,2021-10-15 04:00:00
47.8802,48.4495,47.696,47.9193,1634529600,2948550.0,2021-10-18 04:00:00
48.2821,48.2988,47.7518,48.2542,1634616000,1871700.0,2021-10-19 04:00:00
48.5221,48.5835,47.8635,48.003,1634702400,2340600.0,2021-10-20 04:00:00
48.416,48.4663,47.869,48.2653,1634788800,2385900.0,2021-10-21 04:00:00
48.5612,48.9631,48.4216,48.5612,1634875200,1346700.0,2021-10-22 04:00:00
48.6895,48.7733,48.2653,48.7733,1635134400,2941050.0,2021-10-25 04:00:00
48.4942,49.4543,47.2216,47.3388,1635220800,5620350.0,2021-10-26 04:00:00
47.8746,48.4775,46.7918,48.4775,1635307200,3584550.0,2021-10-27 04:00:00
49.9008,50.018,48.3267,49.298,1635393600,3138150.0,2021-10-28 04:00:00
50.0236,50.4534,49.7501,49.7836,1635480000,2564550.0,2021-10-29 04:00:00
50.8441,51.3297,50.0683,50.0794,1635739200,2295150.0,2021-11-01 04:00:00
51.1623,51.2851,50.3641,50.7157,1635825600,2703150.0,2021-11-02 04:00:00
50.5204,51.0116,50.325,50.9111,1635912000,1875750.0,2021-11-03 04:00:00
50.0013,50.7715,49.7892,50.4701,1635998400,2460450.0,2021-11-04 04:00:00
50.2357,50.7771,50.1241,50.4031,1636084800,2360250.0,2021-11-05 04:00:00
49.6385,51.1009,49.1249,50.9278,1636347600,2705700.0,2021-11-08 05:00:00
49.1305,49.9789,49.1138,49.5659,1636434000,2704950.0,2021-11-09 05:00:00
49.9343,50.0459,48.8514,48.9407,1636520400,3557700.0,2021-11-10 05:00:00
50.2022,50.4757,49.6831,49.8561,1636606800,1451400.0,2021-11-11 05:00:00
50.1464,50.4478,49.8171,50.3083,1636693200,1366650.0,2021-11-12 05:00:00
50.0063,50.4209,49.855,50.2304,1636952400,1612500.0,2021-11-15 05:00:00
50.1128,50.6338,50.0175,50.1072,1637038800,2422350.0,2021-11-16 05:00:00
49.8606,50.0511,49.4068,49.9055,1637125200,1567800.0,2021-11-17 05:00:00
48.7344,49.771,48.6336,49.7654,1637211600,2138850.0,2021-11-18 05:00:00
48.3927,48.712,47.8716,48.6672,1637298000,2367300.0,2021-11-19 05:00:00
49.7598,50.505,48.1293,48.3646,1637557200,5142000.0,2021-11-22 05:00:00
50.3929,50.505,49.5133,49.5973,1637643600,2475000.0,2021-11-23 05:00:00
49.7094,50.4994,49.5077,50.3593,1637730000,1690350.0,2021-11-24 05:00:00
48.4879,48.8633,48.1349,48.7008,1637902800,1530900.0,2021-11-26 05:00:00
48.2526,48.7569,47.8772,48.7344,1638162000,2273550.0,2021-11-29 05:00:00
46.7398,48.1854,46.4148,47.9612,1638248400,3786600.0,2021-11-30 05:00:00
46.1963,47.922,46.1403,47.5802,1638334800,3114000.0,2021-12-01 05:00:00
47.0424,47.2833,46.4989,46.6333,1638421200,2918850.0,2021-12-02 05:00:00
48.0005,48.4039,47.569,47.6083,1638507600,3420750.0,2021-12-03 05:00:00
49.0874,49.4852,48.2302,48.3534,1638766800,2814000.0,2021-12-06 05:00:00
49.0874,49.715,48.9305,49.3396,1638853200,2776050.0,2021-12-07 05:00:00
49.8158,49.9559,49.0986,49.0986,1638939600,2571000.0,2021-12-08 05:00:00
49.6477,50.0679,49.3508,49.3508,1639026000,1860900.0,2021-12-09 05:00:00
49.9447,50.4994,49.7822,50.1464,1639112400,2339100.0,2021-12-10 05:00:00
49.5021,50.0175,49.093,49.8887,1639371600,2923800.0,2021-12-13 05:00:00
49.4012,50.4938,49.2779,49.474,1639458000,2223150.0,2021-12-14 05:00:00
49.3564,49.8046,48.6336,49.4124,1639544400,3538350.0,2021-12-15 05:00:00
48.9688,50.029,48.8149,49.8694,1639630800,3936150.0,2021-12-16 05:00:00
47.5951,48.7009,47.0593,48.5926,1639717200,7793850.0,2021-12-17 05:00:00
46.8085,47.5666,46.1986,46.8883,1639976400,3932400.0,2021-12-20 05:00:00
47.5267,47.9314,47.0593,47.2702,1640062800,3144450.0,2021-12-21 05:00:00
48.0283,48.3988,47.7034,48.0169,1640149200,2084550.0,2021-12-22 05:00:00
48.4216,48.8491,48.0397,48.1252,1640235600,1901250.0,2021-12-23 05:00:00
48.9061,48.9574,48.2449,48.6439,1640581200,1197150.0,2021-12-27 05:00:00
49.5331,49.5901,48.7579,48.832,1640667600,1204500.0,2021-12-28 05:00:00
49.9492,50.0575,49.3621,49.5502,1640754000,1172850.0,2021-12-29 05:00:00
49.8295,50.1658,49.8067,50.0347,1640840400,957750.0,2021-12-30 05:00:00
50.3083,50.5306,49.687,49.7212,1640926800,1330950.0,2021-12-31 05:00:00
50.4337,50.8783,50.1259,50.3083,1641186000,2118150.0,2022-01-03 05:00:00
52.8619,53.0101,50.4052,50.6959,1641272400,3666000.0,2022-01-04 05:00:00
53.0557,54.0247,52.8961,53.0557,1641358800,3734250.0,2022-01-05 05:00:00
53.5858,54.0361,52.7878,53.3407,1641445200,2782500.0,2022-01-06 05:00:00
53.2495,53.7853,53.0842,53.4091,1641531600,2507850.0,2022-01-07 05:00:00
52.6453,53.6314,52.3204,53.0215,1641790800,2790600.0,2022-01-10 05:00:00
52.6567,52.7707,51.7219,52.6225,1641877200,2192850.0,2022-01-11 05:00:00
52.7479,52.8505,52.0582,52.6795,1641963600,1726800.0,2022-01-12 05:00:00
54.3325,54.589,52.9303,52.9474,1642050000,2902950.0,2022-01-13 05:00:00
55.0051,55.0564,53.6884,54.0874,1642136400,3235500.0,2022-01-14 05:00:00
54.703,55.0792,53.9962,54.5833,1642482000,2714250.0,2022-01-18 05:00:00
53.6713,54.8854,53.563,54.8854,1642568400,2160600.0,2022-01-19 05:00:00
52.6111,53.905,52.5085,53.7397,1642654800,2072550.0,2022-01-20 05:00:00
52.1893,53.1412,52.081,52.7422,1642741200,2734050.0,2022-01-21 05:00:00
51.9556,52.2748,50.5591,51.6079,1643000400,5370300.0,2022-01-24 05:00:00
53.5516,54.7201,49.9549,52.1779,1643086800,7207800.0,2022-01-25 05:00:00
53.5117,55.6093,52.8619,54.2299,1643173200,4149750.0,2022-01-26 05:00:00
53.1355,54.5434,52.6738,53.6998,1643259600,2784900.0,2022-01-27 05:00:00
53.3863,53.4148,52.0411,52.9246,1643346000,2776200.0,2022-01-28 05:00:00
53.0044,53.1241,52.1893,52.993,1643605200,2896350.0,2022-01-31 05:00:00
54.3382,54.4123,52.5142,52.9075,1643691600,2943000.0,2022-02-01 05:00:00
54.7714,54.8911,53.5573,53.9506,1643778000,2977950.0,2022-02-02 05:00:00
54.0589,55.0564,53.9107,54.7258,1643864400,3016200.0,2022-02-03 05:00:00
53.8822,54.304,52.9075,53.791,1643950800,2024700.0,2022-02-04 05:00:00
53.9451,54.3112,53.4932,54.0767,1644210000,1864950.0,2022-02-07 05:00:00
53.579,54.4542,53.2014,54.3455,1644296400,2681250.0,2022-02-08 05:00:00
54.1625,54.3398,53.6705,54.1053,1644382800,2071800.0,2022-02-09 05:00:00
53.1957,54.3455,52.9039,53.7106,1644469200,2228700.0,2022-02-10 05:00:00
53.0927,54.1682,52.8067,53.2472,1644555600,1990200.0,2022-02-11 05:00:00
53.19,53.5332,52.6122,53.2014,1644814800,1816950.0,2022-02-14 05:00:00
53.9565,54.5057,53.4188,53.6476,1644901200,2460300.0,2022-02-15 05:00:00
54.3341,54.5458,53.3273,53.8822,1644987600,2135100.0,2022-02-16 05:00:00
53.5675,54.5686,53.4417,54.0652,1645074000,2417250.0,2022-02-17 05:00:00
53.6648,54.254,53.2987,53.4303,1645160400,2253000.0,2022-02-18 05:00:00
53.5504,54.2483,53.1957,53.7334,1645506000,2240700.0,2022-02-22 05:00:00
52.2175,53.7849,52.1603,53.6934,1645592400,2365950.0,2022-02-23 05:00:00
52.6008,52.7724,51.1592,51.9257,1645678800,3405450.0,2022-02-24 05:00:00
52.4635,53.2872,52.126,52.8868,1645765200,3029400.0,2022-02-25 05:00:00
52.5207,52.7037,51.5997,51.7484,1646024400,2480700.0,2022-02-28 05:00:00
51.0791,52.5836,50.6157,52.3376,1646110800,2904900.0,2022-03-01 05:00:00
52.4234,52.7266,51.2164,51.3823,1646197200,3483150.0,2022-03-02 05:00:00
52.4349,53.0298,51.8571,52.6008,1646283600,2334750.0,2022-03-03 05:00:00
50.3125,52.023,49.792,52.023,1646370000,4094400.0,2022-03-04 05:00:00
47.5895,50.3011,47.4637,50.221,1646629200,3702000.0,2022-03-07 05:00:00
47.7726,49.443,47.641,47.9442,1646715600,3873750.0,2022-03-08 05:00:00
49.9521,50.507,48.522,48.6936,1646802000,4179600.0,2022-03-09 05:00:00
49.2828,49.5117,48.4934,49.0426,1646888400,2608050.0,2022-03-10 05:00:00
48.9453,50.1409,48.8423,49.5917,1646974800,2051250.0,2022-03-11 05:00:00
49.8606,50.2553,49.3458,49.5174,1647230400,3181950.0,2022-03-14 04:00:00
50.1524,50.5585,49.5574,50.2153,1647316800,2271600.0,2022-03-15 04:00:00
51.6626,52.0516,50.3983,50.5356,1647403200,2940600.0,2022-03-16 04:00:00
51.6397,52.2747,50.6558,50.8903,1647489600,2794200.0,2022-03-17 04:00:00
50.7244,51.3022,49.9407,51.2049,1647576000,4801800.0,2022-03-18 04:00:00
50.753,51.2736,50.0666,50.7759,1647835200,2229450.0,2022-03-21 04:00:00
51.0047,51.5654,50.7301,51.0619,1647921600,1945500.0,2022-03-22 04:00:00
50.3011,50.9532,50.181,50.7473,1648008000,2169000.0,2022-03-23 04:00:00
50.8846,51.4853,50.038,50.3411,1648094400,2158350.0,2022-03-24 04:00:00
50.896,51.2221,50.4613,50.8503,1648180800,1134300.0,2022-03-25 04:00:00
51.0848,51.1535,50.0379,50.7187,1648440000,1764600.0,2022-03-28 04:00:00
52.0287,52.2003,51.0963,51.0963,1648526400,2262150.0,2022-03-29 04:00:00
51.142,52.0173,50.8102,52.0173,1648612800,1883400.0,2022-03-30 04:00:00
50.3812,51.2908,50.3583,51.2736,1648699200,2996250.0,2022-03-31 04:00:00
48.7508,51.0047,48.3103,50.6786,1648785600,2970150.0,2022-04-01 04:00:00
48.3447,48.7279,46.9031,48.3618,1649044800,3493800.0,2022-04-04 04:00:00
47.3893,47.8984,46.8115,47.3722,1649131200,4093650.0,2022-04-05 04:00:00
47.7554,47.887,46.7944,47.1719,1649217600,2985600.0,2022-04-06 04:00:00
47.6353,47.9728,47.0747,47.5266,1649304000,2598150.0,2022-04-07 04:00:00
47.5094,47.927,47.3035,47.7097,1649390400,2486550.0,2022-04-08 04:00:00
47.2406,48.6364,47.1948,47.4351,1649649600,2365500.0,2022-04-11 04:00:00
47.1433,47.9042,46.926,47.0289,1649736000,2685750.0,2022-04-12 04:00:00
47.6181,47.6925,47.0232,47.0919,1649822400,2096700.0,2022-04-13 04:00:00
47.887,48.2245,47.5953,47.6753,1649908800,6718800.0,2022-04-14 04:00:00
47.9614,48.2703,47.5609,47.5953,1650254400,2039850.0,2022-04-18 04:00:00
49.1398,49.2714,47.8985,48.0529,1650340800,1857900.0,2022-04-19 04:00:00
50.1123,50.2897,49.6261,49.6261,1650427200,1986900.0,2022-04-20 04:00:00
50.3983,50.9647,50.1524,50.3869,1650513600,2115900.0,2022-04-21 04:00:00
49.0197,50.1066,48.9396,49.8606,1650600000,2459250.0,2022-04-22 04:00:00
49.3972,49.5574,47.7268,48.8309,1650859200,4128300.0,2022-04-25 04:00:00
47.9499,50.4212,47.069,49.197,1650945600,4432950.0,2022-04-26 04:00:00
48.2474,48.9968,47.784,48.3103,1651032000,3000900.0,2022-04-27 04:00:00
48.6593,48.9739,47.784,48.5735,1651118400,2996100.0,2022-04-28 04:00:00
47.5094,49.1055,47.3893,48.3389,1651204800,2812050.0,2022-04-29 04:00:00
48.0586,48.5106,47.1891,47.7497,1651464000,2657400.0,2022-05-02 04:00:00
48.6707,49.3572,48.1902,48.2646,1651550400,2311650.0,2022-05-03 04:00:00
50.3469,50.4841,48.4934,48.7966,1651636800,2701200.0,2022-05-04 04:00:00
48.7394,49.9121,48.1902,49.7691,1651723200,2782050.0,2022-05-05 04:00:00
48.3389,48.7851,47.4122,48.6307,1651809600,2108100.0,2022-05-06 04:00:00
48.8252,49.1684,47.784,47.9385,1652068800,3342600.0,2022-05-09 04:00:00
48.1015,49.7843,47.8258,49.7786,1652155200,2536500.0,2022-05-10 04:00:00
47.4467,48.5897,47.2859,47.8718,1652241600,2569350.0,2022-05-11 04:00:00
47.9522,48.0843,47.0792,47.3434,1652328000,1752000.0,2022-05-12 04:00:00
48.1015,48.6931,47.8201,48.1302,1652414400,2185800.0,2022-05-13 04:00:00
47.8316,48.2681,47.0562,48.2681,1652673600,2338200.0,2022-05-16 04:00:00
48.8769,48.9975,48.1302,48.538,1652760000,2358300.0,2022-05-17 04:00:00
46.6197,48.762,46.5278,48.6644,1652846400,3701550.0,2022-05-18 04:00:00
46.7633,47.3663,45.7639,46.2004,1652932800,2385900.0,2022-05-19 04:00:00
45.8386,47.0045,44.9024,46.769,1653019200,2494950.0,2022-05-20 04:00:00
47.016,47.5559,46.4417,46.4933,1653278400,2826600.0,2022-05-23 04:00:00
47.2342,47.3204,46.2693,46.8552,1653364800,2447100.0,2022-05-24 04:00:00
47.9694,48.1647,47.0734,47.2572,1653451200,2607450.0,2022-05-25 04:00:00
48.3255,48.8482,48.1245,48.2451,1653537600,3104700.0,2022-05-26 04:00:00
49.2043,49.3191,48.7735,48.8596,1653624000,3520950.0,2022-05-27 04:00:00
49.8762,50.3127,48.4519,49.0894,1653969600,5674950.0,2022-05-31 04:00:00
50.8526,51.0479,49.1066,50.0026,1654056000,3992850.0,2022-06-01 04:00:00
51.0881,51.4614,50.3587,51.1341,1654142400,2536350.0,2022-06-02 04:00:00
50.709,50.979,50.4046,50.8354,1654228800,2854950.0,2022-06-03 04:00:00
50.9101,51.2834,50.8182,51.1168,1654488000,2511750.0,2022-06-06 04:00:00
51.1053,51.3408,49.8935,50.7378,1654574400,4175100.0,2022-06-07 04:00:00
51.3351,51.5993,50.6171,50.8871,1654660800,4465800.0,2022-06-08 04:00:00
50.5597,51.6222,50.5425,51.18,1654747200,2236650.0,2022-06-09 04:00:00
48.8769,49.9394,48.7735,49.9222,1654833600,2609400.0,2022-06-10 04:00:00
47.6593,48.5552,47.4123,48.0441,1655092800,2876100.0,2022-06-13 04:00:00
48.337,48.6931,47.688,48.0039,1655179200,2551200.0,2022-06-14 04:00:00
49.3076,49.9394,48.5782,48.8137,1655265600,3809400.0,2022-06-15 04:00:00
46.8494,48.6816,46.5221,48.584,1655352000,2690250.0,2022-06-16 04:00:00
47.0505,47.3376,46.2693,46.8207,1655438400,4294650.0,2022-06-17 04:00:00
48.538,48.6471,47.4812,48.2221,1655784000,2039550.0,2022-06-21 04:00:00
47.9981,48.3657,47.5731,47.9464,1655870400,2137650.0,2022-06-22 04:00:00
46.8552,48.314,46.4014,48.1072,1655956800,2954700.0,2022-06-23 04:00:00
48.3657,48.5495,47.1136,47.1998,1656043200,3331050.0,2022-06-24 04:00:00
48.1417,48.8309,47.7856,48.6701,1656302400,2202000.0,2022-06-27 04:00:00
47.7914,49.1066,47.7454,48.2738,1656388800,1888950.0,2022-06-28 04:00:00
47.7454,47.9981,47.194,47.889,1656475200,1868550.0,2022-06-29 04:00:00
47.2917,47.9579,46.6944,47.1998,1656561600,2842200.0,2022-06-30 04:00:00
47.6076,47.9062,46.7403,47.2285,1656648000,1693650.0,2022-07-01 04:00:00
47.016,47.0562,45.9649,46.6369,1656993600,2506500.0,2022-07-05 04:00:00
46.7058,47.1309,46.1832,47.016,1657080000,1851750.0,2022-07-06 04:00:00
47.2342,47.9292,46.8092,46.9069,1657166400,2358450.0,2022-07-07 04:00:00
46.5623,47.418,46.1832,47.418,1657252800,2273400.0,2022-07-08 04:00:00
45.5399,46.097,45.4136,45.695,1657512000,3345450.0,2022-07-11 04:00:00
46.1315,46.8092,45.4423,45.5629,1657598400,2504400.0,2022-07-12 04:00:00
45.5572,46.5737,45.2585,45.2585,1657684800,2868000.0,2022-07-13 04:00:00
45.4193,45.4767,44.2247,44.8737,1657771200,2867700.0,2022-07-14 04:00:00
45.9764,46.2062,45.3102,45.9879,1657857600,9470400.0,2022-07-15 04:00:00
46.1258,46.7403,45.8673,46.2923,1658116800,2179950.0,2022-07-18 04:00:00
48.2681,48.3772,46.6254,46.6254,1658203200,3696750.0,2022-07-19 04:00:00
48.4404,48.8137,47.7569,47.8086,1658289600,2220450.0,2022-07-20 04:00:00
48.5323,48.8482,48.0556,48.2508,1658376000,1645050.0,2022-07-21 04:00:00
48.6644,48.9343,48.3772,48.7505,1658462400,1838400.0,2022-07-22 04:00:00
49.411,49.5374,48.5667,48.5667,1658721600,2598300.0,2022-07-25 04:00:00
49.9509,50.5482,48.2049,50.2553,1658808000,5160750.0,2022-07-26 04:00:00
51.157,51.3753,49.836,50.1634,1658894400,2866650.0,2022-07-27 04:00:00
52.254,52.277,51.0307,51.3178,1658980800,2437350.0,2022-07-28 04:00:00
52.5642,52.7422,51.7946,52.1909,1659067200,2645550.0,2022-07-29 04:00:00
52.1679,52.6676,51.8577,52.3057,1659326400,2300100.0,2022-08-01 04:00:00
51.8233,52.4665,51.5361,51.5648,1659412800,2140950.0,2022-08-02 04:00:00
52.1736,52.3172,51.582,52.0875,1659499200,2274600.0,2022-08-03 04:00:00
52.1966,52.3517,51.9381,52.3172,1659585600,3269850.0,2022-08-04 04:00:00
52.3402,52.3861,51.4729,51.7314,1659672000,1297350.0,2022-08-05 04:00:00
52.6044,53.15,52.4034,52.7595,1659931200,1669650.0,2022-08-08 04:00:00
52.478,52.8054,52.2598,52.5986,1660017600,1352250.0,2022-08-09 04:00:00
53.5578,53.598,53.1787,53.3683,1660104000,3422550.0,2022-08-10 04:00:00
53.4142,54.0919,53.1787,53.5291,1660190400,2923800.0,2022-08-11 04:00:00
53.8335,53.8967,53.397,53.845,1660276800,2262750.0,2022-08-12 04:00:00
54.1264,54.6203,53.6439,53.6439,1660536000,2044500.0,2022-08-15 04:00:00
54.6337,54.8354,53.8901,54.0399,1660622400,1539150.0,2022-08-16 04:00:00
53.9074,54.2936,53.8555,53.9823,1660708800,1864050.0,2022-08-17 04:00:00
54.3109,54.38,53.8382,53.9996,1660795200,1778100.0,2022-08-18 04:00:00
53.6249,53.9765,53.4923,53.867,1660881600,1899450.0,2022-08-19 04:00:00
52.155,53.1407,52.0628,53.1407,1661140800,3846900.0,2022-08-22 04:00:00
52.2415,52.7718,52.0974,52.2357,1661227200,2579400.0,2022-08-23 04:00:00
52.7372,52.8064,51.8322,52.3856,1661313600,2649450.0,2022-08-24 04:00:00
53.2906,53.3079,52.7084,52.8871,1661400000,2509500.0,2022-08-25 04:00:00
51.861,53.6018,51.7803,53.2906,1661486400,2647950.0,2022-08-26 04:00:00
51.2327,51.6996,51.1636,51.4748,1661745600,2088600.0,2022-08-29 04:00:00
50.7543,51.25,50.2643,51.0886,1661832000,1792050.0,2022-08-30 04:00:00
50.443,50.8927,50.1375,50.2989,1661918400,2348700.0,2022-08-31 04:00:00
50.42,50.4603,49.9415,50.1375,1662004800,1579350.0,2022-09-01 04:00:00
49.8436,51.1693,49.6937,50.8292,1662091200,1575150.0,2022-09-02 04:00:00
50.0511,50.322,49.5496,49.8493,1662436800,1960800.0,2022-09-06 04:00:00
51.0541,51.2385,49.6476,49.9761,1662523200,2541150.0,2022-09-07 04:00:00
49.7629,50.518,48.8406,50.518,1662609600,3990150.0,2022-09-08 04:00:00
51.0022,51.5728,50.737,50.8408,1662696000,3433050.0,2022-09-09 04:00:00
51.5498,51.7227,51.0022,51.152,1662955200,2066250.0,2022-09-12 04:00:00
49.6072,50.9157,49.3651,50.8062,1663041600,3097050.0,2022-09-13 04:00:00
49.7974,49.9761,49.3248,49.6649,1663128000,2505750.0,2022-09-14 04:00:00
49.3651,50.2643,49.0942,49.7917,1663214400,3176250.0,2022-09-15 04:00:00
49.0769,49.3824,48.3564,48.9155,1663300800,4471350.0,2022-09-16 04:00:00
50.3162,50.3335,48.7829,48.7829,1663560000,2248500.0,2022-09-19 04:00:00
49.8839,50.0857,49.3594,49.9531,1663646400,2070900.0,2022-09-20 04:00:00
49.2614,50.5583,49.2614,50.1548,1663732800,1970250.0,2022-09-21 04:00:00
48.9386,49.6187,48.6965,49.2787,1663819200,1850700.0,2022-09-22 04:00:00
48.3103,48.6042,47.6013,48.512,1663905600,2667450.0,2022-09-23 04:00:00
47.8434,48.829,47.8318,48.097,1664164800,2839050.0,2022-09-26 04:00:00
47.8203,48.3794,47.2439,48.1258,1664251200,2416200.0,2022-09-27 04:00:00
49.1864,49.3882,47.9759,48.1719,1664337600,2723250.0,2022-09-28 04:00:00
48.9213,48.9731,48.0566,48.9213,1664424000,3164550.0,2022-09-29 04:00:00
48.2411,49.296,48.1892,49.0366,1664510400,3161700.0,2022-09-30 04:00:00
49.8493,50.1375,48.6446,48.8867,1664769600,2629350.0,2022-10-03 04:00:00
51.8265,51.959,50.4488,50.5064,1664856000,3919050.0,2022-10-04 04:00:00
52.4029,52.8121,51.0944,51.5786,1664942400,3464400.0,2022-10-05 04:00:00
51.7054,53.0658,51.6881,52.253,1665028800,2750850.0,2022-10-06 04:00:00
50.541,51.3538,50.42,51.1636,1665115200,2817900.0,2022-10-07 04:00:00
50.6563,51.1693,50.2701,51.0195,1665374400,1713900.0,2022-10-10 04:00:00
51.3423,52.0282,50.4661,50.5929,1665460800,2480100.0,2022-10-11 04:00:00
51.0425,52.034,51.0195,51.7285,1665547200,2016450.0,2022-10-12 04:00:00
52.0167,52.2415,49.8609,50.1952,1665633600,2567700.0,2022-10-13 04:00:00
50.8811,52.0743,50.6621,51.9245,1665720000,2380050.0,2022-10-14 04:00:00
51.2154,52.1838,51.0425,51.9129,1665979200,2944350.0,2022-10-17 04:00:00
52.2818,52.6911,51.4575,52.1204,1666065600,2466150.0,2022-10-18 04:00:00
52.3049,52.7949,51.8956,52.23,1666152000,2308050.0,2022-10-19 04:00:00
50.4776,52.4548,50.3335,52.4548,1666238400,2749950.0,2022-10-20 04:00:00
51.9763,52.2472,50.5526,50.6102,1666324800,3138750.0,2022-10-21 04:00:00
53.0427,53.1753,52.3741,52.5066,1666584000,3322650.0,2022-10-24 04:00:00
52.8813,54.7547,51.7054,54.7028,1666670400,4812300.0,2022-10-25 04:00:00
53.4923,54.184,52.9332,53.8612,1666756800,5937450.0,2022-10-26 04:00:00
54.259,54.7605,53.5096,53.9535,1666843200,3519750.0,2022-10-27 04:00:00
55.5098,55.6309,54.2532,54.4896,1666929600,3140850.0,2022-10-28 04:00:00
55.8153,55.9825,54.9334,55.0775,1667188800,3284700.0,2022-10-31 04:00:00
55.8845,56.2304,55.1063,56.0228,1667275200,2388750.0,2022-11-01 04:00:00
55.164,57.0028,55.0372,55.6021,1667361600,3021600.0,2022-11-02 04:00:00
55.9018,56.4379,54.1034,54.6337,1667448000,3919050.0,2022-11-03 04:00:00
57.1353,57.4409,56.6108,56.7664,1667534400,3607200.0,2022-11-04 04:00:00
57.1469,57.5792,56.7837,57.3947,1667797200,3338400.0,2022-11-07 05:00:00
57.9596,58.2594,57.0373,57.2449,1667883600,3663000.0,2022-11-08 05:00:00
57.5043,58.513,57.2852,57.4524,1667970000,4557450.0,2022-11-09 05:00:00
58.7436,59.2739,57.8328,59.2047,1668056400,4568850.0,2022-11-10 05:00:00
59.1528,59.4583,58.5245,58.7436,1668142800,3567900.0,2022-11-11 05:00:00
59.2049,60.0958,58.6727,59.1876,1668402000,2525700.0,2022-11-14 05:00:00
59.4594,60.1131,58.9561,59.5636,1668488400,2712900.0,2022-11-15 05:00:00
59.8181,60.5065,59.2338,59.4594,1668574800,3423750.0,2022-11-16 05:00:00
59.8818,59.9223,58.2214,58.3834,1668661200,3134550.0,2022-11-17 05:00:00
60.09,60.7264,59.7776,60.5181,1668747600,4672350.0,2022-11-18 05:00:00
60.3735,60.6454,59.9801,60.1247,1669006800,2044650.0,2022-11-21 05:00:00
61.3338,61.4669,60.4545,60.5181,1669093200,2927400.0,2022-11-22 05:00:00
61.2586,62.0049,60.8305,61.4553,1669179600,2769000.0,2022-11-23 05:00:00
60.7611,61.438,60.709,61.357,1669352400,1010100.0,2022-11-25 05:00:00
59.9396,60.709,59.6272,60.5702,1669611600,2828700.0,2022-11-28 05:00:00
60.3156,60.7148,59.9165,60.0322,1669698000,2485200.0,2022-11-29 05:00:00
61.2702,61.5595,59.8239,60.2578,1669784400,4588650.0,2022-11-30 05:00:00
61.2933,61.7793,61.0619,61.3917,1669870800,2769750.0,2022-12-01 05:00:00
61.2007,61.3859,60.2057,60.4024,1669957200,3060450.0,2022-12-02 05:00:00
59.795,60.7842,59.6908,60.7784,1670216400,2328300.0,2022-12-05 05:00:00
59.9743,60.2231,59.5057,59.8933,1670302800,3470250.0,2022-12-06 05:00:00
60.4487,60.8768,60.1074,60.1363,1670389200,2991150.0,2022-12-07 05:00:00
59.9396,61.0446,59.6677,60.5818,1670475600,2347350.0,2022-12-08 05:00:00
58.5801,60.1768,58.4528,60.0495,1670562000,4638000.0,2022-12-09 05:00:00
59.5636,59.8066,58.3487,58.8694,1670821200,3148950.0,2022-12-12 05:00:00
59.1355,61.1024,58.2619,60.9867,1670907600,3997350.0,2022-12-13 05:00:00
59.4479,61.0156,59.1297,60.5297,1670994000,3580050.0,2022-12-14 05:00:00
58.2406,59.4598,57.9611,59.4598,1671080400,4172850.0,2022-12-15 05:00:00
58.419,58.6926,57.3842,57.7351,1671166800,7423200.0,2022-12-16 05:00:00
58.9424,59.4538,58.4428,58.4428,1671426000,2984250.0,2022-12-19 05:00:00
59.1208,59.656,58.8472,59.0851,1671512400,3250500.0,2022-12-20 05:00:00
60.0902,60.334,59.4181,59.549,1671598800,2535450.0,2022-12-21 05:00:00
59.3646,60.0545,58.5499,59.888,1671685200,3855900.0,2022-12-22 05:00:00
59.7988,60.1199,59.0554,59.3349,1671771600,2305650.0,2022-12-23 05:00:00
59.662,60.1615,59.5133,59.9118,1672117200,1560150.0,2022-12-27 05:00:00
59.0256,59.9653,58.9721,59.888,1672203600,1534200.0,2022-12-28 05:00:00
58.6331,59.4657,58.4904,59.3884,1672290000,2061600.0,2022-12-29 05:00:00
58.8591,59.0673,58.0443,58.2763,1672376400,1893450.0,2022-12-30 05:00:00
58.538,59.0137,58.086,58.8056,1672722000,2961300.0,2023-01-03 05:00:00
58.4071,59.0851,58.1455,58.9186,1672808400,2649450.0,2023-01-04 05:00:00
58.1514,58.425,57.6637,58.2406,1672894800,2613450.0,2023-01-05 05:00:00
59.662,59.8344,58.5736,58.5736,1672981200,2392200.0,2023-01-06 05:00:00
59.3468,60.1675,59.1921,59.6263,1673240400,2710500.0,2023-01-09 05:00:00
59.7631,59.7869,58.4487,58.7342,1673326800,2758200.0,2023-01-10 05:00:00
60.1021,60.1496,59.1327,59.8225,1673413200,3378300.0,2023-01-11 05:00:00
60.2983,60.6016,59.6322,59.7512,1673499600,2907600.0,2023-01-12 05:00:00
61.0596,61.125,59.8047,59.995,1673586000,2554200.0,2023-01-13 05:00:00
60.4292,61.4223,60.3816,61.2558,1673931600,3225750.0,2023-01-17 05:00:00
59.317,60.9882,59.2457,60.6908,1674018000,3540450.0,2023-01-18 05:00:00
58.2882,59.1862,57.7886,59.1862,1674104400,3144150.0,2023-01-19 05:00:00
58.9899,59.1505,57.8897,58.199,1674190800,3327600.0,2023-01-20 05:00:00
60.8098,61.2915,58.9126,59.3587,1674450000,5964000.0,2023-01-23 05:00:00
66.0611,66.2752,61.5532,62.4452,1674536400,11576700.0,2023-01-24 05:00:00
65.9006,66.2039,65.0085,65.8946,1674622800,4023450.0,2023-01-25 05:00:00
66.745,67.1376,65.7638,66.5488,1674709200,4010100.0,2023-01-26 05:00:00
65.7935,66.751,64.7944,66.6083,1674795600,4204650.0,2023-01-27 05:00:00
64.6933,66.0492,64.5862,65.6508,1675054800,3973950.0,2023-01-30 05:00:00
65.0085,65.2107,64.3483,64.9906,1675141200,4150050.0,2023-01-31 05:00:00
66.2277,66.6618,64.0926,64.5743,1675227600,3873600.0,2023-02-01 05:00:00
66.3763,66.6023,65.3118,66.1979,1675314000,2944800.0,2023-02-02 05:00:00
65.5259,66.2336,65.407,65.9244,1675400400,2422950.0,2023-02-03 05:00:00
65.6805,65.8946,65.175,65.401,1675659600,3402300.0,2023-02-06 05:00:00
65.5913,65.9065,64.5089,65.4843,1675746000,3047550.0,2023-02-07 05:00:00
64.1848,65.8351,64.1491,65.5675,1675832400,3029700.0,2023-02-08 05:00:00
65.1304,66.4417,64.8271,65.4694,1675918800,4412600.0,2023-02-09 05:00:00
65.1125,65.737,64.6219,65.5853,1676005200,2291400.0,2023-02-10 05:00:00
65.3453,65.6138,64.6202,65.0051,1676264400,1885800.0,2023-02-13 05:00:00
65.5243,66.2494,64.5844,65.2647,1676350800,2679600.0,2023-02-14 05:00:00
67.055,67.1445,65.3542,65.5154,1676437200,2850700.0,2023-02-15 05:00:00
67.0192,67.4668,64.7366,66.5448,1676523600,2142400.0,2023-02-16 05:00:00
67.7532,68.1381,67.1177,67.1893,1676610000,2597100.0,2023-02-17 05:00:00
66.1151,67.6995,65.8466,67.4578,1676955600,2725600.0,2023-02-21 05:00:00
65.4348,67.1177,65.22,66.4463,1677042000,2383200.0,2023-02-22 05:00:00
65.7392,66.1599,65.5422,65.8645,1677128400,2003000.0,2023-02-23 05:00:00
64.7187,65.1036,64.2264,64.7187,1677214800,2483900.0,2023-02-24 05:00:00
64.5486,65.1573,63.8146,65.1573,1677474000,2717000.0,2023-02-27 05:00:00
64.6292,64.8888,64.2174,64.6023,1677560400,3346400.0,2023-02-28 05:00:00
65.3901,65.4527,64.289,64.4233,1677646800,3957600.0,2023-03-01 05:00:00
66.9476,67.1177,65.0141,65.2468,1677733200,3231300.0,2023-03-02 05:00:00
68.2008,68.344,66.6074,67.1356,1677819600,3803800.0,2023-03-03 05:00:00
68.2814,68.5947,68.0397,68.2008,1678078800,5566400.0,2023-03-06 05:00:00
67.8427,68.6752,67.7353,68.2455,1678165200,3719000.0,2023-03-07 05:00:00
67.9949,68.4514,67.5473,68.2008,1678251600,2072600.0,2023-03-08 05:00:00
66.5179,68.4783,66.4553,68.2545,1678338000,2511400.0,2023-03-09 05:00:00
64.7366,66.867,64.5665,66.7775,1678424400,3040800.0,2023-03-10 05:00:00
63.931,65.1036,63.6087,64.0026,1678680000,3351000.0,2023-03-13 04:00:00
64.9425,65.6407,64.2622,64.3338,1678766400,2957300.0,2023-03-14 04:00:00
63.2775,64.1906,62.2929,64.1548,1678852800,4642800.0,2023-03-15 04:00:00
63.4207,63.6087,62.087,62.7583,1678939200,3886900.0,2023-03-16 04:00:00
61.4872,62.9732,61.0665,62.8836,1679025600,5872200.0,2023-03-17 04:00:00
62.9732,63.0537,61.9795,62.3734,1679284800,3082000.0,2023-03-20 04:00:00
63.9489,64.1906,63.5102,63.6535,1679371200,3115700.0,2023-03-21 04:00:00
62.9642,64.3159,62.9284,63.8594,1679457600,2436800.0,2023-03-22 04:00:00
62.4898,64.1995,62.1407,62.8657,1679544000,3138800.0,2023-03-23 04:00:00
62.5703,62.5882,61.1292,61.9975,1679630400,2487800.0,2023-03-24 04:00:00
63.5013,63.6893,62.6062,63.1253,1679889600,2439800.0,2023-03-27 04:00:00
64.3069,64.3606,63.4565,63.5013,1679976000,1797600.0,2023-03-28 04:00:00
64.7634,65.0857,64.3964,64.9693,1680062400,2227100.0,2023-03-29 04:00:00
64.6381,65.3811,64.4412,65.2558,1680148800,1858600.0,2023-03-30 04:00:00
65.5243,65.6317,64.468,64.5934,1680235200,3008800.0,2023-03-31 04:00:00
65.3811,66.2136,64.8261,65.587,1680494400,2379200.0,2023-04-03 04:00:00
63.376,65.4885,63.1611,65.3632,1680580800,2356000.0,2023-04-04 04:00:00
61.2993,63.0716,60.4041,62.9732,1680667200,4036400.0,2023-04-05 04:00:00
61.3082,61.9706,60.8696,61.4067,1680753600,2487600.0,2023-04-06 04:00:00
62.3734,62.3913,60.9591,61.1292,1681099200,1790700.0,2023-04-10 04:00:00
63.5908,64.0831,62.5345,62.6062,1681185600,3161900.0,2023-04-11 04:00:00
64.5486,65.032,64.1637,64.1637,1681272000,2555900.0,2023-04-12 04:00:00
64.0831,64.8888,63.367,64.5486,1681358400,2466100.0,2023-04-13 04:00:00
65.0947,65.1931,64.1368,64.1458,1681444800,2347000.0,2023-04-14 04:00:00
65.578,65.8555,65.1394,65.1663,1681704000,2670700.0,2023-04-17 04:00:00
65.4169,66.2852,65.2737,65.9092,1681790400,2592700.0,2023-04-18 04:00:00
65.2647,65.6049,64.5665,65.3901,1681876800,2182900.0,2023-04-19 04:00:00
64.9693,65.6317,64.6202,64.7903,1681963200,4513900.0,2023-04-20 04:00:00
65.4796,65.6407,64.0921,64.6829,1682049600,10063200.0,2023-04-21 04:00:00
66.0346,66.8044,65.6944,65.6944,1682308800,4446000.0,2023-04-24 04:00:00
66.9565,67.789,65.0767,67.3683,1682395200,6266400.0,2023-04-25 04:00:00
65.4348,67.3683,65.1394,66.6701,1682481600,4119200.0,2023-04-26 04:00:00
65.945,66.0704,64.2353,65.5959,1682568000,2942000.0,2023-04-27 04:00:00
66.8581,67.234,65.945,66.1061,1682654400,2316900.0,2023-04-28 04:00:00
66.9476,67.7622,66.697,66.8581,1682913600,2066100.0,2023-05-01 04:00:00
64.8351,66.5895,64.1995,66.3031,1683000000,3991100.0,2023-05-02 04:00:00
64.1189,65.8824,64.0294,64.9604,1683086400,2932700.0,2023-05-03 04:00:00
63.5729,64.1011,62.6241,63.9757,1683172800,2395300.0,2023-05-04 04:00:00
65.1305,65.2737,64.2801,64.3338,1683259200,2402100.0,2023-05-05 04:00:00
65.1484,65.7034,64.3159,65.5512,1683518400,2144300.0,2023-05-08 04:00:00
65.6407,65.7302,64.4054,64.9514,1683604800,2134800.0,2023-05-09 04:00:00
64.7455,66.1688,63.7877,65.8645,1683691200,2289900.0,2023-05-10 04:00:00
64.844,64.9425,63.8414,64.0115,1683777600,1782900.0,2023-05-11 04:00:00
65.1036,65.6765,64.5307,65.4796,1683864000,1730700.0,2023-05-12 04:00:00
65.1663,65.7213,64.5576,65.3005,1684123200,1992000.0,2023-05-15 04:00:00
63.3428,65.0495,63.3159,64.9866,1684209600,2977800.0,2023-05-16 04:00:00
64.2501,64.7172,63.5674,63.8998,1684296000,2250000.0,2023-05-17 04:00:00
64.3219,64.4836,63.3249,63.9357,1684382400,2735000.0,2023-05-18 04:00:00
64.4477,65.4178,63.9626,65.0315,1684468800,2105300.0,2023-05-19 04:00:00
64.1243,64.9327,63.9536,64.5555,1684728000,1950100.0,2023-05-22 04:00:00
64.1243,64.5914,63.4147,64.0435,1684814400,2553400.0,2023-05-23 04:00:00
63.271,64.3579,63.0375,64.2231,1684900800,2263000.0,2023-05-24 04:00:00
63.792,63.8638,62.6962,63.1093,1684987200,2460000.0,2023-05-25 04:00:00
64.0884,64.3848,63.6662,64.1782,1685073600,1880900.0,2023-05-26 04:00:00
63.9177,64.1423,63.1453,64.0345,1685419200,1782100.0,2023-05-30 04:00:00
61.7799,63.7111,61.5644,63.7111,1685505600,5249300.0,2023-05-31 04:00:00
62.8937,62.9207,61.4386,61.9686,1685592000,2205000.0,2023-06-01 04:00:00
65.8399,65.9297,63.2081,63.6213,1685678400,2638500.0,2023-06-02 04:00:00
65.8669,67.0256,65.2471,66.0016,1685937600,2429200.0,2023-06-05 04:00:00
66.9986,67.2951,65.6154,66.0196,1686024000,2104100.0,2023-06-06 04:00:00
68.4358,68.5167,66.7292,67.2142,1686110400,2143900.0,2023-06-07 04:00:00
68.9029,69.0825,68.0765,68.3909,1686196800,1893300.0,2023-06-08 04:00:00
69.0107,69.5047,68.6604,68.7412,1686283200,1743400.0,2023-06-09 04:00:00
69.846,70.0346,68.5795,69.0107,1686542400,1943400.0,2023-06-12 04:00:00
71.391,71.7233,70.0796,70.3939,1686628800,2575400.0,2023-06-13 04:00:00
70.1155,71.9928,69.7292,71.8311,1686715200,2266600.0,2023-06-14 04:00:00
71.0317,71.1664,69.8101,70.3131,1686801600,1792200.0,2023-06-15 04:00:00
70.6275,71.355,70.4838,71.355,1686888000,3946800.0,2023-06-16 04:00:00
69.855,70.376,69.0556,70.2862,1687233600,2463800.0,2023-06-20 04:00:00
70.5287,70.8071,69.2442,69.7472,1687320000,2292600.0,2023-06-21 04:00:00
70.1604,70.5556,69.7292,70.5107,1687406400,1465600.0,2023-06-22 04:00:00
70.4568,70.5915,69.1005,69.7562,1687492800,2588900.0,2023-06-23 04:00:00
71.1484,71.6425,70.5826,70.8341,1687752000,1782900.0,2023-06-26 04:00:00
72.1814,72.2263,70.8879,71.364,1687838400,1759500.0,2023-06-27 04:00:00
72.4688,72.5587,71.8131,72.1814,1687924800,1817600.0,2023-06-28 04:00:00
74.2024,74.7952,72.4329,72.7473,1688011200,2257000.0,2023-06-29 04:00:00
75.1366,76.5108,74.8491,75.0288,1688097600,2980400.0,2023-06-30 04:00:00
75.1276,75.4599,74.4988,74.9749,1688356800,907100.0,2023-07-03 04:00:00
73.906,74.6964,73.6275,74.5168,1688529600,2804600.0,2023-07-05 04:00:00
73.4928,73.7623,72.6754,73.3401,1688616000,1802500.0,2023-07-06 04:00:00
73.933,74.9929,73.4838,73.4838,1688702400,1802600.0,2023-07-07 04:00:00
75.9989,76.3941,74.2743,74.3461,1688961600,3932700.0,2023-07-10 04:00:00
77.3642,77.5528,76.2324,76.3582,1689048000,2490100.0,2023-07-11 04:00:00
77.454,78.8912,77.3821,78.0558,1689134400,3184000.0,2023-07-12 04:00:00
77.0408,77.7594,77.0138,77.2833,1689220800,2127400.0,2023-07-13 04:00:00
76.942,77.2025,76.0079,77.2025,1689307200,1851900.0,2023-07-14 04:00:00
78.6486,78.8822,77.1576,77.7594,1689566400,3172300.0,2023-07-17 04:00:00
80.3193,80.463,78.5947,78.7295,1689652800,2736300.0,2023-07-18 04:00:00
79.951,80.0948,78.9181,79.1965,1689739200,2694500.0,2023-07-19 04:00:00
79.7894,80.8852,79.4031,80.7864,1689825600,2972500.0,2023-07-20 04:00:00
78.963,80.3463,78.8552,79.8343,1689912000,9949800.0,2023-07-21 04:00:00
79.6726,79.9151,79.0888,79.1247,1690171200,3490800.0,2023-07-24 04:00:00
77.5258,77.8402,72.9179,74.8401,1690257600,5091300.0,2023-07-25 04:00:00
75.9989,77.9749,75.2982,77.8312,1690344000,3380500.0,2023-07-26 04:00:00
76.6636,76.8342,75.424,76.3851,1690430400,3058000.0,2023-07-27 04:00:00
76.6546,77.1037,75.954,76.4749,1690516800,2922200.0,2023-07-28 04:00:00
77.3642,77.3821,76.4929,77.0139,1690776000,2707100.0,2023-07-31 04:00:00
77.6336,78.3432,77.0408,77.1037,1690862400,1967000.0,2023-08-01 04:00:00
77.3103,77.7234,76.7354,77.5258,1690948800,2166700.0,2023-08-02 04:00:00
76.2504,77.1935,75.3431,76.951,1691035200,2928400.0,2023-08-03 04:00:00
75.3611,76.8073,74.9569,76.421,1691121600,2693600.0,2023-08-04 04:00:00
76.0258,76.3222,75.7563,75.8551,1691380800,1719600.0,2023-08-07 04:00:00
76.7264,76.8342,74.912,75.2354,1691467200,1915200.0,2023-08-08 04:00:00
76.7264,77.5887,76.6007,76.7983,1691553600,1763300.0,2023-08-09 04:00:00
76.7803,77.7055,76.2953,77.1845,1691640000,1450500.0,2023-08-10 04:00:00
77.0857,77.2294,76.3851,76.6366,1691726400,1202600.0,2023-08-11 04:00:00
77.2474,77.3193,76.1695,76.7534,1691985600,1370300.0,2023-08-14 04:00:00
76.412,77.0228,76.2054,76.8612,1692072000,1401000.0,2023-08-15 04:00:00
76.1958,77.4573,76.0877,76.4391,1692158400,1859400.0,2023-08-16 04:00:00
75.4659,76.8896,75.4209,76.8536,1692244800,1423800.0,2023-08-17 04:00:00
76.2859,76.4391,74.7991,74.9793,1692331200,1850800.0,2023-08-18 04:00:00
76.2138,76.5292,75.4479,76.1868,1692590400,1428900.0,2023-08-21 04:00:00
76.5292,76.6193,75.9345,76.5021,1692676800,1599400.0,2023-08-22 04:00:00
77.178,77.3402,76.349,76.5923,1692763200,1389700.0,2023-08-23 04:00:00
75.8984,77.5114,75.8714,76.7995,1692849600,1533800.0,2023-08-24 04:00:00
76.394,76.6463,75.5019,76.0967,1692936000,1554500.0,2023-08-25 04:00:00
76.7545,77.3221,76.367,76.8265,1693195200,1034200.0,2023-08-28 04:00:00
74.6639,76.1868,73.4024,76.1057,1693281600,3803700.0,2023-08-29 04:00:00
74.5378,74.7,73.6367,74.4567,1693368000,4009300.0,2023-08-30 04:00:00
74.1503,75.3307,74.0512,74.8802,1693454400,3128800.0,2023-08-31 04:00:00
75.2587,75.3668,74.3756,74.6459,1693540800,2321400.0,2023-09-01 04:00:00
73.5826,75.6191,73.5105,75.3037,1693886400,2620900.0,2023-09-05 04:00:00
74.5648,74.7901,73.5826,73.8349,1693972800,2669200.0,2023-09-06 04:00:00
74.8352,75.1956,73.6818,74.5648,1694059200,2338400.0,2023-09-07 04:00:00
76.1507,77.1059,74.8171,74.9883,1694145600,3022600.0,2023-09-08 04:00:00
76.7905,76.9166,76.2138,76.5382,1694404800,1842600.0,2023-09-11 04:00:00
76.7905,77.7096,76.4301,76.5652,1694491200,1751000.0,2023-09-12 04:00:00
75.0424,77.7637,74.4927,77.214,1694577600,2972700.0,2023-09-13 04:00:00
77.3762,77.4753,75.4028,75.6551,1694664000,2129700.0,2023-09-14 04:00:00
76.7905,77.3762,76.4661,77.3762,1694750400,3636900.0,2023-09-15 04:00:00
77.7546,77.7997,76.6914,76.8626,1695009600,1308000.0,2023-09-18 04:00:00
76.7454,78.2142,76.2138,77.7547,1695096000,1878300.0,2023-09-19 04:00:00
76.8175,78.3944,76.8085,76.8355,1695182400,1610500.0,2023-09-20 04:00:00
75.52,76.5112,75.3398,76.5112,1695268800,1825200.0,2023-09-21 04:00:00
76.5292,77.2591,75.4929,75.6912,1695355200,2080100.0,2023-09-22 04:00:00
77.0068,77.178,76.1507,76.2949,1695614400,1298500.0,2023-09-25 04:00:00
75.565,77.0698,75.4028,76.4751,1695700800,1946900.0,2023-09-26 04:00:00
76.4211,76.8265,75.4659,76.0786,1695787200,1538700.0,2023-09-27 04:00:00
77.232,77.9078,76.5923,76.6013,1695873600,1917400.0,2023-09-28 04:00:00
76.6103,77.4843,76.1237,77.4843,1695960000,2006200.0,2023-09-29 04:00:00
76.376,77.1239,75.7453,76.6553,1696219200,1725900.0,2023-10-02 04:00:00
75.7272,76.6463,75.3217,75.9795,1696305600,1980100.0,2023-10-03 04:00:00
78.0971,78.3043,75.7633,75.8534,1696392000,3232600.0,2023-10-04 04:00:00
77.7006,78.4845,76.8716,77.8087,1696478400,3487800.0,2023-10-05 04:00:00
78.827,79.2234,76.6644,77.5384,1696564800,2443900.0,2023-10-06 04:00:00
78.7909,79.0522,77.7366,78.6647,1696824000,1361600.0,2023-10-09 04:00:00
78.1872,78.9982,77.9619,78.9351,1696910400,3131500.0,2023-10-10 04:00:00
78.1061,78.1872,76.8896,78.1872,1696996800,2960000.0,2023-10-11 04:00:00
76.8626,78.1692,76.0516,78.1061,1697083200,1957700.0,2023-10-12 04:00:00
75.4839,77.241,74.9883,76.8626,1697169600,2603600.0,2023-10-13 04:00:00
76.6733,77.223,76.0786,76.5652,1697428800,2151100.0,2023-10-16 04:00:00
76.5833,77.0248,76.1147,76.3039,1697515200,2009600.0,2023-10-17 04:00:00
75.3758,76.6463,74.6279,76.1507,1697601600,2043900.0,2023-10-18 04:00:00
74.3846,75.9255,74.0872,75.565,1697688000,2445200.0,2023-10-19 04:00:00
73.5105,74.6729,73.2763,74.3846,1697774400,3236800.0,2023-10-20 04:00:00
73.3123,74.4927,73.2583,73.5286,1698033600,2805100.0,2023-10-23 04:00:00
76.4391,76.6553,73.3213,74.8081,1698120000,4547900.0,2023-10-24 04:00:00
76.1687,77.5204,75.8263,77.2951,1698206400,2769600.0,2023-10-25 04:00:00
75.6101,77.3041,75.565,76.8806,1698292800,2639900.0,2023-10-26 04:00:00
75.0514,76.1507,74.709,75.7903,1698379200,2026600.0,2023-10-27 04:00:00
75.3488,76.0336,74.6099,75.4749,1698638400,2217300.0,2023-10-30 04:00:00
74.3666,75.2136,74.1143,74.9793,1698724800,2716300.0,2023-10-31 04:00:00
74.9252,75.3127,72.9338,74.5378,1698811200,2954300.0,2023-11-01 04:00:00
76.0426,76.8536,74.9523,75.8714,1698897600,2066700.0,2023-11-02 04:00:00
78.2142,78.6918,76.367,76.8716,1698984000,2463400.0,2023-11-03 04:00:00
77.8267,78.5296,77.3041,78.2953,1699246800,1451600.0,2023-11-06 05:00:00
77.9078,78.1421,76.7184,77.6015,1699333200,1964200.0,2023-11-07 05:00:00
78.025,78.5026,77.5024,78.0881,1699419600,1758700.0,2023-11-08 05:00:00
77.4753,78.8179,77.2861,78.1421,1699506000,1582500.0,2023-11-09 05:00:00
79.5298,79.656,77.8628,77.9259,1699592400,2033000.0,2023-11-10 05:00:00
79.2595,79.9533,78.9171,79.4757,1699851600,1637300.0,2023-11-13 05:00:00
81.953,82.3326,80.4164,80.5791,1699938000,2159500.0,2023-11-14 05:00:00
81.7541,82.7032,81.6186,82.2784,1700024400,1859400.0,2023-11-15 05:00:00
82.1699,82.8297,81.6095,81.8355,1700110800,2073800.0,2023-11-16 05:00:00
82.5766,82.893,82.2332,82.4591,1700197200,2163900.0,2023-11-17 05:00:00
83.0105,83.2907,82.0162,82.4411,1700456400,1883000.0,2023-11-20 05:00:00
82.6399,82.8026,82.0253,82.6128,1700542800,1779500.0,2023-11-21 05:00:00
82.4682,82.7665,81.7541,82.5043,1700629200,1566800.0,2023-11-22 05:00:00
83.1551,83.1641,82.3597,82.3597,1700802000,654200.0,2023-11-24 05:00:00
82.9201,83.1822,82.4772,82.7122,1701061200,1296800.0,2023-11-27 05:00:00
82.197,83.2365,82.0976,83.0647,1701147600,2596700.0,2023-11-28 05:00:00
82.5314,83.0376,81.9439,82.7032,1701234000,1510600.0,2023-11-29 05:00:00
82.9924,83.3359,82.5134,82.9472,1701320400,2554600.0,2023-11-30 05:00:00
84.2217,84.4115,82.9111,83.0918,1701406800,1963600.0,2023-12-01 05:00:00
84.7097,85.5865,82.9743,83.372,1701666000,3473300.0,2023-12-04 05:00:00
84.8453,85.2973,83.9415,84.2217,1701752400,2536800.0,2023-12-05 05:00:00
85.6136,86.5265,85.1526,85.6678,1701838800,2261400.0,2023-12-06 05:00:00
86.3367,86.4452,85.2701,85.939,1701925200,2095300.0,2023-12-07 05:00:00
86.2102,86.87,85.7582,86.0475,1702011600,2186200.0,2023-12-08 05:00:00
88.515,88.7138,86.9513,87.3852,1702270800,2524000.0,2023-12-11 05:00:00
88.2438,88.9579,88.1444,88.8223,1702357200,2122700.0,2023-12-12 05:00:00
88.6325,89.0031,87.3219,88.6054,1702443600,2970700.0,2023-12-13 05:00:00
89.5201,89.8191,88.455,88.8194,1702530000,4213000.0,2023-12-14 05:00:00
89.9312,90.1088,89.408,89.5201,1702616400,6229400.0,2023-12-15 05:00:00
89.4641,90.2583,89.0343,89.8378,1702875600,2119100.0,2023-12-18 05:00:00
90.4078,90.4264,89.6976,89.8285,1702962000,2053900.0,2023-12-19 05:00:00
89.6042,91.0338,89.5762,89.978,1703048400,2292900.0,2023-12-20 05:00:00
90.5386,90.5946,89.9686,90.4638,1703134800,1225700.0,2023-12-21 05:00:00
91.0711,91.4168,90.6133,90.7161,1703221200,1118500.0,2023-12-22 05:00:00
91.3047,91.5944,90.9123,91.0712,1703566800,883300.0,2023-12-26 05:00:00
91.3701,91.7532,91.0992,91.3047,1703653200,1110200.0,2023-12-27 05:00:00
91.4075,91.6411,91.2113,91.4262,1703739600,840600.0,2023-12-28 05:00:00
91.2393,91.6878,90.8469,91.4075,1703826000,1174900.0,2023-12-29 05:00:00
90.4265,91.4449,90.0807,90.66,1704171600,2290600.0,2024-01-02 05:00:00
88.6979,90.2489,88.2588,90.2489,1704258000,2835800.0,2024-01-03 05:00:00
87.6234,88.5297,86.605,88.2214,1704344400,3393400.0,2024-01-04 05:00:00
87.4459,88.212,87.2497,87.2964,1704430800,1792800.0,2024-01-05 05:00:00
89.4641,89.5108,87.1188,87.9037,1704690000,2349600.0,2024-01-08 05:00:00
88.5951,88.8381,87.5487,88.5484,1704776400,1930200.0,2024-01-09 05:00:00
88.3896,88.5951,87.857,88.3802,1704862800,1446900.0,2024-01-10 05:00:00
88.3896,88.81,87.4832,88.455,1704949200,1812800.0,2024-01-11 05:00:00
87.8757,89.1371,87.7168,88.9222,1705035600,1966100.0,2024-01-12 05:00:00
87.8757,88.128,86.8572,87.4926,1705381200,3323900.0,2024-01-16 05:00:00
87.9037,88.3896,87.0628,87.5674,1705467600,2425900.0,2024-01-17 05:00:00
89.1184,89.2772,88.0906,88.0906,1705554000,2401500.0,2024-01-18 05:00:00
89.9406,90.3797,88.5858,89.6136,1705640400,3234400.0,2024-01-19 05:00:00
90.7161,91.3795,89.8004,90.006,1705899600,2931300.0,2024-01-22 05:00:00
94.3788,94.6591,89.9593,91.3795,1705986000,5705600.0,2024-01-23 05:00:00
94.2106,95.5093,93.4444,95.1449,1706072400,3385200.0,2024-01-24 05:00:00
95.3131,96.6118,94.7992,95.5,1706158800,2280100.0,2024-01-25 05:00:00
95.0795,96.5651,94.7525,94.8273,1706245200,2058100.0,2024-01-26 05:00:00
94.7338,95.3411,94.0517,94.7712,1706504400,1833100.0,2024-01-29 05:00:00
95.2757,95.5373,93.8555,94.033,1706590800,1713000.0,2024-01-30 05:00:00
93.7995,95.4906,93.4444,95.257,1706677200,2070200.0,2024-01-31 05:00:00
95.3224,95.5187,93.9583,94.5936,1706763600,1725100.0,2024-02-01 05:00:00
96.3502,96.752,94.7245,95.0702,1706850000,1665100.0,2024-02-02 05:00:00
97.322,97.5182,95.4906,95.6775,1707109200,2589300.0,2024-02-05 05:00:00
97.3874,98.1068,96.8267,97.7611,1707195600,2120900.0,2024-02-06 05:00:00
98.1629,98.6768,97.079,97.976,1707282000,1885200.0,2024-02-07 05:00:00
98.6768,99.2561,97.7611,98.2937,1707368400,2223600.0,2024-02-08 05:00:00
99.0505,99.1159,98.0694,99.0131,1707454800,1474700.0,2024-02-09 05:00:00
99.0599,99.4243,98.2937,98.9384,1707714000,1378200.0,2024-02-12 05:00:00
98.2843,98.4806,97.1444,98.2189,1707800400,2295800.0,2024-02-13 05:00:00
99.9237,100.392,98.6965,98.6965,1707886800,2048300.0,2024-02-14 05:00:00
101.2257,101.7129,99.8862,100.4201,1707973200,1524800.0,2024-02-15 05:00:00
100.9541,101.7972,100.6824,101.3288,1708059600,2594300.0,2024-02-16 05:00:00
100.6169,101.4412,100.186,100.7105,1708405200,2322900.0,2024-02-20 05:00:00
101.7972,101.8346,100.2421,100.6262,1708491600,1673300.0,2024-02-21 05:00:00
103.5302,103.6707,102.0876,102.2843,1708578000,2020700.0,2024-02-22 05:00:00
103.7737,103.9985,103.1555,103.858,1708664400,1690000.0,2024-02-23 05:00:00
105.1507,105.5536,103.474,103.6426,1708923600,2085200.0,2024-02-26 05:00:00
104.2889,105.2632,103.5957,105.0852,1709010000,1794600.0,2024-02-27 05:00:00
104.3264,104.9634,104.1391,104.4576,1709096400,1632200.0,2024-02-28 05:00:00
103.8768,104.6449,103.7081,104.5981,1709182800,3660500.0,2024-02-29 05:00:00
106.0313,106.1812,104.1391,104.4295,1709269200,2190500.0,2024-03-01 05:00:00
105.1882,106.9962,105.1788,106.303,1709528400,1743000.0,2024-03-04 05:00:00
106.865,108.4575,105.2444,105.3943,1709614800,2556700.0,2024-03-05 05:00:00
108.1671,108.8041,107.0711,107.2116,1709701200,2290400.0,2024-03-06 05:00:00
107.0992,109.4879,107.0149,108.7385,1709787600,2759200.0,2024-03-07 05:00:00
107.399,108.7291,107.0243,107.2022,1709874000,2038600.0,2024-03-08 05:00:00
106.8182,107.9423,105.2163,107.5863,1710129600,1972300.0,2024-03-11 04:00:00
107.5207,107.9704,106.1999,106.94,1710216000,1765200.0,2024-03-12 04:00:00
108.6355,108.7198,107.4271,107.9235,1710302400,2036000.0,2024-03-13 04:00:00
107.9235,109.3661,106.6308,109.3661,1710388800,2864600.0,2024-03-14 04:00:00
110.8462,111.427,108.8884,109.1694,1710475200,7281300.0,2024-03-15 04:00:00
112.7291,112.8134,111.1647,111.4645,1710734400,3021300.0,2024-03-18 04:00:00
113.3474,113.5628,112.5886,112.8415,1710820800,1950000.0,2024-03-19 04:00:00
113.7689,114.1717,112.5886,113.7502,1710907200,2535100.0,2024-03-20 04:00:00
116.5511,116.6916,113.9469,114.2841,1710993600,2014200.0,2024-03-21 04:00:00
115.9234,116.9913,115.8672,116.729,1711080000,2397200.0,2024-03-22 04:00:00
115.5956,116.3731,115.2864,116.0452,1711339200,1321200.0,2024-03-25 04:00:00
115.2302,116.0265,114.6494,115.2583,1711425600,1740500.0,2024-03-26 04:00:00
116.5885,116.7853,115.4176,116.1295,1711512000,1363800.0,2024-03-27 04:00:00
116.0546,117.5627,115.7361,117.0944,1711598400,2280800.0,2024-03-28 04:00:00
115.3145,116.523,115.2864,116.2232,1711944000,1351300.0,2024-04-01 04:00:00
113.9094,114.9773,113.0289,114.6869,1712030400,2341000.0,2024-04-02 04:00:00
112.804,113.6658,110.05,111.9422,1712116800,3740300.0,2024-04-03 04:00:00
112.9071,114.6401,112.6354,113.9937,1712203200,1896000.0,2024-04-04 04:00:00
114.4808,114.9867,112.9165,113.3567,1712289600,1391700.0,2024-04-05 04:00:00
114.7619,115.4082,114.2466,114.3778,1712548800,1838400.0,2024-04-08 04:00:00
111.6425,115.1178,110.3685,114.8836,1712635200,2460900.0,2024-04-09 04:00:00
111.1834,111.8392,109.1788,109.7689,1712721600,2412800.0,2024-04-10 04:00:00
111.3614,112.1296,110.2561,110.6963,1712808000,1437500.0,2024-04-11 04:00:00
110.687,111.3802,110.2467,110.5371,1712894400,1976000.0,2024-04-12 04:00:00
110.5558,114.0499,110.2092,112.879,1713153600,1959300.0,2024-04-15 04:00:00
110.1062,110.8556,109.6003,110.5558,1713240000,1736200.0,2024-04-16 04:00:00
108.598,110.9774,108.0266,110.7057,1713326400,2458300.0,2024-04-17 04:00:00
106.5652,109.4785,106.5184,109.0476,1713412800,2343400.0,2024-04-18 04:00:00
104.1578,107.1086,103.3709,106.8369,1713499200,4538700.0,2024-04-19 04:00:00
105.4599,106.4997,104.7479,104.9728,1713758400,2021200.0,2024-04-22 04:00:00
106.1531,106.4716,105.3381,105.8814,1713844800,2403800.0,2024-04-23 04:00:00
106.5465,107.5676,105.8346,105.8346,1713931200,2865300.0,2024-04-24 04:00:00
105.4974,106.4622,104.2327,104.4107,1714017600,3322800.0,2024-04-25 04:00:00
104.8791,105.6941,104.1859,104.8604,1714104000,2802500.0,2024-04-26 04:00:00
106.4528,106.9493,105.2257,105.6285,1714363200,3813800.0,2024-04-29 04:00:00
99.3991,101.7784,97.638,101.1695,1714449600,7380200.0,2024-04-30 04:00:00
99.6145,101.1508,98.7808,99.3991,1714536000,4020900.0,2024-05-01 04:00:00
99.7269,100.008,97.9658,99.6707,1714622400,3094900.0,2024-05-02 04:00:00
98.1626,100.5044,97.8347,100.3358,1714708800,3899000.0,2024-05-03 04:00:00
98.4998,99.1836,98.2281,98.5747,1714968000,2779600.0,2024-05-06 04:00:00
99.8581,100.3358,98.3967,98.4623,1715054400,2286900.0,2024-05-07 04:00:00
100.2796,100.7855,98.8839,99.5771,1715140800,2887800.0,2024-05-08 04:00:00
102.0313,102.1625,100.289,100.4108,1715227200,1887700.0,2024-05-09 04:00:00
102.2749,102.7246,101.844,102.1438,1715313600,1810800.0,2024-05-10 04:00:00
100.0923,102.8838,99.5209,102.837,1715572800,2504500.0,2024-05-13 04:00:00
101.5671,101.6798,100.0453,100.515,1715659200,2149200.0,2024-05-14 04:00:00
101.5295,102.6286,101.3792,101.9711,1715745600,2141100.0,2024-05-15 04:00:00
99.5099,101.3887,99.4535,101.088,1715832000,1774600.0,2024-05-16 04:00:00
99.5756,100.0641,98.8711,99.6883,1715918400,1727100.0,2024-05-17 04:00:00
99.0308,100.1862,98.9462,100.158,1716177600,1889800.0,2024-05-20 04:00:00
99.1999,99.3877,98.4389,98.9838,1716264000,1894100.0,2024-05-21 04:00:00
101.7644,101.8207,98.9556,99.2468,1716350400,3209800.0,2024-05-22 04:00:00
102.2717,102.6286,101.1444,102.328,1716436800,2367400.0,2024-05-23 04:00:00
102.7977,103.8968,102.5723,103.0701,1716523200,2458700.0,2024-05-24 04:00:00
101.4074,102.7883,100.8062,102.5253,1716868800,2522900.0,2024-05-28 04:00:00
98.8617,100.7217,98.5892,100.5056,1716955200,2122800.0,2024-05-29 04:00:00
99.3408,100.1111,98.8711,98.918,1717041600,1932400.0,2024-05-30 04:00:00
100.9847,101.0786,98.2886,99.4817,1717128000,5262000.0,2024-05-31 04:00:00
99.0965,101.2195,98.1196,101.0974,1717387200,2562100.0,2024-06-03 04:00:00
99.5192,100.1956,98.7395,99.0777,1717473600,2558200.0,2024-06-04 04:00:00
103.3426,103.3707,99.6508,100.8062,1717560000,3631100.0,2024-06-05 04:00:00
102.4877,103.5868,102.0744,103.4929,1717646400,2655700.0,2024-06-06 04:00:00
101.1444,102.3092,101.088,101.9898,1717732800,2160700.0,2024-06-07 04:00:00
100.9189,101.2571,100.2802,100.515,1717992000,2128500.0,2024-06-10 04:00:00
99.5756,100.8532,99.0026,100.8532,1718078400,2634200.0,2024-06-11 04:00:00
100.252,100.515,98.8711,100.4586,1718164800,2583500.0,2024-06-12 04:00:00
100.6089,100.6559,98.5705,99.9044,1718251200,2328100.0,2024-06-13 04:00:00
100.252,100.2989,98.5517,99.7447,1718337600,2147600.0,2024-06-14 04:00:00
101.2195,101.5671,99.7447,100.2332,1718596800,1679400.0,2024-06-17 04:00:00
101.1726,101.9711,100.5338,101.4262,1718683200,1725700.0,2024-06-18 04:00:00
100.7311,101.5859,100.5244,101.0786,1718856000,2043000.0,2024-06-20 04:00:00
99.538,100.9753,99.4347,100.7311,1718942400,4863100.0,2024-06-21 04:00:00
100.4117,102.0838,99.7165,100.2989,1719201600,4360100.0,2024-06-24 04:00:00
100.0265,100.3929,99.0026,100.2238,1719288000,1950000.0,2024-06-25 04:00:00
97.9692,99.7541,97.4338,99.7541,1719374400,2487000.0,2024-06-26 04:00:00
97.6686,97.9974,96.9359,97.6968,1719460800,2305900.0,2024-06-27 04:00:00
96.7011,98.7302,95.6114,98.1571,1719547200,11403400.0,2024-06-28 04:00:00
95.6677,98.2417,95.0102,97.5183,1719806400,2163700.0,2024-07-01 04:00:00
94.7941,95.8368,94.4277,94.9914,1719892800,2708600.0,2024-07-02 04:00:00
95.818,95.8838,93.8547,94.4465,1719979200,1860100.0,2024-07-03 04:00:00
94.1459,95.818,93.432,95.818,1720152000,2214400.0,2024-07-05 04:00:00
95.1417,95.4423,94.2868,95.0101,1720411200,2609200.0,2024-07-08 04:00:00
95.198,96.0623,94.7753,95.1135,1720497600,2001900.0,2024-07-09 04:00:00
95.3483,95.8556,94.315,95.198,1720584000,1865200.0,2024-07-10 04:00:00
96.9735,98.0914,95.7053,95.8932,1720670400,1822400.0,2024-07-11 04:00:00
96.8608,97.9599,96.7386,97.3399,1720756800,1936400.0,2024-07-12 04:00:00
98.2135,98.8429,96.485,97.0298,1721016000,1938500.0,2024-07-15 04:00:00
102.2904,102.3656,98.0914,98.5611,1721102400,2650100.0,2024-07-16 04:00:00
102.5911,103.6432,101.5671,102.3938,1721188800,3922400.0,2024-07-17 04:00:00
103.3144,106.3486,102.4877,102.7977,1721275200,3485100.0,2024-07-18 04:00:00
101.2759,103.2768,101.1162,103.2768,1721361600,4135800.0,2024-07-19 04:00:00
102.4501,102.5723,100.1674,101.8301,1721620800,2868300.0,2024-07-22 04:00:00
91.215,96.3441,89.7308,92.6429,1721707200,7686800.0,2024-07-23 04:00:00
92.9059,93.0656,88.162,90.285,1721793600,7612500.0,2024-07-24 04:00:00
91.6847,94.5593,91.3559,93.789,1721880000,5215300.0,2024-07-25 04:00:00
93.2253,94.1835,91.4968,91.9477,1721966400,3091700.0,2024-07-26 04:00:00
92.3611,93.2441,91.9196,93.2159,1722225600,2135100.0,2024-07-29 04:00:00
91.1681,93.2441,91.1023,92.6147,1722312000,3219400.0,2024-07-30 04:00:00
92.6805,93.4038,91.5344,91.9665,1722398400,2878400.0,2024-07-31 04:00:00
90.4635,93.4414,89.3268,92.2953,1722484800,4128200.0,2024-08-01 04:00:00
88.6411,89.9844,87.5514,89.6368,1722571200,4074100.0,2024-08-02 04:00:00
86.3584,87.3541,84.5829,87.3541,1722830400,4398400.0,2024-08-05 04:00:00
86.6871,88.2184,85.8605,86.3771,1722916800,3397200.0,2024-08-06 04:00:00
86.0859,87.899,85.8981,87.3447,1723003200,2223400.0,2024-08-07 04:00:00
87.6265,87.8708,85.9168,86.4241,1723089600,2338500.0,2024-08-08 04:00:00
87.232,88.0774,86.2832,87.2696,1723176000,2217400.0,2024-08-09 04:00:00
86.5838,87.2414,85.8323,86.8938,1723435200,3263700.0,2024-08-12 04:00:00
87.0629,87.2696,85.9826,87.0065,1723521600,2002600.0,2024-08-13 04:00:00
88.0117,89.2799,86.969,87.0441,1723608000,3174700.0,2024-08-14 04:00:00
89.5384,90.1604,88.3321,88.3698,1723694400,2260200.0,2024-08-15 04:00:00
89.6892,89.708,88.4263,89.1803,1723780800,3222500.0,2024-08-16 04:00:00
90.4431,90.5656,89.6232,89.7834,1724040000,1507300.0,2024-08-19 04:00:00
90.1792,90.5468,89.8682,90.0756,1724126400,1601700.0,2024-08-20 04:00:00
90.4902,90.6222,89.4065,90.4431,1724212800,1255200.0,2024-08-21 04:00:00
89.7928,90.8483,89.4913,90.8389,1724299200,1590600.0,2024-08-22 04:00:00
90.9049,91.5551,90.1886,90.4525,1724385600,1771600.0,2024-08-23 04:00:00
90.3489,91.6777,89.9907,91.0839,1724644800,2244600.0,2024-08-26 04:00:00
88.9258,90.1133,88.6714,90.085,1724731200,2186600.0,2024-08-27 04:00:00
89.086,90.1321,88.6808,89.0766,1724817600,3514500.0,2024-08-28 04:00:00
89.1991,90.0002,88.285,89.6703,1724904000,2131100.0,2024-08-29 04:00:00
90.641,90.7164,88.9541,89.6515,1724990400,2352400.0,2024-08-30 04:00:00
90.0567,90.3394,88.5866,90.0096,1725336000,4013500.0,2024-09-03 04:00:00
89.529,90.7353,89.152,89.5384,1725422400,2302200.0,2024-09-04 04:00:00
87.2389,89.0295,86.4379,88.9918,1725508800,2555700.0,2024-09-05 04:00:00
87.8798,89.0295,86.5604,87.5688,1725595200,3980600.0,2024-09-06 04:00:00
89.5007,89.6421,88.0682,88.5583,1725854400,2815500.0,2024-09-09 04:00:00
89.1237,89.7457,88.4829,89.7457,1725940800,1894200.0,2024-09-10 04:00:00
88.8222,89.0106,86.2117,89.0106,1726027200,3010900.0,2024-09-11 04:00:00
89.5949,89.6515,87.9834,88.8598,1726113600,2120300.0,2024-09-12 04:00:00
89.6421,90.33,89.1426,89.9154,1726200000,1552400.0,2024-09-13 04:00:00
90.1887,90.5845,89.5101,90.1133,1726459200,2087700.0,2024-09-16 04:00:00
92.3468,93.6284,90.5468,90.6504,1726545600,2777800.0,2024-09-17 04:00:00
90.7729,92.752,90.5468,92.3562,1726632000,1767600.0,2024-09-18 04:00:00
93.7887,93.8546,92.1394,92.9405,1726718400,2755900.0,2024-09-19 04:00:00
93.2138,93.4588,92.7143,93.1761,1726804800,4183100.0,2024-09-20 04:00:00
93.1007,94.0337,92.818,93.7887,1727064000,1832200.0,2024-09-23 04:00:00
93.4588,93.9394,92.6295,93.1572,1727150400,1592700.0,2024-09-24 04:00:00
92.4693,93.7981,91.5269,93.7981,1727236800,3085600.0,2024-09-25 04:00:00
92.1771,94.5709,91.8756,93.4305,1727323200,3107100.0,2024-09-26 04:00:00
92.4787,94.0054,91.8002,92.2431,1727409600,2107700.0,2024-09-27 04:00:00
92.997,93.0724,91.4609,92.1677,1727668800,2489500.0,2024-09-30 04:00:00
92.4033,92.997,91.7908,92.7614,1727755200,1520000.0,2024-10-01 04:00:00
92.2808,92.9593,91.4138,92.1017,1727841600,1735300.0,2024-10-02 04:00:00
95.419,96.5499,92.5258,92.5258,1727928000,4045600.0,2024-10-03 04:00:00
97.4546,97.8787,95.9279,96.352,1728014400,2796300.0,2024-10-04 04:00:00
97.0494,97.9541,96.418,96.5593,1728273600,2118000.0,2024-10-07 04:00:00
96.8798,97.5017,96.352,96.9928,1728360000,1690800.0,2024-10-08 04:00:00
97.7939,97.9824,96.6819,97.1342,1728446400,1781200.0,2024-10-09 04:00:00
97.6525,97.9258,96.8892,97.285,1728532800,2403400.0,2024-10-10 04:00:00
100.6494,101.2997,96.8609,97.5018,1728619200,3358900.0,2024-10-11 04:00:00
101.9876,102.129,100.018,100.4138,1728878400,2721100.0,2024-10-14 04:00:00
100.2819,102.1101,100.197,101.5824,1728964800,2574300.0,2024-10-15 04:00:00
100.8662,100.9321,100.1405,100.8379,1729051200,2903200.0,2024-10-16 04:00:00
101.3656,101.7897,100.7813,101.3751,1729137600,2440700.0,2024-10-17 04:00:00
103.7499,104.0609,102.6662,103.6651,1729224000,2997500.0,2024-10-18 04:00:00
103.2976,104.2871,102.93,103.5803,1729483200,2674700.0,2024-10-21 04:00:00
98.7552,100.8379,94.2504,100.1028,1729569600,7366800.0,2024-10-22 04:00:00
97.8222,100.6683,97.7468,98.0107,1729656000,3243300.0,2024-10-23 04:00:00
98.8023,99.2452,97.3981,98.4442,1729742400,2007700.0,2024-10-24 04:00:00
99.8012,101.2714,99.5751,99.8578,1729828800,2989700.0,2024-10-25 04:00:00
100.9039,101.2149,100.2724,100.9981,1730088000,1579900.0,2024-10-28 04:00:00
100.5269,101.1018,100.1028,100.6871,1730174400,1993200.0,2024-10-29 04:00:00
98.8588,100.5175,98.7929,99.5374,1730260800,2343400.0,2024-10-30 04:00:00
98.2745,99.3489,97.1248,98.7929,1730347200,2413300.0,2024-10-31 04:00:00
97.3981,98.6326,97.0117,98.0012,1730433600,1845600.0,2024-11-01 04:00:00
98.7834,99.1698,97.4735,97.5112,1730696400,2753300.0,2024-11-04 05:00:00
101.8463,102.374,98.3405,98.7175,1730782800,3414000.0,2024-11-05 05:00:00
109.329,111.0442,105.6819,107.0389,1730869200,4622400.0,2024-11-06 05:00:00
106.2285,109.4986,105.9081,109.3196,1730955600,2386700.0,2024-11-07 05:00:00
107.7929,108.4903,105.8044,106.2002,1731042000,2451400.0,2024-11-08 05:00:00
109.7248,110.2054,108.3772,108.641,1731301200,1927100.0,2024-11-11 05:00:00
110.0641,110.4599,108.8107,109.3196,1731387600,3690000.0,2024-11-12 05:00:00
110.357,111.1884,109.6011,111.0089,1731474000,2628800.0,2024-11-13 05:00:00
108.713,110.7538,108.5051,110.2436,1731560400,1713700.0,2024-11-14 05:00:00
106.0674,108.9303,105.7367,108.4484,1731646800,2528700.0,2024-11-15 05:00:00
105.7084,107.0028,105.6517,106.691,1731906000,1912900.0,2024-11-18 05:00:00
104.2911,105.1793,104.1022,104.5368,1731992400,1636800.0,2024-11-19 05:00:00
103.9226,104.8486,103.1195,104.1022,1732078800,1457000.0,2024-11-20 05:00:00
107.7587,108.2028,104.7163,105.2927,1732165200,1620500.0,2024-11-21 05:00:00
108.4201,108.6846,107.0123,107.3996,1732251600,1802000.0,2024-11-22 05:00:00
110.1113,110.2341,109.0342,109.2326,1732510800,2976400.0,2024-11-25 05:00:00
109.4311,109.8751,108.2689,109.4405,1732597200,2131300.0,2024-11-26 05:00:00
109.7712,109.9507,108.6563,109.2421,1732683600,1685400.0,2024-11-27 05:00:00
110.546,110.9806,109.7901,110.2058,1732856400,1069500.0,2024-11-29 05:00:00
109.8279,110.6782,109.2988,110.546,1733115600,1651800.0,2024-12-02 05:00:00
110.4042,111.0467,109.9601,110.3097,1733202000,1862100.0,2024-12-03 05:00:00
111.8782,112.2561,110.7255,111.5758,1733288400,2046300.0,2024-12-04 05:00:00
111.1317,111.6703,110.168,111.2735,1733374800,2029000.0,2024-12-05 05:00:00
109.4877,110.5459,108.713,110.2719,1733461200,1916400.0,2024-12-06 05:00:00
108.4957,110.0357,108.3634,109.4783,1733720400,1870000.0,2024-12-09 05:00:00
109.0059,110.2058,107.2107,108.5051,1733806800,1875700.0,2024-12-10 05:00:00
109.4594,110.4137,109.2893,109.8751,1733893200,2218300.0,2024-12-11 05:00:00
106.5776,109.5161,105.5478,109.3932,1733979600,2166000.0,2024-12-12 05:00:00
106.7761,107.2863,105.5667,106.3792,1734066000,1484900.0,2024-12-13 05:00:00
106.1336,107.2012,105.4722,107.069,1734325200,1971000.0,2024-12-16 05:00:00
105.5005,107.6075,105.3304,105.9446,1734411600,2955600.0,2024-12-17 05:00:00
101.8346,105.9918,101.7779,105.5572,1734498000,2809000.0,2024-12-18 05:00:00
101.5794,103.5069,100.8708,102.6566,1734584400,3183100.0,2024-12-19 05:00:00
102.3667,103.7566,100.8602,101.8321,1734670800,6356600.0,2024-12-20 05:00:00
101.7641,102.3667,101.0935,102.0751,1734930000,1897500.0,2024-12-23 05:00:00
102.2307,102.2987,100.8602,101.7641,1735016400,978900.0,2024-12-24 05:00:00
102.4736,102.7652,101.4337,102.2307,1735189200,940800.0,2024-12-26 05:00:00
101.6378,102.7847,100.4909,101.6086,1735275600,1640100.0,2024-12-27 05:00:00
100.7047,101.2101,99.7619,101.2004,1735534800,1608600.0,2024-12-30 05:00:00
101.1032,101.5503,100.5006,101.3073,1735621200,1311400.0,2024-12-31 05:00:00
100.52,102.6389,100.0438,102.0266,1735794000,1371400.0,2025-01-02 05:00:00
101.9585,102.2015,99.8785,101.3559,1735880400,1937100.0,2025-01-03 05:00:00
104.2329,105.6131,102.1918,102.668,1736139600,2227000.0,2025-01-06 05:00:00
106.4878,107.9555,104.68,104.748,1736226000,3220100.0,2025-01-07 05:00:00
105.4576,107.4306,104.9327,106.2351,1736312400,2512500.0,2025-01-08 05:00:00
103.5914,104.3787,102.2404,103.8636,1736485200,2561200.0,2025-01-10 05:00:00
105.1271,105.477,103.0277,103.6983,1736744400,2169300.0,2025-01-13 05:00:00
107.1099,108.3054,106.3712,107.1585,1736830800,1836000.0,2025-01-14 05:00:00
106.5559,108.7914,106.5073,108.4415,1736917200,2062900.0,2025-01-15 05:00:00
106.4101,106.9252,105.3798,106.3809,1737003600,1891400.0,2025-01-16 05:00:00
107.2362,108.5873,106.6433,108.3443,1737090000,1981100.0,2025-01-17 05:00:00
107.0224,108.2665,106.7308,107.3043,1737435600,2505600.0,2025-01-21 05:00:00
106.76,107.6736,106.4295,107.1293,1737522000,2135800.0,2025-01-22 05:00:00
106.9738,107.625,106.6336,107.2557,1737608400,1359400.0,2025-01-23 05:00:00
106.8183,107.1974,105.9533,106.9349,1737694800,2406000.0,2025-01-24 05:00:00
106.828,106.9933,105.1174,106.2837,1737954000,3213900.0,2025-01-27 05:00:00
104.2426,107.8777,101.3851,103.1832,1738040400,4427400.0,2025-01-28 05:00:00
107.7805,108.7719,106.6725,106.9058,1738126800,3747200.0,2025-01-29 05:00:00
109.3551,109.5787,107.7805,107.9749,1738213200,2834300.0,2025-01-30 05:00:00
107.7708,109.5009,107.5764,109.0247,1738299600,2024700.0,2025-01-31 05:00:00
106.0699,108.0721,104.6217,106.6336,1738558800,2439100.0,2025-02-03 05:00:00
105.4381,106.7017,105.3798,106.3032,1738645200,2274200.0,2025-02-04 05:00:00
103.9899,105.1757,102.2307,105.0493,1738731600,2191600.0,2025-02-05 05:00:00
104.6606,105.2535,103.883,104.6217,1738818000,1308400.0,2025-02-06 05:00:00
103.0471,105.0785,102.9207,104.7383,1738904400,1642500.0,2025-02-07 05:00:00
103.1346,104.1065,102.8333,103.8344,1739163600,1747100.0,2025-02-10 05:00:00
103.1151,103.3484,102.2598,102.3959,1739250000,1203700.0,2025-02-11 05:00:00
100.5314,101.9939,99.5174,101.7404,1739336400,4474100.0,2025-02-12 05:00:00
102.6276,102.8714,99.9757,100.2974,1739422800,2315300.0,2025-02-13 05:00:00
103.3101,103.7294,102.3254,102.9104,1739509200,1849800.0,2025-02-14 05:00:00
103.8756,103.9146,102.3157,103.7196,1739854800,1979900.0,2025-02-18 05:00:00
104.5289,104.9091,103.1444,103.3101,1739941200,1957400.0,2025-02-19 05:00:00
103.7976,104.0804,102.9104,103.7781,1740027600,1804400.0,2025-02-20 05:00:00
101.8476,103.8171,100.5997,103.7196,1740114000,2978800.0,2025-02-21 05:00:00
103.5929,103.7489,102.1206,102.5984,1740373200,3477800.0,2025-02-24 05:00:00
103.9146,105.3966,102.8421,103.9731,1740459600,3738300.0,2025-02-25 05:00:00
103.3784,104.5776,103.2711,104.0901,1740546000,2280100.0,2025-02-26 05:00:00
102.8616,104.4899,102.5399,103.2029,1740632400,2136900.0,2025-02-27 05:00:00
104.5581,104.7824,102.9104,103.7586,1740718800,3414400.0,2025-02-28 05:00:00
102.3936,105.7866,101.7502,105.1236,1740978000,2467900.0,2025-03-03 05:00:00
98.9422,102.1499,98.5229,101.9841,1741064400,3245400.0,2025-03-04 05:00:00
100.3949,100.6192,97.3237,98.3182,1741150800,2327600.0,2025-03-05 05:00:00
104.2169,104.5289,99.5467,99.9952,1741237200,3288800.0,2025-03-06 05:00:00
107.3076,107.6391,103.7391,103.9731,1741323600,3080100.0,2025-03-07 05:00:00
107.7951,112.5433,106.7031,107.2004,1741579200,4924900.0,2025-03-10 04:00:00
102.1011,107.4636,102.0524,107.4636,1741665600,3946400.0,2025-03-11 04:00:00
99.7709,102.2766,98.8739,102.1694,1741752000,2691000.0,2025-03-12 04:00:00
95.9587,97.8209,94.3792,94.974,1741838400,6074100.0,2025-03-13 04:00:00
96.7289,97.1774,95.7637,96.9044,1741924800,3389700.0,2025-03-14 04:00:00
98.6399,99.2737,96.0952,96.1537,1742184000,2434200.0,2025-03-17 04:00:00
97.7039,98.6984,97.0409,98.1719,1742270400,1862900.0,2025-03-18 04:00:00
97.0994,98.8934,96.4365,97.4017,1742356800,2233900.0,2025-03-19 04:00:00
95.8612,97.0799,95.5492,96.8167,1742443200,2483400.0,2025-03-20 04:00:00
94.6815,95.4029,93.8332,94.9545,1742529600,8554800.0,2025-03-21 04:00:00
96.1732,96.5827,95.4907,95.949,1742788800,2562400.0,2025-03-24 04:00:00
96.7582,96.9044,95.7735,96.4852,1742875200,1956700.0,2025-03-25 04:00:00
97.0409,97.7819,96.4462,96.9239,1742961600,1981800.0,2025-03-26 04:00:00
95.7345,97.1384,95.4712,97.0507,1743048000,2250800.0,2025-03-27 04:00:00
94.4865,96.2219,94.1842,95.6467,1743134400,2320500.0,2025-03-28 04:00:00
94.935,95.6662,93.4627,94.4767,1743393600,3356800.0,2025-03-31 04:00:00
95.8319,96.1147,93.609,94.9252,1743480000,2193900.0,2025-04-01 04:00:00
96.6119,96.7679,94.389,95.1592,1743566400,2001200.0,2025-04-02 04:00:00
90.0503,93.9697,89.904,93.3262,1743652800,4165800.0,2025-04-03 04:00:00
88.6073,91.62,87.4275,88.344,1743739200,6326900.0,2025-04-04 04:00:00
85.9358,91.6492,83.9663,86.4428,1743998400,5586000.0,2025-04-07 04:00:00
84.2393,88.2173,82.9718,86.9888,1744084800,5344600.0,2025-04-08 04:00:00
91.581,92.1952,83.0693,83.5666,1744171200,6972300.0,2025-04-09 04:00:00
86.55,89.7968,84.3076,88.9095,1744257600,4137400.0,2025-04-10 04:00:00
88.2075,88.695,84.8243,86.4428,1744344000,3357800.0,2025-04-11 04:00:00
87.3105,88.734,86.667,88.734,1744603200,3643700.0,2025-04-14 04:00:00
86.5988,88.1295,86.1405,87.3105,1744689600,2518800.0,2025-04-15 04:00:00
84.639,86.6865,84.093,84.8243,1744776000,3224200.0,2025-04-16 04:00:00
85.965,86.511,84.8243,84.8438,1744862400,2444600.0,2025-04-17 04:00:00
85.107,85.5263,82.9231,84.99,1745208000,3150600.0,2025-04-21 04:00:00
86.3453,86.9985,85.2825,86.043,1745294400,2535300.0,2025-04-22 04:00:00
86.8523,89.358,86.3843,88.344,1745380800,2799100.0,2025-04-23 04:00:00
90.3623,90.5572,87.4178,87.798,1745467200,2874600.0,2025-04-24 04:00:00
89.592,90.6742,88.5195,90.2062,1745553600,2869200.0,2025-04-25 04:00:00
89.7383,90.5182,89.1533,89.6408,1745812800,3381900.0,2025-04-28 04:00:00
88.032,88.89,82.5331,84.4928,1745899200,8488700.0,2025-04-29 04:00:00
87.954,88.2368,84.4343,85.7993,1745985600,4565700.0,2025-04-30 04:00:00
87.5348,89.1533,86.9693,88.266,1746072000,2940100.0,2025-05-01 04:00:00
87.6518,89.6505,87.5348,88.5488,1746158400,3729300.0,2025-05-02 04:00:00
87.213,88.461,86.5793,87.2325,1746417600,3627600.0,2025-05-05 04:00:00
86.7548,87.7005,86.1405,86.5305,1746504000,2484600.0,2025-05-06 04:00:00
86.5013,87.5445,86.2185,86.94,1746590400,2351500.0,2025-05-07 04:00:00
89.2702,90.177,87.174,87.4568,1746676800,3401700.0,2025-05-08 04:00:00
88.3928,89.67,88.2173,89.2703,1746763200,2238100.0,2025-05-09 04:00:00
93.3457,94.0087,92.1855,92.6242,1747022400,3183100.0,2025-05-12 04:00:00
93.8527,94.1842,92.9362,93.1897,1747108800,2752000.0,2025-05-13 04:00:00
92.6004,93.9897,92.1993,93.4027,1747195200,2353100.0,2025-05-14 04:00:00
93.8919,94.5865,92.3265,92.3265,1747281600,3684600.0,2025-05-15 04:00:00
94.6158,94.7528,93.4125,94.0484,1747368000,2436400.0,2025-05-16 04:00:00
94.9093,95.2224,93.3538,94.1169,1747627200,2191200.0,2025-05-19 04:00:00
94.4104,95.1833,94.1267,94.4691,1747713600,1860400.0,2025-05-20 04:00:00
92.2874,94.3517,92.1504,93.4516,1747800000,1947200.0,2025-05-21 04:00:00
92.2874,92.8548,91.3775,92.0526,1747886400,1972800.0,2025-05-22 04:00:00
91.221,91.6612,90.2524,90.8296,1747972800,2249600.0,2025-05-23 04:00:00
92.9135,93.1483,91.6808,92.1798,1748318400,2967400.0,2025-05-27 04:00:00
92.0134,93.6081,91.9547,93.4614,1748404800,1560700.0,2025-05-28 04:00:00
92.2482,92.8744,91.5634,92.6591,1748491200,1598100.0,2025-05-29 04:00:00
91.8178,92.483,91.084,92.2678,1748577600,3004900.0,2025-05-30 04:00:00
89.7828,92.0819,89.323,91.5927,1748836800,2529600.0,2025-06-02 04:00:00
91.534,91.5927,89.3621,89.7632,1748923200,2171500.0,2025-06-03 04:00:00
90.585,91.7786,90.5459,91.6808,1749009600,1931600.0,2025-06-04 04:00:00
90.4481,91.2797,89.6458,90.3209,1749096000,2131000.0,2025-06-05 04:00:00
91.4753,92.0917,91.0253,91.6417,1749182400,1643700.0,2025-06-06 04:00:00
92.3852,93.1385,91.7199,91.8569,1749441600,1988700.0,2025-06-09 04:00:00
92.7276,92.9037,91.7199,92.5417,1749528000,1485300.0,2025-06-10 04:00:00
91.8471,93.0896,91.4656,93.0896,1749614400,1382000.0,2025-06-11 04:00:00
91.6123,91.6417,90.3894,91.0742,1749700800,1537100.0,2025-06-12 04:00:00
89.8904,91.5145,89.6752,91.1231,1749787200,1976700.0,2025-06-13 04:00:00
90.6927,91.3286,90.2035,90.7318,1750046400,2613300.0,2025-06-16 04:00:00
89.1273,90.9373,88.9708,90.4774,1750132800,2494800.0,2025-06-17 04:00:00
88.7555,89.7926,88.3348,88.9903,1750219200,2702700.0,2025-06-18 04:00:00
89.0197,89.8219,88.5501,89.3915,1750392000,6535600.0,2025-06-20 04:00:00
89.7632,89.9883,88.1001,89.1664,1750651200,2456000.0,2025-06-23 04:00:00
91.9743,92.0623,89.6654,90.2818,1750737600,2344400.0,2025-06-24 04:00:00
92.1015,92.1993,91.4753,92.033,1750824000,2069300.0,2025-06-25 04:00:00
92.8255,93.1287,91.2503,92.3461,1750910400,3585500.0,2025-06-26 04:00:00
92.8352,94.1658,92.4439,92.9918,1750996800,3274000.0,2025-06-27 04:00:00
93.0016,93.3831,92.5809,92.9429,1751256000,2256800.0,2025-06-30 04:00:00
96.0736,97.1497,92.483,92.7961,1751342400,3441500.0,2025-07-01 04:00:00
97.1889,97.3063,95.7507,96.1616,1751428800,2804900.0,2025-07-02 04:00:00
95.5453,97.5607,94.9974,97.2378,1751515200,1914500.0,2025-07-03 04:00:00
94.5473,96.1029,94.4593,95.0952,1751860800,2693700.0,2025-07-07 04:00:00
96.5627,97.0617,93.9995,94.6843,1751947200,2833200.0,2025-07-08 04:00:00
96.5334,97.5019,95.6724,96.7193,1752033600,2097100.0,2025-07-09 04:00:00
97.0715,98.4216,96.4356,96.6508,1752120000,2599900.0,2025-07-10 04:00:00
95.105,96.7193,94.7626,96.5334,1752206400,2822700.0,2025-07-11 04:00:00
93.8136,95.2126,93.481,94.7626,1752465600,2878700.0,2025-07-14 04:00:00
93.07,94.3517,93.0113,93.9995,1752552000,2196200.0,2025-07-15 04:00:00
93.3244,94.0875,92.1602,93.07,1752638400,3055500.0,2025-07-16 04:00:00
92.0134,93.9603,91.1818,93.207,1752724800,5561600.0,2025-07-17 04:00:00
91.6514,93.1874,91.1818,93.1874,1752811200,3704200.0,2025-07-18 04:00:00
90.8981,92.5124,90.6731,91.7199,1753070400,4281800.0,2025-07-21 04:00:00
96.4453,96.9149,90.4676,94.381,1753156800,7152300.0,2025-07-22 04:00:00
98.9206,100.1141,96.9345,97.228,1753243200,6913600.0,2025-07-23 04:00:00
99.2336,99.5565,97.3748,98.6662,1753329600,4415500.0,2025-07-24 04:00:00
99.3706,99.5369,97.678,99.3706,1753416000,2983300.0,2025-07-25 04:00:00
98.4607,99.2923,97.1693,99.2923,1753675200,3003800.0,2025-07-28 04:00:00
97.3259,99.2434,96.9834,98.8423,1753761600,2218100.0,2025-07-29 04:00:00
96.8562,98.8912,96.054,97.6096,1753848000,5078400.0,2025-07-30 04:00:00
96.6214,97.7857,95.4376,95.8388,1753934400,2841000.0,2025-07-31 04:00:00
94.3908,96.6019,94.1658,95.4963,1754020800,3551300.0,2025-08-01 04:00:00
94.2538,95.2517,93.9505,94.6158,1754280000,2342400.0,2025-08-04 04:00:00
96.0736,96.4551,93.6277,94.8995,1754366400,3276100.0,2025-08-05 04:00:00
95.2615,96.3768,94.8702,96.1714,1754452800,1711100.0,2025-08-06 04:00:00
94.6745,96.191,94.3419,95.8192,1754539200,2238600.0,2025-08-07 04:00:00
95.2322,96.0149,94.3419,95.0463,1754625600,1398900.0,2025-08-08 04:00:00
95.0463,96.1225,94.1854,95.8779,1754884800,1409500.0,2025-08-11 04:00:00
96.8073,97.502,94.5767,95.4768,1754971200,2568900.0,2025-08-12 04:00:00
98.4803,99.4195,96.778,96.8269,1755057600,2603800.0,2025-08-13 04:00:00
97.8521,98.5981,96.5368,97.911,1755144000,2214600.0,2025-08-14 04:00:00
96.4092,98.5686,96.1638,98.392,1755230400,1831000.0,2025-08-15 04:00:00
96.5662,96.8215,95.9086,96.6644,1755489600,1540200.0,2025-08-18 04:00:00
97.6263,98.5097,96.3307,96.5957,1755576000,2064200.0,2025-08-19 04:00:00
96.3699,98.1858,96.3307,97.7049,1755662400,1820600.0,2025-08-20 04:00:00
95.7417,96.3405,94.9172,96.2031,1755748800,1410300.0,2025-08-21 04:00:00
99.6287,101.052,96.4583,96.5859,1755835200,3345400.0,2025-08-22 04:00:00
98.657,99.4324,97.6558,98.5098,1756094400,2335500.0,2025-08-25 04:00:00
98.4018,98.7748,97.8914,98.1858,1756180800,2420800.0,2025-08-26 04:00:00
99.5698,99.6974,96.8018,97.5871,1756267200,1981800.0,2025-08-27 04:00:00
98.8239,99.9428,98.6079,99.6974,1756353600,1863700.0,2025-08-28 04:00:00
98.1367,99.5011,97.695,97.9797,1756440000,2225800.0,2025-08-29 04:00:00
97.0374,97.4987,96.046,97.4987,1756785600,2691700.0,2025-09-02 04:00:00
94.4461,97.5282,94.0534,97.0374,1756872000,2131400.0,2025-09-03 04:00:00
96.3994,96.4485,94.0436,94.7602,1756958400,1946100.0,2025-09-04 04:00:00
97.2239,98.2742,96.2423,96.6153,1757044800,2084000.0,2025-09-05 04:00:00
96.4386,97.4104,95.4375,97.4104,1757304000,1742500.0,2025-09-08 04:00:00
95.7319,96.8215,95.4375,96.3896,1757390400,1703500.0,2025-09-09 04:00:00
96.8411,96.9883,95.2117,95.3589,1757476800,2075500.0,2025-09-10 04:00:00
99.8839,100.2275,96.7724,96.7822,1757563200,2671400.0,2025-09-11 04:00:00
100.6201,101.5722,98.7159,99.6287,1757649600,3812100.0,2025-09-12 04:00:00
100.2864,100.9735,99.1576,100.6397,1757908800,3092400.0,2025-09-15 04:00:00
100.9637,101.317,99.9625,100.2962,1757995200,2240200.0,2025-09-16 04:00:00
99.0005,101.9354,98.4116,101.2679,1758081600,3991100.0,2025-09-17 04:00:00
99.5502,100.0901,97.6656,98.6275,1758168000,3394700.0,2025-09-18 04:00:00
97.6263,100.5121,97.0178,99.8447,1758254400,7590800.0,2025-09-19 04:00:00
95.2804,97.3122,95.2411,97.3122,1758513600,2528800.0,2025-09-22 04:00:00
95.9479,97.1552,95.1234,95.2804,1758600000,2396900.0,2025-09-23 04:00:00
95.1037,96.6153,94.9565,95.9675,1758686400,2394100.0,2025-09-24 04:00:00
93.808,95.5258,93.5725,94.9663,1758772800,2481300.0,2025-09-25 04:00:00
98.6472,100.414,97.273,98.0779,1758859200,5894100.0,2025-09-26 04:00:00
98.0091,99.3048,97.2435,98.7453,1759118400,4309400.0,2025-09-29 04:00:00
96.5074,98.0877,96.3012,97.8717,1759204800,2412600.0,2025-09-30 04:00:00
95.9086,97.0178,95.0841,96.311,1759291200,2276300.0,2025-10-01 04:00:00
97.2533,98.392,95.3197,95.8006,1759377600,2471300.0,2025-10-02 04:00:00
96.2816,97.8226,95.8006,97.5282,1759464000,2299100.0,2025-10-03 04:00:00
96.7037,97.7441,95.5062,96.3503,1759723200,3165600.0,2025-10-06 04:00:00
94.8976,97.0472,94.6129,96.792,1759809600,1514600.0,2025-10-07 04:00:00
93.9651,95.6534,93.8669,94.9172,1759896000,2260600.0,2025-10-08 04:00:00
93.4645,94.9369,93.2682,94.505,1759982400,2101800.0,2025-10-09 04:00:00
91.2854,93.8964,91.1088,93.7492,1760068800,2673200.0,2025-10-10 04:00:00
91.5112,92.4142,90.991,91.9725,1760328000,2092700.0,2025-10-13 04:00:00
93.3565,94.0142,90.5493,90.7358,1760414400,2196200.0,2025-10-14 04:00:00
93.4743,94.4264,92.6793,94.0927,1760500800,1939500.0,2025-10-15 04:00:00
93.4056,94.7209,92.2768,94.0927,1760587200,2620200.0,2025-10-16 04:00:00
92.9443,93.2191,91.4719,92.5811,1760673600,4287100.0,2025-10-17 04:00:00
95.6828,96.046,93.2486,93.7492,1760932800,5070900.0,2025-10-20 04:00:00
98.0091,99.6876,95.2215,96.8902,1761019200,5682900.0,2025-10-21 04:00:00
97.9601,100.5318,97.3711,98.1466,1761105600,4326400.0,2025-10-22 04:00:00
97.5478,99.8152,96.4386,98.6177,1761192000,3275400.0,2025-10-23 04:00:00
98.284,98.8238,97.273,98.2251,1761278400,2562600.0,2025-10-24 04:00:00
99.2165,99.4226,98.1466,99.0005,1761537600,2978900.0,2025-10-27 04:00:00
97.3417,98.9907,97.1061,98.4999,1761624000,2689400.0,2025-10-28 04:00:00
96.3994,99.0202,95.7319,96.9687,1761710400,3037500.0,2025-10-29 04:00:00
96.9981,97.9601,95.2117,95.9184,1761796800,2229600.0,2025-10-30 04:00:00
96.5859,97.165,95.3393,96.1932,1761883200,2358600.0,2025-10-31 04:00:00
95.6632,96.7037,94.6424,96.3503,1762146000,2753000.0,2025-11-03 05:00:00
95.1332,95.8792,94.4461,94.9859,1762232400,3000900.0,2025-11-04 05:00:00
98.8827,99.2655,95.3884,95.5552,1762318800,3941700.0,2025-11-05 05:00:00
96.4681,99.7465,96.2031,98.9122,1762405200,4843700.0,2025-11-06 05:00:00
96.8705,97.1454,95.3687,96.3307,1762491600,2629600.0,2025-11-07 05:00:00
97.1552,97.7932,95.9184,97.2632,1762750800,2067000.0,2025-11-10 05:00:00
96.2129,97.7638,96.0853,97.2926,1762837200,2892000.0,2025-11-11 05:00:00
96.9811,98.4584,96.0947,96.3409,1762923600,1856900.0,2025-11-12 05:00:00
95.0901,97.444,94.9916,96.7349,1763010000,2403300.0,2025-11-13 05:00:00
94.1446,95.0901,93.5439,95.0901,1763096400,2928000.0,2025-11-14 05:00:00
92.7264,94.8144,92.4408,94.2628,1763355600,2701800.0,2025-11-17 05:00:00
95.5333,96.8629,92.5787,92.9628,1763442000,5004700.0,2025-11-18 05:00:00
95.031,96.4,94.7454,95.5629,1763528400,2869300.0,2025-11-19 05:00:00
96.1242,97.9955,95.5826,96.1144,1763614800,4073100.0,2025-11-20 05:00:00
101.4327,101.9941,96.597,96.8727,1763701200,5639000.0,2025-11-21 05:00:00
100.9108,102.5949,100.7433,101.5214,1763960400,4084600.0,2025-11-24 05:00:00
103.3336,103.8359,100.9797,101.4131,1764046800,3225900.0,2025-11-25 05:00:00
103.3631,104.0919,102.5654,103.0677,1764133200,2205500.0,2025-11-26 05:00:00
103.826,104.151,102.8313,103.1957,1764306000,993100.0,2025-11-28 05:00:00
102.3979,104.1707,102.1517,102.4078,1764565200,3446800.0,2025-12-01 05:00:00
104.2889,104.6139,102.1419,102.5752,1764651600,3057300.0,2025-12-02 05:00:00
106.8988,107.6473,103.2351,103.9639,1764738000,3706700.0,2025-12-03 05:00:00
106.8594,108.6125,106.7117,107.3913,1764824400,4429300.0,2025-12-04 05:00:00
108.6618,108.9671,106.4359,106.7314,1764910800,3093900.0,2025-12-05 05:00:00
108.061,109.7254,107.6375,108.9966,1765170000,4499900.0,2025-12-08 05:00:00
107.2632,108.2974,106.8496,107.3716,1765256400,3104200.0,2025-12-09 05:00:00
111.7641,112.3551,106.7708,106.9087,1765342800,4199700.0,2025-12-10 05:00:00
111.0846,112.7687,110.4739,111.7641,1765429200,3853500.0,2025-12-11 05:00:00
109.8732,112.099,109.8042,111.5278,1765515600,3343300.0,2025-12-12 05:00:00
111.252,111.6656,109.2625,110.8876,1765774800,4655200.0,2025-12-15 05:00:00
110.4641,111.9808,109.0656,111.6066,1765861200,3532100.0,2025-12-16 05:00:00
109.9421,110.7891,109.4004,110.0012,1765947600,3060500.0,2025-12-17 05:00:00
109.8141,110.7891,109.036,110.2179,1766034000,4408200.0,2025-12-18 05:00:00
111.2803,112.4073,109.7742,110.6519,1766120400,9174200.0,2025-12-19 05:00:00
112.517,112.8163,111.1606,111.5994,1766379600,2027700.0,2025-12-22 05:00:00
111.4299,112.7664,111.38,112.4372,1766466000,1875300.0,2025-12-23 05:00:00
111.2204,111.7391,111.011,111.5595,1766552400,720700.0,2025-12-24 05:00:00
111.4997,111.6293,110.8514,111.2304,1766725200,937100.0,2025-12-26 05:00:00
111.1506,111.8388,110.7915,111.4299,1766984400,1632200.0,2025-12-29 05:00:00
110.6718,111.2104,110.3926,110.9411,1767070800,1418400.0,2025-12-30 05:00:00
109.2256,110.7117,109.0959,110.602,1767157200,2103100.0,2025-12-31 05:00:00
111.2703,111.8887,108.7169,109.5049,1767330000,3809300.0,2026-01-02 05:00:00
112.6267,112.8362,111.011,111.2404,1767589200,3149700.0,2026-01-05 05:00:00
116.7759,118.9004,113.0357,113.1953,1767675600,6441100.0,2026-01-06 05:00:00
115.0006,117.2148,114.841,116.4667,1767762000,2938500.0,2026-01-07 05:00:00
117.893,118.7408,113.5244,113.5244,1767848400,2745500.0,2026-01-08 05:00:00
118.4915,118.7109,116.367,117.8531,1767934800,1995300.0,2026-01-09 05:00:00
118.1524,118.3219,116.4169,117.4442,1768194000,2866500.0,2026-01-12 05:00:00
119.1198,119.3293,117.135,118.1524,1768280400,2709600.0,2026-01-13 05:00:00
118.691,120.217,118.2721,119.1398,1768366800,3442400.0,2026-01-14 05:00:00
121.6034,122.3315,119.1697,119.7183,1768453200,3561300.0,2026-01-15 05:00:00
121.0448,121.6732,120.0674,121.6632,1768539600,3325900.0,2026-01-16 05:00:00
119.07,120.4464,118.5713,119.4989,1768885200,2124300.0,2026-01-20 05:00:00
122.9399,123.668,119.6385,119.7283,1768971600,3005700.0,2026-01-21 05:00:00
123.2391,124.2066,122.521,123.299,1769058000,2810300.0,2026-01-22 05:00:00
121.6832,123.4685,121.0947,122.9499,1769144400,2355000.0,2026-01-23 05:00:00
121.7929,122.2417,119.9676,121.374,1769403600,3142700.0,2026-01-26 05:00:00
120.4963,121.1246,116.1974,116.1974,1769490000,5224300.0,2026-01-27 05:00:00
122.7404,125.0344,121.7929,122.2916,1769576400,3930700.0,2026-01-28 05:00:00
122.9997,123.8376,121.4338,122.9199,1769662800,4478500.0,2026-01-29 05:00:00
122.5908,122.9499,120.5661,121.5735,1769749200,2374000.0,2026-01-30 05:00:00
124.2864,124.3861,121.5236,121.7231,1770008400,2944500.0,2026-02-02 05:00:00
127.5678,128.0865,124.5258,124.5258,1770094800,4138100.0,2026-02-03 05:00:00
128.4456,131.5375,127.6476,128.8844,1770181200,6078000.0,2026-02-04 05:00:00
127.0891,128.4356,126.1116,127.7673,1770267600,4253300.0,2026-02-05 05:00:00
127.0193,128.6051,126.0119,127.2886,1770354000,4392300.0,2026-02-06 05:00:00
126.9295,127.4083,124.9846,126.4009,1770613200,3069300.0,2026-02-09 05:00:00
126.74,127.6676,126.0717,126.8497,1770699600,2281600.0,2026-02-10 05:00:00
129.48,130.19,126.63,126.73,1770786000,3286800.0,2026-02-11 05:00:00
124.84,130.7,124.67,130.37,1770872400,3784900.0,2026-02-12 05:00:00
127.0,127.59,124.4,124.8,1770958800,3367600.0,2026-02-13 05:00:00
126.52,127.75,125.98,126.81,1771304400,2850200.0,2026-02-17 05:00:00
125.17,127.17,124.9,126.81,1771390800,3285200.0,2026-02-18 05:00:00
124.9,125.33,124.0,125.12,1771477200,3799200.0,2026-02-19 05:00:00
128.46,128.48,123.82,124.14,1771563600,3452100.0,2026-02-20 05:00:00
126.06,129.96,125.04,127.84,1771822800,2461300.0,2026-02-23 05:00:00
126.25,127.17,125.53,125.93,1771909200,3375700.0,2026-02-24 05:00:00
124.58,127.24,123.89,126.71,1771995600,3830700.0,2026-02-25 05:00:00
124.08,126.06,123.66,125.17,1772082000,3847000.0,2026-02-26 05:00:00
126.09,126.17,122.67,123.09,1772168400,5249500.0,2026-02-27 05:00:00
124.43,125.41,122.12,124.64,1772427600,2655000.0,2026-03-02 05:00:00
121.19,123.05,120.58,123.05,1772514000,2649400.0,2026-03-03 05:00:00
124.92,126.08,123.75,124.56,1772600400,4847900.0,2026-03-04 05:00:00
123.34,123.55,121.11,123.19,1772686800,3734600.0,2026-03-05 05:00:00
120.43,121.78,119.94,120.87,1772773200,3453500.0,2026-03-06 05:00:00
120.67,121.17,116.55,118.79,1773028800,3473600.0,2026-03-09 04:00:00
119.02,121.2,118.79,120.27,1773115200,2122400.0,2026-03-10 04:00:00
118.12,118.57,116.78,118.3,1773201600,1812100.0,2026-03-11 04:00:00
116.82,118.88,116.68,117.33,1773288000,2690600.0,2026-03-12 04:00:00
115.34,118.09,114.94,117.82,1773374400,2629900.0,2026-03-13 04:00:00
115.63,116.51,114.15,116.23,1773633600,2603700.0,2026-03-16 04:00:00
115.43,116.69,114.5,115.71,1773720000,1867400.0,2026-03-17 04:00:00
114.69,116.0,114.0,115.43,1773806400,1727000.0,2026-03-18 04:00:00
112.85,114.77,112.16,114.42,1773892800,2520800.0,2026-03-19 04:00:00
111.26,113.37,110.36,112.62,1773979200,5411900.0,2026-03-20 04:00:00
114.32,115.08,112.85,114.55,1774238400,2848600.0,2026-03-23 04:00:00
115.8,117.02,112.99,113.11,1774324800,1860200.0,2026-03-24 04:00:00
116.34,117.59,116.21,116.97,1774411200,2967900.0,2026-03-25 04:00:00
115.33,117.07,115.04,116.09,1774497600,2492700.0,2026-03-26 04:00:00
112.75,115.23,112.54,115.19,1774584000,2376900.0,2026-03-27 04:00:00
112.47,114.01,112.03,114.01,1774843200,2193600.0,2026-03-30 04:00:00
115.5,116.39,113.11,113.77,1774929600,2459800.0,2026-03-31 04:00:00
117.65,118.0,115.78,115.78,1775016000,2646200.0,2026-04-01 04:00:00
118.32,118.59,115.24,115.72,1775102400,2068200.0,2026-04-02 04:00:00
118.32,118.69,117.44,117.88,1775448000,2095100.0,2026-04-06 04:00:00
118.2,118.46,117.0,117.68,1775534400,1780300.0,2026-04-07 04:00:00
124.19,124.43,120.3,120.3,1775620800,3011100.0,2026-04-08 04:00:00
127.05,127.3,123.72,124.18,1775707200,2331800.0,2026-04-09 04:00:00
127.19,127.94,126.47,127.39,1775793600,2467900.0,2026-04-10 04:00:00
