close,high,low,open,time,volume,date
200.886,204.3773,199.2447,200.0703,1603166400,4867700.0,2020-10-20 04:00:00
211.9369,214.6822,204.9244,207.1923,1603252800,17247200.0,2020-10-21 04:00:00
202.8455,211.2108,201.065,210.7731,1603339200,12398300.0,2020-10-22 04:00:00
201.9602,205.1432,200.14,205.1432,1603425600,6644700.0,2020-10-23 04:00:00
196.1712,202.8057,194.0127,199.5929,1603684800,7716000.0,2020-10-26 04:00:00
199.3641,200.2494,196.6685,197.7328,1603771200,4754400.0,2020-10-27 04:00:00
191.2873,197.335,190.4816,195.9126,1603857600,8050000.0,2020-10-28 04:00:00
194.0028,196.5392,191.2873,193.0479,1603944000,7627100.0,2020-10-29 04:00:00
185.1402,194.2912,181.9472,192.2621,1604030400,12029700.0,2020-10-30 04:00:00
186.7615,191.6802,184.0659,188.0048,1604293200,14386000.0,2020-11-02 05:00:00
178.8538,187.7462,173.8803,176.9937,1604379600,31656000.0,2020-11-03 05:00:00
193.2568,193.963,183.1309,185.7668,1604466000,16107000.0,2020-11-04 05:00:00
203.4722,203.8302,198.3098,201.2242,1604552400,15188500.0,2020-11-05 05:00:00
201.6519,203.8302,197.4941,203.5119,1604638800,8075100.0,2020-11-06 05:00:00
183.7377,195.0273,183.4591,194.6991,1604898000,18986400.0,2020-11-09 05:00:00
182.3849,185.7171,177.6502,183.9963,1604984400,13144300.0,2020-11-10 05:00:00
191.3171,192.0731,185.4087,186.5009,1605070800,9151700.0,2020-11-11 05:00:00
188.0944,193.8635,187.4279,192.9186,1605157200,7096100.0,2020-11-12 05:00:00
187.6169,190.7104,185.8563,190.0907,1605243600,6017200.0,2020-11-13 05:00:00
190.9193,191.3569,182.5639,184.2052,1605502800,10127800.0,2020-11-16 05:00:00
191.2773,193.595,189.6162,191.1082,1605589200,6448800.0,2020-11-17 05:00:00
189.1089,191.9239,188.532,191.5658,1605675600,8095400.0,2020-11-18 05:00:00
189.8848,191.7249,188.5619,189.8052,1605762000,9391500.0,2020-11-19 05:00:00
191.6454,193.6944,189.9445,191.4464,1605848400,11514100.0,2020-11-20 05:00:00
199.752,201.0849,192.8887,193.4955,1606107600,12020000.0,2020-11-23 05:00:00
204.9045,205.9778,197.8025,202.9151,1606194000,14781600.0,2020-11-24 05:00:00
213.3195,214.921,205.1333,205.193,1606280400,13817500.0,2020-11-25 05:00:00
210.2658,212.7028,207.5106,212.0662,1606453200,5363200.0,2020-11-27 05:00:00
212.9813,214.6822,205.9887,211.3799,1606712400,12976100.0,2020-11-30 05:00:00
215.3884,219.397,213.2001,215.9952,1606798800,10137400.0,2020-12-01 05:00:00
211.4296,214.6026,209.3806,214.4534,1606885200,7537400.0,2020-12-02 05:00:00
213.3991,215.7764,211.9767,212.1955,1606971600,7645200.0,2020-12-03 05:00:00
216.6119,217.3907,211.8772,213.7373,1607058000,6214600.0,2020-12-04 05:00:00
216.771,218.1537,215.1597,216.2339,1607317200,5363400.0,2020-12-07 05:00:00
215.7863,217.5568,214.4236,215.1746,1607403600,5419600.0,2020-12-08 05:00:00
209.679,217.7757,208.1372,215.846,1607490000,7807500.0,2020-12-09 05:00:00
214.1948,215.0801,205.551,207.2519,1607576400,6556800.0,2020-12-10 05:00:00
212.9216,213.8566,209.301,212.2552,1607662800,4283400.0,2020-12-11 05:00:00
219.6158,221.9732,213.8566,214.8016,1607922000,9759400.0,2020-12-14 05:00:00
220.4215,221.1278,215.9654,220.7498,1608008400,6508100.0,2020-12-15 05:00:00
228.9758,229.9207,223.4155,223.6045,1608094800,10110000.0,2020-12-16 05:00:00
234.2576,236.8338,231.1641,233.2629,1608181200,8914100.0,2020-12-17 05:00:00
235.1926,235.9087,231.0447,235.4014,1608267600,11534700.0,2020-12-18 05:00:00
236.4558,238.476,230.9662,231.3829,1608526800,8156000.0,2020-12-21 05:00:00
242.1951,242.3841,236.8238,238.8878,1608613200,6331700.0,2020-12-22 05:00:00
238.1667,242.9511,237.0626,242.3045,1608699600,6421300.0,2020-12-23 05:00:00
237.3709,240.8324,236.8238,239.0818,1608786000,3053800.0,2020-12-24 05:00:00
234.4764,242.2051,233.9989,242.2051,1609131600,7079500.0,2020-12-28 05:00:00
229.8014,234.9936,228.4586,234.745,1609218000,8316100.0,2020-12-29 05:00:00
230.2788,232.5964,228.7968,230.9552,1609304400,6017600.0,2020-12-30 05:00:00
232.9545,233.4419,228.4685,230.7662,1609390800,5002700.0,2020-12-31 05:00:00
230.6867,236.7313,226.325,236.5354,1609736400,8148700.0,2021-01-04 05:00:00
233.6608,234.3869,228.5779,229.2444,1609822800,5047800.0,2021-01-05 05:00:00
225.6237,231.2536,224.5017,227.7225,1609909200,9211700.0,2021-01-06 05:00:00
233.79,234.3471,228.001,228.2397,1609995600,7107900.0,2021-01-07 05:00:00
241.1706,241.6182,234.8136,236.1673,1610082000,6767700.0,2021-01-08 05:00:00
236.237,239.5592,232.8451,236.7741,1610341200,5073100.0,2021-01-11 05:00:00
236.3762,237.5301,232.5865,236.3563,1610427600,4136600.0,2021-01-12 05:00:00
243.5976,246.1241,235.2821,235.3119,1610514000,7354900.0,2021-01-13 05:00:00
240.7727,248.5213,240.2555,245.5572,1610600400,6976700.0,2021-01-14 05:00:00
238.5148,243.2624,233.7841,240.9617,1610686800,8373300.0,2021-01-15 05:00:00
245.9351,247.4172,239.7184,242.0061,1611032400,7436800.0,2021-01-19 05:00:00
242.961,248.3223,242.8417,247.5266,1611118800,5803200.0,2021-01-20 05:00:00
247.3177,249.0385,242.2846,245.3582,1611205200,10336600.0,2021-01-21 05:00:00
250.6599,253.0372,244.8907,245.3383,1611291600,7800500.0,2021-01-22 05:00:00
246.4325,253.0372,240.9319,252.4503,1611550800,8499400.0,2021-01-25 05:00:00
239.7184,247.4371,238.7535,245.587,1611637200,7883000.0,2021-01-26 05:00:00
228.7172,234.1481,223.8034,233.4519,1611723600,11787000.0,2021-01-27 05:00:00
236.5254,240.2704,230.9751,233.7503,1611810000,8295500.0,2021-01-28 05:00:00
233.0639,239.589,231.4227,237.3809,1611896400,9805800.0,2021-01-29 05:00:00
240.5638,242.8417,234.1481,237.1023,1612155600,7788200.0,2021-02-01 05:00:00
247.7753,248.8595,239.2509,242.3145,1612242000,7082800.0,2021-02-02 05:00:00
250.5604,252.9626,246.0744,252.6095,1612328400,13545700.0,2021-02-03 05:00:00
268.9919,273.4779,259.4628,263.9289,1612414800,23840900.0,2021-02-04 05:00:00
268.0071,268.5641,263.3023,267.1815,1612501200,7978600.0,2021-02-05 05:00:00
280.6694,281.1956,273.1635,275.4076,1612760400,10065500.0,2021-02-08 05:00:00
282.6886,285.3643,275.0395,278.8889,1612846800,8697000.0,2021-02-09 05:00:00
281.674,284.5586,276.9205,283.5838,1612933200,9364500.0,2021-02-10 05:00:00
283.5142,300.4935,280.1025,285.802,1613019600,21371100.0,2021-02-11 05:00:00
296.7833,297.7481,287.7814,291.0838,1613106000,11882200.0,2021-02-12 05:00:00
303.1692,307.496,296.5943,304.7706,1613451600,13597700.0,2021-02-16 05:00:00
295.6195,299.8966,289.0148,296.0472,1613538000,9879800.0,2021-02-17 05:00:00
289.2635,291.412,283.5142,289.5818,1613624400,9715500.0,2021-02-18 05:00:00
285.3942,292.3768,283.9419,290.5665,1613710800,9413800.0,2021-02-19 05:00:00
272.3937,283.4844,271.8367,279.9234,1613970000,13132500.0,2021-02-22 05:00:00
263.5907,265.8288,251.2169,258.309,1614056400,20440300.0,2021-02-23 05:00:00
264.655,267.2372,257.7221,264.6898,1614142800,10840000.0,2021-02-24 05:00:00
252.5896,264.5854,250.083,261.3627,1614229200,13403300.0,2021-02-25 05:00:00
258.4681,260.4674,251.768,256.0809,1614315600,11915200.0,2021-02-26 05:00:00
272.1749,273.08,264.3069,267.465,1614574800,10558500.0,2021-03-01 05:00:00
267.7585,276.0243,267.4799,274.4924,1614661200,8484900.0,2021-03-02 05:00:00
253.7036,266.2366,251.9032,263.6106,1614747600,10841800.0,2021-03-03 05:00:00
237.7986,253.445,231.0348,250.4211,1614834000,18878800.0,2021-03-04 05:00:00
237.7787,242.4517,221.9036,241.8271,1614920400,16830200.0,2021-03-05 05:00:00
224.8876,240.0466,224.45,237.729,1615179600,13340300.0,2021-03-08 05:00:00
240.4743,243.1401,234.7847,239.6985,1615266000,12071200.0,2021-03-09 05:00:00
240.7827,248.6307,239.9869,247.9842,1615352400,9508000.0,2021-03-10 05:00:00
252.4801,253.5643,245.219,245.8058,1615438800,9234200.0,2021-03-11 05:00:00
249.0186,250.2103,243.0038,248.1632,1615525200,7609700.0,2021-03-12 05:00:00
248.6506,250.6599,245.4776,250.081,1615780800,7052100.0,2021-03-15 04:00:00
247.9842,253.4251,246.2335,252.0723,1615867200,7370400.0,2021-03-16 04:00:00
250.1327,253.1078,241.6082,244.5326,1615953600,6340100.0,2021-03-17 04:00:00
237.1422,245.955,236.5354,245.1493,1616040000,9318900.0,2021-03-18 04:00:00
239.9969,241.8569,235.8689,238.3557,1616126400,10555100.0,2021-03-19 04:00:00
243.0854,245.6367,239.5692,240.7429,1616385600,5790200.0,2021-03-22 04:00:00
242.4736,245.5273,240.9617,244.2442,1616472000,5093200.0,2021-03-23 04:00:00
233.0242,243.6672,232.5169,243.1898,1616558400,6097300.0,2021-03-24 04:00:00
232.9943,234.0885,226.3101,231.3929,1616644800,8846600.0,2021-03-25 04:00:00
239.7482,240.0267,231.0646,232.3766,1616731200,8217600.0,2021-03-26 04:00:00
234.4167,241.9067,232.3677,240.2953,1616990400,7510900.0,2021-03-29 04:00:00
235.2821,237.0924,231.3929,235.6203,1617076800,6242000.0,2021-03-30 04:00:00
241.5486,243.9259,236.0082,236.8437,1617163200,7633400.0,2021-03-31 04:00:00
246.2236,251.3054,244.7316,246.7209,1617249600,6990100.0,2021-04-01 04:00:00
249.6851,250.4211,244.3934,249.1778,1617595200,5744400.0,2021-04-05 04:00:00
251.8435,253.6439,248.1732,250.3117,1617681600,5580400.0,2021-04-06 04:00:00
254.2407,257.8415,249.7348,251.7291,1617768000,7243200.0,2021-04-07 04:00:00
263.0934,263.5907,256.7971,258.7765,1617854400,9059100.0,2021-04-08 04:00:00
265.3513,265.5204,259.99,261.5815,1617940800,6689700.0,2021-04-09 04:00:00
267.5993,268.8924,261.1935,263.9787,1618200000,6681200.0,2021-04-12 04:00:00
273.9653,275.3976,269.5588,269.8244,1618286400,7284400.0,2021-04-13 04:00:00
265.789,276.3823,264.7844,274.3731,1618372800,8507200.0,2021-04-14 04:00:00
272.5429,274.6516,268.7233,269.9169,1618459200,7542800.0,2021-04-15 04:00:00
268.4348,272.6921,267.1617,271.7074,1618545600,6061600.0,2021-04-16 04:00:00
266.4853,267.0721,262.4966,265.7094,1618804800,5258200.0,2021-04-19 04:00:00
263.0238,271.1304,260.8454,268.1862,1618891200,6208400.0,2021-04-20 04:00:00
263.4813,264.5854,257.8912,260.0198,1618977600,4669100.0,2021-04-21 04:00:00
260.8752,266.7339,258.0205,263.72,1619064000,5983200.0,2021-04-22 04:00:00
264.6152,266.3659,259.5821,259.5821,1619150400,6297500.0,2021-04-23 04:00:00
270.275,270.3048,264.5059,265.2419,1619409600,5327800.0,2021-04-26 04:00:00
267.3904,272.3638,266.6046,270.6032,1619496000,4296200.0,2021-04-27 04:00:00
269.6483,273.7862,265.7492,267.3287,1619582400,5530300.0,2021-04-28 04:00:00
266.4256,272.4135,262.1285,271.8068,1619668800,5663700.0,2021-04-29 04:00:00
260.8951,264.7346,260.2088,263.5907,1619755200,6594500.0,2021-04-30 04:00:00
257.7122,264.3865,254.8176,263.6504,1620014400,7522000.0,2021-05-03 04:00:00
248.8297,255.4343,245.3383,254.37,1620100800,9217300.0,2021-05-04 04:00:00
246.0843,253.5643,244.9355,253.5643,1620187200,9507300.0,2021-05-05 04:00:00
250.6798,254.9459,243.8065,254.6386,1620273600,17998700.0,2021-05-06 04:00:00
252.0126,257.2646,250.3018,254.559,1620360000,10170000.0,2021-05-07 04:00:00
242.3344,251.0677,242.1553,250.6748,1620619200,8909200.0,2021-05-10 04:00:00
247.278,249.2225,232.3677,233.7503,1620705600,9258200.0,2021-05-11 04:00:00
238.6342,245.1891,237.55,239.3096,1620792000,8649800.0,2021-05-12 04:00:00
239.5194,244.3735,236.5354,240.6335,1620878400,7274000.0,2021-05-13 04:00:00
244.9802,245.8058,240.9816,242.7213,1620964800,6729700.0,2021-05-14 04:00:00
243.0605,244.9305,239.3205,243.8463,1621224000,5185100.0,2021-05-17 04:00:00
241.9166,246.1191,241.3646,242.2051,1621310400,4726800.0,2021-05-18 04:00:00
243.3291,244.0353,233.8597,234.6057,1621396800,7210500.0,2021-05-19 04:00:00
250.2023,251.5849,244.0452,245.6765,1621483200,8112900.0,2021-05-20 04:00:00
249.3568,253.8528,249.0783,252.4513,1621569600,6842200.0,2021-05-21 04:00:00
255.8024,256.2301,251.0876,252.7785,1621828800,6370100.0,2021-05-24 04:00:00
257.2745,258.9853,255.9118,257.1253,1621915200,6048100.0,2021-05-25 04:00:00
259.98,260.925,257.7818,258.3985,1622001600,5405300.0,2021-05-26 04:00:00
258.0901,259.2539,254.9171,258.478,1622088000,7051200.0,2021-05-27 04:00:00
258.6372,261.7506,258.488,259.6816,1622174400,4281800.0,2021-05-28 04:00:00
257.8912,262.0192,255.1558,259.6916,1622520000,5869600.0,2021-06-01 04:00:00
260.7758,263.3719,258.1995,259.0948,1622606400,6801800.0,2021-06-02 04:00:00
256.4191,259.5921,254.7878,257.0258,1622692800,4947100.0,2021-06-03 04:00:00
261.6411,262.0589,257.7718,258.1339,1622779200,4086100.0,2021-06-04 04:00:00
259.2141,261.5417,258.8063,261.0841,1623038400,3979800.0,2021-06-07 04:00:00
261.7505,263.1431,259.1793,260.1829,1623124800,4427000.0,2021-06-08 04:00:00
262.1982,266.7727,261.86,263.5907,1623211200,4653000.0,2021-06-09 04:00:00
268.037,268.216,260.2983,261.671,1623297600,6055700.0,2021-06-10 04:00:00
270.0064,270.454,266.9726,267.3208,1623384000,4494600.0,2021-06-11 04:00:00
273.4679,273.5077,269.161,270.454,1623643200,5174200.0,2021-06-14 04:00:00
270.4441,273.269,269.2405,273.269,1623729600,5371100.0,2021-06-15 04:00:00
267.3904,273.6967,263.8991,270.0064,1623816000,6874600.0,2021-06-16 04:00:00
276.631,277.8863,267.0323,267.0721,1623902400,8071100.0,2021-06-17 04:00:00
281.873,284.857,273.3983,273.8359,1623988800,14713400.0,2021-06-18 04:00:00
281.5945,282.7931,275.2534,281.7725,1624248000,7287800.0,2021-06-21 04:00:00
285.2251,285.9313,278.7298,280.2019,1624334400,6049400.0,2021-06-22 04:00:00
286.5878,287.0155,283.2655,284.4194,1624420800,4966700.0,2021-06-23 04:00:00
291.6507,294.4358,288.0997,288.6368,1624507200,7160300.0,2021-06-24 04:00:00
288.0599,291.3125,286.2695,291.044,1624593600,6616900.0,2021-06-25 04:00:00
292.0883,292.6951,288.2389,289.3033,1624852800,5058600.0,2021-06-28 04:00:00
291.2031,293.6102,289.9796,291.412,1624939200,4333200.0,2021-06-29 04:00:00
289.9299,291.1434,287.9704,289.9797,1625025600,4236000.0,2021-06-30 04:00:00
287.4631,290.3476,284.2403,288.786,1625112000,5647400.0,2021-07-01 04:00:00
288.6965,290.8749,287.3835,289.3928,1625198400,4169400.0,2021-07-02 04:00:00
291.0837,292.9597,287.9803,288.4926,1625544000,5043500.0,2021-07-06 04:00:00
295.5499,297.7173,290.3576,293.3317,1625630400,6713900.0,2021-07-07 04:00:00
293.4809,294.2916,287.9207,290.5466,1625716800,5912000.0,2021-07-08 04:00:00
298.6135,299.2302,293.4312,294.8337,1625803200,5543300.0,2021-07-09 04:00:00
301.3588,301.886,296.9723,300.762,1626062400,5456000.0,2021-07-12 04:00:00
299.5883,306.183,297.1613,300.583,1626148800,7235000.0,2021-07-13 04:00:00
299.1506,303.189,297.7381,301.3986,1626235200,4848200.0,2021-07-14 04:00:00
294.9332,299.5783,292.5758,299.26,1626321600,4943500.0,2021-07-15 04:00:00
293.0632,297.1613,292.8742,295.6494,1626408000,4268900.0,2021-07-16 04:00:00
293.282,293.4998,287.2741,290.7953,1626667200,5681500.0,2021-07-19 04:00:00
296.4849,298.4344,290.0194,293.9435,1626753600,5424100.0,2021-07-20 04:00:00
300.1652,300.2248,294.6248,294.9132,1626840000,5497100.0,2021-07-21 04:00:00
302.075,302.9503,300.2647,300.4149,1626926400,3601500.0,2021-07-22 04:00:00
306.8893,307.8292,302.5823,304.134,1627012800,4231100.0,2021-07-23 04:00:00
305.1684,308.5106,303.6068,308.0132,1627272000,3805900.0,2021-07-26 04:00:00
298.882,304.7109,293.3218,303.8753,1627358400,6938400.0,2021-07-27 04:00:00
300.3741,300.8217,295.2017,299.1407,1627444800,9185000.0,2021-07-28 04:00:00
281.6641,287.4631,280.1025,283.8524,1627531200,18237000.0,2021-07-29 04:00:00
274.0647,279.0083,272.7517,278.7546,1627617600,11693300.0,2021-07-30 04:00:00
269.5489,275.4125,268.9918,275.4125,1627876800,10082800.0,2021-08-02 04:00:00
272.0455,273.08,268.1364,270.6132,1627963200,8323000.0,2021-08-03 04:00:00
274.0349,274.6247,269.2306,272.6135,1628049600,6616900.0,2021-08-04 04:00:00
279.1774,279.4658,274.3532,275.6264,1628136000,7354200.0,2021-08-05 04:00:00
278.0534,280.8683,275.3976,278.511,1628222400,6086300.0,2021-08-06 04:00:00
276.6708,279.6051,275.9845,278.7298,1628481600,3823000.0,2021-08-09 04:00:00
272.9109,278.9983,271.0508,277.4566,1628568000,6264100.0,2021-08-10 04:00:00
274.9401,276.7553,271.6775,275.9666,1628654400,5785900.0,2021-08-11 04:00:00
273.1297,275.3329,271.6079,272.7915,1628740800,4509100.0,2021-08-12 04:00:00
273.448,275.3379,273.1496,274.7013,1628827200,4097200.0,2021-08-13 04:00:00
276.8001,277.7053,272.1052,272.2743,1629086400,5283700.0,2021-08-16 04:00:00
269.6583,274.0797,267.649,273.7862,1629172800,7966100.0,2021-08-17 04:00:00
267.4103,271.3194,267.0522,269.5688,1629259200,4830900.0,2021-08-18 04:00:00
269.141,270.5634,265.1852,265.7691,1629345600,5119900.0,2021-08-19 04:00:00
271.5084,272.4782,268.1066,268.1066,1629432000,4179500.0,2021-08-20 04:00:00
275.507,276.81,271.5681,274.2835,1629691200,5507500.0,2021-08-23 04:00:00
278.0236,278.0932,275.0385,277.4466,1629777600,3542600.0,2021-08-24 04:00:00
276.2133,278.3419,275.2981,278.328,1629864000,4392600.0,2021-08-25 04:00:00
272.1649,277.198,272.0654,276.4122,1629950400,3626400.0,2021-08-26 04:00:00
276.8498,277.4069,272.2146,272.5727,1630036800,3917000.0,2021-08-27 04:00:00
286.9359,288.8616,277.5958,278.123,1630296000,14631000.0,2021-08-30 04:00:00
287.1249,291.0937,282.8279,289.3828,1630382400,8911800.0,2021-08-31 04:00:00
285.2251,289.353,284.8371,288.5573,1630468800,5568300.0,2021-09-01 04:00:00
284.0116,287.3636,283.7331,287.3636,1630555200,4645500.0,2021-09-02 04:00:00
287.5924,288.8358,282.8876,283.5142,1630641600,5285700.0,2021-09-03 04:00:00
291.7004,292.1182,286.5082,288.8656,1630987200,6787500.0,2021-09-07 04:00:00
283.7131,295.1221,281.8232,294.9729,1631073600,11039300.0,2021-09-08 04:00:00
285.3544,287.8311,283.5639,285.9213,1631160000,4170000.0,2021-09-09 04:00:00
282.808,287.4631,282.5991,287.0652,1631246400,3816600.0,2021-09-10 04:00:00
278.9984,285.6627,276.3227,285.1952,1631505600,4836500.0,2021-09-13 04:00:00
280.739,281.6641,278.2225,280.3452,1631592000,4216700.0,2021-09-14 04:00:00
280.928,284.2304,278.0136,282.6985,1631678400,4056800.0,2021-09-15 04:00:00
281.4652,282.1814,278.8989,279.5455,1631764800,3606700.0,2021-09-16 04:00:00
274.8704,280.9977,274.4527,280.6794,1631851200,8117200.0,2021-09-17 04:00:00
268.4746,271.5482,264.2671,270.1059,1632110400,7728300.0,2021-09-20 04:00:00
268.0568,270.8509,266.3758,270.3048,1632196800,4326100.0,2021-09-21 04:00:00
270.8917,272.0157,265.0828,269.0217,1632283200,5574100.0,2021-09-22 04:00:00
277.6158,278.4612,272.324,272.9905,1632369600,5409600.0,2021-09-23 04:00:00
276.631,276.8498,273.2292,274.5521,1632456000,3985800.0,2021-09-24 04:00:00
271.9361,275.3081,270.7385,273.3187,1632715200,4614900.0,2021-09-27 04:00:00
260.7957,269.9965,260.2884,268.4597,1632801600,8352400.0,2021-09-28 04:00:00
257.6227,263.0536,255.5239,262.1087,1632888000,6829100.0,2021-09-29 04:00:00
258.8262,262.0689,257.3541,258.2692,1632974400,5321700.0,2021-09-30 04:00:00
263.2426,264.4064,258.7267,260.0646,1633060800,4560400.0,2021-10-01 04:00:00
253.6539,261.1737,250.252,260.4456,1633320000,7267200.0,2021-10-04 04:00:00
258.7665,261.3726,252.2414,253.8627,1633406400,6326600.0,2021-10-05 04:00:00
262.6557,262.984,254.6684,254.9271,1633492800,4615300.0,2021-10-06 04:00:00
262.1385,267.2641,261.671,264.5357,1633579200,5276400.0,2021-10-07 04:00:00
258.677,264.0582,258.4184,263.546,1633665600,4095900.0,2021-10-08 04:00:00
253.6936,259.2738,253.3356,256.5583,1633924800,5031700.0,2021-10-11 04:00:00
254.4894,256.5981,252.4304,254.6386,1634011200,4289300.0,2021-10-12 04:00:00
254.9967,259.8507,252.8929,257.3541,1634097600,6024100.0,2021-10-13 04:00:00
265.0331,265.9879,258.8163,260.1094,1634184000,7850600.0,2021-10-14 04:00:00
266.9229,268.2866,264.0284,267.272,1634270400,5007900.0,2021-10-15 04:00:00
268.8924,269.0018,263.3023,264.9733,1634529600,4367100.0,2021-10-18 04:00:00
270.2551,271.8168,268.4,269.5688,1634616000,3985900.0,2021-10-19 04:00:00
256.986,272.0555,251.754,271.5482,1634702400,31271700.0,2021-10-20 04:00:00
241.9166,257.5828,241.6878,257.2347,1634788800,42508900.0,2021-10-21 04:00:00
239.1216,245.3483,238.475,242.4338,1634875200,24170900.0,2021-10-22 04:00:00
245.5671,254.1611,244.5127,253.5991,1635134400,23046700.0,2021-10-25 04:00:00
241.7077,248.5512,239.7283,248.1234,1635220800,14404300.0,2021-10-26 04:00:00
233.6906,243.3887,232.676,242.5532,1635307200,19043900.0,2021-10-27 04:00:00
235.5705,236.6746,231.5421,235.7396,1635393600,14288300.0,2021-10-28 04:00:00
231.3531,237.6295,230.4778,234.178,1635480000,13010800.0,2021-10-29 04:00:00
230.05,232.308,228.9658,231.4625,1635739200,14054900.0,2021-11-01 04:00:00
228.2397,231.5232,226.5886,231.3033,1635825600,12676700.0,2021-11-02 04:00:00
229.1548,229.6721,224.1118,227.1157,1635912000,14178000.0,2021-11-03 04:00:00
227.0063,230.6867,223.8035,230.3783,1635998400,14158900.0,2021-11-04 04:00:00
224.5793,229.1946,223.4056,228.7769,1636084800,16665600.0,2021-11-05 04:00:00
228.1999,229.7417,225.0468,226.7477,1636347600,23213900.0,2021-11-08 05:00:00
204.3276,211.2705,199.6128,211.2705,1636434000,63995100.0,2021-11-09 05:00:00
203.5517,207.0928,201.7016,203.0146,1636520400,23585900.0,2021-11-10 05:00:00
200.9556,207.2022,200.4881,206.8143,1636606800,17712100.0,2021-11-11 05:00:00
207.1923,208.9031,200.4125,202.1691,1636693200,20954600.0,2021-11-12 05:00:00
211.4097,213.0698,209.5894,211.0914,1636952400,17433100.0,2021-11-15 05:00:00
214.5231,214.8215,210.6438,213.7472,1637038800,16697500.0,2021-11-16 05:00:00
205.1731,212.8321,202.2686,210.0221,1637125200,23095600.0,2021-11-17 05:00:00
199.4337,206.3965,198.1406,205.8892,1637211600,19980100.0,2021-11-18 05:00:00
192.5804,201.4231,192.0433,201.1148,1637298000,24607500.0,2021-11-19 05:00:00
188.4723,192.8688,183.295,192.5903,1637557200,29956600.0,2021-11-22 05:00:00
187.05,189.7754,184.2151,188.1491,1637643600,20004500.0,2021-11-23 05:00:00
187.7065,188.6315,183.7576,186.0055,1637730000,13359100.0,2021-11-24 05:00:00
186.7913,191.9736,185.8364,187.3782,1637902800,11080400.0,2021-11-26 05:00:00
186.2443,188.8901,181.4598,187.9153,1638162000,16308200.0,2021-11-29 05:00:00
183.9068,187.8208,179.5401,185.4784,1638248400,21144300.0,2021-11-30 05:00:00
178.3664,189.3377,178.1973,186.7714,1638334800,19491300.0,2021-12-01 05:00:00
186.1547,187.796,178.7742,179.1472,1638421200,20422700.0,2021-12-02 05:00:00
182.9518,186.8013,178.3365,186.7316,1638507600,20737500.0,2021-12-03 05:00:00
183.8769,185.0805,178.247,182.4346,1638766800,13303400.0,2021-12-06 05:00:00
190.0042,191.8025,187.4279,187.6667,1638853200,17772700.0,2021-12-07 05:00:00
196.3005,196.6387,189.0791,190.9292,1638939600,14433200.0,2021-12-08 05:00:00
190.7303,195.3754,190.4219,195.0173,1639026000,11550700.0,2021-12-09 05:00:00
187.5075,193.1175,185.8066,191.9139,1639112400,11908100.0,2021-12-10 05:00:00
185.3888,189.1885,184.3146,186.5029,1639371600,11812200.0,2021-12-13 05:00:00
185.8066,188.1371,181.808,182.7629,1639458000,11414200.0,2021-12-14 05:00:00
189.6461,190.0837,182.6932,184.1355,1639544400,11278500.0,2021-12-15 05:00:00
187.7462,194.2017,187.2499,193.1334,1639630800,12326100.0,2021-12-16 05:00:00
185.2098,186.8411,181.0222,186.0105,1639717200,18899800.0,2021-12-17 05:00:00
181.7085,183.4253,180.7039,181.5593,1639976400,10906800.0,2021-12-20 05:00:00
188.1342,188.2834,182.1064,182.2058,1640062800,12515500.0,2021-12-21 05:00:00
190.6606,190.7502,187.039,188.1541,1640149200,9541600.0,2021-12-22 05:00:00
190.9889,191.9299,189.2383,191.4465,1640235600,7762000.0,2021-12-23 05:00:00
190.9889,192.8887,190.0638,191.3669,1640581200,8351800.0,2021-12-27 05:00:00
189.0891,192.9683,188.1043,191.1679,1640667600,7969400.0,2021-12-28 05:00:00
188.9597,190.2528,186.8311,189.0194,1640754000,7038700.0,2021-12-29 05:00:00
190.8596,192.9186,187.9054,188.6016,1640840400,9634800.0,2021-12-30 05:00:00
187.5771,191.2077,187.3981,190.4319,1640926800,7360400.0,2021-12-31 05:00:00
193.9033,194.9577,188.9398,190.3921,1641186000,12788200.0,2022-01-03 05:00:00
190.1235,195.0571,187.1892,194.9577,1641272400,14198000.0,2022-01-04 05:00:00
186.1647,193.217,186.1547,188.8553,1641358800,13227600.0,2022-01-05 05:00:00
191.2475,193.963,184.0858,184.5334,1641445200,14206300.0,2022-01-06 05:00:00
186.6023,192.098,185.3093,189.0095,1641531600,12627300.0,2022-01-07 05:00:00
182.528,185.3216,176.9908,185.3216,1641790800,14701600.0,2022-01-10 05:00:00
191.0783,192.4052,182.1988,182.568,1641877200,12867700.0,2022-01-11 05:00:00
186.7682,191.0084,184.8527,189.2625,1641963600,13588800.0,2022-01-12 05:00:00
180.5925,190.3998,179.934,187.3469,1642050000,12779900.0,2022-01-13 05:00:00
178.0085,181.5802,174.9954,178.7368,1642136400,14374400.0,2022-01-14 05:00:00
174.0576,179.2656,173.5987,176.5519,1642482000,12721300.0,2022-01-18 05:00:00
173.1497,176.8711,172.2019,173.9479,1642568400,13715700.0,2022-01-19 05:00:00
172.8803,179.4651,172.6409,174.6063,1642654800,13992500.0,2022-01-20 05:00:00
163.1628,172.5611,162.9234,171.4038,1642741200,20051000.0,2022-01-21 05:00:00
161.796,162.0733,151.7292,155.75,1643000400,23632200.0,2022-01-24 05:00:00
157.8351,160.5389,154.9119,159.4314,1643086800,13268100.0,2022-01-25 05:00:00
156.6179,164.9487,155.1314,161.7162,1643173200,15966500.0,2022-01-26 05:00:00
157.7453,162.1751,156.1789,159.0643,1643259600,12657000.0,2022-01-27 05:00:00
163.1429,163.2626,156.4284,158.0047,1643346000,9861700.0,2022-01-28 05:00:00
171.5434,171.7629,162.8436,164.0607,1643605200,14260000.0,2022-01-31 05:00:00
175.3945,175.7936,170.1367,172.3715,1643691600,23286900.0,2022-02-01 05:00:00
132.2643,139.5773,128.7124,139.5674,1643778000,136264000.0,2022-02-02 05:00:00
124.0133,131.1468,123.5644,129.6503,1643864400,52101200.0,2022-02-03 05:00:00
125.7892,126.4078,121.12,124.1031,1643950800,33103500.0,2022-02-04 05:00:00
121.13,129.1215,120.2221,126.2881,1644210000,30384500.0,2022-02-07 05:00:00
119.9826,123.0456,118.2766,120.7409,1644296400,30862700.0,2022-02-08 05:00:00
122.6565,123.6861,119.5337,121.9281,1644382800,29475600.0,2022-02-09 05:00:00
118.7455,124.9911,118.2067,121.2597,1644469200,30012600.0,2022-02-10 05:00:00
115.0241,120.6112,114.4654,119.374,1644555600,24624900.0,2022-02-11 05:00:00
113.8568,116.361,112.7394,113.3579,1644814800,22787000.0,2022-02-14 05:00:00
115.1937,116.1315,113.7471,115.1488,1644901200,19007600.0,2022-02-15 05:00:00
110.285,114.5252,110.1254,114.4355,1644987600,28938700.0,2022-02-16 05:00:00
104.9574,111.1531,104.7479,109.7363,1645074000,33972200.0,2022-02-17 05:00:00
103.4109,106.4948,102.7924,105.7555,1645160400,28157400.0,2022-02-18 05:00:00
102.932,104.8376,101.4754,101.9144,1645506000,28422200.0,2022-02-22 05:00:00
100.4877,105.3066,100.363,104.7778,1645592400,25263600.0,2022-02-23 05:00:00
104.7778,105.0172,94.282,94.5215,1645678800,35400600.0,2022-02-24 05:00:00
110.6841,110.8438,104.2889,105.9052,1645765200,33806900.0,2022-02-25 05:00:00
111.6718,113.2731,108.6788,110.0556,1646024400,25719300.0,2022-02-28 05:00:00
106.2644,112.49,105.3175,112.47,1646110800,19597700.0,2022-03-01 05:00:00
106.3641,106.9827,103.4508,105.3664,1646197200,17023500.0,2022-03-02 05:00:00
101.1063,107.5015,100.6274,107.4117,1646283600,20330800.0,2022-03-03 05:00:00
99.6796,102.1538,98.3925,100.0088,1646370000,20151600.0,2022-03-04 05:00:00
93.3941,100.0986,93.2843,99.3403,1646629200,26529900.0,2022-03-07 05:00:00
94.6811,98.3726,92.0372,92.8254,1646715600,25130900.0,2022-03-08 05:00:00
99.9889,100.4977,97.0656,97.8937,1646802000,20811300.0,2022-03-09 05:00:00
98.3227,99.0909,96.1777,98.8216,1646888400,14703200.0,2022-03-10 05:00:00
96.3473,99.5898,95.2997,99.5199,1646974800,15141700.0,2022-03-11 05:00:00
96.6466,100.4079,94.4117,95.8235,1647230400,20988900.0,2022-03-14 04:00:00
100.2283,100.338,95.8285,98.4474,1647316800,18032900.0,2022-03-15 04:00:00
107.6711,107.691,101.655,102.1439,1647403200,24840500.0,2022-03-16 04:00:00
111.9013,111.9213,106.2244,106.3142,1647489600,21950800.0,2022-03-17 04:00:00
118.4961,119.1047,109.9758,111.2728,1647576000,31997800.0,2022-03-18 04:00:00
114.3856,117.229,112.2405,116.9496,1647835200,19888900.0,2022-03-21 04:00:00
117.5981,119.0747,114.3856,114.3856,1647921600,16746100.0,2022-03-22 04:00:00
114.3856,117.0893,113.8269,115.2635,1648008000,14430600.0,2022-03-23 04:00:00
115.7823,115.922,113.0586,115.5529,1648094400,13546700.0,2022-03-24 04:00:00
113.4976,115.922,111.8315,115.7724,1648180800,12371500.0,2022-03-25 04:00:00
115.9021,116.8299,112.1009,113.7371,1648440000,13868000.0,2022-03-28 04:00:00
120.9005,121.2697,116.7002,118.3763,1648526400,15918400.0,2022-03-29 04:00:00
118.2167,122.5267,117.7578,122.0429,1648612800,16513300.0,2022-03-30 04:00:00
115.3833,118.6158,115.3234,117.8326,1648699200,13928300.0,2022-03-31 04:00:00
116.4009,117.9673,114.7747,115.7325,1648785600,11037800.0,2022-04-01 04:00:00
121.5789,122.0379,116.6104,116.79,1649044800,15266400.0,2022-04-04 04:00:00
117.3787,122.6345,116.9327,122.5467,1649131200,12778700.0,2022-04-05 04:00:00
112.2306,115.2536,110.6043,114.9942,1649217600,16288900.0,2022-04-06 04:00:00
112.7793,114.0763,109.8461,111.2628,1649304000,12471300.0,2022-04-07 04:00:00
110.9535,112.9788,109.9957,112.0011,1649390400,10521800.0,2022-04-08 04:00:00
109.5567,111.1381,108.1899,109.4969,1649649600,10706600.0,2022-04-11 04:00:00
108.0003,112.48,107.5015,111.3825,1649736000,12493600.0,2022-04-12 04:00:00
104.9274,105.7056,102.0541,102.3534,1649822400,26481900.0,2022-04-13 04:00:00
102.074,105.4562,101.8246,104.8376,1649908800,16125800.0,2022-04-14 04:00:00
100.348,102.7624,98.9064,101.8146,1650254400,15342400.0,2022-04-18 04:00:00
103.4209,104.6182,99.6796,99.7694,1650340800,12768100.0,2022-04-19 04:00:00
94.6811,101.7149,94.2122,101.7149,1650427200,26487000.0,2022-04-20 04:00:00
89.1938,97.3849,88.6052,95.9133,1650513600,27204100.0,2022-04-21 04:00:00
85.8316,90.0418,85.7817,89.0891,1650600000,21053000.0,2022-04-22 04:00:00
87.5775,87.7272,84.2253,85.1282,1650859200,15683400.0,2022-04-25 04:00:00
83.507,86.6647,83.3773,86.5699,1650945600,17205300.0,2022-04-26 04:00:00
82.4195,86.4053,81.9306,83.3773,1651032000,24669800.0,2022-04-27 04:00:00
91.8776,92.9651,84.1754,84.8638,1651118400,42836600.0,2022-04-28 04:00:00
87.7272,94.292,87.5476,90.7901,1651204800,24872400.0,2022-04-29 04:00:00
91.3189,92.2767,86.6198,87.3481,1651464000,21340500.0,2022-05-02 04:00:00
90.5008,92.0372,89.8323,91.269,1651550400,15227600.0,2022-05-03 04:00:00
92.5061,92.6358,86.9191,90.0418,1651636800,15850600.0,2022-05-04 04:00:00
85.233,90.5207,83.9759,90.5207,1651723200,22066500.0,2022-05-05 04:00:00
81.4916,85.1731,80.7134,85.1232,1651809600,21369300.0,2022-05-06 04:00:00
79.3466,81.9506,78.6681,79.7057,1652068800,25513700.0,2022-05-09 04:00:00
78.5684,82.0803,75.9544,81.5215,1652155200,21126300.0,2022-05-10 04:00:00
74.9966,80.2046,74.847,77.5707,1652241600,16770200.0,2022-05-11 04:00:00
74.1187,76.3834,71.6653,73.5799,1652328000,29361000.0,2022-05-12 04:00:00
78.6482,79.0074,76.1939,76.1939,1652414400,17111400.0,2022-05-13 04:00:00
77.4709,78.8777,76.0123,78.4087,1652673600,15432300.0,2022-05-16 04:00:00
79.5661,81.0975,77.1317,79.7057,1652760000,12677400.0,2022-05-17 04:00:00
77.002,79.7536,76.5929,78.4187,1652846400,15955300.0,2022-05-18 04:00:00
81.0925,82.1202,76.6528,76.6528,1652932800,19779300.0,2022-05-19 04:00:00
80.3542,83.5768,77.3811,83.5169,1653019200,16887400.0,2022-05-20 04:00:00
80.9928,81.8707,79.0971,80.2545,1653278400,12309200.0,2022-05-23 04:00:00
78.4686,79.8155,77.0219,79.7057,1653364800,13309600.0,2022-05-24 04:00:00
79.9352,80.5937,77.0718,77.7802,1653451200,14075400.0,2022-05-25 04:00:00
80.2345,81.1125,79.5671,80.1846,1653537600,21681900.0,2022-05-26 04:00:00
85.0135,85.223,80.5538,80.9728,1653624000,16874100.0,2022-05-27 04:00:00
85.0135,86.3923,82.9482,84.5096,1653969600,15500000.0,2022-05-31 04:00:00
82.2898,86.5699,81.6612,85.2729,1654056000,11019100.0,2022-06-01 04:00:00
88.1163,88.4056,82.0304,82.0304,1654142400,17299800.0,2022-06-02 04:00:00
86.3304,87.8968,85.5023,86.4801,1654228800,11808300.0,2022-06-03 04:00:00
86.6098,88.7848,86.2007,87.7571,1654488000,12472000.0,2022-06-06 04:00:00
88.3857,88.6151,84.3251,84.9037,1654574400,10423800.0,2022-06-07 04:00:00
87.3082,89.114,86.6896,88.1163,1654660800,9129600.0,2022-06-08 04:00:00
83.916,87.9267,83.8761,86.6098,1654747200,11771500.0,2022-06-09 04:00:00
79.1171,81.2721,78.0695,80.2445,1654833600,19125000.0,2022-06-10 04:00:00
73.55,77.9498,73.2906,75.8546,1655092800,19674400.0,2022-06-13 04:00:00
72.2929,74.9068,71.2902,74.1286,1655179200,19289300.0,2022-06-14 04:00:00
75.6551,76.9222,72.223,73.3005,1655265600,17165600.0,2022-06-15 04:00:00
71.0657,73.8942,70.5469,73.1609,1655352000,14404300.0,2022-06-16 04:00:00
72.7319,73.4901,70.3075,71.1655,1655438400,17231100.0,2022-06-17 04:00:00
72.2031,74.827,72.1133,74.3382,1655784000,14934800.0,2022-06-21 04:00:00
72.8017,74.403,71.2144,71.7042,1655870400,13575700.0,2022-06-22 04:00:00
73.6398,73.8293,71.395,73.101,1655956800,16986800.0,2022-06-23 04:00:00
77.5008,78.4786,74.2184,74.6175,1656043200,29843800.0,2022-06-24 04:00:00
75.7649,78.2691,75.1463,77.8101,1656302400,11657200.0,2022-06-27 04:00:00
71.6544,76.7426,71.4468,75.5054,1656388800,14995000.0,2022-06-28 04:00:00
71.3052,71.9836,69.6091,71.0478,1656475200,11344500.0,2022-06-29 04:00:00
69.6789,70.7265,67.4241,70.6567,1656561600,14264700.0,2022-06-30 04:00:00
71.2353,71.5346,69.4993,69.6789,1656648000,9727300.0,2022-07-01 04:00:00
74.2284,74.3132,68.6014,70.0181,1656993600,12823700.0,2022-07-05 04:00:00
73.0711,75.2261,72.4625,74.6574,1657080000,9436600.0,2022-07-06 04:00:00
74.8669,74.9767,72.6022,73.0112,1657166400,10739800.0,2022-07-07 04:00:00
73.2606,74.5876,71.6643,72.9514,1657252800,11734500.0,2022-07-08 04:00:00
70.3075,73.111,69.9084,72.4924,1657512000,10854700.0,2022-07-11 04:00:00
71.2653,72.3428,70.2975,70.2975,1657598400,12294900.0,2022-07-12 04:00:00
71.1954,71.9038,68.352,69.0604,1657684800,12037000.0,2022-07-13 04:00:00
69.3896,70.6866,68.5515,70.3574,1657771200,9822500.0,2022-07-14 04:00:00
73.7395,73.8293,70.088,70.3673,1657857600,14155300.0,2022-07-15 04:00:00
73.959,76.3834,73.4402,74.9447,1658116800,14053100.0,2022-07-18 04:00:00
77.5607,77.7203,74.1486,75.286,1658203200,11531800.0,2022-07-19 04:00:00
80.0549,80.1248,76.6728,76.7027,1658289600,13929300.0,2022-07-20 04:00:00
82.5591,83.936,79.5361,79.606,1658376000,17900400.0,2022-07-21 04:00:00
80.8631,84.3151,80.1647,82.4594,1658462400,12379700.0,2022-07-22 04:00:00
81.4617,82.0902,78.8577,80.6635,1658721600,11219000.0,2022-07-25 04:00:00
76.8623,80.035,76.5331,79.8454,1658808000,13245400.0,2022-07-26 04:00:00
86.2207,86.8193,81.1724,82.9083,1658894400,30554900.0,2022-07-27 04:00:00
85.662,86.3005,83.1578,85.3427,1658980800,12476500.0,2022-07-28 04:00:00
86.3304,87.4179,84.6244,86.3205,1659067200,12115700.0,2022-07-29 04:00:00
88.3607,89.0042,85.0733,86.8492,1659326400,11710200.0,2022-08-01 04:00:00
89.4233,90.4609,86.7096,86.9091,1659412800,19673900.0,2022-08-02 04:00:00
97.6942,101.7119,97.0457,100.9067,1659499200,53766800.0,2022-08-03 04:00:00
96.7563,98.183,94.2521,97.6742,1659585600,20145900.0,2022-08-04 04:00:00
95.1002,96.7663,94.1923,95.0203,1659672000,12281500.0,2022-08-05 04:00:00
96.038,98.7118,95.1002,96.1278,1659931200,19557500.0,2022-08-08 04:00:00
94.2621,95.5591,93.3941,95.2298,1660017600,12357200.0,2022-08-09 04:00:00
98.6819,98.7717,96.1378,97.8638,1660104000,17077200.0,2022-08-10 04:00:00
98.8814,101.7149,98.3227,100.8868,1660190400,16441200.0,2022-08-11 04:00:00
100.8668,101.5453,99.7793,100.3161,1660276800,12320900.0,2022-08-12 04:00:00
101.2759,101.9842,100.2383,100.4877,1660536000,10125600.0,2022-08-15 04:00:00
101.8446,102.7924,99.929,102.3334,1660622400,14123800.0,2022-08-16 04:00:00
99.1907,100.7671,98.7916,99.8192,1660708800,10651100.0,2022-08-17 04:00:00
99.6297,100.3979,96.9359,98.5242,1660795200,11268500.0,2022-08-18 04:00:00
96.3373,98.203,95.6788,97.6642,1660881600,11274700.0,2022-08-19 04:00:00
93.3642,95.0752,92.9152,93.8331,1661140800,12384400.0,2022-08-22 04:00:00
92.985,95.0702,92.1669,92.8154,1661227200,11397500.0,2022-08-23 04:00:00
93.5438,95.5491,92.8055,92.9052,1661313600,8957700.0,2022-08-24 04:00:00
96.4969,96.5368,93.7333,93.9229,1661400000,8169100.0,2022-08-25 04:00:00
92.4862,97.2302,92.4164,96.6715,1661486400,12286500.0,2022-08-26 04:00:00
92.4463,93.7533,90.7402,90.8151,1661745600,11062900.0,2022-08-29 04:00:00
91.5883,94.302,90.5407,93.0649,1661832000,8773000.0,2022-08-30 04:00:00
93.2245,96.1577,93.015,95.2149,1661918400,14585800.0,2022-08-31 04:00:00
92.4463,92.6458,89.5869,92.0392,1662004800,10452100.0,2022-09-01 04:00:00
90.9198,93.853,90.401,93.4939,1662091200,8673500.0,2022-09-02 04:00:00
91.4037,91.9943,89.6039,90.9497,1662436800,9198900.0,2022-09-06 04:00:00
94.751,95.3346,91.5484,91.6681,1662523200,9529700.0,2022-09-07 04:00:00
95.9482,96.1547,93.1547,93.3841,1662609600,10113300.0,2022-09-08 04:00:00
96.0081,97.0457,95.4394,95.9781,1662696000,12020100.0,2022-09-09 04:00:00
97.4248,99.071,96.6266,97.0556,1662955200,11236300.0,2022-09-12 04:00:00
94.7909,97.1354,93.5837,93.9728,1663041600,15105400.0,2022-09-13 04:00:00
97.4348,97.6193,95.3097,96.5368,1663128000,15117200.0,2022-09-14 04:00:00
96.1777,98.7517,94.8008,94.8807,1663214400,15043100.0,2022-09-15 04:00:00
93.7832,94.731,91.6382,94.6811,1663300800,17490500.0,2022-09-16 04:00:00
94.8108,94.9256,92.4164,92.7855,1663560000,10977500.0,2022-09-19 04:00:00
91.4187,93.2943,90.1865,91.9175,1663646400,15905800.0,2022-09-20 04:00:00
90.9697,95.4194,90.9198,92.8553,1663732800,14457900.0,2022-09-21 04:00:00
87.4578,91.289,86.8991,90.6455,1663819200,12996900.0,2022-09-22 04:00:00
86.7694,87.4279,85.4824,86.7195,1663905600,12175900.0,2022-09-23 04:00:00
84.0657,88.8745,83.936,86.8642,1664164800,16936400.0,2022-09-26 04:00:00
85.5522,87.4927,84.3849,85.1531,1664251200,11627600.0,2022-09-27 04:00:00
90.9098,91.4386,85.3627,85.632,1664337600,14925900.0,2022-09-28 04:00:00
88.4954,90.3511,87.5077,89.4632,1664424000,10772500.0,2022-09-29 04:00:00
85.8715,89.3135,85.7817,87.7472,1664510400,10641900.0,2022-09-30 04:00:00
86.9789,87.8569,85.2479,87.3281,1664769600,10416300.0,2022-10-03 04:00:00
92.576,92.7855,89.2936,89.3435,1664856000,11239500.0,2022-10-04 04:00:00
93.6136,94.3918,90.7801,90.8101,1664942400,9803500.0,2022-10-05 04:00:00
94.2022,95.3496,93.005,93.005,1665028800,8652300.0,2022-10-06 04:00:00
89.962,92.6059,89.4781,91.9674,1665115200,9229600.0,2022-10-07 04:00:00
84.3251,87.6474,84.0407,87.1785,1665374400,20930500.0,2022-10-10 04:00:00
82.8984,84.6244,79.6359,83.8961,1665460800,16098600.0,2022-10-11 04:00:00
83.6167,84.9736,82.1301,83.3473,1665547200,11069300.0,2022-10-12 04:00:00
83.8462,84.5895,79.167,79.169,1665633600,15397900.0,2022-10-13 04:00:00
80.2844,85.3228,80.1048,84.0657,1665720000,11757000.0,2022-10-14 04:00:00
84.4647,84.6344,82.4394,82.5143,1665979200,19583300.0,2022-10-17 04:00:00
85.0933,87.5476,84.4198,87.2164,1666065600,9921600.0,2022-10-18 04:00:00
84.2752,85.5622,83.1149,84.1654,1666152000,8590100.0,2022-10-19 04:00:00
84.5845,87.398,83.8063,84.4847,1666238400,10581900.0,2022-10-20 04:00:00
83.7464,84.9337,82.1601,83.4311,1666324800,14423800.0,2022-10-21 04:00:00
83.1278,84.4049,80.6735,84.355,1666584000,13299000.0,2022-10-24 04:00:00
89.0342,89.4732,85.7617,85.9713,1666670400,18001400.0,2022-10-25 04:00:00
88.3458,91.1293,87.7172,87.8968,1666756800,12101100.0,2022-10-26 04:00:00
87.1485,89.5031,86.8991,88.3458,1666843200,10785800.0,2022-10-27 04:00:00
86.0511,87.2174,83.9958,85.8914,1666929600,16005700.0,2022-10-28 04:00:00
83.3872,86.0511,82.2798,85.3128,1667188800,17709500.0,2022-10-31 04:00:00
82.9183,85.9413,82.8634,84.804,1667275200,10269700.0,2022-11-01 04:00:00
79.2668,84.0258,79.2069,82.9183,1667361600,13037400.0,2022-11-02 04:00:00
76.3735,78.5384,75.1164,77.9698,1667448000,26962900.0,2022-11-03 04:00:00
75.0066,75.1363,71.0039,74.827,1667534400,41464900.0,2022-11-04 04:00:00
77.4809,77.9997,75.9444,76.3535,1667797200,18061500.0,2022-11-07 05:00:00
80.9429,83.038,77.87,77.9698,1667883600,19481300.0,2022-11-08 05:00:00
78.4985,80.0649,77.9099,79.8354,1667970000,14327600.0,2022-11-09 05:00:00
86.5998,86.6996,82.9183,83.916,1668056400,20122100.0,2022-11-10 05:00:00
90.82,91.7878,86.2606,86.3204,1668142800,19916700.0,2022-11-11 05:00:00
89.3036,91.1593,88.7149,89.9521,1668402000,10944100.0,2022-11-14 05:00:00
89.6527,92.4064,89.0741,92.2767,1668488400,14515700.0,2022-11-15 05:00:00
86.8392,89.5031,85.2828,89.4133,1668574800,17049800.0,2022-11-16 05:00:00
85.4425,87.1386,83.3174,84.4198,1668661200,11250100.0,2022-11-17 05:00:00
84.7241,87.0787,84.2353,86.6597,1668747600,9371700.0,2022-11-18 05:00:00
80.444,84.5994,80.3842,84.0657,1669006800,13839700.0,2022-11-21 05:00:00
79.7257,79.9751,75.8746,79.9552,1669093200,17402600.0,2022-11-22 05:00:00
80.5638,80.8032,78.5534,79.3366,1669179600,8851700.0,2022-11-23 05:00:00
79.8953,80.5638,79.2328,80.4141,1669352400,4634500.0,2022-11-25 05:00:00
79.7457,82.7288,79.4563,79.7457,1669611600,11282600.0,2022-11-28 05:00:00
77.4609,80.5638,77.0818,79.0473,1669698000,15491100.0,2022-11-29 05:00:00
78.2292,78.9275,75.1463,77.5208,1669784400,25747300.0,2022-11-30 05:00:00
78.3489,80.5598,77.9598,78.9275,1669870800,15189000.0,2022-12-01 05:00:00
74.4878,76.8823,74.3481,76.6428,1669957200,24238400.0,2022-12-02 05:00:00
73.4502,75.3159,72.657,73.8393,1670216400,18317200.0,2022-12-05 05:00:00
72.0634,73.6697,71.1854,73.2108,1670302800,14692600.0,2022-12-06 05:00:00
74.2484,75.1662,70.8462,71.5147,1670389200,24695600.0,2022-12-07 05:00:00
74.0488,75.685,73.6198,74.9168,1670475600,13151100.0,2022-12-08 05:00:00
73.4003,74.418,73.1708,73.7794,1670562000,11781600.0,2022-12-09 05:00:00
73.6298,73.8942,72.6321,72.9663,1670821200,13652800.0,2022-12-12 05:00:00
73.53,77.6305,72.9314,76.8623,1670907600,20069600.0,2022-12-13 05:00:00
72.4625,74.1636,71.4249,73.53,1670994000,18298800.0,2022-12-14 05:00:00
69.6091,71.4947,69.2798,71.1256,1671080400,17639900.0,2022-12-15 05:00:00
69.1003,70.6966,68.2921,69.2399,1671166800,25735200.0,2022-12-16 05:00:00
68.791,69.4395,67.5937,68.9007,1671426000,15330000.0,2022-12-19 05:00:00
68.6014,69.9683,67.9729,68.2273,1671512400,9470900.0,2022-12-20 05:00:00
69.0504,70.0281,67.913,68.6513,1671598800,13861600.0,2022-12-21 05:00:00
68.4118,68.6593,66.2319,68.3819,1671685200,16488200.0,2022-12-22 05:00:00
68.8708,69.0903,67.5538,67.8931,1671771600,9990400.0,2022-12-23 05:00:00
68.1724,69.0803,67.5239,68.801,1672117200,10323800.0,2022-12-27 05:00:00
67.3942,69.3098,67.1368,67.9629,1672203600,8897600.0,2022-12-28 05:00:00
70.3973,70.5768,68.0627,68.2323,1672290000,13143000.0,2022-12-29 05:00:00
71.0557,71.0956,68.9007,69.3198,1672376400,10175700.0,2022-12-30 05:00:00
74.408,75.0864,73.2108,73.52,1672722000,27974200.0,2023-01-03 05:00:00
77.5108,78.299,75.256,75.9345,1672808400,19144700.0,2023-01-04 05:00:00
76.0941,77.1417,75.4755,77.1217,1672894800,11113800.0,2023-01-05 05:00:00
76.3036,76.8823,73.7794,76.5929,1672981200,14167900.0,2023-01-06 05:00:00
76.9022,78.5833,76.3535,76.8224,1673240400,12966100.0,2023-01-09 05:00:00
77.7403,77.84,76.3236,76.7226,1673326800,10436000.0,2023-01-10 05:00:00
78.3589,79.0074,77.6405,78.4886,1673413200,10640400.0,2023-01-11 05:00:00
79.596,80.1148,76.9222,78.8278,1673499600,9381900.0,2023-01-12 05:00:00
79.2967,79.6249,77.85,78.3439,1673586000,8624700.0,2023-01-13 05:00:00
79.9951,80.479,78.6981,79.9552,1673931600,11261800.0,2023-01-17 05:00:00
77.1317,80.5638,76.9431,79.616,1674018000,13601900.0,2023-01-18 05:00:00
76.573,77.2414,75.7848,76.0851,1674104400,10023400.0,2023-01-19 05:00:00
78.9076,78.9176,75.7249,76.8344,1674190800,12193200.0,2023-01-20 05:00:00
79.3166,79.5361,76.4832,77.6505,1674450000,17407300.0,2023-01-23 05:00:00
79.3965,80.2046,77.9299,79.1969,1674536400,9491300.0,2023-01-24 05:00:00
78.9176,79.3665,77.1217,78.3788,1674622800,9463400.0,2023-01-25 05:00:00
80.6236,80.7134,78.3748,79.8953,1674709200,10566000.0,2023-01-26 05:00:00
81.6413,82.3446,80.1347,80.3742,1674795600,10889100.0,2023-01-27 05:00:00
79.4563,81.1723,79.3516,80.6835,1675054800,10301000.0,2023-01-30 05:00:00
81.302,82.2798,79.4264,79.5162,1675141200,15730300.0,2023-01-31 05:00:00
82.7188,83.4072,79.3965,81.1524,1675227600,13221600.0,2023-02-01 05:00:00
86.7594,88.4206,84.4548,86.52,1675314000,16906600.0,2023-02-02 05:00:00
85.3228,87.6374,85.0035,85.1931,1675400400,14786900.0,2023-02-03 05:00:00
82.1401,83.6067,81.9456,83.1378,1675659600,14175900.0,2023-02-06 05:00:00
83.038,83.477,80.6366,81.8707,1675746000,13520800.0,2023-02-07 05:00:00
79.5361,82.4195,79.4364,82.1601,1675832400,13569300.0,2023-02-08 05:00:00
78.2391,81.6113,77.9149,81.5415,1675918800,25473900.0,2023-02-09 05:00:00
80.6136,82.6589,78.4187,79.1869,1676005200,37521000.0,2023-02-10 05:00:00
79.2668,80.5239,78.2591,80.464,1676264400,15898500.0,2023-02-13 05:00:00
77.0818,79.1899,76.124,78.8178,1676350800,18802000.0,2023-02-14 05:00:00
77.7303,78.6083,75.8746,76.3535,1676437200,14494600.0,2023-02-15 05:00:00
76.553,78.5384,76.3635,76.6927,1676523600,11461800.0,2023-02-16 05:00:00
74.4878,76.154,73.4203,76.0242,1676610000,15855700.0,2023-02-17 05:00:00
75.0665,75.3957,73.5121,73.54,1676955600,14537400.0,2023-02-21 05:00:00
75.3059,76.1041,74.7123,75.1862,1677042000,9526700.0,2023-02-22 05:00:00
75.0166,76.1041,73.4562,75.715,1677128400,9292000.0,2023-02-23 05:00:00
73.3804,73.8593,72.8117,73.3305,1677214800,12317700.0,2023-02-24 05:00:00
73.5999,74.393,73.2906,74.1486,1677474000,8579300.0,2023-02-27 05:00:00
73.4302,74.1685,72.9613,73.3604,1677560400,8607400.0,2023-02-28 05:00:00
73.6497,74.0488,73.0811,73.4602,1677646800,7699600.0,2023-03-01 05:00:00
73.9291,74.1985,72.4326,72.4565,1677733200,7729100.0,2023-03-02 05:00:00
76.114,76.144,73.9191,73.989,1677819600,10040000.0,2023-03-03 05:00:00
76.6029,77.5807,76.1839,76.7625,1678078800,9608600.0,2023-03-06 05:00:00
74.7372,77.2015,74.6175,76.3635,1678165200,9680400.0,2023-03-07 05:00:00
75.6651,76.0242,74.1785,74.9867,1678251600,9467900.0,2023-03-08 05:00:00
75.7549,79.0822,75.5503,76.7825,1678338000,17398200.0,2023-03-09 05:00:00
73.2606,75.7649,72.9314,75.7649,1678424400,13123800.0,2023-03-10 05:00:00
72.4425,73.7994,70.922,72.4545,1678680000,14049000.0,2023-03-13 04:00:00
73.0711,74.4978,72.5074,73.9041,1678766400,12491500.0,2023-03-14 04:00:00
73.7395,73.7695,71.6045,71.9437,1678852800,10548700.0,2023-03-15 04:00:00
74.1785,74.3332,72.3527,73.2656,1678939200,11641700.0,2023-03-16 04:00:00
72.8217,74.8919,72.3108,73.7794,1679025600,27210400.0,2023-03-17 04:00:00
73.0411,73.969,71.8539,72.8316,1679284800,16888500.0,2023-03-20 04:00:00
76.5431,76.6628,73.8992,73.969,1679371200,12327600.0,2023-03-21 04:00:00
74.1685,76.9371,74.0688,76.6827,1679457600,11641300.0,2023-03-22 04:00:00
72.3926,74.3382,71.5446,72.7817,1679544000,18567600.0,2023-03-23 04:00:00
73.7096,73.7296,71.365,71.7541,1679630400,9176200.0,2023-03-24 04:00:00
73.1309,74.9966,73.0112,74.6424,1679889600,11908900.0,2023-03-27 04:00:00
72.5323,73.4203,71.6943,72.9314,1679976000,9252400.0,2023-03-28 04:00:00
74.0089,74.1286,72.8316,73.0411,1680062400,8746700.0,2023-03-29 04:00:00
74.2184,75.0066,73.7296,74.7572,1680148800,8429800.0,2023-03-30 04:00:00
75.7649,75.8546,73.9491,74.3382,1680235200,8378600.0,2023-03-31 04:00:00
75.1163,75.7449,74.5327,75.4506,1680494400,8911700.0,2023-04-03 04:00:00
75.0864,75.5154,74.5576,75.286,1680580800,8949100.0,2023-04-04 04:00:00
73.4402,74.9368,72.9464,74.9368,1680667200,10812700.0,2023-04-05 04:00:00
74.7871,74.827,72.1133,73.101,1680753600,10524500.0,2023-04-06 04:00:00
74.3481,74.6824,73.2906,74.2883,1681099200,7591800.0,2023-04-10 04:00:00
73.4103,76.2637,73.0411,75.8546,1681185600,14190900.0,2023-04-11 04:00:00
73.3305,75.5254,73.1808,73.7695,1681272000,10422300.0,2023-04-12 04:00:00
75.3458,75.3857,73.3903,73.54,1681358400,8724100.0,2023-04-13 04:00:00
76.3535,76.558,74.9767,75.0266,1681444800,8902700.0,2023-04-14 04:00:00
77.1516,77.7702,76.3734,76.6578,1681704000,9717600.0,2023-04-17 04:00:00
76.2437,77.7602,76.0342,77.5308,1681790400,7558900.0,2023-04-18 04:00:00
75.1463,75.7649,73.9291,75.1263,1681876800,8888300.0,2023-04-19 04:00:00
73.4103,74.7971,73.3005,74.2284,1681963200,8847600.0,2023-04-20 04:00:00
74.0089,74.0688,72.7518,73.2307,1682049600,8591100.0,2023-04-21 04:00:00
74.1187,74.7003,73.2108,74.2384,1682308800,7458400.0,2023-04-24 04:00:00
71.6144,74.1187,71.5945,73.7296,1682395200,10255800.0,2023-04-25 04:00:00
71.8938,72.5972,70.8662,71.0458,1682481600,9068800.0,2023-04-26 04:00:00
74.0987,74.1985,72.7917,72.8316,1682568000,11420100.0,2023-04-27 04:00:00
75.8247,75.8746,73.7495,74.0688,1682654400,10718900.0,2023-04-28 04:00:00
74.9368,76.3236,74.7971,75.8546,1682913600,6857900.0,2023-05-01 04:00:00
72.1133,74.8869,71.7641,74.6474,1683000000,12767000.0,2023-05-02 04:00:00
71.2653,72.8217,71.1854,72.243,1683086400,11865700.0,2023-05-03 04:00:00
71.6444,72.8815,71.5895,71.6045,1683172800,10230500.0,2023-05-04 04:00:00
74.7971,74.9068,72.7718,72.7917,1683259200,11954200.0,2023-05-05 04:00:00
75.3458,76.2038,74.7422,75.5354,1683518400,22864000.0,2023-05-08 04:00:00
65.753,69.5193,65.6981,69.3696,1683604800,68702600.0,2023-05-09 04:00:00
63.2338,66.4364,62.6352,66.3466,1683691200,46309100.0,2023-05-10 04:00:00
64.032,64.2265,62.4955,63.3037,1683777600,27903300.0,2023-05-11 04:00:00
61.5477,64.032,61.1686,63.9522,1683864000,28711100.0,2023-05-12 04:00:00
62.1064,62.5843,61.438,61.6076,1684123200,20633500.0,2023-05-15 04:00:00
60.6598,61.8321,60.6099,61.6575,1684209600,17517500.0,2023-05-16 04:00:00
61.3182,61.5777,60.2607,61.009,1684296000,19938700.0,2023-05-17 04:00:00
61.1287,61.5128,60.3206,61.3182,1684382400,19820500.0,2023-05-18 04:00:00
60.7795,61.8071,60.568,61.7572,1684468800,19398000.0,2023-05-19 04:00:00
62.8846,63.0044,60.5101,60.8094,1684728000,20220600.0,2023-05-22 04:00:00
61.857,63.154,61.6974,62.8846,1684814400,16815500.0,2023-05-23 04:00:00
61.6575,62.0715,61.0888,61.5078,1684900800,14790300.0,2023-05-24 04:00:00
59.2331,61.5976,59.1782,61.5976,1684987200,24461300.0,2023-05-25 04:00:00
60.0811,60.4672,58.814,59.3628,1685073600,20632500.0,2023-05-26 04:00:00
61.9069,62.0466,59.4127,60.8992,1685419200,21356700.0,2023-05-30 04:00:00
61.847,63.0692,61.0289,61.6974,1685505600,27790800.0,2023-05-31 04:00:00
62.9046,63.4633,61.6874,62.2661,1685592000,16686200.0,2023-06-01 04:00:00
63.8125,64.2465,63.4154,63.593,1685678400,16438700.0,2023-06-02 04:00:00
64.3612,64.8301,63.3585,63.9222,1685937600,13498300.0,2023-06-05 04:00:00
64.87,65.0247,64.0819,64.2814,1686024000,13039200.0,2023-06-06 04:00:00
63.8923,65.1693,63.4034,65.0995,1686110400,15511900.0,2023-06-07 04:00:00
64.0918,64.5458,63.8374,64.0519,1686196800,13568500.0,2023-06-08 04:00:00
63.3436,63.9122,62.286,63.8524,1686283200,17151700.0,2023-06-09 04:00:00
63.583,64.1118,62.9744,63.4533,1686542400,15945400.0,2023-06-12 04:00:00
63.4134,64.0918,62.9844,63.4034,1686628800,19963400.0,2023-06-13 04:00:00
63.4533,64.9499,62.8796,63.9921,1686715200,24028100.0,2023-06-14 04:00:00
65.6981,66.0573,62.4855,62.9744,1686801600,21527700.0,2023-06-15 04:00:00
66.2768,66.9951,65.0696,65.7979,1686888000,29703700.0,2023-06-16 04:00:00
68.7311,69.0404,66.626,66.9752,1687233600,31379200.0,2023-06-20 04:00:00
68.0327,68.8608,67.065,68.786,1687320000,23910600.0,2023-06-21 04:00:00
68.4118,68.4867,66.9053,67.3643,1687406400,16872500.0,2023-06-22 04:00:00
66.7856,68.0028,65.6981,67.2595,1687492800,27683800.0,2023-06-23 04:00:00
66.2868,67.4241,66.2568,66.7158,1687752000,12224400.0,2023-06-26 04:00:00
66.0772,66.9452,65.6283,66.7158,1687838400,16371200.0,2023-06-27 04:00:00
65.8777,66.3267,65.4687,65.8977,1687924800,15390600.0,2023-06-28 04:00:00
65.7081,67.1847,65.4687,66.1471,1688011200,14894200.0,2023-06-29 04:00:00
66.5761,66.8205,65.5984,65.9376,1688097600,16907100.0,2023-06-30 04:00:00
67.9429,68.4717,66.6858,66.9652,1688356800,8617900.0,2023-07-03 04:00:00
68.6912,68.7411,66.8455,67.8831,1688529600,13980600.0,2023-07-05 04:00:00
65.9875,67.6935,65.4786,67.5538,1688616000,17447500.0,2023-07-06 04:00:00
66.636,67.504,65.8278,66.0373,1688702400,12341800.0,2023-07-07 04:00:00
69.1202,69.2,66.5362,66.6459,1688961600,14872000.0,2023-07-10 04:00:00
70.4571,70.5669,69.2499,69.4794,1689048000,14799000.0,2023-07-11 04:00:00
70.4272,71.7042,70.1179,71.5546,1689134400,14458500.0,2023-07-12 04:00:00
72.223,72.5672,70.8362,71.2054,1689220800,14536300.0,2023-07-13 04:00:00
71.9337,72.8117,71.7541,72.4924,1689307200,12202200.0,2023-07-14 04:00:00
73.3205,73.6098,71.794,72.3527,1689566400,13168800.0,2023-07-17 04:00:00
74.1985,74.2384,73.091,73.3105,1689652800,11903000.0,2023-07-18 04:00:00
74.0488,74.8669,73.7296,74.2982,1689739200,12167200.0,2023-07-19 04:00:00
72.8516,74.5078,72.6321,72.652,1689825600,14221100.0,2023-07-20 04:00:00
72.8217,73.4502,71.6643,72.5623,1689912000,25515000.0,2023-07-21 04:00:00
73.52,73.7994,72.8466,72.8715,1690171200,8845400.0,2023-07-24 04:00:00
72.7917,74.1286,72.7718,73.5101,1690257600,8536000.0,2023-07-25 04:00:00
73.2606,73.5899,72.243,72.7219,1690344000,11332500.0,2023-07-26 04:00:00
71.8639,74.8819,71.6444,74.1586,1690430400,11836600.0,2023-07-27 04:00:00
73.8094,74.0189,72.7917,72.8715,1690516800,10182300.0,2023-07-28 04:00:00
75.6451,76.3635,74.5676,74.7273,1690776000,15661100.0,2023-07-31 04:00:00
75.3558,76.1041,74.388,76.0143,1690862400,14608700.0,2023-08-01 04:00:00
73.0312,74.817,72.3328,74.2084,1690948800,24567800.0,2023-08-02 04:00:00
64.032,66.7756,63.9522,66.5462,1691035200,51260800.0,2023-08-03 04:00:00
62.6053,64.8202,62.5145,64.6505,1691121600,25279500.0,2023-08-04 04:00:00
64.2714,64.6007,62.0565,62.8747,1691380800,23738000.0,2023-08-07 04:00:00
63.0443,63.8424,62.3459,63.6229,1691467200,17683700.0,2023-08-08 04:00:00
61.877,63.2438,61.7872,62.9545,1691553600,13788700.0,2023-08-09 04:00:00
62.6452,62.9046,61.9318,62.4556,1691640000,13119100.0,2023-08-10 04:00:00
61.3981,62.3558,61.3282,62.1264,1691726400,12419300.0,2023-08-11 04:00:00
63.1241,63.2937,61.5377,62.0067,1691985600,22668000.0,2023-08-14 04:00:00
59.3328,62.6252,59.263,62.6152,1692072000,32003500.0,2023-08-15 04:00:00
59.5424,60.0462,59.1233,59.3029,1692158400,16592700.0,2023-08-16 04:00:00
58.4648,59.0585,58.0159,58.8739,1692244800,20616700.0,2023-08-17 04:00:00
59.283,59.6621,57.1579,57.2576,1692331200,19035900.0,2023-08-18 04:00:00
59.3727,59.6312,58.6145,59.3229,1692590400,14133700.0,2023-08-21 04:00:00
60.8394,61.1736,59.4725,59.7818,1692676800,17340200.0,2023-08-22 04:00:00
61.6176,62.2261,60.7895,61.1387,1692763200,13105400.0,2023-08-23 04:00:00
60.57,61.7772,60.4812,61.5477,1692849600,12846900.0,2023-08-24 04:00:00
61.0489,61.4579,59.9414,60.8493,1692936000,11150100.0,2023-08-25 04:00:00
61.5278,61.8171,60.8892,61.4479,1693195200,10459300.0,2023-08-28 04:00:00
62.3559,62.5953,61.3881,61.4879,1693281600,11627600.0,2023-08-29 04:00:00
63.2737,63.3236,61.9767,62.2361,1693368000,12041000.0,2023-08-30 04:00:00
62.3658,63.2638,62.306,62.5753,1693454400,13840200.0,2023-08-31 04:00:00
63.4234,63.5032,62.5883,62.9844,1693540800,11715200.0,2023-09-01 04:00:00
63.593,64.032,62.8896,63.2338,1693886400,12739100.0,2023-09-05 04:00:00
62.6552,63.6928,62.5354,62.9744,1693972800,13621300.0,2023-09-06 04:00:00
61.5078,61.9468,60.979,61.857,1694059200,12712700.0,2023-09-07 04:00:00
60.8394,61.6674,60.1709,61.438,1694145600,15367400.0,2023-09-08 04:00:00
61.7872,62.1164,61.1287,61.5876,1694404800,12280100.0,2023-09-11 04:00:00
62.6651,63.5431,61.6176,61.7373,1694491200,12224300.0,2023-09-12 04:00:00
62.6951,63.174,62.0216,62.6651,1694577600,9426600.0,2023-09-13 04:00:00
64.2914,64.451,63.164,63.7426,1694664000,14564700.0,2023-09-14 04:00:00
64.0619,65.5784,63.7626,64.5109,1694750400,21843500.0,2023-09-15 04:00:00
62.7948,63.3685,62.6053,63.2039,1695009600,14050000.0,2023-09-18 04:00:00
62.0466,62.276,61.3103,61.9568,1695096000,11441800.0,2023-09-19 04:00:00
60.7196,62.4756,60.6897,62.4157,1695182400,11138900.0,2023-09-20 04:00:00
58.4848,60.1659,58.4788,59.8117,1695268800,15361000.0,2023-09-21 04:00:00
57.7465,59.0535,57.7016,58.8839,1695355200,12756700.0,2023-09-22 04:00:00
58.7242,58.7642,57.3794,57.4073,1695614400,11493800.0,2023-09-25 04:00:00
58.7941,59.0884,58.0957,58.1655,1695700800,11111900.0,2023-09-26 04:00:00
57.2078,59.4326,56.3996,58.9138,1695787200,19171000.0,2023-09-27 04:00:00
58.0458,58.3252,56.8885,57.2776,1695873600,11387600.0,2023-09-28 04:00:00
58.3252,59.1932,57.9361,58.7143,1695960000,10550300.0,2023-09-29 04:00:00
58.4249,59.5024,57.8712,58.4848,1696219200,12961500.0,2023-10-02 04:00:00
57.1678,58.5147,56.9883,57.7565,1696305600,12014000.0,2023-10-03 04:00:00
58.4349,58.5197,57.1778,57.976,1696392000,11019600.0,2023-10-04 04:00:00
57.3474,58.5247,57.1279,58.2553,1696478400,13037200.0,2023-10-05 04:00:00
57.6368,58.1137,55.7312,56.6989,1696564800,18348600.0,2023-10-06 04:00:00
57.8263,57.956,56.1881,56.8635,1696824000,10376600.0,2023-10-09 04:00:00
57.5869,58.3651,57.2776,57.8263,1696910400,17455200.0,2023-10-10 04:00:00
57.9361,58.7542,57.4472,57.976,1696996800,10866200.0,2023-10-11 04:00:00
56.225,57.971,56.1103,57.956,1697083200,13497100.0,2023-10-12 04:00:00
55.6214,56.7488,55.4019,56.3697,1697169600,12048500.0,2023-10-13 04:00:00
56.8685,56.9484,55.6813,55.9806,1697428800,14267700.0,2023-10-16 04:00:00
57.0282,57.4572,56.3597,56.3797,1697515200,10325200.0,2023-10-17 04:00:00
55.6713,56.9653,55.5765,56.3996,1697601600,10514500.0,2023-10-18 04:00:00
54.6836,56.2699,54.5738,55.5316,1697688000,16298500.0,2023-10-19 04:00:00
53.2669,54.3444,53.217,53.8655,1697774400,20982500.0,2023-10-20 04:00:00
53.3267,54.0002,52.5286,52.7979,1698033600,13629400.0,2023-10-23 04:00:00
54.1149,54.484,53.4664,53.7557,1698120000,9733900.0,2023-10-24 04:00:00
51.3712,52.6583,51.1118,52.4288,1698206400,22784100.0,2023-10-25 04:00:00
51.6306,52.1295,50.9422,51.3812,1698292800,17045600.0,2023-10-26 04:00:00
50.2738,51.5508,50.1341,51.3912,1698379200,18382700.0,2023-10-27 04:00:00
50.9323,51.3263,50.4584,50.8325,1698638400,13168900.0,2023-10-30 04:00:00
51.6805,51.7703,50.6828,50.9722,1698724800,12942500.0,2023-10-31 04:00:00
51.5409,52.0786,50.9772,51.7903,1698811200,25259700.0,2023-11-01 04:00:00
54.933,55.3022,52.4288,54.923,1698897600,35348000.0,2023-11-02 04:00:00
55.9706,56.1402,55.2503,55.2922,1698984000,18742100.0,2023-11-03 04:00:00
54.494,56.5892,54.06,56.5193,1699246800,17246800.0,2023-11-06 05:00:00
54.504,54.9131,53.9253,54.3144,1699333200,13038500.0,2023-11-07 05:00:00
54.953,55.7012,53.4265,54.2047,1699419600,20518500.0,2023-11-08 05:00:00
54.1548,55.9008,54.0251,55.6713,1699506000,12568700.0,2023-11-09 05:00:00
54.6437,54.6986,53.7448,54.2147,1699592400,9682100.0,2023-11-10 05:00:00
54.2646,54.5938,53.8555,54.3144,1699851600,11861100.0,2023-11-13 05:00:00
56.5493,57.0531,55.2922,55.362,1699938000,16775400.0,2023-11-14 05:00:00
58.1157,58.42,56.8586,56.8705,1700024400,15222100.0,2023-11-15 05:00:00
56.6889,58.1356,56.4196,57.8263,1700110800,12748600.0,2023-11-16 05:00:00
56.4096,56.8236,56.221,56.7378,1700197200,12138000.0,2023-11-17 05:00:00
56.8586,57.103,56.1302,56.4096,1700456400,11406700.0,2023-11-20 05:00:00
55.2722,56.4994,55.1475,56.4196,1700542800,13729000.0,2023-11-21 05:00:00
56.2101,56.6081,55.4917,55.6613,1700629200,11451600.0,2023-11-22 05:00:00
55.6314,56.0005,55.4219,55.8708,1700802000,6846600.0,2023-11-24 05:00:00
56.2599,56.8386,55.5815,55.8708,1701061200,15183800.0,2023-11-27 05:00:00
58.3351,58.5646,56.0005,56.3398,1701147600,23957900.0,2023-11-28 05:00:00
57.8363,60.0612,57.7764,59.0934,1701234000,19258300.0,2023-11-29 05:00:00
57.4771,57.97,56.9184,57.9161,1701320400,19039400.0,2023-11-30 05:00:00
59.5124,59.6721,57.3175,57.4971,1701406800,18435700.0,2023-12-01 05:00:00
59.712,60.2407,59.1034,59.2929,1701666000,14107900.0,2023-12-04 05:00:00
57.7864,59.3278,57.1878,59.1732,1701752400,21506500.0,2023-12-05 05:00:00
59.3927,60.3206,57.6168,57.6966,1701838800,25245600.0,2023-12-06 05:00:00
58.3451,59.0136,57.9859,58.9537,1701925200,17422400.0,2023-12-07 05:00:00
58.8041,59.6022,57.2676,58.1256,1702011600,15467500.0,2023-12-08 05:00:00
58.9038,59.6621,58.824,58.9637,1702270800,12082700.0,2023-12-11 05:00:00
58.7542,59.253,58.0009,59.253,1702357200,13845500.0,2023-12-12 05:00:00
61.5876,61.7473,58.405,58.5945,1702443600,19128100.0,2023-12-13 05:00:00
61.7273,63.9821,61.0688,62.7948,1702530000,27947300.0,2023-12-14 05:00:00
61.1187,62.2262,60.6797,62.2262,1702616400,24011000.0,2023-12-15 05:00:00
61.3282,61.5876,60.7146,61.2783,1702875600,13800100.0,2023-12-18 05:00:00
62.8647,63.1341,61.5777,61.6475,1702962000,19929000.0,2023-12-19 05:00:00
61.5976,63.8175,61.5278,62.8048,1703048400,17421000.0,2023-12-20 05:00:00
61.9169,62.306,61.4479,62.0615,1703134800,12195100.0,2023-12-21 05:00:00
61.6974,62.5853,61.438,62.0266,1703221200,13175400.0,2023-12-22 05:00:00
62.4157,62.5404,61.7173,61.8071,1703566800,9940600.0,2023-12-26 05:00:00
62.5354,62.6901,61.9667,62.5255,1703653200,11112300.0,2023-12-27 05:00:00
62.9345,63.3535,62.306,62.4756,1703739600,11233400.0,2023-12-28 05:00:00
61.2684,63.0143,61.009,62.8547,1703826000,16807400.0,2023-12-29 05:00:00
61.3182,62.0166,60.2906,61.0788,1704171600,15248400.0,2024-01-02 05:00:00
58.4948,60.6099,58.2154,60.56,1704258000,21245800.0,2024-01-03 05:00:00
58.3152,58.9288,57.3075,57.8862,1704344400,16680400.0,2024-01-04 05:00:00
59.9813,60.2308,57.5071,57.6068,1704430800,17420200.0,2024-01-05 05:00:00
61.5976,61.7772,59.9215,60.2607,1704690000,14264400.0,2024-01-08 05:00:00
60.9092,61.877,59.9813,60.141,1704776400,14877300.0,2024-01-09 05:00:00
60.8194,61.2883,60.1509,60.8094,1704862800,10137900.0,2024-01-10 05:00:00
61.2085,61.3532,59.9414,60.5101,1704949200,11900700.0,2024-01-11 05:00:00
60.8593,61.7652,60.5999,61.6575,1705035600,9282600.0,2024-01-12 05:00:00
58.3152,60.1011,57.961,59.9115,1705381200,20907100.0,2024-01-16 05:00:00
59.7519,59.8417,56.3408,57.2876,1705467600,29527400.0,2024-01-17 05:00:00
61.9468,62.3259,59.9813,60.3505,1705554000,25339500.0,2024-01-18 05:00:00
65.6682,66.0573,62.1164,62.8547,1705640400,38264600.0,2024-01-19 05:00:00
63.593,68.0527,63.0742,67.8651,1705899600,44006900.0,2024-01-22 05:00:00
64.6306,65.5784,64.032,64.3762,1705986000,19883700.0,2024-01-23 05:00:00
62.8747,65.8478,62.8148,65.8378,1706072400,21694100.0,2024-01-24 05:00:00
60.57,64.1816,58.7642,63.3136,1706158800,43452600.0,2024-01-25 05:00:00
61.6375,62.1224,59.8716,60.1809,1706245200,18430700.0,2024-01-26 05:00:00
63.6129,63.6429,60.7595,61.0588,1706504400,15913900.0,2024-01-29 05:00:00
63.5331,64.3512,61.9268,62.7549,1706590800,18786100.0,2024-01-30 05:00:00
61.2085,63.2538,61.0489,62.8547,1706677200,15623100.0,2024-01-31 05:00:00
61.877,61.9169,60.5021,61.3681,1706763600,13449400.0,2024-02-01 05:00:00
62.276,62.5753,60.8593,61.6475,1706850000,14618900.0,2024-02-02 05:00:00
61.3981,61.9348,61.1586,61.857,1707109200,10223300.0,2024-02-05 05:00:00
63.5631,63.583,61.4779,61.8869,1707195600,17564300.0,2024-02-06 05:00:00
63.0941,64.7503,62.705,64.3911,1707282000,33211300.0,2024-02-07 05:00:00
56.0005,58.4549,55.6414,57.8463,1707368400,68272700.0,2024-02-08 05:00:00
58.7741,59.0834,56.0305,56.0754,1707454800,31421400.0,2024-02-09 05:00:00
59.9514,60.4752,58.2853,58.4748,1707714000,21768200.0,2024-02-12 05:00:00
58.1256,58.5945,57.7266,57.7465,1707800400,19540200.0,2024-02-13 05:00:00
58.7342,58.8789,57.4971,58.4599,1707886800,16520600.0,2024-02-14 05:00:00
59.5623,60.1061,57.9261,58.7242,1707973200,13321000.0,2024-02-15 05:00:00
59.0036,59.6122,58.3152,58.7242,1708059600,12195800.0,2024-02-16 05:00:00
58.4948,58.8939,58.0558,58.0957,1708405200,12598700.0,2024-02-20 05:00:00
57.3474,58.3152,57.0132,57.946,1708491600,13377900.0,2024-02-21 05:00:00
58.2154,58.5048,57.2377,57.6368,1708578000,17293000.0,2024-02-22 05:00:00
59.0236,59.2929,58.0957,58.7143,1708664400,13357000.0,2024-02-23 05:00:00
59.1932,60.0362,58.5746,58.7941,1708923600,11065600.0,2024-02-26 05:00:00
60.0212,60.1011,59.3029,59.4326,1709010000,11467600.0,2024-02-27 05:00:00
60.111,60.7595,59.3029,59.5623,1709096400,9851600.0,2024-02-28 05:00:00
60.2008,61.7233,59.8766,60.4602,1709182800,17117300.0,2024-02-29 05:00:00
60.4004,61.4978,60.0711,60.3904,1709269200,17590400.0,2024-03-01 05:00:00
59.8417,60.4602,58.7242,60.2707,1709528400,17125200.0,2024-03-04 05:00:00
58.1356,60.6897,57.7365,59.3727,1709614800,18056700.0,2024-03-05 05:00:00
57.986,58.7841,57.7764,58.6145,1709701200,17187400.0,2024-03-06 05:00:00
58.3651,58.9188,57.8163,58.3252,1709787600,19447900.0,2024-03-07 05:00:00
58.8739,59.4226,58.1077,58.5846,1709874000,18283500.0,2024-03-08 05:00:00
59.9414,60.0811,58.809,58.8639,1710129600,11172700.0,2024-03-11 04:00:00
59.8915,60.3355,59.1592,59.6621,1710216000,13485100.0,2024-03-12 04:00:00
62.306,63.154,59.6721,59.8417,1710302400,19983400.0,2024-03-13 04:00:00
62.8547,64.0519,62.0665,62.3658,1710388800,19342000.0,2024-03-14 04:00:00
62.705,63.6828,62.286,62.4556,1710475200,20040000.0,2024-03-15 04:00:00
64.0819,64.6106,62.9545,62.9744,1710734400,14219900.0,2024-03-18 04:00:00
62.8647,63.9023,62.6552,63.6229,1710820800,9089300.0,2024-03-19 04:00:00
64.9,65.2093,62.9694,63.4334,1710907200,12641400.0,2024-03-20 04:00:00
65.9875,66.8355,64.9,65.1494,1710993600,14022100.0,2024-03-21 04:00:00
64.6206,67.0949,64.6007,66.2868,1711080000,10208100.0,2024-03-22 04:00:00
65.8478,66.2319,64.6505,64.6505,1711339200,10224300.0,2024-03-25 04:00:00
66.5162,67.8132,66.3466,66.5861,1711425600,14826400.0,2024-03-26 04:00:00
66.4165,68.0527,65.9875,67.5638,1711512000,10591200.0,2024-03-27 04:00:00
66.8355,67.5638,66.2768,66.7158,1711598400,10775800.0,2024-03-28 04:00:00
64.88,67.2056,64.8501,66.8455,1711944000,9840500.0,2024-04-01 04:00:00
64.5109,64.6904,63.4034,63.8025,1712030400,10329300.0,2024-04-02 04:00:00
65.1893,65.304,64.2614,64.3313,1712116800,7176100.0,2024-04-03 04:00:00
64.3911,66.2069,64.1916,65.8378,1712203200,9933400.0,2024-04-04 04:00:00
64.9997,65.319,63.9123,64.5508,1712289600,8062300.0,2024-04-05 04:00:00
66.187,66.5462,65.1793,65.3789,1712548800,8421400.0,2024-04-08 04:00:00
66.8455,67.1049,66.2319,66.7956,1712635200,8446300.0,2024-04-09 04:00:00
65.7281,66.0373,64.9,64.9698,1712721600,8566300.0,2024-04-10 04:00:00
65.6482,66.2249,64.5308,65.6931,1712808000,8785500.0,2024-04-11 04:00:00
64.441,65.8178,64.012,65.2292,1712894400,9934000.0,2024-04-12 04:00:00
63.3635,65.319,63.1041,64.9099,1713153600,11008700.0,2024-04-15 04:00:00
63.2837,64.0619,62.7749,62.8447,1713240000,9912700.0,2024-04-16 04:00:00
63.1141,63.8225,62.4357,63.6329,1713326400,8000900.0,2024-04-17 04:00:00
61.9568,63.8823,61.8071,63.7027,1713412800,9240000.0,2024-04-18 04:00:00
62.1663,62.3159,61.5826,61.857,1713499200,13177900.0,2024-04-19 04:00:00
63.0443,63.4882,62.3359,62.8946,1713758400,9958200.0,2024-04-22 04:00:00
64.2814,64.5508,63.0542,63.2338,1713844800,9913000.0,2024-04-23 04:00:00
64.6905,64.9399,63.8723,63.9621,1713931200,8189100.0,2024-04-24 04:00:00
63.9522,64.2515,62.8048,63.3236,1714017600,11711200.0,2024-04-25 04:00:00
65.8079,66.1471,63.603,63.9821,1714104000,14200900.0,2024-04-26 04:00:00
66.8355,67.3942,65.8478,65.8478,1714363200,19142400.0,2024-04-29 04:00:00
67.7633,70.499,67.065,69.8385,1714449600,43903400.0,2024-04-30 04:00:00
65.9875,67.6436,65.339,66.8455,1714536000,17966500.0,2024-05-01 04:00:00
66.8255,67.2845,65.6782,66.5462,1714622400,14480600.0,2024-05-02 04:00:00
65.5485,67.7334,64.5707,67.484,1714708800,15435200.0,2024-05-03 04:00:00
65.4587,65.9475,64.8002,65.8478,1714968000,11257600.0,2024-05-06 04:00:00
65.768,66.616,65.6183,65.9276,1715054400,9232200.0,2024-05-07 04:00:00
63.6628,65.5485,63.6229,65.309,1715140800,11183800.0,2024-05-08 04:00:00
64.3013,64.3213,63.2637,63.7227,1715227200,8368700.0,2024-05-09 04:00:00
62.7849,64.7902,62.735,64.441,1715313600,8745800.0,2024-05-10 04:00:00
63.8025,64.2814,63.0443,63.2887,1715572800,7311600.0,2024-05-13 04:00:00
64.4311,64.7104,64.1218,64.2415,1715659200,7556500.0,2024-05-14 04:00:00
63.7526,65.3789,63.3336,64.9598,1715745600,10972600.0,2024-05-15 04:00:00
63.9522,64.2814,63.2737,63.4433,1715832000,8113600.0,2024-05-16 04:00:00
64.3313,64.5607,63.6977,63.9322,1715918400,8204800.0,2024-05-17 04:00:00
64.6206,64.885,63.6229,64.3792,1716177600,6429000.0,2024-05-20 04:00:00
63.9522,64.5408,63.5531,64.2415,1716264000,6576000.0,2024-05-21 04:00:00
62.0466,63.7626,61.7024,63.6429,1716350400,14532200.0,2024-05-22 04:00:00
61.438,62.5404,61.0788,62.3958,1716436800,10533400.0,2024-05-23 04:00:00
61.4978,61.9169,61.1287,61.8071,1716523200,8176800.0,2024-05-24 04:00:00
62.0266,62.725,61.6076,62.1563,1716868800,11159600.0,2024-05-28 04:00:00
60.9092,61.448,60.7097,61.0888,1716955200,8142800.0,2024-05-29 04:00:00
62.3658,63.1939,61.9867,62.6252,1717041600,11867500.0,2024-05-30 04:00:00
62.8447,63.4134,61.6275,62.5853,1717128000,14269000.0,2024-05-31 04:00:00
63.3136,63.3735,62.4357,62.8946,1717387200,9039800.0,2024-06-03 04:00:00
63.1839,63.9821,62.8846,62.9944,1717473600,9046100.0,2024-06-04 04:00:00
63.3835,63.6628,62.705,63.6129,1717560000,8846100.0,2024-06-05 04:00:00
66.8654,67.6636,64.022,64.1367,1717646400,22068800.0,2024-06-06 04:00:00
67.1448,68.1415,66.0473,66.3466,1717732800,13195000.0,2024-06-07 04:00:00
66.9353,67.3343,65.6482,66.8155,1717992000,11972300.0,2024-06-10 04:00:00
64.6206,66.9951,64.2565,66.9752,1718078400,15108700.0,2024-06-11 04:00:00
63.2837,65.7081,62.7549,65.309,1718164800,14137500.0,2024-06-12 04:00:00
61.3981,63.4783,61.3781,62.9744,1718251200,11985400.0,2024-06-13 04:00:00
60.4952,61.4978,60.1709,61.1486,1718337600,10366000.0,2024-06-14 04:00:00
59.9913,60.5001,59.3438,60.2308,1718596800,13558500.0,2024-06-17 04:00:00
58.9836,59.9714,58.8939,59.7818,1718683200,13500300.0,2024-06-18 04:00:00
59.6621,59.8616,58.6544,59.1133,1718856000,12928500.0,2024-06-20 04:00:00
60.4702,60.6199,59.5324,59.7818,1718942400,18848700.0,2024-06-21 04:00:00
59.3528,60.4203,59.3229,59.8616,1719201600,10464700.0,2024-06-24 04:00:00
59.1932,59.4326,58.834,59.4326,1719288000,9248800.0,2024-06-25 04:00:00
58.1256,59.6122,57.8962,59.6022,1719374400,12599400.0,2024-06-26 04:00:00
58.2354,58.3551,57.0781,58.3451,1719460800,11648900.0,2024-06-27 04:00:00
57.8962,58.6245,57.7665,58.1855,1719547200,28102000.0,2024-06-28 04:00:00
57.6767,58.2304,56.8985,58.2254,1719806400,12237500.0,2024-07-01 04:00:00
58.834,59.1333,58.1855,58.6444,1719892800,13231600.0,2024-07-02 04:00:00
59.5024,59.8716,58.7592,58.8939,1719979200,6908300.0,2024-07-03 04:00:00
59.6222,60.0212,58.6943,59.243,1720152000,12243800.0,2024-07-05 04:00:00
58.9537,59.8915,58.4948,59.5823,1720411200,10320400.0,2024-07-08 04:00:00
58.8639,59.5623,58.2853,58.7642,1720497600,8473600.0,2024-07-09 04:00:00
58.7642,59.1732,58.0658,58.9537,1720584000,7697100.0,2024-07-10 04:00:00
59.8516,60.7895,59.2929,59.4127,1720670400,13082000.0,2024-07-11 04:00:00
60.131,60.3804,59.6421,60.2507,1720756800,8166200.0,2024-07-12 04:00:00
60.3305,60.8793,59.682,60.111,1721016000,9443000.0,2024-07-15 04:00:00
61.6674,61.877,60.54,60.6598,1721102400,9198800.0,2024-07-16 04:00:00
61.0988,61.6974,60.5151,60.9691,1721188800,8322100.0,2024-07-17 04:00:00
59.8616,61.1885,59.8018,60.4103,1721275200,9102000.0,2024-07-18 04:00:00
59.1932,59.692,58.6145,59.6721,1721361600,9352900.0,2024-07-19 04:00:00
60.6298,60.6498,59.3827,59.7618,1721620800,7489500.0,2024-07-22 04:00:00
59.5723,60.8094,59.5523,60.58,1721707200,7572000.0,2024-07-23 04:00:00
57.9361,59.5224,57.8463,59.4127,1721793600,11801700.0,2024-07-24 04:00:00
57.088,58.5147,57.0681,58.0259,1721880000,12515700.0,2024-07-25 04:00:00
58.1556,58.1755,56.8386,57.4671,1721966400,11323400.0,2024-07-26 04:00:00
58.8041,58.9637,57.9361,58.3651,1722225600,12346800.0,2024-07-29 04:00:00
63.8524,64.9099,62.286,62.6302,1722312000,44232800.0,2024-07-30 04:00:00
65.6283,66.8355,64.022,64.8501,1722398400,25825900.0,2024-07-31 04:00:00
65.1594,67.1448,64.87,65.6283,1722484800,19086400.0,2024-08-01 04:00:00
61.837,63.8923,60.7496,63.8524,1722571200,23117100.0,2024-08-02 04:00:00
60.3206,60.9142,58.5147,60.56,1722830400,17445400.0,2024-08-05 04:00:00
62.6053,63.4334,60.1609,60.4602,1722916800,14358900.0,2024-08-06 04:00:00
62.5953,64.8601,62.4955,63.1989,1723003200,13464400.0,2024-08-07 04:00:00
64.1317,64.5258,62.9545,63.4034,1723089600,9761200.0,2024-08-08 04:00:00
64.5707,65.3489,64.3213,64.6505,1723176000,8605300.0,2024-08-09 04:00:00
63.3136,64.9798,63.139,64.8002,1723435200,7519500.0,2024-08-12 04:00:00
64.9598,65.4886,63.573,63.8524,1723521600,8638600.0,2024-08-13 04:00:00
65.9875,66.2369,64.5109,64.9099,1723608000,8944800.0,2024-08-14 04:00:00
67.7833,67.9629,66.8954,67.0051,1723694400,12968300.0,2024-08-15 04:00:00
67.8033,68.3919,67.2146,67.2146,1723780800,9526800.0,2024-08-16 04:00:00
69.2699,69.2998,68.0128,68.0627,1724040000,9578100.0,2024-08-19 04:00:00
71.7242,72.3926,69.2699,69.8385,1724126400,23546000.0,2024-08-20 04:00:00
71.2952,72.6022,70.7065,71.8988,1724212800,10455500.0,2024-08-21 04:00:00
71.355,73.0811,70.7564,71.5745,1724299200,11811100.0,2024-08-22 04:00:00
71.5346,71.9038,70.6766,71.8339,1724385600,8222200.0,2024-08-23 04:00:00
71.8738,72.8616,71.5047,71.9038,1724644800,9063000.0,2024-08-26 04:00:00
71.4249,72.1831,71.1356,71.5845,1724731200,9396900.0,2024-08-27 04:00:00
70.2676,71.4249,69.8635,71.1056,1724817600,9277700.0,2024-08-28 04:00:00
72.9913,73.7595,71.0857,71.2353,1724904000,13181600.0,2024-08-29 04:00:00
72.2629,73.52,71.5945,73.3405,1724990400,9635000.0,2024-08-30 04:00:00
71.8339,72.7798,71.2353,71.5895,1725336000,8571300.0,2024-09-03 04:00:00
72.4425,73.0711,71.4249,71.4399,1725422400,8369000.0,2024-09-04 04:00:00
71.8639,74.2284,70.8512,73.4901,1725508800,11473800.0,2024-09-05 04:00:00
68.7311,71.8838,68.3919,71.7741,1725595200,12315800.0,2024-09-06 04:00:00
69.19,70.4871,68.0926,70.2296,1725854400,11869300.0,2024-09-09 04:00:00
68.6912,69.5791,66.9951,69.1801,1725940800,12317500.0,2024-09-10 04:00:00
69.19,69.5392,67.6037,69.0005,1726027200,12344900.0,2024-09-11 04:00:00
70.1977,70.2177,68.8808,68.9805,1726113600,8369100.0,2024-09-12 04:00:00
69.9383,70.4571,69.6989,69.8785,1726200000,7572600.0,2024-09-13 04:00:00
70.9061,71.0757,69.9084,70.2975,1726459200,6495000.0,2024-09-16 04:00:00
71.6045,72.0035,70.956,71.7641,1726545600,6187200.0,2024-09-17 04:00:00
72.9514,73.6996,71.1954,71.2852,1726632000,13498200.0,2024-09-18 04:00:00
77.3911,78.0645,74.6375,74.827,1726718400,21662400.0,2024-09-19 04:00:00
76.583,77.3911,75.288,77.1317,1726804800,27274600.0,2024-09-20 04:00:00
77.4909,78.6183,77.1716,77.3512,1727064000,12839800.0,2024-09-23 04:00:00
78.1593,78.6482,77.4909,77.7004,1727150400,14724800.0,2024-09-24 04:00:00
77.1816,79.0772,77.1616,78.0496,1727236800,13822400.0,2024-09-25 04:00:00
79.8953,80.2445,78.289,78.7629,1727323200,13316700.0,2024-09-26 04:00:00
77.7004,80.444,77.5507,80.2146,1727409600,11575300.0,2024-09-27 04:00:00
77.85,78.4137,77.0619,77.6904,1727668800,6846900.0,2024-09-30 04:00:00
77.2913,78.8278,76.2138,78.0296,1727755200,10608700.0,2024-10-01 04:00:00
77.2614,77.5906,76.0043,77.2913,1727841600,8073300.0,2024-10-02 04:00:00
77.1317,77.2215,75.8646,76.3535,1727928000,9121300.0,2024-10-03 04:00:00
79.177,79.3466,77.8051,77.9797,1728014400,10070400.0,2024-10-04 04:00:00
80.0749,80.3044,78.4337,79.1071,1728273600,9206600.0,2024-10-07 04:00:00
80.9728,81.2123,79.3915,79.8055,1728360000,8618500.0,2024-10-08 04:00:00
81.4617,81.8109,80.6635,80.6935,1728446400,6926000.0,2024-10-09 04:00:00
78.7978,79.8903,78.3489,79.7556,1728532800,11326100.0,2024-10-10 04:00:00
80.3243,80.5398,78.9774,79.3565,1728619200,7744800.0,2024-10-11 04:00:00
80.4839,80.7932,79.6359,80.1547,1728878400,5865400.0,2024-10-14 04:00:00
79.3665,80.873,78.4686,79.9651,1728964800,7291600.0,2024-10-15 04:00:00
80.6336,80.6635,79.2668,79.6259,1729051200,5434800.0,2024-10-16 04:00:00
79.6359,80.7134,79.0423,80.5638,1729137600,8654000.0,2024-10-17 04:00:00
80.7533,80.7832,78.7579,79.3166,1729224000,8844300.0,2024-10-18 04:00:00
80.3742,81.1723,79.8554,80.1298,1729483200,7450300.0,2024-10-21 04:00:00
80.7234,81.2322,79.8554,79.8654,1729569600,7571300.0,2024-10-22 04:00:00
80.6436,82.0503,79.9053,81.0526,1729656000,7632100.0,2024-10-23 04:00:00
81.2023,82.2898,80.7334,81.0476,1729742400,7398800.0,2024-10-24 04:00:00
81.5116,82.609,81.2123,81.8209,1729828800,7201000.0,2024-10-25 04:00:00
83.3972,83.5069,81.6911,81.8408,1730088000,15243500.0,2024-10-28 04:00:00
80.0948,81.0626,76.6328,77.86,1730174400,35206400.0,2024-10-29 04:00:00
78.0396,79.5262,77.8101,78.8477,1730260800,14910500.0,2024-10-30 04:00:00
79.1171,79.6359,78.1194,78.309,1730347200,13919300.0,2024-10-31 04:00:00
77.0718,78.1284,76.2837,77.6854,1730433600,16473600.0,2024-11-01 04:00:00
77.9498,78.2591,76.8224,77.0818,1730696400,10257000.0,2024-11-04 05:00:00
79.0672,79.2268,77.5587,77.5587,1730782800,6573900.0,2024-11-05 05:00:00
81.2222,81.5016,79.8105,81.1574,1730869200,11546500.0,2024-11-06 05:00:00
81.1624,82.5492,80.9429,81.5066,1730955600,7994300.0,2024-11-07 05:00:00
82.8186,82.8784,81.1624,81.2721,1731042000,8144200.0,2024-11-08 05:00:00
86.7395,87.2683,83.1877,83.8761,1731301200,15459400.0,2024-11-11 05:00:00
86.2007,87.7172,85.4774,86.6796,1731387600,10036900.0,2024-11-12 05:00:00
87.1086,87.6973,85.8815,86.5998,1731474000,9256600.0,2024-11-13 05:00:00
85.5921,87.2712,85.2779,86.8592,1731560400,8468300.0,2024-11-14 05:00:00
85.632,86.0012,84.9047,85.1531,1731646800,8083200.0,2024-11-15 05:00:00
84.4747,86.6397,84.3799,85.8565,1731906000,10148100.0,2024-11-18 05:00:00
83.896,84.0407,82.3097,82.7986,1731992400,12442700.0,2024-11-19 05:00:00
84.5446,85.4026,84.0457,84.3151,1732078800,6076300.0,2024-11-20 05:00:00
84.6244,85.2928,84.0158,84.9636,1732165200,7250100.0,2024-11-21 05:00:00
86.5699,86.5998,84.3749,84.4847,1732251600,6786000.0,2024-11-22 05:00:00
87.5676,88.5353,86.7694,87.7871,1732510800,12998300.0,2024-11-25 05:00:00
86.7395,87.9766,86.6996,87.1984,1732597200,5610400.0,2024-11-26 05:00:00
86.3703,87.4578,86.071,87.3481,1732683600,5477900.0,2024-11-27 05:00:00
86.5699,86.8792,85.6221,86.1907,1732856400,4469700.0,2024-11-29 05:00:00
86.3304,87.2683,85.642,86.3504,1733115600,7273500.0,2024-12-02 05:00:00
84.9436,86.2007,84.4198,86.2007,1733202000,8189800.0,2024-12-03 05:00:00
89.124,89.9321,85.0434,85.4824,1733288400,15536000.0,2024-12-04 05:00:00
88.8396,90.0618,88.0664,89.3834,1733374800,9025600.0,2024-12-05 05:00:00
89.6727,89.8323,88.3408,89.2836,1733461200,6955500.0,2024-12-06 05:00:00
89.7924,93.444,89.5231,92.0372,1733720400,10714200.0,2024-12-09 05:00:00
88.5553,89.7924,88.1712,89.7326,1733806800,6697500.0,2024-12-10 05:00:00
90.5407,90.82,87.6374,88.4156,1733893200,6657200.0,2024-12-11 05:00:00
89.1938,90.9597,89.129,90.2214,1733979600,4711100.0,2024-12-12 05:00:00
90.8101,90.9747,89.6128,90.2115,1734066000,8358100.0,2024-12-13 05:00:00
91.0894,91.2491,89.3135,90.5806,1734325200,7402500.0,2024-12-16 05:00:00
90.6504,91.7878,90.0219,90.6904,1734411600,8395600.0,2024-12-17 05:00:00
85.2529,90.8799,84.9796,90.4858,1734498000,12583700.0,2024-12-18 05:00:00
86.5798,88.2161,85.9613,86.081,1734584400,9522400.0,2024-12-19 05:00:00
86.929,88.0265,84.3051,84.7142,1734670800,22052700.0,2024-12-20 05:00:00
86.6996,87.0388,85.7717,86.2706,1734930000,5633100.0,2024-12-23 05:00:00
88.0465,88.1263,86.3903,86.6996,1735016400,3276300.0,2024-12-24 05:00:00
87.9367,88.5254,87.0587,87.398,1735189200,4800600.0,2024-12-26 05:00:00
86.6597,87.4528,86.0042,87.1585,1735275600,5125000.0,2024-12-27 05:00:00
85.233,85.8695,84.4647,85.4924,1735534800,5855000.0,2024-12-30 05:00:00
85.1531,85.7019,84.8538,85.5373,1735621200,4533200.0,2024-12-31 05:00:00
85.9812,86.7395,84.6244,85.637,1735794000,6224500.0,2025-01-02 05:00:00
87.398,87.4977,86.1109,86.53,1735880400,6132500.0,2025-01-03 05:00:00
89.3235,89.8822,87.5177,87.817,1736139600,7869200.0,2025-01-06 05:00:00
87.7671,89.7625,87.398,89.3235,1736226000,6080800.0,2025-01-07 05:00:00
87.7372,88.0265,86.5898,87.8569,1736312400,7400000.0,2025-01-08 05:00:00
83.1677,86.8891,82.0503,86.5898,1736485200,11341200.0,2025-01-10 05:00:00
83.7963,83.926,81.6014,82.0004,1736744400,7402400.0,2025-01-13 05:00:00
86.9789,87.1984,84.5545,85.0933,1736830800,8958400.0,2025-01-14 05:00:00
89.4333,89.982,88.266,88.5154,1736917200,10024100.0,2025-01-15 05:00:00
88.7149,90.1646,88.6451,89.7525,1737003600,5816400.0,2025-01-16 05:00:00
91.5982,93.0299,89.7974,90.5507,1737090000,16499700.0,2025-01-17 05:00:00
89.563,91.9973,89.1838,91.9973,1737435600,12629300.0,2025-01-21 05:00:00
89.6428,90.1616,88.9344,89.7924,1737522000,7345700.0,2025-01-22 05:00:00
89.523,89.5729,88.0365,89.553,1737608400,7540600.0,2025-01-23 05:00:00
88.9045,89.8164,88.6351,89.3834,1737694800,6004700.0,2025-01-24 05:00:00
90.0319,90.0818,87.1884,87.3431,1737954000,6923800.0,2025-01-27 05:00:00
87.9866,89.6228,86.6796,89.553,1738040400,8666000.0,2025-01-28 05:00:00
88.5553,89.2088,87.9666,87.9666,1738126800,5234500.0,2025-01-29 05:00:00
89.3634,90.7153,88.6351,89.3036,1738213200,7708500.0,2025-01-30 05:00:00
88.3757,90.1915,88.3358,89.3634,1738299600,8331400.0,2025-01-31 05:00:00
89.3036,89.5031,85.8017,86.3005,1738558800,11215000.0,2025-02-03 05:00:00
77.5457,82.4993,77.2015,82.0703,1738645200,58801900.0,2025-02-04 05:00:00
79.0173,79.3166,77.4909,78.0296,1738731600,23631900.0,2025-02-05 05:00:00
78.3888,79.5561,77.9298,79.4962,1738818000,14440500.0,2025-02-06 05:00:00
77.1317,79.3067,77.0519,78.8178,1738904400,13597300.0,2025-02-07 05:00:00
78.0595,78.738,77.431,77.9797,1739163600,11815600.0,2025-02-10 05:00:00
76.0342,77.6704,75.8646,77.6355,1739250000,15769400.0,2025-02-11 05:00:00
76.0941,76.6727,75.1263,75.246,1739336400,11782500.0,2025-02-12 05:00:00
76.4133,76.7476,75.5553,76.1939,1739422800,9958600.0,2025-02-13 05:00:00
77.7902,78.1493,76.4533,76.7226,1739509200,10504600.0,2025-02-14 05:00:00
78.4387,78.5784,77.3223,78.0196,1739854800,11281200.0,2025-02-18 05:00:00
78.1793,78.8178,77.3562,78.3189,1739941200,9082300.0,2025-02-19 05:00:00
77.451,77.9897,76.6728,77.9398,1740027600,9319300.0,2025-02-20 05:00:00
74.7771,77.3013,74.5776,77.2614,1740114000,15171700.0,2025-02-21 05:00:00
75.0764,75.705,73.7994,75.0715,1740373200,12873300.0,2025-02-24 05:00:00
73.8992,77.3891,72.5323,76.9571,1740459600,20647200.0,2025-02-25 05:00:00
71.8838,74.3082,71.6045,74.1586,1740546000,15277600.0,2025-02-26 05:00:00
70.5669,72.3827,70.4172,71.9836,1740632400,11661200.0,2025-02-27 05:00:00
70.8861,70.956,69.5213,70.3374,1740718800,13601300.0,2025-02-28 05:00:00
69.5891,71.4049,69.3397,70.936,1740978000,15753700.0,2025-03-03 05:00:00
67.3244,68.9207,66.187,68.8409,1741064400,20180000.0,2025-03-04 05:00:00
69.3397,69.5293,67.5439,67.8232,1741150800,14464300.0,2025-03-05 05:00:00
67.923,69.6989,67.5029,68.6613,1741237200,11226900.0,2025-03-06 05:00:00
70.3175,70.8163,67.6686,67.8132,1741323600,16388300.0,2025-03-07 05:00:00
68.0028,69.8086,66.8355,68.8608,1741579200,15035200.0,2025-03-10 04:00:00
67.8232,68.791,67.0101,68.2522,1741665600,12133100.0,2025-03-11 04:00:00
68.4617,69.22,67.7484,68.7112,1741752000,11545800.0,2025-03-12 04:00:00
66.7557,68.7511,66.5462,68.1724,1741838400,9778300.0,2025-03-13 04:00:00
68.791,68.9805,67.3643,67.6536,1741924800,9828700.0,2025-03-14 04:00:00
69.4894,70.058,67.8232,68.5116,1742184000,7971200.0,2025-03-17 04:00:00
68.7211,69.2998,68.1325,68.9107,1742270400,7520800.0,2025-03-18 04:00:00
69.8386,70.3175,68.6613,68.9406,1742356800,6876400.0,2025-03-19 04:00:00
69.5093,70.6467,69.0903,69.2748,1742443200,7453600.0,2025-03-20 04:00:00
70.0281,70.2476,68.3919,68.4617,1742529600,14603800.0,2025-03-21 04:00:00
70.8063,71.4947,70.3424,71.385,1742788800,9911000.0,2025-03-24 04:00:00
70.6966,71.5446,70.3853,70.8362,1742875200,6690600.0,2025-03-25 04:00:00
69.8086,71.4548,69.3846,70.7664,1742961600,7449600.0,2025-03-26 04:00:00
68.7012,69.7937,68.5415,68.9007,1743048000,7883100.0,2025-03-27 04:00:00
64.9997,68.0826,64.8002,67.903,1743134400,16536300.0,2025-03-28 04:00:00
65.0995,65.2791,63.2538,64.1317,1743393600,11562000.0,2025-03-31 04:00:00
65.9475,66.207,64.451,64.471,1743480000,8000600.0,2025-04-01 04:00:00
66.9951,67.4142,64.9498,65.0995,1743566400,8123000.0,2025-04-02 04:00:00
61.5677,63.7925,60.8094,62.9545,1743652800,18479900.0,2025-04-03 04:00:00
58.2354,60.0512,57.1878,59.8616,1743739200,22125000.0,2025-04-04 04:00:00
58.395,61.3382,55.7212,56.6091,1743998400,20263200.0,2025-04-07 04:00:00
57.2776,61.1187,56.3298,59.6222,1744084800,16533600.0,2025-04-08 04:00:00
63.8025,64.022,56.3797,56.5393,1744171200,22502000.0,2025-04-09 04:00:00
60.4203,62.306,58.8041,62.1563,1744257600,14398100.0,2025-04-10 04:00:00
62.4456,62.6651,60.3066,60.3904,1744344000,12919400.0,2025-04-11 04:00:00
62.1264,63.7526,61.5477,63.5531,1744603200,8997500.0,2025-04-14 04:00:00
61.857,62.6452,61.5028,62.2162,1744689600,9140800.0,2025-04-15 04:00:00
60.1011,61.3182,59.5823,61.2334,1744776000,9833600.0,2025-04-16 04:00:00
60.8593,61.3282,59.9933,60.2108,1744862400,9023700.0,2025-04-17 04:00:00
60.146,60.8194,59.3179,60.1011,1745208000,7354100.0,2025-04-21 04:00:00
61.2783,61.7672,59.8117,60.5899,1745294400,9390100.0,2025-04-22 04:00:00
62.3159,64.4211,62.0266,62.5704,1745380800,9838900.0,2025-04-23 04:00:00
64.6206,64.6805,62.6153,62.7549,1745467200,10877000.0,2025-04-24 04:00:00
65.1893,65.2691,64.3363,64.3363,1745553600,8693400.0,2025-04-25 04:00:00
64.7802,65.6682,63.9821,65.1544,1745812800,14251500.0,2025-04-28 04:00:00
66.167,67.2745,64.2116,66.2169,1745899200,19706800.0,2025-04-29 04:00:00
65.6881,65.8378,63.3935,65.0047,1745985600,10293800.0,2025-04-30 04:00:00
65.2591,65.9675,64.7004,65.4687,1746072000,10073000.0,2025-05-01 04:00:00
67.0849,67.6037,65.8278,65.9825,1746158400,10081500.0,2025-05-02 04:00:00
68.3819,69.2,66.7557,66.8056,1746417600,12000300.0,2025-05-05 04:00:00
67.8931,68.771,67.6436,67.7933,1746504000,7659400.0,2025-05-06 04:00:00
68.5316,68.781,67.5638,68.1774,1746590400,8103700.0,2025-05-07 04:00:00
70.3175,70.7824,69.1402,69.1402,1746676800,11791500.0,2025-05-08 04:00:00
70.098,71.1555,69.8485,70.7065,1746763200,7470500.0,2025-05-09 04:00:00
72.1432,73.979,71.6843,72.8017,1747022400,12513000.0,2025-05-12 04:00:00
72.1233,72.4824,71.7242,72.243,1747108800,8076200.0,2025-05-13 04:00:00
72.5124,73.1708,72.0734,72.4924,1747195200,7724000.0,2025-05-14 04:00:00
71.4049,72.5024,71.2752,72.1732,1747281600,8116500.0,2025-05-15 04:00:00
72.0135,72.0534,70.9161,71.3052,1747368000,8717900.0,2025-05-16 04:00:00
72.1532,72.3727,70.946,70.9959,1747627200,7434900.0,2025-05-19 04:00:00
72.4425,72.6121,71.5745,71.7242,1747713600,8403200.0,2025-05-20 04:00:00
71.4847,73.0352,71.3401,72.0335,1747800000,8094300.0,2025-05-21 04:00:00
71.2852,71.819,71.1156,71.3101,1747886400,6451000.0,2025-05-22 04:00:00
69.6889,69.9782,69.2499,69.2998,1747972800,7683600.0,2025-05-23 04:00:00
71.3151,71.829,70.502,70.5868,1748318400,8770900.0,2025-05-27 04:00:00
71.2752,71.8689,70.936,71.4149,1748404800,6292100.0,2025-05-28 04:00:00
70.7664,72.2819,70.088,71.9936,1748491200,7058300.0,2025-05-29 04:00:00
70.1179,70.9161,69.3597,70.7963,1748577600,14937200.0,2025-05-30 04:00:00
70.7664,70.7963,68.8907,69.1152,1748836800,7518200.0,2025-06-02 04:00:00
71.1655,71.2653,69.6989,70.8362,1748923200,7316400.0,2025-06-03 04:00:00
72.6321,72.9015,71.1655,71.3251,1749009600,7712300.0,2025-06-04 04:00:00
72.3029,73.3804,71.9138,72.6271,1749096000,6323600.0,2025-06-05 04:00:00
73.2606,73.4502,72.4725,73.096,1749182400,7240200.0,2025-06-06 04:00:00
73.3804,73.7994,72.7817,73.53,1749441600,6166500.0,2025-06-09 04:00:00
74.5876,75.0964,73.1509,73.4103,1749528000,9510700.0,2025-06-10 04:00:00
74.4379,75.0365,73.7595,74.9268,1749614400,7706100.0,2025-06-11 04:00:00
74.6375,75.1333,73.8293,73.8493,1749700800,8644600.0,2025-06-12 04:00:00
70.6666,74.0438,70.3683,73.1309,1749787200,16744400.0,2025-06-13 04:00:00
72.0933,72.3178,70.9061,71.4648,1750046400,7195500.0,2025-06-16 04:00:00
70.507,71.9337,70.3025,71.7541,1750132800,7374300.0,2025-06-17 04:00:00
68.4118,71.1116,67.3643,70.3474,1750219200,20427700.0,2025-06-18 04:00:00
69.8884,70.3873,68.3919,68.6713,1750392000,18497900.0,2025-06-20 04:00:00
71.8439,71.9806,69.9982,70.8362,1750651200,11447900.0,2025-06-23 04:00:00
73.4103,73.7695,72.3827,72.9563,1750737600,9500900.0,2025-06-24 04:00:00
72.9015,74.0788,72.248,73.969,1750824000,7851900.0,2025-06-25 04:00:00
73.0012,73.2108,71.4448,73.0761,1750910400,10235600.0,2025-06-26 04:00:00
73.4702,73.5799,72.687,73.101,1750996800,10449500.0,2025-06-27 04:00:00
74.1486,74.3681,73.4901,73.7695,1751256000,7738000.0,2025-06-30 04:00:00
75.1163,75.5204,73.6298,73.7794,1751342400,8633800.0,2025-07-01 04:00:00
76.134,76.6877,74.827,74.837,1751428800,9361500.0,2025-07-02 04:00:00
76.4133,77.1816,76.2986,76.5331,1751515200,5263400.0,2025-07-03 04:00:00
76.0043,76.6528,75.4456,76.0342,1751860800,5918600.0,2025-07-07 04:00:00
74.8569,76.3385,74.3382,76.2637,1751947200,8758400.0,2025-07-08 04:00:00
74.6574,75.6152,74.2035,75.3159,1752033600,6755700.0,2025-07-09 04:00:00
75.5254,76.0442,73.959,74.2833,1752120000,6380200.0,2025-07-10 04:00:00
71.1954,75.0266,70.6267,74.9966,1752206400,21877700.0,2025-07-11 04:00:00
73.7196,74.1386,71.375,71.395,1752465600,12993900.0,2025-07-14 04:00:00
72.7917,73.7395,72.7718,73.5999,1752552000,7333600.0,2025-07-15 04:00:00
72.8017,73.4103,71.5646,73.091,1752638400,9671100.0,2025-07-16 04:00:00
73.6897,74.0089,72.1831,72.3029,1752724800,8522700.0,2025-07-17 04:00:00
73.9989,74.1785,73.115,73.9291,1752811200,9011600.0,2025-07-18 04:00:00
74.6474,76.0542,74.0688,74.1785,1753070400,8200400.0,2025-07-21 04:00:00
75.8247,75.9744,74.5926,74.5926,1753156800,9094400.0,2025-07-22 04:00:00
76.4832,77.0519,75.7349,76.7476,1753243200,9283200.0,2025-07-23 04:00:00
77.6405,78.5784,77.1716,77.5607,1753329600,10504300.0,2025-07-24 04:00:00
77.8001,78.6332,77.3213,77.411,1753416000,6888100.0,2025-07-25 04:00:00
78.0396,79.3166,77.7503,78.3289,1753675200,15978400.0,2025-07-28 04:00:00
71.2852,73.111,70.1478,71.5646,1753761600,42890700.0,2025-07-29 04:00:00
69.5492,72.0385,69.3946,72.0235,1753848000,20790400.0,2025-07-30 04:00:00
68.6014,69.8934,68.3021,69.3148,1753934400,16657600.0,2025-07-31 04:00:00
66.9552,68.1924,66.4165,67.8432,1754020800,15181100.0,2025-08-01 04:00:00
67.8531,68.4118,67.1198,67.6686,1754280000,11756800.0,2025-08-04 04:00:00
67.6736,68.5116,67.2545,68.3021,1754366400,10714700.0,2025-08-05 04:00:00
69.2599,69.4495,68.0517,68.1425,1754452800,11913000.0,2025-08-06 04:00:00
68.0627,70.0082,67.5239,69.8386,1754539200,10129300.0,2025-08-07 04:00:00
67.494,68.4518,67.2645,68.2822,1754625600,9683400.0,2025-08-08 04:00:00
66.9253,68.3221,66.7457,67.6536,1754884800,10118600.0,2025-08-11 04:00:00
67.8132,68.5815,67.0749,67.0849,1754971200,9747500.0,2025-08-12 04:00:00
70.4671,70.5669,67.9928,68.0726,1755057600,12344700.0,2025-08-13 04:00:00
69.22,69.659,68.0726,69.2798,1755144000,10695400.0,2025-08-14 04:00:00
69.0703,69.9982,69.0005,69.4095,1755230400,8128000.0,2025-08-15 04:00:00
69.3696,69.8236,69.0703,69.1501,1755489600,8410200.0,2025-08-18 04:00:00
68.8907,70.2027,68.771,69.629,1755576000,9052800.0,2025-08-19 04:00:00
67.923,68.9506,67.5239,68.781,1755662400,9992300.0,2025-08-20 04:00:00
67.3942,67.7135,66.7706,67.5239,1755748800,7039500.0,2025-08-21 04:00:00
69.7388,69.9882,67.6636,67.7534,1755835200,9394100.0,2025-08-22 04:00:00
69.3198,69.649,68.8808,69.4894,1756094400,6460300.0,2025-08-25 04:00:00
70.0181,70.088,69.0204,69.2399,1756180800,9471500.0,2025-08-26 04:00:00
69.4894,69.9184,68.5326,68.5715,1756267200,8648200.0,2025-08-27 04:00:00
69.8984,70.3973,69.3696,69.8386,1756353600,5882000.0,2025-08-28 04:00:00
70.0281,70.5369,69.7388,69.8585,1756440000,5636300.0,2025-08-29 04:00:00
69.0903,69.214,67.9928,68.761,1756785600,12882500.0,2025-09-02 04:00:00
69.4794,69.7288,68.6413,68.7511,1756872000,11808200.0,2025-09-03 04:00:00
68.3021,69.7388,66.0772,69.5392,1756958400,14063500.0,2025-09-04 04:00:00
68.1026,69.7787,68.0128,68.7211,1757044800,7794300.0,2025-09-05 04:00:00
68.2422,68.4318,67.6436,68.3021,1757304000,7954900.0,2025-09-08 04:00:00
67.5239,68.342,67.3742,68.0427,1757390400,8776500.0,2025-09-09 04:00:00
65.4886,67.8731,65.0845,67.3244,1757476800,14352500.0,2025-09-10 04:00:00
67.1148,67.1947,65.5584,65.5984,1757563200,11154400.0,2025-09-11 04:00:00
66.7357,67.5937,66.7058,67.055,1757649600,7505600.0,2025-09-12 04:00:00
66.9552,68.0327,66.6489,67.1448,1757908800,9597900.0,2025-09-15 04:00:00
66.6958,66.9851,65.9525,66.6809,1757995200,9353900.0,2025-09-16 04:00:00
68.4617,69.1102,66.8455,66.9851,1758081600,18607800.0,2025-09-17 04:00:00
68.362,70.1379,68.1724,69.9184,1758168000,14330500.0,2025-09-18 04:00:00
68.0627,68.6912,67.7683,68.6014,1758254400,19774200.0,2025-09-19 04:00:00
67.5239,67.9529,66.8954,67.6037,1758513600,13298200.0,2025-09-22 04:00:00
67.1548,68.8309,66.9652,67.6486,1758600000,10449000.0,2025-09-23 04:00:00
67.7035,68.4218,67.2845,67.494,1758686400,9180600.0,2025-09-24 04:00:00
66.5861,67.3343,66.0473,67.1049,1758772800,10773700.0,2025-09-25 04:00:00
67.1448,67.474,66.167,66.8455,1758859200,8431600.0,2025-09-26 04:00:00
69.5193,71.0956,67.7334,67.8033,1759118400,28497000.0,2025-09-29 04:00:00
66.9053,69.6689,66.6958,69.6639,1759204800,21464800.0,2025-09-30 04:00:00
66.5063,67.6436,66.0673,66.7457,1759291200,17050100.0,2025-10-01 04:00:00
68.771,68.791,66.7956,66.9153,1759377600,13461600.0,2025-10-02 04:00:00
69.0903,69.3696,67.5937,67.9429,1759464000,12219800.0,2025-10-03 04:00:00
71.1256,71.7042,69.2918,70.058,1759723200,16769900.0,2025-10-06 04:00:00
74.4379,75.5005,72.8915,73.8992,1759809600,31977500.0,2025-10-07 04:00:00
75.9544,76.3236,73.106,75.0615,1759896000,17904800.0,2025-10-08 04:00:00
75.5753,77.1616,74.8599,77.012,1759982400,15774400.0,2025-10-09 04:00:00
69.6789,76.7226,69.5991,75.9345,1760068800,22326500.0,2025-10-10 04:00:00
68.7012,70.7664,68.0048,70.5569,1760328000,20036800.0,2025-10-13 04:00:00
68.9905,69.5492,66.616,67.2545,1760414400,12968500.0,2025-10-14 04:00:00
67.8232,69.7138,67.6835,69.225,1760500800,11247300.0,2025-10-15 04:00:00
65.8977,68.4418,65.2691,67.9729,1760587200,19258500.0,2025-10-16 04:00:00
67.2545,67.5538,65.299,65.3839,1760673600,11151500.0,2025-10-17 04:00:00
69.0404,69.3098,67.494,67.5189,1760932800,10016100.0,2025-10-20 04:00:00
69.8884,70.1977,68.6713,68.8608,1761019200,9032000.0,2025-10-21 04:00:00
67.913,69.21,67.7534,69.0105,1761105600,8173400.0,2025-10-22 04:00:00
69.4993,69.8984,67.893,67.913,1761192000,8199000.0,2025-10-23 04:00:00
69.6091,71.0857,69.5791,69.9882,1761278400,8638200.0,2025-10-24 04:00:00
70.088,71.7042,69.9682,70.6916,1761537600,18821300.0,2025-10-27 04:00:00
72.8516,79.0323,72.662,76.0342,1761624000,83722300.0,2025-10-28 04:00:00
69.5193,72.5623,69.1551,72.5323,1761710400,38505400.0,2025-10-29 04:00:00
67.7733,70.6068,67.7434,69.6739,1761796800,19550800.0,2025-10-30 04:00:00
69.1102,69.4195,67.464,68.1125,1761883200,18370100.0,2025-10-31 04:00:00
68.1824,70.1877,67.5488,69.3646,1762146000,14619000.0,2025-11-03 05:00:00
65.9276,67.1338,65.7979,67.0749,1762232400,19711800.0,2025-11-04 05:00:00
67.903,68.0527,65.748,65.8677,1762318800,13606100.0,2025-11-05 05:00:00
66.1072,67.913,66.0573,67.6436,1762405200,11480200.0,2025-11-06 05:00:00
66.0673,66.3616,64.6306,65.3489,1762491600,13449300.0,2025-11-07 05:00:00
66.0972,67.2745,65.5904,66.9053,1762750800,11129900.0,2025-11-10 05:00:00
67.2446,67.7933,66.0773,66.0972,1762837200,10032500.0,2025-11-11 05:00:00
67.045,67.8332,66.7457,67.3742,1762923600,10134000.0,2025-11-12 05:00:00
65.1793,67.1248,64.9997,66.3566,1763010000,14185800.0,2025-11-13 05:00:00
62.6651,64.5009,62.6053,63.9621,1763096400,21979900.0,2025-11-14 05:00:00
61.7473,63.0243,61.1486,62.6651,1763355600,20632700.0,2025-11-17 05:00:00
60.56,61.4978,60.3305,61.2484,1763442000,18446600.0,2025-11-18 05:00:00
60.11,60.76,59.16,60.61,1763528400,25061900.0,2025-11-19 05:00:00
58.105,60.715,58.0,60.575,1763614800,21059300.0,2025-11-20 05:00:00
60.57,60.96,58.04,58.24,1763701200,20849400.0,2025-11-21 05:00:00
60.56,60.83,59.85,60.61,1763960400,21013500.0,2025-11-24 05:00:00
61.22,61.975,60.72,60.86,1764046800,11065200.0,2025-11-25 05:00:00
61.83,62.16,61.17,61.4,1764133200,8335300.0,2025-11-26 05:00:00
62.69,63.055,62.13,62.23,1764306000,7875900.0,2025-11-28 05:00:00
62.58,63.21,61.83,62.05,1764565200,10923300.0,2025-12-01 05:00:00
62.9,63.835,62.15,62.92,1764651600,10834100.0,2025-12-02 05:00:00
61.24,63.93,60.41,62.85,1764738000,24402800.0,2025-12-03 05:00:00
61.73,62.1,60.385,60.5,1764824400,15994300.0,2025-12-04 05:00:00
62.28,62.94,61.48,61.67,1764910800,11152900.0,2025-12-05 05:00:00
61.12,62.51,60.99,62.425,1765170000,12544000.0,2025-12-08 05:00:00
60.78,61.5,60.49,60.75,1765256400,13214700.0,2025-12-09 05:00:00
61.16,61.476,60.16,60.49,1765342800,19985100.0,2025-12-10 05:00:00
61.69,61.79,59.85,60.075,1765429200,14023800.0,2025-12-11 05:00:00
61.66,62.15,61.0,61.08,1765515600,15964000.0,2025-12-12 05:00:00
60.74,62.82,60.625,61.96,1765774800,18187500.0,2025-12-15 05:00:00
61.33,62.146,60.95,61.69,1765861200,17316800.0,2025-12-16 05:00:00
60.18,62.41,60.13,61.39,1765947600,16357800.0,2025-12-17 05:00:00
59.44,60.32,58.915,59.59,1766034000,23734500.0,2025-12-18 05:00:00
59.81,60.115,58.8,58.92,1766120400,31927500.0,2025-12-19 05:00:00
59.86,60.545,59.76,59.96,1766379600,13976100.0,2025-12-22 05:00:00
59.41,60.07,58.94,59.83,1766466000,12153600.0,2025-12-23 05:00:00
60.04,60.145,59.31,59.332,1766552400,5491700.0,2025-12-24 05:00:00
59.97,60.11,59.535,60.0,1766725200,7537800.0,2025-12-26 05:00:00
59.49,60.14,59.125,59.85,1766984400,12910100.0,2025-12-29 05:00:00
59.1,59.6,59.08,59.46,1767070800,11277900.0,2025-12-30 05:00:00
58.38,59.04,58.34,59.03,1767157200,13027300.0,2025-12-31 05:00:00
58.14,58.8,57.65,58.67,1767330000,14693100.0,2026-01-02 05:00:00
59.29,60.105,57.9,58.01,1767589200,17115900.0,2026-01-05 05:00:00
59.81,59.935,58.98,59.27,1767675600,11110800.0,2026-01-06 05:00:00
58.51,60.135,58.255,59.865,1767762000,18044300.0,2026-01-07 05:00:00
58.27,59.0,57.77,58.02,1767848400,13105200.0,2026-01-08 05:00:00
57.66,58.86,57.28,58.8,1767934800,15061500.0,2026-01-09 05:00:00
57.29,57.78,56.76,57.61,1768194000,19898900.0,2026-01-12 05:00:00
56.56,57.3,56.275,57.21,1768280400,15900500.0,2026-01-13 05:00:00
57.66,57.79,56.27,56.4,1768366800,16039900.0,2026-01-14 05:00:00
56.74,57.862,56.6,57.74,1768453200,16405300.0,2026-01-15 05:00:00
56.89,56.97,56.24,56.79,1768539600,15116900.0,2026-01-16 05:00:00
55.08,56.077,55.015,55.58,1768885200,19744400.0,2026-01-20 05:00:00
55.89,56.33,55.095,55.52,1768971600,15117000.0,2026-01-21 05:00:00
57.15,57.55,56.55,56.59,1769058000,14540700.0,2026-01-22 05:00:00
56.62,56.985,56.41,56.83,1769144400,8758900.0,2026-01-23 05:00:00
56.6,57.12,56.495,56.57,1769403600,9971400.0,2026-01-26 05:00:00
55.51,56.63,55.205,56.5,1769490000,14240700.0,2026-01-27 05:00:00
54.08,55.49,53.645,55.01,1769576400,19222700.0,2026-01-28 05:00:00
53.11,54.17,52.53,54.12,1769662800,19463500.0,2026-01-29 05:00:00
52.69,52.95,52.06,52.44,1769749200,18607800.0,2026-01-30 05:00:00
52.33,53.44,52.322,52.5,1770008400,27452900.0,2026-02-02 05:00:00
41.7,43.7,41.43,42.885,1770094800,141690600.0,2026-02-03 05:00:00
41.03,41.84,39.96,41.6,1770181200,58018000.0,2026-02-04 05:00:00
39.9,41.01,38.88,40.6,1770267600,42842800.0,2026-02-05 05:00:00
40.42,40.61,39.38,40.25,1770354000,34921700.0,2026-02-06 05:00:00
41.15,41.27,39.81,40.21,1770613200,26034300.0,2026-02-09 05:00:00
41.49,42.35,40.75,40.75,1770699600,22787700.0,2026-02-10 05:00:00
40.46,41.62,40.01,41.5,1770786000,21538900.0,2026-02-11 05:00:00
39.08,40.285,38.46,40.285,1770872400,28004800.0,2026-02-12 05:00:00
40.29,40.37,39.089,39.24,1770958800,25092400.0,2026-02-13 05:00:00
40.81,41.6,40.37,40.5,1771304400,20342500.0,2026-02-17 05:00:00
41.45,41.76,40.59,40.77,1771390800,17925500.0,2026-02-18 05:00:00
41.73,41.79,40.85,41.105,1771477200,24646900.0,2026-02-19 05:00:00
41.65,42.81,41.513,41.575,1771563600,23174000.0,2026-02-20 05:00:00
44.05,45.69,40.525,41.045,1771822800,75619500.0,2026-02-23 05:00:00
47.02,48.0,43.03,43.79,1771909200,58216359.0,2026-02-24 05:00:00
47.1772,48.3536,46.3048,47.237,1771995600,42794100.0,2026-02-25 05:00:00
45.3926,47.5859,44.3607,47.3566,1772082000,48091800.0,2026-02-26 05:00:00
46.0705,46.2799,45.2829,45.6717,1772168400,23641200.0,2026-02-27 05:00:00
45.4923,45.8163,44.5053,44.6847,1772427600,17355300.0,2026-03-02 05:00:00
46.24,46.8182,44.5252,44.595,1772514000,22406400.0,2026-03-03 05:00:00
46.75,47.33,45.93,46.05,1772600400,14612800.0,2026-03-04 05:00:00
47.64,47.915,46.485,46.485,1772686800,18317700.0,2026-03-05 05:00:00
46.97,47.73,46.355,47.17,1772773200,15900100.0,2026-03-06 05:00:00
46.16,46.526,44.96,46.05,1773028800,18908300.0,2026-03-09 04:00:00
45.02,45.82,44.81,45.61,1773115200,17575900.0,2026-03-10 04:00:00
45.57,46.14,44.8,45.45,1773201600,13794100.0,2026-03-11 04:00:00
44.36,46.074,44.34,45.3,1773288000,15293100.0,2026-03-12 04:00:00
44.9,45.25,44.172,44.205,1773374400,13962500.0,2026-03-13 04:00:00
45.42,45.9,45.19,45.25,1773633600,14460200.0,2026-03-16 04:00:00
46.13,46.98,45.744,45.84,1773720000,21819800.0,2026-03-17 04:00:00
44.59,46.077,44.55,45.615,1773806400,19662700.0,2026-03-18 04:00:00
44.19,44.84,43.532,44.195,1773892800,22744600.0,2026-03-19 04:00:00
44.01,44.55,43.33,44.33,1773979200,31695500.0,2026-03-20 04:00:00
45.49,45.74,44.01,44.72,1774238400,21262500.0,2026-03-23 04:00:00
44.21,45.265,43.99,44.945,1774324800,19616500.0,2026-03-24 04:00:00
44.85,45.96,44.2,45.08,1774411200,14861200.0,2026-03-25 04:00:00
45.2,45.972,44.47,44.48,1774497600,14613000.0,2026-03-26 04:00:00
43.59,44.79,43.55,44.72,1774584000,17434200.0,2026-03-27 04:00:00
44.67,45.015,43.92,44.0,1774843200,17778200.0,2026-03-30 04:00:00
45.23,45.47,44.28,44.74,1774929600,12695000.0,2026-03-31 04:00:00
44.63,45.5,44.0,45.29,1775016000,15319900.0,2026-04-01 04:00:00
45.34,45.42,43.675,44.02,1775102400,12747700.0,2026-04-02 04:00:00
45.48,46.44,45.33,45.724,1775448000,11006800.0,2026-04-06 04:00:00
44.87,45.46,44.56,45.09,1775534400,10416300.0,2026-04-07 04:00:00
45.85,46.35,45.555,45.99,1775620800,15619000.0,2026-04-08 04:00:00
45.98,46.08,44.905,45.81,1775707200,12716600.0,2026-04-09 04:00:00
45.24,46.18,44.98,45.915,1775793600,13125100.0,2026-04-10 04:00:00
