close,high,low,open,time,volume,date
113.9733,114.8883,113.2715,114.755,1603166400,4409800.0,2020-10-20 04:00:00
114.1954,115.8566,112.2588,113.7423,1603252800,4344000.0,2020-10-21 04:00:00
114.7766,115.8584,113.4177,115.7868,1603339200,3895100.0,2020-10-22 04:00:00
115.2236,115.4203,113.6322,114.9643,1603425600,3943100.0,2020-10-23 04:00:00
112.8276,115.0359,111.2183,114.0167,1603684800,6065900.0,2020-10-26 04:00:00
112.5683,113.507,111.9246,113.1047,1603771200,5825500.0,2020-10-27 04:00:00
108.6971,110.6998,108.2233,110.4137,1603857600,8234800.0,2020-10-28 04:00:00
113.0422,114.1597,108.9743,109.1263,1603944000,7053300.0,2020-10-29 04:00:00
110.2885,111.9783,108.715,110.5746,1604030400,7811200.0,2020-10-30 04:00:00
110.8339,112.8008,109.4392,111.3077,1604293200,5860300.0,2020-11-02 05:00:00
112.1571,113.4713,111.4776,112.1481,1604379600,5832800.0,2020-11-03 05:00:00
115.304,115.8405,112.7113,115.617,1604466000,12608900.0,2020-11-04 05:00:00
130.002,133.0328,126.8014,130.3686,1604552400,27910900.0,2020-11-05 05:00:00
129.6444,130.7352,128.7057,130.5385,1604638800,7278500.0,2020-11-06 05:00:00
127.4987,133.5782,127.3468,133.5782,1604898000,10666300.0,2020-11-09 05:00:00
125.2636,127.9994,123.8511,125.2994,1604984400,12019900.0,2020-11-10 05:00:00
132.0405,132.3981,128.7415,129.1885,1605070800,10222700.0,2020-11-11 05:00:00
128.6609,132.7735,127.91,131.9331,1605157200,8580700.0,2020-11-12 05:00:00
128.9739,130.753,128.053,130.1183,1605243600,5899200.0,2020-11-13 05:00:00
133.2742,133.4352,129.2332,129.8143,1605502800,7598500.0,2020-11-16 05:00:00
132.9792,133.9716,131.5845,133.2295,1605589200,7438600.0,2020-11-17 05:00:00
131.4683,137.0828,131.3431,133.4262,1605675600,12124500.0,2020-11-18 05:00:00
131.8974,133.4799,130.0468,131.0302,1605762000,7743700.0,2020-11-19 05:00:00
130.5564,133.3011,130.4759,132.5679,1605848400,5551900.0,2020-11-20 05:00:00
128.5805,131.4236,126.8461,127.2663,1606107600,11649400.0,2020-11-23 05:00:00
130.4669,130.8246,126.1577,128.1961,1606194000,10800800.0,2020-11-24 05:00:00
128.813,131.8617,128.7772,130.4848,1606280400,6398900.0,2020-11-25 05:00:00
128.5895,130.914,128.4732,130.0736,1606453200,3878000.0,2020-11-27 05:00:00
131.5755,131.6828,128.7861,129.3047,1606712400,8712500.0,2020-11-30 05:00:00
135.2322,136.2424,132.1298,133.0239,1606798800,11906100.0,2020-12-01 05:00:00
134.6665,136.0223,134.3432,135.1424,1606885200,7800300.0,2020-12-02 05:00:00
134.6037,137.1716,134.3612,135.6183,1606971600,6355300.0,2020-12-03 05:00:00
141.5264,141.9484,134.6844,134.9538,1607058000,12759900.0,2020-12-04 05:00:00
141.8856,142.7386,140.7093,142.3615,1607317200,7009300.0,2020-12-07 05:00:00
142.586,143.0259,139.9551,141.3828,1607403600,6088300.0,2020-12-08 05:00:00
140.0898,144.6242,139.6678,142.4064,1607490000,7947200.0,2020-12-09 05:00:00
139.8474,141.733,137.1357,138.6532,1607576400,7522200.0,2020-12-10 05:00:00
129.5485,134.9269,127.4025,134.0021,1607662800,25923100.0,2020-12-11 05:00:00
131.3533,132.6642,128.6955,130.1052,1607922000,12258500.0,2020-12-14 05:00:00
133.2119,134.6126,132.0806,134.1188,1608008400,6616400.0,2020-12-15 05:00:00
134.451,135.0795,131.7304,133.9122,1608094800,6610900.0,2020-12-16 05:00:00
134.2625,135.7889,133.2299,135.4657,1608181200,7039000.0,2020-12-17 05:00:00
132.3679,135.3938,131.2006,135.3938,1608267600,13288300.0,2020-12-18 05:00:00
131.8112,132.314,129.6652,130.2039,1608526800,7024600.0,2020-12-21 05:00:00
131.3981,132.0177,129.9436,131.6406,1608613200,5751500.0,2020-12-22 05:00:00
131.9548,136.0672,131.874,132.5564,1608699600,5186700.0,2020-12-23 05:00:00
133.598,133.6968,132.1704,132.7091,1608786000,2120200.0,2020-12-24 05:00:00
132.6552,135.6452,132.3858,135.2411,1609131600,4576600.0,2020-12-28 05:00:00
133.3287,133.7776,132.0177,133.7596,1609218000,3543800.0,2020-12-29 05:00:00
134.6395,136.1301,133.7147,133.8943,1609304400,3965600.0,2020-12-30 05:00:00
136.7855,136.9831,134.7743,134.9718,1609390800,4941700.0,2020-12-31 05:00:00
133.3376,139.3086,132.1165,137.3871,1609736400,9827000.0,2021-01-04 05:00:00
136.8663,137.1088,133.3376,133.4723,1609822800,8507200.0,2021-01-05 05:00:00
135.753,138.1593,134.2086,136.0582,1609909200,7174600.0,2021-01-06 05:00:00
139.8025,140.4489,136.7137,136.7766,1609995600,8482300.0,2021-01-07 05:00:00
140.6465,141.4456,138.7609,141.1763,1610082000,6252400.0,2021-01-08 05:00:00
140.1706,141.9844,139.1021,140.1616,1610341200,5147800.0,2021-01-11 05:00:00
138.6801,140.853,138.2401,140.6465,1610427600,4385700.0,2021-01-12 05:00:00
141.3468,141.8048,137.9618,139.3445,1610514000,5479900.0,2021-01-13 05:00:00
144.4267,146.5188,142.3166,143.1247,1610600400,10102400.0,2021-01-14 05:00:00
141.0506,144.4356,140.862,144.3548,1610686800,8607400.0,2021-01-15 05:00:00
147.0485,147.3448,142.2717,142.7117,1611032400,8209000.0,2021-01-19 05:00:00
147.7937,150.7927,147.6501,147.9015,1611118800,7943300.0,2021-01-20 05:00:00
147.9285,149.4908,146.6624,148.8802,1611205200,6295700.0,2021-01-21 05:00:00
145.8363,147.4975,145.0282,147.255,1611291600,5062300.0,2021-01-22 05:00:00
147.6142,149.9936,145.2168,147.5423,1611550800,5370800.0,2021-01-25 05:00:00
145.9531,147.8387,144.4805,147.4346,1611637200,6554200.0,2021-01-26 05:00:00
137.9797,144.3189,137.0998,142.3076,1611723600,9854000.0,2021-01-27 05:00:00
139.6678,142.7386,137.4769,140.3232,1611810000,8087400.0,2021-01-28 05:00:00
140.3233,144.2381,138.9495,143.8879,1611896400,9502100.0,2021-01-29 05:00:00
145.0821,145.8184,140.5118,141.302,1612155600,8265100.0,2021-02-01 05:00:00
147.9553,148.4941,144.8307,147.7129,1612242000,6926500.0,2021-02-02 05:00:00
145.7286,150.4695,145.2796,150.4695,1612328400,14156700.0,2021-02-03 05:00:00
132.8617,136.2827,130.3746,134.8461,1612414800,46141800.0,2021-02-04 05:00:00
130.9492,133.6968,129.8538,133.6519,1612501200,24695400.0,2021-02-05 05:00:00
132.332,132.5295,130.4643,132.0805,1612760400,12181600.0,2021-02-08 05:00:00
131.1916,133.3376,131.0031,132.4846,1612846800,11681300.0,2021-02-09 05:00:00
130.6439,132.6642,129.6293,132.5474,1612933200,11701300.0,2021-02-10 05:00:00
130.6978,131.6047,128.8751,130.8953,1613019600,11600200.0,2021-02-11 05:00:00
132.8707,135.9415,130.0782,130.7068,1613106000,9155200.0,2021-02-12 05:00:00
132.1344,134.451,131.1468,133.7866,1613451600,10211900.0,2021-02-16 05:00:00
129.9705,131.892,128.7763,130.9313,1613538000,11937200.0,2021-02-17 05:00:00
129.2162,129.9256,128.3632,128.884,1613624400,8404400.0,2021-02-18 05:00:00
130.1411,130.9582,128.8392,129.9974,1613710800,10012500.0,2021-02-19 05:00:00
125.2206,129.4048,124.8794,127.7258,1613970000,12763900.0,2021-02-22 05:00:00
123.1196,124.3407,120.7132,122.4551,1614056400,14425300.0,2021-02-23 05:00:00
126.6932,126.765,121.2968,122.4731,1614142800,13146200.0,2021-02-24 05:00:00
121.6919,126.4508,121.234,125.3104,1614229200,12701100.0,2021-02-25 05:00:00
122.2845,124.0443,120.9466,122.7963,1614315600,11772600.0,2021-02-26 05:00:00
125.2475,125.3732,122.5269,123.4607,1614574800,9421400.0,2021-03-01 05:00:00
123.0477,125.7953,122.8053,125.7055,1614661200,8693200.0,2021-03-02 05:00:00
118.7804,122.8583,118.6722,122.335,1614747600,14862700.0,2021-03-03 05:00:00
115.298,121.0719,114.1974,119.4029,1614834000,15831100.0,2021-03-04 05:00:00
117.0573,118.3384,113.1328,118.1128,1614920400,13292000.0,2021-03-05 05:00:00
111.148,117.0753,110.9586,116.3807,1615179600,15256100.0,2021-03-08 05:00:00
116.4799,117.2107,113.9719,114.9282,1615266000,13130200.0,2021-03-09 05:00:00
115.3612,118.2752,115.1537,117.8873,1615352400,12492300.0,2021-03-10 05:00:00
118.8526,120.2059,117.2918,118.194,1615438800,11920200.0,2021-03-11 05:00:00
117.2648,117.5806,115.1357,117.1926,1615525200,9365700.0,2021-03-12 05:00:00
118.7624,118.8706,116.4889,117.337,1615780800,7807200.0,2021-03-15 04:00:00
120.5758,122.1907,119.3488,119.8901,1615867200,10434700.0,2021-03-16 04:00:00
120.8194,122.335,116.9941,118.4647,1615953600,10781500.0,2021-03-17 04:00:00
117.0573,120.5307,116.9761,119.4841,1616040000,9579000.0,2021-03-18 04:00:00
118.203,119.5202,116.534,117.0933,1616126400,17599900.0,2021-03-19 04:00:00
120.9727,122.2899,119.6285,119.9533,1616385600,9036900.0,2021-03-22 04:00:00
119.5563,121.2073,118.5549,120.8915,1616472000,7425700.0,2021-03-23 04:00:00
114.7387,120.0435,114.6755,119.9803,1616558400,10962300.0,2021-03-24 04:00:00
114.8289,115.1537,112.2216,114.2696,1616644800,10460800.0,2021-03-25 04:00:00
119.9803,120.3051,114.6124,114.6304,1616731200,11071600.0,2021-03-26 04:00:00
118.4286,120.2961,117.0753,119.5743,1616990400,9750100.0,2021-03-29 04:00:00
117.3821,118.4015,116.4438,117.4362,1617076800,7097300.0,2021-03-30 04:00:00
119.6194,120.4585,117.7971,118.1489,1617163200,8361300.0,2021-03-31 04:00:00
124.3108,124.8882,120.5307,121.3426,1617249600,14069600.0,2021-04-01 04:00:00
126.6023,126.7557,124.7077,125.4385,1617595200,12562800.0,2021-04-05 04:00:00
124.5544,126.5121,124.1754,126.1693,1617681600,9100000.0,2021-04-06 04:00:00
125.7903,126.2595,123.9589,124.7979,1617768000,6958500.0,2021-04-07 04:00:00
126.6113,126.6384,125.231,126.3046,1617854400,7304900.0,2021-04-08 04:00:00
126.8188,126.918,125.2941,126.2143,1617940800,6033200.0,2021-04-09 04:00:00
123.995,126.2053,122.741,125.2761,1618200000,10355500.0,2021-04-12 04:00:00
123.8687,125.1949,122.4703,124.8431,1618286400,9225200.0,2021-04-13 04:00:00
121.5682,124.3559,120.8103,123.6702,1618372800,9967800.0,2021-04-14 04:00:00
124.3558,124.4912,122.3079,122.6958,1618459200,11733200.0,2021-04-15 04:00:00
124.6897,125.4114,123.2823,124.1574,1618545600,6583900.0,2021-04-16 04:00:00
122.0192,123.6431,120.9727,123.5078,1618804800,8728900.0,2021-04-19 04:00:00
120.3502,121.5952,119.7999,121.3877,1618891200,7473700.0,2021-04-20 04:00:00
122.8672,123.0296,119.5382,119.8269,1618977600,7237900.0,2021-04-21 04:00:00
119.9623,122.6598,119.5112,122.1275,1619064000,8345100.0,2021-04-22 04:00:00
122.1816,122.7951,120.4765,120.657,1619150400,7666600.0,2021-04-23 04:00:00
125.3663,126.0249,121.9019,122.0914,1619409600,9715400.0,2021-04-26 04:00:00
124.5093,125.7453,123.58,125.1408,1619496000,9284500.0,2021-04-27 04:00:00
123.2101,124.7438,122.4704,124.6536,1619582400,13118100.0,2021-04-28 04:00:00
128.7224,131.0861,126.909,130.8244,1619668800,20502100.0,2021-04-29 04:00:00
125.222,128.1901,124.7348,127.2699,1619755200,11374600.0,2021-04-30 04:00:00
123.986,126.088,123.4807,126.0339,1620014400,7920300.0,2021-05-03 04:00:00
120.9998,122.6959,119.4661,122.6959,1620100800,11996300.0,2021-05-04 04:00:00
121.4779,123.1018,120.9907,122.768,1620187200,6285500.0,2021-05-05 04:00:00
122.6959,123.183,120.0796,121.3336,1620273600,8352500.0,2021-05-06 04:00:00
124.3649,125.1227,122.9575,123.5439,1620360000,6893700.0,2021-05-07 04:00:00
116.3265,123.3094,116.2183,122.7139,1620619200,19537200.0,2021-05-10 04:00:00
115.8122,115.9837,112.5644,112.9975,1620705600,11948000.0,2021-05-11 04:00:00
112.4291,114.6936,111.5811,113.7012,1620792000,13529600.0,2021-05-12 04:00:00
114.6755,115.9115,113.5568,114.6846,1620878400,10633000.0,2021-05-13 04:00:00
117.4181,118.5639,115.307,116.0468,1620964800,9391100.0,2021-05-14 04:00:00
117.1024,117.1295,115.2168,116.6423,1621224000,5917400.0,2021-05-17 04:00:00
116.2995,118.4015,116.1912,117.8602,1621310400,8651100.0,2021-05-18 04:00:00
117.8783,118.0316,114.0801,114.7477,1621396800,8112900.0,2021-05-19 04:00:00
119.6646,120.242,118.6,118.6632,1621483200,9208400.0,2021-05-20 04:00:00
118.6,119.7097,117.7249,119.2135,1621569600,8674000.0,2021-05-21 04:00:00
119.9081,120.8915,118.4827,118.4827,1621828800,8229300.0,2021-05-24 04:00:00
120.666,121.1622,119.8089,120.4765,1621915200,7271400.0,2021-05-25 04:00:00
120.0705,121.3607,119.2857,120.7742,1622001600,6663300.0,2021-05-26 04:00:00
120.5667,121.4689,119.7277,119.7458,1622088000,7379300.0,2021-05-27 04:00:00
121.3787,122.3711,120.8464,121.0269,1622174400,7042200.0,2021-05-28 04:00:00
120.8374,122.759,120.4675,121.8839,1622520000,7059600.0,2021-06-01 04:00:00
121.3452,122.1703,120.121,120.7648,1622606400,6026000.0,2021-06-02 04:00:00
119.4954,120.9553,119.1689,120.2843,1622692800,6644000.0,2021-06-03 04:00:00
121.8167,122.4605,119.8762,120.1755,1622779200,7416700.0,2021-06-04 04:00:00
120.8918,121.2999,120.2752,121.2364,1623038400,5563300.0,2021-06-07 04:00:00
121.6898,122.7688,120.6016,121.5628,1623124800,9657900.0,2021-06-08 04:00:00
120.5019,122.7326,120.4112,122.5059,1623211200,6717200.0,2021-06-09 04:00:00
121.7079,122.5059,120.2208,120.647,1623297600,5522300.0,2021-06-10 04:00:00
122.0706,122.0978,121.191,121.3271,1623384000,6529900.0,2021-06-11 04:00:00
124.5098,124.5098,122.2248,122.5965,1623643200,7912600.0,2021-06-14 04:00:00
122.9411,124.5733,122.6238,124.3557,1623729600,5723600.0,2021-06-15 04:00:00
122.3698,124.2741,121.2001,123.7482,1623816000,7404700.0,2021-06-16 04:00:00
122.7326,123.8842,121.59,121.7895,1623902400,6618300.0,2021-06-17 04:00:00
120.6016,122.0344,119.9125,122.0071,1623988800,12753600.0,2021-06-18 04:00:00
121.4722,122.5059,120.2933,120.647,1624248000,6371400.0,2021-06-21 04:00:00
122.4878,122.6963,120.8646,121.7079,1624334400,5976400.0,2021-06-22 04:00:00
122.8867,123.5305,122.2429,122.3154,1624420800,6613800.0,2021-06-23 04:00:00
125.063,125.598,123.6393,123.8842,1624507200,7941700.0,2021-06-24 04:00:00
124.8181,126.4685,124.2015,125.5436,1624593600,7949200.0,2021-06-25 04:00:00
126.6952,127.1032,125.1174,125.3441,1624852800,6645500.0,2021-06-28 04:00:00
129.3249,129.6241,126.269,126.6136,1624939200,6885400.0,2021-06-29 04:00:00
129.6059,130.2407,128.6176,129.08,1625025600,6449700.0,2021-06-30 04:00:00
127.6745,129.6876,127.2665,129.5878,1625112000,6094100.0,2021-07-01 04:00:00
129.2886,129.3792,128.0826,128.7536,1625198400,5399100.0,2021-07-02 04:00:00
128.0281,129.8326,126.6589,129.6694,1625544000,7095200.0,2021-07-06 04:00:00
126.9219,129.0891,126.0967,128.9803,1625630400,5034900.0,2021-07-07 04:00:00
125.3985,125.9244,122.9592,124.8816,1625716800,7501100.0,2021-07-08 04:00:00
128.2457,128.5178,124.9632,125.0358,1625803200,7356800.0,2021-07-09 04:00:00
129.1888,129.6876,128.0372,128.2186,1626062400,6786500.0,2021-07-12 04:00:00
128.019,129.3611,127.3299,129.1616,1626148800,5657600.0,2021-07-13 04:00:00
130.3495,132.6981,129.2161,130.1229,1626235200,11305700.0,2021-07-14 04:00:00
128.273,130.7031,127.602,130.685,1626321600,6667400.0,2021-07-15 04:00:00
126.6861,129.2251,126.5229,128.6447,1626408000,5914300.0,2021-07-16 04:00:00
125.8519,125.9516,124.0565,125.4257,1626667200,9371300.0,2021-07-19 04:00:00
126.541,127.3299,124.4101,126.0605,1626753600,6020400.0,2021-07-20 04:00:00
128.9168,128.9621,126.6317,126.6317,1626840000,6161900.0,2021-07-21 04:00:00
129.1616,129.5334,128.3093,128.7627,1626926400,3862600.0,2021-07-22 04:00:00
131.3742,131.4739,128.7899,130.0775,1627012800,6310400.0,2021-07-23 04:00:00
130.1228,130.9208,128.9803,130.5309,1627272000,6253900.0,2021-07-26 04:00:00
127.7924,129.6694,125.3259,129.2069,1627358400,7575800.0,2021-07-27 04:00:00
129.1616,129.5878,127.076,128.1007,1627444800,9303400.0,2021-07-28 04:00:00
136.9146,137.3952,132.7615,132.8431,1627531200,19446900.0,2021-07-29 04:00:00
135.8355,136.3886,134.5297,135.2914,1627617600,8404800.0,2021-07-30 04:00:00
134.9831,138.0843,134.3937,136.0169,1627876800,10823800.0,2021-08-02 04:00:00
134.158,135.636,132.8975,135.0285,1627963200,6223400.0,2021-08-03 04:00:00
134.4028,135.2914,133.5958,134.2214,1628049600,5556400.0,2021-08-04 04:00:00
133.1424,133.7227,131.0931,133.5142,1628136000,7169200.0,2021-08-05 04:00:00
132.6436,134.4119,132.3172,132.5076,1628222400,5733300.0,2021-08-06 04:00:00
133.224,133.9494,132.1631,133.1061,1628481600,4966600.0,2021-08-09 04:00:00
132.2719,133.7499,129.1253,133.5867,1628568000,4197100.0,2021-08-10 04:00:00
133.0064,133.1061,130.9389,132.4442,1628654400,6216000.0,2021-08-11 04:00:00
133.4325,134.2033,132.7434,133.9856,1628740800,5777700.0,2021-08-12 04:00:00
134.7837,135.3912,133.2331,133.2966,1628827200,5764000.0,2021-08-13 04:00:00
134.3212,135.1826,133.0426,134.566,1629086400,4410800.0,2021-08-16 04:00:00
130.948,133.2965,130.1863,133.2512,1629172800,7256800.0,2021-08-17 04:00:00
128.9258,131.1747,128.7445,130.4311,1629259200,6546500.0,2021-08-18 04:00:00
127.5022,128.2639,126.006,127.5385,1629345600,8661000.0,2021-08-19 04:00:00
128.8443,128.9984,127.2212,127.5023,1629432000,6141000.0,2021-08-20 04:00:00
130.7031,131.1293,129.08,129.352,1629691200,6936900.0,2021-08-23 04:00:00
130.9933,132.018,130.4311,131.1112,1629777600,7066800.0,2021-08-24 04:00:00
130.4583,131.8729,130.0956,130.9933,1629864000,5721600.0,2021-08-25 04:00:00
129.1072,130.3586,128.418,129.8417,1629950400,6825100.0,2021-08-26 04:00:00
131.347,131.4376,128.6901,128.944,1630036800,6274500.0,2021-08-27 04:00:00
132.3354,134.0764,131.9908,132.018,1630296000,5263600.0,2021-08-30 04:00:00
133.0154,133.7771,131.084,133.1152,1630382400,7820500.0,2021-08-31 04:00:00
133.4162,134.9194,133.2067,133.7715,1630468800,6451400.0,2021-09-01 04:00:00
132.2046,133.8171,131.6489,133.644,1630555200,6006700.0,2021-09-02 04:00:00
131.7583,132.9972,131.3939,132.2047,1630641600,5505800.0,2021-09-03 04:00:00
130.9566,131.8767,130.3827,131.8038,1630987200,6361200.0,2021-09-07 04:00:00
129.836,130.8381,128.8977,130.6013,1631073600,5981300.0,2021-09-08 04:00:00
128.9797,130.7652,128.8613,129.7905,1631160000,6190800.0,2021-09-09 04:00:00
129.9818,133.0063,129.8543,130.3918,1631246400,6263300.0,2021-09-10 04:00:00
130.6469,131.8494,129.3897,131.2026,1631505600,4312800.0,2021-09-13 04:00:00
128.5789,131.9222,128.1051,131.6125,1631592000,6442100.0,2021-09-14 04:00:00
125.937,128.4513,125.281,128.2782,1631678400,11289100.0,2021-09-15 04:00:00
126.0827,126.5929,125.0988,125.0988,1631764800,6719900.0,2021-09-16 04:00:00
121.7099,125.7183,121.2908,125.5452,1631851200,14550500.0,2021-09-17 04:00:00
120.9447,121.2726,118.986,119.7695,1632110400,9647100.0,2021-09-20 04:00:00
120.0246,121.9923,119.5964,121.7008,1632196800,6175300.0,2021-09-21 04:00:00
121.1724,121.6097,120.2341,120.7898,1632283200,5163000.0,2021-09-22 04:00:00
121.9923,123.1311,121.3637,121.8466,1632369600,5918900.0,2021-09-23 04:00:00
121.965,122.5753,120.9811,121.2635,1632456000,4554600.0,2021-09-24 04:00:00
121.6006,122.1107,120.2705,120.644,1632715200,4319500.0,2021-09-27 04:00:00
118.3392,120.9264,118.157,120.0245,1632801600,8851700.0,2021-09-28 04:00:00
117.7744,119.7513,117.4191,118.9678,1632888000,7037200.0,2021-09-29 04:00:00
117.5011,119.4142,117.246,118.7491,1632974400,6976800.0,2021-09-30 04:00:00
117.2551,118.4485,115.2145,118.2481,1633060800,6863700.0,2021-10-01 04:00:00
115.4058,118.239,114.7134,117.4464,1633320000,8470300.0,2021-10-04 04:00:00
116.1801,117.3098,114.5039,114.9047,1633406400,9244300.0,2021-10-05 04:00:00
116.6629,116.8543,114.8501,115.2873,1633492800,8513700.0,2021-10-06 04:00:00
116.4625,119.0862,116.2348,117.7561,1633579200,8010600.0,2021-10-07 04:00:00
115.2873,117.1458,114.9776,117.1458,1633665600,6920500.0,2021-10-08 04:00:00
113.8206,115.9068,113.766,114.8409,1633924800,6288200.0,2021-10-11 04:00:00
112.0077,114.3035,111.2971,114.2215,1634011200,10531500.0,2021-10-12 04:00:00
113.9117,115.0778,112.527,114.0575,1634097600,12373800.0,2021-10-13 04:00:00
117.2096,117.7926,114.7772,114.9321,1634184000,10637900.0,2021-10-14 04:00:00
118.6125,118.8676,117.2278,117.5375,1634270400,7609700.0,2021-10-15 04:00:00
118.5396,118.6763,116.8269,117.8108,1634529600,5290000.0,2021-10-18 04:00:00
120.7078,120.9811,118.7218,119.3595,1634616000,7330700.0,2021-10-19 04:00:00
120.3981,121.1724,119.5781,120.7078,1634702400,4804100.0,2021-10-20 04:00:00
121.2088,121.4001,119.7057,120.2523,1634788800,4579200.0,2021-10-21 04:00:00
119.9061,121.7919,119.733,121.0722,1634875200,5216200.0,2021-10-22 04:00:00
120.1885,121.3182,119.6146,120.0883,1635134400,4876300.0,2021-10-25 04:00:00
120.1976,121.883,119.405,121.0722,1635220800,5802200.0,2021-10-26 04:00:00
119.5235,120.5803,118.8949,120.1977,1635307200,5090400.0,2021-10-27 04:00:00
121.7919,121.9194,120.1338,120.2432,1635393600,5016700.0,2021-10-28 04:00:00
121.1997,121.7828,120.6622,121.0358,1635480000,5251100.0,2021-10-29 04:00:00
122.8122,122.8669,120.6532,120.6532,1635739200,6903000.0,2021-11-01 04:00:00
123.1948,123.6503,122.1836,122.5753,1635825600,7321900.0,2021-11-02 04:00:00
126.1556,126.4927,123.0217,123.6686,1635912000,13216000.0,2021-11-03 04:00:00
142.2166,145.3778,139.6567,142.4079,1635998400,48321500.0,2021-11-04 04:00:00
148.5207,153.5494,142.0344,143.0911,1636084800,27226600.0,2021-11-05 04:00:00
151.0897,152.7842,146.9264,148.6847,1636347600,14541400.0,2021-11-08 05:00:00
151.9005,154.4331,149.7505,151.691,1636434000,12353900.0,2021-11-09 05:00:00
145.5782,151.3357,144.8767,150.3974,1636520400,11327100.0,2021-11-10 05:00:00
149.787,150.8255,147.0267,147.4002,1636606800,7624200.0,2021-11-11 05:00:00
150.2607,151.2446,149.705,150.3154,1636693200,7371000.0,2021-11-12 05:00:00
153.513,154.8157,151.0533,151.6819,1636952400,12350200.0,2021-11-15 05:00:00
165.6293,167.3785,152.1921,153.1486,1637038800,33338200.0,2021-11-16 05:00:00
167.2053,169.747,162.7323,164.7001,1637125200,21678900.0,2021-11-17 05:00:00
169.7379,171.9243,166.4857,168.7541,1637211600,15542600.0,2021-11-18 05:00:00
168.5354,169.993,166.0757,168.253,1637298000,11889100.0,2021-11-19 05:00:00
165.2558,171.9699,164.8732,164.9916,1637557200,16062800.0,2021-11-22 05:00:00
164.8367,165.192,161.2656,164.2901,1637643600,10696200.0,2021-11-23 05:00:00
164.6272,164.691,161.548,163.5431,1637730000,7886200.0,2021-11-24 05:00:00
160.0995,164.2082,159.4801,160.0358,1637902800,7835900.0,2021-11-26 05:00:00
167.3876,167.6882,163.0694,163.5067,1638162000,10440500.0,2021-11-29 05:00:00
164.4906,170.1843,164.2901,166.9138,1638248400,19309200.0,2021-11-30 05:00:00
160.6042,167.4808,160.3207,165.4142,1638334800,10637700.0,2021-12-01 05:00:00
161.8844,162.6708,156.5623,157.367,1638421200,13101400.0,2021-12-02 05:00:00
161.4089,164.8472,158.8485,162.808,1638507600,12111800.0,2021-12-03 05:00:00
160.4395,161.8386,157.5316,161.7472,1638766800,8577500.0,2021-12-06 05:00:00
168.0021,168.9714,163.2286,163.7499,1638853200,9910100.0,2021-12-07 05:00:00
167.0053,168.0021,165.3136,167.3528,1638939600,4799400.0,2021-12-08 05:00:00
166.6669,171.7696,165.9811,166.2189,1639026000,9398900.0,2021-12-09 05:00:00
168.1484,169.6755,165.6519,169.6755,1639112400,6854800.0,2021-12-10 05:00:00
167.6363,174.9335,167.4442,170.8643,1639371600,16346800.0,2021-12-13 05:00:00
166.4109,168.1666,164.0608,165.6976,1639458000,8542800.0,2021-12-14 05:00:00
173.0864,173.5436,164.582,168.2307,1639544400,11082000.0,2021-12-15 05:00:00
162.9086,176.1955,161.0431,174.0191,1639630800,14873000.0,2021-12-16 05:00:00
161.6741,164.71,160.0464,160.6956,1639717200,16232300.0,2021-12-17 05:00:00
161.5552,161.9301,158.6198,159.3788,1639976400,6306400.0,2021-12-20 05:00:00
164.2162,164.7375,159.3148,164.0334,1640062800,7702400.0,2021-12-21 05:00:00
165.8622,165.9903,162.4331,163.6858,1640149200,5227200.0,2021-12-22 05:00:00
167.1059,167.9929,165.8623,165.9994,1640235600,4918900.0,2021-12-23 05:00:00
170.3887,170.4619,167.3619,167.5357,1640581200,4865900.0,2021-12-27 05:00:00
169.0079,170.7545,167.7917,170.6265,1640667600,5399400.0,2021-12-28 05:00:00
170.2699,171.3581,168.7702,168.8799,1640754000,5417200.0,2021-12-29 05:00:00
167.0967,170.5625,166.7127,169.9772,1640840400,4108400.0,2021-12-30 05:00:00
167.2248,169.3097,166.9779,167.6271,1640926800,4113300.0,2021-12-31 05:00:00
170.279,170.8917,166.6487,167.2613,1641186000,5990200.0,2022-01-03 05:00:00
171.2117,172.7663,165.5239,171.0014,1641272400,8484200.0,2022-01-04 05:00:00
170.5442,177.0185,168.9256,170.5442,1641358800,17141200.0,2022-01-05 05:00:00
170.0413,172.3457,167.3436,168.7336,1641445200,9117700.0,2022-01-06 05:00:00
164.9752,172.2451,164.71,170.6357,1641531600,7386200.0,2022-01-07 05:00:00
164.3077,164.6003,158.8941,163.0183,1641790800,11159300.0,2022-01-10 05:00:00
169.5383,169.7669,162.0582,163.8596,1641877200,9591000.0,2022-01-11 05:00:00
170.471,173.251,169.3463,170.6356,1641963600,7317500.0,2022-01-12 05:00:00
168.1575,175.1895,167.6088,172.5559,1642050000,10190900.0,2022-01-13 05:00:00
172.5468,173.827,166.4383,167.1607,1642136400,9587300.0,2022-01-14 05:00:00
163.5578,170.087,163.0183,169.9681,1642482000,10471200.0,2022-01-18 05:00:00
157.7145,165.7068,157.5316,165.1215,1642568400,10082700.0,2022-01-19 05:00:00
152.2553,160.0189,152.0632,159.5983,1642654800,9468500.0,2022-01-20 05:00:00
150.8196,157.3213,150.4904,152.0175,1642741200,11898700.0,2022-01-21 05:00:00
155.5198,156.2057,145.0311,148.3048,1643000400,17489100.0,2022-01-24 05:00:00
151.2951,155.7485,147.4087,151.9535,1643086800,10708500.0,2022-01-25 05:00:00
152.7125,159.6165,149.8777,154.1573,1643173200,10492200.0,2022-01-26 05:00:00
147.4087,156.7818,146.8692,154.8248,1643259600,10743000.0,2022-01-27 05:00:00
152.5387,152.6576,143.9155,148.1494,1643346000,10320800.0,2022-01-28 05:00:00
160.723,160.8968,151.6152,152.7674,1643605200,11273500.0,2022-01-31 05:00:00
161.9759,162.2502,158.2998,161.3449,1643691600,9724600.0,2022-02-01 05:00:00
172.0988,172.5011,164.8381,165.4599,1643778000,25646300.0,2022-02-02 05:00:00
163.7773,175.6651,162.1222,165.3319,1643864400,36120200.0,2022-02-03 05:00:00
164.1156,166.8041,161.6832,163.6767,1643950800,15708400.0,2022-02-04 05:00:00
160.1104,165.1947,159.516,164.2985,1644210000,10376300.0,2022-02-07 05:00:00
163.3109,163.951,159.0953,159.3971,1644296400,10163900.0,2022-02-08 05:00:00
168.2123,168.2581,163.6401,165.8805,1644382800,9666900.0,2022-02-09 05:00:00
159.1776,166.4201,158.6107,164.0516,1644469200,14362200.0,2022-02-10 05:00:00
150.5544,160.467,149.5576,159.7537,1644555600,13572000.0,2022-02-11 05:00:00
151.0025,153.4898,148.5792,151.2037,1644814800,8381700.0,2022-02-14 05:00:00
158.1992,159.077,153.8556,154.5414,1644901200,11100000.0,2022-02-15 05:00:00
157.8334,158.3912,153.8647,156.0777,1644987600,8340600.0,2022-02-16 05:00:00
152.5296,156.16,152.4382,155.3461,1645074000,8878900.0,2022-02-17 05:00:00
153.2977,155.8673,150.1886,153.1423,1645160400,9591700.0,2022-02-18 05:00:00
151.6974,155.4193,149.6034,150.024,1645506000,9835500.0,2022-02-22 05:00:00
147.7928,154.6877,147.5184,152.3924,1645592400,9749000.0,2022-02-23 05:00:00
153.6087,153.9562,142.4616,143.4675,1645678800,12567000.0,2022-02-24 05:00:00
156.3063,156.4526,151.4323,153.2703,1645765200,7350200.0,2022-02-25 05:00:00
157.2756,158.1901,153.8098,153.9013,1646024400,10638900.0,2022-02-28 05:00:00
149.6857,157.1384,147.8842,156.3337,1646110800,10723300.0,2022-03-01 05:00:00
155.4156,156.5543,150.9162,151.7426,1646197200,7299400.0,2022-03-02 05:00:00
151.8344,156.8665,151.0539,156.7196,1646283600,8553900.0,2022-03-03 05:00:00
148.997,152.4955,146.8207,150.457,1646370000,9057300.0,2022-03-04 05:00:00
137.8309,149.8234,137.7391,149.0521,1646629200,13416100.0,2022-03-07 05:00:00
138.437,145.3974,135.7924,138.3452,1646715600,11878400.0,2022-03-08 05:00:00
144.268,145.526,141.5683,143.2579,1646802000,9276800.0,2022-03-09 05:00:00
142.0641,142.6059,138.0421,141.4489,1646888400,8888800.0,2022-03-10 05:00:00
139.8878,145.379,139.594,145.0393,1646974800,7394400.0,2022-03-11 05:00:00
129.7411,138.9237,128.9881,138.4737,1647230400,16154200.0,2022-03-14 04:00:00
132.4223,132.6243,127.6841,130.8521,1647316800,13893000.0,2022-03-15 04:00:00
138.1523,139.1716,131.8347,134.9568,1647403200,11727700.0,2022-03-16 04:00:00
140.3378,140.4388,134.5986,136.9953,1647489600,8602900.0,2022-03-17 04:00:00
141.403,143.2762,136.83,140.0531,1647576000,18454200.0,2022-03-18 04:00:00
142.8722,144.8189,140.3194,141.403,1647835200,8986400.0,2022-03-21 04:00:00
144.7271,146.8666,142.1192,142.7436,1647921600,7220500.0,2022-03-22 04:00:00
140.3745,144.3597,140.1082,143.3497,1648008000,7245600.0,2022-03-23 04:00:00
145.5076,145.5994,141.0357,141.6876,1648094400,9261000.0,2022-03-24 04:00:00
145.0576,145.5076,142.4957,145.0576,1648180800,7198700.0,2022-03-25 04:00:00
145.4984,145.5443,141.458,143.7078,1648440000,9470800.0,2022-03-28 04:00:00
147.9043,148.1154,143.8455,148.0328,1648526400,10212400.0,2022-03-29 04:00:00
140.246,147.1697,139.3828,146.3616,1648612800,14777800.0,2022-03-30 04:00:00
140.3286,142.459,138.6849,140.3929,1648699200,13364200.0,2022-03-31 04:00:00
134.9751,140.3745,130.9072,139.5205,1648785600,19762100.0,2022-04-01 04:00:00
141.2377,141.5315,134.6721,135.6638,1649044800,12116000.0,2022-04-04 04:00:00
133.5702,139.5848,133.3957,139.4012,1649131200,15946100.0,2022-04-05 04:00:00
127.8954,131.3113,126.2241,131.2195,1649217600,21054200.0,2022-04-06 04:00:00
127.8403,129.9247,125.7283,128.3637,1649304000,10201200.0,2022-04-07 04:00:00
125.5171,128.5198,125.2141,127.2159,1649390400,12992500.0,2022-04-08 04:00:00
124.2958,126.3619,122.7623,123.3132,1649649600,11210400.0,2022-04-11 04:00:00
124.9661,128.7034,124.4243,126.6465,1649736000,10591300.0,2022-04-12 04:00:00
129.0157,130.9348,125.3242,126.2976,1649822400,10440800.0,2022-04-13 04:00:00
125.7191,129.989,125.5079,129.5207,1649908800,8002600.0,2022-04-14 04:00:00
127.9321,128.8779,124.4794,124.5345,1650254400,8785700.0,2022-04-18 04:00:00
129.5207,129.8421,126.2976,127.4821,1650340800,7213800.0,2022-04-19 04:00:00
128.8687,132.9733,128.6116,131.5041,1650427200,7731600.0,2022-04-20 04:00:00
124.9845,131.899,124.2039,130.7052,1650513600,8576500.0,2022-04-21 04:00:00
121.9542,126.1047,121.8073,125.0028,1650600000,8315100.0,2022-04-22 04:00:00
125.3977,125.6272,120.2095,120.586,1650859200,9673200.0,2022-04-25 04:00:00
122.5878,125.2048,121.7889,123.9836,1650945600,9262800.0,2022-04-26 04:00:00
124.057,126.821,119.9799,120.1269,1651032000,13855900.0,2022-04-27 04:00:00
136.0771,138.841,127.7576,131.1919,1651118400,31111100.0,2022-04-28 04:00:00
128.2719,135.4435,128.1158,133.8916,1651204800,13693100.0,2022-04-29 04:00:00
133.3957,133.7539,127.7852,129.1075,1651464000,13320900.0,2022-05-02 04:00:00
132.4683,133.7814,131.0909,132.8815,1651550400,7556800.0,2022-05-03 04:00:00
136.8668,137.28,128.8779,132.7622,1651636800,11038100.0,2022-05-04 04:00:00
130.0624,134.9659,127.8035,134.9659,1651723200,14561400.0,2022-05-05 04:00:00
129.0891,132.3214,126.6098,129.7043,1651809600,10080600.0,2022-05-06 04:00:00
123.8917,128.6575,123.102,126.7108,1652068800,11668100.0,2022-05-09 04:00:00
125.6273,128.3729,123.6254,128.0974,1652155200,8841200.0,2022-05-10 04:00:00
121.4859,126.9863,121.1094,123.9928,1652241600,11530900.0,2022-05-11 04:00:00
120.9992,122.1838,117.3721,120.2922,1652328000,10749800.0,2022-05-12 04:00:00
123.9009,124.8743,121.6695,123.3132,1652414400,9280700.0,2022-05-13 04:00:00
122.9643,124.8651,121.2104,123.0286,1652673600,6378800.0,2022-05-16 04:00:00
128.2719,128.5565,125.5263,126.0313,1652760000,9094100.0,2022-05-17 04:00:00
119.7871,126.0589,119.2637,125.6456,1652846400,11992700.0,2022-05-18 04:00:00
119.8973,122.4868,118.8964,119.7871,1652932800,8419500.0,2022-05-19 04:00:00
120.8431,122.395,115.5723,122.0185,1653019200,11370100.0,2022-05-20 04:00:00
121.3206,121.6053,117.6751,119.328,1653278400,10023400.0,2022-05-23 04:00:00
118.0241,119.6861,115.7468,119.6861,1653364800,9157100.0,2022-05-24 04:00:00
120.5034,121.2747,116.8487,117.3537,1653451200,9766000.0,2022-05-25 04:00:00
123.8183,124.8835,119.2453,119.3831,1653537600,7932800.0,2022-05-26 04:00:00
128.3361,128.6851,124.9753,124.9753,1653624000,9180800.0,2022-05-27 04:00:00
131.5133,132.202,126.2058,128.0974,1653969600,16007300.0,2022-05-31 04:00:00
129.2517,132.8426,127.544,131.5872,1654056000,8514300.0,2022-06-01 04:00:00
134.9565,135.0026,128.9563,129.4733,1654142400,9589500.0,2022-06-02 04:00:00
130.3594,132.4087,129.7963,131.2456,1654228800,7458900.0,2022-06-03 04:00:00
129.6394,133.8211,129.1594,133.8026,1654488000,7238700.0,2022-06-06 04:00:00
130.9779,131.2179,127.8394,128.4302,1654574400,6062800.0,2022-06-07 04:00:00
128.2732,130.8579,126.8793,129.9256,1654660800,6773000.0,2022-06-08 04:00:00
126.1963,129.6394,126.1778,127.1748,1654747200,7153200.0,2022-06-09 04:00:00
122.9562,125.5963,122.2362,124.387,1654833600,8544700.0,2022-06-10 04:00:00
118.7654,121.2485,116.8638,120.5469,1655092800,12320900.0,2022-06-13 04:00:00
120.2423,121.7839,118.9131,120.1962,1655179200,6794700.0,2022-06-14 04:00:00
120.9531,123.03,118.35,121.5439,1655265600,7860000.0,2022-06-15 04:00:00
111.5283,116.9099,109.8759,116.5499,1655352000,16422800.0,2022-06-16 04:00:00
111.6852,113.3837,109.2575,112.0822,1655438400,17273400.0,2022-06-17 04:00:00
114.8237,116.4207,114.2053,114.2514,1655784000,9208500.0,2022-06-21 04:00:00
112.7653,114.1499,111.1037,112.4329,1655870400,9081000.0,2022-06-22 04:00:00
110.8544,113.476,109.1375,113.3099,1655956800,7908900.0,2022-06-23 04:00:00
115.4791,115.7284,112.396,112.9683,1656043200,8128000.0,2022-06-24 04:00:00
117.3992,120.0392,115.793,116.4945,1656302400,9947300.0,2022-06-27 04:00:00
121.4793,125.9563,116.8638,119.7992,1656388800,27081900.0,2022-06-28 04:00:00
120.2146,121.4516,117.1407,120.0762,1656475200,9973300.0,2022-06-29 04:00:00
117.9161,120.0854,115.6915,117.7961,1656561600,9277900.0,2022-06-30 04:00:00
114.0299,117.0115,112.7099,116.0792,1656648000,7672800.0,2022-07-01 04:00:00
116.153,116.4669,111.1037,111.7868,1656993600,8113100.0,2022-07-05 04:00:00
117.2884,118.3684,115.4422,116.3653,1657080000,6038400.0,2022-07-06 04:00:00
124.0639,124.3501,120.2423,120.6023,1657166400,9408100.0,2022-07-07 04:00:00
125.5501,125.9009,121.4977,122.3285,1657252800,8393200.0,2022-07-08 04:00:00
122.0701,124.2486,121.2208,123.3162,1657512000,5887200.0,2022-07-11 04:00:00
122.7255,124.9409,121.8116,123.4547,1657598400,5991300.0,2022-07-12 04:00:00
125.2086,126.2609,120.4823,120.51,1657684800,7200200.0,2022-07-13 04:00:00
130.9871,131.4025,123.5562,124.5624,1657771200,10718700.0,2022-07-14 04:00:00
133.2672,134.2918,131.1071,132.7041,1657857600,11880500.0,2022-07-15 04:00:00
130.7933,135.1688,129.9902,134.7442,1658116800,7856600.0,2022-07-18 04:00:00
136.0365,137.0519,132.1687,133.0549,1658203200,9686500.0,2022-07-19 04:00:00
140.0427,140.615,135.3441,136.0918,1658289600,8517400.0,2022-07-20 04:00:00
143.8736,143.9289,139.0458,141.1227,1658376000,8060400.0,2022-07-21 04:00:00
141.8797,144.612,140.6335,143.6889,1658462400,7200100.0,2022-07-22 04:00:00
141.4642,142.1935,140.0058,141.0489,1658721600,4928900.0,2022-07-25 04:00:00
138.4365,140.9566,138.2888,140.8827,1658808000,5941800.0,2022-07-26 04:00:00
141.6212,142.8951,138.9719,139.8765,1658894400,12863000.0,2022-07-27 04:00:00
135.1872,138.455,132.0025,138.2611,1658980800,17051000.0,2022-07-28 04:00:00
133.9041,134.1349,129.8517,133.4795,1659067200,11749400.0,2022-07-29 04:00:00
136.0919,137.9658,132.9903,133.2118,1659326400,7611400.0,2022-08-01 04:00:00
135.7226,137.9104,133.7011,134.4857,1659412800,5946400.0,2022-08-02 04:00:00
137.6888,138.7781,135.3165,136.3042,1659499200,6890200.0,2022-08-03 04:00:00
139.3965,139.535,136.3503,137.2457,1659585600,6254700.0,2022-08-04 04:00:00
138.6581,139.6458,136.3134,137.1442,1659672000,5041300.0,2022-08-05 04:00:00
136.4426,139.5627,135.2795,138.2888,1659931200,5553300.0,2022-08-08 04:00:00
131.5502,135.2334,130.4425,134.3934,1660017600,6770800.0,2022-08-09 04:00:00
135.6857,135.8611,132.6395,134.6334,1660104000,6840000.0,2022-08-10 04:00:00
136.4611,139.9781,135.7134,136.9042,1660190400,6243200.0,2022-08-11 04:00:00
139.655,139.8211,135.861,136.618,1660276800,4967500.0,2022-08-12 04:00:00
140.4304,140.9566,136.9873,138.7596,1660536000,4502900.0,2022-08-15 04:00:00
138.4919,140.7627,137.4026,139.8027,1660622400,5270800.0,2022-08-16 04:00:00
137.1072,138.1226,135.1041,136.8303,1660708800,5169600.0,2022-08-17 04:00:00
139.7381,141.1504,136.3965,136.6826,1660795200,7808200.0,2022-08-18 04:00:00
136.2488,138.815,135.6026,137.8088,1660881600,5400300.0,2022-08-19 04:00:00
130.7194,134.5964,130.2487,134.1257,1661140800,6736800.0,2022-08-22 04:00:00
129.8979,132.5656,129.7502,131.1625,1661227200,4499300.0,2022-08-23 04:00:00
130.4425,130.8118,127.9502,129.464,1661313600,5113100.0,2022-08-24 04:00:00
135.0026,135.6949,131.0979,131.3933,1661400000,5618800.0,2022-08-25 04:00:00
127.7378,136.0272,127.4332,134.9195,1661486400,7918600.0,2022-08-26 04:00:00
126.5378,128.4302,125.6424,127.2117,1661745600,6852300.0,2022-08-29 04:00:00
124.0732,127.664,122.7162,127.2024,1661832000,6147400.0,2022-08-30 04:00:00
122.7828,124.5466,121.8824,124.1938,1661918400,8701100.0,2022-08-31 04:00:00
120.6014,120.7963,117.0368,120.6571,1662004800,8716300.0,2022-09-01 04:00:00
119.2647,123.1542,118.4107,122.1981,1662091200,6121400.0,2022-09-02 04:00:00
117.5845,120.2301,117.1575,119.5989,1662436800,6674200.0,2022-09-06 04:00:00
119.3761,120.4715,117.3061,118.3272,1662523200,5340100.0,2022-09-07 04:00:00
119.6082,120.49,116.8698,118.3271,1662609600,6618800.0,2022-09-08 04:00:00
122.5786,123.0985,120.9634,121.3069,1662696000,5097300.0,2022-09-09 04:00:00
123.4605,124.593,122.8293,123.4605,1662955200,7081300.0,2022-09-12 04:00:00
115.9693,120.5828,115.5609,119.1719,1663041600,9610900.0,2022-09-13 04:00:00
118.3828,118.7263,116.4984,117.2132,1663128000,7509300.0,2022-09-14 04:00:00
116.0157,118.8934,115.3195,117.6124,1663214400,7459600.0,2022-09-15 04:00:00
115.9879,116.7212,114.2242,115.2174,1663300800,13818500.0,2022-09-16 04:00:00
117.566,118.0579,114.5583,114.7533,1663560000,5922700.0,2022-09-19 04:00:00
115.8208,117.4731,115.0039,116.7212,1663646400,5672700.0,2022-09-20 04:00:00
115.6816,120.4807,115.5702,116.4427,1663732800,8123700.0,2022-09-21 04:00:00
114.809,116.1828,113.6858,115.8022,1663819200,8753000.0,2022-09-22 04:00:00
112.4976,113.8807,110.5111,113.5651,1663905600,10681300.0,2022-09-23 04:00:00
111.1516,114.3448,111.0123,112.8225,1664164800,6424600.0,2022-09-26 04:00:00
111.7085,113.8807,110.2326,112.841,1664251200,5544400.0,2022-09-27 04:00:00
110.3997,111.8106,109.3322,110.0748,1664337600,11321200.0,2022-09-28 04:00:00
106.603,109.0444,105.322,108.868,1664424000,12125800.0,2022-09-29 04:00:00
104.8764,107.9398,104.8207,105.6005,1664510400,7568100.0,2022-09-30 04:00:00
108.8123,109.8334,105.517,106.7423,1664769600,7481700.0,2022-10-03 04:00:00
113.5929,113.6672,111.69,111.7642,1664856000,6637200.0,2022-10-04 04:00:00
115.9322,116.5541,111.8849,112.2098,1664942400,7070300.0,2022-10-05 04:00:00
116.2942,118.0858,115.4773,115.5795,1665028800,6238600.0,2022-10-06 04:00:00
112.2377,115.2081,111.69,113.825,1665115200,8618500.0,2022-10-07 04:00:00
106.3803,112.3583,105.3127,111.9406,1665374400,9512600.0,2022-10-10 04:00:00
102.138,104.4216,100.857,103.9667,1665460800,10758800.0,2022-10-11 04:00:00
100.8477,102.8528,100.6064,102.4072,1665547200,6987900.0,2022-10-12 04:00:00
104.7651,106.9372,97.1532,97.8216,1665633600,10455000.0,2022-10-13 04:00:00
102.0638,106.7423,101.9152,106.4081,1665720000,7989800.0,2022-10-14 04:00:00
103.5861,106.2689,102.6764,105.749,1665979200,7886400.0,2022-10-17 04:00:00
103.2334,107.7634,101.6832,106.7051,1666065600,8908900.0,2022-10-18 04:00:00
104.7558,105.517,102.8064,102.9085,1666152000,5620200.0,2022-10-19 04:00:00
103.9482,107.7634,103.7068,105.0528,1666238400,7736400.0,2022-10-20 04:00:00
107.4385,107.6705,103.057,103.7347,1666324800,7490100.0,2022-10-21 04:00:00
108.0326,108.6267,106.0461,107.9954,1666584000,6525700.0,2022-10-24 04:00:00
110.6225,111.3372,107.8933,108.2089,1666670400,6205100.0,2022-10-25 04:00:00
109.6385,112.0799,107.8284,109.5735,1666756800,7342300.0,2022-10-26 04:00:00
106.4731,111.9499,106.176,110.7617,1666843200,8937200.0,2022-10-27 04:00:00
110.6596,110.8824,104.2731,105.9811,1666929600,9418700.0,2022-10-28 04:00:00
109.2208,109.8891,107.1229,109.6571,1667188800,6870800.0,2022-10-31 04:00:00
108.9144,111.9777,108.376,111.1516,1667275200,5749100.0,2022-11-01 04:00:00
104.4309,110.2697,104.1988,110.1954,1667361600,13936300.0,2022-11-02 04:00:00
96.4291,98.8612,94.619,96.8933,1667448000,24706100.0,2022-11-03 04:00:00
99.0376,99.7895,96.8469,98.9633,1667534400,11977900.0,2022-11-04 04:00:00
102.1937,102.3701,98.6384,99.7709,1667797200,7570800.0,2022-11-07 05:00:00
104.468,106.6494,102.0359,103.5676,1667883600,9383600.0,2022-11-08 05:00:00
102.5093,105.3684,102.3608,103.4655,1667970000,9581300.0,2022-11-09 05:00:00
112.0242,112.3212,106.3153,107.5963,1668056400,11673200.0,2022-11-10 05:00:00
112.7204,113.398,110.4554,110.4554,1668142800,9433800.0,2022-11-11 05:00:00
112.1356,114.3727,111.6343,112.0799,1668402000,6971000.0,2022-11-14 05:00:00
116.9811,118.9398,114.5676,116.6377,1668488400,12470200.0,2022-11-15 05:00:00
112.0706,114.9575,111.3558,114.3634,1668574800,9561700.0,2022-11-16 05:00:00
114.0478,114.2892,110.1955,110.4182,1668661200,7273700.0,2022-11-17 05:00:00
114.9668,115.5609,113.3702,115.1432,1668747600,6436600.0,2022-11-18 05:00:00
111.5786,113.7136,111.4857,112.4047,1669006800,8204200.0,2022-11-21 05:00:00
114.7811,114.9111,111.4208,112.1727,1669093200,7010200.0,2022-11-22 05:00:00
116.1736,117.928,114.447,114.679,1669179600,5481500.0,2022-11-23 05:00:00
114.5955,116.3685,114.5491,115.9043,1669352400,3153800.0,2022-11-25 05:00:00
110.9659,114.5955,110.3254,113.398,1669611600,7087500.0,2022-11-28 05:00:00
109.8891,112.6647,109.8334,111.5229,1669698000,6277600.0,2022-11-29 05:00:00
118.1661,118.2688,110.3002,110.9354,1669784400,12776700.0,2022-11-30 05:00:00
118.465,119.7635,117.4094,118.3809,1669870800,7924800.0,2022-12-01 05:00:00
117.3907,117.5402,115.0179,115.569,1669957200,6122200.0,2022-12-02 05:00:00
115.186,117.2132,114.3732,116.3818,1670216400,6091600.0,2022-12-05 05:00:00
111.8977,114.9058,110.7673,114.7376,1670302800,5968000.0,2022-12-06 05:00:00
110.431,112.4021,110.0106,110.7019,1670389200,5427100.0,2022-12-07 05:00:00
113.738,114.2985,110.4029,111.1503,1670475600,7347600.0,2022-12-08 05:00:00
111.2157,113.411,111.0288,112.4862,1670562000,6036000.0,2022-12-09 05:00:00
113.2336,113.2709,108.4225,108.4225,1670821200,9008400.0,2022-12-12 05:00:00
115.3635,119.53,113.8034,118.6238,1670907600,9712700.0,2022-12-13 05:00:00
113.7006,118.2502,112.1966,116.0548,1670994000,9444100.0,2022-12-14 05:00:00
108.9643,112.589,108.4411,112.3367,1671080400,10207800.0,2022-12-15 05:00:00
106.9931,108.983,105.8908,108.4411,1671166800,12733900.0,2022-12-16 05:00:00
105.1995,107.5817,104.1719,106.5073,1671426000,7720200.0,2022-12-19 05:00:00
104.7231,105.3583,103.7889,104.0691,1671512400,6260200.0,2022-12-20 05:00:00
107.0492,107.3948,105.2742,105.3396,1671598800,5843800.0,2022-12-21 05:00:00
103.3965,105.1808,100.3137,105.1621,1671685200,12051400.0,2022-12-22 05:00:00
103.546,103.6207,101.089,102.481,1671771600,5356700.0,2022-12-23 05:00:00
102.2568,103.4058,101.7243,102.5277,1672117200,6158100.0,2022-12-27 05:00:00
99.9306,103.0135,99.7905,101.7056,1672203600,5395600.0,2022-12-28 05:00:00
102.6118,103.3778,100.9956,101.2198,1672290000,6668600.0,2022-12-29 05:00:00
102.7052,102.8173,100.1642,100.8648,1672376400,5642300.0,2022-12-30 05:00:00
100.1455,104.3867,100.0801,104.0224,1672722000,8110400.0,2023-01-03 05:00:00
104.1905,104.8445,101.6495,102.5744,1672808400,7614200.0,2023-01-04 05:00:00
102.2007,103.6207,101.9485,102.6958,1672894800,7546000.0,2023-01-05 05:00:00
107.7498,108.3477,102.808,103.6581,1672981200,10259300.0,2023-01-06 05:00:00
107.0679,111.0288,106.0683,109.0484,1673240400,10291800.0,2023-01-09 05:00:00
109.2165,109.2726,106.2364,106.5167,1673326800,6384800.0,2023-01-10 05:00:00
110.5991,110.7019,107.591,109.7116,1673413200,7374400.0,2023-01-11 05:00:00
113.5885,114.3265,109.9078,111.3932,1673499600,9527600.0,2023-01-12 05:00:00
112.3274,113.4297,111.8416,111.935,1673586000,8040400.0,2023-01-13 05:00:00
112.3647,113.3363,111.1877,111.8603,1673931600,6179500.0,2023-01-17 05:00:00
114.0089,115.8306,113.0467,113.6166,1674018000,10960400.0,2023-01-18 05:00:00
109.8424,113.1308,109.6929,113.0934,1674104400,8716200.0,2023-01-19 05:00:00
114.8123,114.8684,109.6182,110.6271,1674190800,8895000.0,2023-01-20 05:00:00
122.4073,123.3695,117.5402,118.2128,1674450000,13419500.0,2023-01-23 05:00:00
122.099,124.2196,121.5852,121.9589,1674536400,7952400.0,2023-01-24 05:00:00
122.5381,122.8838,119.2965,119.9971,1674622800,6880300.0,2023-01-25 05:00:00
125.1445,125.9759,122.5288,125.5649,1674709200,7413600.0,2023-01-26 05:00:00
124.6214,126.0133,122.7717,122.8371,1674795600,6581900.0,2023-01-27 05:00:00
122.9678,123.6872,121.5852,122.426,1675054800,9854300.0,2023-01-30 05:00:00
124.4439,124.8456,122.6782,122.6782,1675141200,7125100.0,2023-01-31 05:00:00
129.3484,130.731,123.9487,123.9487,1675227600,10500600.0,2023-02-01 05:00:00
126.9101,130.0023,125.9292,129.3484,1675314000,17673200.0,2023-02-02 05:00:00
126.1347,129.2923,120.1092,122.5288,1675400400,13187300.0,2023-02-03 05:00:00
124.1823,126.0039,123.1827,123.5657,1675659600,6830500.0,2023-02-06 05:00:00
127.6388,128.3394,123.6218,124.3878,1675746000,7664200.0,2023-02-07 05:00:00
123.4723,127.3118,123.0893,126.4056,1675832400,7151700.0,2023-02-08 05:00:00
121.9402,126.3309,121.3704,125.0791,1675918800,5717500.0,2023-02-09 05:00:00
120.5016,121.389,119.2217,120.7818,1676005200,5319200.0,2023-02-10 05:00:00
122.2298,122.781,119.941,120.9406,1676264400,5550400.0,2023-02-13 05:00:00
123.6311,124.1356,119.913,120.6977,1676350800,5579900.0,2023-02-14 05:00:00
124.3131,124.556,121.7254,122.0056,1676437200,3501100.0,2023-02-15 05:00:00
121.5946,123.8647,121.3984,122.1457,1676523600,5788400.0,2023-02-16 05:00:00
119.3151,121.2676,118.6052,120.978,1676610000,6022500.0,2023-02-17 05:00:00
115.5597,119.2217,115.4196,117.2039,1676955600,8164400.0,2023-02-21 05:00:00
115.7932,116.7461,114.831,116.1389,1677042000,5517800.0,2023-02-22 05:00:00
117.8952,118.8574,115.5317,118.2782,1677128400,6440200.0,2023-02-23 05:00:00
116.1576,116.5032,115.0739,116.0641,1677214800,7357200.0,2023-02-24 05:00:00
115.2981,118.2688,114.9431,118.1754,1677474000,7787200.0,2023-02-27 05:00:00
115.4009,116.8675,114.831,115.4849,1677560400,6491800.0,2023-02-28 05:00:00
116.2468,117.9292,115.5889,116.3408,1677646800,5530600.0,2023-03-01 05:00:00
116.3408,116.7919,113.5963,114.8181,1677733200,5258900.0,2023-03-02 05:00:00
116.1716,116.7449,114.3576,116.5381,1677819600,7052100.0,2023-03-03 05:00:00
115.0531,117.6472,114.6959,116.8107,1678078800,7031300.0,2023-03-06 05:00:00
112.0266,115.1377,111.1713,115.1189,1678165200,8879700.0,2023-03-07 05:00:00
113.9158,114.4328,112.177,112.365,1678251600,7633900.0,2023-03-08 05:00:00
110.175,114.5926,109.9119,113.991,1678338000,8055500.0,2023-03-09 05:00:00
108.267,111.1243,107.6467,110.4758,1678424400,6884500.0,2023-03-10 05:00:00
107.5527,109.2539,106.4718,106.923,1678680000,7673700.0,2023-03-13 04:00:00
109.5453,110.0246,107.0734,109.4137,1678766400,8312100.0,2023-03-14 04:00:00
108.549,109.1975,106.3402,108.3234,1678852800,8596900.0,2023-03-15 04:00:00
113.2673,113.568,108.9437,109.9682,1678939200,11207800.0,2023-03-16 04:00:00
113.4741,115.4855,111.989,113.5211,1679025600,12304100.0,2023-03-17 04:00:00
114.4986,114.6865,112.6094,113.5117,1679284800,5945000.0,2023-03-20 04:00:00
116.3596,117.5532,114.8087,115.5982,1679371200,6900600.0,2023-03-21 04:00:00
114.6395,118.6529,114.5456,116.5475,1679457600,7072700.0,2023-03-22 04:00:00
116.6885,119.3673,114.7617,116.4912,1679544000,7353800.0,2023-03-23 04:00:00
117.2619,117.4217,114.9027,116.1998,1679630400,6987200.0,2023-03-24 04:00:00
116.1716,118.4837,115.9084,118.183,1679889600,4818000.0,2023-03-27 04:00:00
114.0474,116.2468,112.9853,116.1716,1679976000,5272100.0,2023-03-28 04:00:00
117.572,118.3897,115.8426,116.0024,1680062400,6410100.0,2023-03-29 04:00:00
119.7432,120.4857,118.8315,119.4424,1680148800,8156400.0,2023-03-30 04:00:00
119.9124,120.2789,118.6999,119.0383,1680235200,6222400.0,2023-03-31 04:00:00
117.2431,119.903,116.181,119.3578,1680494400,6367800.0,2023-04-03 04:00:00
114.9497,117.6942,114.4892,117.4216,1680580800,6962700.0,2023-04-04 04:00:00
115.6452,115.8144,113.9628,114.1226,1680667200,6920900.0,2023-04-05 04:00:00
115.6076,116.4065,113.7748,114.9873,1680753600,5260600.0,2023-04-06 04:00:00
116.8201,117.0927,114.367,114.7523,1681099200,5243700.0,2023-04-10 04:00:00
116.1434,117.7224,115.7674,117.7224,1681185600,5001400.0,2023-04-11 04:00:00
113.0417,117.0175,112.9289,116.9329,1681272000,5288300.0,2023-04-12 04:00:00
113.85,114.3482,111.9608,112.8349,1681358400,6077100.0,2023-04-13 04:00:00
112.9383,114.5925,111.6225,113.6057,1681444800,4833100.0,2023-04-14 04:00:00
112.2052,112.6376,111.0679,111.9702,1681704000,6370200.0,2023-04-17 04:00:00
111.2465,113.5399,110.3536,113.1075,1681790400,4829900.0,2023-04-18 04:00:00
111.4157,111.5567,109.4513,110.2032,1681876800,4241900.0,2023-04-19 04:00:00
111.5097,112.6939,110.081,110.2408,1681963200,5125000.0,2023-04-20 04:00:00
110.6826,111.0867,109.5453,110.786,1682049600,4980700.0,2023-04-21 04:00:00
110.2972,110.7484,109.5641,110.7389,1682308800,4097900.0,2023-04-24 04:00:00
107.1955,109.8179,106.8478,109.7239,1682395200,7045200.0,2023-04-25 04:00:00
107.2989,108.1824,106.406,107.4211,1682481600,4671100.0,2023-04-26 04:00:00
107.0733,107.4399,105.4097,107.0358,1682568000,6945700.0,2023-04-27 04:00:00
109.7803,109.8743,106.8948,108.1824,1682654400,8652500.0,2023-04-28 04:00:00
108.878,110.5134,108.5678,110.1656,1682913600,6208500.0,2023-05-01 04:00:00
109.1317,110.0246,107.5621,109.1505,1683000000,7081200.0,2023-05-02 04:00:00
106.0489,109.7991,105.8327,109.6487,1683086400,11491700.0,2023-05-03 04:00:00
100.1745,100.682,97.2796,97.7778,1683172800,22117500.0,2023-05-04 04:00:00
102.2423,102.7028,99.4132,101.7065,1683259200,10745600.0,2023-05-05 04:00:00
101.8005,102.2893,100.4471,101.8663,1683518400,6694400.0,2023-05-08 04:00:00
99.4132,100.9734,98.9714,100.5692,1683604800,7804100.0,2023-05-09 04:00:00
100.0617,101.0204,98.821,100.5692,1683691200,7980100.0,2023-05-10 04:00:00
97.8059,100.1087,97.4488,99.9019,1683777600,10630500.0,2023-05-11 04:00:00
97.3924,98.4451,96.4431,98.1913,1683864000,7635900.0,2023-05-12 04:00:00
99.8925,100.0053,96.7063,97.524,1684123200,7444900.0,2023-05-15 04:00:00
97.5522,100.0805,97.4864,99.3192,1684209600,7027000.0,2023-05-16 04:00:00
98.5109,99.1124,97.3548,97.9281,1684296000,9504700.0,2023-05-17 04:00:00
100.5317,100.682,98.5109,98.5109,1684382400,9142000.0,2023-05-18 04:00:00
99.4978,100.682,99.1782,100.5223,1684468800,5783200.0,2023-05-19 04:00:00
98.9526,99.5072,97.0446,97.4394,1684728000,7912400.0,2023-05-22 04:00:00
97.336,99.291,97.2514,97.8153,1684814400,7452500.0,2023-05-23 04:00:00
96.8284,96.9412,95.475,95.9449,1684900800,8193700.0,2023-05-24 04:00:00
97.7683,97.8529,95.3716,95.804,1684987200,11677400.0,2023-05-25 04:00:00
103.7179,104.592,98.5203,98.6331,1685073600,15969900.0,2023-05-26 04:00:00
109.0283,109.6769,105.8421,107.6185,1685419200,18291800.0,2023-05-30 04:00:00
107.3342,107.8926,105.6212,107.4762,1685505600,14924000.0,2023-05-31 04:00:00
109.6246,110.3155,106.2932,108.4226,1685592000,8616500.0,2023-06-01 04:00:00
109.4259,111.1105,108.5457,110.9591,1685678400,7873400.0,2023-06-02 04:00:00
106.6907,109.7098,106.6055,109.246,1685937600,7769300.0,2023-06-05 04:00:00
110.1262,110.5332,106.2269,106.5487,1686024000,7594500.0,2023-06-06 04:00:00
109.0094,110.8834,108.3564,110.3817,1686110400,7555400.0,2023-06-07 04:00:00
110.1167,110.3912,107.9873,109.4069,1686196800,5793400.0,2023-06-08 04:00:00
112.7289,114.3757,111.0916,111.1957,1686283200,13807000.0,2023-06-09 04:00:00
115.5965,115.7574,113.3535,114.5555,1686542400,9675100.0,2023-06-12 04:00:00
117.7639,118.6819,116.1739,117.6219,1686628800,8873200.0,2023-06-13 04:00:00
116.7891,117.7639,114.9909,117.6882,1686715200,7324600.0,2023-06-14 04:00:00
116.9878,118.0099,114.5555,115.0665,1686801600,8132600.0,2023-06-15 04:00:00
116.1076,118.2844,115.5587,117.9153,1686888000,12905700.0,2023-06-16 04:00:00
113.4008,115.8142,112.3503,115.4073,1687233600,8667400.0,2023-06-20 04:00:00
109.5583,112.6437,109.4732,112.2557,1687320000,7925400.0,2023-06-21 04:00:00
110.1641,110.4291,108.7539,109.795,1687406400,7283000.0,2023-06-22 04:00:00
107.3532,109.1041,106.9746,107.9778,1687492800,11958500.0,2023-06-23 04:00:00
110.3817,111.3092,108.1766,108.4226,1687752000,9377000.0,2023-06-26 04:00:00
113.3725,113.5144,109.4542,110.4858,1687838400,7308900.0,2023-06-27 04:00:00
111.243,111.773,110.3344,110.7508,1687924800,6384800.0,2023-06-28 04:00:00
111.7351,111.8203,110.6183,111.2619,1688011200,5138500.0,2023-06-29 04:00:00
112.6626,113.4387,112.038,113.1926,1688097600,6565100.0,2023-06-30 04:00:00
113.6564,114.0255,112.1137,112.8803,1688356800,2662000.0,2023-07-03 04:00:00
110.8549,112.6721,110.8266,112.6437,1688529600,6249200.0,2023-07-05 04:00:00
109.0473,109.9748,107.533,108.9905,1688616000,7544600.0,2023-07-06 04:00:00
109.7287,111.4228,108.6119,109.1892,1688702400,6108400.0,2023-07-07 04:00:00
110.8455,111.9433,110.2303,110.2303,1688961600,6037000.0,2023-07-10 04:00:00
110.6089,111.5553,108.735,111.4891,1689048000,5784000.0,2023-07-11 04:00:00
112.3219,112.8424,110.8266,111.2619,1689134400,8371300.0,2023-07-12 04:00:00
116.5241,116.808,113.4576,113.5712,1689220800,9823000.0,2023-07-13 04:00:00
115.994,116.5808,114.6406,116.4105,1689307200,7892200.0,2023-07-14 04:00:00
116.7891,117.7923,114.2905,115.7764,1689566400,6125000.0,2023-07-17 04:00:00
116.278,116.6282,114.7637,115.7669,1689652800,7481200.0,2023-07-18 04:00:00
117.7544,120.2908,117.6408,118.6251,1689739200,8866700.0,2023-07-19 04:00:00
114.2526,117.9247,113.7889,116.9026,1689825600,9148600.0,2023-07-20 04:00:00
118.0383,119.8744,114.8773,115.3978,1689912000,23704100.0,2023-07-21 04:00:00
117.4515,118.8712,116.5714,118.0383,1690171200,5859300.0,2023-07-24 04:00:00
118.3696,119.2308,117.5462,117.5462,1690257600,5592100.0,2023-07-25 04:00:00
117.3758,118.5305,115.7858,116.5998,1690344000,5291800.0,2023-07-26 04:00:00
119.1078,120.9249,118.2276,119.7798,1690430400,7917900.0,2023-07-27 04:00:00
122.5433,122.9597,120.7262,121.4265,1690516800,11762200.0,2023-07-28 04:00:00
125.0892,125.8463,122.1837,123.026,1690776000,11029600.0,2023-07-31 04:00:00
125.004,125.2974,123.2626,124.8526,1690862400,7128700.0,2023-08-01 04:00:00
122.3446,124.5308,121.9281,123.2247,1690948800,13711100.0,2023-08-02 04:00:00
112.3408,112.7289,108.735,110.7035,1691035200,29239600.0,2023-08-03 04:00:00
114.9908,115.464,111.4512,111.4512,1691121600,12658700.0,2023-08-04 04:00:00
112.9466,116.1644,111.6026,115.6628,1691380800,7706500.0,2023-08-07 04:00:00
111.3566,111.5648,109.7476,110.7319,1691467200,8934600.0,2023-08-08 04:00:00
110.325,111.7824,110.2776,110.9496,1691553600,5642500.0,2023-08-09 04:00:00
109.4164,112.0474,108.9053,111.3755,1691640000,6224500.0,2023-08-10 04:00:00
108.47,109.2744,107.6276,108.0157,1691726400,5712500.0,2023-08-11 04:00:00
107.9116,108.3848,106.7664,107.7791,1691985600,8537500.0,2023-08-14 04:00:00
105.6969,107.4289,105.4319,107.268,1692072000,6843600.0,2023-08-15 04:00:00
104.2489,105.9241,104.1543,105.3846,1692158400,6426700.0,2023-08-16 04:00:00
104.1826,105.1764,103.7851,104.2867,1692244800,6250500.0,2023-08-17 04:00:00
104.2016,104.5991,102.6873,102.9901,1692331200,6384700.0,2023-08-18 04:00:00
104.7505,105.0155,103.1605,103.9555,1692590400,6539800.0,2023-08-21 04:00:00
103.6053,105.8483,103.293,105.4982,1692676800,4587000.0,2023-08-22 04:00:00
105.2142,105.555,103.0185,103.4823,1692763200,6873900.0,2023-08-23 04:00:00
102.6968,106.5392,102.3655,106.1512,1692849600,8698100.0,2023-08-24 04:00:00
104.4098,104.5991,101.9869,103.0564,1692936000,6669900.0,2023-08-25 04:00:00
105.6969,106.1796,104.6937,105.3373,1693195200,4316400.0,2023-08-28 04:00:00
107.6844,107.8832,104.5991,104.5991,1693281600,6971400.0,2023-08-29 04:00:00
107.9608,108.1419,106.4358,107.2841,1693368000,6490300.0,2023-08-30 04:00:00
109.1618,109.7622,107.1602,107.1602,1693454400,7962500.0,2023-08-31 04:00:00
109.9815,110.2769,109.0474,110.2769,1693540800,5310700.0,2023-09-01 04:00:00
111.0871,111.5732,109.524,109.524,1693886400,7294800.0,2023-09-05 04:00:00
109.3047,111.2491,108.3039,110.5629,1693972800,7411900.0,2023-09-06 04:00:00
101.4128,105.5113,101.0983,105.416,1694059200,17947800.0,2023-09-07 04:00:00
101.165,102.0514,100.5646,101.1936,1694145600,9819300.0,2023-09-08 04:00:00
105.111,106.5979,103.7194,106.0546,1694404800,18771700.0,2023-09-11 04:00:00
106.0165,107.4557,104.3771,104.4438,1694491200,9250100.0,2023-09-12 04:00:00
107.3604,108.2754,106.3024,106.35,1694577600,8131500.0,2023-09-13 04:00:00
108.6947,109.3619,107.7035,108.4374,1694664000,7138100.0,2023-09-14 04:00:00
107.8369,109.7908,107.1888,108.628,1694750400,12247400.0,2023-09-15 04:00:00
107.4652,108.4946,107.1888,107.5986,1695009600,5065100.0,2023-09-18 04:00:00
105.5303,107.0744,104.7583,106.941,1695096000,5658800.0,2023-09-19 04:00:00
104.1006,106.5597,104.0435,106.5025,1695182400,7073800.0,2023-09-20 04:00:00
102.8997,104.4533,102.7949,102.9188,1695268800,7007200.0,2023-09-21 04:00:00
102.6328,104.6344,102.3278,103.6717,1695355200,6965500.0,2023-09-22 04:00:00
105.2539,105.3016,101.7083,101.8322,1695614400,6782500.0,2023-09-25 04:00:00
104.5772,105.4541,104.215,104.7011,1695700800,6559800.0,2023-09-26 04:00:00
104.0721,105.6161,102.3946,105.5399,1695787200,7225000.0,2023-09-27 04:00:00
105.8925,106.6646,104.0625,104.6153,1695873600,4851300.0,2023-09-28 04:00:00
105.8544,106.9696,105.4541,106.636,1695960000,4869300.0,2023-09-29 04:00:00
105.8925,106.5502,104.4628,105.2253,1696219200,5751500.0,2023-10-02 04:00:00
105.0252,106.9982,104.2532,105.6161,1696305600,7750700.0,2023-10-03 04:00:00
104.7011,105.864,103.7004,105.6066,1696392000,7189400.0,2023-10-04 04:00:00
104.6535,105.2825,103.8433,104.5581,1696478400,5089700.0,2023-10-05 04:00:00
105.6828,106.1118,102.9855,105.6733,1696564800,7930600.0,2023-10-06 04:00:00
106.5597,106.7313,104.3485,105.1491,1696824000,4714500.0,2023-10-09 04:00:00
107.0458,107.6939,105.2539,106.2738,1696910400,6253000.0,2023-10-10 04:00:00
105.9116,107.3604,104.4438,107.0172,1696996800,6378600.0,2023-10-11 04:00:00
106.2357,106.9505,105.1491,106.7313,1697083200,5371700.0,2023-10-12 04:00:00
103.5669,106.7218,103.4525,106.4835,1697169600,6035600.0,2023-10-13 04:00:00
105.3302,105.8735,103.8433,103.9768,1697428800,6254700.0,2023-10-16 04:00:00
106.941,107.0077,102.9569,103.7099,1697515200,7334000.0,2023-10-17 04:00:00
105.7782,106.8552,104.8727,105.8544,1697601600,7174500.0,2023-10-18 04:00:00
106.0641,109.0379,105.6447,107.1221,1697688000,10511500.0,2023-10-19 04:00:00
103.5383,106.3786,103.5383,106.2929,1697774400,7756500.0,2023-10-20 04:00:00
103.5669,105.3874,102.6328,102.8807,1698033600,6679200.0,2023-10-23 04:00:00
104.2627,105.1586,103.3572,104.1769,1698120000,8578600.0,2023-10-24 04:00:00
99.8688,104.1674,99.5352,103.7099,1698206400,8571600.0,2023-10-25 04:00:00
100.6694,101.4795,99.4399,99.8402,1698292800,8705200.0,2023-10-26 04:00:00
101.47,102.833,100.8791,101.8894,1698379200,7292000.0,2023-10-27 04:00:00
102.7758,104.2055,101.2031,101.7083,1698638400,6634000.0,2023-10-30 04:00:00
103.8814,104.0911,101.6892,103.2238,1698724800,6485500.0,2023-10-31 04:00:00
105.6924,105.9783,103.605,104.053,1698811200,12809900.0,2023-11-01 04:00:00
111.8591,113.4985,109.0855,112.4405,1698897600,22106100.0,2023-11-02 04:00:00
113.9179,114.4707,111.8591,112.4215,1698984000,10670100.0,2023-11-03 04:00:00
114.3087,114.9091,112.8313,114.3754,1699246800,7756400.0,2023-11-06 05:00:00
115.0616,115.4047,113.5843,114.2324,1699333200,7898400.0,2023-11-07 05:00:00
114.4326,116.3388,113.5652,115.7098,1699419600,7681900.0,2023-11-08 05:00:00
114.4707,116.6915,114.2324,115.4429,1699506000,9002700.0,2023-11-09 05:00:00
118.388,118.9599,115.2999,116.1863,1699592400,12191600.0,2023-11-10 05:00:00
118.0449,118.7121,116.8821,118.1879,1699851600,7959200.0,2023-11-13 05:00:00
121.3904,122.2101,120.1704,121.3713,1699938000,11255400.0,2023-11-14 05:00:00
122.8773,123.6493,121.581,121.9242,1700024400,7789100.0,2023-11-15 05:00:00
122.6676,124.2593,122.2959,123.0393,1700110800,11655700.0,2023-11-16 05:00:00
123.4015,123.7065,122.4007,123.2395,1700197200,6543300.0,2023-11-17 05:00:00
123.4396,124.021,122.9726,123.3729,1700456400,7148600.0,2023-11-20 05:00:00
121.0663,121.4952,119.8559,120.9424,1700542800,14641800.0,2023-11-21 05:00:00
121.5238,123.4396,121.1998,121.8956,1700629200,6647400.0,2023-11-22 05:00:00
121.7621,122.2196,121.581,122.2196,1700802000,3708200.0,2023-11-24 05:00:00
122.191,122.9726,120.8471,121.3046,1701061200,8586400.0,2023-11-27 05:00:00
120.6565,121.3427,119.7796,121.2379,1701147600,8817900.0,2023-11-28 05:00:00
122.69,125.2702,122.4118,123.9657,1701234000,10608300.0,2023-11-29 05:00:00
123.7834,124.1191,122.2871,123.9945,1701320400,11731800.0,2023-11-30 05:00:00
124.3781,124.9537,123.2655,123.793,1701406800,8866500.0,2023-12-01 05:00:00
124.6467,124.7427,122.8051,124.052,1701666000,7485000.0,2023-12-04 05:00:00
125.4141,125.51,123.6875,123.8218,1701752400,6231600.0,2023-12-05 05:00:00
124.6563,126.7474,124.3686,126.5939,1701838800,6912400.0,2023-12-06 05:00:00
127.5147,127.8888,125.0688,125.9704,1701925200,7815700.0,2023-12-07 05:00:00
127.5435,128.5027,125.8265,125.8649,1702011600,7678600.0,2023-12-08 05:00:00
130.5457,131.0253,128.5986,129.0206,1702270800,11010700.0,2023-12-11 05:00:00
131.1021,131.6296,129.9702,130.4307,1702357200,7380400.0,2023-12-12 05:00:00
133.1355,133.3178,130.5265,130.8143,1702443600,7507700.0,2023-12-13 05:00:00
135.7253,136.9339,133.9029,133.9029,1702530000,11468900.0,2023-12-14 05:00:00
137.2889,137.6342,135.6103,136.2529,1702616400,25053500.0,2023-12-15 05:00:00
135.8692,137.2793,135.5239,136.6942,1702875600,7832100.0,2023-12-18 05:00:00
137.3848,137.5766,135.6678,136.2337,1702962000,5658400.0,2023-12-19 05:00:00
134.7086,137.145,134.6319,136.1762,1703048400,7264800.0,2023-12-20 05:00:00
136.627,136.8668,135.2362,136.0131,1703134800,8361600.0,2023-12-21 05:00:00
137.6342,138.507,136.9244,137.404,1703221200,4659200.0,2023-12-22 05:00:00
139.5238,140.0897,138.085,138.2864,1703566800,4381200.0,2023-12-26 05:00:00
139.7731,140.2527,139.1209,139.8978,1703653200,4470300.0,2023-12-27 05:00:00
139.9075,140.8954,139.7828,140.2144,1703739600,4928800.0,2023-12-28 05:00:00
138.7276,139.6772,137.9219,139.4758,1703826000,4839300.0,2023-12-29 05:00:00
134.5072,136.3968,133.1164,136.3872,1704171600,8495800.0,2024-01-02 05:00:00
131.9845,133.2219,131.3994,133.2219,1704258000,8133300.0,2024-01-03 05:00:00
130.6129,131.7255,129.4331,129.9127,1704344400,6770300.0,2024-01-04 05:00:00
131.15,132.4354,130.306,130.6033,1704430800,6827300.0,2024-01-05 05:00:00
133.3562,133.4713,131.0637,131.3994,1704690000,7729400.0,2024-01-08 05:00:00
134.1811,135.1978,131.5433,131.927,1704776400,5856900.0,2024-01-09 05:00:00
133.6247,134.3154,132.1668,134.1811,1704862800,5652500.0,2024-01-10 05:00:00
133.3562,134.2386,130.4786,133.3274,1704949200,7374900.0,2024-01-11 05:00:00
134.4784,136.838,133.4809,136.3201,1705035600,6546600.0,2024-01-12 05:00:00
135.3609,135.4664,132.349,134.2866,1705381200,7483000.0,2024-01-16 05:00:00
133.6343,133.9317,131.7447,133.9221,1705467600,6584700.0,2024-01-17 05:00:00
139.3607,139.706,136.5215,137.308,1705554000,12893000.0,2024-01-18 05:00:00
145.7585,146.5354,140.7515,141.2503,1705640400,16193900.0,2024-01-19 05:00:00
146.6313,148.262,145.6722,146.5162,1705899600,10456100.0,2024-01-22 05:00:00
147.2357,147.4659,145.231,146.6314,1705986000,6232300.0,2024-01-23 05:00:00
148.0701,149.9406,147.6193,148.473,1706072400,8331900.0,2024-01-24 05:00:00
148.166,151.5328,147.3987,151.1683,1706158800,7740900.0,2024-01-25 05:00:00
144.5691,146.7369,144.243,145.9983,1706245200,7744700.0,2024-01-26 05:00:00
143.5332,145.0679,142.363,144.2622,1706504400,10770700.0,2024-01-29 05:00:00
140.0225,142.7275,139.6293,141.9601,1706590800,9132800.0,2024-01-30 05:00:00
142.4493,144.032,138.4495,139.4087,1706677200,21184200.0,2024-01-31 05:00:00
135.3513,138.037,134.3729,135.1211,1706763600,22810600.0,2024-02-01 05:00:00
135.9076,136.3392,133.5768,134.91,1706850000,10442700.0,2024-02-02 05:00:00
138.1521,138.7468,135.4472,136.0707,1707109200,8032600.0,2024-02-05 05:00:00
138.2193,138.9003,136.6174,138.6029,1707195600,7286300.0,2024-02-06 05:00:00
139.9362,139.9938,137.7685,139.236,1707282000,7361900.0,2024-02-07 05:00:00
142.1328,142.5452,140.3199,140.8571,1707368400,9448700.0,2024-02-08 05:00:00
144.8377,147.1397,142.2958,142.9193,1707454800,11981500.0,2024-02-09 05:00:00
146.852,148.4442,144.1183,144.243,1707714000,11806300.0,2024-02-12 05:00:00
143.9168,145.0775,142.3534,143.8785,1707800400,8976300.0,2024-02-13 05:00:00
147.6577,148.0893,144.8857,145.135,1707886800,8715100.0,2024-02-14 05:00:00
149.6144,150.7559,148.1852,148.6744,1707973200,9372400.0,2024-02-15 05:00:00
146.4587,151.3218,146.3724,151.0436,1708059600,8429100.0,2024-02-16 05:00:00
145.7585,146.6601,143.7538,145.6913,1708405200,8745500.0,2024-02-20 05:00:00
145.8065,145.8448,142.8234,143.7154,1708491600,9760300.0,2024-02-21 05:00:00
148.4346,149.1636,146.1038,148.4538,1708578000,11407500.0,2024-02-22 05:00:00
148.5881,150.5065,148.0318,149.3458,1708664400,5953300.0,2024-02-23 05:00:00
150.6216,151.0532,149.4322,149.6336,1708923600,6307600.0,2024-02-26 05:00:00
151.8398,152.703,151.0628,151.3122,1709010000,6021400.0,2024-02-27 05:00:00
150.2491,150.9142,149.391,150.3937,1709096400,5211000.0,2024-02-28 05:00:00
152.1193,152.5146,150.5672,151.2324,1709182800,8321400.0,2024-02-29 05:00:00
157.2289,158.1062,152.3893,153.6619,1709269200,10405700.0,2024-03-01 05:00:00
160.5742,161.7985,158.8003,159.1859,1709528400,11865100.0,2024-03-04 05:00:00
155.6478,159.639,154.4717,158.8099,1709614800,9608800.0,2024-03-05 05:00:00
161.8564,163.1675,158.4243,158.8967,1709701200,12230500.0,2024-03-06 05:00:00
169.405,171.2078,163.341,163.5049,1709787600,14495100.0,2024-03-07 05:00:00
164.4401,169.164,164.4111,168.5373,1709874000,11318000.0,2024-03-08 05:00:00
164.9703,165.7994,162.0781,162.9265,1710129600,7256300.0,2024-03-11 04:00:00
166.8598,167.6504,164.4497,166.696,1710216000,7642200.0,2024-03-12 04:00:00
163.1675,165.3366,162.5409,165.0667,1710302400,8730500.0,2024-03-13 04:00:00
162.3962,163.8423,160.7188,163.5049,1710388800,8151000.0,2024-03-14 04:00:00
161.1912,162.7047,159.8897,161.0948,1710475200,16414600.0,2024-03-15 04:00:00
160.9212,165.298,160.3717,164.7678,1710734400,6653700.0,2024-03-18 04:00:00
158.2026,160.4777,157.7495,160.121,1710820800,7404400.0,2024-03-19 04:00:00
161.6443,162.1263,157.9423,158.2026,1710907200,5995800.0,2024-03-20 04:00:00
164.71,166.7056,163.5338,164.604,1710993600,8497500.0,2024-03-21 04:00:00
163.9869,165.7222,163.2157,163.4567,1711080000,5645500.0,2024-03-22 04:00:00
161.4997,162.7047,160.9694,161.8467,1711339200,5682500.0,2024-03-25 04:00:00
161.0658,163.3314,160.9984,162.0106,1711425600,5289900.0,2024-03-26 04:00:00
163.0518,163.3892,160.9694,163.3603,1711512000,6309700.0,2024-03-27 04:00:00
163.2157,163.7845,161.9431,163.0229,1711598400,5324000.0,2024-03-28 04:00:00
165.5487,166.5899,162.1649,162.2227,1711944000,6679100.0,2024-04-01 04:00:00
164.8932,165.2402,163.1964,164.3437,1712030400,7436300.0,2024-04-02 04:00:00
167.66,167.7082,163.2446,163.8905,1712116800,6943200.0,2024-04-03 04:00:00
163.6592,169.6267,163.3218,168.7109,1712203200,9031200.0,2024-04-04 04:00:00
165.3656,166.05,163.611,164.0641,1712289600,5863300.0,2024-04-05 04:00:00
167.3804,168.1228,166.1657,166.7152,1712548800,4812000.0,2024-04-08 04:00:00
169.2604,169.6653,167.1394,168.9712,1712635200,5028500.0,2024-04-09 04:00:00
164.7196,167.4672,163.958,166.2235,1712721600,6177400.0,2024-04-10 04:00:00
168.8362,169.3182,164.3726,165.5005,1712808000,6262600.0,2024-04-11 04:00:00
165.1342,167.1587,164.816,166.0886,1712894400,8216700.0,2024-04-12 04:00:00
163.7363,168.1131,162.5216,168.0071,1713153600,6570600.0,2024-04-15 04:00:00
162.5216,163.476,161.4322,163.4085,1713240000,6390100.0,2024-04-16 04:00:00
158.4147,164.0737,157.8844,163.1386,1713326400,8082000.0,2024-04-17 04:00:00
155.6382,158.2026,154.1149,156.5251,1713412800,9209400.0,2024-04-18 04:00:00
151.9651,155.59,150.7215,155.4936,1713499200,10292200.0,2024-04-19 04:00:00
154.4234,155.831,151.512,152.3603,1713758400,7848700.0,2024-04-22 04:00:00
155.5514,156.4287,153.9414,155.1754,1713844800,6616700.0,2024-04-23 04:00:00
157.7495,159.9668,156.1781,157.9808,1713931200,6130500.0,2024-04-24 04:00:00
157.4313,158.7135,155.9177,158.1833,1714017600,6230700.0,2024-04-25 04:00:00
159.7065,160.5356,156.6697,157.0457,1714104000,7141300.0,2024-04-26 04:00:00
163.1193,163.1868,159.263,159.263,1714363200,6623900.0,2024-04-29 04:00:00
159.8897,163.1579,159.8511,163.1482,1714449600,6914200.0,2024-04-30 04:00:00
158.2122,163.5435,157.9037,158.5978,1714536000,13113600.0,2024-05-01 04:00:00
173.6276,175.1604,168.9904,169.164,1714622400,25894800.0,2024-05-02 04:00:00
173.1841,176.6065,171.4102,175.6907,1714708800,10043900.0,2024-05-03 04:00:00
175.3147,175.8449,173.9168,175.3725,1714968000,6980100.0,2024-05-06 04:00:00
173.6758,177.6863,172.7792,175.8931,1715054400,8011100.0,2024-05-07 04:00:00
174.0614,174.2928,170.2726,170.3787,1715140800,6242600.0,2024-05-08 04:00:00
174.0517,175.1797,172.9913,174.4952,1715227200,5513500.0,2024-05-09 04:00:00
175.5364,176.9536,174.7266,175.4593,1715313600,4702500.0,2024-05-10 04:00:00
177.5899,178.0912,176.3269,176.5969,1715572800,6384800.0,2024-05-13 04:00:00
182.1788,182.4873,177.8598,177.8791,1715659200,7713400.0,2024-05-14 04:00:00
187.6161,189.0332,183.1717,183.1814,1715745600,11349100.0,2024-05-15 04:00:00
186.3243,188.5995,185.8519,187.9921,1715832000,8173400.0,2024-05-16 04:00:00
186.8931,188.4163,184.9746,185.9675,1715918400,5799700.0,2024-05-17 04:00:00
190.6529,192.8028,186.3339,187.028,1716177600,8879700.0,2024-05-20 04:00:00
193.6319,194.7212,188.7248,188.9658,1716264000,11498800.0,2024-05-21 04:00:00
195.6371,197.4785,194.4513,195.6371,1716350400,11170100.0,2024-05-22 04:00:00
194.5091,200.4767,192.2532,198.4811,1716436800,14475100.0,2024-05-23 04:00:00
202.8001,203.7063,196.2444,196.5626,1716523200,13809900.0,2024-05-24 04:00:00
205.4223,209.616,203.7063,209.4232,1716868800,12485400.0,2024-05-28 04:00:00
200.7756,203.0893,199.2716,201.1515,1716955200,12552500.0,2024-05-29 04:00:00
198.249,202.6728,197.3004,201.3467,1717041600,12245300.0,2024-05-30 04:00:00
197.523,202.3631,192.3538,201.3467,1717128000,15064900.0,2024-05-31 04:00:00
199.3235,204.2313,195.9355,202.8568,1717387200,12419500.0,2024-06-03 04:00:00
197.8328,199.6333,195.2095,199.3235,1717473600,6629100.0,2024-06-04 04:00:00
205.1219,205.7027,198.8008,200.3109,1717560000,11626300.0,2024-06-05 04:00:00
202.7406,205.4511,202.1114,205.1219,1717646400,7597200.0,2024-06-06 04:00:00
200.0108,203.0891,198.3362,203.0214,1717732800,5714400.0,2024-06-07 04:00:00
202.6535,203.8442,198.0167,198.7234,1717992000,6465100.0,2024-06-10 04:00:00
201.8501,202.7503,198.2297,200.5239,1718078400,8197500.0,2024-06-11 04:00:00
208.5003,208.7229,204.1345,205.7027,1718164800,9502800.0,2024-06-12 04:00:00
210.8429,211.3753,206.1964,209.4393,1718251200,10102800.0,2024-06-13 04:00:00
208.4422,211.0752,206.8159,210.6783,1718337600,6438200.0,2024-06-14 04:00:00
215.1118,215.5474,206.5739,210.1459,1718596800,12109100.0,2024-06-17 04:00:00
219.826,223.2528,218.7709,219.5647,1718683200,22037500.0,2024-06-18 04:00:00
208.5777,218.6741,206.0318,217.0285,1718856000,18701200.0,2024-06-20 04:00:00
205.7318,208.5777,202.7116,204.9864,1718942400,22286500.0,2024-06-21 04:00:00
194.4157,200.4077,193.8349,200.2915,1719201600,16087700.0,2024-06-24 04:00:00
195.7032,196.6518,192.7991,196.6421,1719288000,11974900.0,2024-06-25 04:00:00
191.018,194.7158,189.4401,193.9026,1719374400,10023800.0,2024-06-26 04:00:00
188.9077,192.2183,187.6396,190.5727,1719460800,11936600.0,2024-06-27 04:00:00
192.8088,197.4166,189.353,189.7305,1719547200,15547500.0,2024-06-28 04:00:00
193.6316,194.2511,189.808,193.0895,1719806400,6800600.0,2024-07-01 04:00:00
193.7574,194.0672,190.7856,191.9085,1719892800,5632900.0,2024-07-02 04:00:00
197.2907,198.3071,194.0285,196.1968,1719979200,4996200.0,2024-07-03 04:00:00
199.1687,200.1367,197.4553,199.2655,1720152000,6375200.0,2024-07-05 04:00:00
201.2402,203.7086,199.5558,200.611,1720411200,6920400.0,2024-07-08 04:00:00
200.4948,201.8791,198.1135,199.8753,1720497600,5272600.0,2024-07-09 04:00:00
202.1211,202.547,199.9527,202.063,1720584000,5159400.0,2024-07-10 04:00:00
193.4574,203.4086,193.3799,203.3021,1720670400,8602200.0,2024-07-11 04:00:00
195.9548,199.4881,193.8446,195.2095,1720756800,7217200.0,2024-07-12 04:00:00
201.5209,202.547,196.3033,196.5066,1721016000,7463700.0,2024-07-15 04:00:00
202.9342,204.3378,200.0108,203.2827,1721102400,5998500.0,2024-07-16 04:00:00
185.4713,193.6026,184.4645,193.3412,1721188800,16156200.0,2024-07-17 04:00:00
185.3357,187.6977,180.97,187.5815,1721275200,9960600.0,2024-07-18 04:00:00
180.2537,186.9136,179.8181,185.5584,1721361600,9195700.0,2024-07-19 04:00:00
188.7335,189.2465,183.0028,184.8904,1721620800,7590000.0,2024-07-22 04:00:00
187.1653,189.9628,186.0036,187.9881,1721707200,5796700.0,2024-07-23 04:00:00
175.2781,183.5449,174.9102,183.2835,1721793600,13295300.0,2024-07-24 04:00:00
169.7798,174.4746,167.7276,173.8745,1721880000,12700100.0,2024-07-25 04:00:00
174.2907,175.5007,171.89,173.284,1721966400,6567800.0,2024-07-26 04:00:00
172.9258,176.7979,172.1611,175.6943,1722225600,6051600.0,2024-07-29 04:00:00
161.6001,173.6615,161.4355,173.6034,1722312000,15338900.0,2024-07-30 04:00:00
175.1619,175.2878,167.8631,169.9637,1722398400,19222200.0,2024-07-31 04:00:00
158.7541,171.3092,156.1695,166.2659,1722484800,24795000.0,2024-08-01 04:00:00
154.2141,159.0058,152.4911,155.3854,1722571200,16618900.0,2024-08-02 04:00:00
152.8976,157.6118,146.5475,148.3673,1722830400,12733900.0,2024-08-05 04:00:00
153.643,158.3959,151.494,153.3526,1722916800,9301000.0,2024-08-06 04:00:00
151.1262,159.0639,150.526,158.3475,1723003200,9266900.0,2024-08-07 04:00:00
159.6737,160.2932,152.8202,155.5984,1723089600,9590900.0,2024-08-08 04:00:00
159.2187,160.5836,156.7987,158.8219,1723176000,4824600.0,2024-08-09 04:00:00
157.6796,158.1636,152.3846,155.4241,1723435200,8548000.0,2024-08-12 04:00:00
164.0491,164.1363,158.0571,159.0445,1723521600,11102100.0,2024-08-13 04:00:00
161.8033,165.7819,159.4511,165.1817,1723608000,7208200.0,2024-08-14 04:00:00
167.7953,169.0538,165.1527,166.2562,1723694400,10752100.0,2024-08-15 04:00:00
166.6725,167.8341,165.172,166.7789,1723780800,5435700.0,2024-08-16 04:00:00
168.6859,168.744,163.3425,166.082,1724040000,6708100.0,2024-08-19 04:00:00
166.6047,169.8185,165.6754,168.2987,1724126400,6222400.0,2024-08-20 04:00:00
168.6472,169.2764,166.5757,167.4565,1724212800,6309500.0,2024-08-21 04:00:00
163.5941,169.0053,162.994,168.7246,1724299200,6743500.0,2024-08-22 04:00:00
167.9502,169.0344,165.172,166.2659,1724385600,6823600.0,2024-08-23 04:00:00
164.0685,166.866,163.1392,166.4691,1724644800,7437600.0,2024-08-26 04:00:00
168.3665,168.8602,162.8875,163.7587,1724731200,6498800.0,2024-08-27 04:00:00
166.353,170.0992,164.204,168.8021,1724817600,6534600.0,2024-08-28 04:00:00
164.0685,170.7187,163.5264,167.8728,1724904000,12514200.0,2024-08-29 04:00:00
169.6927,169.8475,165.3366,166.7789,1724990400,11110800.0,2024-08-30 04:00:00
158.0184,166.6531,156.8181,166.3917,1725336000,11620300.0,2024-09-03 04:00:00
160.0416,162.8585,157.4279,157.7861,1725422400,6737000.0,2024-09-04 04:00:00
159.2826,161.326,157.4826,158.6794,1725508800,5600000.0,2024-09-05 04:00:00
153.9213,158.7864,152.8899,158.3485,1725595200,10703000.0,2024-09-06 04:00:00
156.4317,157.9885,154.2911,156.743,1725854400,7494900.0,2024-09-09 04:00:00
157.3171,157.6869,153.4251,155.6825,1725940800,7918100.0,2024-09-10 04:00:00
162.0654,162.3963,154.9527,157.9788,1726027200,8275400.0,2024-09-11 04:00:00
160.5281,161.8222,158.5042,161.4038,1726113600,6039200.0,2024-09-12 04:00:00
163.2039,163.7585,160.9757,161.3357,1726200000,4049900.0,2024-09-13 04:00:00
162.1141,162.8244,159.3702,160.4794,1726459200,6510000.0,2024-09-16 04:00:00
164.1477,164.9261,161.5984,164.3229,1726545600,5828000.0,2024-09-17 04:00:00
163.7585,167.7673,163.1747,164.9456,1726632000,5877600.0,2024-09-18 04:00:00
169.2268,172.0291,167.8354,169.7133,1726718400,10900000.0,2024-09-19 04:00:00
164.3618,168.3998,159.8664,168.03,1726804800,27546400.0,2024-09-20 04:00:00
161.4816,165.3931,160.8881,163.8752,1727064000,9810000.0,2024-09-23 04:00:00
162.4449,164.7899,161.5011,162.9022,1727150400,9666800.0,2024-09-24 04:00:00
163.7293,164.0407,161.287,161.793,1727236800,5095500.0,2024-09-25 04:00:00
168.0008,171.0074,162.2795,170.1901,1727323200,8475000.0,2024-09-26 04:00:00
165.5391,168.7695,165.2472,168.3317,1727409600,5880700.0,2024-09-27 04:00:00
165.4613,167.5824,163.2233,166.7456,1727668800,8099700.0,2024-09-30 04:00:00
161.3065,165.6948,159.6524,165.218,1727755200,8277600.0,2024-10-01 04:00:00
163.778,165.1694,160.6935,161.6665,1727841600,4484600.0,2024-10-02 04:00:00
164.3618,164.9553,161.1897,161.4719,1727928000,6260200.0,2024-10-03 04:00:00
164.3423,168.1371,161.9876,167.8938,1728014400,6586500.0,2024-10-04 04:00:00
162.4352,164.1671,161.2676,163.1163,1728273600,4359300.0,2024-10-07 04:00:00
161.8514,163.1941,159.2437,160.4113,1728360000,7843500.0,2024-10-08 04:00:00
165.6267,165.7045,160.2264,161.4719,1728446400,5486500.0,2024-10-09 04:00:00
163.9725,164.1963,160.8686,162.7173,1728532800,5048000.0,2024-10-10 04:00:00
165.3932,165.831,162.3671,163.4666,1728619200,3801400.0,2024-10-11 04:00:00
173.2357,174.0433,166.2883,166.7165,1728878400,9933600.0,2024-10-14 04:00:00
169.3922,174.9773,168.0884,172.4378,1728964800,12910400.0,2024-10-15 04:00:00
166.8527,169.9566,165.6267,169.9079,1729051200,6495700.0,2024-10-16 04:00:00
166.4829,170.8809,166.4051,170.8809,1729137600,6093200.0,2024-10-17 04:00:00
166.3078,167.923,164.8483,167.4657,1729224000,6432700.0,2024-10-18 04:00:00
164.4493,165.578,161.5887,165.0623,1729483200,7297700.0,2024-10-21 04:00:00
168.5068,168.7987,163.6904,164.4493,1729569600,7313000.0,2024-10-22 04:00:00
162.1044,167.9814,159.8664,164.7704,1729656000,9788200.0,2024-10-23 04:00:00
163.5639,164.3812,161.0632,162.1141,1729742400,4933400.0,2024-10-24 04:00:00
165.6753,168.5068,165.2277,165.6851,1729828800,5496600.0,2024-10-25 04:00:00
167.5727,168.4776,164.7996,164.8482,1730088000,5024600.0,2024-10-28 04:00:00
171.2507,171.8053,166.6386,167.5532,1730174400,6427700.0,2024-10-29 04:00:00
163.0968,167.1057,163.0093,165.3348,1730260800,8819700.0,2024-10-30 04:00:00
158.3777,163.2525,157.7063,163.0968,1730347200,10261200.0,2024-10-31 04:00:00
160.8103,161.5984,158.3777,158.6794,1730433600,6498100.0,2024-11-01 04:00:00
160.7227,162.9801,159.2242,160.6059,1730696400,4949800.0,2024-11-04 05:00:00
161.433,163.0676,159.8178,160.5475,1730782800,5373200.0,2024-11-05 05:00:00
168.3219,173.6346,164.1185,164.6828,1730869200,17661900.0,2024-11-06 05:00:00
168.2441,177.1861,166.9986,175.4055,1730955600,23586300.0,2024-11-07 05:00:00
166.298,168.8084,164.1963,167.4462,1731042000,10736600.0,2024-11-08 05:00:00
163.7487,166.1813,161.6081,165.4126,1731301200,7829500.0,2024-11-11 05:00:00
159.0004,162.8147,157.4923,162.5422,1731387600,8483300.0,2024-11-12 05:00:00
156.0911,158.5431,155.4392,158.3972,1731474000,7921700.0,2024-11-13 05:00:00
159.5453,160.46,157.502,158.5529,1731560400,7012600.0,2024-11-14 05:00:00
156.169,159.8956,155.2933,158.6015,1731646800,9737000.0,2024-11-15 05:00:00
160.061,160.6838,157.6285,158.2123,1731906000,7814200.0,2024-11-18 05:00:00
160.2654,161.7443,158.2609,159.6037,1731992400,6176800.0,2024-11-19 05:00:00
150.1071,159.7691,148.8227,159.5745,1732078800,14483000.0,2024-11-20 05:00:00
151.265,152.705,149.4454,150.9731,1732165200,10685800.0,2024-11-21 05:00:00
152.5591,152.6466,149.5816,150.613,1732251600,5709300.0,2024-11-22 05:00:00
154.5343,155.3419,152.9775,154.6511,1732510800,9189800.0,2024-11-25 05:00:00
152.6953,157.1128,151.878,155.4392,1732597200,9489900.0,2024-11-26 05:00:00
152.1796,153.3958,150.2919,152.6953,1732683600,6337900.0,2024-11-27 05:00:00
154.2521,157.1614,153.4932,153.8435,1732856400,6112000.0,2024-11-29 05:00:00
158.6307,158.9615,154.1062,154.1062,1733115600,9812700.0,2024-12-02 05:00:00
158.1929,159.4383,156.9669,157.142,1733202000,6961400.0,2024-12-03 05:00:00
158.9323,160.5475,157.862,160.0416,1733288400,6721600.0,2024-12-04 05:00:00
156.8783,160.8494,156.4284,159.0301,1733374800,7279800.0,2024-12-05 05:00:00
156.0176,156.8783,153.7973,156.8783,1733461200,9918400.0,2024-12-06 05:00:00
157.2206,159.3627,154.0222,154.032,1733720400,9481200.0,2024-12-09 05:00:00
153.0343,157.9542,152.6235,157.25,1733806800,8683600.0,2024-12-10 05:00:00
156.3306,156.9468,153.5332,153.8462,1733893200,7081800.0,2024-12-11 05:00:00
154.7754,155.9687,153.4843,155.196,1733979600,5796100.0,2024-12-12 05:00:00
155.059,156.1838,153.1908,154.7754,1734066000,8886700.0,2024-12-13 05:00:00
154.433,155.2351,150.6478,154.6971,1734325200,9951100.0,2024-12-16 05:00:00
154.4624,156.4773,153.0637,153.0637,1734411600,7187400.0,2024-12-17 05:00:00
149.699,157.6315,148.985,154.7852,1734498000,10295200.0,2024-12-18 05:00:00
147.107,152.066,146.7745,150.6576,1734584400,8414800.0,2024-12-19 05:00:00
149.5425,151.1857,146.1583,146.305,1734670800,17347100.0,2024-12-20 05:00:00
154.7754,155.2155,151.1662,152.2519,1734930000,8863200.0,2024-12-23 05:00:00
155.8709,155.91,154.0907,155.1666,1735016400,2839600.0,2024-12-24 05:00:00
155.059,156.0665,153.9049,153.9538,1735189200,3846900.0,2024-12-26 05:00:00
153.7973,154.2961,152.1149,153.7484,1735275600,7232500.0,2024-12-27 05:00:00
151.1955,152.7116,150.4326,151.8313,1735534800,5356000.0,2024-12-30 05:00:00
150.2565,152.4279,149.8555,151.3325,1735621200,4423300.0,2024-12-31 05:00:00
150.2761,154.0613,149.4447,151.6161,1735794000,5009100.0,2025-01-02 05:00:00
154.3744,154.971,151.1075,152.0171,1735880400,5885800.0,2025-01-03 05:00:00
156.3501,162.0427,155.8415,155.8415,1736139600,9599800.0,2025-01-06 05:00:00
157.0055,159.8713,155.7633,158.4531,1736226000,7666000.0,2025-01-07 05:00:00
155.597,156.6827,153.5039,156.5458,1736312400,7731900.0,2025-01-08 05:00:00
153.543,154.8145,152.1443,154.2472,1736485200,6236800.0,2025-01-10 05:00:00
153.6897,153.9244,151.4107,151.8215,1736744400,5714700.0,2025-01-13 05:00:00
156.0371,157.4847,153.1322,156.6338,1736830800,6476500.0,2025-01-14 05:00:00
160.8103,161.8275,158.5411,158.5509,1736917200,9284000.0,2025-01-15 05:00:00
157.8955,162.209,157.7488,161.7297,1737003600,7188900.0,2025-01-16 05:00:00
160.957,161.984,159.529,161.7591,1737090000,8097500.0,2025-01-17 05:00:00
163.6077,164.9868,161.7297,162.3655,1737435600,7380500.0,2025-01-21 05:00:00
166.5126,168.3221,164.5075,164.6347,1737522000,7281700.0,2025-01-22 05:00:00
170.5424,170.562,165.6715,166.6496,1737608400,7172300.0,2025-01-23 05:00:00
168.3417,171.364,168.1754,171.2662,1737694800,5825800.0,2025-01-24 05:00:00
167.4321,168.4297,163.6175,168.3319,1737954000,15632600.0,2025-01-27 05:00:00
167.794,169.6915,166.0921,166.4931,1738040400,8720200.0,2025-01-28 05:00:00
167.9505,169.6915,166.4931,167.794,1738126800,5118900.0,2025-01-29 05:00:00
168.1656,169.7404,167.2267,168.5667,1738213200,6010600.0,2025-01-30 05:00:00
169.1437,172.9192,168.5177,168.7329,1738299600,7800500.0,2025-01-31 05:00:00
166.5126,168.8014,164.3804,165.1824,1738558800,7447100.0,2025-02-03 05:00:00
169.2513,169.9849,164.8107,164.8107,1738645200,5457900.0,2025-02-04 05:00:00
172.0096,173.1247,166.1801,169.2122,1738731600,15197800.0,2025-02-05 05:00:00
165.6128,165.7791,161.7786,164.1652,1738818000,16293500.0,2025-02-06 05:00:00
164.2826,167.5494,162.4242,166.1116,1738904400,7841700.0,2025-02-07 05:00:00
167.6081,168.0385,165.2998,166.0138,1739163600,6237700.0,2025-02-10 05:00:00
168.2243,168.9188,165.4074,165.9355,1739250000,6588100.0,2025-02-11 05:00:00
166.5615,167.1875,164.5564,165.8378,1739336400,5505700.0,2025-02-12 05:00:00
168.3808,168.5862,165.7595,166.4637,1739422800,6362200.0,2025-02-13 05:00:00
168.4591,169.0362,167.2951,168.821,1739509200,4691300.0,2025-02-14 05:00:00
169.8382,169.9164,167.4907,169.4665,1739854800,7292600.0,2025-02-18 05:00:00
171.3836,172.6356,169.5546,170.1805,1739941200,6849600.0,2025-02-19 05:00:00
169.8969,172.528,169.1144,172.1465,1740027600,6316400.0,2025-02-20 05:00:00
161.8079,171.589,161.5928,171.1488,1740114000,12531900.0,2025-02-21 05:00:00
157.5728,162.9426,157.4652,162.2775,1740373200,9827800.0,2025-02-24 05:00:00
157.6901,159.7539,155.9491,158.1205,1740459600,8244900.0,2025-02-25 05:00:00
158.5509,160.5462,157.4065,158.2868,1740546000,9161900.0,2025-02-26 05:00:00
151.0586,159.6757,150.726,158.7856,1740632400,10807200.0,2025-02-27 05:00:00
153.7288,153.8657,150.0413,151.7041,1740718800,10149500.0,2025-02-28 05:00:00
150.2565,156.5751,149.1806,155.509,1740978000,9601900.0,2025-03-03 05:00:00
151.0781,153.7581,148.0362,151.8704,1741064400,8956800.0,2025-03-04 05:00:00
155.0199,155.6655,149.6795,151.6454,1741150800,6786900.0,2025-03-05 05:00:00
153.4465,155.2559,151.5289,151.5486,1741237200,7808100.0,2025-03-06 05:00:00
158.5404,159.1304,152.6401,152.6401,1741323600,8727600.0,2025-03-07 05:00:00
152.4041,156.613,150.0735,154.7347,1741579200,10139900.0,2025-03-10 04:00:00
150.5554,153.6333,148.3526,152.2763,1741665600,8692900.0,2025-03-11 04:00:00
150.2604,153.2695,149.395,151.6469,1741752000,7117400.0,2025-03-12 04:00:00
149.4146,153.0433,147.9199,150.0637,1741838400,5861700.0,2025-03-13 04:00:00
153.9775,154.3414,150.988,151.0077,1741924800,5309400.0,2025-03-14 04:00:00
155.3247,156.0819,152.8565,153.0138,1742184000,5781000.0,2025-03-17 04:00:00
153.6923,157.0752,153.3285,155.3248,1742270400,6898400.0,2025-03-18 04:00:00
155.6296,157.8422,152.4828,153.83,1742356800,5871000.0,2025-03-19 04:00:00
155.3247,156.4753,153.9185,155.3739,1742443200,5089300.0,2025-03-20 04:00:00
154.2135,154.8036,151.0077,152.4041,1742529600,10949300.0,2025-03-21 04:00:00
157.4194,158.3241,156.1606,157.3407,1742788800,6033400.0,2025-03-24 04:00:00
157.4882,158.7862,156.7703,157.2227,1742875200,3978200.0,2025-03-25 04:00:00
155.7574,158.1372,154.243,156.7998,1742961600,5960300.0,2025-03-26 04:00:00
155.3444,156.6031,153.1613,155.5804,1743048000,6102000.0,2025-03-27 04:00:00
150.1817,155.0199,149.041,154.3119,1743134400,8918000.0,2025-03-28 04:00:00
151.0569,151.2929,145.4221,148.3034,1743393600,8613600.0,2025-03-31 04:00:00
150.5062,150.7717,147.7626,149.8572,1743480000,5708900.0,2025-04-01 04:00:00
151.5191,152.8762,147.8707,148.2838,1743566400,5377200.0,2025-04-02 04:00:00
137.1027,144.9501,136.257,144.5568,1743652800,16465000.0,2025-04-03 04:00:00
125.3415,133.6019,124.5745,132.1072,1743739200,19018600.0,2025-04-04 04:00:00
127.5639,134.9196,118.7922,122.5192,1743998400,17938300.0,2025-04-07 04:00:00
122.5881,133.0414,119.7166,128.9505,1744084800,14965900.0,2025-04-08 04:00:00
141.2034,142.4523,122.1259,123.0798,1744171200,21242600.0,2025-04-09 04:00:00
132.1662,136.7487,127.1411,134.7328,1744257600,14898800.0,2025-04-10 04:00:00
136.9356,138.3123,128.9309,131.7728,1744344000,10955300.0,2025-04-11 04:00:00
136.8766,140.7314,134.5558,140.3774,1744603200,6930300.0,2025-04-14 04:00:00
136.2964,138.4991,135.7358,137.1421,1744689600,6346800.0,2025-04-15 04:00:00
133.4839,135.0278,129.5995,131.4581,1744776000,10417200.0,2025-04-16 04:00:00
134.3886,135.8539,133.4544,135.0967,1744862400,7135900.0,2025-04-17 04:00:00
133.8772,134.2804,131.1435,132.4907,1745208000,8128300.0,2025-04-21 04:00:00
136.4341,136.7881,134.2214,134.4771,1745294400,8228000.0,2025-04-22 04:00:00
138.1255,141.4886,137.4568,140.2102,1745380800,9073500.0,2025-04-23 04:00:00
144.7633,145.3631,139.63,140.4069,1745467200,8810600.0,2025-04-24 04:00:00
146.0908,146.7202,143.652,143.652,1745553600,5145600.0,2025-04-25 04:00:00
145.1664,146.8185,143.0227,145.7171,1745812800,5743500.0,2025-04-28 04:00:00
144.4387,145.7958,143.1013,144.2224,1745899200,6692000.0,2025-04-29 04:00:00
145.9925,146.376,141.4886,142.7867,1745985600,10851900.0,2025-04-30 04:00:00
132.9627,136.6504,132.6283,136.4832,1746072000,22836600.0,2025-05-01 04:00:00
137.4862,139.0596,135.0081,135.5588,1746158400,13185600.0,2025-05-02 04:00:00
137.1224,138.4303,135.9915,136.0014,1746417600,7165300.0,2025-05-05 04:00:00
137.5748,138.4598,135.1753,135.5293,1746504000,6957900.0,2025-05-06 04:00:00
141.9016,142.295,137.9189,138.0468,1746590400,10196400.0,2025-05-07 04:00:00
142.6883,145.0484,141.4984,143.2194,1746676800,8489100.0,2025-05-08 04:00:00
142.767,144.5371,142.1967,143.239,1746763200,6217100.0,2025-05-09 04:00:00
149.5917,151.7944,147.3397,151.5191,1747022400,11414600.0,2025-05-12 04:00:00
148.8246,150.7422,148.4509,149.4835,1747108800,10160900.0,2025-05-13 04:00:00
150.4373,150.7225,147.9297,149.4048,1747195200,6971200.0,2025-05-14 04:00:00
150.0735,150.8405,147.6839,149.1885,1747281600,6941200.0,2025-05-15 04:00:00
149.9653,150.516,148.7853,150.3292,1747368000,6668000.0,2025-05-16 04:00:00
151.1454,151.2634,147.615,148.0477,1747627200,7241100.0,2025-05-19 04:00:00
151.2634,151.3322,149.4048,150.4964,1747713600,5269500.0,2025-05-20 04:00:00
148.7951,153.535,148.3231,151.0274,1747800000,9684500.0,2025-05-21 04:00:00
144.9206,149.0606,144.7731,148.8738,1747886400,9539100.0,2025-05-22 04:00:00
142.9637,144.0552,139.4137,141.0363,1747972800,8994600.0,2025-05-23 04:00:00
146.1597,146.8677,143.9962,145.0976,1748318400,9788800.0,2025-05-27 04:00:00
145.1468,147.0054,144.9108,146.3465,1748404800,7032300.0,2025-05-28 04:00:00
145.8745,147.9986,144.7928,147.3692,1748491200,5980700.0,2025-05-29 04:00:00
142.7867,145.5598,141.0953,145.5401,1748577600,13755600.0,2025-05-30 04:00:00
144.1929,144.7633,142.0786,142.3933,1748836800,6419500.0,2025-06-02 04:00:00
146.4645,147.2905,143.0915,144.2716,1748923200,6164100.0,2025-06-03 04:00:00
146.5727,147.5561,144.9304,147.5069,1749009600,7143800.0,2025-06-04 04:00:00
145.9791,148.4721,145.4251,147.2058,1749096000,5605500.0,2025-06-05 04:00:00
147.6411,148.9766,147.4531,148.1951,1749182400,5794700.0,2025-06-06 04:00:00
153.745,154.4474,149.5504,150.1836,1749441600,10589400.0,2025-06-09 04:00:00
157.4252,157.8011,153.4087,154.5167,1749528000,9068400.0,2025-06-10 04:00:00
157.7714,160.4029,156.0105,158.2858,1749614400,8859900.0,2025-06-11 04:00:00
156.9998,157.9,156.2578,157.2965,1749700800,5689400.0,2025-06-12 04:00:00
153.0624,155.4861,152.7854,154.665,1749787200,8446400.0,2025-06-13 04:00:00
155.1894,156.7524,153.9725,155.3477,1750046400,8686300.0,2025-06-16 04:00:00
152.8052,155.8917,152.7359,154.9717,1750132800,7146900.0,2025-06-17 04:00:00
151.9841,154.4276,151.5092,153.3394,1750219200,6708700.0,2025-06-18 04:00:00
149.6988,153.4581,149.0162,152.5776,1750392000,15501900.0,2025-06-20 04:00:00
151.4993,151.8752,148.0764,149.6098,1750651200,6860700.0,2025-06-23 04:00:00
154.0418,154.6255,152.4985,153.0723,1750737600,7692700.0,2025-06-24 04:00:00
154.2594,154.853,152.9338,154.4276,1750824000,5280100.0,2025-06-25 04:00:00
156.4952,156.7228,154.2397,154.8233,1750910400,6278200.0,2025-06-26 04:00:00
156.8415,159.374,155.8819,156.9503,1750996800,22100300.0,2025-06-27 04:00:00
157.5537,158.1473,156.1094,156.6931,1751256000,7988200.0,2025-06-30 04:00:00
157.6922,159.9181,156.2875,156.5249,1751342400,8942300.0,2025-07-01 04:00:00
160.581,161.0459,157.0987,157.9692,1751428800,8916400.0,2025-07-02 04:00:00
160.4722,162.2034,160.3534,161.2932,1751515200,4280800.0,2025-07-03 04:00:00
156.3963,159.7599,155.8819,159.3839,1751860800,7187400.0,2025-07-07 04:00:00
157.7417,160.0962,156.9107,157.7615,1751947200,6879100.0,2025-07-08 04:00:00
157.6428,159.75,156.5546,157.6922,1752033600,4190100.0,2025-07-09 04:00:00
157.3856,158.5727,156.0995,157.2867,1752120000,5674400.0,2025-07-10 04:00:00
155.773,157.4647,155.4663,157.2965,1752206400,5907700.0,2025-07-11 04:00:00
152.637,154.8233,151.8357,154.7442,1752465600,7382600.0,2025-07-14 04:00:00
152.6469,155.0311,152.4688,154.6156,1752552000,6467300.0,2025-07-15 04:00:00
152.4194,152.8447,149.9164,152.6469,1752638400,7106700.0,2025-07-16 04:00:00
150.975,151.8851,150.1737,151.3608,1752724800,7018600.0,2025-07-17 04:00:00
153.1415,153.7648,151.0937,151.4004,1752811200,7433900.0,2025-07-18 04:00:00
157.2669,158.2166,153.2504,153.2602,1753070400,7662300.0,2025-07-21 04:00:00
156.2974,157.3361,154.4969,157.257,1753156800,6951600.0,2025-07-22 04:00:00
158.1671,158.3254,155.2487,156.8909,1753243200,7296200.0,2025-07-23 04:00:00
157.1382,157.3856,155.1102,156.6535,1753329600,5014800.0,2025-07-24 04:00:00
156.703,157.4944,155.7236,157.1976,1753416000,4808200.0,2025-07-25 04:00:00
159.3246,160.2248,157.4548,158.0484,1753675200,9627300.0,2025-07-28 04:00:00
160.3436,161.8473,159.4136,160.304,1753761600,9460900.0,2025-07-29 04:00:00
157.3559,161.5208,156.3073,161.2537,1753848000,14382500.0,2025-07-30 04:00:00
145.1877,155.1201,144.0203,151.4696,1753934400,24440100.0,2025-07-31 04:00:00
146.6023,147.5718,144.228,144.8909,1754020800,12706700.0,2025-08-01 04:00:00
145.9296,149.1745,145.4944,146.9189,1754280000,8150200.0,2025-08-04 04:00:00
145.1382,147.0574,144.1093,146.9288,1754366400,7794500.0,2025-08-05 04:00:00
144.2775,145.1382,142.5661,145.0788,1754452800,8475700.0,2025-08-06 04:00:00
144.3369,146.731,143.2585,146.731,1754539200,6753500.0,2025-08-07 04:00:00
145.9791,146.4342,144.1291,144.7821,1754625600,5028700.0,2025-08-08 04:00:00
146.3847,149.4416,146.1275,146.9783,1754884800,6215900.0,2025-08-11 04:00:00
152.083,152.2512,146.9783,147.1959,1754971200,9304100.0,2025-08-12 04:00:00
154.9124,155.4268,151.9841,152.3204,1755057600,7103300.0,2025-08-13 04:00:00
156.3963,156.9503,153.2405,153.2405,1755144000,6294800.0,2025-08-14 04:00:00
156.1589,157.5537,155.0113,156.3468,1755230400,7583700.0,2025-08-15 04:00:00
157.1976,158.0385,155.5554,156.0896,1755489600,4774400.0,2025-08-18 04:00:00
154.576,157.7219,154.3781,157.3658,1755576000,6396500.0,2025-08-19 04:00:00
153.7747,154.9618,151.8159,154.7145,1755662400,7151700.0,2025-08-20 04:00:00
152.4787,153.5372,151.4103,153.1613,1755748800,4997300.0,2025-08-21 04:00:00
156.3171,158.177,152.9041,153.1712,1755835200,7711500.0,2025-08-22 04:00:00
154.7442,156.3567,153.7351,155.9214,1756094400,4653000.0,2025-08-25 04:00:00
157.4647,158.2463,155.7236,155.9709,1756180800,9173000.0,2025-08-26 04:00:00
158.0583,158.2561,156.1094,156.6634,1756267200,4549900.0,2025-08-27 04:00:00
159.0773,159.4928,157.3262,158.1968,1756353600,8156300.0,2025-08-28 04:00:00
159.008,159.8687,157.6923,157.8209,1756440000,9949100.0,2025-08-29 04:00:00
157.0789,157.2372,152.9437,156.1292,1756785600,7520300.0,2025-09-02 04:00:00
155.595,157.8604,154.388,157.6923,1756872000,6336400.0,2025-09-03 04:00:00
158.8981,159.0473,153.6847,155.4059,1756958400,7781200.0,2025-09-04 04:00:00
159.0274,162.6589,158.3409,159.2662,1757044800,7954200.0,2025-09-05 04:00:00
159.4254,159.4751,157.2067,159.4751,1757304000,7019700.0,2025-09-08 04:00:00
157.8534,160.7785,156.769,159.5547,1757390400,6126000.0,2025-09-09 04:00:00
158.142,158.4006,155.8139,157.8136,1757476800,8256900.0,2025-09-10 04:00:00
160.6889,161.2461,157.157,158.3807,1757563200,8360200.0,2025-09-11 04:00:00
161.0073,161.5048,158.7687,160.5099,1757649600,5430600.0,2025-09-12 04:00:00
160.4004,161.853,159.3955,160.5795,1757908800,5604800.0,2025-09-15 04:00:00
163.3056,164.1612,160.679,160.9974,1757995200,7997500.0,2025-09-16 04:00:00
164.4199,165.5242,162.4002,163.8428,1758081600,6057800.0,2025-09-17 04:00:00
167.2753,168.0016,165.3849,166.0316,1758168000,10421200.0,2025-09-18 04:00:00
166.0018,168.7179,165.4446,168.31,1758254400,19444400.0,2025-09-19 04:00:00
168.8572,169.3547,165.0765,166.0018,1758513600,6196600.0,2025-09-22 04:00:00
168.6682,169.9815,167.4444,168.9567,1758600000,5468400.0,2025-09-23 04:00:00
172.6677,173.5532,167.8125,168.1906,1758686400,9213700.0,2025-09-24 04:00:00
168.8174,171.0958,167.0863,170.3396,1758772800,8093700.0,2025-09-25 04:00:00
168.3398,170.061,167.2753,168.8174,1758859200,4846000.0,2025-09-26 04:00:00
164.4597,168.9766,163.9224,168.3398,1759118400,7523100.0,2025-09-29 04:00:00
165.5143,165.9918,164.0418,164.7979,1759204800,5593300.0,2025-09-30 04:00:00
165.6436,165.9222,163.6538,164.9571,1759291200,6153000.0,2025-10-01 04:00:00
167.9916,168.6781,166.3301,166.8972,1759377600,5499500.0,2025-10-02 04:00:00
168.3199,170.8769,167.8822,167.9916,1759464000,5137900.0,2025-10-03 04:00:00
167.7628,170.0113,166.8674,169.673,1759723200,8265800.0,2025-10-06 04:00:00
164.6189,171.1057,164.3005,169.0363,1759809600,7147500.0,2025-10-07 04:00:00
166.9171,167.6931,163.0568,165.3949,1759896000,7302200.0,2025-10-08 04:00:00
164.8178,166.7579,162.4002,166.5191,1759982400,6928400.0,2025-10-09 04:00:00
152.8092,164.2507,152.5704,163.9821,1760068800,15818600.0,2025-10-10 04:00:00
160.9576,161.5645,154.9881,155.1572,1760328000,10311000.0,2025-10-13 04:00:00
160.9178,163.4349,158.4504,158.4902,1760414400,8675200.0,2025-10-14 04:00:00
162.1415,163.4051,159.495,163.4051,1760500800,7334100.0,2025-10-15 04:00:00
163.2459,164.3502,161.3854,163.6538,1760587200,5686700.0,2025-10-16 04:00:00
162.6191,162.9573,160.8481,162.0321,1760673600,4833100.0,2025-10-17 04:00:00
166.1908,166.7977,161.2361,162.5096,1760932800,8194100.0,2025-10-20 04:00:00
167.9717,168.3796,165.3551,165.952,1761019200,6176100.0,2025-10-21 04:00:00
168.4095,168.9169,165.176,166.6385,1761105600,10083800.0,2025-10-22 04:00:00
169.1656,170.3794,167.0266,167.4743,1761192000,6546400.0,2025-10-23 04:00:00
168.0812,171.5435,167.6135,170.8172,1761278400,6256000.0,2025-10-24 04:00:00
186.7259,204.903,167.9618,168.0911,1761537600,81799300.0,2025-10-27 04:00:00
180.1097,184.9649,178.4979,182.9949,1761624000,20323100.0,2025-10-28 04:00:00
177.7617,182.5572,177.2941,181.0748,1761710400,11614600.0,2025-10-29 04:00:00
176.3589,178.9655,176.2892,177.7716,1761796800,7862900.0,2025-10-30 04:00:00
179.9804,181.224,175.9311,177.6125,1761883200,9452800.0,2025-10-31 04:00:00
179.8013,182.5174,178.1796,182.0199,1762146000,8535100.0,2025-11-03 05:00:00
171.9613,178.4283,171.4141,176.5777,1762232400,12323600.0,2025-11-04 05:00:00
178.8064,182.4975,173.4338,173.8716,1762318800,18845500.0,2025-11-05 05:00:00
172.3195,177.6025,169.1955,176.8961,1762405200,16184700.0,2025-11-06 05:00:00
170.0213,173.3642,167.3947,171.8519,1762491600,10614700.0,2025-11-07 05:00:00
170.6978,173.9114,168.6383,172.8767,1762750800,10129300.0,2025-11-10 05:00:00
173.0955,175.0854,170.1307,170.1307,1762837200,8419100.0,2025-11-11 05:00:00
175.7719,176.5181,173.991,174.1104,1762923600,8785800.0,2025-11-12 05:00:00
173.6129,177.9209,172.1504,175.7321,1763010000,9526100.0,2025-11-13 05:00:00
173.0955,174.7968,170.5286,170.9067,1763096400,7949900.0,2025-11-14 05:00:00
165.9023,173.9512,164.3303,171.9215,1763355600,10211100.0,2025-11-17 05:00:00
164.2209,165.9421,160.5695,164.0518,1763442000,11073200.0,2025-11-18 05:00:00
165.2655,166.6584,163.2757,163.8528,1763528400,8176500.0,2025-11-19 05:00:00
158.7787,168.0215,158.0425,166.2804,1763614800,12075400.0,2025-11-20 05:00:00
162.4698,164.4298,158.2912,159.9328,1763701200,10815000.0,2025-11-21 05:00:00
164.2209,166.0913,162.8877,163.5344,1763960400,12070100.0,2025-11-24 05:00:00
162.4698,164.1313,161.0471,163.1563,1764046800,7758100.0,2025-11-25 05:00:00
164.3005,165.4048,162.3206,163.2857,1764133200,7967700.0,2025-11-26 05:00:00
167.2355,167.335,163.2956,164.191,1764306000,5068800.0,2025-11-28 05:00:00
167.1857,168.1707,164.6586,165.0666,1764565200,6818300.0,2025-12-01 05:00:00
169.8322,170.2998,166.7878,167.8921,1764651600,9159100.0,2025-12-02 05:00:00
174.18,174.1999,169.484,170.0312,1764738000,7624300.0,2025-12-03 05:00:00
174.35,174.93,173.23,174.33,1764824400,7245000.0,2025-12-04 05:00:00
174.81,177.25,174.5,174.74,1764910800,8400100.0,2025-12-05 05:00:00
175.31,175.5,173.72,174.74,1765170000,6690200.0,2025-12-08 05:00:00
176.0,176.35,172.32,174.5,1765256400,7719100.0,2025-12-09 05:00:00
182.21,183.44,175.25,175.81,1765342800,11100100.0,2025-12-10 05:00:00
181.27,181.64,178.09,181.37,1765429200,6319200.0,2025-12-11 05:00:00
178.29,183.11,177.87,181.25,1765515600,8865800.0,2025-12-12 05:00:00
179.26,180.31,176.39,179.72,1765774800,6954700.0,2025-12-15 05:00:00
176.12,179.19,174.81,179.19,1765861200,7136000.0,2025-12-16 05:00:00
172.34,177.48,172.05,176.12,1765947600,8501900.0,2025-12-17 05:00:00
174.19,177.08,173.53,175.71,1766034000,8967500.0,2025-12-18 05:00:00
175.25,177.19,174.2,174.44,1766120400,25223500.0,2025-12-19 05:00:00
174.22,178.32,173.9,177.56,1766379600,6422100.0,2025-12-22 05:00:00
174.75,175.27,173.51,173.61,1766466000,4690400.0,2025-12-23 05:00:00
174.77,175.49,174.42,175.04,1766552400,1645300.0,2025-12-24 05:00:00
174.81,175.5,174.35,175.0,1766725200,2442800.0,2025-12-26 05:00:00
173.43,175.19,172.79,174.01,1766984400,3978400.0,2025-12-29 05:00:00
173.65,174.4,173.34,174.06,1767070800,3429300.0,2025-12-30 05:00:00
171.05,173.78,171.01,173.61,1767157200,4682600.0,2025-12-31 05:00:00
172.98,174.68,172.2,173.8,1767330000,6532200.0,2026-01-02 05:00:00
176.31,178.85,174.01,175.46,1767589200,8972200.0,2026-01-05 05:00:00
182.45,184.45,176.62,177.21,1767675600,11033900.0,2026-01-06 05:00:00
180.19,184.07,177.11,182.39,1767762000,9853000.0,2026-01-07 05:00:00
181.87,184.31,176.2,178.8,1767848400,8353500.0,2026-01-08 05:00:00
177.78,179.44,174.8,178.12,1767934800,9662200.0,2026-01-09 05:00:00
169.27,175.88,169.24,175.88,1768194000,13657600.0,2026-01-12 05:00:00
165.29,168.35,164.97,166.98,1768280400,9993300.0,2026-01-13 05:00:00
164.54,164.74,162.35,163.69,1768366800,7959900.0,2026-01-14 05:00:00
161.39,166.5,161.03,166.45,1768453200,9241600.0,2026-01-15 05:00:00
159.42,161.7,159.21,161.39,1768539600,11990800.0,2026-01-16 05:00:00
154.07,157.72,153.25,154.95,1768885200,11971400.0,2026-01-20 05:00:00
156.37,157.53,154.62,156.33,1768971600,9181900.0,2026-01-21 05:00:00
157.8,159.43,156.81,158.47,1769058000,7450300.0,2026-01-22 05:00:00
155.82,157.98,154.85,157.04,1769144400,7106700.0,2026-01-23 05:00:00
154.52,156.2,154.3,154.8,1769403600,8004200.0,2026-01-26 05:00:00
153.04,156.74,152.66,156.33,1769490000,8354600.0,2026-01-27 05:00:00
152.7,154.0,150.4,152.0,1769576400,8539000.0,2026-01-28 05:00:00
152.22,153.23,149.73,153.09,1769662800,9142900.0,2026-01-29 05:00:00
151.59,153.07,149.83,149.96,1769749200,9577200.0,2026-01-30 05:00:00
152.62,153.64,150.82,150.97,1770008400,9099100.0,2026-02-02 05:00:00
147.18,150.72,144.3,150.72,1770094800,11966400.0,2026-02-03 05:00:00
148.89,153.47,148.17,148.71,1770181200,19249300.0,2026-02-04 05:00:00
136.3,139.33,132.73,132.92,1770267600,30229600.0,2026-02-05 05:00:00
137.34,139.15,135.28,136.87,1770354000,15036800.0,2026-02-06 05:00:00
138.93,139.94,136.5,137.1,1770613200,11022700.0,2026-02-09 05:00:00
140.09,140.41,136.79,138.15,1770699600,9762900.0,2026-02-10 05:00:00
141.04,142.39,139.11,140.03,1770786000,9379300.0,2026-02-11 05:00:00
138.47,141.5,136.74,140.86,1770872400,12416600.0,2026-02-12 05:00:00
140.7,141.48,136.74,137.12,1770958800,13134400.0,2026-02-13 05:00:00
142.63,143.5,140.01,141.0,1771304400,10670700.0,2026-02-17 05:00:00
143.24,144.48,140.72,143.5,1771390800,9944500.0,2026-02-18 05:00:00
141.27,142.32,139.9,141.88,1771477200,8219400.0,2026-02-19 05:00:00
142.88,144.07,140.1,140.31,1771563600,10265100.0,2026-02-20 05:00:00
140.41,144.06,139.64,141.97,1771822800,8260100.0,2026-02-23 05:00:00
144.78,146.33,142.06,142.13,1771909200,10991891.0,2026-02-24 05:00:00
144.8898,145.0984,143.1012,144.6712,1771995600,7358300.0,2026-02-25 05:00:00
144.6612,146.0026,143.598,144.9891,1772082000,8642100.0,2026-02-26 05:00:00
141.4518,142.9919,140.4483,141.9486,1772168400,12439900.0,2026-02-27 05:00:00
140.1303,141.104,136.0167,136.9507,1772427600,8963900.0,2026-03-02 05:00:00
137.2488,138.312,135.4305,137.3879,1772514000,10372400.0,2026-03-03 05:00:00
138.62,138.9976,136.5433,137.3382,1772600400,9309800.0,2026-03-04 05:00:00
137.0,139.66,135.8,137.59,1772686800,8981000.0,2026-03-05 05:00:00
135.69,137.18,133.42,134.17,1772773200,9197000.0,2026-03-06 05:00:00
138.11,138.58,132.46,133.49,1773028800,12304600.0,2026-03-09 04:00:00
135.2,136.75,132.16,134.7,1773115200,10447300.0,2026-03-10 04:00:00
134.12,138.2,133.96,136.45,1773201600,7830500.0,2026-03-11 04:00:00
131.15,134.87,130.61,133.47,1773288000,9162800.0,2026-03-12 04:00:00
129.82,133.42,129.22,131.15,1773374400,7786700.0,2026-03-13 04:00:00
129.39,131.87,128.94,131.07,1773633600,10132900.0,2026-03-16 04:00:00
131.59,134.05,131.18,133.52,1773720000,10544300.0,2026-03-17 04:00:00
130.47,132.74,129.93,130.73,1773806400,9894300.0,2026-03-18 04:00:00
131.28,132.68,128.9,129.14,1773892800,9846700.0,2026-03-19 04:00:00
129.9,132.75,129.78,131.31,1773979200,78568000.0,2026-03-20 04:00:00
128.35,133.97,127.41,133.15,1774238400,11431600.0,2026-03-23 04:00:00
128.67,129.18,127.31,128.34,1774324800,8409200.0,2026-03-24 04:00:00
130.35,131.93,129.95,130.16,1774411200,6669400.0,2026-03-25 04:00:00
130.54,132.34,128.31,128.79,1774497600,11912500.0,2026-03-26 04:00:00
127.11,130.04,126.68,129.89,1774584000,8964900.0,2026-03-27 04:00:00
127.07,128.6,126.34,127.45,1774843200,11555900.0,2026-03-30 04:00:00
128.78,129.29,125.78,128.4,1774929600,12219800.0,2026-03-31 04:00:00
127.28,130.23,126.98,128.0,1775016000,10210700.0,2026-04-01 04:00:00
126.8,127.0,124.01,125.23,1775102400,8575300.0,2026-04-02 04:00:00
125.73,127.43,123.71,126.56,1775448000,8038600.0,2026-04-06 04:00:00
124.07,125.41,121.99,125.07,1775534400,8840400.0,2026-04-07 04:00:00
127.51,128.89,125.62,128.65,1775620800,12535800.0,2026-04-08 04:00:00
127.75,128.59,126.8,127.26,1775707200,9352700.0,2026-04-09 04:00:00
128.06,130.61,127.85,128.8,1775793600,8424700.0,2026-04-10 04:00:00
