close,high,low,open,time,volume,date
572.7606,582.5544,569.294,578.0945,1603166400,637500.0,2020-10-20 04:00:00
568.559,577.7767,563.2151,573.6545,1603252800,493800.0,2020-10-21 04:00:00
571.8666,573.1778,562.2417,562.2417,1603339200,467200.0,2020-10-22 04:00:00
575.9193,578.8098,571.2608,576.3961,1603425600,565900.0,2020-10-23 04:00:00
581.8094,583.6768,570.8038,570.8038,1603684800,533500.0,2020-10-26 04:00:00
578.6111,587.0043,575.1544,581.0545,1603771200,526200.0,2020-10-27 04:00:00
563.2349,575.0948,560.0862,572.8202,1603857600,592900.0,2020-10-28 04:00:00
552.0604,572.1348,551.8121,572.1348,1603944000,905000.0,2020-10-29 04:00:00
539.9125,552.8452,529.6518,541.4621,1604030400,1164700.0,2020-10-30 04:00:00
544.8989,553.6696,535.552,541.4025,1604293200,835900.0,2020-11-02 05:00:00
553.4511,557.4739,546.3094,548.1867,1604379600,490400.0,2020-11-03 05:00:00
583.2001,589.9744,572.0852,574.2109,1604466000,1195600.0,2020-11-04 05:00:00
584.8589,592.7953,575.0651,591.0074,1604552400,944300.0,2020-11-05 05:00:00
574.1512,585.0873,568.8768,585.0873,1604638800,748400.0,2020-11-06 05:00:00
563.7415,569.3139,536.6843,547.9085,1604898000,1321100.0,2020-11-09 05:00:00
555.4674,562.192,543.2599,556.2422,1604984400,839200.0,2020-11-10 05:00:00
563.9203,569.8105,556.2422,561.0596,1605070800,671000.0,2020-11-11 05:00:00
553.0438,567.1684,551.1168,565.1023,1605157200,548500.0,2020-11-12 05:00:00
562.629,563.8905,553.0636,556.4607,1605243600,565800.0,2020-11-13 05:00:00
555.5369,562.9866,552.269,553.7093,1605502800,542100.0,2020-11-16 05:00:00
534.5388,552.8649,532.4528,552.6464,1605589200,1051700.0,2020-11-17 05:00:00
515.5571,539.3563,514.7128,539.3563,1605675600,1240800.0,2020-11-18 05:00:00
511.2561,522.1624,510.968,515.706,1605762000,947600.0,2020-11-19 05:00:00
515.259,517.7721,505.9221,510.5111,1605848400,1045300.0,2020-11-20 05:00:00
520.0964,535.244,513.3321,535.244,1606107600,1764400.0,2020-11-23 05:00:00
502.7039,524.894,502.4059,518.1098,1606194000,1270300.0,2020-11-24 05:00:00
504.899,512.011,503.7766,503.7766,1606280400,711800.0,2020-11-25 05:00:00
510.6005,515.4378,505.7831,509.9747,1606453200,498200.0,2020-11-27 05:00:00
512.5673,517.2854,504.1939,516.5107,1606712400,1707500.0,2020-11-30 05:00:00
510.6204,521.7552,510.2429,512.5374,1606798800,937400.0,2020-12-01 05:00:00
501.7404,512.4778,500.4292,512.4778,1606885200,782700.0,2020-12-02 05:00:00
495.4926,506.1208,493.7841,501.8099,1606971600,966000.0,2020-12-03 05:00:00
489.1455,498.4824,486.7715,493.6749,1607058000,961200.0,2020-12-04 05:00:00
492.0856,496.3469,489.4832,494.1517,1607317200,881900.0,2020-12-07 05:00:00
493.804,494.539,483.0367,493.7643,1607403600,1007900.0,2020-12-08 05:00:00
485.3611,496.6448,480.7522,496.6448,1607490000,934300.0,2020-12-09 05:00:00
475.7659,483.8512,474.6633,482.0335,1607576400,1184100.0,2020-12-10 05:00:00
476.5506,480.2953,468.4155,475.011,1607662800,1013500.0,2020-12-11 05:00:00
497.0223,499.2274,480.3052,480.8714,1607922000,1245800.0,2020-12-14 05:00:00
488.4899,497.6282,483.5533,497.3302,1608008400,1086300.0,2020-12-15 05:00:00
483.3049,491.142,481.8944,488.4998,1608094800,862500.0,2020-12-16 05:00:00
492.8802,493.4166,483.2354,483.6327,1608181200,856300.0,2020-12-17 05:00:00
495.5423,503.5879,493.4762,496.6448,1608267600,1820900.0,2020-12-18 05:00:00
493.4067,493.953,481.8051,490.6851,1608526800,1009300.0,2020-12-21 05:00:00
486.7715,493.1484,485.222,492.6717,1608613200,849600.0,2020-12-22 05:00:00
488.8872,490.3175,485.2418,487.9039,1608699600,545700.0,2020-12-23 05:00:00
485.6491,491.9068,482.7685,489.1355,1608786000,289100.0,2020-12-24 05:00:00
479.7191,489.3839,478.9742,485.4405,1609131600,713400.0,2020-12-28 05:00:00
480.9707,487.1589,479.1828,481.7454,1609218000,558200.0,2020-12-29 05:00:00
475.0904,485.5497,474.4746,484.1194,1609304400,633200.0,2020-12-30 05:00:00
479.8682,480.3251,467.6209,474.6037,1609390800,897900.0,2020-12-31 05:00:00
479.6198,488.48,470.4021,483.5831,1609736400,911100.0,2021-01-04 05:00:00
480.2058,482.987,472.2198,477.1664,1609822800,797700.0,2021-01-05 05:00:00
466.9355,479.7589,463.8663,473.9481,1609909200,1434700.0,2021-01-06 05:00:00
477.971,478.6067,464.0451,468.0778,1609995600,1126600.0,2021-01-07 05:00:00
495.3833,497.3401,484.6558,484.6558,1610082000,1018800.0,2021-01-08 05:00:00
499.5452,501.7503,486.0663,497.6381,1610341200,1115300.0,2021-01-11 05:00:00
502.3563,515.0207,498.6314,501.0253,1610427600,1264100.0,2021-01-12 05:00:00
508.465,518.4972,505.7235,513.5307,1610514000,1333800.0,2021-01-13 05:00:00
514.4346,521.3579,507.8988,509.6569,1610600400,848600.0,2021-01-14 05:00:00
514.4545,519.4805,507.6802,514.6233,1610686800,796900.0,2021-01-15 05:00:00
530.3074,533.0191,518.5568,519.5203,1611032400,995400.0,2021-01-19 05:00:00
538.6312,540.3397,525.7582,533.1781,1611118800,862700.0,2021-01-20 05:00:00
531.8867,539.6344,524.3675,536.9525,1611205200,940100.0,2021-01-21 05:00:00
534.1713,543.0513,530.516,530.516,1611291600,620600.0,2021-01-22 05:00:00
544.5214,551.2757,535.1546,550.6003,1611550800,828400.0,2021-01-25 05:00:00
540.4489,555.1595,538.502,555.1595,1611637200,901700.0,2021-01-26 05:00:00
512.1004,538.3332,509.498,536.9525,1611723600,1433500.0,2021-01-27 05:00:00
502.8727,525.9568,501.7205,517.7721,1611810000,1050700.0,2021-01-28 05:00:00
500.459,510.968,492.771,502.5748,1611896400,1389800.0,2021-01-29 05:00:00
504.6706,509.3788,499.724,509.3788,1612155600,790600.0,2021-02-01 05:00:00
496.6249,509.8357,494.6781,507.5809,1612242000,884500.0,2021-02-02 05:00:00
487.884,503.8759,487.5463,501.7006,1612328400,1076700.0,2021-02-03 05:00:00
495.4926,495.6118,486.7318,490.7546,1612414800,1394600.0,2021-02-04 05:00:00
495.6317,511.5143,491.8969,510.392,1612501200,1662800.0,2021-02-05 05:00:00
491.5791,503.2304,489.1554,499.7638,1612760400,1320400.0,2021-02-08 05:00:00
487.3873,494.6483,484.2783,493.1981,1612846800,1056000.0,2021-02-09 05:00:00
487.9237,494.5191,484.8445,490.1189,1612933200,959200.0,2021-02-10 05:00:00
487.2483,493.2677,482.7785,487.9337,1613019600,1057400.0,2021-02-11 05:00:00
482.3613,491.1619,479.6099,490.9334,1613106000,1295600.0,2021-02-12 05:00:00
477.4843,488.6985,475.2295,484.7353,1613451600,1363500.0,2021-02-16 05:00:00
478.4478,481.1296,473.3621,473.7992,1613538000,1010700.0,2021-02-17 05:00:00
473.8289,478.5272,472.6469,476.6797,1613624400,1124300.0,2021-02-18 05:00:00
467.2137,480.4343,467.1143,475.0408,1613710800,1129900.0,2021-02-19 05:00:00
457.4893,465.1277,456.8139,465.1277,1613970000,1345600.0,2021-02-22 05:00:00
464.8894,465.8131,444.9938,454.9863,1614056400,1705600.0,2021-02-23 05:00:00
455.5226,466.3197,454.1022,462.9822,1614142800,1103400.0,2021-02-24 05:00:00
450.1489,461.8797,445.3215,457.2211,1614229200,1126100.0,2021-02-25 05:00:00
447.5465,454.1022,442.5801,452.7811,1614315600,1193500.0,2021-02-26 05:00:00
459.9427,460.7374,450.7846,451.4402,1614574800,856500.0,2021-03-01 05:00:00
451.8077,462.873,451.3012,460.0223,1614661200,759200.0,2021-03-02 05:00:00
443.7323,455.5723,443.3846,453.0791,1614747600,898000.0,2021-03-03 05:00:00
446.3645,448.8179,438.0407,442.3814,1614834000,1093800.0,2021-03-04 05:00:00
458.4727,460.7175,446.285,448.5497,1614920400,1223200.0,2021-03-05 05:00:00
460.0818,470.3227,453.4268,453.4268,1615179600,1014300.0,2021-03-08 05:00:00
467.4719,474.9216,466.1707,466.6475,1615266000,868400.0,2021-03-09 05:00:00
464.8099,471.7927,462.0882,470.71,1615352400,724700.0,2021-03-10 05:00:00
466.8064,471.7033,463.5981,465.8528,1615438800,744900.0,2021-03-11 05:00:00
468.2963,468.6539,460.5387,463.8663,1615525200,552700.0,2021-03-12 05:00:00
480.6926,481.4475,469.091,469.8359,1615780800,728500.0,2021-03-15 04:00:00
478.9344,486.9304,476.3916,481.7454,1615867200,698400.0,2021-03-16 04:00:00
492.6816,494.3702,479.9079,491.6783,1615953600,1101000.0,2021-03-17 04:00:00
471.4948,488.5793,471.1272,481.825,1616040000,921100.0,2021-03-18 04:00:00
470.5213,479.3517,469.3095,475.1004,1616126400,1078200.0,2021-03-19 04:00:00
479.9774,481.358,468.0679,468.7234,1616385600,911700.0,2021-03-22 04:00:00
466.6078,485.4406,463.5782,482.8977,1616472000,1086400.0,2021-03-23 04:00:00
457.2311,468.9122,455.175,468.346,1616558400,1053800.0,2021-03-24 04:00:00
460.3699,462.7141,448.5696,455.2346,1616644800,1413500.0,2021-03-25 04:00:00
473.7097,474.117,455.3637,458.0356,1616731200,1645500.0,2021-03-26 04:00:00
478.2888,485.6193,468.7433,469.1704,1616990400,771200.0,2021-03-29 04:00:00
467.5116,477.6134,466.2104,476.6201,1617076800,610400.0,2021-03-30 04:00:00
469.9651,472.5079,467.5117,469.4684,1617163200,767700.0,2021-03-31 04:00:00
471.7431,474.9415,466.2204,468.8327,1617249600,763100.0,2021-04-01 04:00:00
481.3084,482.0236,471.0378,473.8886,1617595200,949000.0,2021-04-05 04:00:00
475.4679,482.56,473.5211,482.2421,1617681600,900900.0,2021-04-06 04:00:00
478.557,483.6824,474.415,475.7857,1617768000,722200.0,2021-04-07 04:00:00
473.1635,485.7087,471.6537,482.5103,1617854400,1245200.0,2021-04-08 04:00:00
471.9814,477.0373,468.3361,473.0244,1617940800,679500.0,2021-04-09 04:00:00
469.6273,478.5471,466.6475,478.5471,1618200000,835500.0,2021-04-12 04:00:00
473.8389,480.1562,471.4153,473.3323,1618286400,754900.0,2021-04-13 04:00:00
477.9312,483.4639,474.713,474.7924,1618372800,595600.0,2021-04-14 04:00:00
491.3208,495.9296,482.55,484.1691,1618459200,950500.0,2021-04-15 04:00:00
499.2273,503.4687,492.5325,493.3172,1618545600,1169400.0,2021-04-16 04:00:00
496.3369,502.5748,495.1251,499.6347,1618804800,707800.0,2021-04-19 04:00:00
501.0352,503.3297,494.0623,496.1978,1618891200,858800.0,2021-04-20 04:00:00
503.0813,506.8956,499.8432,504.0845,1618977600,621300.0,2021-04-21 04:00:00
487.139,502.0086,485.9967,502.0086,1619064000,1000500.0,2021-04-22 04:00:00
485.3611,488.1919,480.782,485.3511,1619150400,819800.0,2021-04-23 04:00:00
497.807,498.6314,481.7455,486.553,1619409600,830300.0,2021-04-26 04:00:00
488.5098,499.2274,487.9635,499.2274,1619496000,474500.0,2021-04-27 04:00:00
484.4969,492.1154,484.2287,491.589,1619582400,654000.0,2021-04-28 04:00:00
481.7455,486.7119,479.0437,486.404,1619668800,574300.0,2021-04-29 04:00:00
478.0703,488.2813,477.2856,479.5304,1619755200,796700.0,2021-04-30 04:00:00
485.3412,488.3707,479.59,480.2555,1620014400,645900.0,2021-05-03 04:00:00
481.9242,485.0034,477.6233,482.6791,1620100800,764500.0,2021-05-04 04:00:00
479.1828,485.4703,477.8617,483.146,1620187200,842400.0,2021-05-05 04:00:00
495.3336,499.6048,475.1897,479.8681,1620273600,1545300.0,2021-05-06 04:00:00
493.4166,499.6247,489.5031,494.251,1620360000,703200.0,2021-05-07 04:00:00
498.9691,510.0343,491.6784,494.1815,1620619200,1044800.0,2021-05-10 04:00:00
497.8268,505.5646,490.7049,493.4862,1620705600,790700.0,2021-05-11 04:00:00
503.7369,510.2231,493.6649,493.6649,1620792000,967700.0,2021-05-12 04:00:00
513.6995,515.5868,502.1774,505.4453,1620878400,991400.0,2021-05-13 04:00:00
513.1533,517.6331,508.8126,516.5106,1620964800,785600.0,2021-05-14 04:00:00
520.2156,522.4307,511.9812,512.9845,1621224000,712200.0,2021-05-17 04:00:00
512.756,519.4905,510.233,519.4905,1621310400,683300.0,2021-05-18 04:00:00
506.8459,514.4247,499.128,514.4247,1621396800,587400.0,2021-05-19 04:00:00
509.7662,515.3882,504.2236,505.5844,1621483200,574900.0,2021-05-20 04:00:00
503.3197,513.0341,503.0316,510.68,1621569600,610400.0,2021-05-21 04:00:00
497.1117,506.3194,496.7243,506.3194,1621828800,521900.0,2021-05-24 04:00:00
494.688,499.3465,489.8805,497.4792,1621915200,767500.0,2021-05-25 04:00:00
493.8239,496.9527,489.6918,495.4032,1622001600,640700.0,2021-05-26 04:00:00
492.0161,496.6846,488.8276,492.6717,1622088000,1058800.0,2021-05-27 04:00:00
499.0585,501.8198,493.8835,494.2708,1622174400,542100.0,2021-05-28 04:00:00
499.8532,505.3759,494.5887,502.3662,1622520000,617100.0,2021-06-01 04:00:00
501.9688,506.8856,497.8368,499.7936,1622606400,679400.0,2021-06-02 04:00:00
502.2668,503.4886,496.4263,497.7076,1622692800,445000.0,2021-06-03 04:00:00
508.455,514.8915,502.4059,504.1839,1622779200,785200.0,2021-06-04 04:00:00
511.5342,521.8645,506.0811,508.2167,1623038400,868700.0,2021-06-07 04:00:00
503.0218,515.1399,498.3235,513.7294,1623124800,963600.0,2021-06-08 04:00:00
518.3482,519.2819,502.2271,504.4322,1623211200,783300.0,2021-06-09 04:00:00
528.4698,529.6817,512.5772,517.7622,1623297600,934900.0,2021-06-10 04:00:00
522.0234,526.7018,516.4907,525.7284,1623384000,622900.0,2021-06-11 04:00:00
525.2019,525.7383,518.4575,521.4771,1623643200,497800.0,2021-06-14 04:00:00
523.9504,527.1587,520.1461,524.457,1623729600,547500.0,2021-06-15 04:00:00
520.0666,538.7801,518.7356,527.6056,1623816000,914400.0,2021-06-16 04:00:00
532.4131,534.8864,513.2824,520.4837,1623902400,846200.0,2021-06-17 04:00:00
534.3104,536.4063,528.5592,531.0722,1623988800,914800.0,2021-06-18 04:00:00
530.6849,540.0913,529.1552,536.3665,1624248000,678800.0,2021-06-21 04:00:00
530.4366,531.5192,523.3742,529.4631,1624334400,655600.0,2021-06-22 04:00:00
526.2448,531.112,519.7785,529.2743,1624420800,636300.0,2021-06-23 04:00:00
540.7966,541.7104,527.7646,529.5128,1624507200,790000.0,2021-06-24 04:00:00
546.8556,548.7925,537.1214,539.9423,1624593600,1912800.0,2021-06-25 04:00:00
539.0583,566.1651,538.9093,561.745,1624852800,1509400.0,2021-06-28 04:00:00
542.3163,544.3426,532.4828,538.6412,1624939200,721500.0,2021-06-29 04:00:00
554.7919,558.0003,540.8661,541.5415,1625025600,861800.0,2021-06-30 04:00:00
570.7641,573.0487,551.2261,552.865,1625112000,1277400.0,2021-07-01 04:00:00
579.7235,588.8618,567.7146,572.1348,1625198400,1073700.0,2021-07-02 04:00:00
578.3428,580.3691,569.0854,575.5219,1625544000,643900.0,2021-07-06 04:00:00
581.9684,586.9845,576.8629,580.3494,1625630400,708700.0,2021-07-07 04:00:00
571.0621,576.108,564.3375,574.5585,1625716800,766600.0,2021-07-08 04:00:00
576.5052,576.9522,567.1782,569.1549,1625803200,550100.0,2021-07-09 04:00:00
570.1781,582.4055,567.2081,576.0285,1626062400,655300.0,2021-07-12 04:00:00
573.1381,578.2833,566.7909,570.7244,1626148800,448800.0,2021-07-13 04:00:00
577.1609,578.9488,571.6382,574.6677,1626235200,380300.0,2021-07-14 04:00:00
585.3655,589.3088,571.1813,576.0087,1626321600,776200.0,2021-07-15 04:00:00
579.3262,586.0409,576.108,583.8755,1626408000,515600.0,2021-07-16 04:00:00
581.3029,584.0543,574.1214,577.3595,1626667200,552100.0,2021-07-19 04:00:00
583.2994,589.7062,576.7636,584.3523,1626753600,644800.0,2021-07-20 04:00:00
579.803,582.8226,569.9099,582.8226,1626840000,480800.0,2021-07-21 04:00:00
582.9418,586.7163,576.1278,577.727,1626926400,406900.0,2021-07-22 04:00:00
582.4153,591.4841,579.8428,584.8787,1627012800,628200.0,2021-07-23 04:00:00
573.9028,582.0676,573.4955,582.0676,1627272000,488400.0,2021-07-26 04:00:00
577.1112,577.3992,561.2086,564.6951,1627358400,474700.0,2021-07-27 04:00:00
582.475,583.9749,575.1147,578.1343,1627444800,404000.0,2021-07-28 04:00:00
579.217,587.6898,578.1939,584.6702,1627531200,361400.0,2021-07-29 04:00:00
570.7542,579.366,569.0655,577.5185,1627617600,775600.0,2021-07-30 04:00:00
573.2573,576.9722,566.5526,573.2473,1627876800,362200.0,2021-08-02 04:00:00
582.5743,583.6173,566.8704,572.9791,1627963200,512800.0,2021-08-03 04:00:00
577.0516,594.6428,575.4326,580.995,1628049600,1042300.0,2021-08-04 04:00:00
598.4272,599.0927,567.0194,584.6701,1628136000,1628400.0,2021-08-05 04:00:00
606.7609,610.8732,595.9937,599.0431,1628222400,1135100.0,2021-08-06 04:00:00
609.8203,620.5776,606.4928,606.751,1628481600,962300.0,2021-08-09 04:00:00
610.8532,615.621,600.4932,611.5982,1628568000,651200.0,2021-08-10 04:00:00
604.3671,617.2004,599.3608,611.9359,1628654400,630400.0,2021-08-11 04:00:00
603.9201,607.4165,594.017,602.9268,1628740800,577600.0,2021-08-12 04:00:00
620.5974,620.806,608.5091,609.8798,1628827200,821200.0,2021-08-13 04:00:00
624.3818,625.7725,610.9327,621.4616,1629086400,869900.0,2021-08-16 04:00:00
643.0955,645.6383,619.8227,621.9384,1629172800,1183900.0,2021-08-17 04:00:00
631.3051,654.5481,628.7524,645.6383,1629259200,1642600.0,2021-08-18 04:00:00
651.2305,658.4219,624.7096,624.7096,1629345600,1284600.0,2021-08-19 04:00:00
658.8192,669.5467,651.2305,654.5778,1629432000,1303900.0,2021-08-20 04:00:00
662.8122,666.984,638.3674,660.7462,1629691200,992900.0,2021-08-23 04:00:00
665.4544,665.5041,652.3231,661.4514,1629777600,731500.0,2021-08-24 04:00:00
664.6895,669.4772,656.3558,668.3349,1629864000,643500.0,2021-08-25 04:00:00
661.3024,669.9242,658.839,665.5636,1629950400,473300.0,2021-08-26 04:00:00
658.8391,668.5832,656.3161,664.4611,1630036800,424600.0,2021-08-27 04:00:00
672.5366,674.1357,656.0082,659.5443,1630296000,865300.0,2021-08-30 04:00:00
668.8813,677.1553,663.8453,672.9637,1630382400,829500.0,2021-08-31 04:00:00
676.3905,681.6748,667.1231,670.1923,1630468800,822100.0,2021-09-01 04:00:00
671.2155,680.3041,670.0434,678.9134,1630555200,689300.0,2021-09-02 04:00:00
675.0098,682.0125,667.4906,671.0863,1630641600,564600.0,2021-09-03 04:00:00
664.322,675.0198,653.6044,674.8608,1630987200,717500.0,2021-09-07 04:00:00
664.6995,672.3975,662.0971,663.3188,1631073600,463100.0,2021-09-08 04:00:00
641.7744,668.3647,640.3242,665.7822,1631160000,1047700.0,2021-09-09 04:00:00
646.1249,655.3328,641.7743,645.6382,1631246400,747100.0,2021-09-10 04:00:00
635.2286,648.946,631.7322,646.7309,1631505600,798000.0,2021-09-13 04:00:00
640.8209,646.0555,635.616,635.616,1631592000,602100.0,2021-09-14 04:00:00
647.6249,660.5277,644.655,654.2303,1631678400,883100.0,2021-09-15 04:00:00
648.7968,652.2634,639.0626,645.3501,1631764800,539900.0,2021-09-16 04:00:00
647.5057,648.6182,638.9733,644.8138,1631851200,761900.0,2021-09-17 04:00:00
636.5894,647.6248,631.9011,639.5196,1632110400,666400.0,2021-09-20 04:00:00
642.6087,652.4522,638.4965,640.781,1632196800,440600.0,2021-09-21 04:00:00
642.718,646.6415,635.7253,642.6088,1632283200,561800.0,2021-09-22 04:00:00
642.1716,650.6046,639.9764,642.6583,1632369600,537400.0,2021-09-23 04:00:00
634.6128,639.9865,628.2061,639.9865,1632456000,654500.0,2021-09-24 04:00:00
614.9158,632.4375,612.1247,632.4375,1632715200,783700.0,2021-09-27 04:00:00
600.9402,613.5649,599.7383,603.1453,1632801600,1240400.0,2021-09-28 04:00:00
602.6288,608.6283,600.9204,603.0659,1632888000,615100.0,2021-09-29 04:00:00
601.1191,609.4627,600.5628,603.6818,1632974400,549000.0,2021-09-30 04:00:00
566.9598,574.1214,552.3187,572.8798,1633060800,1457800.0,2021-10-01 04:00:00
551.6929,564.3177,549.3885,561.5762,1633320000,992900.0,2021-10-04 04:00:00
547.2033,560.9405,545.5842,552.1796,1633406400,930100.0,2021-10-05 04:00:00
542.9024,550.213,539.7636,544.3228,1633492800,890100.0,2021-10-06 04:00:00
548.3157,555.9938,543.6473,544.4618,1633579200,774300.0,2021-10-07 04:00:00
546.3292,551.7923,539.6046,548.1767,1633665600,532300.0,2021-10-08 04:00:00
542.5944,554.1264,541.9388,545.9616,1633924800,538600.0,2021-10-11 04:00:00
540.7866,545.6636,537.9458,542.4256,1634011200,521600.0,2021-10-12 04:00:00
543.4486,552.4478,543.2996,544.6505,1634097600,664200.0,2021-10-13 04:00:00
551.8916,561.3179,548.3654,549.2892,1634184000,1055800.0,2021-10-14 04:00:00
549.5275,555.1793,548.4547,555.1793,1634270400,838800.0,2021-10-15 04:00:00
539.8331,548.7826,535.5619,546.5278,1634529600,1216200.0,2021-10-18 04:00:00
548.405,551.9411,541.3428,544.3425,1634616000,985700.0,2021-10-19 04:00:00
558.934,558.9439,549.2892,550.5208,1634702400,878000.0,2021-10-20 04:00:00
565.5493,567.079,558.7453,560.6921,1634788800,624200.0,2021-10-21 04:00:00
568.5192,569.1649,561.596,566.2049,1634875200,493000.0,2021-10-22 04:00:00
572.3334,574.8464,565.7082,569.8104,1635134400,627300.0,2021-10-25 04:00:00
588.1765,590.2326,571.7475,575.2538,1635220800,845300.0,2021-10-26 04:00:00
585.6436,590.1035,583.7563,589.2989,1635307200,658100.0,2021-10-27 04:00:00
620.9948,621.5212,585.1767,586.2197,1635393600,1111400.0,2021-10-28 04:00:00
635.6457,636.9568,613.9622,614.9753,1635480000,860400.0,2021-10-29 04:00:00
634.8611,643.7212,631.4839,635.7054,1635739200,913700.0,2021-11-01 04:00:00
634.4836,645.6183,629.3085,634.2949,1635825600,838400.0,2021-11-02 04:00:00
647.7241,648.0023,627.8583,632.9341,1635912000,718800.0,2021-11-03 04:00:00
643.2841,655.3625,626.6664,652.7998,1635998400,1507000.0,2021-11-04 04:00:00
607.4363,618.6804,590.5604,595.9738,1636084800,1768400.0,2021-11-05 04:00:00
618.6009,619.2366,604.675,614.4489,1636347600,639900.0,2021-11-08 05:00:00
612.1743,623.3588,609.8798,618.8989,1636434000,601000.0,2021-11-09 05:00:00
618.0248,631.464,612.6809,612.6809,1636520400,727900.0,2021-11-10 05:00:00
622.435,624.2428,613.5053,617.8261,1636606800,478400.0,2021-11-11 05:00:00
626.9645,630.2026,619.1274,628.1961,1636693200,513600.0,2021-11-12 05:00:00
643.3835,645.3601,629.0305,630.7489,1636952400,777500.0,2021-11-15 05:00:00
638.4369,657.3988,637.7912,642.9961,1637038800,632700.0,2021-11-16 05:00:00
637.5231,641.1983,631.4839,640.7513,1637125200,440000.0,2021-11-17 05:00:00
644.1582,648.8863,634.3147,637.9005,1637211600,564400.0,2021-11-18 05:00:00
648.3002,653.1475,642.0326,648.0519,1637298000,605700.0,2021-11-19 05:00:00
639.3209,655.8493,636.5794,644.2278,1637557200,632600.0,2021-11-22 05:00:00
644.9628,646.5918,635.1888,637.5926,1637643600,624300.0,2021-11-23 05:00:00
643.8305,651.598,641.2181,647.009,1637730000,545100.0,2021-11-24 05:00:00
639.0329,656.5148,635.4869,655.5712,1637902800,575600.0,2021-11-26 05:00:00
650.0087,656.0678,638.0991,640.9896,1638162000,700400.0,2021-11-29 05:00:00
632.2587,652.1939,630.8581,642.0723,1638248400,1277200.0,2021-11-30 05:00:00
626.3585,640.0857,625.9016,634.8412,1638334800,731800.0,2021-12-01 05:00:00
629.7457,635.7352,618.3129,628.7822,1638421200,563800.0,2021-12-02 05:00:00
630.8978,637.4833,618.9386,633.4904,1638507600,650400.0,2021-12-03 05:00:00
620.806,640.3738,620.4087,638.0495,1638766800,567500.0,2021-12-06 05:00:00
630.8283,639.0527,618.8194,624.3123,1638853200,652500.0,2021-12-07 05:00:00
649.6512,651.3497,629.0802,633.8579,1638939600,694800.0,2021-12-08 05:00:00
661.2527,663.0804,642.3306,645.6383,1639026000,898200.0,2021-12-09 05:00:00
665.0273,667.9377,651.8464,657.4982,1639112400,791100.0,2021-12-10 05:00:00
655.7202,660.5376,633.1626,648.7374,1639371600,1074800.0,2021-12-13 05:00:00
666.4675,669.3382,647.5156,647.8533,1639458000,730800.0,2021-12-14 05:00:00
653.515,658.1834,640.6717,642.6484,1639544400,842100.0,2021-12-15 05:00:00
627.5008,651.9358,625.8718,640.4136,1639630800,1241800.0,2021-12-16 05:00:00
615.1245,626.9247,611.0718,626.8055,1639717200,1627100.0,2021-12-17 05:00:00
599.0928,621.1537,598.0299,616.5349,1639976400,912100.0,2021-12-20 05:00:00
602.7381,604.4962,594.2256,604.4962,1640062800,1108900.0,2021-12-21 05:00:00
613.3365,615.0847,596.8181,604.3869,1640149200,737400.0,2021-12-22 05:00:00
621.1835,623.0111,614.002,615.3429,1640235600,398700.0,2021-12-23 05:00:00
630.5106,632.0899,619.1076,621.4616,1640581200,443700.0,2021-12-27 05:00:00
634.1757,635.2087,630.7389,632.7652,1640667600,327800.0,2021-12-28 05:00:00
642.9365,644.645,634.4637,635.1789,1640754000,413000.0,2021-12-29 05:00:00
638.1985,646.9097,637.9701,642.8074,1640840400,306300.0,2021-12-30 05:00:00
627.2823,641.1685,626.4281,640.0163,1640926800,353400.0,2021-12-31 05:00:00
622.8918,625.1069,617.697,620.806,1641186000,515600.0,2022-01-03 05:00:00
612.681,620.8756,608.0026,618.7698,1641272400,725400.0,2022-01-04 05:00:00
591.1265,609.5322,590.9974,600.8906,1641358800,1100800.0,2022-01-05 05:00:00
594.4242,601.9533,590.9774,595.9737,1641445200,676200.0,2022-01-06 05:00:00
599.6787,602.9367,588.8817,594.4242,1641531600,584400.0,2022-01-07 05:00:00
617.1011,617.4388,598.0895,599.6986,1641790800,822700.0,2022-01-10 05:00:00
621.8887,623.8654,613.6146,619.0082,1641877200,613800.0,2022-01-11 05:00:00
627.2029,628.1465,616.6641,620.2598,1641963600,584700.0,2022-01-12 05:00:00
611.9756,628.504,610.0288,628.504,1642050000,649300.0,2022-01-13 05:00:00
611.1115,619.0181,600.7416,611.8863,1642136400,792000.0,2022-01-14 05:00:00
607.1184,608.2806,594.1163,600.4634,1642482000,974800.0,2022-01-18 05:00:00
613.9623,623.8356,608.2906,612.8697,1642568400,656300.0,2022-01-19 05:00:00
610.2573,618.1142,608.3203,616.9819,1642654800,765900.0,2022-01-20 05:00:00
617.2302,619.7928,606.7807,611.6677,1642741200,1329000.0,2022-01-21 05:00:00
617.3097,619.3559,597.2155,609.0157,1643000400,1126200.0,2022-01-24 05:00:00
599.1424,613.853,598.3577,612.1545,1643086800,975500.0,2022-01-25 05:00:00
601.1885,613.8629,596.2419,600.4137,1643173200,857900.0,2022-01-26 05:00:00
604.6353,614.598,599.202,605.7478,1643259600,658800.0,2022-01-27 05:00:00
620.7266,620.806,597.8511,604.2082,1643346000,736700.0,2022-01-28 05:00:00
604.5062,618.9883,598.4669,618.9685,1643605200,922300.0,2022-01-31 05:00:00
609.2441,609.8103,596.1923,603.7513,1643691600,738500.0,2022-02-01 05:00:00
618.6705,619.2168,592.8947,609.2442,1643778000,1033300.0,2022-02-02 05:00:00
616.525,620.806,609.8401,613.7636,1643864400,962400.0,2022-02-03 05:00:00
618.7798,630.739,605.9167,605.9167,1643950800,1205800.0,2022-02-04 05:00:00
618.1837,620.9152,609.2043,616.5646,1644210000,905300.0,2022-02-07 05:00:00
613.7934,617.7268,607.933,615.8495,1644296400,846200.0,2022-02-08 05:00:00
615.6111,616.7932,612.1247,615.8396,1644382800,818500.0,2022-02-09 05:00:00
614.0715,620.3591,604.3075,609.2243,1644469200,769500.0,2022-02-10 05:00:00
634.126,640.6718,613.3563,616.4057,1644555600,1111100.0,2022-02-11 05:00:00
619.3459,634.9107,610.2672,633.7188,1644814800,826900.0,2022-02-14 05:00:00
625.9215,631.176,616.5547,617.8262,1644901200,675600.0,2022-02-15 05:00:00
626.6665,627.9279,620.0611,626.3983,1644987600,374000.0,2022-02-16 05:00:00
622.5145,627.9677,615.3529,624.1534,1645074000,627800.0,2022-02-17 05:00:00
611.0023,628.514,609.9693,617.6474,1645160400,718900.0,2022-02-18 05:00:00
598.8444,614.8066,598.1292,609.1945,1645506000,649200.0,2022-02-22 05:00:00
604.8934,620.806,600.1257,620.806,1645592400,863000.0,2022-02-23 05:00:00
605.6882,606.4629,594.0567,599.351,1645678800,533500.0,2022-02-24 05:00:00
614.5085,617.9652,604.2479,606.6517,1645765200,427400.0,2022-02-25 05:00:00
614.2106,616.1674,603.6618,607.4363,1646024400,518900.0,2022-02-28 05:00:00
602.9566,619.4452,599.0728,611.2605,1646110800,617300.0,2022-03-01 05:00:00
612.7305,615.7005,600.1654,600.821,1646197200,339600.0,2022-03-02 05:00:00
607.049,615.8396,604.5856,614.4291,1646283600,593100.0,2022-03-03 05:00:00
616.2468,620.4286,600.1754,600.1754,1646370000,550500.0,2022-03-04 05:00:00
614.439,632.0897,604.9233,614.2801,1646629200,755300.0,2022-03-07 05:00:00
610.6149,623.1304,604.9432,607.0688,1646715600,592200.0,2022-03-08 05:00:00
619.2465,622.4747,610.0884,618.0248,1646802000,538900.0,2022-03-09 05:00:00
626.13,628.4344,611.7869,611.9955,1646888400,480600.0,2022-03-10 05:00:00
638.2681,647.893,626.438,629.547,1646974800,803200.0,2022-03-11 05:00:00
652.0052,661.511,640.2744,640.2744,1647230400,1018900.0,2022-03-14 04:00:00
661.4613,664.4511,650.108,655.8294,1647316800,763800.0,2022-03-15 04:00:00
673.4304,674.1257,659.4151,665.5139,1647403200,806200.0,2022-03-16 04:00:00
680.6318,685.3598,670.4903,671.2551,1647489600,808200.0,2022-03-17 04:00:00
681.3371,684.2177,672.4869,681.8238,1647576000,1170500.0,2022-03-18 04:00:00
688.5484,692.3328,681.0192,683.125,1647835200,731100.0,2022-03-21 04:00:00
687.9922,690.386,679.0923,690.386,1647921600,576900.0,2022-03-22 04:00:00
664.7292,688.3894,663.3983,688.3894,1648008000,608500.0,2022-03-23 04:00:00
675.1986,675.5165,661.8786,662.8321,1648094400,402500.0,2022-03-24 04:00:00
675.4667,680.4132,671.6028,675.3375,1648180800,366800.0,2022-03-25 04:00:00
688.7471,689.5715,671.7518,671.7518,1648440000,625600.0,2022-03-28 04:00:00
693.7432,694.3094,675.5561,687.9126,1648526400,725000.0,2022-03-29 04:00:00
687.7339,698.3124,686.1148,695.3524,1648612800,848500.0,2022-03-30 04:00:00
693.7333,705.4442,687.1279,691.1011,1648699200,1061500.0,2022-03-31 04:00:00
690.1675,697.2397,680.6816,697.1106,1648785600,603500.0,2022-04-01 04:00:00
693.7234,699.4448,687.8531,695.3028,1649044800,498600.0,2022-04-04 04:00:00
686.83,705.6429,684.4957,692.3428,1649131200,671800.0,2022-04-05 04:00:00
703.6066,705.5336,685.3798,687.3564,1649217600,683500.0,2022-04-06 04:00:00
716.9564,721.0984,701.4711,701.5008,1649304000,828000.0,2022-04-07 04:00:00
733.8821,742.4045,720.135,720.135,1649390400,1030100.0,2022-04-08 04:00:00
717.5226,736.8719,717.175,731.6969,1649649600,709000.0,2022-04-11 04:00:00
710.9868,721.4561,706.9143,715.8241,1649736000,488800.0,2022-04-12 04:00:00
726.9788,728.0614,711.5529,711.5529,1649822400,526200.0,2022-04-13 04:00:00
728.1011,734.031,726.0351,727.3363,1649908800,795700.0,2022-04-14 04:00:00
718.347,727.088,714.4434,721.9328,1650254400,313300.0,2022-04-18 04:00:00
711.4139,720.9396,705.8317,719.3404,1650340800,468000.0,2022-04-19 04:00:00
714.7911,716.877,708.2254,715.2381,1650427200,413700.0,2022-04-20 04:00:00
701.3717,720.4528,700.3685,714.1752,1650513600,535200.0,2022-04-21 04:00:00
683.4627,704.3019,681.6549,696.8225,1650600000,609400.0,2022-04-22 04:00:00
685.6976,685.9261,668.5832,680.1054,1650859200,514300.0,2022-04-25 04:00:00
670.2917,687.863,669.368,678.4268,1650945600,538500.0,2022-04-26 04:00:00
668.9904,679.3604,667.5898,675.5461,1651032000,406600.0,2022-04-27 04:00:00
671.0466,672.9537,656.3857,668.9905,1651118400,555600.0,2022-04-28 04:00:00
654.6871,672.0995,651.4987,669.4276,1651204800,678300.0,2022-04-29 04:00:00
647.6447,653.8329,636.8675,652.5614,1651464000,737400.0,2022-05-02 04:00:00
656.0579,660.8356,645.8667,653.6839,1651550400,538700.0,2022-05-03 04:00:00
656.4254,661.7793,632.5269,656.8625,1651636800,998100.0,2022-05-04 04:00:00
635.0796,656.4353,625.8023,655.5612,1651723200,754700.0,2022-05-05 04:00:00
618.8691,634.7518,617.8858,634.7518,1651809600,773800.0,2022-05-06 04:00:00
595.7454,612.3531,593.7488,608.5588,1652068800,819400.0,2022-05-09 04:00:00
610.9625,623.6766,604.2081,605.1816,1652155200,769500.0,2022-05-10 04:00:00
608.9362,620.6371,600.6522,606.2741,1652241600,704000.0,2022-05-11 04:00:00
629.7059,629.9344,602.6984,602.7182,1652328000,793100.0,2022-05-12 04:00:00
641.1884,644.1285,624.8587,631.1164,1652414400,604500.0,2022-05-13 04:00:00
650.6146,652.045,635.8841,635.8841,1652673600,486900.0,2022-05-16 04:00:00
663.0804,666.4576,647.4361,657.4286,1652760000,571800.0,2022-05-17 04:00:00
654.7765,668.0269,650.853,659.6436,1652846400,560100.0,2022-05-18 04:00:00
652.7403,656.187,646.4528,655.9188,1652932800,607700.0,2022-05-19 04:00:00
656.7036,660.4383,643.1948,656.8525,1653019200,544300.0,2022-05-20 04:00:00
677.3341,681.7145,664.0141,667.1032,1653278400,593200.0,2022-05-23 04:00:00
681.4166,681.7245,663.2692,677.3938,1653364800,465100.0,2022-05-24 04:00:00
686.244,694.9352,680.1054,684.3766,1653451200,562100.0,2022-05-25 04:00:00
678.8539,692.3328,678.3175,685.489,1653537600,523500.0,2022-05-26 04:00:00
688.1511,689.1543,675.437,681.1186,1653624000,558700.0,2022-05-27 04:00:00
660.2792,688.1509,652.3032,688.1509,1653969600,1691600.0,2022-05-31 04:00:00
654.4984,667.8383,647.4758,665.0174,1654056000,610000.0,2022-06-01 04:00:00
626.4678,650.6246,613.0684,650.6246,1654142400,1276100.0,2022-06-02 04:00:00
626.1202,631.1264,621.3127,624.4614,1654228800,666500.0,2022-06-03 04:00:00
604.9432,623.7064,595.6559,621.2827,1654488000,941200.0,2022-06-06 04:00:00
609.8599,612.5418,599.1821,601.3872,1654574400,515900.0,2022-06-07 04:00:00
603.6818,618.6606,601.2681,613.8431,1654660800,566900.0,2022-06-08 04:00:00
571.6184,601.8343,571.529,601.0496,1654747200,939700.0,2022-06-09 04:00:00
567.973,573.9328,562.9669,567.1288,1654833600,837800.0,2022-06-10 04:00:00
545.614,564.3376,543.8758,550.938,1655092800,1055000.0,2022-06-13 04:00:00
544.6703,553.8782,534.3998,551.3949,1655179200,755000.0,2022-06-14 04:00:00
557.4243,566.6321,548.6535,550.3123,1655265600,766600.0,2022-06-15 04:00:00
553.014,555.5569,543.2599,546.0014,1655352000,796800.0,2022-06-16 04:00:00
577.0516,581.591,557.9408,561.8145,1655438400,1967600.0,2022-06-17 04:00:00
583.7265,596.0234,579.5249,579.5249,1655784000,716100.0,2022-06-21 04:00:00
582.9021,591.5636,576.8231,576.8231,1655870400,539600.0,2022-06-22 04:00:00
603.3143,605.0029,586.0211,586.0211,1655956800,681900.0,2022-06-23 04:00:00
608.3799,609.0355,598.4768,607.9528,1656043200,818300.0,2022-06-24 04:00:00
598.3577,606.8503,597.1955,604.675,1656302400,580900.0,2022-06-27 04:00:00
590.4312,600.2747,589.6465,596.6393,1656388800,534100.0,2022-06-28 04:00:00
593.6098,603.3341,586.0509,593.5502,1656475200,533000.0,2022-06-29 04:00:00
587.1633,594.6527,579.1375,590.9378,1656561600,685400.0,2022-06-30 04:00:00
591.4047,592.9939,582.2366,583.8159,1656648000,387800.0,2022-07-01 04:00:00
592.5569,592.9939,579.1773,589.9346,1656993600,586000.0,2022-07-05 04:00:00
590.908,597.8411,584.968,590.7987,1657080000,528900.0,2022-07-06 04:00:00
603.3737,605.559,592.0005,593.9971,1657166400,528000.0,2022-07-07 04:00:00
617.399,620.2895,600.0661,601.5164,1657252800,586700.0,2022-07-08 04:00:00
610.3367,616.4752,609.5818,611.4193,1657512000,436100.0,2022-07-11 04:00:00
605.9961,615.8396,600.9701,614.9357,1657598400,415300.0,2022-07-12 04:00:00
597.9802,609.701,593.8382,593.8382,1657684800,433300.0,2022-07-13 04:00:00
594.8415,601.6753,579.1972,591.9908,1657771200,539500.0,2022-07-14 04:00:00
603.4631,603.6518,592.2389,597.255,1657857600,516300.0,2022-07-15 04:00:00
582.7631,604.3273,578.8197,600.9403,1658116800,562000.0,2022-07-18 04:00:00
591.7324,593.56,584.0543,590.5901,1658203200,551900.0,2022-07-19 04:00:00
590.6001,595.2288,585.8323,593.9971,1658289600,417400.0,2022-07-20 04:00:00
588.4645,595.944,581.432,586.925,1658376000,638600.0,2022-07-21 04:00:00
582.177,598.6557,576.8927,589.6167,1658462400,430000.0,2022-07-22 04:00:00
583.3392,584.253,571.5389,576.108,1658721600,452600.0,2022-07-25 04:00:00
578.6508,590.6895,576.108,583.6272,1658808000,456100.0,2022-07-26 04:00:00
583.965,587.4713,564.1985,575.7008,1658894400,597400.0,2022-07-27 04:00:00
578.462,588.0572,560.0365,584.9383,1658980800,581700.0,2022-07-28 04:00:00
577.7866,581.2234,570.6052,581.0248,1659067200,682900.0,2022-07-29 04:00:00
572.8102,582.9617,569.6814,577.6277,1659326400,513000.0,2022-08-01 04:00:00
571.1018,582.028,565.8274,574.618,1659412800,634700.0,2022-08-02 04:00:00
604.6849,619.2962,591.1662,595.9738,1659499200,1151800.0,2022-08-03 04:00:00
610.8334,619.1671,598.606,598.606,1659585600,699300.0,2022-08-04 04:00:00
609.4924,617.4586,602.8871,609.3534,1659672000,566800.0,2022-08-05 04:00:00
626.3983,629.6761,614.7172,615.6211,1659931200,715600.0,2022-08-08 04:00:00
617.9752,630.5899,612.959,625.7725,1660017600,469500.0,2022-08-09 04:00:00
637.1854,641.6155,620.5876,625.7725,1660104000,682900.0,2022-08-10 04:00:00
619.7134,639.6587,618.1937,634.3446,1660190400,468800.0,2022-08-11 04:00:00
624.4911,628.3252,618.1241,624.65,1660276800,351300.0,2022-08-12 04:00:00
638.9733,639.3905,620.6074,624.4812,1660536000,541700.0,2022-08-15 04:00:00
644.347,645.4296,634.1757,637.2152,1660622400,607600.0,2022-08-16 04:00:00
632.07,648.1414,631.474,636.5398,1660708800,414900.0,2022-08-17 04:00:00
620.6372,631.8415,618.5513,631.8415,1660795200,448000.0,2022-08-18 04:00:00
614.2106,620.2697,612.0253,616.7733,1660881600,477700.0,2022-08-19 04:00:00
607.9926,616.2866,604.228,612.214,1661140800,534100.0,2022-08-22 04:00:00
598.4869,608.0622,596.5102,606.4333,1661227200,406600.0,2022-08-23 04:00:00
598.745,601.6653,592.9939,596.1525,1661313600,386500.0,2022-08-24 04:00:00
599.7483,603.8406,595.4871,601.8541,1661400000,311300.0,2022-08-25 04:00:00
592.1794,605.7576,591.494,599.7482,1661486400,516200.0,2022-08-26 04:00:00
588.7924,595.7056,583.4584,588.3851,1661745600,373100.0,2022-08-29 04:00:00
584.4417,592.4078,581.72,591.0073,1661832000,393900.0,2022-08-30 04:00:00
577.1609,594.2256,575.8597,587.8686,1661918400,785500.0,2022-08-31 04:00:00
596.5995,598.4271,573.5452,573.7439,1662004800,479500.0,2022-09-01 04:00:00
576.7239,598.616,573.9526,597.0764,1662091200,464600.0,2022-09-02 04:00:00
570.1183,584.4416,568.3801,580.6473,1662436800,662900.0,2022-09-06 04:00:00
592.4376,595.4771,571.5984,571.5984,1662523200,741300.0,2022-09-07 04:00:00
704.0933,714.1355,648.2606,682.38,1662609600,3731500.0,2022-09-08 04:00:00
719.4596,749.6059,702.5041,706.9541,1662696000,2144400.0,2022-09-09 04:00:00
705.9708,718.5856,702.7029,715.5163,1662955200,1063000.0,2022-09-12 04:00:00
696.6835,709.5962,690.4456,695.3028,1663041600,1039900.0,2022-09-13 04:00:00
692.9387,700.2295,682.2311,697.2694,1663128000,901200.0,2022-09-14 04:00:00
701.1135,712.6456,685.4096,690.0681,1663214400,826200.0,2022-09-15 04:00:00
705.5336,713.3508,696.753,705.4641,1663300800,1186800.0,2022-09-16 04:00:00
710.5398,713.2316,679.3405,699.2063,1663560000,826000.0,2022-09-19 04:00:00
699.4945,711.2054,689.8398,706.4972,1663646400,769500.0,2022-09-20 04:00:00
680.0358,704.8284,679.7478,696.2065,1663732800,665100.0,2022-09-21 04:00:00
683.6415,693.8128,673.4703,676.7878,1663819200,771000.0,2022-09-22 04:00:00
692.6507,694.677,676.4303,681.198,1663905600,815900.0,2022-09-23 04:00:00
681.496,692.4321,678.4764,691.5481,1664164800,698000.0,2022-09-26 04:00:00
690.3462,695.7795,681.7542,681.7542,1664251200,663000.0,2022-09-27 04:00:00
700.6863,710.5299,694.4683,696.1868,1664337600,737700.0,2022-09-28 04:00:00
687.1777,701.8486,682.3006,700.1004,1664424000,770600.0,2022-09-29 04:00:00
684.2474,697.6668,681.3669,689.7404,1664510400,800800.0,2022-09-30 04:00:00
730.1971,731.538,689.9788,700.6567,1664769600,1449000.0,2022-10-03 04:00:00
734.5774,738.0738,723.7704,733.2166,1664856000,874900.0,2022-10-04 04:00:00
740.6763,743.974,723.244,733.2465,1664942400,569600.0,2022-10-05 04:00:00
726.9489,741.3715,723.4227,738.8883,1665028800,696700.0,2022-10-06 04:00:00
717.5226,727.7734,715.3076,726.7503,1665115200,670800.0,2022-10-07 04:00:00
726.0152,728.9653,710.2815,715.3076,1665374400,481900.0,2022-10-10 04:00:00
732.4617,742.7622,718.2875,723.6215,1665460800,644500.0,2022-10-11 04:00:00
723.1744,742.7522,722.3202,733.5543,1665547200,507700.0,2022-10-12 04:00:00
747.5101,748.9404,704.3119,707.5898,1665633600,953600.0,2022-10-13 04:00:00
731.1208,755.9431,721.6548,747.5101,1665720000,879300.0,2022-10-14 04:00:00
731.0214,734.9846,723.532,729.0746,1665979200,627100.0,2022-10-17 04:00:00
717.8604,737.0209,713.2018,735.6899,1666065600,699600.0,2022-10-18 04:00:00
704.6099,717.91,699.2263,714.4534,1666152000,599400.0,2022-10-19 04:00:00
701.1533,708.3745,697.7265,704.6994,1666238400,480900.0,2022-10-20 04:00:00
709.1193,713.3607,692.7996,701.1532,1666324800,1224100.0,2022-10-21 04:00:00
732.2035,739.2558,713.1323,713.1323,1666584000,623900.0,2022-10-24 04:00:00
742.3151,745.9605,726.5417,731.6074,1666670400,833800.0,2022-10-25 04:00:00
729.0547,750.3111,723.4327,734.4085,1666756800,720800.0,2022-10-26 04:00:00
720.0157,737.6764,717.7709,737.6764,1666843200,498500.0,2022-10-27 04:00:00
745.7221,747.5597,719.4794,728.6872,1666929600,690200.0,2022-10-28 04:00:00
743.7256,755.7047,736.703,740.1994,1667188800,759500.0,2022-10-31 04:00:00
754.8106,759.4593,743.7652,744.9671,1667275200,573000.0,2022-11-01 04:00:00
735.5111,752.4467,735.0343,750.8674,1667361600,735100.0,2022-11-02 04:00:00
733.7232,737.5871,697.3589,721.1978,1667448000,725100.0,2022-11-03 04:00:00
735.2429,736.0872,705.8515,720.3137,1667534400,748600.0,2022-11-04 04:00:00
745.891,750.917,730.8526,731.0512,1667797200,598900.0,2022-11-07 05:00:00
746.9042,764.3265,740.2988,743.378,1667883600,701800.0,2022-11-08 05:00:00
737.9645,764.4654,726.2138,745.9604,1667970000,1256400.0,2022-11-09 05:00:00
736.1071,754.9001,729.7302,753.6386,1668056400,844800.0,2022-11-10 05:00:00
729.5216,732.4816,702.0075,731.0612,1668142800,951900.0,2022-11-11 05:00:00
737.0309,749.9337,732.0545,732.9286,1668402000,727800.0,2022-11-14 05:00:00
723.84,744.8878,712.8542,744.8878,1668488400,650500.0,2022-11-15 05:00:00
730.7333,737.448,724.7339,730.1374,1668574800,523500.0,2022-11-16 05:00:00
734.1205,737.2394,721.168,728.8164,1668661200,538200.0,2022-11-17 05:00:00
731.7862,740.3981,723.2539,732.3723,1668747600,496600.0,2022-11-18 05:00:00
734.0211,735.6204,719.38,730.0281,1669006800,447100.0,2022-11-21 05:00:00
744.2024,744.6891,728.9753,738.8585,1669093200,406300.0,2022-11-22 05:00:00
730.4254,746.6558,729.2335,744.7685,1669179600,406200.0,2022-11-23 05:00:00
731.2896,732.2928,723.7207,727.7734,1669352400,229200.0,2022-11-25 05:00:00
736.5043,745.9505,731.1704,735.0343,1669611600,570700.0,2022-11-28 05:00:00
731.1407,735.0344,722.1216,734.9351,1669698000,515100.0,2022-11-29 05:00:00
746.6559,750.927,724.5254,732.9386,1669784400,1824600.0,2022-11-30 05:00:00
756.1317,763.1443,747.361,751.1156,1669870800,670000.0,2022-12-01 05:00:00
761.2472,763.8397,746.9537,747.4703,1669957200,441400.0,2022-12-02 05:00:00
750.3807,760.3533,744.5501,756.8867,1670216400,531100.0,2022-12-05 05:00:00
742.4542,750.7979,739.8121,746.2387,1670302800,502000.0,2022-12-06 05:00:00
759.1415,762.5882,740.4676,740.4676,1670389200,565800.0,2022-12-07 05:00:00
760.2838,773.7726,752.993,752.993,1670475600,588900.0,2022-12-08 05:00:00
745.0268,754.8902,741.5602,748.1259,1670562000,508500.0,2022-12-09 05:00:00
737.4976,739.9411,723.1148,725.2702,1670821200,843100.0,2022-12-12 05:00:00
742.5436,748.8808,734.0609,744.0732,1670907600,671200.0,2022-12-13 05:00:00
744.9672,751.9203,736.3058,736.3058,1670994000,563200.0,2022-12-14 05:00:00
726.363,743.1496,723.1944,743.1496,1671080400,622400.0,2022-12-15 05:00:00
718.3173,727.5648,715.7447,716.9565,1671166800,1803000.0,2022-12-16 05:00:00
716.261,721.2772,708.2154,716.1518,1671426000,502000.0,2022-12-19 05:00:00
728.6078,733.3358,718.1087,720.3734,1671512400,551400.0,2022-12-20 05:00:00
731.2498,749.7945,728.2799,730.0479,1671598800,532500.0,2022-12-21 05:00:00
728.6971,731.5578,721.1779,731.1406,1671685200,506300.0,2022-12-22 05:00:00
721.8633,730.6638,713.5395,729.0349,1671771600,358600.0,2022-12-23 05:00:00
706.5765,722.5785,703.5073,721.5653,1672117200,548600.0,2022-12-27 05:00:00
708.2454,713.1224,703.12,705.7423,1672203600,359500.0,2022-12-28 05:00:00
716.4498,723.2042,705.5138,712.1886,1672290000,432100.0,2022-12-29 05:00:00
716.6486,717.314,705.484,716.3208,1672376400,364100.0,2022-12-30 05:00:00
715.6354,727.5151,714.5229,717.0161,1672722000,508500.0,2023-01-03 05:00:00
721.6149,726.8992,714.344,723.3035,1672808400,517200.0,2023-01-04 05:00:00
718.9033,725.6576,713.9269,719.827,1672894800,499800.0,2023-01-05 05:00:00
732.2035,742.6827,716.9465,725.8365,1672981200,602400.0,2023-01-06 05:00:00
675.9236,703.4577,663.5175,688.4788,1673240400,1664400.0,2023-01-09 05:00:00
694.2598,702.4644,670.4705,671.8313,1673326800,793200.0,2023-01-10 05:00:00
705.176,706.656,689.8695,694.2101,1673413200,592600.0,2023-01-11 05:00:00
709.775,710.9867,692.452,702.2558,1673499600,538800.0,2023-01-12 05:00:00
717.2843,720.1251,704.8185,709.8743,1673586000,489500.0,2023-01-13 05:00:00
723.2241,726.4424,709.3181,717.2843,1673931600,641000.0,2023-01-17 05:00:00
719.688,724.4359,717.3736,720.3038,1674018000,487500.0,2023-01-18 05:00:00
710.7683,725.1015,710.6094,724.4956,1674104400,583800.0,2023-01-19 05:00:00
717.1552,720.9992,708.6824,718.3073,1674190800,939800.0,2023-01-20 05:00:00
725.012,727.972,713.5197,716.6883,1674450000,569900.0,2023-01-23 05:00:00
722.5883,727.3959,717.6219,726.1046,1674536400,326400.0,2023-01-24 05:00:00
736.2064,738.938,721.3369,724.5949,1674622800,584300.0,2023-01-25 05:00:00
737.3189,740.5968,730.0679,736.2064,1674709200,346400.0,2023-01-26 05:00:00
737.8453,743.2588,735.3025,740.6067,1674795600,417600.0,2023-01-27 05:00:00
731.5182,743.974,727.5847,743.974,1675054800,499500.0,2023-01-30 05:00:00
753.3804,753.9069,734.3093,734.3093,1675141200,816400.0,2023-01-31 05:00:00
752.9135,756.986,746.2287,747.1425,1675227600,802100.0,2023-02-01 05:00:00
746.1592,753.6287,736.4746,744.1726,1675314000,935200.0,2023-02-02 05:00:00
777.8749,784.6492,753.5393,759.36,1675400400,1448500.0,2023-02-03 05:00:00
775.6201,795.1085,773.2959,779.5139,1675659600,1064700.0,2023-02-06 05:00:00
764.7734,772.829,758.029,760.542,1675746000,885900.0,2023-02-07 05:00:00
744.6296,763.1048,743.0999,761.1977,1675832400,617500.0,2023-02-08 05:00:00
739.7723,752.4368,738.7195,746.2485,1675918800,524500.0,2023-02-09 05:00:00
752.5261,757.6118,735.8687,741.1132,1676005200,606800.0,2023-02-10 05:00:00
758.8434,762.5882,749.1192,750.7978,1676264400,494800.0,2023-02-13 05:00:00
749.149,762.3697,744.1924,759.3898,1676350800,486000.0,2023-02-14 05:00:00
747.3512,751.0065,742.6827,748.7219,1676437200,341100.0,2023-02-15 05:00:00
731.389,742.5436,730.5446,732.0545,1676523600,555300.0,2023-02-16 05:00:00
743.7157,750.0231,728.4091,733.2067,1676610000,492700.0,2023-02-17 05:00:00
741.5106,747.4206,739.1565,743.07,1676955600,411700.0,2023-02-21 05:00:00
743.0602,750.3211,739.9313,743.6561,1677042000,415500.0,2023-02-22 05:00:00
754.5624,759.8666,739.2856,739.8121,1677128400,553300.0,2023-02-23 05:00:00
751.9103,760.1546,746.9538,748.7517,1677214800,525900.0,2023-02-24 05:00:00
752.705,766.472,751.8905,756.0623,1677474000,557100.0,2023-02-27 05:00:00
755.3173,760.3037,748.5729,751.374,1677560400,622700.0,2023-02-28 05:00:00
765.2701,767.7534,752.2978,754.7909,1677646800,586000.0,2023-03-01 05:00:00
763.7405,767.4752,757.731,763.065,1677733200,425200.0,2023-03-02 05:00:00
774.0706,774.607,761.2075,766.2435,1677819600,604800.0,2023-03-03 05:00:00
775.1434,780.0106,769.6505,772.7695,1678078800,469500.0,2023-03-06 05:00:00
768.6572,778.3319,767.3263,776.7526,1678165200,757900.0,2023-03-07 05:00:00
740.1995,768.9353,739.0075,768.9353,1678251600,670300.0,2023-03-08 05:00:00
738.7592,750.1721,733.8127,740.7359,1678338000,600000.0,2023-03-09 05:00:00
741.9874,754.1552,739.0671,741.7788,1678424400,505300.0,2023-03-10 05:00:00
747.2816,764.0384,743.2588,744.1428,1678680000,505200.0,2023-03-13 04:00:00
761.6545,764.8131,749.1391,750.3211,1678766400,535500.0,2023-03-14 04:00:00
755.1981,761.0188,749.9337,755.7047,1678852800,499300.0,2023-03-15 04:00:00
744.719,748.0267,720.7906,748.0267,1678939200,1023900.0,2023-03-16 04:00:00
742.6331,749.2583,738.9579,744.8878,1679025600,893600.0,2023-03-17 04:00:00
754.1552,755.2279,740.7855,743.6362,1679284800,587800.0,2023-03-20 04:00:00
754.6617,759.8765,746.9339,759.5189,1679371200,372100.0,2023-03-21 04:00:00
746.2584,759.2606,745.9704,755.198,1679457600,322900.0,2023-03-22 04:00:00
796.7772,807.2365,785.1855,801.0582,1679544000,1994000.0,2023-03-23 04:00:00
814.4976,818.4707,795.635,799.6479,1679630400,1129400.0,2023-03-24 04:00:00
814.9047,826.8937,812.3818,815.8682,1679889600,802000.0,2023-03-27 04:00:00
821.4207,821.8081,813.7227,818.4706,1679976000,362500.0,2023-03-28 04:00:00
813.8519,829.3969,812.799,824.4304,1680062400,459200.0,2023-03-29 04:00:00
806.0546,819.5435,799.2406,810.5343,1680148800,625800.0,2023-03-30 04:00:00
816.1562,817.0006,805.5082,809.4317,1680235200,866200.0,2023-03-31 04:00:00
820.646,821.0135,810.1171,813.3056,1680494400,451400.0,2023-04-03 04:00:00
816.5735,825.0959,814.5075,820.3083,1680580800,398000.0,2023-04-04 04:00:00
819.6824,831.9297,818.3316,819.166,1680667200,560000.0,2023-04-05 04:00:00
823.1689,828.4035,817.9045,817.9045,1680753600,550000.0,2023-04-06 04:00:00
818.2323,820.5268,810.3456,818.8382,1681099200,377100.0,2023-04-10 04:00:00
814.1399,820.0599,811.9546,817.4177,1681185600,291400.0,2023-04-11 04:00:00
814.9246,822.2452,811.4084,819.4243,1681272000,414200.0,2023-04-12 04:00:00
824.778,828.5227,816.9311,816.9311,1681358400,471900.0,2023-04-13 04:00:00
823.765,825.7515,816.3649,823.2783,1681444800,456900.0,2023-04-14 04:00:00
814.2393,828.0261,813.1566,828.0261,1681704000,351400.0,2023-04-17 04:00:00
802.5879,817.8547,798.7538,816.6528,1681790400,499700.0,2023-04-18 04:00:00
803.4323,804.7335,798.1281,799.33,1681876800,352700.0,2023-04-19 04:00:00
792.7445,800.2141,790.8871,800.0154,1681963200,495400.0,2023-04-20 04:00:00
795.3568,799.32,791.9101,793.0623,1682049600,545500.0,2023-04-21 04:00:00
791.6916,800.7802,789.7944,795.0589,1682308800,374800.0,2023-04-24 04:00:00
784.2816,796.4395,779.5734,791.92,1682395200,468000.0,2023-04-25 04:00:00
772.7794,779.5039,765.9654,776.5241,1682481600,585600.0,2023-04-26 04:00:00
786.9735,791.0758,768.8659,770.1274,1682568000,749300.0,2023-04-27 04:00:00
796.4097,800.6709,782.7122,783.6956,1682654400,470400.0,2023-04-28 04:00:00
801.3065,806.1041,796.7374,798.3168,1682913600,297500.0,2023-05-01 04:00:00
793.0921,809.7694,791.1751,801.3066,1683000000,610700.0,2023-05-02 04:00:00
797.7805,807.5346,793.4497,799.3896,1683086400,786000.0,2023-05-03 04:00:00
748.8212,771.3689,741.1232,770.3358,1683172800,1229000.0,2023-05-04 04:00:00
756.986,763.4325,739.8915,748.8212,1683259200,637000.0,2023-05-05 04:00:00
747.073,756.8172,741.1331,756.8172,1683518400,539900.0,2023-05-08 04:00:00
749.8145,752.3176,745.5334,748.1358,1683604800,464300.0,2023-05-09 04:00:00
744.5601,751.2846,741.4411,751.2846,1683691200,432800.0,2023-05-10 04:00:00
740.5669,745.0963,735.1435,745.0963,1683777600,661800.0,2023-05-11 04:00:00
739.3552,746.8347,738.5407,744.1428,1683864000,394100.0,2023-05-12 04:00:00
745.9208,746.924,737.9646,739.8121,1684123200,355900.0,2023-05-15 04:00:00
737.299,742.9707,733.5642,742.9707,1684209600,420900.0,2023-05-16 04:00:00
744.5997,746.1096,727.5747,734.5476,1684296000,524000.0,2023-05-17 04:00:00
742.4641,744.5202,734.7959,742.2555,1684382400,501500.0,2023-05-18 04:00:00
753.9565,758.9329,745.146,747.2518,1684468800,555900.0,2023-05-19 04:00:00
746.4572,762.9656,738.1433,757.284,1684728000,626900.0,2023-05-22 04:00:00
743.5369,751.3143,743.368,748.1557,1684814400,411300.0,2023-05-23 04:00:00
732.4518,746.2386,730.4453,745.2851,1684900800,547200.0,2023-05-24 04:00:00
720.135,731.2499,719.1715,728.121,1684987200,569300.0,2023-05-25 04:00:00
720.1846,721.8931,714.1752,720.135,1685073600,750800.0,2023-05-26 04:00:00
723.7108,724.5551,713.0628,715.1884,1685419200,497000.0,2023-05-30 04:00:00
730.6241,731.7664,722.5288,725.9954,1685505600,740200.0,2023-05-31 04:00:00
726.2635,735.074,724.128,731.0612,1685592000,526600.0,2023-06-01 04:00:00
734.9847,735.2131,719.2609,725.4094,1685678400,527300.0,2023-06-02 04:00:00
745.2355,746.2288,735.531,737.6169,1685937600,544300.0,2023-06-05 04:00:00
743.1197,749.437,740.4179,746.7949,1686024000,394600.0,2023-06-06 04:00:00
733.6735,741.8483,732.869,739.0274,1686110400,473700.0,2023-06-07 04:00:00
745.0864,746.1989,732.0148,732.0148,1686196800,359400.0,2023-06-08 04:00:00
741.5106,746.5664,738.044,745.0864,1686283200,536600.0,2023-06-09 04:00:00
748.9503,749.5562,740.0306,742.8217,1686542400,415100.0,2023-06-12 04:00:00
762.2007,762.608,750.1224,750.1224,1686628800,474000.0,2023-06-13 04:00:00
765.9355,769.2631,756.7476,762.9259,1686715200,495600.0,2023-06-14 04:00:00
777.8154,783.2288,766.174,768.0911,1686801600,648100.0,2023-06-15 04:00:00
777.7954,788.6719,776.1267,782.7817,1686888000,993700.0,2023-06-16 04:00:00
775.9678,782.1261,770.604,773.7329,1687233600,507800.0,2023-06-20 04:00:00
773.5442,781.1528,772.8489,776.534,1687320000,371100.0,2023-06-21 04:00:00
774.5772,778.1729,771.7861,775.0441,1687406400,447900.0,2023-06-22 04:00:00
774.4977,781.8381,766.4421,773.9812,1687492800,615100.0,2023-06-23 04:00:00
779.1165,780.3681,759.8864,776.6929,1687752000,586800.0,2023-06-26 04:00:00
711.2849,781.0137,700.2692,780.686,1687838400,2034500.0,2023-06-27 04:00:00
695.3326,705.2854,680.2147,703.4577,1687924800,1828300.0,2023-06-28 04:00:00
703.6662,704.7191,684.3964,692.0944,1688011200,914900.0,2023-06-29 04:00:00
713.7183,714.7712,699.5541,705.3946,1688097600,1015200.0,2023-06-30 04:00:00
713.2714,717.1551,705.325,705.325,1688356800,345000.0,2023-07-03 04:00:00
713.0131,714.5328,707.5997,711.553,1688529600,641900.0,2023-07-05 04:00:00
700.1003,709.9041,699.0375,708.2751,1688616000,608800.0,2023-07-06 04:00:00
687.8035,696.4451,687.3863,695.8889,1688702400,696900.0,2023-07-07 04:00:00
698.6401,702.7027,683.8998,685.3698,1688961600,1078900.0,2023-07-10 04:00:00
712.0198,713.1024,700.299,703.1894,1689048000,570400.0,2023-07-11 04:00:00
713.5991,719.5589,709.3578,712.9336,1689134400,588900.0,2023-07-12 04:00:00
716.142,725.9259,715.1686,717.7213,1689220800,413000.0,2023-07-13 04:00:00
713.6985,716.5095,710.4206,716.281,1689307200,621500.0,2023-07-14 04:00:00
716.7677,723.5519,713.172,714.056,1689566400,550200.0,2023-07-17 04:00:00
721.6746,721.9428,710.7385,715.1686,1689652800,481900.0,2023-07-18 04:00:00
714.1852,727.088,713.8077,722.6977,1689739200,581100.0,2023-07-19 04:00:00
718.1683,726.4027,715.1686,715.1686,1689825600,628800.0,2023-07-20 04:00:00
729.7004,733.5742,716.738,723.8995,1689912000,1813600.0,2023-07-21 04:00:00
722.2508,728.6675,719.0524,725.5485,1690171200,543600.0,2023-07-24 04:00:00
724.9822,727.7436,716.6684,718.3669,1690257600,444600.0,2023-07-25 04:00:00
726.055,728.2899,719.3999,724.9822,1690344000,399300.0,2023-07-26 04:00:00
739.663,746.7452,726.3033,726.3033,1690430400,884300.0,2023-07-27 04:00:00
741.0934,743.6561,718.7047,735.0343,1690516800,744800.0,2023-07-28 04:00:00
736.9315,740.4676,729.9188,740.4676,1690776000,445000.0,2023-07-31 04:00:00
734.1106,739.6631,727.535,739.6631,1690862400,334300.0,2023-08-01 04:00:00
727.2072,739.7822,721.2474,735.7494,1690948800,623600.0,2023-08-02 04:00:00
766.2733,782.5533,754.0558,756.8867,1691035200,1068800.0,2023-08-03 04:00:00
761.2969,779.5635,759.9261,770.5345,1691121600,501000.0,2023-08-04 04:00:00
769.5413,777.0208,760.1448,764.5252,1691380800,474000.0,2023-08-07 04:00:00
775.0837,776.0471,765.4786,770.7132,1691467200,441800.0,2023-08-08 04:00:00
780.3383,790.4997,774.7659,776.7525,1691553600,430100.0,2023-08-09 04:00:00
787.6886,794.0754,783.7055,783.7055,1691640000,387300.0,2023-08-10 04:00:00
801.535,804.2268,789.3573,789.3573,1691726400,526100.0,2023-08-11 04:00:00
802.9555,804.515,795.4264,804.4256,1691985600,354500.0,2023-08-14 04:00:00
800.502,805.0612,795.5157,799.022,1692072000,269200.0,2023-08-15 04:00:00
791.9896,803.5614,791.6121,798.5453,1692158400,345100.0,2023-08-16 04:00:00
791.3837,794.741,789.3375,794.741,1692244800,320600.0,2023-08-17 04:00:00
806.9485,815.4908,785.0365,789.5162,1692331200,1065900.0,2023-08-18 04:00:00
838.7039,840.5018,815.1033,819.4639,1692590400,1082900.0,2023-08-21 04:00:00
834.9891,841.813,830.3206,836.6777,1692676800,765900.0,2023-08-22 04:00:00
835.1678,841.8129,832.2078,839.3297,1692763200,540500.0,2023-08-23 04:00:00
825.6323,839.4191,824.6687,837.1643,1692849600,457800.0,2023-08-24 04:00:00
824.778,829.3869,820.924,826.9434,1692936000,404500.0,2023-08-25 04:00:00
825.3144,827.8174,822.4438,827.8174,1693195200,249600.0,2023-08-28 04:00:00
824.6191,831.0159,819.0666,827.7777,1693281600,407200.0,2023-08-29 04:00:00
829.3472,829.4266,823.7549,825.1753,1693368000,302100.0,2023-08-30 04:00:00
820.944,830.261,820.2586,830.261,1693454400,457500.0,2023-08-31 04:00:00
826.0494,832.2972,823.4669,828.9498,1693540800,253600.0,2023-09-01 04:00:00
817.388,830.0823,816.4841,829.7843,1693886400,314300.0,2023-09-05 04:00:00
812.8983,819.7023,802.7071,819.7023,1693972800,396200.0,2023-09-06 04:00:00
819.7222,821.977,811.7958,815.6895,1694059200,356900.0,2023-09-07 04:00:00
825.1158,835.5155,819.7619,824.788,1694145600,421600.0,2023-09-08 04:00:00
827.9368,830.2411,817.3682,818.9474,1694404800,374800.0,2023-09-11 04:00:00
827.1818,831.6814,823.894,829.8835,1694491200,296100.0,2023-09-12 04:00:00
820.7055,829.9431,819.444,826.993,1694577600,396500.0,2023-09-13 04:00:00
826.7944,832.4363,820.9837,824.4303,1694664000,388900.0,2023-09-14 04:00:00
817.8748,830.7378,816.5834,827.2613,1694750400,1032400.0,2023-09-15 04:00:00
818.9772,822.9504,811.5971,819.2653,1695009600,406100.0,2023-09-18 04:00:00
831.1451,831.3636,818.0734,819.7322,1695096000,344100.0,2023-09-19 04:00:00
826.0396,832.486,825.3244,832.4363,1695182400,304300.0,2023-09-20 04:00:00
817.8548,826.566,812.0142,824.3509,1695268800,400300.0,2023-09-21 04:00:00
819.3051,825.9203,812.8089,816.504,1695355200,464500.0,2023-09-22 04:00:00
829.0393,829.228,814.6267,817.5271,1695614400,294700.0,2023-09-25 04:00:00
826.8243,834.8104,821.8877,829.3969,1695700800,479800.0,2023-09-26 04:00:00
826.9732,833.7872,825.1455,826.8242,1695787200,380300.0,2023-09-27 04:00:00
828.9697,831.8502,820.8048,827.7082,1695873600,369900.0,2023-09-28 04:00:00
817.4377,828.0857,814.4081,827.897,1695960000,409800.0,2023-09-29 04:00:00
812.5408,827.6884,803.472,821.4506,1696219200,487700.0,2023-10-02 04:00:00
802.886,808.2795,794.4033,806.5512,1696305600,426700.0,2023-10-03 04:00:00
809.5211,811.2196,800.5219,803.7302,1696392000,344600.0,2023-10-04 04:00:00
825.5429,826.0694,809.5013,809.5211,1696478400,387300.0,2023-10-05 04:00:00
830.9562,836.3498,820.4075,823.8344,1696564800,392400.0,2023-10-06 04:00:00
826.2382,834.3733,820.7255,829.377,1696824000,256700.0,2023-10-09 04:00:00
829.3571,833.072,820.2486,823.9337,1696910400,261400.0,2023-10-10 04:00:00
830.4597,833.2409,822.1856,833.2409,1696996800,306800.0,2023-10-11 04:00:00
832.8635,834.4528,823.9835,830.5988,1697083200,308200.0,2023-10-12 04:00:00
833.9957,848.2395,830.5589,839.4191,1697169600,526400.0,2023-10-13 04:00:00
837.9987,841.3163,831.7112,837.1544,1697428800,381400.0,2023-10-16 04:00:00
831.2344,838.5351,827.7281,837.3431,1697515200,323100.0,2023-10-17 04:00:00
820.4871,827.9864,819.2653,827.6686,1697601600,383800.0,2023-10-18 04:00:00
803.2137,819.007,800.065,818.0535,1697688000,488400.0,2023-10-19 04:00:00
803.0448,813.0771,798.5651,802.866,1697774400,743100.0,2023-10-20 04:00:00
790.2016,805.3493,786.9536,804.7434,1698033600,473400.0,2023-10-23 04:00:00
798.883,803.323,790.3705,790.6585,1698120000,346900.0,2023-10-24 04:00:00
791.6915,797.0254,783.7253,795.9328,1698206400,340100.0,2023-10-25 04:00:00
786.6954,792.4267,782.1759,789.2481,1698292800,351200.0,2023-10-26 04:00:00
769.9782,787.1323,764.0284,787.0827,1698379200,438900.0,2023-10-27 04:00:00
772.4515,778.7191,769.5213,774.299,1698638400,371300.0,2023-10-30 04:00:00
774.6567,777.0108,767.654,769.9386,1698724800,382200.0,2023-10-31 04:00:00
785.9603,788.2548,769.7796,778.6497,1698811200,419500.0,2023-11-01 04:00:00
813.2956,825.5727,782.8314,786.5563,1698897600,729300.0,2023-11-02 04:00:00
811.4183,833.5686,806.4717,832.5356,1698984000,456200.0,2023-11-03 04:00:00
826.8243,834.6117,814.6267,817.6165,1699246800,422700.0,2023-11-06 05:00:00
825.2151,832.8337,818.3714,832.8337,1699333200,670800.0,2023-11-07 05:00:00
817.2687,828.7313,807.9219,828.7313,1699419600,637200.0,2023-11-08 05:00:00
794.89,811.1998,791.0658,810.0178,1699506000,622200.0,2023-11-09 05:00:00
793.5787,801.4655,778.3119,801.4655,1699592400,994800.0,2023-11-10 05:00:00
791.3538,797.9691,782.7519,790.579,1699851600,736700.0,2023-11-13 05:00:00
788.374,800.1941,787.2317,799.5982,1699938000,545200.0,2023-11-14 05:00:00
787.0628,793.1417,779.6926,785.3543,1700024400,502100.0,2023-11-15 05:00:00
791.1949,796.6779,780.5569,796.6779,1700110800,493800.0,2023-11-16 05:00:00
797.0454,802.7171,794.2742,797.9195,1700197200,354500.0,2023-11-17 05:00:00
796.2607,801.4556,789.9334,789.9334,1700456400,340700.0,2023-11-20 05:00:00
793.4696,799.7472,787.6787,799.7472,1700542800,310700.0,2023-11-21 05:00:00
794.3635,802.0416,792.7345,797.254,1700629200,233100.0,2023-11-22 05:00:00
792.9431,798.585,789.6852,798.585,1700802000,171600.0,2023-11-24 05:00:00
792.7246,799.5982,787.8575,796.6183,1701061200,440100.0,2023-11-27 05:00:00
795.764,796.2507,787.2515,790.887,1701147600,446700.0,2023-11-28 05:00:00
803.1641,808.8357,794.8701,798.7737,1701234000,627700.0,2023-11-29 05:00:00
818.2819,823.298,804.8129,806.3327,1701320400,954600.0,2023-11-30 05:00:00
809.392,822.861,803.4621,819.4043,1701406800,560200.0,2023-12-01 05:00:00
817.7952,819.0765,797.1646,799.1512,1701666000,508400.0,2023-12-04 05:00:00
815.3915,818.1528,803.8097,812.3222,1701752400,319400.0,2023-12-05 05:00:00
830.1417,836.3498,818.6891,820.0102,1701838800,554100.0,2023-12-06 05:00:00
843.4816,844.5743,825.6124,834.3632,1701925200,567300.0,2023-12-07 05:00:00
834.5023,842.3294,833.9163,838.6642,1702011600,388100.0,2023-12-08 05:00:00
842.7267,844.028,832.8137,832.8137,1702270800,458700.0,2023-12-11 05:00:00
857.9639,860.8941,841.0283,843.1539,1702357200,500500.0,2023-12-12 05:00:00
870.241,873.5586,857.0004,857.3381,1702443600,680000.0,2023-12-13 05:00:00
870.1217,872.7937,861.2913,867.9464,1702530000,598100.0,2023-12-14 05:00:00
853.3748,881.9815,848.2892,870.2409,1702616400,1791700.0,2023-12-15 05:00:00
845.1603,852.1431,842.8956,848.0508,1702875600,627400.0,2023-12-18 05:00:00
842.697,848.7064,838.5153,847.2364,1702962000,844200.0,2023-12-19 05:00:00
836.1412,844.2962,835.6545,844.2962,1703048400,515900.0,2023-12-20 05:00:00
836.2307,841.6043,832.8336,837.8199,1703134800,332600.0,2023-12-21 05:00:00
841.0382,845.4484,837.7306,840.5913,1703221200,742800.0,2023-12-22 05:00:00
843.8295,844.4354,837.0651,842.8362,1703566800,306200.0,2023-12-26 05:00:00
868.5026,893.8216,838.8927,841.9718,1703653200,1273900.0,2023-12-27 05:00:00
875.7835,889.481,868.4034,868.4034,1703739600,637500.0,2023-12-28 05:00:00
872.3963,877.4125,869.7442,872.0188,1703826000,534300.0,2023-12-29 05:00:00
898.9271,899.2152,865.5427,868.0457,1704171600,1000900.0,2024-01-02 05:00:00
911.4028,917.4023,894.954,900.715,1704258000,758900.0,2024-01-03 05:00:00
906.049,918.6837,903.1089,911.6214,1704344400,557400.0,2024-01-04 05:00:00
907.0424,916.5184,897.9339,898.9272,1704430800,486100.0,2024-01-05 05:00:00
896.8214,897.5366,875.0982,884.0278,1704690000,723200.0,2024-01-08 05:00:00
896.6326,897.2187,882.8557,889.3617,1704776400,499300.0,2024-01-09 05:00:00
900.0793,901.1322,888.6168,889.6399,1704862800,382300.0,2024-01-10 05:00:00
909.8235,910.7671,893.0369,896.8611,1704949200,521300.0,2024-01-11 05:00:00
926.9379,929.0933,914.8198,918.7929,1705035600,559900.0,2024-01-12 05:00:00
931.0302,931.1891,922.8852,924.9612,1705381200,761400.0,2024-01-16 05:00:00
922.8951,936.6721,915.4951,933.4538,1705467600,526700.0,2024-01-17 05:00:00
923.7594,931.0998,911.5419,917.7698,1705554000,513600.0,2024-01-18 05:00:00
927.1366,931.6958,922.4185,926.918,1705640400,716500.0,2024-01-19 05:00:00
936.5033,937.5859,915.8131,930.1959,1705899600,530600.0,2024-01-22 05:00:00
948.1744,948.8995,935.3808,937.0098,1705986000,568200.0,2024-01-23 05:00:00
941.8769,950.6079,939.1453,950.6079,1706072400,390500.0,2024-01-24 05:00:00
942.5027,951.3232,938.6587,951.1741,1706158800,394000.0,2024-01-25 05:00:00
933.7419,951.7205,932.7586,945.6118,1706245200,460500.0,2024-01-26 05:00:00
949.3862,951.2436,937.5065,939.7711,1706504400,530000.0,2024-01-29 05:00:00
953.2899,953.7667,938.758,949.5849,1706590800,374700.0,2024-01-30 05:00:00
936.4536,959.18,934.8743,954.601,1706677200,601900.0,2024-01-31 05:00:00
951.353,958.455,931.1792,939.2646,1706763600,520500.0,2024-02-01 05:00:00
938.8375,967.4541,933.0069,964.7126,1706850000,752000.0,2024-02-02 05:00:00
930.0469,933.1956,916.8361,925.6168,1707109200,703800.0,2024-02-05 05:00:00
931.5169,939.1156,921.296,933.6922,1707195600,460400.0,2024-02-06 05:00:00
932.1924,947.8963,927.1962,933.6923,1707282000,456400.0,2024-02-07 05:00:00
940.0791,940.8837,923.7991,928.5172,1707368400,487600.0,2024-02-08 05:00:00
947.0222,951.0847,939.5029,941.6385,1707454800,613800.0,2024-02-09 05:00:00
940.7049,948.1248,934.6955,945.9991,1707714000,604200.0,2024-02-12 05:00:00
934.169,941.1022,927.5338,939.8208,1707800400,523800.0,2024-02-13 05:00:00
941.4598,945.4429,930.4144,936.7714,1707886800,373500.0,2024-02-14 05:00:00
948.3234,952.3065,942.5624,945.284,1707973200,334300.0,2024-02-15 05:00:00
941.6882,950.1014,937.7846,947.0421,1708059600,367400.0,2024-02-16 05:00:00
940.5161,956.5379,937.3972,943.6251,1708405200,417700.0,2024-02-20 05:00:00
946.446,951.5714,939.3539,945.6117,1708491600,300500.0,2024-02-21 05:00:00
958.4152,966.4708,941.4895,947.1712,1708578000,614700.0,2024-02-22 05:00:00
974.6158,979.0261,962.6467,968.4574,1708664400,439600.0,2024-02-23 05:00:00
982.6416,989.2867,968.4574,970.9903,1708923600,541200.0,2024-02-26 05:00:00
986.6843,988.7304,968.6759,982.3635,1709010000,464200.0,2024-02-27 05:00:00
980.9828,991.6309,980.9828,988.3232,1709096400,486000.0,2024-02-28 05:00:00
959.6072,983.6547,958.6834,983.2673,1709182800,792200.0,2024-02-29 05:00:00
976.2249,981.4993,959.6072,961.0077,1709269200,370500.0,2024-03-01 05:00:00
964.6729,978.5989,959.7362,976.2249,1709528400,455600.0,2024-03-04 05:00:00
958.7331,971.1094,946.893,966.1926,1709614800,397500.0,2024-03-05 05:00:00
965.5768,967.6429,949.1479,952.7932,1709701200,366800.0,2024-03-06 05:00:00
966.7787,972.6789,963.3718,964.6134,1709787600,380500.0,2024-03-07 05:00:00
962.3289,969.4507,956.3592,966.8086,1709874000,354400.0,2024-03-08 05:00:00
957.9683,973.2252,953.9951,964.5737,1710129600,355600.0,2024-03-11 04:00:00
964.0571,969.3811,956.5379,957.9683,1710216000,359000.0,2024-03-12 04:00:00
958.9913,973.2451,957.3624,973.2451,1710302400,386200.0,2024-03-13 04:00:00
952.6045,962.6765,944.5886,959.8158,1710388800,507300.0,2024-03-14 04:00:00
957.998,962.011,947.3202,950.0517,1710475200,1090500.0,2024-03-15 04:00:00
953.4786,964.1963,953.0515,963.491,1710734400,360200.0,2024-03-18 04:00:00
957.1934,962.6565,952.7038,958.6337,1710820800,365300.0,2024-03-19 04:00:00
960.4714,960.7098,941.0128,952.6244,1710907200,579300.0,2024-03-20 04:00:00
961.5143,972.6889,961.5044,968.2091,1710993600,435100.0,2024-03-21 04:00:00
960.7495,970.8314,959.9846,966.4708,1711080000,274400.0,2024-03-22 04:00:00
954.6407,958.5046,946.0785,947.6082,1711339200,322300.0,2024-03-25 04:00:00
957.0842,960.1932,951.353,955.5347,1711425600,386800.0,2024-03-26 04:00:00
959.8158,970.1957,955.9519,964.524,1711512000,314800.0,2024-03-27 04:00:00
956.0314,964.2757,952.8131,963.8684,1711598400,461800.0,2024-03-28 04:00:00
962.8056,963.6896,947.6878,958.2563,1711944000,360600.0,2024-04-01 04:00:00
948.2737,954.9884,944.6383,954.9884,1712030400,438100.0,2024-04-02 04:00:00
944.5688,955.2268,944.0523,948.5916,1712116800,413200.0,2024-04-03 04:00:00
930.7324,955.7434,929.0835,955.7434,1712203200,410800.0,2024-04-04 04:00:00
936.3741,943.4563,928.5967,933.0069,1712289600,363500.0,2024-04-05 04:00:00
932.1824,936.6622,929.2324,932.8579,1712548800,330900.0,2024-04-08 04:00:00
937.5562,942.8305,931.7057,935.0729,1712635200,305700.0,2024-04-09 04:00:00
929.9177,931.5765,917.2433,928.7457,1712721600,389700.0,2024-04-10 04:00:00
914.1443,924.395,901.2415,922.3489,1712808000,617100.0,2024-04-11 04:00:00
898.6292,906.0987,892.2324,905.4332,1712894400,665300.0,2024-04-12 04:00:00
892.5303,914.9389,889.0836,909.2275,1713153600,656200.0,2024-04-15 04:00:00
888.14,895.0234,884.4548,891.1992,1713240000,615700.0,2024-04-16 04:00:00
895.1426,905.5225,893.8613,897.8146,1713326400,468700.0,2024-04-17 04:00:00
887.991,902.7115,885.6865,895.2122,1713412800,450600.0,2024-04-18 04:00:00
890.802,914.5515,885.478,907.8369,1713499200,507500.0,2024-04-19 04:00:00
894.1196,902.5725,891.4278,898.4702,1713758400,351400.0,2024-04-22 04:00:00
901.2316,906.6152,897.765,899.5827,1713844800,341200.0,2024-04-23 04:00:00
900.4568,909.5554,898.3411,900.8144,1713931200,373600.0,2024-04-24 04:00:00
884.7032,908.86,870.8667,904.9763,1714017600,576600.0,2024-04-25 04:00:00
877.2734,881.5246,869.3568,875.8033,1714104000,505700.0,2024-04-26 04:00:00
886.4911,891.7556,877.2734,877.2734,1714363200,369900.0,2024-04-29 04:00:00
884.6833,890.8318,879.0712,886.1236,1714449600,636700.0,2024-04-30 04:00:00
897.4173,907.082,882.5577,883.4417,1714536000,595200.0,2024-05-01 04:00:00
931.3182,937.4369,885.3189,893.9606,1714622400,1067000.0,2024-05-02 04:00:00
950.5782,951.7007,920.72,920.72,1714708800,547400.0,2024-05-03 04:00:00
952.2072,955.644,943.8934,951.5715,1714968000,352000.0,2024-05-06 04:00:00
963.4612,964.0472,950.6775,961.3852,1715054400,362300.0,2024-05-07 04:00:00
949.3465,965.3384,945.7508,963.3916,1715140800,424900.0,2024-05-08 04:00:00
961.5043,963.471,950.3398,953.1508,1715227200,281900.0,2024-05-09 04:00:00
967.2654,973.404,960.3621,963.491,1715313600,351400.0,2024-05-10 04:00:00
970.4043,975.9866,964.4743,973.4239,1715572800,284300.0,2024-05-13 04:00:00
978.0328,981.1716,964.4347,973.424,1715659200,307900.0,2024-05-14 04:00:00
971.6459,982.3238,959.8556,981.3702,1715745600,593300.0,2024-05-15 04:00:00
961.4844,971.7352,960.9183,971.7054,1715832000,407600.0,2024-05-16 04:00:00
975.6985,976.1753,959.5178,962.7659,1715918400,386600.0,2024-05-17 04:00:00
980.6451,981.3602,971.6459,973.841,1716177600,317900.0,2024-05-20 04:00:00
987.2802,989.237,976.3739,981.3602,1716264000,331600.0,2024-05-21 04:00:00
977.1983,991.1739,974.9833,986.3366,1716350400,308700.0,2024-05-22 04:00:00
973.99,985.0553,969.1824,978.8174,1716436800,315700.0,2024-05-23 04:00:00
978.4102,988.7304,976.5626,977.4367,1716523200,259300.0,2024-05-24 04:00:00
966.6297,972.361,956.9451,968.3183,1716868800,336800.0,2024-05-28 04:00:00
960.0045,964.7226,952.2072,963.491,1716955200,346700.0,2024-05-29 04:00:00
963.4016,965.3385,945.9097,959.1006,1717041600,444000.0,2024-05-30 04:00:00
973.5828,974.3377,960.9382,962.6368,1717128000,833200.0,2024-05-31 04:00:00
982.8402,994.3226,972.6888,973.5827,1717387200,533000.0,2024-06-03 04:00:00
986.6246,993.4386,980.0193,983.1481,1717473600,340400.0,2024-06-04 04:00:00
999.1202,1008.189,983.1283,986.7737,1717560000,385500.0,2024-06-05 04:00:00
994.0743,1009.1822,991.0348,998.4448,1717646400,439700.0,2024-06-06 04:00:00
996.2198,1000.6698,987.7669,992.2963,1717732800,250100.0,2024-06-07 04:00:00
995.0081,996.2199,985.5619,991.7501,1717992000,250900.0,2024-06-10 04:00:00
1003.7589,1010.1656,991.1442,991.3826,1718078400,448200.0,2024-06-11 04:00:00
1020.774,1023.0883,1002.3782,1008.0002,1718164800,453700.0,2024-06-12 04:00:00
1019.6614,1023.9126,1011.0396,1015.8174,1718251200,315400.0,2024-06-13 04:00:00
1029.5647,1035.6635,1011.1292,1017.4267,1718337600,353900.0,2024-06-14 04:00:00
1038.3551,1042.4574,1019.125,1029.5645,1718596800,446100.0,2024-06-17 04:00:00
1032.1372,1045.2784,1029.0481,1039.4776,1718683200,379300.0,2024-06-18 04:00:00
1037.3817,1039.269,1021.1017,1031.4716,1718856000,590500.0,2024-06-20 04:00:00
1046.0731,1052.6885,1034.2629,1040.6795,1718942400,1269900.0,2024-06-21 04:00:00
1056.751,1060.8334,1045.199,1052.8871,1719201600,518400.0,2024-06-24 04:00:00
1064.0018,1073.915,1058.8865,1060.9525,1719288000,518600.0,2024-06-25 04:00:00
1061.9856,1068.0844,1042.5468,1059.8401,1719374400,533700.0,2024-06-26 04:00:00
1043.8082,1065.8494,1039.9841,1064.0316,1719460800,507700.0,2024-06-27 04:00:00
1043.9773,1050.1257,1034.7894,1047.732,1719547200,750600.0,2024-06-28 04:00:00
1049.9271,1062.512,1037.9878,1040.0836,1719806400,383200.0,2024-07-01 04:00:00
1037.6501,1051.0695,1023.3169,1046.9274,1719892800,364300.0,2024-07-02 04:00:00
1017.218,1040.2126,1004.8813,1035.286,1719979200,378300.0,2024-07-03 04:00:00
1027.29,1033.0711,1018.9167,1020.5754,1720152000,418300.0,2024-07-05 04:00:00
1045.1891,1047.5233,1030.3592,1032.5346,1720411200,366200.0,2024-07-08 04:00:00
1046.957,1051.9036,1033.0311,1048.7449,1720497600,268400.0,2024-07-09 04:00:00
1063.9325,1065.1343,1046.2122,1050.0762,1720584000,263900.0,2024-07-10 04:00:00
1073.021,1084.0763,1058.7773,1058.7773,1720670400,444400.0,2024-07-11 04:00:00
1092.6683,1098.7373,1077.6596,1084.7517,1720756800,471500.0,2024-07-12 04:00:00
1074.8485,1092.6483,1072.0375,1089.9267,1721016000,434600.0,2024-07-15 04:00:00
1087.6421,1092.6979,1071.8488,1080.5898,1721102400,282400.0,2024-07-16 04:00:00
1078.335,1092.6185,1069.5444,1085.6754,1721188800,464500.0,2024-07-17 04:00:00
1060.0983,1091.5954,1058.2806,1084.0763,1721275200,396100.0,2024-07-18 04:00:00
1056.4629,1069.5048,1053.6221,1064.9952,1721361600,452200.0,2024-07-19 04:00:00
1062.5616,1071.4714,1057.8037,1068.134,1721620800,299500.0,2024-07-22 04:00:00
1048.4867,1070.5676,1048.2583,1070.5676,1721707200,312000.0,2024-07-23 04:00:00
1053.7411,1059.2738,1045.7452,1048.9137,1721793600,452500.0,2024-07-24 04:00:00
1057.0487,1095.5486,1054.5953,1063.5647,1721880000,528300.0,2024-07-25 04:00:00
1071.392,1083.9869,1060.3764,1060.3764,1721966400,380900.0,2024-07-26 04:00:00
1069.9615,1077.7192,1066.207,1066.4156,1722225600,301100.0,2024-07-29 04:00:00
1070.5676,1085.1292,1059.7606,1075.3751,1722312000,358000.0,2024-07-30 04:00:00
1071.9482,1083.5201,1066.0283,1074.9381,1722398400,522700.0,2024-07-31 04:00:00
1085.8044,1093.8103,1034.8586,1053.741,1722484800,897700.0,2024-08-01 04:00:00
1074.9281,1107.518,1064.7867,1092.3902,1722571200,646200.0,2024-08-02 04:00:00
1064.0913,1083.1029,1042.964,1074.7393,1722830400,619500.0,2024-08-05 04:00:00
1059.0354,1083.4605,1057.0886,1057.0886,1722916800,445400.0,2024-08-06 04:00:00
1060.6348,1069.8623,1054.3372,1067.1706,1723003200,502500.0,2024-08-07 04:00:00
1105.879,1107.4187,1061.8565,1067.4089,1723089600,631100.0,2024-08-08 04:00:00
1123.6488,1125.397,1103.6539,1105.5312,1723176000,416600.0,2024-08-09 04:00:00
1113.5671,1122.4074,1102.5416,1117.0635,1723435200,501100.0,2024-08-12 04:00:00
1150.5573,1152.673,1114.9777,1118.0072,1723521600,572300.0,2024-08-13 04:00:00
1149.097,1153.4178,1131.0292,1144.5379,1723608000,443100.0,2024-08-14 04:00:00
1167.443,1170.0454,1147.5574,1159.4769,1723694400,569800.0,2024-08-15 04:00:00
1171.3965,1177.1376,1158.8909,1167.1153,1723780800,564400.0,2024-08-16 04:00:00
1188.8485,1189.653,1170.274,1172.1017,1724040000,445900.0,2024-08-19 04:00:00
1184.2296,1193.5268,1177.9123,1188.8484,1724126400,372200.0,2024-08-20 04:00:00
1177.3859,1195.4141,1176.0847,1186.693,1724212800,342400.0,2024-08-21 04:00:00
1179.6904,1183.8423,1172.0818,1181.7167,1724299200,310200.0,2024-08-22 04:00:00
1191.0735,1194.1725,1182.0147,1187.6963,1724385600,352400.0,2024-08-23 04:00:00
1191.3219,1198.712,1187.6468,1191.0736,1724644800,239700.0,2024-08-26 04:00:00
1193.6957,1203.0723,1189.0967,1191.2919,1724731200,295500.0,2024-08-27 04:00:00
1191.2423,1198.5628,1182.1835,1188.034,1724817600,308300.0,2024-08-28 04:00:00
1171.019,1202.844,1167.5722,1196.6359,1724904000,538600.0,2024-08-29 04:00:00
1176.7402,1183.3357,1162.9832,1171.2871,1724990400,405400.0,2024-08-30 04:00:00
1160.9669,1184.5377,1155.0667,1170.8203,1725336000,579100.0,2024-09-03 04:00:00
1171.4559,1174.3763,1155.5434,1160.9669,1725422400,333000.0,2024-09-04 04:00:00
1142.8394,1167.2743,1135.5684,1167.2743,1725508800,534200.0,2024-09-05 04:00:00
1123.9073,1145.1339,1121.3943,1142.2832,1725595200,616600.0,2024-09-06 04:00:00
1137.0881,1143.4054,1124.9104,1129.5491,1725854400,513300.0,2024-09-09 04:00:00
1128.7247,1136.5419,1114.9975,1136.5419,1725940800,356500.0,2024-09-10 04:00:00
1133.7904,1135.5187,1105.7697,1129.4001,1726027200,481900.0,2024-09-11 04:00:00
1156.6461,1159.7949,1119.6361,1130.463,1726113600,568900.0,2024-09-12 04:00:00
1145.6106,1162.725,1142.303,1152.951,1726200000,353600.0,2024-09-13 04:00:00
1145.3424,1154.2523,1144.2796,1154.2523,1726459200,346900.0,2024-09-16 04:00:00
1139.0549,1143.3757,1126.9864,1143.3757,1726545600,348700.0,2024-09-17 04:00:00
1131.1682,1148.6401,1130.006,1143.5942,1726632000,328100.0,2024-09-18 04:00:00
1142.4717,1158.0266,1140.4256,1141.9453,1726718400,596700.0,2024-09-19 04:00:00
1137.3464,1141.707,1128.5955,1138.3,1726804800,913900.0,2024-09-20 04:00:00
1084.6523,1146.8125,1073.9745,1140.4753,1727064000,1168300.0,2024-09-23 04:00:00
1038.9612,1072.7529,1015.3606,1069.1075,1727150400,1695200.0,2024-09-24 04:00:00
1024.2306,1041.484,1001.6431,1041.484,1727236800,1003100.0,2024-09-25 04:00:00
1032.9814,1056.2642,1023.3565,1055.0325,1727323200,691600.0,2024-09-26 04:00:00
1035.6931,1062.8199,1029.9222,1036.6368,1727409600,659700.0,2024-09-27 04:00:00
1044.1857,1051.1685,1032.6735,1033.7462,1727668800,599900.0,2024-09-30 04:00:00
1039.8849,1054.4763,1033.4186,1046.9869,1727755200,599400.0,2024-10-01 04:00:00
1033.2896,1038.9314,1019.0855,1033.508,1727841600,687000.0,2024-10-02 04:00:00
1007.7818,1031.8393,1004.5734,1030.538,1727928000,797500.0,2024-10-03 04:00:00
1006.0236,1016.2247,1000.5208,1008.5863,1728014400,1071800.0,2024-10-04 04:00:00
989.3661,1004.9111,986.1379,1004.4343,1728273600,583400.0,2024-10-07 04:00:00
998.5143,1001.226,986.3465,994.7796,1728360000,736000.0,2024-10-08 04:00:00
1005.3978,1007.8214,994.2829,1000.6995,1728446400,598100.0,2024-10-09 04:00:00
992.3163,1007.1063,991.472,1004.7721,1728532800,510900.0,2024-10-10 04:00:00
1008.8545,1010.9106,989.5947,996.5774,1728619200,479900.0,2024-10-11 04:00:00
1007.444,1016.8207,1002.6763,1011.6456,1728878400,497300.0,2024-10-14 04:00:00
1009.7087,1017.4862,997.0542,1010.0067,1728964800,514400.0,2024-10-15 04:00:00
1001.1962,1013.7017,1000.5605,1004.782,1729051200,367100.0,2024-10-16 04:00:00
991.5315,1006.2918,990.9753,1003.2722,1729137600,739700.0,2024-10-17 04:00:00
984.0322,995.9616,983.1283,991.3031,1729224000,869200.0,2024-10-18 04:00:00
962.0011,984.5885,961.4051,979.2844,1729483200,794200.0,2024-10-21 04:00:00
955.8823,966.2224,913.2503,956.5379,1729569600,1511700.0,2024-10-22 04:00:00
935.0729,953.1607,926.2724,945.4131,1729656000,850100.0,2024-10-23 04:00:00
922.6667,945.6316,922.2694,939.3639,1729742400,523400.0,2024-10-24 04:00:00
926.7592,937.4966,923.9878,923.9878,1729828800,547700.0,2024-10-25 04:00:00
922.3787,936.9403,920.9782,928.5073,1730088000,578700.0,2024-10-28 04:00:00
921.1073,926.1234,917.5513,920.9782,1730174400,680400.0,2024-10-29 04:00:00
916.5977,929.58,908.7109,913.5582,1730260800,628400.0,2024-10-30 04:00:00
832.5754,877.2238,810.5144,869.1284,1730347200,2291400.0,2024-10-31 04:00:00
837.9391,856.2157,832.2576,838.9424,1730433600,1087300.0,2024-11-01 04:00:00
823.2783,846.2928,821.2122,839.9159,1730696400,743600.0,2024-11-04 05:00:00
823.8642,831.0159,813.6433,819.4043,1730782800,633200.0,2024-11-05 05:00:00
811.17,838.843,808.0709,838.843,1730869200,879500.0,2024-11-06 05:00:00
818.9474,826.9434,808.5874,812.3917,1730955600,780900.0,2024-11-07 05:00:00
822.861,825.1555,817.2787,821.0235,1731042000,563600.0,2024-11-08 05:00:00
820.1394,828.8207,814.9445,818.4707,1731301200,691800.0,2024-11-11 05:00:00
815.4908,825.4237,811.6567,818.7786,1731387600,677600.0,2024-11-12 05:00:00
798.9326,818.0336,797.9393,809.978,1731474000,589500.0,2024-11-13 05:00:00
777.2591,798.0288,775.7096,794.7807,1731560400,1086900.0,2024-11-14 05:00:00
751.7316,777.8451,748.6325,777.5273,1731646800,1374500.0,2024-11-15 05:00:00
756.8867,757.582,745.1659,746.9239,1731906000,1027800.0,2024-11-18 05:00:00
739.6035,753.5095,731.2499,751.4832,1731992400,979900.0,2024-11-19 05:00:00
738.3619,745.6527,731.0712,737.2097,1732078800,654500.0,2024-11-20 05:00:00
739.5042,752.4765,731.0115,739.8717,1732165200,973000.0,2024-11-21 05:00:00
733.0478,746.3579,732.6803,739.7028,1732251600,1029400.0,2024-11-22 05:00:00
744.4806,752.7745,736.6435,742.9509,1732510800,1196400.0,2024-11-25 05:00:00
747.9769,749.1192,731.5578,738.2029,1732597200,779800.0,2024-11-26 05:00:00
749.8046,757.0457,744.4906,751.6422,1732683600,544800.0,2024-11-27 05:00:00
745.1858,749.447,735.0344,741.61,1732856400,489800.0,2024-11-29 05:00:00
757.2244,758.764,743.3878,744.9771,1733115600,896200.0,2024-12-02 05:00:00
744.5401,764.833,742.5535,753.44,1733202000,649800.0,2024-12-03 05:00:00
749.1987,751.0562,739.1466,743.537,1733288400,731800.0,2024-12-04 05:00:00
762.7471,762.8663,744.6593,746.5068,1733374800,779000.0,2024-12-05 05:00:00
772.7793,772.8985,760.0254,763.4821,1733461200,813700.0,2024-12-06 05:00:00
782.7122,795.615,767.8129,771.786,1733720400,1027300.0,2024-12-09 05:00:00
773.276,786.1788,757.582,778.8384,1733806800,1298500.0,2024-12-10 05:00:00
767.8129,776.0771,761.7241,772.9284,1733893200,776800.0,2024-12-11 05:00:00
735.9978,773.5044,735.4913,767.9321,1733979600,924000.0,2024-12-12 05:00:00
726.3927,735.2032,723.7903,733.4947,1734066000,696900.0,2024-12-13 05:00:00
720.0059,734.4284,717.3836,725.618,1734325200,920100.0,2024-12-16 05:00:00
735.0443,739.8021,716.2413,716.5294,1734411600,978700.0,2024-12-17 05:00:00
709.8246,740.0007,707.5201,730.2764,1734498000,907800.0,2024-12-18 05:00:00
703.4974,709.2584,688.3497,706.2289,1734584400,1086700.0,2024-12-19 05:00:00
697.1403,712.7945,696.1271,705.4343,1734670800,1890000.0,2024-12-20 05:00:00
710.3313,713.3708,701.4215,703.6266,1734930000,866500.0,2024-12-23 05:00:00
709.6757,715.1686,701.4115,707.5202,1735016400,382100.0,2024-12-24 05:00:00
711.8707,713.6686,704.3218,704.3218,1735189200,619200.0,2024-12-26 05:00:00
707.6196,714.1653,704.3318,705.7522,1735275600,795600.0,2024-12-27 05:00:00
697.8754,704.2125,695.7199,703.2887,1735534800,537200.0,2024-12-30 05:00:00
707.5499,708.2154,698.6699,699.1765,1735621200,473500.0,2024-12-31 05:00:00
710.3907,721.9328,707.1427,716.0227,1735794000,479000.0,2025-01-02 05:00:00
713.3309,717.1551,709.9637,711.2649,1735880400,558000.0,2025-01-03 05:00:00
711.4537,728.7667,708.9605,710.2021,1736139600,820300.0,2025-01-06 05:00:00
725.3994,729.5116,711.5331,711.5331,1736226000,802500.0,2025-01-07 05:00:00
728.6674,738.2923,720.7309,723.1546,1736312400,758800.0,2025-01-08 05:00:00
692.2037,719.8668,686.3631,716.4896,1736485200,1117200.0,2025-01-10 05:00:00
712.0894,712.5562,661.7792,664.7491,1736744400,1406000.0,2025-01-13 05:00:00
686.2341,711.1756,681.3968,709.2188,1736830800,791700.0,2025-01-14 05:00:00
698.7097,707.8182,693.5148,695.9086,1736917200,880400.0,2025-01-15 05:00:00
688.5781,701.7988,686.6909,696.3357,1737003600,853900.0,2025-01-16 05:00:00
677.0063,702.7325,676.321,700.6069,1737090000,1111900.0,2025-01-17 05:00:00
683.1847,688.2803,676.9469,682.847,1737435600,1145300.0,2025-01-21 05:00:00
675.4668,695.1836,673.1325,685.1414,1737522000,945100.0,2025-01-22 05:00:00
689.9788,691.5183,673.7286,675.9733,1737608400,1145000.0,2025-01-23 05:00:00
671.2552,689.1841,670.5798,684.1183,1737694800,1021800.0,2025-01-24 05:00:00
680.1153,693.7631,672.1888,672.1888,1737954000,1051400.0,2025-01-27 05:00:00
681.7244,685.6678,673.5794,677.5327,1738040400,640100.0,2025-01-28 05:00:00
682.6582,692.8891,677.7513,681.357,1738126800,522800.0,2025-01-29 05:00:00
678.4964,684.9925,669.8051,683.6913,1738213200,771800.0,2025-01-30 05:00:00
668.4641,683.3833,667.451,672.7452,1738299600,943800.0,2025-01-31 05:00:00
662.3752,669.1296,658.9781,664.3121,1738558800,1009200.0,2025-02-03 05:00:00
692.3726,705.2158,637.692,645.6383,1738645200,1654500.0,2025-02-04 05:00:00
711.9105,724.3564,695.3126,704.0436,1738731600,1436100.0,2025-02-05 05:00:00
717.2247,729.3429,708.6328,708.6328,1738818000,1116600.0,2025-02-06 05:00:00
705.2357,726.5119,704.7887,721.5852,1738904400,885700.0,2025-02-07 05:00:00
685.7275,714.9501,684.2971,709.6559,1739163600,918500.0,2025-02-10 05:00:00
660.9946,676.2217,659.7331,676.0628,1739250000,1270800.0,2025-02-11 05:00:00
659.4052,666.4774,651.449,655.5314,1739336400,1292200.0,2025-02-12 05:00:00
669.7454,673.1425,657.4981,660.9945,1739422800,604700.0,2025-02-13 05:00:00
669.0799,679.4101,667.0437,673.6491,1739509200,623000.0,2025-02-14 05:00:00
675.437,685.3202,670.3513,675.0794,1739854800,826000.0,2025-02-18 05:00:00
681.059,684.0488,670.7586,670.7586,1739941200,638300.0,2025-02-19 05:00:00
692.2379,699.3192,681.7253,684.3111,1740027600,627500.0,2025-02-20 05:00:00
696.5245,700.2542,689.304,694.1376,1740114000,727400.0,2025-02-21 05:00:00
709.3743,721.0604,696.6239,700.1049,1740373200,896400.0,2025-02-24 05:00:00
719.5386,734.9843,711.612,716.0875,1740459600,1049900.0,2025-02-25 05:00:00
703.0985,717.4899,697.2604,717.3705,1740546000,712900.0,2025-02-26 05:00:00
698.9612,717.0821,696.8626,702.0642,1740632400,568500.0,2025-02-27 05:00:00
694.9431,704.7296,689.9404,697.5091,1740718800,1028800.0,2025-02-28 05:00:00
681.1485,700.8111,679.7462,698.0959,1740978000,708600.0,2025-03-03 05:00:00
671.8195,693.6701,668.8457,684.7389,1741064400,1197600.0,2025-03-04 05:00:00
683.4161,689.0254,669.4922,670.3176,1741150800,828700.0,2025-03-05 05:00:00
694.6447,697.1908,678.5526,679.388,1741237200,866400.0,2025-03-06 05:00:00
703.6655,725.7846,692.6457,694.8337,1741323600,1083900.0,2025-03-07 05:00:00
740.7827,744.2238,705.5253,706.1519,1741579200,1631300.0,2025-03-10 04:00:00
714.2576,743.6371,708.519,742.6425,1741665600,1108100.0,2025-03-11 04:00:00
685.7533,708.5886,679.7163,706.0822,1741752000,808300.0,2025-03-12 04:00:00
676.9116,695.1519,673.6594,683.6945,1741838400,863700.0,2025-03-13 04:00:00
663.2463,683.247,653.43,676.9117,1741924800,1306000.0,2025-03-14 04:00:00
674.7335,676.1358,661.0681,664.6287,1742184000,942900.0,2025-03-17 04:00:00
661.3467,674.5844,660.6902,674.3158,1742270400,608100.0,2025-03-18 04:00:00
668.7064,670.9044,655.4489,660.0636,1742356800,675700.0,2025-03-19 04:00:00
659.0193,671.163,658.7309,666.3593,1742443200,663000.0,2025-03-20 04:00:00
654.9018,657.4081,647.5221,654.4244,1742529600,1869100.0,2025-03-21 04:00:00
657.4082,663.8331,651.7392,656.4136,1742788800,962400.0,2025-03-24 04:00:00
630.6942,658.9697,629.6598,658.8503,1742875200,852900.0,2025-03-25 04:00:00
636.6616,640.5006,625.602,630.6942,1742961600,1251900.0,2025-03-26 04:00:00
632.375,639.9337,626.517,637.7258,1743048000,811500.0,2025-03-27 04:00:00
633.8967,639.4762,628.0188,634.5432,1743134400,805900.0,2025-03-28 04:00:00
630.7836,637.2384,615.1491,626.6562,1743393600,1066300.0,2025-03-31 04:00:00
613.6472,637.7555,611.6581,627.0838,1743480000,1059700.0,2025-04-01 04:00:00
622.2006,624.5875,606.7848,610.1962,1743566400,902600.0,2025-04-02 04:00:00
607.3219,624.5876,604.5769,622.8471,1743652800,1047500.0,2025-04-03 04:00:00
570.334,609.6591,568.8919,607.3319,1743739200,1547700.0,2025-04-04 04:00:00
569.6676,588.3256,554.7988,566.107,1743998400,1687400.0,2025-04-07 04:00:00
553.7843,582.8456,543.3911,576.3112,1744084800,1159700.0,2025-04-08 04:00:00
573.5862,577.5744,523.1319,535.0766,1744171200,1871500.0,2025-04-09 04:00:00
543.421,568.8818,526.8515,565.8385,1744257600,1357800.0,2025-04-10 04:00:00
551.1686,552.5113,530.3623,545.6487,1744344000,1170900.0,2025-04-11 04:00:00
567.9569,571.597,552.3721,557.3946,1744603200,946300.0,2025-04-14 04:00:00
554.8784,572.0744,549.9951,565.4606,1744689600,838500.0,2025-04-15 04:00:00
546.2953,558.7771,541.5412,553.9733,1744776000,875700.0,2025-04-16 04:00:00
560.0998,561.1441,542.0385,545.0918,1744862400,827700.0,2025-04-17 04:00:00
558.4388,567.2507,549.9651,553.0184,1745208000,745600.0,2025-04-21 04:00:00
582.3085,583.9098,562.0691,562.4272,1745294400,1036800.0,2025-04-22 04:00:00
584.6556,600.4891,581.2741,592.632,1745380800,791900.0,2025-04-23 04:00:00
596.501,598.0127,583.6213,587.7189,1745467200,1317000.0,2025-04-24 04:00:00
599.3654,599.5145,582.597,595.0788,1745553600,964400.0,2025-04-25 04:00:00
607.5406,611.489,597.9232,600.0813,1745812800,1175200.0,2025-04-28 04:00:00
565.8185,576.8284,539.4924,558.6975,1745899200,2660300.0,2025-04-29 04:00:00
595.5064,596.9386,563.909,576.1124,1745985600,1679400.0,2025-04-30 04:00:00
586.7939,590.7026,575.3564,586.5652,1746072000,1190500.0,2025-05-01 04:00:00
602.3191,612.2648,595.8246,596.7396,1746158400,1606400.0,2025-05-02 04:00:00
600.3002,607.7196,598.5298,603.5922,1746417600,1124300.0,2025-05-05 04:00:00
555.485,603.5723,554.6098,597.7441,1746504000,1510900.0,2025-05-06 04:00:00
557.882,565.0428,553.3368,558.7373,1746590400,1140500.0,2025-05-07 04:00:00
544.694,549.5674,517.6717,544.9029,1746676800,2709200.0,2025-05-08 04:00:00
524.9121,549.8359,524.2656,546.0168,1746763200,1499000.0,2025-05-09 04:00:00
572.5021,574.8492,532.3813,540.8649,1747022400,1898300.0,2025-05-12 04:00:00
571.04,571.9252,555.4154,568.3448,1747108800,1149900.0,2025-05-13 04:00:00
568.2553,577.4053,564.5058,573.2182,1747195200,1664500.0,2025-05-14 04:00:00
581.8112,582.0798,561.8403,572.9994,1747281600,1301800.0,2025-05-15 04:00:00
591.0906,591.9558,578.3303,585.0336,1747368000,936900.0,2025-05-16 04:00:00
593.2984,595.3074,583.492,585.2822,1747627200,666300.0,2025-05-19 04:00:00
612.3526,613.01,592.6511,592.6511,1747713600,1102100.0,2025-05-20 04:00:00
602.2229,615.0718,595.5495,610.6195,1747800000,1089300.0,2025-05-21 04:00:00
594.4837,603.0994,590.38,600.8086,1747886400,867200.0,2025-05-22 04:00:00
586.0074,589.2944,580.0611,584.5233,1747972800,656300.0,2025-05-23 04:00:00
600.8683,605.7588,588.4577,600.699,1748318400,876100.0,2025-05-27 04:00:00
589.5035,603.5974,587.8103,600.8683,1748404800,1008300.0,2025-05-28 04:00:00
602.9898,603.3284,588.6768,594.6928,1748491200,756700.0,2025-05-29 04:00:00
488.3362,517.7193,483.0771,515.6076,1748577600,6313100.0,2025-05-30 04:00:00
488.8641,500.5675,479.6707,489.143,1748836800,2944300.0,2025-06-02 04:00:00
485.9258,499.1233,483.4158,488.8442,1748923200,2141600.0,2025-06-03 04:00:00
483.0074,497.9181,481.0751,489.7606,1749009600,1870700.0,2025-06-04 04:00:00
481.1548,489.8203,474.6009,484.0732,1749096000,1791100.0,2025-06-05 04:00:00
491.2646,497.8982,483.0772,483.615,1749182400,1497900.0,2025-06-06 04:00:00
515.5479,516.2152,492.4598,496.0256,1749441600,1983100.0,2025-06-09 04:00:00
521.4544,527.8888,516.1056,517.9384,1749528000,1175000.0,2025-06-10 04:00:00
516.5439,526.2752,514.0539,523.6856,1749614400,963100.0,2025-06-11 04:00:00
519.7711,523.1377,510.9362,515.1793,1749700800,873200.0,2025-06-12 04:00:00
527.1418,527.4506,512.9383,516.1954,1749787200,951500.0,2025-06-13 04:00:00
520.6077,536.0662,518.1575,530.7673,1750046400,1325800.0,2025-06-16 04:00:00
506.8426,520.9365,506.6832,517.2113,1750132800,890400.0,2025-06-17 04:00:00
511.5439,517.1117,501.2548,506.4939,1750219200,841000.0,2025-06-18 04:00:00
507.6992,519.2432,504.3724,518.9842,1750392000,2259300.0,2025-06-20 04:00:00
509.8904,514.1335,505.5975,507.978,1750651200,1076000.0,2025-06-23 04:00:00
520.1995,525.3589,513.7451,513.7451,1750737600,970600.0,2025-06-24 04:00:00
518.2272,523.5461,514.9403,519.3329,1750824000,639500.0,2025-06-25 04:00:00
518.9344,522.4405,512.749,517.9384,1750910400,965500.0,2025-06-26 04:00:00
518.9344,529.104,515.3388,519.7213,1750996800,1607800.0,2025-06-27 04:00:00
522.9186,523.9943,516.8428,518.1476,1751256000,1013200.0,2025-06-30 04:00:00
532.7892,545.8672,518.9344,521.8926,1751342400,1200700.0,2025-07-01 04:00:00
545.5684,549.3135,527.59,531.5442,1751428800,818100.0,2025-07-02 04:00:00
545.1899,552.7996,544.4429,545.5783,1751515200,456400.0,2025-07-03 04:00:00
535.9766,545.4191,530.4885,543.8354,1751860800,960300.0,2025-07-07 04:00:00
545.5784,557.242,535.3192,536.7336,1751947200,847100.0,2025-07-08 04:00:00
550.3893,556.1663,543.2178,544.931,1752033600,843800.0,2025-07-09 04:00:00
557.5408,564.1246,547.9291,552.1822,1752120000,827300.0,2025-07-10 04:00:00
565.4891,566.2063,549.2936,556.1762,1752206400,844600.0,2025-07-11 04:00:00
568.3278,572.8498,559.7718,563.8556,1752465600,717100.0,2025-07-14 04:00:00
545.7875,572.4713,544.1142,571.8737,1752552000,998400.0,2025-07-15 04:00:00
545.7576,556.1363,544.403,547.8194,1752638400,1089900.0,2025-07-16 04:00:00
547.8195,552.2817,539.8611,543.5066,1752724800,989200.0,2025-07-17 04:00:00
540.3691,548.7059,539.3531,547.8194,1752811200,1307800.0,2025-07-18 04:00:00
543.3672,550.7877,540.3492,541.2855,1753070400,709100.0,2025-07-21 04:00:00
558.7061,560.7679,544.7517,544.7517,1753156800,976700.0,2025-07-22 04:00:00
570.1207,574.4136,560.7779,565.8676,1753243200,891100.0,2025-07-23 04:00:00
562.4014,575.4395,561.4352,570.2701,1753329600,1037600.0,2025-07-24 04:00:00
560.8675,564.9612,553.2976,563.1683,1753416000,755800.0,2025-07-25 04:00:00
556.4153,565.6983,556.3256,561.2959,1753675200,588400.0,2025-07-28 04:00:00
555.9371,557.3913,549.8115,555.7877,1753761600,814900.0,2025-07-29 04:00:00
552.3813,561.3556,548.3075,558.2281,1753848000,564900.0,2025-07-30 04:00:00
543.2975,555.9172,539.4627,547.8294,1753934400,1413900.0,2025-07-31 04:00:00
556.6543,580.9676,540.7377,580.6986,1754020800,1656400.0,2025-08-01 04:00:00
569.274,574.9216,559.7819,564.7321,1754280000,1362500.0,2025-08-04 04:00:00
567.6406,577.5213,566.2462,567.9892,1754366400,993300.0,2025-08-05 04:00:00
552.9291,571.1964,548.3175,566.7441,1754452800,865000.0,2025-08-06 04:00:00
557.5806,563.2381,550.8574,555.4491,1754539200,811200.0,2025-08-07 04:00:00
560.7679,565.4393,555.8475,557.5806,1754625600,1024300.0,2025-08-08 04:00:00
543.7755,570.3099,542.0025,559.2938,1754884800,1103900.0,2025-08-11 04:00:00
554.3434,560.5089,544.921,545.7676,1754971200,766000.0,2025-08-12 04:00:00
559.3237,563.258,549.8115,554.8714,1755057600,1096100.0,2025-08-13 04:00:00
563.7261,571.2163,555.7877,558.6762,1755144000,976300.0,2025-08-14 04:00:00
578.1088,579.6428,568.5768,575.6686,1755230400,1122200.0,2025-08-15 04:00:00
572.5026,583.5655,572.4029,580.6626,1755489600,769400.0,2025-08-18 04:00:00
570.3779,580.2636,569.4003,573.8893,1755576000,854600.0,2025-08-19 04:00:00
589.5607,595.4562,568.9913,570.9265,1755662400,1298500.0,2025-08-20 04:00:00
596.6932,603.696,583.6652,585.4309,1755748800,1010000.0,2025-08-21 04:00:00
588.0345,608.9531,584.0643,600.8729,1755835200,1439400.0,2025-08-22 04:00:00
570.9764,593.4213,570.8468,589.6106,1756094400,880900.0,2025-08-25 04:00:00
586.209,586.6578,565.6894,571.5949,1756180800,1614400.0,2025-08-26 04:00:00
585.5207,595.556,584.0642,590.4186,1756267200,584100.0,2025-08-27 04:00:00
578.1887,589.5109,573.6299,584.9919,1756353600,616600.0,2025-08-28 04:00:00
579.276,579.8246,574.4778,575.7347,1756440000,574300.0,2025-08-29 04:00:00
576.4829,584.0543,568.9514,579.1164,1756785600,1020200.0,2025-09-02 04:00:00
562.4175,587.2564,561.4099,580.5629,1756872000,1118500.0,2025-09-03 04:00:00
565.829,580.5529,558.2477,566.6171,1756958400,1124300.0,2025-09-04 04:00:00
571.9739,576.3332,563.6145,563.7641,1757044800,960400.0,2025-09-05 04:00:00
557.0706,569.7993,551.4544,569.7993,1757304000,1250400.0,2025-09-08 04:00:00
555.1653,562.1881,553.4395,555.6342,1757390400,873200.0,2025-09-09 04:00:00
554.467,558.6267,551.6239,553.8485,1757476800,874700.0,2025-09-10 04:00:00
566.8066,569.3604,554.447,554.447,1757563200,868200.0,2025-09-11 04:00:00
558.6268,568.6022,558.0781,565.9488,1757649600,602600.0,2025-09-12 04:00:00
571.1859,572.2832,557.1703,557.1703,1757908800,995700.0,2025-09-15 04:00:00
573.6498,577.9792,565.9089,572.0238,1757995200,707900.0,2025-09-16 04:00:00
584.0643,586.2289,574.8968,574.8968,1758081600,921500.0,2025-09-17 04:00:00
597.2419,598.5287,582.4881,588.0744,1758168000,1267000.0,2025-09-18 04:00:00
590.5383,601.9902,589.5508,601.0624,1758254400,2178000.0,2025-09-19 04:00:00
594.2193,599.2769,587.2265,591.5459,1758513600,904900.0,2025-09-22 04:00:00
566.4974,580.5728,564.0634,578.5777,1758600000,1362200.0,2025-09-23 04:00:00
575.5651,576.5627,564.6121,566.4974,1758686400,777300.0,2025-09-24 04:00:00
554.1478,577.5802,547.8533,575.8844,1758772800,1394200.0,2025-09-25 04:00:00
562.5173,563.2255,549.3596,560.6219,1758859200,838600.0,2025-09-26 04:00:00
559.3749,563.5247,555.9733,562.5172,1759118400,922400.0,2025-09-29 04:00:00
560.8912,572.6323,553.639,559.2054,1759204800,1662500.0,2025-09-30 04:00:00
598.4688,613.8809,568.5922,569.4701,1759291200,2083200.0,2025-10-01 04:00:00
598.5287,603.9254,595.137,598.9476,1759377600,1096500.0,2025-10-02 04:00:00
598.5287,616.4945,598.399,600.6136,1759464000,1154500.0,2025-10-03 04:00:00
584.0443,602.1698,582.9769,600.5238,1759723200,1072400.0,2025-10-06 04:00:00
581.8098,589.9997,577.0016,586.1492,1759809600,656400.0,2025-10-07 04:00:00
562.4774,603.5165,559.5944,582.578,1759896000,1415800.0,2025-10-08 04:00:00
568.5026,573.3107,562.1282,567.6247,1759982400,853300.0,2025-10-09 04:00:00
563.2454,575.7546,554.1777,567.894,1760068800,1495000.0,2025-10-10 04:00:00
556.3623,562.3875,539.6733,550.1476,1760328000,1426400.0,2025-10-13 04:00:00
571.1959,574.7671,552.5118,555.5543,1760414400,1010600.0,2025-10-14 04:00:00
575.0065,583.4358,567.6247,573.62,1760500800,927700.0,2025-10-15 04:00:00
567.7743,587.6355,562.617,581.5804,1760587200,842200.0,2025-10-16 04:00:00
576.6325,577.6201,564.7218,568.9514,1760673600,745700.0,2025-10-17 04:00:00
575.3557,581.2213,572.8219,577.9892,1760932800,639100.0,2025-10-20 04:00:00
577.9194,580.9818,571.4153,573.1909,1761019200,651600.0,2025-10-21 04:00:00
583.3061,587.2664,577.1811,578.7872,1761105600,691200.0,2025-10-22 04:00:00
574.2783,582.5679,571.3455,578.2585,1761192000,778800.0,2025-10-23 04:00:00
576.5328,581.2711,574.7871,578.2286,1761278400,875400.0,2025-10-24 04:00:00
583.8747,584.7127,574.5177,579.0765,1761537600,1246100.0,2025-10-27 04:00:00
652.8751,654.0921,603.5464,610.5192,1761624000,2126800.0,2025-10-28 04:00:00
651.309,658.3616,636.0964,648.8151,1761710400,1751500.0,2025-10-29 04:00:00
652.4362,662.3718,642.341,643.977,1761796800,1120700.0,2025-10-30 04:00:00
650.2017,658.3816,643.4183,647.8574,1761883200,797900.0,2025-10-31 04:00:00
640.675,655.8478,625.9612,655.8478,1762146000,810300.0,2025-11-03 05:00:00
626.4601,644.6354,623.6071,642.2014,1762232400,1030900.0,2025-11-04 05:00:00
642.6103,645.3037,626.46,629.5524,1762318800,724300.0,2025-11-05 05:00:00
645.2838,655.3889,639.2586,639.2586,1762405200,916600.0,2025-11-06 05:00:00
655.9177,656.596,639.4182,648.7552,1762491600,782800.0,2025-11-07 05:00:00
653.1345,664.3569,651.5883,654.3914,1762750800,824800.0,2025-11-10 05:00:00
672.8959,674.6715,649.7827,649.8824,1762837200,977200.0,2025-11-11 05:00:00
680.0482,689.0861,671.0204,677.2252,1762923600,1208300.0,2025-11-12 05:00:00
693.2858,711.8302,678.2627,681.3252,1763010000,1505300.0,2025-11-13 05:00:00
691.7994,697.5553,684.268,695.4804,1763096400,907000.0,2025-11-14 05:00:00
702.5829,710.1343,690.5923,691.6398,1763355600,1132900.0,2025-11-17 05:00:00
723.5613,726.1848,697.5053,700.7873,1763442000,1368700.0,2025-11-18 05:00:00
701.0267,726.0253,700.907,726.0253,1763528400,1383600.0,2025-11-19 05:00:00
736.1145,752.6047,719.1549,724.1289,1763614800,2296800.0,2025-11-20 05:00:00
754.9918,763.172,734.856,735.1257,1763701200,1427700.0,2025-11-21 05:00:00
760.5352,772.2011,755.7309,758.138,1763960400,1554900.0,2025-11-24 05:00:00
786.3741,789.6202,759.0969,763.961,1764046800,1200400.0,2025-11-25 05:00:00
783.6673,790.0296,776.0665,784.7759,1764133200,871700.0,2025-11-26 05:00:00
779.2526,788.032,778.5635,783.7572,1764306000,510400.0,2025-11-28 05:00:00
749.2087,778.9829,747.2511,774.6681,1764565200,992000.0,2025-12-01 05:00:00
741.1085,746.1025,730.1217,741.2284,1764651600,924600.0,2025-12-02 05:00:00
722.8005,743.3358,719.2049,729.4825,1764738000,1238500.0,2025-12-03 05:00:00
721.9316,734.1169,720.3535,731.57,1764824400,1067100.0,2025-12-04 05:00:00
717.4969,735.2656,716.3982,722.1313,1764910800,798300.0,2025-12-05 05:00:00
702.4151,723.26,700.9069,722.8205,1765170000,1005900.0,2025-12-08 05:00:00
691.7479,710.2956,691.0288,704.2628,1765256400,604400.0,2025-12-09 05:00:00
725.3375,727.1254,691.668,694.2249,1765342800,1316500.0,2025-12-10 05:00:00
745.9028,752.7046,725.2077,725.2077,1765429200,1153900.0,2025-12-11 05:00:00
740.3994,745.1536,733.4977,740.699,1765515600,804800.0,2025-12-12 05:00:00
751.7158,755.7609,745.4833,747.9503,1765774800,932800.0,2025-12-15 05:00:00
745.4633,756.44,733.8372,751.6658,1765861200,713200.0,2025-12-16 05:00:00
748.8892,751.0865,742.437,745.6531,1765947600,765900.0,2025-12-17 05:00:00
747.8105,751.9355,738.3418,746.6418,1766034000,1057600.0,2025-12-18 05:00:00
767.0374,772.9202,747.2811,752.8144,1766120400,2335900.0,2025-12-19 05:00:00
778.4236,782.6585,764.1708,764.9199,1766379600,818000.0,2025-12-22 05:00:00
784.2266,791.7975,776.0665,776.426,1766466000,832000.0,2025-12-23 05:00:00
782.7684,791.8175,782.6685,787.0433,1766552400,267200.0,2025-12-24 05:00:00
784.0269,787.0632,777.1052,782.8483,1766725200,321000.0,2025-12-26 05:00:00
779.5623,784.1068,773.6693,779.6222,1766984400,545100.0,2025-12-29 05:00:00
773.0101,776.8355,769.3745,775.3673,1767070800,383200.0,2025-12-30 05:00:00
770.9426,774.0689,768.2459,771.0725,1767157200,354800.0,2025-12-31 05:00:00
775.3773,778.8132,764.85,773.3198,1767330000,464800.0,2026-01-02 05:00:00
762.313,771.0625,752.2951,768.7952,1767589200,835700.0,2026-01-05 05:00:00
775.607,786.7136,762.2831,763.4316,1767675600,935000.0,2026-01-06 05:00:00
811.2941,813.1219,779.1627,785.2354,1767762000,1264700.0,2026-01-07 05:00:00
800.0476,816.0084,799.718,804.8418,1767848400,1049300.0,2026-01-08 05:00:00
795.593,820.1234,789.9298,802.0052,1767934800,711500.0,2026-01-09 05:00:00
767.0773,810.1155,764.1608,809.0268,1768194000,1321100.0,2026-01-12 05:00:00
757.9982,765.0697,743.0462,764.2407,1768280400,946500.0,2026-01-13 05:00:00
753.2339,765.7189,752.1053,759.6662,1768366800,668900.0,2026-01-14 05:00:00
741.0286,755.5911,736.1146,753.9431,1768453200,865600.0,2026-01-15 05:00:00
732.1592,748.19,725.5572,748.19,1768539600,1682400.0,2026-01-16 05:00:00
732.8984,736.9835,717.5169,728.5237,1768885200,789100.0,2026-01-20 05:00:00
748.4297,749.0989,734.1169,735.8249,1768971600,788400.0,2026-01-21 05:00:00
754.6023,764.0809,746.4721,749.4385,1769058000,765400.0,2026-01-22 05:00:00
752.6447,761.0845,746.4022,756.4001,1769144400,721000.0,2026-01-23 05:00:00
761.7338,766.3781,749.1889,749.1889,1769403600,934200.0,2026-01-26 05:00:00
770.3234,775.3174,760.5851,761.5539,1769490000,645800.0,2026-01-27 05:00:00
750.2275,766.0685,746.6718,764.2307,1769576400,827900.0,2026-01-28 05:00:00
748.5396,754.822,741.9076,754.822,1769662800,925800.0,2026-01-29 05:00:00
740.5592,773.4396,734.7262,753.0542,1769749200,1317500.0,2026-01-30 05:00:00
754.1129,762.6426,730.6312,732.0394,1770008400,693000.0,2026-02-02 05:00:00
758.2679,772.7904,741.8476,744.6343,1770094800,768700.0,2026-02-03 05:00:00
774.1288,778.8431,764.2906,764.8799,1770181200,952000.0,2026-02-04 05:00:00
765.7089,789.0508,759.0869,776.8955,1770267600,976500.0,2026-02-05 05:00:00
784.5663,786.0445,763.8612,768.7054,1770354000,671400.0,2026-02-06 05:00:00
779.3426,789.0509,774.5683,782.2291,1770613200,586800.0,2026-02-09 05:00:00
754.003,780.4612,752.1952,778.7932,1770699600,792600.0,2026-02-10 05:00:00
778.0341,780.4811,744.1748,749.9478,1770786000,1123600.0,2026-02-11 05:00:00
782.7085,795.7627,773.7892,783.8571,1770872400,814300.0,2026-02-12 05:00:00
802.205,805.2114,784.0569,787.9721,1770958800,974700.0,2026-02-13 05:00:00
792.5767,814.0208,782.6785,802.5147,1771304400,747100.0,2026-02-17 05:00:00
791.2083,796.0425,785.8447,792.5767,1771390800,675900.0,2026-02-18 05:00:00
781.44,789.0508,772.3809,789.0508,1771477200,504800.0,2026-02-19 05:00:00
779.67,781.46,770.0,775.0,1771563600,615100.0,2026-02-20 05:00:00
787.04,792.16,777.58,777.58,1771822800,510500.0,2026-02-23 05:00:00
772.19,792.67,768.75,780.47,1771909200,628700.0,2026-02-24 05:00:00
784.28,791.11,771.43,774.13,1771995600,750900.0,2026-02-25 05:00:00
770.79,784.5,753.79,784.28,1772082000,772700.0,2026-02-26 05:00:00
781.67,786.68,760.91,760.91,1772168400,726400.0,2026-02-27 05:00:00
790.81,793.16,769.63,771.1,1772427600,793100.0,2026-03-02 05:00:00
766.66,794.77,764.49,781.01,1772514000,637200.0,2026-03-03 05:00:00
787.5,791.6,764.24,767.05,1772600400,641400.0,2026-03-04 05:00:00
764.93,781.99,760.01,780.0,1772686800,657500.0,2026-03-05 05:00:00
759.86,762.4,746.66,755.01,1772773200,561900.0,2026-03-06 05:00:00
781.6,783.7,754.91,759.86,1773028800,697100.0,2026-03-09 04:00:00
772.03,788.69,771.34,781.67,1773115200,473300.0,2026-03-10 04:00:00
774.66,783.12,765.0,769.17,1773201600,405200.0,2026-03-11 04:00:00
746.61,766.0,744.0,764.06,1773288000,630400.0,2026-03-12 04:00:00
745.77,758.98,741.9,754.55,1773374400,438100.0,2026-03-13 04:00:00
756.91,763.3,747.01,750.0,1773633600,396200.0,2026-03-16 04:00:00
759.05,771.23,755.64,763.53,1773720000,437000.0,2026-03-17 04:00:00
744.12,757.6,734.56,751.22,1773806400,672500.0,2026-03-18 04:00:00
737.45,750.32,727.88,744.5,1773892800,628300.0,2026-03-19 04:00:00
732.87,744.85,728.64,738.17,1773979200,1359900.0,2026-03-20 04:00:00
736.53,750.0,735.0,745.0,1774238400,535900.0,2026-03-23 04:00:00
741.69,743.17,727.96,728.51,1774324800,507900.0,2026-03-24 04:00:00
749.47,757.98,744.02,744.67,1774411200,553100.0,2026-03-25 04:00:00
756.73,761.73,747.77,749.4,1774497600,488600.0,2026-03-26 04:00:00
737.71,759.47,736.64,756.65,1774584000,492200.0,2026-03-27 04:00:00
749.29,757.68,741.47,743.83,1774843200,630400.0,2026-03-30 04:00:00
772.64,774.26,755.8,757.47,1774929600,642600.0,2026-03-31 04:00:00
777.25,781.21,769.97,775.0,1775016000,627400.0,2026-04-01 04:00:00
761.85,770.11,745.0,767.04,1775102400,1000600.0,2026-04-02 04:00:00
763.04,768.8,758.49,766.83,1775448000,460400.0,2026-04-06 04:00:00
760.27,761.91,747.76,758.4,1775534400,620900.0,2026-04-07 04:00:00
775.53,775.63,755.99,765.26,1775620800,580400.0,2026-04-08 04:00:00
767.85,772.45,761.5,764.15,1775707200,596700.0,2026-04-09 04:00:00
748.87,771.48,739.09,771.48,1775793600,751300.0,2026-04-10 04:00:00
