close,high,low,open,time,volume,date
409.0564,413.8157,407.1024,412.239,1603166400,442400.0,2020-10-20 04:00:00
407.6925,412.3647,407.3055,408.8533,1603252800,362000.0,2020-10-21 04:00:00
413.5545,415.3731,407.7119,407.9537,1603339200,408600.0,2020-10-22 04:00:00
414.5992,418.604,411.2716,416.9789,1603425600,270400.0,2020-10-23 04:00:00
404.2392,412.8775,400.4956,410.759,1603684800,473000.0,2020-10-26 04:00:00
381.71,392.486,377.2602,391.7702,1603771200,1415000.0,2020-10-27 04:00:00
355.4952,376.2735,353.5605,375.0837,1603857600,1514600.0,2020-10-28 04:00:00
358.697,363.6788,354.5955,354.5955,1603944000,936400.0,2020-10-29 04:00:00
359.2097,361.1347,351.0454,357.2944,1604030400,490500.0,2020-10-30 04:00:00
368.4962,369.4442,363.2629,365.3813,1604293200,752700.0,2020-11-02 05:00:00
370.8274,377.918,368.1189,373.1297,1604379600,623400.0,2020-11-03 05:00:00
376.051,384.5635,368.8153,374.2324,1604466000,733600.0,2020-11-04 05:00:00
373.3908,385.3954,373.0232,385.3954,1604552400,689600.0,2020-11-05 05:00:00
375.7318,378.8079,371.611,372.6557,1604638800,646100.0,2020-11-06 05:00:00
377.4633,403.62,377.1054,397.4871,1604898000,1047500.0,2020-11-09 05:00:00
387.8815,388.2587,377.502,377.502,1604984400,676900.0,2020-11-10 05:00:00
388.2393,393.5403,386.4014,390.6867,1605070800,545100.0,2020-11-11 05:00:00
377.8889,389.0423,373.5746,386.6046,1605157200,584400.0,2020-11-12 05:00:00
383.4413,384.6892,377.3568,380.4523,1605243600,546000.0,2020-11-13 05:00:00
394.5464,395.6492,383.4704,385.9661,1605502800,580300.0,2020-11-16 05:00:00
392.3989,397.371,388.191,389.7678,1605589200,584400.0,2020-11-17 05:00:00
395.0301,396.9841,387.3591,392.0313,1605675600,585500.0,2020-11-18 05:00:00
396.1038,397.6902,392.9987,393.7048,1605762000,441500.0,2020-11-19 05:00:00
392.0217,397.5742,390.3579,396.5005,1605848400,679500.0,2020-11-20 05:00:00
392.4666,396.4424,390.2418,395.475,1606107600,458400.0,2020-11-23 05:00:00
404.8582,406.1351,392.6698,396.5004,1606194000,484200.0,2020-11-24 05:00:00
404.8002,407.7022,403.3008,406.4253,1606280400,274900.0,2020-11-25 05:00:00
405.1194,407.4506,402.6914,406.7155,1606453200,257500.0,2020-11-27 05:00:00
413.0515,413.4385,404.3455,404.3455,1606712400,704400.0,2020-11-30 05:00:00
410.1495,418.9426,408.418,415.6343,1606798800,564600.0,2020-12-01 05:00:00
404.3552,409.9754,402.3238,409.9754,1606885200,351200.0,2020-12-02 05:00:00
395.8426,405.1774,394.8076,402.6139,1606971600,609800.0,2020-12-03 05:00:00
404.2972,404.2972,396.4328,396.4328,1607058000,529800.0,2020-12-04 05:00:00
405.2935,407.4313,399.9345,404.7035,1607317200,368000.0,2020-12-07 05:00:00
405.4483,409.3176,402.6334,402.6334,1607403600,357300.0,2020-12-08 05:00:00
405.8352,407.5474,400.3407,405.1194,1607490000,388800.0,2020-12-09 05:00:00
401.4435,406.3672,398.8413,406.3672,1607576400,440400.0,2020-12-10 05:00:00
406.7155,407.4604,399.3444,399.3444,1607662800,335200.0,2020-12-11 05:00:00
409.0758,418.8748,408.7856,408.7856,1607922000,460600.0,2020-12-14 05:00:00
412.0454,417.3368,410.1011,410.8847,1608008400,463900.0,2020-12-15 05:00:00
407.1024,413.3514,406.7445,411.2136,1608094800,367000.0,2020-12-16 05:00:00
411.1555,411.4554,406.8702,408.2148,1608181200,486500.0,2020-12-17 05:00:00
412.268,416.7661,408.1085,411.5522,1608267600,1038600.0,2020-12-18 05:00:00
408.5824,408.9307,396.9551,405.5547,1608526800,547900.0,2020-12-21 05:00:00
399.4314,405.3902,397.5645,404.7518,1608613200,564100.0,2020-12-22 05:00:00
405.7578,410.1592,402.082,402.8172,1608699600,478200.0,2020-12-23 05:00:00
406.3962,409.8303,402.6817,406.1254,1608786000,119700.0,2020-12-24 05:00:00
409.3273,410.4494,402.8462,408.7178,1609131600,287900.0,2020-12-28 05:00:00
405.8932,413.4288,403.0299,412.7613,1609218000,269500.0,2020-12-29 05:00:00
408.0407,409.6658,406.6768,406.9186,1609304400,190000.0,2020-12-30 05:00:00
417.008,417.8399,406.4157,408.7179,1609390800,330200.0,2020-12-31 05:00:00
405.8449,416.9015,401.163,415.8762,1609736400,437100.0,2021-01-04 05:00:00
405.4869,410.2753,400.6213,406.2608,1609822800,514900.0,2021-01-05 05:00:00
409.5691,412.8677,404.3842,404.8582,1609909200,711700.0,2021-01-06 05:00:00
417.0692,418.5318,409.5139,410.1726,1609995600,441000.0,2021-01-07 05:00:00
417.5729,419.3454,412.7588,418.0572,1610082000,310500.0,2021-01-08 05:00:00
424.7697,425.0216,412.4391,413.4272,1610341200,697400.0,2021-01-11 05:00:00
416.4977,425.7868,414.2505,423.6655,1610427600,542000.0,2021-01-12 05:00:00
400.1862,415.6648,399.7987,415.6648,1610514000,703400.0,2021-01-13 05:00:00
394.6262,401.7553,392.9311,401.0385,1610600400,683100.0,2021-01-14 05:00:00
398.7041,401.3678,389.5991,393.7351,1610686800,1019200.0,2021-01-15 05:00:00
401.4259,407.9641,399.3433,402.9466,1611032400,497200.0,2021-01-19 05:00:00
407.3248,410.2307,402.2396,404.6418,1611118800,420600.0,2021-01-20 05:00:00
408.1869,410.56,405.436,407.5476,1611205200,359800.0,2021-01-21 05:00:00
406.0656,408.4484,399.5468,408.4484,1611291600,412500.0,2021-01-22 05:00:00
405.959,413.0881,404.8451,407.2376,1611550800,408200.0,2021-01-25 05:00:00
404.2156,408.8165,400.9126,407.6639,1611637200,322600.0,2021-01-26 05:00:00
406.821,408.1093,396.9702,401.0577,1611723600,588600.0,2021-01-27 05:00:00
409.5623,416.0909,408.3032,408.3032,1611810000,618500.0,2021-01-28 05:00:00
380.5812,412.226,380.2422,406.8211,1611896400,1192700.0,2021-01-29 05:00:00
379.0798,390.4127,377.1329,383.4386,1612155600,817400.0,2021-02-01 05:00:00
385.5115,389.4635,378.8474,381.1236,1612242000,888800.0,2021-02-02 05:00:00
389.0857,390.8389,381.7144,383.3708,1612328400,619200.0,2021-02-03 05:00:00
391.0811,393.2605,388.398,390.8195,1612414800,437800.0,2021-02-04 05:00:00
392.2433,398.7718,391.5653,393.8416,1612501200,494500.0,2021-02-05 05:00:00
394.384,396.3019,390.5579,392.9601,1612760400,378900.0,2021-02-08 05:00:00
391.0617,396.5344,389.6087,394.5584,1612846800,677100.0,2021-02-09 05:00:00
389.2406,394.7617,388.0589,394.7617,1612933200,742100.0,2021-02-10 05:00:00
387.4584,391.9528,385.279,390.1318,1613019600,341000.0,2021-02-11 05:00:00
383.5936,389.4731,382.6056,385.0368,1613106000,716200.0,2021-02-12 05:00:00
371.757,385.6568,371.573,385.4921,1613451600,774700.0,2021-02-16 05:00:00
374.9729,375.9996,365.1123,371.757,1613538000,1517100.0,2021-02-17 05:00:00
383.1383,383.9133,372.4932,373.7427,1613624400,574100.0,2021-02-18 05:00:00
376.7067,384.3395,374.6339,383.1384,1613710800,736000.0,2021-02-19 05:00:00
371.8733,377.9078,370.5559,374.7888,1613970000,813400.0,2021-02-22 05:00:00
375.6703,379.5738,365.3544,373.9945,1614056400,1053100.0,2021-02-23 05:00:00
366.9333,376.1643,361.5381,374.9244,1614142800,1298500.0,2021-02-24 05:00:00
367.2142,369.2774,361.6059,366.081,1614229200,747400.0,2021-02-25 05:00:00
365.771,373.4231,365.771,369.8198,1614315600,531700.0,2021-02-26 05:00:00
372.8419,376.0481,367.8148,367.8148,1614574800,819200.0,2021-03-01 05:00:00
369.1321,375.2247,366.1778,374.876,1614661200,502900.0,2021-03-02 05:00:00
368.6478,373.888,366.8171,367.8632,1614747600,796500.0,2021-03-03 05:00:00
360.2208,368.5219,353.7698,367.9698,1614834000,619100.0,2021-03-04 05:00:00
365.1123,366.788,355.6779,363.0782,1614920400,637100.0,2021-03-05 05:00:00
373.2875,378.7602,364.1244,366.4684,1615179600,909100.0,2021-03-08 05:00:00
377.4429,383.6323,374.1205,374.1205,1615266000,731500.0,2021-03-09 05:00:00
373.9461,379.4092,372.2704,379.2929,1615352400,556900.0,2021-03-10 05:00:00
375.2828,378.9636,371.9895,374.2367,1615438800,395300.0,2021-03-11 05:00:00
374.2463,378.2467,372.6965,377.1038,1615525200,493100.0,2021-03-12 05:00:00
378.5956,381.8114,373.4328,374.9729,1615780800,543000.0,2021-03-15 04:00:00
375.8059,380.1647,372.9388,378.7118,1615867200,574900.0,2021-03-16 04:00:00
381.2011,386.7513,377.5591,380.184,1615953600,671500.0,2021-03-17 04:00:00
388.6788,395.188,384.9787,386.6351,1616040000,794800.0,2021-03-18 04:00:00
382.6056,389.7056,382.1891,388.1461,1616126400,1157800.0,2021-03-19 04:00:00
388.6982,390.9066,378.7504,381.0461,1616385600,488300.0,2021-03-22 04:00:00
391.9626,393.987,385.9958,385.9958,1616472000,547400.0,2021-03-23 04:00:00
393.5316,397.3674,390.9842,391.3329,1616558400,690700.0,2021-03-24 04:00:00
390.6936,393.5026,385.3952,393.4638,1616644800,631100.0,2021-03-25 04:00:00
397.4836,397.6871,389.1826,391.517,1616731200,448000.0,2021-03-26 04:00:00
395.5367,396.9509,389.1631,394.9071,1616990400,430500.0,2021-03-29 04:00:00
390.3642,395.5754,389.2697,395.1976,1617076800,347100.0,2021-03-30 04:00:00
390.6839,394.3163,389.1051,391.9916,1617163200,609900.0,2021-03-31 04:00:00
398.0295,399.1741,391.4337,393.1602,1617249600,421800.0,2021-04-01 04:00:00
402.3846,404.4701,399.8239,399.8239,1617595200,249400.0,2021-04-05 04:00:00
403.1607,407.7196,401.7542,404.5187,1617681600,479200.0,2021-04-06 04:00:00
402.2878,405.9543,401.6476,401.6476,1617768000,329000.0,2021-04-07 04:00:00
405.6439,409.3686,404.4508,404.9067,1617854400,381700.0,2021-04-08 04:00:00
408.9224,410.2901,405.9058,407.3898,1617940800,339400.0,2021-04-09 04:00:00
412.8702,413.0157,407.9136,407.9136,1618200000,436900.0,2021-04-12 04:00:00
408.9612,412.7635,407.9427,412.7635,1618286400,285200.0,2021-04-13 04:00:00
406.4198,412.7343,405.5662,408.8932,1618372800,358800.0,2021-04-14 04:00:00
412.1911,412.2396,407.5546,408.5149,1618459200,359400.0,2021-04-15 04:00:00
410.581,415.6928,407.5741,415.6928,1618545600,477200.0,2021-04-16 04:00:00
412.6859,413.8305,408.6314,411.5607,1618804800,533700.0,2021-04-19 04:00:00
413.7432,415.1108,409.0873,411.4152,1618891200,368700.0,2021-04-20 04:00:00
416.75,419.6115,412.6276,414.1893,1618977600,387000.0,2021-04-21 04:00:00
418.1856,421.6776,415.4212,416.5949,1619064000,447400.0,2021-04-22 04:00:00
421.1829,422.8124,417.0605,419.6018,1619150400,346600.0,2021-04-23 04:00:00
419.3884,424.7524,418.467,420.4651,1619409600,402300.0,2021-04-26 04:00:00
432.4733,434.4909,417.1574,419.175,1619496000,792200.0,2021-04-27 04:00:00
429.059,434.3939,425.8581,433.7149,1619582400,332200.0,2021-04-28 04:00:00
432.4637,434.9177,428.06,429.6313,1619668800,297600.0,2021-04-29 04:00:00
433.0359,434.1416,430.0678,432.5218,1619755200,514500.0,2021-04-30 04:00:00
431.7071,436.0429,428.5837,433.6567,1620014400,344600.0,2021-05-03 04:00:00
434.9177,436.4891,428.933,431.6392,1620100800,452300.0,2021-05-04 04:00:00
436.6345,436.9546,428.865,435.9652,1620187200,449100.0,2021-05-05 04:00:00
432.8032,438.6618,428.6322,435.1893,1620273600,459700.0,2021-05-06 04:00:00
431.1154,435.9944,430.7953,432.8032,1620360000,327100.0,2021-05-07 04:00:00
431.0572,436.974,430.6498,432.5413,1620619200,402200.0,2021-05-10 04:00:00
427.1772,431.2803,421.8521,429.1754,1620705600,296800.0,2021-05-11 04:00:00
416.4882,426.5274,414.393,426.5274,1620792000,501400.0,2021-05-12 04:00:00
424.3062,425.8775,415.8189,417.3321,1620878400,464600.0,2021-05-13 04:00:00
425.1888,429.3306,424.2674,426.5274,1620964800,353000.0,2021-05-14 04:00:00
420.0383,426.5468,419.7473,424.9463,1621224000,444800.0,2021-05-17 04:00:00
419.8152,421.8231,416.4009,419.0198,1621310400,560600.0,2021-05-18 04:00:00
418.3311,419.2235,412.3755,417.817,1621396800,458900.0,2021-05-19 04:00:00
424.3644,425.7515,417.3612,417.3612,1621483200,683400.0,2021-05-20 04:00:00
426.6147,430.3685,425.8096,426.7699,1621569600,712800.0,2021-05-21 04:00:00
431.096,433.5209,427.7787,429.3888,1621828800,393800.0,2021-05-24 04:00:00
432.4831,435.0729,430.3976,432.0563,1621915200,333000.0,2021-05-25 04:00:00
431.0863,434.4909,428.1861,433.0747,1622001600,227700.0,2021-05-26 04:00:00
434.0544,435.684,431.8429,433.356,1622088000,443700.0,2021-05-27 04:00:00
436.4988,438.4581,432.9681,435.5482,1622174400,339900.0,2021-05-28 04:00:00
434.9565,441.2031,432.5704,440.6599,1622520000,363300.0,2021-06-01 04:00:00
435.7712,438.0022,433.5112,436.1107,1622606400,310000.0,2021-06-02 04:00:00
433.6762,436.0914,431.1154,433.812,1622692800,353800.0,2021-06-03 04:00:00
437.5075,439.2826,434.7043,436.489,1622779200,232400.0,2021-06-04 04:00:00
433.3657,437.7306,432.58,437.3814,1623038400,317700.0,2021-06-07 04:00:00
436.1884,437.6434,431.2124,434.1806,1623124800,347700.0,2021-06-08 04:00:00
437.4106,439.1274,435.3639,438.3417,1623211200,293000.0,2021-06-09 04:00:00
440.049,440.3205,437.8471,438.6425,1623297600,233800.0,2021-06-10 04:00:00
445.4516,446.5671,440.4271,441.3389,1623384000,387000.0,2021-06-11 04:00:00
450.3403,452.61,444.3943,446.0627,1623643200,582100.0,2021-06-14 04:00:00
448.8562,450.5925,443.7542,450.5537,1623729600,469100.0,2021-06-15 04:00:00
440.2138,451.9505,439.6221,449.9427,1623816000,468000.0,2021-06-16 04:00:00
441.2419,442.1537,435.2863,440.6697,1623902400,506400.0,2021-06-17 04:00:00
435.9168,442.4835,435.7422,436.9934,1623988800,657600.0,2021-06-18 04:00:00
444.5398,445.4322,436.6636,438.5745,1624248000,328600.0,2021-06-21 04:00:00
446.1791,448.0997,443.3759,444.2974,1624334400,325600.0,2021-06-22 04:00:00
443.7056,447.8086,443.4049,444.986,1624420800,278200.0,2021-06-23 04:00:00
447.7408,448.5459,442.8715,446.053,1624507200,363200.0,2021-06-24 04:00:00
452.0766,452.6489,447.7117,448.5071,1624593600,701700.0,2021-06-25 04:00:00
453.9875,454.0651,448.5459,449.739,1624852800,475000.0,2021-06-28 04:00:00
453.5897,457.2077,453.095,454.841,1624939200,450900.0,2021-06-29 04:00:00
456.0826,457.9158,451.6983,453.4636,1625025600,473900.0,2021-06-30 04:00:00
456.3154,457.1593,454.3852,456.3057,1625112000,477100.0,2021-07-01 04:00:00
458.4106,459.7297,456.1796,456.1796,1625198400,327600.0,2021-07-02 04:00:00
459.9237,461.3689,455.0447,457.5957,1625544000,332800.0,2021-07-06 04:00:00
467.9092,469.5407,461.0433,461.0433,1625630400,408900.0,2021-07-07 04:00:00
461.5192,463.8791,458.7127,463.7334,1625716800,402300.0,2021-07-08 04:00:00
467.2877,467.4819,462.4029,463.4614,1625803200,386800.0,2021-07-09 04:00:00
468.4143,469.5408,466.7634,469.5408,1626062400,261800.0,2021-07-12 04:00:00
467.8121,469.2008,466.9284,467.715,1626148800,311600.0,2021-07-13 04:00:00
472.425,473.9206,466.9478,467.7345,1626235200,289600.0,2021-07-14 04:00:00
472.5512,474.2119,469.531,470.9974,1626321600,392500.0,2021-07-15 04:00:00
471.9492,476.8728,470.8712,472.6095,1626408000,342600.0,2021-07-16 04:00:00
467.8121,470.1914,464.015,468.0549,1626667200,408300.0,2021-07-19 04:00:00
477.3681,478.9413,469.3854,469.3854,1626753600,475000.0,2021-07-20 04:00:00
479.5337,480.5825,476.4163,478.3974,1626840000,446300.0,2021-07-21 04:00:00
477.407,482.7579,476.4552,480.6408,1626926400,587500.0,2021-07-22 04:00:00
482.2917,484.7972,476.0474,481.5925,1627012800,521000.0,2021-07-23 04:00:00
475.6395,483.0783,472.4833,481.6217,1627272000,492900.0,2021-07-26 04:00:00
479.0772,479.1063,471.2596,475.416,1627358400,620300.0,2021-07-27 04:00:00
474.2605,480.5923,471.8424,479.155,1627444800,377700.0,2021-07-28 04:00:00
477.6497,478.8733,474.6101,476.8243,1627531200,479200.0,2021-07-29 04:00:00
477.1544,478.2129,474.9597,476.6591,1627617600,407900.0,2021-07-30 04:00:00
474.2507,479.9221,473.5515,479.9221,1627876800,321200.0,2021-08-02 04:00:00
478.077,479.019,472.3764,475.0665,1627963200,345300.0,2021-08-03 04:00:00
475.9599,481.6118,474.0371,478.0575,1628049600,287400.0,2021-08-04 04:00:00
475.6784,479.0288,472.3571,477.9897,1628136000,365000.0,2021-08-05 04:00:00
473.872,477.941,472.9495,476.2416,1628222400,307000.0,2021-08-06 04:00:00
471.347,473.231,468.9386,473.1631,1628481600,301000.0,2021-08-09 04:00:00
465.5591,472.9591,464.3938,472.9591,1628568000,632800.0,2021-08-10 04:00:00
466.608,468.6279,461.4804,466.9187,1628654400,636300.0,2021-08-11 04:00:00
465.6563,466.8022,461.9271,466.2778,1628740800,470600.0,2021-08-12 04:00:00
466.8799,469.4728,463.9665,467.5111,1628827200,268300.0,2021-08-13 04:00:00
471.1819,472.3084,464.1024,466.2292,1629086400,288400.0,2021-08-16 04:00:00
471.9006,472.357,467.5014,470.7449,1629172800,254200.0,2021-08-17 04:00:00
464.452,471.7064,464.3938,469.4631,1629259200,289800.0,2021-08-18 04:00:00
463.3158,466.3749,461.2862,462.0631,1629345600,540200.0,2021-08-19 04:00:00
466.0836,468.2297,464.1024,465.4329,1629432000,883200.0,2021-08-20 04:00:00
468.3171,470.8907,465.6854,467.987,1629691200,406400.0,2021-08-23 04:00:00
465.598,470.7838,464.7045,470.5119,1629777600,236700.0,2021-08-24 04:00:00
465.6563,467.4723,462.8303,465.3941,1629864000,339500.0,2021-08-25 04:00:00
464.2869,465.3843,462.1893,465.3843,1629950400,236500.0,2021-08-26 04:00:00
464.7337,469.1329,462.5584,466.2487,1630036800,222300.0,2021-08-27 04:00:00
468.7153,471.25,464.8017,465.1707,1630296000,157100.0,2021-08-30 04:00:00
469.3271,470.7838,465.6174,468.1035,1630382400,288500.0,2021-08-31 04:00:00
469.2883,471.415,465.6174,469.6767,1630468800,297700.0,2021-09-01 04:00:00
472.2016,472.9591,468.8998,471.1042,1630555200,214000.0,2021-09-02 04:00:00
472.1822,475.1247,468.8513,471.3373,1630641600,270700.0,2021-09-03 04:00:00
462.976,473.134,462.9663,472.5027,1630987200,305900.0,2021-09-07 04:00:00
468.5308,469.4146,462.2573,462.2573,1631073600,297000.0,2021-09-08 04:00:00
465.0833,472.4347,464.2092,468.288,1631160000,291300.0,2021-09-09 04:00:00
460.2762,467.851,459.9169,466.977,1631246400,334400.0,2021-09-10 04:00:00
458.2465,464.6462,454.1386,464.6462,1631505600,373400.0,2021-09-13 04:00:00
455.1875,458.8875,454.294,458.4019,1631592000,177300.0,2021-09-14 04:00:00
461.0919,462.7525,452.5265,454.3231,1631678400,249500.0,2021-09-15 04:00:00
460.0431,461.9173,456.8578,461.9173,1631764800,215700.0,2021-09-16 04:00:00
453.1772,458.0523,452.4683,457.4988,1631851200,706000.0,2021-09-17 04:00:00
448.1857,454.1775,444.6896,448.6421,1632110400,386200.0,2021-09-20 04:00:00
445.2141,452.4198,445.0101,449.3122,1632196800,407600.0,2021-09-21 04:00:00
447.6613,450.6232,444.6896,448.3896,1632283200,273100.0,2021-09-22 04:00:00
449.3704,452.3324,448.5644,449.0597,1632369600,264500.0,2021-09-23 04:00:00
452.5461,452.5946,447.8943,449.1665,1632456000,239900.0,2021-09-24 04:00:00
448.3993,451.973,445.6218,449.9531,1632715200,377000.0,2021-09-27 04:00:00
439.834,447.7001,438.7851,447.2048,1632801600,279600.0,2021-09-28 04:00:00
442.388,445.6899,439.7077,440.3584,1632888000,208000.0,2021-09-29 04:00:00
433.2498,446.3503,432.9293,444.3886,1632974400,408000.0,2021-09-30 04:00:00
434.6578,438.2024,426.714,435.8523,1633060800,357400.0,2021-10-01 04:00:00
432.6282,444.3886,431.6668,439.0279,1633320000,547400.0,2021-10-04 04:00:00
434.5466,440.9933,431.717,433.195,1633406400,467400.0,2021-10-05 04:00:00
441.2753,441.5281,430.1321,431.3184,1633492800,510500.0,2021-10-06 04:00:00
440.8184,449.6085,439.4765,444.2216,1633579200,338300.0,2021-10-07 04:00:00
439.107,443.3271,436.0733,441.499,1633665600,306400.0,2021-10-08 04:00:00
439.739,442.3839,438.7764,438.7764,1633924800,275100.0,2021-10-11 04:00:00
439.671,441.9171,438.1054,441.0614,1634011200,311900.0,2021-10-12 04:00:00
443.8229,445.1161,438.6889,440.6336,1634097600,512800.0,2021-10-13 04:00:00
449.9975,450.3572,444.6981,446.5164,1634184000,234000.0,2021-10-14 04:00:00
454.1785,456.8914,451.4656,451.4656,1634270400,299800.0,2021-10-15 04:00:00
455.5787,457.3095,450.8919,451.6795,1634529600,295700.0,2021-10-18 04:00:00
461.024,462.3172,456.3178,459.3515,1634616000,271700.0,2021-10-19 04:00:00
461.8115,463.5715,458.1068,461.7629,1634702400,292100.0,2021-10-20 04:00:00
467.9374,468.1513,457.1248,460.0419,1634788800,418100.0,2021-10-21 04:00:00
473.7326,491.0406,471.5934,476.4552,1634875200,598600.0,2021-10-22 04:00:00
474.4328,477.3109,465.4093,471.1365,1635134400,457100.0,2021-10-25 04:00:00
474.8218,477.6124,472.5367,474.8218,1635220800,252600.0,2021-10-26 04:00:00
467.8888,477.7582,467.422,476.6886,1635307200,320900.0,2021-10-27 04:00:00
473.1104,474.5786,467.9471,467.9471,1635393600,308400.0,2021-10-28 04:00:00
474.3841,474.88,470.0474,472.5658,1635480000,360900.0,2021-10-29 04:00:00
465.9441,477.1068,464.0091,475.6871,1635739200,335500.0,2021-11-01 04:00:00
465.7592,467.772,463.2311,466.9747,1635825600,336800.0,2021-11-02 04:00:00
465.2634,466.2455,456.4636,464.7384,1635912000,299100.0,2021-11-03 04:00:00
474.1702,474.8022,465.4579,465.4579,1635998400,427200.0,2021-11-04 04:00:00
470.9128,478.2639,469.5515,474.4814,1636084800,345700.0,2021-11-05 04:00:00
474.9967,475.1328,467.7818,472.5075,1636347600,263400.0,2021-11-08 05:00:00
475.8524,476.2122,471.224,474.9968,1636434000,377600.0,2021-11-09 05:00:00
472.4783,476.1927,468.5986,474.5689,1636520400,285900.0,2021-11-10 05:00:00
466.0899,472.5172,463.9021,472.5172,1636606800,275000.0,2021-11-11 05:00:00
474.248,474.6564,464.9231,469.2598,1636693200,245200.0,2021-11-12 05:00:00
472.2061,477.9624,471.8463,473.3924,1636952400,393700.0,2021-11-15 05:00:00
478.682,481.1615,472.4103,473.5382,1637038800,284300.0,2021-11-16 05:00:00
477.2137,479.9168,471.0198,479.1681,1637125200,317800.0,2021-11-17 05:00:00
473.2076,480.1989,471.4087,478.3319,1637211600,367300.0,2021-11-18 05:00:00
484.6522,487.6276,473.0812,475.2884,1637298000,816100.0,2021-11-19 05:00:00
479.2362,487.6763,478.4583,486.1789,1637557200,290200.0,2021-11-22 05:00:00
472.2158,478.1763,468.8514,478.1763,1637643600,322200.0,2021-11-23 05:00:00
471.467,471.7101,463.7854,470.6211,1637730000,340000.0,2021-11-24 05:00:00
462.2296,471.6809,460.596,467.0233,1637902800,280100.0,2021-11-26 05:00:00
468.1708,469.5126,462.0838,464.2424,1638162000,281300.0,2021-11-29 05:00:00
451.3199,466.1581,448.5292,464.787,1638248400,759600.0,2021-11-30 05:00:00
446.8761,459.9154,446.8761,455.4231,1638334800,375300.0,2021-12-01 05:00:00
454.3535,455.3745,447.7415,448.1596,1638421200,440100.0,2021-12-02 05:00:00
453.1867,457.0081,447.0706,455.3842,1638507600,417800.0,2021-12-03 05:00:00
459.1181,461.1989,451.6212,455.7149,1638766800,286800.0,2021-12-06 05:00:00
458.8847,465.38,456.4344,462.1518,1638853200,473600.0,2021-12-07 05:00:00
458.8167,460.0614,455.5982,457.9222,1638939600,479200.0,2021-12-08 05:00:00
454.8884,458.5639,454.2564,458.4667,1639026000,252200.0,2021-12-09 05:00:00
460.3336,460.5086,455.6468,456.9692,1639112400,269800.0,2021-12-10 05:00:00
462.8131,463.7466,458.1361,461.3837,1639371600,324200.0,2021-12-13 05:00:00
453.4006,462.5991,448.85,460.6836,1639458000,406100.0,2021-12-14 05:00:00
466.0121,468.3944,454.373,454.373,1639544400,542500.0,2021-12-15 05:00:00
473.4896,474.9481,466.7317,467.9082,1639630800,574300.0,2021-12-16 05:00:00
462.3755,474.3744,460.2849,473.2659,1639717200,849500.0,2021-12-17 05:00:00
454.091,458.2916,448.7528,457.7568,1639976400,394500.0,2021-12-20 05:00:00
459.1667,461.1503,453.177,457.4456,1640062800,281000.0,2021-12-21 05:00:00
459.8863,461.3157,454.6939,459.9349,1640149200,454700.0,2021-12-22 05:00:00
465.1078,467.7623,460.7516,460.7516,1640235600,373000.0,2021-12-23 05:00:00
474.53,474.9676,465.983,467.7041,1640581200,282600.0,2021-12-27 05:00:00
478.4875,479.2556,472.5075,475.0356,1640667600,371000.0,2021-12-28 05:00:00
477.4276,480.6559,476.3678,476.7762,1640754000,267000.0,2021-12-29 05:00:00
475.6385,479.3724,475.5704,476.6206,1640840400,314800.0,2021-12-30 05:00:00
478.2638,480.3836,473.4798,474.7536,1640926800,241800.0,2021-12-31 05:00:00
461.8406,478.7402,459.2542,477.447,1641186000,369400.0,2022-01-03 05:00:00
457.1637,464.2035,456.0163,462.3269,1641272400,569900.0,2022-01-04 05:00:00
453.634,461.2962,452.3991,457.8832,1641358800,494900.0,2022-01-05 05:00:00
458.4667,462.2978,450.6003,453.4882,1641445200,397400.0,2022-01-06 05:00:00
449.2657,460.7449,448.8276,456.8114,1641531600,375300.0,2022-01-07 05:00:00
441.6714,446.5785,434.3691,445.4394,1641790800,619000.0,2022-01-10 05:00:00
448.1461,449.3242,433.4052,440.0746,1641877200,514800.0,2022-01-11 05:00:00
452.2742,454.5039,449.1781,451.3785,1641963600,344500.0,2022-01-12 05:00:00
443.7258,454.1242,442.1387,453.5011,1642050000,422900.0,2022-01-13 05:00:00
435.995,440.7172,424.9929,440.6393,1642136400,754100.0,2022-01-14 05:00:00
433.6875,434.223,426.0347,429.8124,1642482000,731700.0,2022-01-18 05:00:00
430.8153,442.2361,430.3285,436.1411,1642568400,529100.0,2022-01-19 05:00:00
428.1476,439.4126,427.1252,434.0186,1642654800,447500.0,2022-01-20 05:00:00
426.395,433.2299,425.6356,429.2185,1642741200,592700.0,2022-01-21 05:00:00
422.9969,423.4351,408.334,421.0886,1643000400,967800.0,2022-01-24 05:00:00
416.5613,419.823,408.4217,416.61,1643086800,570500.0,2022-01-25 05:00:00
415.5681,425.3142,409.2298,420.4948,1643173200,623900.0,2022-01-26 05:00:00
412.3162,421.7118,410.3884,420.3,1643259600,583500.0,2022-01-27 05:00:00
423.9901,424.1557,406.5328,412.5596,1643346000,539700.0,2022-01-28 05:00:00
425.6356,425.7816,418.5475,422.1986,1643605200,847600.0,2022-01-31 05:00:00
430.3382,431.0392,421.0789,425.5284,1643691600,647700.0,2022-02-01 05:00:00
440.3959,450.8917,433.8628,433.8628,1643778000,896500.0,2022-02-02 05:00:00
449.295,452.2743,437.8352,442.0316,1643864400,1082100.0,2022-02-03 05:00:00
436.1411,445.8385,434.2523,445.8385,1643950800,526000.0,2022-02-04 05:00:00
431.5358,438.1857,431.1561,436.6182,1644210000,419900.0,2022-02-07 05:00:00
434.0381,436.4722,425.6064,430.1825,1644296400,367500.0,2022-02-08 05:00:00
442.0998,445.6633,436.3942,438.137,1644382800,405200.0,2022-02-09 05:00:00
430.6498,439.2081,428.5273,437.8061,1644469200,515800.0,2022-02-10 05:00:00
426.2879,434.0381,422.8997,431.1658,1644555600,469700.0,2022-02-11 05:00:00
430.5329,431.9642,425.1,425.986,1644814800,568700.0,2022-02-14 05:00:00
430.2993,437.3971,427.8555,434.6612,1644901200,460800.0,2022-02-15 05:00:00
433.2688,434.1646,424.9832,428.4688,1644987600,386100.0,2022-02-16 05:00:00
426.6384,432.8794,425.879,430.0753,1645074000,416800.0,2022-02-17 05:00:00
428.722,431.1269,425.7427,427.7289,1645160400,731400.0,2022-02-18 05:00:00
427.6314,432.3049,422.3933,429.2282,1645506000,524300.0,2022-02-22 05:00:00
417.8562,430.5524,417.3597,428.907,1645592400,491800.0,2022-02-23 05:00:00
432.3536,432.8307,408.9571,409.4342,1645678800,552500.0,2022-02-24 05:00:00
436.5987,438.2831,427.0181,431.1269,1645765200,400800.0,2022-02-25 05:00:00
436.4039,438.361,428.0793,434.4274,1646024400,540800.0,2022-02-28 05:00:00
434.4957,441.8369,431.419,437.3679,1646110800,568300.0,2022-03-01 05:00:00
437.2413,438.546,430.7666,437.4165,1646197200,571400.0,2022-03-02 05:00:00
438.0495,444.4755,435.6738,441.8564,1646283600,561900.0,2022-03-03 05:00:00
442.5963,445.0791,432.5484,435.8004,1646370000,444000.0,2022-03-04 05:00:00
433.4344,443.7549,433.0741,442.2944,1646629200,460600.0,2022-03-07 05:00:00
426.9694,435.995,422.6952,433.3954,1646715600,770500.0,2022-03-08 05:00:00
431.6039,435.5666,427.5536,431.2339,1646802000,381200.0,2022-03-09 05:00:00
424.8859,428.6831,422.7925,425.5674,1646888400,496300.0,2022-03-10 05:00:00
420.9134,427.836,420.7284,426.9889,1646974800,440700.0,2022-03-11 05:00:00
423.6298,428.7317,419.2582,419.9008,1647230400,369200.0,2022-03-14 04:00:00
434.0478,435.5861,424.3795,426.8428,1647316800,321800.0,2022-03-15 04:00:00
441.506,441.9636,430.8543,434.4763,1647403200,400200.0,2022-03-16 04:00:00
449.8013,449.8013,438.8771,439.1107,1647489600,360300.0,2022-03-17 04:00:00
456.1884,456.422,443.94,447.8735,1647576000,905500.0,2022-03-18 04:00:00
450.4731,456.0423,447.4451,454.7181,1647835200,391600.0,2022-03-21 04:00:00
451.6317,452.0212,448.5648,450.7944,1647921600,294100.0,2022-03-22 04:00:00
449.8401,452.0503,447.5521,450.3854,1648008000,259000.0,2022-03-23 04:00:00
449.2852,451.7582,446.7245,450.5412,1648094400,224900.0,2022-03-24 04:00:00
453.5789,453.9002,447.2698,450.5412,1648180800,205900.0,2022-03-25 04:00:00
459.8102,460.0537,450.6288,452.5956,1648440000,260800.0,2022-03-28 04:00:00
464.0651,467.1223,458.1843,465.915,1648526400,297300.0,2022-03-29 04:00:00
465.7105,467.7941,461.6505,463.2083,1648612800,383500.0,2022-03-30 04:00:00
459.7811,467.9596,459.635,463.6561,1648699200,601200.0,2022-03-31 04:00:00
464.3766,465.8857,458.4666,459.9855,1648785600,397900.0,2022-04-01 04:00:00
469.1829,469.7678,462.8265,465.6245,1649044800,395300.0,2022-04-04 04:00:00
464.7666,473.0728,464.0744,467.1259,1649131200,629800.0,2022-04-05 04:00:00
467.3501,470.0408,459.4534,463.4602,1649217600,491900.0,2022-04-06 04:00:00
473.0922,475.9779,464.7177,466.0533,1649304000,681100.0,2022-04-07 04:00:00
470.0603,474.5058,469.4948,472.9265,1649390400,479500.0,2022-04-08 04:00:00
468.7149,471.7371,465.6634,469.9043,1649649600,413800.0,2022-04-11 04:00:00
458.6929,471.9516,458.4784,469.6118,1649736000,479700.0,2022-04-12 04:00:00
457.2306,460.243,454.9591,458.8587,1649822400,434700.0,2022-04-13 04:00:00
449.5873,460.2722,449.2558,457.0063,1649908800,347000.0,2022-04-14 04:00:00
445.1515,450.4062,441.9635,448.2907,1650254400,236400.0,2022-04-18 04:00:00
451.1374,452.2098,445.1905,446.3311,1650340800,371000.0,2022-04-19 04:00:00
457.0063,458.6636,453.1066,455.2514,1650427200,635600.0,2022-04-20 04:00:00
457.5035,465.1175,455.8072,461.3933,1650513600,562800.0,2022-04-21 04:00:00
442.685,458.8976,442.373,455.8852,1650600000,620700.0,2022-04-22 04:00:00
443.8451,444.5373,435.8996,443.5039,1650859200,1039100.0,2022-04-25 04:00:00
460.1651,464.4352,444.5569,448.866,1650945600,1022200.0,2022-04-26 04:00:00
462.7778,467.2429,456.2947,462.0174,1651032000,776700.0,2022-04-27 04:00:00
471.2595,475.2371,465.0298,467.7108,1651118400,553000.0,2022-04-28 04:00:00
458.1275,469.5729,454.2279,466.4824,1651204800,2822200.0,2022-04-29 04:00:00
447.7544,458.0007,441.281,454.3058,1651464000,805300.0,2022-05-02 04:00:00
439.8091,449.3046,437.8592,448.8269,1651550400,761700.0,2022-05-03 04:00:00
452.7362,454.5593,435.9288,438.0541,1651636800,822600.0,2022-05-04 04:00:00
432.3705,453.9354,429.319,449.7822,1651723200,763800.0,2022-05-05 04:00:00
428.2759,430.8009,421.4418,428.9681,1651809600,676800.0,2022-05-06 04:00:00
422.0559,425.3121,420.3303,422.3971,1652068800,574300.0,2022-05-09 04:00:00
419.7844,427.5252,414.9001,426.0043,1652155200,674000.0,2022-05-10 04:00:00
418.595,423.3915,414.7539,417.8053,1652241600,642600.0,2022-05-11 04:00:00
418.0784,421.1688,411.5368,413.1454,1652328000,679700.0,2022-05-12 04:00:00
419.531,424.4348,413.7206,420.3792,1652414400,655200.0,2022-05-13 04:00:00
419.0728,422.563,413.9838,418.1564,1652673600,480100.0,2022-05-16 04:00:00
421.9,427.9834,418.1856,424.9027,1652760000,472500.0,2022-05-17 04:00:00
401.154,419.2092,400.491,418.5853,1652846400,643500.0,2022-05-18 04:00:00
402.8114,405.8336,391.9704,397.8784,1652932800,685600.0,2022-05-19 04:00:00
406.984,411.6538,400.3351,406.3405,1653019200,663400.0,2022-05-20 04:00:00
413.2721,415.4364,407.9881,412.5409,1653278400,624800.0,2022-05-23 04:00:00
416.2553,418.2344,410.4449,411.3125,1653364800,510700.0,2022-05-24 04:00:00
415.0562,416.889,412.5799,414.13,1653451200,529300.0,2022-05-25 04:00:00
421.666,423.7231,416.5477,417.6494,1653537600,412000.0,2022-05-26 04:00:00
432.741,432.7507,425.1855,426.0921,1653624000,387900.0,2022-05-27 04:00:00
431.3371,434.4665,426.1701,428.5878,1653969600,2166300.0,2022-05-31 04:00:00
420.0184,434.369,418.7608,432.5557,1654056000,640100.0,2022-06-01 04:00:00
430.3621,430.6643,418.7509,421.081,1654142400,462700.0,2022-06-02 04:00:00
421.2175,428.1979,419.5407,428.0809,1654228800,511100.0,2022-06-03 04:00:00
414.5395,421.9293,412.7165,421.9293,1654488000,787000.0,2022-06-06 04:00:00
417.5129,418.0686,409.4797,411.0688,1654574400,456700.0,2022-06-07 04:00:00
407.5689,415.8458,406.8475,414.4907,1654660800,451100.0,2022-06-08 04:00:00
396.0358,407.3739,395.6458,404.8099,1654747200,407500.0,2022-06-09 04:00:00
380.8857,390.1863,379.0042,390.1181,1654833600,742400.0,2022-06-10 04:00:00
375.5627,382.582,372.0823,373.7689,1655092800,1260000.0,2022-06-13 04:00:00
371.1074,379.1016,370.1032,375.5919,1655179200,912800.0,2022-06-14 04:00:00
374.6658,380.0083,371.8971,375.0753,1655265600,789000.0,2022-06-15 04:00:00
362.9475,370.6103,362.2651,366.7106,1655352000,807500.0,2022-06-16 04:00:00
365.3067,368.1047,360.2372,362.6647,1655438400,1620300.0,2022-06-17 04:00:00
373.028,373.6227,366.8959,366.8959,1655784000,649200.0,2022-06-21 04:00:00
373.7202,375.8065,368.2119,369.1869,1655870400,548600.0,2022-06-22 04:00:00
384.3857,384.6489,373.3985,375.8065,1655956800,734200.0,2022-06-23 04:00:00
397.4786,398.6485,386.6181,387.671,1656043200,945600.0,2022-06-24 04:00:00
388.7629,396.4159,387.71,396.2307,1656302400,505900.0,2022-06-27 04:00:00
381.8606,392.3018,381.6169,389.9718,1656388800,467800.0,2022-06-28 04:00:00
383.674,384.9218,380.2521,383.4205,1656475200,366600.0,2022-06-29 04:00:00
384.7463,386.4719,377.4053,380.213,1656561600,525700.0,2022-06-30 04:00:00
390.6153,391.6975,383.9469,384.9316,1656648000,392300.0,2022-07-01 04:00:00
391.5121,391.8534,381.4804,387.9732,1656993600,582300.0,2022-07-05 04:00:00
394.5929,398.5412,389.2894,393.774,1657080000,628200.0,2022-07-06 04:00:00
392.894,395.667,391.4391,392.767,1657166400,440700.0,2022-07-07 04:00:00
392.5327,395.2471,389.3204,389.916,1657252800,412700.0,2022-07-08 04:00:00
387.9534,391.2829,385.7467,388.9395,1657512000,319000.0,2022-07-11 04:00:00
381.7141,392.0347,380.2691,388.7052,1657598400,605600.0,2022-07-12 04:00:00
375.9535,378.248,371.2081,375.4555,1657684800,419500.0,2022-07-13 04:00:00
378.9803,380.1421,371.7451,372.204,1657771200,380400.0,2022-07-14 04:00:00
385.8248,387.8558,382.2903,385.8932,1657857600,489100.0,2022-07-15 04:00:00
382.5929,387.8557,381.4603,385.1901,1658116800,395800.0,2022-07-18 04:00:00
394.5929,395.5888,386.1861,387.143,1658203200,444600.0,2022-07-19 04:00:00
398.7426,401.0274,393.099,395.2569,1658289600,439900.0,2022-07-20 04:00:00
402.99,404.933,398.1958,398.6938,1658376000,412100.0,2022-07-21 04:00:00
401.2227,407.7157,400.09,404.23,1658462400,375600.0,2022-07-22 04:00:00
403.6246,405.5286,396.4676,399.1429,1658721600,440900.0,2022-07-25 04:00:00
401.5351,403.8003,399.2405,402.3845,1658808000,529600.0,2022-07-26 04:00:00
408.4187,409.8345,401.5058,402.6189,1658894400,551700.0,2022-07-27 04:00:00
425.4081,426.9508,408.1161,409.3561,1658980800,547900.0,2022-07-28 04:00:00
426.365,428.4154,421.7759,424.4903,1659067200,510500.0,2022-07-29 04:00:00
422.186,425.867,419.9403,422.6547,1659326400,396900.0,2022-08-01 04:00:00
416.2397,422.6644,415.9761,422.6644,1659412800,418200.0,2022-08-02 04:00:00
419.6669,420.8874,414.2674,416.6498,1659499200,432600.0,2022-08-03 04:00:00
420.6823,421.8443,415.8296,418.8369,1659585600,332400.0,2022-08-04 04:00:00
421.7271,422.1567,416.308,417.1478,1659672000,310100.0,2022-08-05 04:00:00
420.8386,427.068,419.6669,425.33,1659931200,320900.0,2022-08-08 04:00:00
418.71,420.6433,416.1518,418.8272,1660017600,374400.0,2022-08-09 04:00:00
428.3275,428.806,423.9337,428.4837,1660104000,398000.0,2022-08-10 04:00:00
423.4651,432.8581,423.1624,429.6164,1660190400,292700.0,2022-08-11 04:00:00
428.7377,429.1868,422.9769,425.2617,1660276800,282700.0,2022-08-12 04:00:00
429.0403,431.1005,425.0469,427.3707,1660536000,244600.0,2022-08-15 04:00:00
426.033,429.6555,424.2267,426.3064,1660622400,355500.0,2022-08-16 04:00:00
423.758,425.9451,419.9988,422.3422,1660708800,316900.0,2022-08-17 04:00:00
423.5139,425.3593,421.151,425.3593,1660795200,318000.0,2022-08-18 04:00:00
423.0941,423.2503,417.0892,421.6783,1660881600,325400.0,2022-08-19 04:00:00
412.1682,420.2723,411.5335,419.0908,1661140800,376800.0,2022-08-22 04:00:00
406.8956,411.0648,403.1462,408.6043,1661227200,699700.0,2022-08-23 04:00:00
408.741,410.8109,406.9249,409.2585,1661313600,470600.0,2022-08-24 04:00:00
414.5993,414.902,409.0143,411.3088,1661400000,432300.0,2022-08-25 04:00:00
400.1584,418.876,399.8557,416.8354,1661486400,372100.0,2022-08-26 04:00:00
399.5042,402.1893,396.5555,396.7019,1661745600,318500.0,2022-08-29 04:00:00
398.1275,403.7516,394.4562,401.6816,1661832000,566300.0,2022-08-30 04:00:00
393.0795,402.6873,392.9526,401.2715,1661918400,630100.0,2022-08-31 04:00:00
395.5888,396.0868,388.9884,388.9884,1662004800,493700.0,2022-09-01 04:00:00
391.4587,400.7149,389.9941,400.1877,1662091200,295500.0,2022-09-02 04:00:00
387.5531,391.3903,385.776,389.047,1662436800,502600.0,2022-09-06 04:00:00
397.2389,398.3618,387.9631,388.383,1662523200,364600.0,2022-09-07 04:00:00
398.4497,400.1974,394.8272,394.8272,1662609600,334100.0,2022-09-08 04:00:00
400.4806,401.9549,398.5278,399.5432,1662696000,542800.0,2022-09-09 04:00:00
399.6018,403.9761,397.4342,402.9997,1662955200,1085900.0,2022-09-12 04:00:00
385.8444,394.5441,384.8192,392.2886,1663041600,526700.0,2022-09-13 04:00:00
386.8403,389.5351,384.8484,386.2056,1663128000,436400.0,2022-09-14 04:00:00
374.9379,387.3773,374.8403,385.6979,1663214400,582600.0,2022-09-15 04:00:00
373.0828,376.1096,369.8509,371.6963,1663300800,891000.0,2022-09-16 04:00:00
373.3269,374.4791,368.2301,370.8175,1663560000,640800.0,2022-09-19 04:00:00
369.6068,370.9444,364.0705,370.6417,1663646400,700500.0,2022-09-20 04:00:00
363.6117,374.9477,363.4067,372.1747,1663732800,370400.0,2022-09-21 04:00:00
366.7069,369.4409,361.7078,361.7078,1663819200,662600.0,2022-09-22 04:00:00
369.0796,369.519,363.1138,364.8908,1663905600,744900.0,2022-09-23 04:00:00
368.1715,372.5751,365.7598,369.929,1664164800,791900.0,2022-09-26 04:00:00
358.2415,371.9795,356.357,370.8956,1664251200,583600.0,2022-09-27 04:00:00
361.7859,363.5239,356.9429,360.4677,1664337600,531000.0,2022-09-28 04:00:00
358.095,360.5555,355.1365,359.3839,1664424000,446300.0,2022-09-29 04:00:00
351.1529,359.5597,350.7428,357.2065,1664510400,663400.0,2022-09-30 04:00:00
363.4554,365.4668,353.1544,354.5311,1664769600,514500.0,2022-10-03 04:00:00
370.9835,373.8834,367.2439,367.8297,1664856000,445900.0,2022-10-04 04:00:00
372.0789,374.8173,366.1523,366.1523,1664942400,478900.0,2022-10-05 04:00:00
371.9615,375.942,371.1498,371.8246,1665028800,570200.0,2022-10-06 04:00:00
361.2427,369.6046,359.1498,368.4799,1665115200,577200.0,2022-10-07 04:00:00
357.0862,363.717,356.47,362.9248,1665374400,419400.0,2022-10-10 04:00:00
356.118,364.4701,355.0226,356.9688,1665460800,540100.0,2022-10-11 04:00:00
357.8979,361.7219,356.9688,357.184,1665547200,699700.0,2022-10-12 04:00:00
362.3478,364.0495,348.382,349.3405,1665633600,483000.0,2022-10-13 04:00:00
355.1889,368.6364,354.739,366.1718,1665720000,469900.0,2022-10-14 04:00:00
362.7781,364.9003,361.2426,363.0324,1665979200,373400.0,2022-10-17 04:00:00
367.1302,372.4994,362.162,372.4994,1666065600,440300.0,2022-10-18 04:00:00
363.2574,366.7684,360.7439,362.5923,1666152000,248700.0,2022-10-19 04:00:00
359.3257,365.6436,358.7781,364.2646,1666238400,451400.0,2022-10-20 04:00:00
362.5728,364.3821,357.0764,358.9248,1666324800,744400.0,2022-10-21 04:00:00
364.5483,367.5409,362.4065,365.5947,1666584000,1057300.0,2022-10-24 04:00:00
369.6828,371.6193,364.9102,365.9078,1666670400,1220900.0,2022-10-25 04:00:00
380.0984,389.1058,373.4383,376.6852,1666756800,1385600.0,2022-10-26 04:00:00
391.5606,393.6242,384.1082,384.1082,1666843200,1003400.0,2022-10-27 04:00:00
404.6071,404.7537,392.0789,392.0789,1666929600,773600.0,2022-10-28 04:00:00
405.4188,407.5704,401.8687,402.8955,1667188800,745700.0,2022-10-31 04:00:00
404.6071,409.0178,400.431,407.5215,1667275200,570000.0,2022-11-01 04:00:00
394.25,407.7464,393.3991,404.5288,1667361600,522700.0,2022-11-02 04:00:00
388.9689,393.5361,385.3209,387.052,1667448000,630000.0,2022-11-03 04:00:00
387.316,395.0031,380.1082,394.1327,1667534400,857500.0,2022-11-04 04:00:00
403.5411,403.9616,388.92,388.92,1667797200,725300.0,2022-11-07 05:00:00
407.2672,414.7684,404.1278,406.7782,1667883600,873000.0,2022-11-08 05:00:00
407.0423,408.6364,404.8026,405.6535,1667970000,549600.0,2022-11-09 05:00:00
428.7832,428.7832,420.1083,428.0595,1668056400,647400.0,2022-11-10 05:00:00
428.7146,433.0178,424.4017,428.3626,1668142800,609200.0,2022-11-11 05:00:00
423.0716,431.766,422.5728,428.4604,1668402000,521800.0,2022-11-14 05:00:00
426.3577,429.6927,422.4457,426.6609,1668488400,469400.0,2022-11-15 05:00:00
421.9078,425.5558,419.991,425.4286,1668574800,474700.0,2022-11-16 05:00:00
420.167,421.3602,413.3113,415.7954,1668661200,458200.0,2022-11-17 05:00:00
423.4825,425.4091,412.9983,418.5729,1668747600,401500.0,2022-11-18 05:00:00
424.9396,428.7147,422.0448,422.1523,1669006800,406200.0,2022-11-21 05:00:00
423.2183,427.4922,418.1523,426.1328,1669093200,557000.0,2022-11-22 05:00:00
424.079,426.3773,422.2306,423.8834,1669179600,651400.0,2022-11-23 05:00:00
426.7783,429.3015,423.0325,423.8736,1669352400,177700.0,2022-11-25 05:00:00
414.7,425.898,413.7122,425.0961,1669611600,549200.0,2022-11-28 05:00:00
415.8931,416.0007,411.4334,413.1351,1669698000,437500.0,2022-11-29 05:00:00
429.233,429.2819,413.1156,414.6511,1669784400,589500.0,2022-11-30 05:00:00
434.9445,436.48,430.8761,432.392,1669870800,389900.0,2022-12-01 05:00:00
434.1034,435.7562,427.1694,427.9909,1669957200,292900.0,2022-12-02 05:00:00
427.2086,433.5264,425.9371,433.5264,1670216400,261100.0,2022-12-05 05:00:00
424.5093,427.2183,421.4481,427.2183,1670302800,275900.0,2022-12-06 05:00:00
424.6657,429.7611,421.81,424.519,1670389200,251200.0,2022-12-07 05:00:00
424.0887,429.3993,423.2672,424.7733,1670475600,276500.0,2022-12-08 05:00:00
421.8394,425.2722,421.0668,422.9348,1670562000,270300.0,2022-12-09 05:00:00
430.2013,430.2991,422.4849,424.2453,1670821200,316100.0,2022-12-12 05:00:00
434.0839,441.3211,430.3284,440.0986,1670907600,421600.0,2022-12-13 05:00:00
429.1352,438.6414,425.8883,433.3993,1670994000,377900.0,2022-12-14 05:00:00
420.1474,426.1914,417.5655,425.2819,1671080400,462700.0,2022-12-15 05:00:00
415.0227,418.0252,411.8247,416.7733,1671166800,655100.0,2022-12-16 05:00:00
414.035,418.7,412.1377,414.7,1671426000,282200.0,2022-12-19 05:00:00
415.1695,417.7807,411.4433,412.6365,1671512400,301000.0,2022-12-20 05:00:00
421.3602,423.2966,415.4922,417.8296,1671598800,251000.0,2022-12-21 05:00:00
419.0815,419.3064,411.6682,417.0277,1671685200,369900.0,2022-12-22 05:00:00
420.6462,420.7929,415.8442,417.6438,1671771600,189900.0,2022-12-23 05:00:00
423.6193,424.3919,418.8467,420.8711,1672117200,287800.0,2022-12-27 05:00:00
416.8026,426.7391,416.6168,424.2941,1672203600,200700.0,2022-12-28 05:00:00
427.2575,428.1866,418.5533,419.4237,1672290000,227500.0,2022-12-29 05:00:00
422.5826,426.876,418.8858,424.8515,1672376400,271600.0,2022-12-30 05:00:00
424.9005,427.1107,420.5679,426.2208,1672722000,334900.0,2023-01-03 05:00:00
432.9983,435.4824,426.5044,429.1841,1672808400,371300.0,2023-01-04 05:00:00
426.3284,431.7758,424.5777,429.8002,1672894800,254800.0,2023-01-05 05:00:00
434.5888,434.7651,427.8888,430.9254,1672981200,467300.0,2023-01-06 05:00:00
434.3341,440.1917,433.1979,434.9121,1673240400,517500.0,2023-01-09 05:00:00
434.383,436.7829,431.993,434.8042,1673326800,323100.0,2023-01-10 05:00:00
442.856,443.1499,434.8434,436.7927,1673413200,304100.0,2023-01-11 05:00:00
441.994,444.149,436.1462,442.0528,1673499600,345900.0,2023-01-12 05:00:00
441.7492,442.7875,435.823,438.4873,1673586000,279600.0,2023-01-13 05:00:00
435.9504,442.9246,434.6084,441.7492,1673931600,512300.0,2023-01-17 05:00:00
428.8487,439.5354,427.83,438.9673,1674018000,517400.0,2023-01-18 05:00:00
423.3339,430.1024,423.3339,426.8896,1674104400,463200.0,2023-01-19 05:00:00
432.5513,433.7365,418.975,423.4514,1674190800,462700.0,2023-01-20 05:00:00
433.9618,435.4703,430.7979,432.9627,1674450000,503700.0,2023-01-23 05:00:00
437.0474,437.7526,431.944,435.0001,1674536400,382400.0,2023-01-24 05:00:00
435.1373,435.774,427.4774,430.269,1674622800,382000.0,2023-01-25 05:00:00
435.3527,439.7508,431.5423,437.3706,1674709200,697700.0,2023-01-26 05:00:00
425.2245,433.384,423.9217,429.3581,1674795600,669100.0,2023-01-27 05:00:00
414.8121,424.6759,414.1068,424.2939,1675054800,808800.0,2023-01-30 05:00:00
418.0151,419.4158,411.4914,417.0454,1675141200,929000.0,2023-01-31 05:00:00
425.0285,427.448,411.6481,413.2937,1675227600,832900.0,2023-02-01 05:00:00
423.6964,431.6404,422.7756,425.9983,1675314000,806900.0,2023-02-02 05:00:00
421.5316,423.5005,416.8201,420.3268,1675400400,779000.0,2023-02-03 05:00:00
421.2769,421.9724,417.4763,420.7577,1675659600,329200.0,2023-02-06 05:00:00
425.6554,427.0366,416.9474,420.219,1675746000,411200.0,2023-02-07 05:00:00
419.1513,426.0962,417.3392,423.3242,1675832400,499100.0,2023-02-08 05:00:00
419.8859,424.6464,418.3187,422.5404,1675918800,412900.0,2023-02-09 05:00:00
418.6518,420.9635,416.7025,418.9946,1676005200,463100.0,2023-02-10 05:00:00
420.8851,422.0312,417.8877,418.26,1676264400,418800.0,2023-02-13 05:00:00
418.0249,423.4809,415.0079,420.7774,1676350800,313500.0,2023-02-14 05:00:00
412.9607,417.3587,412.0791,416.8984,1676437200,690600.0,2023-02-15 05:00:00
414.3125,417.5547,409.2091,411.2956,1676523600,641900.0,2023-02-16 05:00:00
418.9261,420.5913,412.2163,414.5378,1676610000,601700.0,2023-02-17 05:00:00
414.5475,417.9367,410.5021,415.7426,1676955600,639000.0,2023-02-21 05:00:00
412.9705,419.2787,412.324,418.7889,1677042000,390800.0,2023-02-22 05:00:00
422.2173,423.2556,416.918,418.642,1677128400,586800.0,2023-02-23 05:00:00
419.6705,420.4541,415.6348,416.4968,1677214800,402700.0,2023-02-24 05:00:00
420.2093,424.7053,419.2983,422.7267,1677474000,330200.0,2023-02-27 05:00:00
421.3945,422.3349,418.1523,418.4266,1677560400,584400.0,2023-02-28 05:00:00
412.5787,423.0891,411.462,420.0623,1677646800,539200.0,2023-03-01 05:00:00
417.9171,418.7791,410.5412,411.4032,1677733200,389300.0,2023-03-02 05:00:00
421.3062,422.4033,416.6143,417.5547,1677819600,433600.0,2023-03-03 05:00:00
420.1602,424.9208,419.9937,421.6687,1678078800,315500.0,2023-03-06 05:00:00
413.5386,423.3536,412.9803,420.7284,1678165200,376100.0,2023-03-07 05:00:00
415.8111,417.251,413.519,413.8521,1678251600,409500.0,2023-03-08 05:00:00
414.146,424.2743,413.8129,419.0828,1678338000,486700.0,2023-03-09 05:00:00
411.7265,416.4674,408.9544,413.9206,1678424400,847900.0,2023-03-10 05:00:00
412.853,417.7702,409.6205,412.0007,1678680000,771900.0,2023-03-13 04:00:00
419.3081,421.1202,414.4398,417.5743,1678766400,648500.0,2023-03-14 04:00:00
412.3142,417.7507,408.2492,415.0373,1678852800,787500.0,2023-03-15 04:00:00
419.6508,421.796,408.7976,410.5216,1678939200,903700.0,2023-03-16 04:00:00
416.9474,423.4123,416.0168,423.2164,1679025600,1642200.0,2023-03-17 04:00:00
423.3339,429.0543,418.7007,418.7007,1679284800,561900.0,2023-03-20 04:00:00
421.6296,427.0856,413.8913,424.8229,1679371200,948200.0,2023-03-21 04:00:00
419.8076,426.9093,419.2885,423.1087,1679457600,854100.0,2023-03-22 04:00:00
416.3499,423.7355,415.7622,419.9643,1679544000,852600.0,2023-03-23 04:00:00
420.797,421.8843,415.2822,416.4576,1679630400,673300.0,2023-03-24 04:00:00
421.4532,424.2743,420.7675,424.2351,1679889600,393700.0,2023-03-27 04:00:00
423.1576,425.2244,420.0623,420.7088,1679976000,409800.0,2023-03-28 04:00:00
425.4498,426.6644,423.5005,425.4106,1680062400,809900.0,2023-03-29 04:00:00
428.0553,430.0046,426.2628,427.0758,1680148800,436900.0,2023-03-30 04:00:00
431.6698,431.6698,427.4186,430.0242,1680235200,957000.0,2023-03-31 04:00:00
431.7677,434.5104,429.8184,431.229,1680494400,609700.0,2023-04-03 04:00:00
428.0651,435.4801,427.8888,432.904,1680580800,590900.0,2023-04-04 04:00:00
429.1178,429.4513,425.7625,429.1276,1680667200,450100.0,2023-04-05 04:00:00
427.45,430.0007,425.0464,430.0007,1680753600,363500.0,2023-04-06 04:00:00
427.9797,428.0876,422.937,425.6448,1681099200,359100.0,2023-04-10 04:00:00
430.4029,431.1878,427.5284,428.2348,1681185600,410900.0,2023-04-11 04:00:00
434.1016,437.133,431.9138,431.9138,1681272000,659800.0,2023-04-12 04:00:00
434.131,436.0245,428.794,434.3567,1681358400,729500.0,2023-04-13 04:00:00
431.5802,436.7504,429.7751,433.5914,1681444800,456700.0,2023-04-14 04:00:00
434.5333,434.8766,430.7562,431.8549,1681704000,410400.0,2023-04-17 04:00:00
433.356,437.1919,432.0315,435.583,1681790400,327900.0,2023-04-18 04:00:00
434.6706,436.0146,431.541,433.3265,1681876800,374100.0,2023-04-19 04:00:00
434.7982,437.6433,432.5614,435.2102,1681963200,484100.0,2023-04-20 04:00:00
436.9761,439.8703,434.8178,437.1822,1682049600,506600.0,2023-04-21 04:00:00
439.2817,439.8114,437.035,438.5949,1682308800,469700.0,2023-04-24 04:00:00
429.0785,438.742,429.0197,438.4281,1682395200,530700.0,2023-04-25 04:00:00
422.888,429.2061,421.8873,427.7345,1682481600,646900.0,2023-04-26 04:00:00
444.4028,445.5408,427.244,427.244,1682568000,823500.0,2023-04-27 04:00:00
446.1686,448.4349,443.0587,443.4413,1682654400,560600.0,2023-04-28 04:00:00
449.9458,453.7229,445.3642,446.8751,1682913600,446000.0,2023-05-01 04:00:00
451.9962,454.9198,448.2485,450.9072,1683000000,687700.0,2023-05-02 04:00:00
447.7776,454.3605,447.5421,453.4383,1683086400,406700.0,2023-05-03 04:00:00
444.8933,449.573,443.1274,448.69,1683172800,376100.0,2023-05-04 04:00:00
449.4454,452.1041,446.8162,447.2773,1683259200,329700.0,2023-05-05 04:00:00
449.573,451.6136,447.5324,447.5324,1683518400,341900.0,2023-05-08 04:00:00
448.8862,451.7902,448.3859,449.7103,1683604800,261900.0,2023-05-09 04:00:00
450.6031,452.8203,446.3649,452.055,1683691200,449700.0,2023-05-10 04:00:00
449.779,450.6816,446.8456,450.6816,1683777600,344800.0,2023-05-11 04:00:00
452.9674,453.7915,449.5925,449.9556,1683864000,403700.0,2023-05-12 04:00:00
453.1342,455.1159,450.8483,453.5659,1684123200,338700.0,2023-05-15 04:00:00
451.123,453.1539,449.5828,450.554,1684209600,307400.0,2023-05-16 04:00:00
445.8253,453.046,445.3348,453.046,1684296000,626900.0,2023-05-17 04:00:00
449.828,450.76,443.8239,444.9521,1684382400,360100.0,2023-05-18 04:00:00
449.053,452.2709,446.8849,451.1427,1684468800,340600.0,2023-05-19 04:00:00
448.6213,450.7797,446.2374,448.4251,1684728000,333600.0,2023-05-22 04:00:00
441.4596,447.8071,440.3706,446.0411,1684814400,435800.0,2023-05-23 04:00:00
433.5227,440.2234,433.0322,439.8898,1684900800,641600.0,2023-05-24 04:00:00
440.9297,442.8036,432.7084,436.0735,1684987200,526800.0,2023-05-25 04:00:00
441.4399,446.6984,437.1036,443.0685,1685073600,524100.0,2023-05-26 04:00:00
443.1765,447.1694,440.7924,442.1071,1685419200,619700.0,2023-05-30 04:00:00
445.6192,448.0326,439.6446,439.6446,1685505600,2362400.0,2023-05-31 04:00:00
444.2262,445.5703,438.3987,441.6264,1685592000,604500.0,2023-06-01 04:00:00
450.1714,452.5162,445.4623,446.4238,1685678400,507400.0,2023-06-02 04:00:00
446.2766,449.8182,443.7846,449.5435,1685937600,366300.0,2023-06-05 04:00:00
445.374,449.0824,442.7938,447.6207,1686024000,370700.0,2023-06-06 04:00:00
442.0385,445.0798,439.4681,442.9704,1686110400,594800.0,2023-06-07 04:00:00
443.6571,444.236,440.351,441.4301,1686196800,357300.0,2023-06-08 04:00:00
443.2451,444.6971,440.9004,443.4315,1686283200,516200.0,2023-06-09 04:00:00
445.4132,445.5604,439.6446,444.491,1686542400,441500.0,2023-06-12 04:00:00
447.2871,451.2114,445.2269,445.4133,1686628800,302600.0,2023-06-13 04:00:00
447.7972,449.5435,444.5793,447.3655,1686715200,371900.0,2023-06-14 04:00:00
452.4083,453.9682,445.5604,445.5604,1686801600,396900.0,2023-06-15 04:00:00
450.093,455.2338,448.6018,454.6255,1686888000,1015400.0,2023-06-16 04:00:00
447.1203,450.2303,445.9333,447.8757,1687233600,425400.0,2023-06-20 04:00:00
447.6893,449.3767,444.5892,447.2086,1687320000,447100.0,2023-06-21 04:00:00
453.2716,453.6542,445.3642,450.5246,1687406400,516200.0,2023-06-22 04:00:00
452.0845,456.6366,451.7509,452.1826,1687492800,670300.0,2023-06-23 04:00:00
451.4861,453.046,448.7784,451.4174,1687752000,363500.0,2023-06-26 04:00:00
461.954,463.1018,456.0185,456.3325,1687838400,622900.0,2023-06-27 04:00:00
462.2189,463.769,460.7178,462.0521,1687924800,576600.0,2023-06-28 04:00:00
467.1144,467.5755,461.3654,461.8167,1688011200,342900.0,2023-06-29 04:00:00
471.696,473.6091,467.8993,468.9784,1688097600,556400.0,2023-06-30 04:00:00
468.3506,468.9882,463.406,468.792,1688356800,297100.0,2023-07-03 04:00:00
467.9385,468.0562,462.9939,464.1025,1688529600,352800.0,2023-07-05 04:00:00
467.9679,470.5677,463.3471,464.5244,1688616000,517100.0,2023-07-06 04:00:00
468.0593,471.2229,464.2964,464.2964,1688702400,392600.0,2023-07-07 04:00:00
467.3126,473.6496,465.3477,468.58,1688961600,330200.0,2023-07-10 04:00:00
468.5604,469.9064,464.7091,468.4916,1689048000,486800.0,2023-07-11 04:00:00
468.865,473.4531,467.4011,471.6846,1689134400,379600.0,2023-07-12 04:00:00
470.4565,471.832,467.46,470.5548,1689220800,430100.0,2023-07-13 04:00:00
469.2579,472.5394,468.6291,469.6018,1689307200,349900.0,2023-07-14 04:00:00
468.1772,468.7175,464.2964,467.2733,1689566400,708800.0,2023-07-17 04:00:00
471.7829,472.0481,463.9034,465.3379,1689652800,537100.0,2023-07-18 04:00:00
474.1703,474.7303,470.9478,472.5295,1689739200,568200.0,2023-07-19 04:00:00
473.1485,477.9331,471.9007,474.072,1689825600,471600.0,2023-07-20 04:00:00
490.6267,493.2008,484.6533,491.2358,1689912000,838000.0,2023-07-21 04:00:00
486.4807,493.3285,483.494,491.3636,1690171200,745400.0,2023-07-24 04:00:00
485.6946,487.5221,479.1907,483.1206,1690257600,720000.0,2023-07-25 04:00:00
485.1936,486.3431,478.4833,482.4918,1690344000,450900.0,2023-07-26 04:00:00
482.5803,489.2709,480.2125,488.5046,1690430400,421000.0,2023-07-27 04:00:00
483.769,486.9129,480.7823,485.8617,1690516800,339000.0,2023-07-28 04:00:00
484.4076,485.9305,481.5781,485.9305,1690776000,354800.0,2023-07-31 04:00:00
484.0146,485.7045,481.1557,482.8946,1690862400,279800.0,2023-08-01 04:00:00
482.5507,485.3115,479.7605,481.303,1690948800,338600.0,2023-08-02 04:00:00
482.3642,485.0267,480.5073,480.5564,1691035200,303000.0,2023-08-03 04:00:00
478.1787,485.675,477.658,485.675,1691121600,234000.0,2023-08-04 04:00:00
484.0638,484.1424,479.7114,479.8883,1691380800,312700.0,2023-08-07 04:00:00
482.6686,484.162,479.3282,484.0638,1691467200,353100.0,2023-08-08 04:00:00
479.9964,484.3586,479.1318,484.3586,1691553600,372700.0,2023-08-09 04:00:00
479.4265,486.2743,478.7093,484.3585,1691640000,235000.0,2023-08-10 04:00:00
480.5367,482.0988,477.6482,479.0335,1691726400,319600.0,2023-08-11 04:00:00
487.5123,489.1432,480.4385,480.4581,1691985600,376700.0,2023-08-14 04:00:00
486.1368,488.7895,485.3606,486.7459,1692072000,370000.0,2023-08-15 04:00:00
486.9522,488.9663,483.5725,486.3628,1692158400,364000.0,2023-08-16 04:00:00
478.1984,488.1213,477.6482,486.3922,1692244800,346000.0,2023-08-17 04:00:00
475.8503,478.6994,473.6397,475.359,1692331200,256100.0,2023-08-18 04:00:00
477.4713,478.8861,474.2783,475.8699,1692590400,287000.0,2023-08-21 04:00:00
479.0237,482.3641,476.99,478.7683,1692676800,258200.0,2023-08-22 04:00:00
484.4273,485.3214,479.1121,479.5444,1692763200,253400.0,2023-08-23 04:00:00
480.1437,489.6836,479.9374,486.3235,1692849600,229000.0,2023-08-24 04:00:00
486.1171,487.8463,481.3325,482.2167,1692936000,206300.0,2023-08-25 04:00:00
486.9522,488.3572,484.9578,486.6968,1693195200,170600.0,2023-08-28 04:00:00
489.4183,489.8407,485.3017,485.3017,1693281600,238600.0,2023-08-29 04:00:00
493.8098,495.2737,488.7206,490.3516,1693368000,298500.0,2023-08-30 04:00:00
490.3123,495.8829,490.1256,495.8829,1693454400,395800.0,2023-08-31 04:00:00
490.7839,492.5032,487.8856,491.5993,1693540800,248800.0,2023-09-01 04:00:00
484.7417,493.5544,482.5311,490.2435,1693886400,299000.0,2023-09-05 04:00:00
486.3235,488.3375,483.3957,484.7417,1693972800,254300.0,2023-09-06 04:00:00
485.675,487.4533,483.8574,485.1543,1694059200,264300.0,2023-09-07 04:00:00
482.8946,488.3277,481.3423,486.7459,1694145600,382900.0,2023-09-08 04:00:00
489.1333,489.8407,481.6862,481.6862,1694404800,285200.0,2023-09-11 04:00:00
485.0364,488.6224,483.4055,487.7185,1694491200,307000.0,2023-09-12 04:00:00
486.7951,490.44,486.1663,486.2645,1694577600,373400.0,2023-09-13 04:00:00
490.666,491.7959,486.9032,487.4337,1694664000,309800.0,2023-09-14 04:00:00
487.1193,491.0983,484.7515,490.8821,1694750400,725600.0,2023-09-15 04:00:00
490.4105,493.8295,487.4533,487.9445,1695009600,229300.0,2023-09-18 04:00:00
493.9474,494.9594,488.4652,489.1628,1695096000,316400.0,2023-09-19 04:00:00
495.313,499.9798,493.3972,494.3601,1695182400,455500.0,2023-09-20 04:00:00
486.9424,493.7411,485.9403,493.7019,1695268800,472700.0,2023-09-21 04:00:00
486.2939,490.4203,483.9557,484.9381,1695355200,436000.0,2023-09-22 04:00:00
483.9557,486.2842,480.8609,486.068,1695614400,437900.0,2023-09-25 04:00:00
474.9858,481.1852,473.9149,480.5564,1695700800,377000.0,2023-09-26 04:00:00
478.1002,481.4996,474.976,477.6286,1695787200,488500.0,2023-09-27 04:00:00
478.9451,480.6252,475.9093,478.1002,1695873600,411800.0,2023-09-28 04:00:00
475.7914,480.9298,474.4945,480.9298,1695960000,422900.0,2023-09-29 04:00:00
475.3984,476.3514,472.392,475.3198,1696219200,330200.0,2023-10-02 04:00:00
471.606,475.8798,470.9281,471.3604,1696305600,356600.0,2023-10-03 04:00:00
479.5935,480.5956,472.9815,472.9815,1696392000,359100.0,2023-10-04 04:00:00
481.2789,483.6992,476.517,480.1179,1696478400,398200.0,2023-10-05 04:00:00
486.8376,488.8348,476.0644,480.1769,1696564800,423700.0,2023-10-06 04:00:00
491.4911,491.5994,484.2796,484.3976,1696824000,275400.0,2023-10-09 04:00:00
489.1595,495.8595,488.6085,491.3239,1696910400,416100.0,2023-10-10 04:00:00
493.9213,494.8756,489.8186,490.7828,1696996800,247200.0,2023-10-11 04:00:00
494.1869,497.3451,490.6254,493.8918,1697083200,251800.0,2023-10-12 04:00:00
489.799,495.279,487.7821,493.9902,1697169600,314100.0,2023-10-13 04:00:00
493.8033,497.3648,490.773,492.2488,1697428800,282000.0,2023-10-16 04:00:00
491.8552,494.5805,489.0316,491.3042,1697515200,396500.0,2023-10-17 04:00:00
484.9388,491.0977,484.5157,491.0977,1697601600,289400.0,2023-10-18 04:00:00
479.6555,487.7526,479.5867,483.8566,1697688000,428300.0,2023-10-19 04:00:00
474.3329,482.0856,473.2211,482.0856,1697774400,481600.0,2023-10-20 04:00:00
470.1024,474.9921,469.9056,474.3329,1698033600,458300.0,2023-10-23 04:00:00
474.756,478.8783,470.673,473.3294,1698120000,638200.0,2023-10-24 04:00:00
473.4376,497.2566,471.4207,476.9401,1698206400,911300.0,2023-10-25 04:00:00
472.621,477.8452,470.6336,475.1298,1698292800,509800.0,2023-10-26 04:00:00
467.8887,474.4608,466.7966,470.978,1698379200,450100.0,2023-10-27 04:00:00
476.9696,478.6717,468.3314,471.1354,1698638400,509800.0,2023-10-30 04:00:00
480.6787,483.6598,476.1825,478.9078,1698724800,843900.0,2023-10-31 04:00:00
479.2816,483.7188,475.7496,482.2135,1698811200,602500.0,2023-11-01 04:00:00
486.0702,487.0049,478.957,479.4981,1698897600,722800.0,2023-11-02 04:00:00
494.4232,497.5715,487.3296,487.3296,1698984000,613200.0,2023-11-03 04:00:00
495.0724,498.7422,494.4624,496.5088,1699246800,517100.0,2023-11-06 05:00:00
498.87,499.7162,493.9508,494.8756,1699333200,486400.0,2023-11-07 05:00:00
502.8055,504.9306,499.3915,501.7626,1699419600,419600.0,2023-11-08 05:00:00
501.5067,505.1568,499.8637,502.7464,1699506000,350100.0,2023-11-09 05:00:00
508.7972,510.2237,502.0578,503.1499,1699592400,534900.0,2023-11-10 05:00:00
508.6495,511.0796,505.1765,508.2855,1699851600,506200.0,2023-11-13 05:00:00
516.2252,517.1401,507.9313,510.3319,1699938000,539500.0,2023-11-14 05:00:00
512.4667,519.9046,512.2798,516.5989,1700024400,423500.0,2023-11-15 05:00:00
516.6187,519.5407,512.703,513.8049,1700110800,384100.0,2023-11-16 05:00:00
516.2448,519.4816,514.7887,519.4816,1700197200,372500.0,2023-11-17 05:00:00
516.2448,521.4296,512.5849,519.826,1700456400,353100.0,2023-11-20 05:00:00
518.6355,519.9046,515.684,516.048,1700542800,325000.0,2023-11-21 05:00:00
519.944,523.1612,518.0255,521.0853,1700629200,404100.0,2023-11-22 05:00:00
517.1008,520.5934,516.1956,518.7536,1700802000,280800.0,2023-11-24 05:00:00
516.5203,519.5899,515.0839,517.6321,1701061200,589300.0,2023-11-27 05:00:00
517.3763,522.4234,516.8844,517.5928,1701147600,434400.0,2023-11-28 05:00:00
517.337,522.699,516.7959,519.8261,1701234000,377300.0,2023-11-29 05:00:00
529.5563,530.6188,517.514,517.7304,1701320400,1441800.0,2023-11-30 05:00:00
531.8486,532.1241,525.0207,529.5562,1701406800,608600.0,2023-12-01 05:00:00
528.0804,533.285,525.3749,528.9167,1701666000,486600.0,2023-12-04 05:00:00
526.89,529.1824,524.8534,526.526,1701752400,343300.0,2023-12-05 05:00:00
526.7228,529.3693,523.3974,529.2611,1701838800,351400.0,2023-12-06 05:00:00
526.162,527.8248,523.4466,527.8248,1701925200,361400.0,2023-12-07 05:00:00
527.9329,528.8971,523.122,524.8338,1702011600,394000.0,2023-12-08 05:00:00
531.4847,535.6464,528.2774,531.2781,1702270800,593500.0,2023-12-11 05:00:00
534.6823,536.2072,533.2655,533.3442,1702357200,693500.0,2023-12-12 05:00:00
541.8741,542.9956,535.7349,536.0694,1702443600,690600.0,2023-12-13 05:00:00
530.127,542.917,529.5366,541.8741,1702530000,985100.0,2023-12-14 05:00:00
532.803,533.2457,524.3615,527.1065,1702616400,8038300.0,2023-12-15 05:00:00
534.2,536.0497,530.3433,535.6463,1702875600,653300.0,2023-12-18 05:00:00
532.8128,535.7545,529.0446,535.0363,1702962000,499900.0,2023-12-19 05:00:00
526.2997,536.1776,526.1718,531.6912,1703048400,676200.0,2023-12-20 05:00:00
531.5731,532.8325,526.949,529.8022,1703134800,407700.0,2023-12-21 05:00:00
534.082,537.0434,532.6063,534.3772,1703221200,420800.0,2023-12-22 05:00:00
534.7707,537.6435,532.9998,534.8297,1703566800,443600.0,2023-12-26 05:00:00
534.9675,536.1973,533.9738,535.9022,1703653200,539400.0,2023-12-27 05:00:00
537.3287,538.5388,534.7904,535.3905,1703739600,267800.0,2023-12-28 05:00:00
536.3644,539.985,534.9969,537.5943,1703826000,398900.0,2023-12-29 05:00:00
525.8569,536.4333,522.3544,533.6195,1704171600,618500.0,2024-01-02 05:00:00
522.4234,528.7495,522.2266,525.857,1704258000,488400.0,2024-01-03 05:00:00
515.7036,522.3741,515.0543,517.5041,1704344400,601000.0,2024-01-04 05:00:00
514.6215,518.1437,513.2737,516.5203,1704430800,444000.0,2024-01-05 05:00:00
520.9863,521.5479,514.3653,514.6215,1704690000,509200.0,2024-01-08 05:00:00
523.6859,525.1737,519.1635,520.9764,1704776400,373000.0,2024-01-09 05:00:00
522.4839,523.4889,519.5873,521.1735,1704862800,401400.0,2024-01-10 05:00:00
524.553,525.0062,520.4051,522.0603,1704949200,336300.0,2024-01-11 05:00:00
526.3165,527.9816,523.2327,527.9816,1705035600,435000.0,2024-01-12 05:00:00
529.3512,529.6074,523.548,524.6318,1705381200,428800.0,2024-01-16 05:00:00
529.2722,532.0407,524.7104,527.7844,1705467600,427400.0,2024-01-17 05:00:00
533.9523,534.2282,525.8042,527.1245,1705554000,425000.0,2024-01-18 05:00:00
540.4058,540.4353,533.3415,535.2923,1705640400,427300.0,2024-01-19 05:00:00
541.8048,545.2434,539.8146,541.8935,1705899600,449200.0,2024-01-22 05:00:00
544.662,545.0463,537.8539,541.8935,1705986000,304000.0,2024-01-23 05:00:00
539.6964,546.0612,539.253,545.2631,1706072400,353600.0,2024-01-24 05:00:00
543.5684,545.2137,540.1791,544.0511,1706158800,884500.0,2024-01-25 05:00:00
541.5782,544.9281,538.3466,544.7901,1706245200,426300.0,2024-01-26 05:00:00
547.7361,547.9627,540.6423,541.2137,1706504400,413000.0,2024-01-29 05:00:00
553.293,554.3965,546.9577,550.0318,1706590800,621300.0,2024-01-30 05:00:00
529.085,541.2234,517.4392,519.7053,1706677200,993200.0,2024-01-31 05:00:00
537.7653,538.2086,526.9274,530.632,1706763600,561900.0,2024-02-01 05:00:00
541.5192,543.1449,530.6025,536.0805,1706850000,489600.0,2024-02-02 05:00:00
537.8441,541.4699,534.0705,540.7013,1707109200,335600.0,2024-02-05 05:00:00
537.2628,540.2876,533.8834,540.2876,1707195600,348600.0,2024-02-06 05:00:00
540.6029,542.5242,538.7506,541.8936,1707282000,413600.0,2024-02-07 05:00:00
537.3022,544.9282,532.4153,542.7212,1707368400,508800.0,2024-02-08 05:00:00
542.1497,542.6522,537.0755,540.4057,1707454800,388000.0,2024-02-09 05:00:00
534.3169,540.7605,532.0607,540.7605,1707714000,343900.0,2024-02-12 05:00:00
527.5284,530.1591,524.1884,528.888,1707800400,433400.0,2024-02-13 05:00:00
533.7256,533.9227,526.6711,528.0013,1707886800,460900.0,2024-02-14 05:00:00
539.9033,540.8393,530.3561,535.1543,1707973200,420600.0,2024-02-15 05:00:00
537.5287,542.3171,535.972,541.8442,1708059600,552700.0,2024-02-16 05:00:00
536.0903,539.3614,531.8537,537.5288,1708405200,440500.0,2024-02-20 05:00:00
540.928,541.4108,532.4942,534.8884,1708491600,381200.0,2024-02-21 05:00:00
547.1253,550.4259,544.3764,544.3764,1708578000,610300.0,2024-02-22 05:00:00
548.6622,551.7165,546.7606,550.9184,1708664400,985100.0,2024-02-23 05:00:00
539.8344,548.3667,537.7851,545.9135,1708923600,847200.0,2024-02-26 05:00:00
539.0361,540.4746,534.5237,539.9328,1709010000,852200.0,2024-02-27 05:00:00
535.4401,537.7949,533.6863,536.3663,1709096400,457300.0,2024-02-28 05:00:00
536.701,538.1002,531.3117,538.1002,1709182800,817900.0,2024-02-29 05:00:00
539.8836,541.7162,532.632,533.0951,1709269200,781700.0,2024-03-01 05:00:00
539.1545,543.9232,537.4106,541.2531,1709528400,521200.0,2024-03-04 05:00:00
529.095,536.2184,526.8485,536.2184,1709614800,431400.0,2024-03-05 05:00:00
532.2479,538.1496,527.696,529.5778,1709701200,441900.0,2024-03-06 05:00:00
538.2677,541.0461,535.2823,537.1051,1709787600,301800.0,2024-03-07 05:00:00
537.9032,540.4649,536.3267,538.1199,1709874000,310400.0,2024-03-08 05:00:00
545.7163,546.0907,534.8982,537.1741,1710129600,521400.0,2024-03-11 04:00:00
547.0169,550.0318,545.4602,546.4257,1710216000,465100.0,2024-03-12 04:00:00
541.4205,549.5489,539.5879,549.5489,1710302400,439500.0,2024-03-13 04:00:00
539.0165,543.7064,535.8538,541.5289,1710388800,375900.0,2024-03-14 04:00:00
539.2826,543.6572,534.2972,536.3958,1710475200,877100.0,2024-03-15 04:00:00
538.11,543.0462,537.3908,540.5141,1710734400,373200.0,2024-03-18 04:00:00
543.736,544.1302,537.7358,538.9378,1710820800,317800.0,2024-03-19 04:00:00
545.8937,548.5737,541.9921,544.9381,1710907200,442400.0,2024-03-20 04:00:00
548.081,550.3963,546.2878,548.347,1710993600,425000.0,2024-03-21 04:00:00
548.1796,550.7314,544.8888,550.7314,1711080000,240500.0,2024-03-22 04:00:00
542.8196,545.8739,539.7357,545.8739,1711339200,576200.0,2024-03-25 04:00:00
546.2582,547.4012,541.1053,542.8197,1711425600,419000.0,2024-03-26 04:00:00
550.9382,551.5885,548.3371,549.5686,1711512000,362800.0,2024-03-27 04:00:00
552.5738,554.8497,549.5786,551.7461,1711598400,478100.0,2024-03-28 04:00:00
545.4601,556.6724,543.8936,554.0614,1711944000,268400.0,2024-04-01 04:00:00
537.8932,544.7211,535.4104,543.8639,1712030400,775300.0,2024-04-02 04:00:00
536.6519,541.1644,534.9178,534.9178,1712116800,927300.0,2024-04-03 04:00:00
530.0909,546.9522,529.9231,542.6998,1712203200,451500.0,2024-04-04 04:00:00
535.7442,538.4968,529.6863,530.3277,1712289600,338800.0,2024-04-05 04:00:00
535.9612,538.2108,532.9718,534.0867,1712548800,371900.0,2024-04-08 04:00:00
536.2079,539.5427,533.9189,537.1057,1712635200,315700.0,2024-04-09 04:00:00
528.8181,532.6166,527.3382,531.6004,1712721600,481800.0,2024-04-10 04:00:00
532.4193,537.382,528.5715,530.5743,1712808000,398000.0,2024-04-11 04:00:00
528.6603,537.6187,527.1803,527.2297,1712894400,590600.0,2024-04-12 04:00:00
521.1915,535.1127,519.9188,535.1127,1713153600,800100.0,2024-04-15 04:00:00
519.9287,525.0394,519.8991,523.8949,1713240000,405300.0,2024-04-16 04:00:00
519.4255,522.6124,518.6363,521.2508,1713326400,447800.0,2024-04-17 04:00:00
520.2148,524.4375,519.1295,523.4115,1713412800,477300.0,2024-04-18 04:00:00
527.2297,528.5321,522.4643,522.9774,1713499200,776900.0,2024-04-19 04:00:00
531.8964,533.4355,527.2495,531.709,1713758400,584000.0,2024-04-22 04:00:00
532.3996,536.3757,531.2748,532.7252,1713844800,381500.0,2024-04-23 04:00:00
530.8112,531.5018,526.7068,529.0846,1713931200,631600.0,2024-04-24 04:00:00
533.179,535.8428,526.618,529.8639,1714017600,552900.0,2024-04-25 04:00:00
519.7313,533.0605,519.4748,523.2831,1714104000,856100.0,2024-04-26 04:00:00
506.708,519.6129,504.7742,515.4001,1714363200,698100.0,2024-04-29 04:00:00
504.6164,506.3233,501.5677,506.0174,1714449600,901800.0,2024-04-30 04:00:00
507.8722,516.3473,504.2809,505.1491,1714536000,767700.0,2024-05-01 04:00:00
503.9849,508.5431,501.4197,508.5431,1714622400,694100.0,2024-05-02 04:00:00
510.2895,512.5686,504.6559,506.1062,1714708800,1067600.0,2024-05-03 04:00:00
508.6417,511.868,505.8989,510.6643,1714968000,651700.0,2024-05-06 04:00:00
513.2986,513.9597,509.5988,510.9801,1715054400,309900.0,2024-05-07 04:00:00
514.0781,521.1817,513.9498,514.6799,1715140800,463200.0,2024-05-08 04:00:00
516.3276,516.8011,513.0322,513.6736,1715227200,311600.0,2024-05-09 04:00:00
516.4952,519.4353,514.305,515.0351,1715313600,346700.0,2024-05-10 04:00:00
514.7786,520.3135,514.1669,519.8301,1715572800,344400.0,2024-05-13 04:00:00
513.861,516.5347,510.3486,515.0153,1715659200,419800.0,2024-05-14 04:00:00
524.329,525.6215,515.7356,517.0774,1715745600,626500.0,2024-05-15 04:00:00
531.5905,532.3305,524.0725,525.2663,1715832000,792100.0,2024-05-16 04:00:00
534.6391,536.8195,529.9822,531.5904,1715918400,787900.0,2024-05-17 04:00:00
539.0593,539.3651,532.9323,533.5441,1716177600,777900.0,2024-05-20 04:00:00
534.1558,538.4179,531.0281,537.7569,1716264000,380400.0,2024-05-21 04:00:00
540.1248,542.542,531.63,534.2149,1716350400,512000.0,2024-05-22 04:00:00
537.3327,542.4927,535.9021,540.263,1716436800,529500.0,2024-05-23 04:00:00
537.3721,540.5392,536.3757,536.9282,1716523200,369900.0,2024-05-24 04:00:00
525.8879,534.7872,523.7766,534.7872,1716868800,518300.0,2024-05-28 04:00:00
523.8358,525.6807,521.4185,521.4777,1716955200,551800.0,2024-05-29 04:00:00
519.5341,521.754,517.3043,520.5799,1717041600,476500.0,2024-05-30 04:00:00
525.6313,525.8681,517.5114,521.3395,1717128000,765800.0,2024-05-31 04:00:00
528.9858,529.1831,522.849,525.6313,1717387200,549900.0,2024-06-03 04:00:00
536.129,537.5991,527.8315,527.8315,1717473600,506400.0,2024-06-04 04:00:00
539.6019,540.5194,534.8365,537.7076,1717560000,374000.0,2024-06-05 04:00:00
542.9959,546.2419,537.905,540.6576,1717646400,395500.0,2024-06-06 04:00:00
546.6168,549.4088,543.6766,544.6533,1717732800,394000.0,2024-06-07 04:00:00
549.0537,549.1721,543.7753,545.936,1717992000,313200.0,2024-06-10 04:00:00
548.2841,548.9353,543.4004,548.9353,1718078400,316300.0,2024-06-11 04:00:00
550.721,551.5991,544.7421,549.9909,1718164800,526300.0,2024-06-12 04:00:00
539.8485,549.0142,539.0099,545.265,1718251200,482800.0,2024-06-13 04:00:00
542.0981,547.3173,540.0952,540.7069,1718337600,431100.0,2024-06-14 04:00:00
546.1827,546.745,540.3024,541.6541,1718596800,632800.0,2024-06-17 04:00:00
552.6055,554.3716,544.3574,544.3574,1718683200,496100.0,2024-06-18 04:00:00
551.7374,556.3745,548.6197,552.507,1718856000,548300.0,2024-06-20 04:00:00
553.9769,557.3216,550.1193,557.3216,1718942400,1028900.0,2024-06-21 04:00:00
555.0227,561.0707,550.7803,553.1284,1719201600,529100.0,2024-06-24 04:00:00
555.4568,558.8902,554.3025,557.5287,1719288000,391300.0,2024-06-25 04:00:00
550.0797,554.9734,549.1918,552.4871,1719374400,372100.0,2024-06-26 04:00:00
554.5393,557.8642,549.4779,552.5858,1719460800,435500.0,2024-06-27 04:00:00
556.1179,561.8797,552.4477,554.4505,1719547200,742900.0,2024-06-28 04:00:00
555.1017,560.9425,553.1284,559.5217,1719806400,360400.0,2024-07-01 04:00:00
555.5752,559.9459,553.7401,556.5914,1719892800,503700.0,2024-07-02 04:00:00
552.9508,556.7888,551.5498,555.6147,1719979200,284800.0,2024-07-03 04:00:00
555.0327,555.526,548.6591,550.8494,1720152000,324800.0,2024-07-05 04:00:00
550.0831,553.0568,546.8921,551.891,1720411200,315300.0,2024-07-08 04:00:00
543.8294,550.9426,542.6143,550.9426,1720497600,348700.0,2024-07-09 04:00:00
546.3881,546.3881,542.8316,544.6098,1720584000,443700.0,2024-07-10 04:00:00
549.2236,551.4267,546.5068,546.5068,1720670400,436300.0,2024-07-11 04:00:00
551.644,554.9733,550.2905,552.217,1720756800,400700.0,2024-07-12 04:00:00
552.4047,553.9162,547.6033,551.15,1721016000,566500.0,2024-07-15 04:00:00
560.2292,560.5749,551.6242,552.4146,1721102400,405700.0,2024-07-16 04:00:00
564.3785,567.3621,559.7451,563.1633,1721188800,661700.0,2024-07-17 04:00:00
564.2994,566.2555,560.9997,564.3785,1721275200,352000.0,2024-07-18 04:00:00
560.4662,568.0634,557.5419,565.8406,1721361600,459200.0,2024-07-19 04:00:00
569.5948,570.2666,563.3708,563.9339,1721620800,505300.0,2024-07-22 04:00:00
567.3423,572.114,566.5618,570.5334,1721707200,430800.0,2024-07-23 04:00:00
525.5526,539.4133,514.1617,539.4133,1721793600,2064400.0,2024-07-24 04:00:00
534.365,541.5769,528.1607,534.6021,1721880000,1094500.0,2024-07-25 04:00:00
541.9128,546.8722,535.7283,544.0073,1721966400,777900.0,2024-07-26 04:00:00
539.107,549.2432,536.0938,542.4561,1722225600,400600.0,2024-07-29 04:00:00
538.2377,544.847,535.1256,539.9271,1722312000,327000.0,2024-07-30 04:00:00
538.1784,543.6219,536.4495,541.3892,1722398400,560500.0,2024-07-31 04:00:00
537.8327,542.5254,531.3617,537.8821,1722484800,441000.0,2024-08-01 04:00:00
529.5637,541.3991,525.6514,540.3025,1722571200,740000.0,2024-08-02 04:00:00
511.2869,564.2995,509.6567,564.2995,1722830400,934500.0,2024-08-05 04:00:00
511.8894,522.8456,511.672,514.2209,1722916800,596900.0,2024-08-06 04:00:00
509.0343,520.771,508.5798,518.5777,1723003200,465800.0,2024-08-07 04:00:00
516.7106,519.4373,510.1507,512.7094,1723089600,347100.0,2024-08-08 04:00:00
520.4252,521.4229,511.7214,514.9421,1723176000,300100.0,2024-08-09 04:00:00
513.7962,519.8918,512.9663,518.1826,1723435200,299000.0,2024-08-12 04:00:00
518.6864,518.8247,512.6106,513.7961,1723521600,388500.0,2024-08-13 04:00:00
521.6305,522.0059,517.3824,517.906,1723608000,272600.0,2024-08-14 04:00:00
539.9764,542.4463,526.0663,528.7831,1723694400,608000.0,2024-08-15 04:00:00
541.8831,543.1674,538.781,541.8337,1723780800,389800.0,2024-08-16 04:00:00
543.2465,543.9381,539.5319,541.0138,1724040000,273900.0,2024-08-19 04:00:00
540.8458,545.2125,538.2574,543.78,1724126400,266800.0,2024-08-20 04:00:00
544.8271,545.252,540.7865,543.3057,1724212800,324400.0,2024-08-21 04:00:00
539.3838,547.8109,538.4354,545.9141,1724299200,456400.0,2024-08-22 04:00:00
541.2114,544.027,536.2223,543.5231,1724385600,392100.0,2024-08-23 04:00:00
540.1346,545.6671,538.7614,541.33,1724644800,330200.0,2024-08-26 04:00:00
544.5507,545.0545,536.7558,536.7558,1724731200,341600.0,2024-08-27 04:00:00
543.6911,547.9194,542.4562,545.499,1724817600,304000.0,2024-08-28 04:00:00
547.139,553.2445,546.3091,548.6407,1724904000,278700.0,2024-08-29 04:00:00
547.7219,550.6561,542.4068,550.6561,1724990400,407600.0,2024-08-30 04:00:00
545.6966,551.4069,543.1675,546.6154,1725336000,427300.0,2024-09-03 04:00:00
551.7724,552.8394,545.005,545.5879,1725422400,397300.0,2024-09-04 04:00:00
548.2157,550.5275,543.3946,548.6504,1725508800,315500.0,2024-09-05 04:00:00
541.1521,551.1599,540.1741,548.611,1725595200,409400.0,2024-09-06 04:00:00
546.7143,548.1468,543.2466,543.2466,1725854400,309600.0,2024-09-09 04:00:00
545.667,549.8262,541.3892,549.8262,1725940800,314400.0,2024-09-10 04:00:00
543.207,543.9282,531.4407,543.6417,1726027200,385700.0,2024-09-11 04:00:00
544.6593,544.8767,537.9413,543.869,1726113600,354400.0,2024-09-12 04:00:00
545.183,548.9568,544.6396,545.2126,1726200000,297900.0,2024-09-13 04:00:00
549.846,550.8537,545.588,548.2949,1726459200,241100.0,2024-09-16 04:00:00
545.173,551.4167,543.9775,549.9941,1726545600,297600.0,2024-09-17 04:00:00
543.2959,547.6922,539.6306,544.9952,1726632000,281300.0,2024-09-18 04:00:00
554.0941,554.9931,549.3718,552.1281,1726718400,521400.0,2024-09-19 04:00:00
551.3082,555.3587,545.7461,547.9196,1726804800,1507100.0,2024-09-20 04:00:00
551.0215,553.2642,550.1225,553.195,1727064000,349600.0,2024-09-23 04:00:00
545.3212,550.0139,544.1554,550.0139,1727150400,357500.0,2024-09-24 04:00:00
541.7449,546.408,540.6977,545.341,1727236800,401600.0,2024-09-25 04:00:00
545.8349,546.6549,543.0193,544.511,1727323200,415200.0,2024-09-26 04:00:00
547.1191,551.3179,545.5977,546.4572,1727409600,310500.0,2024-09-27 04:00:00
549.7274,551.318,542.7131,547.5046,1727668800,593300.0,2024-09-30 04:00:00
541.656,549.8855,539.9765,549.8855,1727755200,445900.0,2024-10-01 04:00:00
544.7185,545.5484,539.3145,542.7426,1727841600,367000.0,2024-10-02 04:00:00
542.308,545.9732,538.4649,542.3771,1727928000,623400.0,2024-10-03 04:00:00
538.2871,545.3904,536.1927,545.3904,1728014400,316600.0,2024-10-04 04:00:00
531.3814,534.9973,530.8677,533.6339,1728273600,388700.0,2024-10-07 04:00:00
537.1096,537.6438,529.937,531.3814,1728360000,309200.0,2024-10-08 04:00:00
540.0974,544.3019,533.9042,537.9406,1728446400,512300.0,2024-10-09 04:00:00
533.6865,539.5037,533.5085,538.9002,1728532800,577100.0,2024-10-10 04:00:00
545.6572,546.4091,533.4589,534.4878,1728619200,843500.0,2024-10-11 04:00:00
547.913,549.0704,545.1626,548.1702,1728878400,271900.0,2024-10-14 04:00:00
550.2378,555.313,547.5666,548.9912,1728964800,381600.0,2024-10-15 04:00:00
554.8677,555.5998,543.7775,546.6268,1729051200,365300.0,2024-10-16 04:00:00
557.717,560.4178,554.1456,557.5983,1729137600,411500.0,2024-10-17 04:00:00
551.6625,559.7353,551.247,557.7171,1729224000,320500.0,2024-10-18 04:00:00
550.8512,552.5033,545.2517,549.8718,1729483200,422000.0,2024-10-21 04:00:00
546.2014,550.0696,544.846,549.3078,1729569600,519100.0,2024-10-22 04:00:00
537.1392,544.1238,529.284,544.1238,1729656000,718600.0,2024-10-23 04:00:00
536.3082,544.7866,536.2093,537.901,1729742400,369900.0,2024-10-24 04:00:00
536.2094,541.4824,534.2307,540.7602,1729828800,535300.0,2024-10-25 04:00:00
539.3058,539.9489,535.22,537.1986,1730088000,282800.0,2024-10-28 04:00:00
542.9465,547.1709,536.1796,537.8614,1730174400,424800.0,2024-10-29 04:00:00
541.3834,546.0431,537.7427,542.6003,1730260800,626300.0,2024-10-30 04:00:00
531.9849,541.9374,531.7672,541.3834,1730347200,567000.0,2024-10-31 04:00:00
535.1309,536.8425,530.3822,530.867,1730433600,510800.0,2024-11-01 04:00:00
536.2885,536.4566,527.6121,536.239,1730696400,416300.0,2024-11-04 05:00:00
536.9019,539.7807,534.0625,537.8417,1730782800,422100.0,2024-11-05 05:00:00
558.6371,561.8722,538.3462,544.9351,1730869200,678400.0,2024-11-06 05:00:00
566.1461,567.5904,557.0245,559.7749,1730955600,580200.0,2024-11-07 05:00:00
561.5557,568.8568,560.3586,568.8568,1731042000,391900.0,2024-11-08 05:00:00
559.1021,567.7883,558.8251,561.6941,1731301200,388000.0,2024-11-11 05:00:00
558.7361,559.9331,553.7301,558.0634,1731387600,539700.0,2024-11-12 05:00:00
565.0974,567.996,555.2141,555.2141,1731474000,372100.0,2024-11-13 05:00:00
558.7361,567.6003,557.7962,567.6003,1731560400,549700.0,2024-11-14 05:00:00
542.3727,559.1318,541.4428,556.7673,1731646800,581300.0,2024-11-15 05:00:00
543.5005,544.4998,539.3355,541.7791,1731906000,566000.0,2024-11-18 05:00:00
542.1056,543.7478,536.3972,538.8507,1731992400,356200.0,2024-11-19 05:00:00
543.5797,546.3695,539.9093,543.639,1732078800,360800.0,2024-11-20 05:00:00
548.3383,549.3474,541.8385,544.4998,1732165200,536900.0,2024-11-21 05:00:00
554.1555,556.0847,549.6145,549.6145,1732251600,250000.0,2024-11-22 05:00:00
551.979,559.4187,550.8413,557.074,1732510800,531400.0,2024-11-25 05:00:00
555.8868,556.2331,547.9031,553.3344,1732597200,360700.0,2024-11-26 05:00:00
558.3204,558.7162,551.3161,555.1843,1732683600,358600.0,2024-11-27 05:00:00
560.3882,563.4255,555.2042,557.3708,1732856400,365700.0,2024-11-29 05:00:00
562.5547,563.2077,555.9362,560.3881,1733115600,595900.0,2024-12-02 05:00:00
560.8036,561.4467,553.8092,558.2513,1733202000,509000.0,2024-12-03 05:00:00
569.7966,573.8924,561.6347,565.1666,1733288400,699700.0,2024-12-04 05:00:00
551.9394,564.8994,544.5393,564.8994,1733374800,750900.0,2024-12-05 05:00:00
545.311,554.017,544.1832,551.0491,1733461200,544800.0,2024-12-06 05:00:00
542.5606,545.1823,541.2152,543.9556,1733720400,528400.0,2024-12-09 05:00:00
543.5994,546.3696,535.1309,541.977,1733806800,587900.0,2024-12-10 05:00:00
544.5096,547.5469,543.8369,545.9837,1733893200,495700.0,2024-12-11 05:00:00
542.1749,546.3004,539.4543,543.5401,1733979600,324400.0,2024-12-12 05:00:00
537.8516,540.0281,534.5671,537.8417,1734066000,590300.0,2024-12-13 05:00:00
536.2488,540.0181,535.9917,537.2382,1734325200,598100.0,2024-12-16 05:00:00
531.0154,537.8417,530.6691,535.0419,1734411600,1086900.0,2024-12-17 05:00:00
521.0925,532.2718,520.7166,531.0153,1734498000,840900.0,2024-12-18 05:00:00
516.1757,526.9889,515.8789,522.9129,1734584400,644700.0,2024-12-19 05:00:00
519.7867,524.8717,512.9604,514.0882,1734670800,1742100.0,2024-12-20 05:00:00
519.3315,520.6275,516.4724,517.3232,1734930000,546900.0,2024-12-23 05:00:00
522.4974,522.527,516.0668,517.2441,1735016400,228100.0,2024-12-24 05:00:00
521.607,522.903,519.6185,519.6976,1735189200,312600.0,2024-12-26 05:00:00
518.3126,521.9533,514.6521,519.4503,1735275600,422400.0,2024-12-27 05:00:00
514.3157,516.2449,508.4194,513.9596,1735534800,357200.0,2024-12-30 05:00:00
514.296,516.4428,511.3874,515.4931,1735621200,451900.0,2024-12-31 05:00:00
508.3006,519.0941,508.1325,519.0941,1735794000,653400.0,2025-01-02 05:00:00
509.9605,515.9257,508.5435,515.9257,1735880400,478700.0,2025-01-03 05:00:00
502.489,508.7812,500.1703,508.0777,1736139600,969000.0,2025-01-06 05:00:00
502.489,508.9893,499.9423,503.8465,1736226000,621700.0,2025-01-07 05:00:00
505.6599,507.2156,499.7243,502.707,1736312400,960700.0,2025-01-08 05:00:00
498.1389,506.1157,497.5345,502.8556,1736485200,575600.0,2025-01-10 05:00:00
503.3808,505.2239,494.9284,494.9284,1736744400,572700.0,2025-01-13 05:00:00
506.0464,507.2156,501.0026,502.1521,1736830800,535800.0,2025-01-14 05:00:00
513.2503,516.2726,509.0984,513.2701,1736917200,1000800.0,2025-01-15 05:00:00
514.3798,515.4699,511.1198,514.0826,1737003600,619700.0,2025-01-16 05:00:00
517.5706,524.2493,515.3411,524.2493,1737090000,763800.0,2025-01-17 05:00:00
525.9635,526.5878,518.284,519.3245,1737435600,686400.0,2025-01-21 05:00:00
529.5903,531.0568,525.0915,526.0527,1737522000,481100.0,2025-01-22 05:00:00
528.3913,528.5102,523.2386,526.2707,1737608400,387600.0,2025-01-23 05:00:00
526.5383,530.1353,524.5268,527.6184,1737694800,385400.0,2025-01-24 05:00:00
536.4078,536.7447,522.4063,523.1098,1737954000,748400.0,2025-01-27 05:00:00
544.6224,548.2194,530.8191,535.1989,1738040400,686000.0,2025-01-28 05:00:00
538.0823,544.9096,537.9238,542.918,1738126800,691300.0,2025-01-29 05:00:00
565.4116,578.9969,556.4934,560.8435,1738213200,1153800.0,2025-01-30 05:00:00
570.4157,576.6287,564.8864,566.7989,1738299600,1158100.0,2025-01-31 05:00:00
571.793,576.2124,564.4999,570.0093,1738558800,892400.0,2025-02-03 05:00:00
572.4173,574.3496,565.9665,572.8137,1738645200,768100.0,2025-02-04 05:00:00
576.1332,576.9556,567.9087,572.883,1738731600,484800.0,2025-02-05 05:00:00
578.115,578.4618,572.4569,577.0745,1738818000,714800.0,2025-02-06 05:00:00
567.5519,579.1158,567.3736,578.1447,1738904400,496600.0,2025-02-07 05:00:00
569.296,570.0292,562.2506,568.087,1739163600,569100.0,2025-02-10 05:00:00
576.0638,576.1431,565.3125,565.3125,1739250000,552900.0,2025-02-11 05:00:00
561.6065,570.5841,561.3092,568.414,1739336400,688500.0,2025-02-12 05:00:00
568.2158,570.1976,560.14,564.2027,1739422800,400400.0,2025-02-13 05:00:00
568.3645,572.6749,567.7204,569.7716,1739509200,353200.0,2025-02-14 05:00:00
567.324,568.9193,564.3017,567.7203,1739854800,550800.0,2025-02-18 05:00:00
571.793,572.6947,562.9739,567.324,1739941200,478000.0,2025-02-19 05:00:00
576.1332,576.589,563.836,569.732,1740027600,474700.0,2025-02-20 05:00:00
568.8301,575.1224,568.3248,574.1216,1740114000,634300.0,2025-02-21 05:00:00
571.3372,574.627,567.0763,569.8905,1740373200,512100.0,2025-02-24 05:00:00
581.9994,588.5096,571.8426,572.883,1740459600,984000.0,2025-02-25 05:00:00
569.9202,581.5732,569.2067,579.8788,1740546000,646000.0,2025-02-26 05:00:00
567.2943,574.6766,566.779,568.8203,1740632400,549100.0,2025-02-27 05:00:00
579.1852,579.6113,568.4438,573.7848,1740718800,911100.0,2025-02-28 05:00:00
580.4833,586.617,577.8475,583.1389,1740978000,709900.0,2025-03-03 05:00:00
579.5122,584.6352,577.1538,581.0778,1741064400,870700.0,2025-03-04 05:00:00
588.4105,589.7581,576.698,577.2727,1741150800,629100.0,2025-03-05 05:00:00
582.9407,586.9638,577.5601,584.3875,1741237200,569800.0,2025-03-06 05:00:00
583.03,584.5559,572.7146,580.2951,1741323600,462700.0,2025-03-07 05:00:00
571.2084,585.7846,568.86,581.4941,1741579200,748700.0,2025-03-10 04:00:00
560.6057,571.4562,558.8023,570.8616,1741665600,611700.0,2025-03-11 04:00:00
561.2695,564.054,554.5115,561.5073,1741752000,621500.0,2025-03-12 04:00:00
557.7618,562.7362,555.681,558.3167,1741838400,431800.0,2025-03-13 04:00:00
564.1135,566.5908,560.576,561.1606,1741924800,428900.0,2025-03-14 04:00:00
570.3562,572.9821,564.1134,564.1134,1742184000,499000.0,2025-03-17 04:00:00
571.6147,572.13,564.4801,568.6222,1742270400,459800.0,2025-03-18 04:00:00
572.5759,575.0532,567.0764,573.9434,1742356800,488800.0,2025-03-19 04:00:00
570.2175,572.1894,565.6593,569.0878,1742443200,439200.0,2025-03-20 04:00:00
566.9772,567.879,559.1293,564.7378,1742529600,879700.0,2025-03-21 04:00:00
571.4066,574.2703,568.9392,572.0408,1742788800,568900.0,2025-03-24 04:00:00
573.8046,576.8664,567.3141,570.5346,1742875200,735500.0,2025-03-25 04:00:00
577.4114,579.9482,574.2901,574.2901,1742961600,336500.0,2025-03-26 04:00:00
587.1619,588.8465,572.8532,582.3263,1743048000,627300.0,2025-03-27 04:00:00
577.3421,586.3395,575.3405,584.001,1743134400,876500.0,2025-03-28 04:00:00
584.219,586.6269,574.9144,577.5304,1743393600,994700.0,2025-03-31 04:00:00
585.4081,587.6079,578.9177,580.4734,1743480000,438600.0,2025-04-01 04:00:00
584.9919,587.5584,574.7955,578.8781,1743566400,411900.0,2025-04-02 04:00:00
574.4289,585.1307,571.5652,584.4965,1743652800,994200.0,2025-04-03 04:00:00
537.6385,573.8979,536.6066,572.3499,1743739200,1672600.0,2025-04-04 04:00:00
528.4496,543.4734,515.5297,528.9557,1743998400,1109300.0,2025-04-07 04:00:00
515.2022,537.7279,509.9727,530.7122,1744084800,806300.0,2025-04-08 04:00:00
549.5068,551.9876,509.9231,513.5352,1744171200,1153100.0,2025-04-09 04:00:00
545.3787,550.2113,529.0054,543.7314,1744257600,944000.0,2025-04-10 04:00:00
555.8575,560.3825,539.1469,544.5352,1744344000,669100.0,2025-04-11 04:00:00
561.5336,566.3464,554.3691,564.074,1744603200,378400.0,2025-04-14 04:00:00
562.7244,567.2891,559.0132,565.5029,1744689600,340700.0,2025-04-15 04:00:00
551.9974,565.5128,548.2862,558.259,1744776000,635200.0,2025-04-16 04:00:00
552.96,560.1345,552.1562,557.1873,1744862400,343100.0,2025-04-17 04:00:00
535.1281,551.0747,530.8016,546.1924,1745208000,372600.0,2025-04-21 04:00:00
547.0656,547.5518,539.3751,541.3895,1745294400,517600.0,2025-04-22 04:00:00
546.8473,559.7871,546.1229,551.5509,1745380800,623400.0,2025-04-23 04:00:00
555.3615,557.1179,543.791,546.8871,1745467200,674300.0,2025-04-24 04:00:00
553.4165,554.9447,546.8076,554.9447,1745553600,671000.0,2025-04-25 04:00:00
547.7106,553.9126,531.4168,533.8182,1745812800,805900.0,2025-04-28 04:00:00
551.8982,553.7737,547.79,549.1693,1745899200,716500.0,2025-04-29 04:00:00
555.7783,556.592,543.5429,550.6381,1745985600,670400.0,2025-04-30 04:00:00
553.3073,559.8765,552.2555,559.807,1746072000,590200.0,2025-05-01 04:00:00
561.6923,565.0266,557.7826,557.7826,1746158400,556000.0,2025-05-02 04:00:00
566.7433,570.9012,558.9834,561.5733,1746417600,647800.0,2025-05-05 04:00:00
565.3243,569.6111,556.6316,561.1069,1746504000,584900.0,2025-05-06 04:00:00
569.879,572.0025,565.1158,566.0486,1746590400,396000.0,2025-05-07 04:00:00
570.5637,577.6985,568.1227,572.3301,1746676800,485200.0,2025-05-08 04:00:00
566.0983,570.1271,560.0352,570.1271,1746763200,333200.0,2025-05-09 04:00:00
571.4172,575.4658,562.4466,575.4658,1747022400,750900.0,2025-05-12 04:00:00
572.6377,578.0955,571.0401,573.3819,1747108800,554600.0,2025-05-13 04:00:00
561.5931,572.4392,559.1619,568.4104,1747195200,623100.0,2025-05-14 04:00:00
569.9883,570.3554,560.9383,561.3948,1747281600,515800.0,2025-05-15 04:00:00
578.4031,578.542,569.8096,574.5628,1747368000,611500.0,2025-05-16 04:00:00
576.0115,579.5443,573.9575,577.2817,1747627200,533500.0,2025-05-19 04:00:00
573.769,574.2254,569.3333,573.4712,1747713600,460200.0,2025-05-20 04:00:00
568.4105,579.4649,565.5526,569.3532,1747800000,432200.0,2025-05-21 04:00:00
564.6991,568.6882,564.0839,564.0839,1747886400,346400.0,2025-05-22 04:00:00
562.6749,565.3541,559.4696,560.0948,1747972800,375100.0,2025-05-23 04:00:00
569.4127,570.3156,564.064,566.8227,1748318400,433700.0,2025-05-27 04:00:00
564.7587,572.1217,564.2824,569.8593,1748404800,360900.0,2025-05-28 04:00:00
559.936,567.1304,558.2193,565.751,1748491200,782000.0,2025-05-29 04:00:00
565.8899,568.3012,558.8742,560.6107,1748577600,808800.0,2025-05-30 04:00:00
562.3374,564.0144,558.7551,561.5932,1748836800,385700.0,2025-06-02 04:00:00
563.5084,563.8458,557.5247,560.0551,1748923200,332500.0,2025-06-03 04:00:00
563.6472,564.9174,558.9734,562.9228,1749009600,737200.0,2025-06-04 04:00:00
565.1159,566.6937,561.1566,564.0442,1749096000,656700.0,2025-06-05 04:00:00
568.4699,570.5836,566.6043,568.3905,1749182400,336700.0,2025-06-06 04:00:00
568.6784,572.0622,563.8359,567.8448,1749441600,419300.0,2025-06-09 04:00:00
567.7853,569.9089,558.4078,558.4078,1749528000,352900.0,2025-06-10 04:00:00
565.1854,569.3928,564.3518,567.686,1749614400,336700.0,2025-06-11 04:00:00
567.6364,568.6783,565.3938,565.6815,1749700800,274900.0,2025-06-12 04:00:00
556.4431,566.4556,555.9668,562.3275,1749787200,436800.0,2025-06-13 04:00:00
561.3154,563.5382,558.1598,558.1598,1750046400,372600.0,2025-06-16 04:00:00
558.259,561.5634,555.2721,560.9779,1750132800,454900.0,2025-06-17 04:00:00
551.4814,558.259,550.7769,558.259,1750219200,447100.0,2025-06-18 04:00:00
557.6735,560.0253,553.4958,554.6866,1750392000,1124300.0,2025-06-20 04:00:00
561.8313,561.9404,553.8531,558.2689,1750651200,374700.0,2025-06-23 04:00:00
566.6342,567.1601,558.9536,564.1335,1750737600,460600.0,2025-06-24 04:00:00
562.5855,568.6982,558.6658,566.4556,1750824000,494400.0,2025-06-25 04:00:00
560.968,562.0297,553.992,561.7321,1750910400,509800.0,2025-06-26 04:00:00
559.1818,564.9968,556.3438,560.968,1750996800,653000.0,2025-06-27 04:00:00
562.4863,563.2702,557.6834,560.3528,1751256000,910300.0,2025-06-30 04:00:00
568.3112,570.534,561.5634,562.8832,1751342400,563400.0,2025-07-01 04:00:00
561.7321,567.3387,559.2414,567.3387,1751428800,460600.0,2025-07-02 04:00:00
568.5989,570.395,564.3617,565.5724,1751515200,244000.0,2025-07-03 04:00:00
561.6527,571.3477,560.9779,568.5989,1751860800,651900.0,2025-07-07 04:00:00
561.0714,565.7917,558.6863,560.9322,1751947200,699400.0,2025-07-08 04:00:00
555.1584,567.7991,548.0729,562.4726,1752033600,861800.0,2025-07-09 04:00:00
546.3735,552.4156,541.2754,550.1399,1752120000,944600.0,2025-07-10 04:00:00
544.0482,548.53,542.3488,546.4034,1752206400,743000.0,2025-07-11 04:00:00
544.9127,545.1611,537.8271,542.6171,1752465600,545800.0,2025-07-14 04:00:00
541.4245,547.5859,541.3848,545.002,1752552000,669100.0,2025-07-15 04:00:00
541.832,545.5288,538.5228,542.1898,1752638400,669500.0,2025-07-16 04:00:00
542.945,543.581,539.8942,539.8942,1752724800,461000.0,2025-07-17 04:00:00
541.3947,546.0953,537.0321,546.0953,1752811200,642200.0,2025-07-18 04:00:00
548.4703,552.4653,532.3614,546.1946,1753070400,914200.0,2025-07-21 04:00:00
560.326,561.1111,547.9834,550.7063,1753156800,812400.0,2025-07-22 04:00:00
553.5485,562.711,552.9522,560.3359,1753243200,885400.0,2025-07-23 04:00:00
556.8777,559.3522,550.7561,553.0715,1753329600,544500.0,2025-07-24 04:00:00
559.5211,559.8987,553.638,557.2056,1753416000,278500.0,2025-07-25 04:00:00
555.546,560.6439,555.2776,558.1198,1753675200,439600.0,2025-07-28 04:00:00
559.5509,559.8192,552.7237,558.1994,1753761600,695800.0,2025-07-29 04:00:00
548.8977,561.1608,546.5226,560.0676,1753848000,666600.0,2025-07-30 04:00:00
546.9698,552.7634,545.5785,547.248,1753934400,708100.0,2025-07-31 04:00:00
538.7314,547.6754,536.5451,547.6654,1754020800,497000.0,2025-08-01 04:00:00
543.0146,543.7301,538.6718,539.6556,1754280000,473800.0,2025-08-04 04:00:00
534.5775,545.817,534.021,545.817,1754366400,668800.0,2025-08-05 04:00:00
538.4631,538.8308,532.5403,536.4657,1754452800,493700.0,2025-08-06 04:00:00
533.3652,543.114,531.9838,542.6271,1754539200,423300.0,2025-08-07 04:00:00
531.0497,535.472,528.287,533.3652,1754625600,358700.0,2025-08-08 04:00:00
524.1927,533.6136,522.4934,531.0497,1754884800,504900.0,2025-08-11 04:00:00
516.2623,526.6472,514.9903,524.4808,1754971200,844900.0,2025-08-12 04:00:00
519.2735,520.6946,510.8463,518.1704,1755057600,1105800.0,2025-08-13 04:00:00
521.6884,522.8212,514.8711,520.2871,1755144000,890000.0,2025-08-14 04:00:00
526.3392,527.3131,519.9294,520.3667,1755230400,697600.0,2025-08-15 04:00:00
528.9628,530.6521,526.687,526.687,1755489600,735600.0,2025-08-18 04:00:00
529.2708,534.6868,527.6907,528.9627,1755576000,762700.0,2025-08-19 04:00:00
537.1514,541.5438,530.0658,532.9279,1755662400,1337500.0,2025-08-20 04:00:00
523.656,536.9725,523.3777,534.021,1755748800,1191400.0,2025-08-21 04:00:00
533.4943,534.8557,524.7193,526.4484,1755835200,673500.0,2025-08-22 04:00:00
526.9851,533.226,525.9616,532.5602,1756094400,570700.0,2025-08-25 04:00:00
521.1816,527.7802,519.0847,525.7032,1756180800,752700.0,2025-08-26 04:00:00
525.3652,526.5379,520.2274,522.0361,1756267200,656800.0,2025-08-27 04:00:00
523.3082,525.5343,521.6089,524.9181,1756353600,794000.0,2025-08-28 04:00:00
523.0299,528.8633,520.8436,526.2,1756440000,872100.0,2025-08-29 04:00:00
515.7556,521.7381,513.0326,520.8238,1756785600,681100.0,2025-09-02 04:00:00
520.8635,521.41,514.0562,514.0562,1756872000,713000.0,2025-09-03 04:00:00
523.8349,523.9442,518.0711,519.83,1756958400,441600.0,2025-09-04 04:00:00
515.209,526.6969,513.5594,526.6969,1757044800,700600.0,2025-09-05 04:00:00
520.1679,520.8039,514.2848,515.8649,1757304000,1086000.0,2025-09-08 04:00:00
516.4313,521.6287,515.2387,518.4387,1757390400,969000.0,2025-09-09 04:00:00
510.0314,516.2028,505.957,516.2028,1757476800,1117900.0,2025-09-10 04:00:00
514.1556,515.9643,509.8029,510.7967,1757563200,849800.0,2025-09-11 04:00:00
509.3358,513.9369,508.8488,512.3668,1757649600,615400.0,2025-09-12 04:00:00
502.0813,511.1842,501.1174,509.3359,1757908800,689100.0,2025-09-15 04:00:00
499.3087,503.1049,495.8901,501.8527,1757995200,1871700.0,2025-09-16 04:00:00
506.4738,514.2152,500.6006,501.2366,1758081600,940800.0,2025-09-17 04:00:00
505.8377,509.9221,504.4464,506.4737,1758168000,736900.0,2025-09-18 04:00:00
501.4751,506.2949,499.8155,505.3409,1758254400,1437900.0,2025-09-19 04:00:00
506.4539,507.2787,498.3249,498.3746,1758513600,665300.0,2025-09-22 04:00:00
500.849,505.5694,499.0205,504.2278,1758600000,1097900.0,2025-09-23 04:00:00
502.5285,504.1781,499.2391,500.3521,1758686400,765700.0,2025-09-24 04:00:00
491.9449,503.6614,489.1822,503.0651,1758772800,949300.0,2025-09-25 04:00:00
496.1982,497.2019,491.0007,492.1336,1758859200,560900.0,2025-09-26 04:00:00
497.8379,498.0168,491.6964,497.1025,1759118400,729100.0,2025-09-29 04:00:00
495.5821,498.9509,492.72,497.3311,1759204800,804800.0,2025-09-30 04:00:00
494.8665,500.859,492.4616,496.1485,1759291200,969100.0,2025-10-01 04:00:00
494.4889,497.1721,492.3523,492.3523,1759377600,881200.0,2025-10-02 04:00:00
497.6593,502.5966,494.9916,494.9916,1759464000,1075500.0,2025-10-03 04:00:00
504.667,505.0353,494.8423,499.6003,1759723200,1210200.0,2025-10-06 04:00:00
508.2307,508.6786,501.3324,503.5223,1759809600,1019400.0,2025-10-07 04:00:00
517.6174,518.8916,507.1158,509.7835,1759896000,1513200.0,2025-10-08 04:00:00
515.6963,517.6672,509.1066,517.5179,1759982400,776900.0,2025-10-09 04:00:00
506.6678,518.4635,501.5912,518.3341,1760068800,1290900.0,2025-10-10 04:00:00
510.3807,511.4956,501.8002,505.0254,1760328000,731400.0,2025-10-13 04:00:00
511.4658,512.9589,504.468,506.0706,1760414400,712600.0,2025-10-14 04:00:00
497.4403,513.2077,496.8729,505.4733,1760500800,1057400.0,2025-10-15 04:00:00
497.7887,501.0238,495.2902,497.8783,1760587200,837000.0,2025-10-16 04:00:00
502.2083,502.726,496.1363,497.7489,1760673600,716300.0,2025-10-17 04:00:00
503.5721,504.6471,499.2221,502.1984,1760932800,887200.0,2025-10-20 04:00:00
512.1625,515.1289,503.582,504.9557,1761019200,622300.0,2025-10-21 04:00:00
506.6181,516.7215,506.2398,508.6388,1761105600,1147900.0,2025-10-22 04:00:00
477.7609,479.2739,454.8961,464.92,1761192000,2230200.0,2025-10-23 04:00:00
476.6062,481.1453,472.6245,480.3788,1761278400,1059300.0,2025-10-24 04:00:00
461.6053,474.3466,456.8173,474.3367,1761537600,1631100.0,2025-10-27 04:00:00
454.0699,462.8495,453.622,461.6053,1761624000,1500200.0,2025-10-28 04:00:00
444.2352,452.6963,442.0951,449.5109,1761710400,1657800.0,2025-10-29 04:00:00
441.3684,450.9543,440.6617,444.2651,1761796800,1443300.0,2025-10-30 04:00:00
444.1058,445.9473,433.425,437.0682,1761883200,1164800.0,2025-10-31 04:00:00
446.4849,446.7835,435.366,445.4894,1762146000,1440100.0,2025-11-03 05:00:00
447.2513,449.3815,442.533,448.0476,1762232400,1193400.0,2025-11-04 05:00:00
443.7873,449.3417,442.324,444.0859,1762318800,1076000.0,2025-11-05 05:00:00
442.4435,445.2705,438.9297,441.5277,1762405200,991200.0,2025-11-06 05:00:00
445.0017,446.7934,441.7367,442.9312,1762491600,769700.0,2025-11-07 05:00:00
447.759,449.9091,439.8156,442.9611,1762750800,821700.0,2025-11-10 05:00:00
441.239,447.331,439.2681,446.7337,1762837200,772900.0,2025-11-11 05:00:00
453.1143,453.7116,439.0093,441.2688,1762923600,923600.0,2025-11-12 05:00:00
445.6985,452.5768,444.8125,451.3922,1763010000,859400.0,2025-11-13 05:00:00
447.4405,448.9833,439.3577,444.8424,1763096400,874500.0,2025-11-14 05:00:00
441.8462,447.9083,441.468,446.6043,1763355600,652100.0,2025-11-17 05:00:00
442.3738,446.5844,440.2038,441.3684,1763442000,1071000.0,2025-11-18 05:00:00
442.7421,443.5384,435.3959,440.0445,1763528400,1021100.0,2025-11-19 05:00:00
438.84,446.3953,438.1333,446.3953,1763614800,774200.0,2025-11-20 05:00:00
441.7168,447.7292,438.9197,438.9197,1763701200,1085000.0,2025-11-21 05:00:00
437.6256,443.9266,436.7198,440.5422,1763960400,1453100.0,2025-11-24 05:00:00
444.3646,445.2505,437.3867,438.5912,1764046800,755900.0,2025-11-25 05:00:00
444.0361,446.1265,441.6969,443.6977,1764133200,532500.0,2025-11-26 05:00:00
444.1755,447.7391,443.9565,445.9075,1764306000,328300.0,2025-11-28 05:00:00
441.5476,444.2153,439.7757,442.4235,1764565200,884200.0,2025-12-01 05:00:00
442.115,444.0062,438.7903,443.2796,1764651600,706400.0,2025-12-02 05:00:00
443.847,444.2452,437.9442,437.9442,1764738000,565900.0,2025-12-03 05:00:00
442.7421,446.0867,440.6119,443.8669,1764824400,609100.0,2025-12-04 05:00:00
445.5093,447.6395,441.9358,442.0453,1764910800,802200.0,2025-12-05 05:00:00
444.6632,447.6993,443.7076,446.3057,1765170000,801700.0,2025-12-08 05:00:00
438.6211,447.0025,437.2374,444.0859,1765256400,759500.0,2025-12-09 05:00:00
440.2535,443.0308,437.3967,438.3623,1765342800,1175900.0,2025-12-10 05:00:00
443.7972,447.6296,439.7359,440.4725,1765429200,954900.0,2025-12-11 05:00:00
443.8171,448.2866,443.1104,443.7972,1765515600,1765600.0,2025-12-12 05:00:00
441.5675,446.8034,437.8148,445.6089,1765774800,1915400.0,2025-12-15 05:00:00
441.7467,443.8769,437.8745,440.3929,1765861200,1352000.0,2025-12-16 05:00:00
450.1679,451.7606,439.0192,440.4626,1765947600,2056900.0,2025-12-17 05:00:00
448.4458,452.7261,444.7628,447.0025,1766034000,2344000.0,2025-12-18 05:00:00
442.9511,448.9634,441.6173,447.5699,1766120400,2952700.0,2025-12-19 05:00:00
447.1916,448.5254,439.9748,441.3087,1766379600,742900.0,2025-12-22 05:00:00
447.2812,447.3807,443.9764,447.0821,1766466000,598800.0,2025-12-23 05:00:00
449.1128,449.6204,444.8225,445.8578,1766552400,233700.0,2025-12-24 05:00:00
448.7643,449.5308,447.1418,448.4956,1766725200,283600.0,2025-12-26 05:00:00
448.7743,450.7054,447.3608,448.7644,1766984400,528400.0,2025-12-29 05:00:00
448.0178,450.2077,447.321,447.6794,1767070800,430800.0,2025-12-30 05:00:00
443.0905,449.4612,442.4932,448.3363,1767157200,507500.0,2025-12-31 05:00:00
433.4351,443.8685,427.1012,443.5992,1767330000,914300.0,2026-01-02 05:00:00
430.5624,435.2006,426.802,428.8468,1767589200,1189300.0,2026-01-05 05:00:00
435.43,436.2679,428.9066,428.9066,1767675600,774400.0,2026-01-06 05:00:00
436.4873,438.8812,432.8565,435.43,1767762000,894700.0,2026-01-07 05:00:00
433.3653,438.173,431.1908,432.0187,1767848400,752300.0,2026-01-08 05:00:00
433.7044,436.0484,430.712,432.3179,1767934800,612500.0,2026-01-09 05:00:00
431.2906,433.6844,429.7146,432.4676,1768194000,639100.0,2026-01-12 05:00:00
425.2759,430.0737,419.351,429.2757,1768280400,796600.0,2026-01-13 05:00:00
423.1214,427.8394,420.4083,422.9817,1768366800,822900.0,2026-01-14 05:00:00
413.1967,422.9718,411.2816,422.6625,1768453200,1774200.0,2026-01-15 05:00:00
415.0819,415.6803,405.995,411.3614,1768539600,1421400.0,2026-01-16 05:00:00
402.7334,413.2665,399.1824,411.4013,1768885200,1483500.0,2026-01-20 05:00:00
403.6311,405.3267,398.0752,402.7334,1768971600,1415100.0,2026-01-21 05:00:00
406.4439,408.9575,401.9454,402.9927,1769058000,1302900.0,2026-01-22 05:00:00
406.5735,411.0522,402.7034,404.9876,1769144400,1712300.0,2026-01-23 05:00:00
407.6309,411.9498,406.2843,408.4488,1769403600,1524400.0,2026-01-26 05:00:00
368.331,381.8865,345.0504,367.563,1769490000,5077700.0,2026-01-27 05:00:00
359.4537,367.2638,355.1048,367.0244,1769576400,2940700.0,2026-01-28 05:00:00
364.0719,364.7302,352.4515,354.7756,1769662800,2487200.0,2026-01-29 05:00:00
370.2861,370.6451,359.0846,361.3588,1769749200,3072200.0,2026-01-30 05:00:00
371.6625,374.605,368.9096,371.8421,1770008400,2476200.0,2026-02-02 05:00:00
347.933,363.4435,343.0455,361.8775,1770094800,3248300.0,2026-02-03 05:00:00
358.7953,360.2417,345.2599,345.2599,1770181200,2805500.0,2026-02-04 05:00:00
350.1075,364.2814,348.6812,357.9475,1770267600,2827400.0,2026-02-05 05:00:00
361.4985,362.6156,350.1075,352.5612,1770354000,1945500.0,2026-02-06 05:00:00
350.8157,357.5685,348.1425,356.3017,1770613200,1966100.0,2026-02-09 05:00:00
347.953,354.0674,344.3721,349.5689,1770699600,1776000.0,2026-02-10 05:00:00
332.9512,346.7561,330.3778,346.3172,1770786000,2433700.0,2026-02-11 05:00:00
319.0068,334.1582,316.8622,333.6195,1770872400,2736100.0,2026-02-12 05:00:00
320.5927,324.782,317.2014,319.0367,1770958800,1640500.0,2026-02-13 05:00:00
314.7277,322.5677,312.274,320.902,1771304400,1808500.0,2026-02-17 05:00:00
326.767,327.9639,312.9422,315.9944,1771390800,2136200.0,2026-02-18 05:00:00
331.1558,334.1482,327.4553,328.6522,1771477200,1753100.0,2026-02-19 05:00:00
334.9362,336.7715,329.4203,329.4203,1771563600,2482700.0,2026-02-20 05:00:00
334.8464,336.2329,328.9814,334.0783,1771822800,2223100.0,2026-02-23 05:00:00
336.8413,340.5519,333.1308,334.9661,1771909200,1565400.0,2026-02-24 05:00:00
343.3647,343.9133,335.1756,337.0309,1771995600,1560400.0,2026-02-25 05:00:00
351.2546,353.7482,344.5118,345.2599,1772082000,1836700.0,2026-02-26 05:00:00
348.8407,349.0701,344.1227,347.9031,1772168400,1344400.0,2026-02-27 05:00:00
353.03,355.1247,345.6289,347.1151,1772427600,1372300.0,2026-03-02 05:00:00
355.0948,356.9002,345.6189,347.6737,1772514000,1293400.0,2026-03-03 05:00:00
360.3514,365.5082,353.1597,355.5536,1772600400,1612500.0,2026-03-04 05:00:00
365.0893,368.331,359.1145,361.0795,1772686800,1527200.0,2026-03-05 05:00:00
366.5656,367.4333,357.6882,364.7801,1772773200,1621000.0,2026-03-06 05:00:00
362.1368,364.8399,357.9675,362.865,1773028800,1326300.0,2026-03-09 04:00:00
352.9702,363.4635,348.5415,361.5882,1773115200,1247000.0,2026-03-10 04:00:00
351.3543,359.0846,347.6737,355.6434,1773201600,1171600.0,2026-03-11 04:00:00
345.8982,356.2019,345.5591,351.5738,1773288000,1494900.0,2026-03-12 04:00:00
350.1075,352.3817,345.2499,348.9405,1773374400,1487400.0,2026-03-13 04:00:00
351.3045,352.6411,348.1924,349.7784,1773633600,989300.0,2026-03-16 04:00:00
351.9927,359.0846,349.6287,352.651,1773720000,845700.0,2026-03-17 04:00:00
349.898,353.06,347.175,349.509,1773806400,1337200.0,2026-03-18 04:00:00
352.3618,358.6158,350.686,351.2446,1773892800,1611800.0,2026-03-19 04:00:00
352.7807,354.8654,348.342,351.2047,1773979200,2933700.0,2026-03-20 04:00:00
352.5812,355.9127,350.9553,353.9976,1774238400,1478900.0,2026-03-23 04:00:00
345.0504,350.4366,342.4869,349.6985,1774324800,1416500.0,2026-03-24 04:00:00
345.8384,350.9653,339.5444,347.933,1774411200,994500.0,2026-03-25 04:00:00
350.1773,355.5935,343.3946,346.0977,1774497600,1197800.0,2026-03-26 04:00:00
343.5443,350.696,342.9956,349.0003,1774584000,1246700.0,2026-03-27 04:00:00
351.0651,353.1298,340.5618,344.8609,1774843200,1299100.0,2026-03-30 04:00:00
352.9602,354.636,342.4071,351.6236,1774929600,1517500.0,2026-03-31 04:00:00
354.9651,355.5636,346.6563,350.5763,1775016000,1350900.0,2026-04-01 04:00:00
356.97,362.5159,353.6086,359.1943,1775102400,1087200.0,2026-04-02 04:00:00
360.19,360.57,353.67,357.06,1775448000,907400.0,2026-04-06 04:00:00
358.83,361.75,357.45,359.64,1775534400,762900.0,2026-04-07 04:00:00
355.85,362.47,355.2,359.84,1775620800,817200.0,2026-04-08 04:00:00
349.88,354.45,345.68,353.26,1775707200,1339500.0,2026-04-09 04:00:00
343.15,350.08,342.08,349.32,1775793600,1184500.0,2026-04-10 04:00:00
