close,high,low,open,time,volume,date
78.2089,79.2781,77.7936,78.3591,1603166400,4939700.0,2020-10-20 04:00:00
77.9968,78.7833,77.9262,78.094,1603252800,4119200.0,2020-10-21 04:00:00
78.96,78.9776,77.4932,77.7759,1603339200,4257800.0,2020-10-22 04:00:00
80.2324,80.3738,79.0307,79.3488,1603425600,7811500.0,2020-10-23 04:00:00
79.2251,80.524,78.3326,79.552,1603684800,7756400.0,2020-10-26 04:00:00
79.5697,79.8348,78.7921,79.066,1603771200,8027500.0,2020-10-27 04:00:00
77.0249,78.5977,76.5301,78.3327,1603857600,12738800.0,2020-10-28 04:00:00
78.0234,78.7391,76.5301,77.0249,1603944000,8440000.0,2020-10-29 04:00:00
76.8393,78.1029,75.6641,77.5374,1604030400,11400700.0,2020-10-30 04:00:00
75.9645,77.555,75.5051,77.3518,1604293200,8904900.0,2020-11-02 05:00:00
78.1029,78.6949,76.1501,76.6803,1604379600,6910400.0,2020-11-03 05:00:00
79.34,80.6654,78.4122,78.5535,1604466000,10509400.0,2020-11-04 05:00:00
80.0734,80.5505,79.4372,80.1352,1604552400,6169700.0,2020-11-05 05:00:00
80.0999,80.5859,79.3311,79.6581,1604638800,6626100.0,2020-11-06 05:00:00
84.7212,86.2852,84.5091,85.9936,1604898000,16225800.0,2020-11-09 05:00:00
83.3806,84.5791,82.6882,83.2208,1604984400,10474700.0,2020-11-10 05:00:00
84.375,85.0763,83.4694,83.5493,1605070800,8296500.0,2020-11-11 05:00:00
83.0344,84.1264,82.262,84.0376,1605157200,7058400.0,2020-11-12 05:00:00
84.8366,84.8632,83.1853,83.789,1605243600,5516100.0,2020-11-13 05:00:00
86.8075,86.8341,85.245,85.9286,1605502800,9371300.0,2020-11-16 05:00:00
87.5354,87.6952,85.9463,86.3014,1605589200,8722300.0,2020-11-17 05:00:00
86.9229,88.1835,86.9229,87.5621,1605675600,6039500.0,2020-11-18 05:00:00
86.7897,86.9318,85.9907,86.3281,1605762000,4252300.0,2020-11-19 05:00:00
86.1239,86.5944,86.0706,86.4879,1605848400,4609700.0,2020-11-20 05:00:00
86.0085,86.8785,85.6001,86.6654,1606107600,4803200.0,2020-11-23 05:00:00
87.2691,87.642,86.4701,86.5678,1606194000,6319900.0,2020-11-24 05:00:00
87.1803,87.4822,86.9495,87.4467,1606280400,4027100.0,2020-11-25 05:00:00
87.5887,87.8728,87.2514,87.4289,1606453200,2169700.0,2020-11-27 05:00:00
87.0205,87.2602,86.0795,87.1803,1606712400,5197300.0,2020-11-30 05:00:00
87.7308,88.1214,87.2247,87.8906,1606798800,4970000.0,2020-12-01 05:00:00
87.8107,87.9261,87.1892,87.4556,1606885200,3377900.0,2020-12-02 05:00:00
88.876,89.6661,87.8639,87.9083,1606971600,6264100.0,2020-12-03 05:00:00
90.8025,91.3884,89.7283,89.9769,1607058000,6952700.0,2020-12-04 05:00:00
90.0301,90.7492,89.3909,90.5628,1607317200,4514800.0,2020-12-07 05:00:00
89.8526,90.1722,88.7872,89.1068,1607403600,3911300.0,2020-12-08 05:00:00
89.1335,90.7403,88.8671,90.5006,1607490000,6629900.0,2020-12-09 05:00:00
93.5635,94.1849,91.2197,91.8945,1607576400,12939200.0,2020-12-10 05:00:00
91.4417,93.022,90.8469,92.6935,1607662800,6262600.0,2020-12-11 05:00:00
91.7258,92.9598,91.6636,92.1786,1607922000,5156200.0,2020-12-14 05:00:00
92.4893,93.093,92.1342,92.5426,1608008400,5195200.0,2020-12-15 05:00:00
91.6814,93.0397,91.1931,92.4183,1608094800,6409300.0,2020-12-16 05:00:00
91.6281,92.365,91.0955,91.93,1608181200,4535700.0,2020-12-17 05:00:00
91.6903,92.4272,91.3973,91.7347,1608267600,10215000.0,2020-12-18 05:00:00
91.3884,91.5749,88.7961,89.8615,1608526800,7175900.0,2020-12-21 05:00:00
90.9179,91.5926,90.4563,90.6605,1608613200,4302700.0,2020-12-22 05:00:00
90.6072,91.1665,90.5273,90.8114,1608699600,3817300.0,2020-12-23 05:00:00
90.5628,90.8735,90.2698,90.8203,1608786000,1949200.0,2020-12-24 05:00:00
92.6313,92.6669,90.8291,91.3707,1609131600,5055200.0,2020-12-28 05:00:00
93.7766,93.9098,92.7468,93.1196,1609218000,4780900.0,2020-12-29 05:00:00
94.0784,94.6555,93.9097,94.0962,1609304400,3654100.0,2020-12-30 05:00:00
94.9751,95.1171,93.7677,94.1051,1609390800,3566300.0,2020-12-31 05:00:00
91.5305,95.6587,90.6782,95.5788,1609736400,8041500.0,2021-01-04 05:00:00
91.8323,92.5603,91.2641,91.3707,1609822800,5721900.0,2021-01-05 05:00:00
92.4982,93.4037,91.3618,91.4328,1609909200,5017200.0,2021-01-06 05:00:00
91.7524,92.8977,91.3973,92.7645,1609995600,5057000.0,2021-01-07 05:00:00
93.8121,93.892,91.8146,92.2052,1610082000,5869700.0,2021-01-08 05:00:00
92.8621,93.7854,92.5692,93.306,1610341200,4257400.0,2021-01-11 05:00:00
91.2819,92.6136,90.8291,92.3384,1610427600,4332600.0,2021-01-12 05:00:00
91.3441,91.7791,90.1012,90.838,1610514000,4804500.0,2021-01-13 05:00:00
90.3941,92.4982,90.2965,92.1519,1610600400,4528300.0,2021-01-14 05:00:00
90.8469,91.1665,89.8526,90.0035,1610686800,5522900.0,2021-01-15 05:00:00
91.0333,91.9744,89.968,91.2642,1611032400,6519600.0,2021-01-19 05:00:00
93.6257,93.9719,90.7315,90.9179,1611118800,5844300.0,2021-01-20 05:00:00
92.8444,93.6523,92.729,93.6257,1611205200,5731500.0,2021-01-21 05:00:00
92.2496,92.7467,91.495,92.4715,1611291600,5231600.0,2021-01-22 05:00:00
91.8412,92.2851,90.7048,92.1075,1611550800,5009000.0,2021-01-25 05:00:00
92.942,93.4037,91.6548,91.7968,1611637200,7195300.0,2021-01-26 05:00:00
86.8874,90.3586,85.8753,90.0923,1611723600,18139500.0,2021-01-27 05:00:00
87.1359,89.2489,87.0916,87.8373,1611810000,8868200.0,2021-01-28 05:00:00
85.9463,86.8163,85.1562,86.4612,1611896400,8203000.0,2021-01-29 05:00:00
87.5177,88.441,86.044,86.1061,1612155600,7206300.0,2021-02-01 05:00:00
90.2432,90.9801,87.6953,87.935,1612242000,6917700.0,2021-02-02 05:00:00
89.6839,91.131,89.4974,89.8881,1612328400,3934800.0,2021-02-03 05:00:00
92.0099,92.5426,89.7638,89.9857,1612414800,6926800.0,2021-02-04 05:00:00
94.5312,95.4722,93.022,93.2972,1612501200,8072100.0,2021-02-05 05:00:00
94.3359,94.5756,93.5191,94.4779,1612760400,4836600.0,2021-02-08 05:00:00
94.3004,94.8419,93.4126,94.1051,1612846800,4095200.0,2021-02-09 05:00:00
93.9896,94.904,93.1551,94.7975,1612933200,4293200.0,2021-02-10 05:00:00
93.9808,94.3093,93.2439,94.2116,1613019600,2976000.0,2021-02-11 05:00:00
93.4836,94.0518,92.9687,93.8742,1613106000,3169800.0,2021-02-12 05:00:00
94.2382,94.6288,92.9509,93.1107,1613451600,4928100.0,2021-02-16 05:00:00
93.1149,94.0243,92.8563,93.7122,1613538000,5733800.0,2021-02-17 05:00:00
93.5874,93.9173,92.1966,92.5264,1613624400,4098700.0,2021-02-18 05:00:00
92.1609,93.8638,92.0271,93.3912,1613710800,4128900.0,2021-02-19 05:00:00
90.77,91.8221,90.7165,91.8221,1613970000,5211800.0,2021-02-22 05:00:00
90.3778,92.1341,89.0939,92.1341,1614056400,8740300.0,2021-02-23 05:00:00
93.0613,93.1773,89.6912,90.1905,1614142800,7542700.0,2021-02-24 05:00:00
92.25,94.3006,91.9291,92.7226,1614229200,7534000.0,2021-02-25 05:00:00
96.3156,97.6083,92.4373,92.8563,1614315600,15122900.0,2021-02-26 05:00:00
95.2814,98.491,94.9871,96.8238,1614574800,7930300.0,2021-03-01 05:00:00
95.5756,96.5117,94.3452,95.6736,1614661200,5016800.0,2021-03-02 05:00:00
94.7018,96.2531,94.6127,95.3438,1614747600,5313400.0,2021-03-03 05:00:00
93.5161,95.5488,92.5888,94.7375,1614834000,7211800.0,2021-03-04 05:00:00
93.7924,94.5592,91.6081,94.5592,1614920400,5559900.0,2021-03-05 05:00:00
93.6409,95.2992,92.9276,93.4358,1615179600,5119500.0,2021-03-08 05:00:00
94.9961,96.2621,94.3541,94.7553,1615266000,5510900.0,2021-03-09 05:00:00
96.0927,97.2428,95.3616,95.5934,1615352400,6077000.0,2021-03-10 05:00:00
95.6825,96.797,95.6291,96.6544,1615438800,4670700.0,2021-03-11 05:00:00
96.1194,96.2799,95.0228,95.7717,1615525200,3356000.0,2021-03-12 05:00:00
97.0912,97.1358,95.4507,96.1907,1615780800,7107300.0,2021-03-15 04:00:00
99.2666,100.1582,97.9739,98.5801,1615867200,11376200.0,2021-03-16 04:00:00
98.4821,99.3736,97.118,99.2399,1615953600,10128400.0,2021-03-17 04:00:00
95.95,98.3127,95.843,97.43,1616040000,7813400.0,2021-03-18 04:00:00
94.8088,97.0467,94.3541,96.6009,1616126400,21452000.0,2021-03-19 04:00:00
95.9054,96.6633,94.5057,94.8623,1616385600,7605100.0,2021-03-22 04:00:00
94.7286,96.2442,94.2115,96.057,1616472000,5657800.0,2021-03-23 04:00:00
93.5874,95.6469,93.5606,95.0674,1616558400,5731300.0,2021-03-24 04:00:00
95.7093,96.0213,92.7761,93.623,1616644800,8149000.0,2021-03-25 04:00:00
97.9828,98.0719,95.5577,95.6201,1616731200,6167600.0,2021-03-26 04:00:00
97.2963,98.2948,95.0317,97.1893,1616990400,5167100.0,2021-03-29 04:00:00
98.3126,98.4731,96.5384,96.6633,1617076800,4552900.0,2021-03-30 04:00:00
97.4211,99.5163,97.3498,98.3661,1617163200,6478400.0,2021-03-31 04:00:00
97.5192,98.1254,96.4671,98.1254,1617249600,5793000.0,2021-04-01 04:00:00
98.9813,99.2756,97.956,97.9917,1617595200,6913100.0,2021-04-05 04:00:00
100.8804,101.4777,99.0527,99.3023,1617681600,6745200.0,2021-04-06 04:00:00
100.916,101.4242,100.4346,100.6664,1617768000,5629600.0,2021-04-07 04:00:00
100.7823,101.6025,100.4613,101.3261,1617854400,5011300.0,2021-04-08 04:00:00
100.9071,100.9873,99.8283,100.6664,1617940800,4114300.0,2021-04-09 04:00:00
101.4688,101.5401,100.5416,100.7645,1618200000,4707800.0,2021-04-12 04:00:00
102.8507,103.0647,101.3529,101.4421,1618286400,4607400.0,2021-04-13 04:00:00
102.6724,103.6353,102.2801,102.7259,1618372800,3994600.0,2021-04-14 04:00:00
104.0097,104.2148,102.3336,102.6189,1618459200,5079100.0,2021-04-15 04:00:00
105.5076,105.6502,104.2594,105.044,1618545600,5777900.0,2021-04-16 04:00:00
104.8478,106.0782,104.3485,105.356,1618804800,4889700.0,2021-04-19 04:00:00
103.662,104.5447,102.8418,104.2772,1618891200,5662400.0,2021-04-20 04:00:00
104.0811,104.5447,103.2965,103.5016,1618977600,4397400.0,2021-04-21 04:00:00
103.35,104.2059,102.7348,104.197,1619064000,5744900.0,2021-04-22 04:00:00
104.8122,105.1866,103.2787,103.4392,1619150400,4555800.0,2021-04-23 04:00:00
103.35,104.5358,102.5833,104.2683,1619409600,5924900.0,2021-04-26 04:00:00
103.5551,103.769,102.7705,103.1271,1619496000,7260900.0,2021-04-27 04:00:00
100.2117,101.7719,99.5074,101.1389,1619582400,14793500.0,2021-04-28 04:00:00
102.1999,102.6635,100.5326,100.9338,1619668800,8936600.0,2021-04-29 04:00:00
102.0751,102.4852,101.1835,101.6382,1619755200,6478700.0,2021-04-30 04:00:00
103.1717,104.0811,102.6457,102.6903,1620014400,5049800.0,2021-05-03 04:00:00
101.7363,102.8864,101.2281,102.6635,1620100800,6265100.0,2021-05-04 04:00:00
101.1746,102.4228,100.8893,101.8254,1620187200,4677700.0,2021-05-05 04:00:00
102.298,102.3604,100.8358,101.3262,1620273600,4113300.0,2021-05-06 04:00:00
101.9413,103.2787,101.8522,102.6278,1620360000,4867500.0,2021-05-07 04:00:00
101.9057,103.5016,101.8254,102.1464,1620619200,5759500.0,2021-05-10 04:00:00
101.237,101.3618,100.0066,101.0319,1620705600,7775400.0,2021-05-11 04:00:00
98.2742,100.6014,98.0683,100.136,1620792000,7965300.0,2021-05-12 04:00:00
98.9007,99.5184,97.7102,98.6054,1620878400,7999400.0,2021-05-13 04:00:00
99.5363,99.8854,98.6859,99.3662,1620964800,6836300.0,2021-05-14 04:00:00
99.3394,99.5989,98.31,99.5542,1621224000,4521200.0,2021-05-17 04:00:00
99.4199,100.4403,99.3662,99.6884,1621310400,5177300.0,2021-05-18 04:00:00
98.1668,98.4084,97.4596,98.1041,1621396800,5997400.0,2021-05-19 04:00:00
99.7243,99.9749,98.3458,98.4443,1621483200,5345500.0,2021-05-20 04:00:00
99.2857,100.4493,98.9724,99.9212,1621569600,5146500.0,2021-05-21 04:00:00
100.7178,101.1743,99.8227,100.0733,1621828800,5476100.0,2021-05-24 04:00:00
100.8163,101.2817,100.4135,101.0759,1621915200,5391800.0,2021-05-25 04:00:00
101.0132,101.9262,100.8163,101.416,1622001600,3841600.0,2021-05-26 04:00:00
101.604,102.1231,100.9327,101.5682,1622088000,7378400.0,2021-05-27 04:00:00
101.9352,102.3559,101.1922,102.3559,1622174400,4239800.0,2021-05-28 04:00:00
101.4518,102.5976,101.237,102.5438,1622520000,4306900.0,2021-06-01 04:00:00
101.1475,101.783,100.9237,101.783,1622606400,5045000.0,2021-06-02 04:00:00
99.4647,100.4672,98.5964,100.2613,1622692800,5723900.0,2021-06-03 04:00:00
100.2434,100.315,99.402,99.9122,1622779200,4477500.0,2021-06-04 04:00:00
99.6526,100.503,99.3483,100.2345,1623038400,4009000.0,2021-06-07 04:00:00
99.8227,100.2434,99.2319,99.6974,1623124800,4669800.0,2021-06-08 04:00:00
99.7064,100.4225,99.6527,100.0196,1623211200,3669400.0,2021-06-09 04:00:00
100.4404,100.6373,99.7511,100.0734,1623297600,3833200.0,2021-06-10 04:00:00
100.7536,100.9953,100.4224,100.503,1623384000,3231200.0,2021-06-11 04:00:00
100.6552,101.3534,99.8048,100.9505,1623643200,4222400.0,2021-06-14 04:00:00
100.1539,100.6999,99.8585,100.6641,1623729600,3487300.0,2021-06-15 04:00:00
99.6795,100.7626,98.6412,100.6283,1623816000,4822000.0,2021-06-16 04:00:00
99.7064,100.2076,99.0977,99.3573,1623902400,4008500.0,2021-06-17 04:00:00
98.1936,99.1335,97.7998,99.1245,1623988800,7024400.0,2021-06-18 04:00:00
99.3304,99.6885,98.1757,98.4621,1624248000,5628500.0,2021-06-21 04:00:00
100.1181,100.4851,98.9992,99.4199,1624334400,3583500.0,2021-06-22 04:00:00
99.8585,100.2255,99.4826,99.6079,1624420800,3552100.0,2021-06-23 04:00:00
100.2434,101.0669,100.0554,100.0554,1624507200,3840000.0,2021-06-24 04:00:00
101.1833,101.3444,100.4493,100.9237,1624593600,12171200.0,2021-06-25 04:00:00
100.4672,101.1922,99.7601,101.0848,1624852800,4546600.0,2021-06-28 04:00:00
100.4941,100.87,99.8317,100.315,1624939200,3789500.0,2021-06-29 04:00:00
100.0823,100.7805,99.5989,100.5567,1625025600,6759100.0,2021-06-30 04:00:00
101.5145,101.5861,100.0823,100.2076,1625112000,4810600.0,2021-07-01 04:00:00
102.9108,103.2062,101.783,102.0157,1625198400,4722000.0,2021-07-02 04:00:00
103.5911,103.6985,102.329,103.0093,1625544000,5294700.0,2021-07-06 04:00:00
104.8532,105.4172,103.5195,103.7254,1625630400,5382300.0,2021-07-07 04:00:00
103.8239,104.5131,103.1525,103.3405,1625716800,4486100.0,2021-07-08 04:00:00
105.1486,105.3903,103.8328,103.8865,1625803200,3533600.0,2021-07-09 04:00:00
106.0348,106.3212,105.077,105.3992,1626062400,5683400.0,2021-07-12 04:00:00
107.0104,107.4043,106.0258,106.1064,1626148800,5529300.0,2021-07-13 04:00:00
107.2342,108.1562,107.1268,107.3595,1626235200,5701800.0,2021-07-14 04:00:00
106.4913,107.0373,105.7841,106.7777,1626321600,6467500.0,2021-07-15 04:00:00
106.2765,107.8429,106.0706,107.1268,1626408000,5024800.0,2021-07-16 04:00:00
103.2241,105.2202,102.338,105.2113,1626667200,7731300.0,2021-07-19 04:00:00
105.1039,105.6857,103.2331,103.5016,1626753600,5117800.0,2021-07-20 04:00:00
106.7598,107.1,105.1576,105.2113,1626840000,4377500.0,2021-07-21 04:00:00
109.7674,110.027,106.5808,106.8225,1626926400,7172300.0,2021-07-22 04:00:00
112.757,113.0703,110.9221,111.486,1627012800,7934200.0,2021-07-23 04:00:00
112.8376,112.8734,111.2175,112.5512,1627272000,4827500.0,2021-07-26 04:00:00
112.8108,112.9271,111.7187,112.8555,1627358400,6110900.0,2021-07-27 04:00:00
109.5705,110.394,108.6574,109.7047,1627444800,11747000.0,2021-07-28 04:00:00
109.5436,110.5193,109.3288,110.0359,1627531200,6618400.0,2021-07-29 04:00:00
108.6933,110.0807,108.3979,109.3736,1627617600,5712300.0,2021-07-30 04:00:00
107.7444,110.0807,107.4759,109.2303,1627876800,5996800.0,2021-08-02 04:00:00
106.6345,108.0846,105.1934,107.9235,1627963200,6030500.0,2021-08-03 04:00:00
105.8468,106.7061,105.2381,106.6345,1628049600,6675500.0,2021-08-04 04:00:00
106.545,106.5987,105.7215,106.2675,1628136000,4281900.0,2021-08-05 04:00:00
106.5629,106.7061,105.6947,106.6435,1628222400,6832600.0,2021-08-06 04:00:00
105.5693,106.536,105.3993,106.5092,1628481600,4557900.0,2021-08-09 04:00:00
104.1819,106.0706,103.8149,105.9721,1628568000,9839700.0,2021-08-10 04:00:00
104.6851,105.395,104.146,104.5413,1628654400,6472300.0,2021-08-11 04:00:00
104.0112,104.9367,103.7955,104.6042,1628740800,4358300.0,2021-08-12 04:00:00
104.9187,104.9816,103.6967,104.1819,1628827200,4361700.0,2021-08-13 04:00:00
105.6196,105.7904,104.6042,104.8558,1629086400,5976000.0,2021-08-16 04:00:00
104.748,105.0805,103.8404,104.7929,1629172800,4719800.0,2021-08-17 04:00:00
103.9483,104.9008,103.8764,104.4874,1629259200,4520500.0,2021-08-18 04:00:00
102.7262,103.4001,102.0882,102.8969,1629345600,5317100.0,2021-08-19 04:00:00
103.0048,103.3372,102.1331,102.4207,1629432000,3486300.0,2021-08-20 04:00:00
103.472,103.7506,103.0766,103.0766,1629691200,4235100.0,2021-08-23 04:00:00
103.4091,104.101,103.2833,103.6877,1629777600,3447300.0,2021-08-24 04:00:00
103.8494,104.2268,103.3372,103.8674,1629864000,3881500.0,2021-08-25 04:00:00
102.7262,104.0291,102.3128,103.8944,1629950400,5188200.0,2021-08-26 04:00:00
103.4451,103.6877,102.6004,102.9868,1630036800,4204700.0,2021-08-27 04:00:00
103.8854,104.0741,103.0048,103.8854,1630296000,3078200.0,2021-08-30 04:00:00
105.5747,105.6736,103.9213,104.0292,1630382400,6995500.0,2021-08-31 04:00:00
105.5388,106.3295,105.386,106.042,1630468800,4402700.0,2021-09-01 04:00:00
105.4669,106.3565,105.0446,106.2936,1630555200,3801900.0,2021-09-02 04:00:00
105.3051,105.6556,104.5413,104.9906,1630641600,2921300.0,2021-09-03 04:00:00
104.0471,105.2512,103.7596,105.2153,1630987200,4264900.0,2021-09-07 04:00:00
106.0689,106.2037,103.7955,104.3257,1631073600,5548400.0,2021-09-08 04:00:00
106.7429,107.8931,105.8533,106.015,1631160000,4711200.0,2021-09-09 04:00:00
107.2371,108.5131,106.8327,107.2461,1631246400,6517900.0,2021-09-10 04:00:00
107.0933,107.965,106.5362,107.7313,1631505600,4381100.0,2021-09-13 04:00:00
106.8058,107.7044,106.3565,107.5786,1631592000,4722800.0,2021-09-14 04:00:00
103.0137,105.1524,101.6479,105.0985,1631678400,11556200.0,2021-09-15 04:00:00
103.0407,103.5798,101.7108,103.1485,1631764800,7997000.0,2021-09-16 04:00:00
101.9085,103.2024,101.6479,102.9239,1631851200,9261000.0,2021-09-17 04:00:00
100.4797,100.8841,99.1858,100.0574,1632110400,7795200.0,2021-09-20 04:00:00
100.8392,102.0792,100.4168,100.5696,1632196800,5468400.0,2021-09-21 04:00:00
101.603,102.4656,100.929,101.594,1632283200,4578200.0,2021-09-22 04:00:00
102.5644,103.0766,101.6299,101.8905,1632369600,3842000.0,2021-09-23 04:00:00
102.5375,103.2114,102.223,102.5555,1632456000,3955000.0,2021-09-24 04:00:00
102.1511,103.0407,101.4592,102.0882,1632715200,3988800.0,2021-09-27 04:00:00
100.3809,101.5401,99.8148,101.2525,1632801600,5917700.0,2021-09-28 04:00:00
100.7942,101.1087,100.2551,100.5516,1632888000,4389100.0,2021-09-29 04:00:00
99.1229,100.7853,99.1229,100.2102,1632974400,5974500.0,2021-09-30 04:00:00
101.4682,101.9534,99.3296,99.6441,1633060800,5636900.0,2021-10-01 04:00:00
100.1562,101.6119,99.7608,101.0278,1633320000,4497700.0,2021-10-04 04:00:00
99.6081,100.1742,98.8713,99.8597,1633406400,5884000.0,2021-10-05 04:00:00
100.318,100.6594,98.377,99.006,1633492800,5734500.0,2021-10-06 04:00:00
100.8302,101.5221,100.6864,100.9829,1633579200,5549500.0,2021-10-07 04:00:00
99.9406,101.2345,99.8597,101.1627,1633665600,3787000.0,2021-10-08 04:00:00
99.689,102.0433,99.671,101.4412,1633924800,5987300.0,2021-10-11 04:00:00
99.7429,100.5247,99.4374,100.3899,1634011200,3866800.0,2021-10-12 04:00:00
99.5272,100.1742,98.3141,100.0933,1634097600,4806500.0,2021-10-13 04:00:00
100.5247,101.1896,99.7519,99.8148,1634184000,5194900.0,2021-10-14 04:00:00
100.1473,101.4682,99.698,101.0459,1634270400,5860900.0,2021-10-15 04:00:00
101.8725,102.0523,99.707,100.1383,1634529600,4958400.0,2021-10-18 04:00:00
101.9804,102.9239,101.3244,102.205,1634616000,5799300.0,2021-10-19 04:00:00
102.3129,103.4361,101.2795,101.594,1634702400,7645200.0,2021-10-20 04:00:00
102.834,102.9418,102.0882,102.3757,1634788800,3684300.0,2021-10-21 04:00:00
102.9329,103.3193,102.5015,102.8071,1634875200,3396400.0,2021-10-22 04:00:00
103.0766,103.2294,101.8635,103.1036,1635134400,4290600.0,2021-10-25 04:00:00
103.2653,103.5888,102.6633,103.2653,1635220800,5948000.0,2021-10-26 04:00:00
101.9983,103.8494,101.612,103.8494,1635307200,5853900.0,2021-10-27 04:00:00
101.7198,102.9778,101.0548,102.205,1635393600,7697600.0,2021-10-28 04:00:00
95.3129,97.0382,93.4708,96.5979,1635480000,27419600.0,2021-10-29 04:00:00
98.6646,98.9791,96.3283,96.3552,1635739200,14184600.0,2021-11-01 04:00:00
100.1473,100.4797,98.6556,99.069,1635825600,11538900.0,2021-11-02 04:00:00
101.1896,101.4682,98.9432,100.0394,1635912000,6422600.0,2021-11-03 04:00:00
100.7853,101.0189,99.68,100.282,1635998400,8212600.0,2021-11-04 04:00:00
105.0535,105.4309,101.6659,101.7557,1636084800,10256800.0,2021-11-05 04:00:00
103.481,105.5567,102.9508,104.7031,1636347600,8753300.0,2021-11-08 05:00:00
102.5555,103.8764,101.8725,103.0227,1636434000,6754700.0,2021-11-09 05:00:00
102.2035,103.2955,101.6169,101.8967,1636520400,6563700.0,2021-11-10 05:00:00
100.57,102.2035,99.7578,102.2035,1636606800,7191900.0,2021-11-11 05:00:00
100.8227,101.292,100.2542,100.8408,1636693200,7350400.0,2021-11-12 05:00:00
100.9581,102.5645,100.6964,101.1837,1636952400,6566100.0,2021-11-15 05:00:00
101.283,102.0772,100.6332,101.3281,1637038800,7965000.0,2021-11-16 05:00:00
101.5447,102.0771,100.7686,101.274,1637125200,5768600.0,2021-11-17 05:00:00
101.8876,102.1855,100.4798,101.1837,1637211600,5632100.0,2021-11-18 05:00:00
99.9744,101.8876,99.0629,101.7342,1637298000,6921800.0,2021-11-19 05:00:00
100.5791,101.6079,99.8752,100.2723,1637557200,5967300.0,2021-11-22 05:00:00
102.5013,102.9796,100.8769,101.0754,1637643600,7911000.0,2021-11-23 05:00:00
102.8533,103.115,102.0501,102.3479,1637730000,4464300.0,2021-11-24 05:00:00
99.8661,100.0196,98.5937,99.2795,1637902800,6703200.0,2021-11-26 05:00:00
99.9293,100.7957,98.9276,100.4979,1638162000,7114100.0,2021-11-29 05:00:00
98.9456,100.2542,98.4132,98.8644,1638248400,9483300.0,2021-11-30 05:00:00
98.0612,102.2937,97.9619,100.1369,1638334800,7618500.0,2021-12-01 05:00:00
100.552,101.1476,98.5215,98.5215,1638421200,7709400.0,2021-12-02 05:00:00
100.3895,101.8425,99.3427,100.94,1638507600,7014100.0,2021-12-03 05:00:00
102.3028,103.0338,100.8137,101.0845,1638766800,8280200.0,2021-12-06 05:00:00
104.9199,105.7592,103.5933,103.837,1638853200,8786900.0,2021-12-07 05:00:00
104.9109,105.2719,103.9182,104.4867,1638939600,5807000.0,2021-12-08 05:00:00
104.0987,105.0553,103.9994,104.5048,1639026000,5664700.0,2021-12-09 05:00:00
105.3441,105.6689,104.4867,104.5228,1639112400,6110800.0,2021-12-10 05:00:00
104.2882,105.4343,103.9814,104.8297,1639371600,6479400.0,2021-12-13 05:00:00
103.5211,104.0535,102.9074,103.3947,1639458000,6854600.0,2021-12-14 05:00:00
103.494,103.9633,101.7613,103.6113,1639544400,6902400.0,2021-12-15 05:00:00
102.5103,104.1438,102.1764,103.7828,1639630800,7544400.0,2021-12-16 05:00:00
98.0341,100.8949,97.6641,100.4166,1639717200,13696900.0,2021-12-17 05:00:00
97.5468,97.5739,96.2112,96.6263,1639976400,6313700.0,2021-12-20 05:00:00
99.6044,100.0827,98.2507,98.3681,1640062800,4682200.0,2021-12-21 05:00:00
100.8408,100.8769,99.2705,99.451,1640149200,3643300.0,2021-12-22 05:00:00
101.4093,101.8967,101.0664,101.283,1640235600,3359600.0,2021-12-23 05:00:00
103.0789,103.2143,101.4274,101.6169,1640581200,3716700.0,2021-12-27 05:00:00
104.2972,104.9379,102.7089,102.8803,1640667600,4561600.0,2021-12-28 05:00:00
105.0282,105.5516,104.0626,104.1438,1640754000,4215300.0,2021-12-29 05:00:00
104.9019,105.8946,104.7575,105.0282,1640840400,4068700.0,2021-12-30 05:00:00
105.5606,106.0209,104.3243,104.3874,1640926800,3674900.0,2021-12-31 05:00:00
105.299,106.3097,103.5843,105.1094,1641186000,5475700.0,2022-01-03 05:00:00
103.0969,105.6329,103.0338,105.4975,1641272400,8367600.0,2022-01-04 05:00:00
99.6676,103.7467,99.6315,103.2413,1641358800,8662300.0,2022-01-05 05:00:00
100.2993,100.9671,99.2615,99.2705,1641445200,6099900.0,2022-01-06 05:00:00
97.0775,99.0088,96.9963,97.6641,1641531600,11266400.0,2022-01-07 05:00:00
95.6878,96.5722,94.2348,96.2202,1641790800,8499400.0,2022-01-10 05:00:00
93.8919,95.8141,93.594,95.6968,1641877200,13073200.0,2022-01-11 05:00:00
93.7384,95.047,93.567,94.2528,1641963600,11810500.0,2022-01-12 05:00:00
92.4118,94.4604,92.1321,93.9911,1642050000,9818500.0,2022-01-13 05:00:00
90.3542,91.9696,89.4247,91.9696,1642136400,13703200.0,2022-01-14 05:00:00
88.1973,89.6683,87.9988,89.4969,1642482000,11396000.0,2022-01-18 05:00:00
87.4212,88.793,87.34,88.3869,1642568400,10856800.0,2022-01-19 05:00:00
86.3834,89.2893,86.2661,87.9807,1642654800,20311500.0,2022-01-20 05:00:00
86.9158,88.811,86.1578,86.5458,1642741200,13438300.0,2022-01-21 05:00:00
88.5312,88.7569,85.2012,85.508,1643000400,17201400.0,2022-01-24 05:00:00
87.5476,88.5222,85.8509,87.2407,1643086800,12368500.0,2022-01-25 05:00:00
86.257,89.0186,85.6434,88.1703,1643173200,11863000.0,2022-01-26 05:00:00
86.0224,87.692,85.7878,87.1956,1643259600,7322200.0,2022-01-27 05:00:00
87.7281,87.7371,84.6417,85.7878,1643346000,8345400.0,2022-01-28 05:00:00
88.7298,88.802,87.0151,87.5656,1643605200,8807700.0,2022-01-31 05:00:00
89.1269,89.3705,87.3581,88.82,1643691600,11601900.0,2022-02-01 05:00:00
88.1973,89.4788,85.499,86.4556,1643778000,15578800.0,2022-02-02 05:00:00
86.5819,87.9627,86.3383,87.3941,1643864400,8901100.0,2022-02-03 05:00:00
85.7336,86.5819,84.6777,86.1036,1643950800,8267600.0,2022-02-04 05:00:00
85.9051,86.7354,85.6253,86.0495,1644210000,6849000.0,2022-02-07 05:00:00
85.6614,86.6631,85.147,85.9953,1644296400,7161000.0,2022-02-08 05:00:00
87.6559,88.4139,86.8166,86.8617,1644382800,9353700.0,2022-02-09 05:00:00
86.4495,87.81,86.1502,86.5856,1644469200,9098800.0,2022-02-10 05:00:00
85.0164,87.5198,84.6808,86.7035,1644555600,6924800.0,2022-02-11 05:00:00
84.9438,85.7057,83.8282,85.0345,1644814800,7948500.0,2022-02-14 05:00:00
85.7239,86.5856,85.5878,86.3044,1644901200,7722200.0,2022-02-15 05:00:00
86.3316,86.6672,84.4994,85.5697,1644987600,6545800.0,2022-02-16 05:00:00
84.3996,85.8327,84.1547,85.6422,1645074000,6578200.0,2022-02-17 05:00:00
84.6627,85.3067,83.928,83.9552,1645160400,6210600.0,2022-02-18 05:00:00
84.454,85.2976,83.7737,84.8985,1645506000,8622500.0,2022-02-22 05:00:00
81.3157,85.1524,81.1252,85.1524,1645592400,9674800.0,2022-02-23 05:00:00
82.5493,82.7216,79.1388,79.3656,1645678800,9260500.0,2022-02-24 05:00:00
83.9733,84.1638,81.8871,82.8123,1645765200,7039400.0,2022-02-25 05:00:00
83.2567,83.7284,82.1955,82.8032,1646024400,8591500.0,2022-02-28 05:00:00
81.7601,83.0028,81.3157,82.9846,1646110800,7100700.0,2022-03-01 05:00:00
84.1456,84.6082,82.1683,82.3316,1646197200,10721100.0,2022-03-02 05:00:00
83.0209,84.8078,82.6127,84.7896,1646283600,6587400.0,2022-03-03 05:00:00
81.6604,82.6853,81.1343,82.513,1646370000,7179800.0,2022-03-04 05:00:00
76.6082,81.6785,76.5084,81.6694,1646629200,14608700.0,2022-03-07 05:00:00
76.1909,78.8395,75.9732,76.8803,1646715600,10692000.0,2022-03-08 05:00:00
79.4563,79.937,78.3043,78.4585,1646802000,8811600.0,2022-03-09 05:00:00
79.0572,79.2386,77.6422,78.0866,1646888400,9114300.0,2022-03-10 05:00:00
75.039,80.5538,74.8667,80.1365,1646974800,15351700.0,2022-03-11 05:00:00
71.9188,74.6853,71.5832,74.6671,1647230400,18199300.0,2022-03-14 04:00:00
75.3927,75.683,72.8167,73.0163,1647316800,12542300.0,2022-03-15 04:00:00
79.2839,81.7148,77.6603,79.8281,1647403200,21207900.0,2022-03-16 04:00:00
79.5107,79.7737,78.0141,79.3293,1647489600,8554200.0,2022-03-17 04:00:00
81.2703,81.4064,77.0798,78.1139,1647576000,23784200.0,2022-03-18 04:00:00
78.785,81.3792,77.9778,81.2794,1647835200,11925300.0,2022-03-21 04:00:00
79.7193,80.8168,79.0481,79.2748,1647921600,8447400.0,2022-03-22 04:00:00
78.2046,79.556,78.0957,79.2386,1648008000,7670500.0,2022-03-23 04:00:00
79.0209,79.0481,77.6059,78.7579,1648094400,6163400.0,2022-03-24 04:00:00
79.3202,79.5198,78.2046,79.2658,1648180800,7048100.0,2022-03-25 04:00:00
80.1637,80.2,78.6853,79.3474,1648440000,5981000.0,2022-03-28 04:00:00
82.7488,83.3565,81.3248,81.361,1648526400,8963200.0,2022-03-29 04:00:00
82.5674,83.03,81.996,82.3134,1648612800,8122100.0,2022-03-30 04:00:00
82.513,84.0187,82.513,82.8304,1648699200,11306100.0,2022-03-31 04:00:00
82.9846,83.3474,82.0685,82.9937,1648785600,6516300.0,2022-04-01 04:00:00
79.9007,80.2363,78.1683,79.7193,1649044800,16243100.0,2022-04-04 04:00:00
76.2998,78.5674,76.0277,78.5129,1649131200,17525800.0,2022-04-05 04:00:00
75.6104,76.0912,74.4404,75.8735,1649217600,10567000.0,2022-04-06 04:00:00
75.3927,75.7374,73.878,75.2748,1649304000,10869100.0,2022-04-07 04:00:00
73.9415,75.4562,73.7782,75.4562,1649390400,9286800.0,2022-04-08 04:00:00
73.1796,74.141,72.8258,73.361,1649649600,8623200.0,2022-04-11 04:00:00
72.3723,73.7147,72.2453,73.3156,1649736000,8472500.0,2022-04-12 04:00:00
73.3973,73.751,72.209,72.4539,1649822400,8604400.0,2022-04-13 04:00:00
72.1093,73.5424,71.8825,73.2431,1649908800,9567200.0,2022-04-14 04:00:00
72.2,72.5356,71.5469,71.6921,1650254400,7797300.0,2022-04-18 04:00:00
73.6694,73.9596,72.0276,72.2181,1650340800,8622100.0,2022-04-19 04:00:00
72.717,73.9415,72.5628,73.751,1650427200,8368800.0,2022-04-20 04:00:00
71.6195,73.6422,71.4109,73.5152,1650513600,8152500.0,2022-04-21 04:00:00
70.6762,72.0911,70.5492,71.556,1650600000,10315500.0,2022-04-22 04:00:00
70.7306,70.8213,69.5968,70.1864,1650859200,10259000.0,2022-04-25 04:00:00
68.599,70.3678,68.599,70.2861,1650945600,8800500.0,2022-04-26 04:00:00
67.7918,69.3247,67.7374,68.3723,1651032000,8467300.0,2022-04-27 04:00:00
69.4607,69.9324,67.9006,68.59,1651118400,8818500.0,2022-04-28 04:00:00
67.7011,69.6331,67.556,68.9528,1651204800,9199300.0,2022-04-29 04:00:00
68.3632,68.6807,66.6399,68.2544,1651464000,12379000.0,2022-05-02 04:00:00
67.4199,68.7442,66.5582,68.6807,1651550400,15570100.0,2022-05-03 04:00:00
74.0503,75.166,70.6762,71.9369,1651636800,30199700.0,2022-05-04 04:00:00
70.2771,73.6694,69.9596,72.9528,1651723200,19114700.0,2022-05-05 04:00:00
69.4063,70.0231,68.2181,69.8689,1651809600,11165800.0,2022-05-06 04:00:00
66.658,69.4335,66.5129,68.2453,1652068800,12863600.0,2022-05-09 04:00:00
65.1795,68.073,64.9528,67.8916,1652155200,14085900.0,2022-05-10 04:00:00
63.5469,65.2612,63.4562,64.8984,1652241600,12118100.0,2022-05-11 04:00:00
63.8483,63.967,62.469,63.1632,1652328000,15460600.0,2022-05-12 04:00:00
69.0548,69.1736,65.6569,65.6569,1652414400,18156300.0,2022-05-13 04:00:00
66.1501,68.9087,66.0496,68.4519,1652673600,11435300.0,2022-05-16 04:00:00
67.3376,67.913,66.5337,67.6025,1652760000,12454500.0,2022-05-17 04:00:00
65.1088,67.1732,64.6521,66.8169,1652846400,10576500.0,2022-05-18 04:00:00
65.7025,66.1501,64.2411,64.9444,1652932800,11193700.0,2022-05-19 04:00:00
67.0362,67.0727,65.2732,66.5703,1653019200,15941800.0,2022-05-20 04:00:00
67.0635,67.8399,66.2871,67.3467,1653278400,10741900.0,2022-05-23 04:00:00
66.4241,66.9813,65.0997,66.6525,1653364800,9227700.0,2022-05-24 04:00:00
66.2049,67.1366,65.7026,66.4242,1653451200,8344400.0,2022-05-25 04:00:00
68.0409,68.2967,66.5612,66.6342,1653537600,8940900.0,2022-05-26 04:00:00
70.0687,70.0779,68.6438,68.7169,1653624000,8498400.0,2022-05-27 04:00:00
71.7037,72.7633,69.9226,70.3062,1653969600,23361800.0,2022-05-31 04:00:00
69.6759,72.0508,69.4658,71.9321,1654056000,7579000.0,2022-06-01 04:00:00
72.5441,72.6172,69.2832,69.9134,1654142400,10241500.0,2022-06-02 04:00:00
72.2061,72.9825,71.5393,72.1605,1654228800,10415700.0,2022-06-03 04:00:00
72.1422,74.2613,71.7311,72.7998,1654488000,7239400.0,2022-06-06 04:00:00
72.5898,72.8455,71.4845,71.7677,1654574400,5517100.0,2022-06-07 04:00:00
71.6763,72.8638,71.4845,72.0691,1654660800,5178300.0,2022-06-08 04:00:00
72.0782,73.3205,71.0004,71.2196,1654747200,13248100.0,2022-06-09 04:00:00
69.1188,71.0552,69.1096,70.3519,1654833600,8694300.0,2022-06-10 04:00:00
66.0953,67.6025,65.6843,66.7621,1655092800,9282800.0,2022-06-13 04:00:00
66.0497,67.4472,65.3372,66.5429,1655179200,7635600.0,2022-06-14 04:00:00
67.7669,68.7534,66.7804,66.9083,1655265600,7682300.0,2022-06-15 04:00:00
64.8074,66.3237,64.2594,66.1593,1655352000,10147000.0,2022-06-16 04:00:00
65.6478,66.1684,64.643,64.9261,1655438400,9824300.0,2022-06-17 04:00:00
66.6434,66.8352,65.7939,66.7347,1655784000,7872500.0,2022-06-21 04:00:00
66.9539,67.4289,65.9674,66.1044,1655870400,6702200.0,2022-06-22 04:00:00
68.6894,68.8356,67.1458,67.4655,1655956800,6586400.0,2022-06-23 04:00:00
71.3475,71.384,69.0091,69.1096,1656043200,18012000.0,2022-06-24 04:00:00
70.9547,71.6489,70.5802,71.247,1656302400,6672200.0,2022-06-27 04:00:00
69.7307,72.9734,69.5937,71.6033,1656388800,7206400.0,2022-06-28 04:00:00
69.8129,70.4706,69.0913,69.612,1656475200,8983900.0,2022-06-29 04:00:00
69.7764,70.224,68.388,69.4293,1656561600,6781100.0,2022-06-30 04:00:00
72.3979,72.5898,69.9134,70.087,1656648000,7539200.0,2022-07-01 04:00:00
72.6354,72.6628,70.6624,71.2653,1656993600,8087800.0,2022-07-05 04:00:00
72.0326,73.5032,71.4114,72.9186,1657080000,4652800.0,2022-07-06 04:00:00
72.3797,72.7542,71.585,71.9869,1657166400,5395600.0,2022-07-07 04:00:00
72.4162,72.7359,71.4936,71.8773,1657252800,3927100.0,2022-07-08 04:00:00
71.1557,72.2061,70.7264,72.0234,1657512000,5351500.0,2022-07-11 04:00:00
71.0278,72.5624,70.6807,71.5759,1657598400,5393400.0,2022-07-12 04:00:00
71.174,71.7403,69.1736,69.4111,1657684800,3897500.0,2022-07-13 04:00:00
71.4297,71.585,70.1601,70.4158,1657771200,4504500.0,2022-07-14 04:00:00
72.7268,73.2657,71.8042,71.8042,1657857600,5584100.0,2022-07-15 04:00:00
73.284,74.5993,73.0739,73.1013,1658116800,6768800.0,2022-07-18 04:00:00
75.4031,75.5127,73.9051,74.0878,1658203200,5949200.0,2022-07-19 04:00:00
76.0608,76.2435,74.8002,75.3392,1658289600,6850600.0,2022-07-20 04:00:00
76.3074,76.3714,75.4945,75.7685,1658376000,7695300.0,2022-07-21 04:00:00
76.3531,77.1203,75.668,76.8737,1658462400,6283600.0,2022-07-22 04:00:00
74.444,76.4535,74.0238,76.3531,1658721600,5861100.0,2022-07-25 04:00:00
73.357,74.3709,73.0739,74.1882,1658808000,6587000.0,2022-07-26 04:00:00
75.7776,76.1886,74.0969,74.1974,1658894400,6372600.0,2022-07-27 04:00:00
77.3396,77.5405,75.6497,75.9877,1658980800,5594600.0,2022-07-28 04:00:00
77.44,77.6227,76.6636,77.2756,1659067200,5802700.0,2022-07-29 04:00:00
77.5588,78.1799,76.755,76.9011,1659326400,7313700.0,2022-08-01 04:00:00
76.4626,77.7688,76.3804,77.3669,1659412800,7254700.0,2022-08-02 04:00:00
79.7145,80.3539,76.6454,78.5636,1659499200,12915700.0,2022-08-03 04:00:00
79.3582,80.637,79.0751,79.6597,1659585600,7086700.0,2022-08-04 04:00:00
78.3078,78.6914,77.5679,78.3352,1659672000,4835100.0,2022-08-05 04:00:00
78.2987,79.34,78.0246,78.6914,1659931200,4878400.0,2022-08-08 04:00:00
77.4948,78.3991,77.1477,78.3169,1660017600,3498400.0,2022-08-09 04:00:00
79.002,79.3765,78.6366,79.0111,1660104000,5072300.0,2022-08-10 04:00:00
80.1687,80.4259,79.4613,79.8655,1660190400,5595700.0,2022-08-11 04:00:00
81.124,81.2067,80.0952,80.2054,1660276800,5154000.0,2022-08-12 04:00:00
81.9049,81.9875,80.8484,80.9403,1660536000,5601000.0,2022-08-15 04:00:00
82.1253,82.6122,81.3353,81.5558,1660622400,4580800.0,2022-08-16 04:00:00
81.1608,81.7579,80.7107,81.2067,1660708800,3831300.0,2022-08-17 04:00:00
81.3445,81.5558,80.5453,80.8668,1660795200,3428300.0,2022-08-18 04:00:00
79.8471,80.8117,79.5072,80.6279,1660881600,4597700.0,2022-08-19 04:00:00
78.0374,78.5886,77.4771,78.4324,1661140800,5915200.0,2022-08-22 04:00:00
77.7986,78.6437,77.6976,77.9456,1661227200,4560400.0,2022-08-23 04:00:00
79.0479,79.4429,77.6057,77.8629,1661313600,4386000.0,2022-08-24 04:00:00
80.2789,80.4994,79.2776,79.3235,1661400000,4236300.0,2022-08-25 04:00:00
77.2199,80.8301,77.128,80.3891,1661486400,6674900.0,2022-08-26 04:00:00
77.275,77.771,76.2829,76.4298,1661745600,5035500.0,2022-08-29 04:00:00
76.6227,78.1017,75.9613,77.3301,1661832000,6812500.0,2022-08-30 04:00:00
77.229,77.8629,76.8432,77.0453,1661918400,6570100.0,2022-08-31 04:00:00
78.4508,78.5151,76.1818,76.8891,1662004800,7556800.0,2022-09-01 04:00:00
76.191,78.7907,75.8327,78.5151,1662091200,10336800.0,2022-09-02 04:00:00
77.6424,77.7343,75.0243,76.3104,1662436800,11062800.0,2022-09-06 04:00:00
81.124,81.4088,78.0099,78.1844,1662523200,9946800.0,2022-09-07 04:00:00
82.1804,82.1988,80.0676,80.1962,1662609600,7721100.0,2022-09-08 04:00:00
81.4731,82.6306,81.4272,82.2172,1662696000,7094600.0,2022-09-09 04:00:00
81.8222,83.0256,81.3353,82.4652,1662955200,9078900.0,2022-09-12 04:00:00
80.6923,82.0335,79.0663,79.6634,1663041600,16033600.0,2022-09-13 04:00:00
85.1568,85.8733,82.2264,82.2815,1663128000,24320600.0,2022-09-14 04:00:00
84.7159,85.5702,84.2657,84.5964,1663214400,11052400.0,2022-09-15 04:00:00
83.8799,84.6056,83.2736,83.7329,1663300800,11987600.0,2022-09-16 04:00:00
84.6424,85.019,83.439,83.4941,1663560000,6287000.0,2022-09-19 04:00:00
83.4022,84.5321,82.7684,84.2014,1663646400,6560000.0,2022-09-20 04:00:00
81.3904,84.0728,81.3629,83.8615,1663732800,8806800.0,2022-09-21 04:00:00
77.8078,80.8576,77.5138,80.8393,1663819200,9953000.0,2022-09-22 04:00:00
77.3209,77.5689,76.4574,77.0729,1663905600,7153200.0,2022-09-23 04:00:00
77.9088,79.0295,77.4219,77.4495,1664164800,7583500.0,2022-09-26 04:00:00
77.422,79.4613,76.4023,78.9744,1664251200,8628800.0,2022-09-27 04:00:00
80.0217,80.3616,77.3944,77.7894,1664337600,7850800.0,2022-09-28 04:00:00
79.5256,80.233,78.6437,79.7461,1664424000,6881500.0,2022-09-29 04:00:00
77.4036,79.645,77.3025,79.5256,1664510400,7737500.0,2022-09-30 04:00:00
78.6529,79.2041,76.981,77.8537,1664769600,6739900.0,2022-10-03 04:00:00
81.3077,81.7119,79.792,80.0033,1664856000,5982400.0,2022-10-04 04:00:00
82.7868,83.2644,80.4259,80.5912,1664942400,7980800.0,2022-10-05 04:00:00
82.0794,83.5033,81.9967,82.8511,1665028800,6893800.0,2022-10-06 04:00:00
79.9482,81.666,79.2776,81.3353,1665115200,6606400.0,2022-10-07 04:00:00
79.9757,80.4442,79.1214,79.9298,1665374400,5092400.0,2022-10-10 04:00:00
79.1949,80.1043,78.6713,79.6542,1665460800,5531300.0,2022-10-11 04:00:00
79.8012,80.8944,79.3786,79.9206,1665547200,5261900.0,2022-10-12 04:00:00
82.0978,82.649,77.817,78.1661,1665633600,7616600.0,2022-10-13 04:00:00
79.3419,83.3195,79.2225,82.6857,1665720000,6315200.0,2022-10-14 04:00:00
81.666,81.96,80.6647,80.7474,1665979200,6255300.0,2022-10-17 04:00:00
81.7211,83.1083,80.9127,82.7776,1666065600,5484400.0,2022-10-18 04:00:00
80.3983,81.8773,79.9298,81.1975,1666152000,6473400.0,2022-10-19 04:00:00
79.7277,81.0505,79.4337,80.2238,1666238400,4540700.0,2022-10-20 04:00:00
81.3996,81.7303,79.5164,79.9206,1666324800,9088800.0,2022-10-21 04:00:00
76.9443,80.3891,75.7225,79.8288,1666584000,16499300.0,2022-10-24 04:00:00
78.2763,79.002,77.2566,77.2566,1666670400,10674000.0,2022-10-25 04:00:00
78.9009,81.0505,78.5243,78.6437,1666756800,9987000.0,2022-10-26 04:00:00
78.3406,79.3694,77.2382,79.1214,1666843200,9524600.0,2022-10-27 04:00:00
80.0125,80.6463,77.4495,78.2395,1666929600,8284900.0,2022-10-28 04:00:00
79.544,80.4442,78.9561,79.5532,1667188800,7401100.0,2022-10-31 04:00:00
80.0125,81.6476,79.5348,80.8944,1667275200,6219600.0,2022-11-01 04:00:00
77.6975,81.3721,77.6516,80.1686,1667361600,7653200.0,2022-11-02 04:00:00
77.7894,78.5151,76.2186,77.2291,1667448000,8855100.0,2022-11-03 04:00:00
84.3852,85.9836,83.1542,84.4954,1667534400,20194300.0,2022-11-04 04:00:00
83.0899,84.8445,82.0151,84.2106,1667797200,10190200.0,2022-11-07 05:00:00
85.2027,86.1489,83.5217,83.5217,1667883600,9675500.0,2022-11-08 05:00:00
84.6576,85.5538,84.3897,84.6392,1667970000,6271200.0,2022-11-09 05:00:00
88.9353,89.0831,86.2283,86.7457,1668056400,10408400.0,2022-11-10 05:00:00
89.9701,91.1619,89.2217,89.3973,1668142800,8294400.0,2022-11-11 05:00:00
90.007,91.0603,89.3326,89.7391,1668402000,8521100.0,2022-11-14 05:00:00
90.3859,91.9565,89.887,91.3837,1668488400,6410000.0,2022-11-15 05:00:00
89.6837,90.506,88.9353,89.1755,1668574800,5348900.0,2022-11-16 05:00:00
89.5913,89.6283,87.8636,87.9652,1668661200,5245600.0,2022-11-17 05:00:00
90.4967,90.8663,89.7391,90.3119,1668747600,5964800.0,2022-11-18 05:00:00
90.8386,90.9956,89.3418,89.6098,1669006800,4499200.0,2022-11-21 05:00:00
90.9402,91.2174,90.0994,91.0049,1669093200,5398600.0,2022-11-22 05:00:00
91.9473,92.4646,90.7924,90.9956,1669179600,5944900.0,2022-11-23 05:00:00
91.9842,92.2799,91.0233,92.0581,1669352400,2320000.0,2022-11-25 05:00:00
91.1527,92.5386,91.0603,91.4576,1669611600,5257300.0,2022-11-28 05:00:00
91.1527,91.7717,90.7277,91.4299,1669698000,4423900.0,2022-11-29 05:00:00
94.4233,94.7559,91.0233,91.513,1669784400,15000800.0,2022-11-30 05:00:00
95.5043,95.6798,94.1923,94.5434,1669870800,7452300.0,2022-12-01 05:00:00
97.0565,97.5092,94.0722,94.257,1669957200,7916900.0,2022-12-02 05:00:00
95.6706,96.3081,95.1625,95.5228,1670216400,9285800.0,2022-12-05 05:00:00
94.3125,96.2619,93.7212,95.9201,1670302800,8383000.0,2022-12-06 05:00:00
94.1184,95.1347,93.3701,93.5826,1670389200,4194300.0,2022-12-07 05:00:00
95.8462,96.0032,94.6081,94.9222,1670475600,5465100.0,2022-12-08 05:00:00
94.0445,95.6244,94.0076,95.5597,1670562000,7999600.0,2022-12-09 05:00:00
94.8853,95.0239,93.1483,93.4348,1670821200,5796000.0,2022-12-12 05:00:00
94.3402,97.195,93.3054,96.844,1670907600,7066000.0,2022-12-13 05:00:00
94.4141,95.4396,93.0375,94.5342,1670994000,5624000.0,2022-12-14 05:00:00
92.3815,93.8228,91.8826,93.5087,1671080400,7244400.0,2022-12-15 05:00:00
91.3098,91.9657,90.5614,91.7255,1671166800,13862300.0,2022-12-16 05:00:00
90.8201,91.2913,90.2935,90.9402,1671426000,5771100.0,2022-12-19 05:00:00
90.5429,91.0788,89.8685,90.7185,1671512400,4533500.0,2022-12-20 05:00:00
91.1619,91.5315,89.0185,89.3603,1671598800,5566300.0,2022-12-21 05:00:00
90.3212,91.0603,88.8522,90.9587,1671685200,4756900.0,2022-12-22 05:00:00
90.7924,90.8201,89.5082,90.1641,1671771600,3944500.0,2022-12-23 05:00:00
91.6516,91.8918,90.7369,91.0696,1672117200,4402500.0,2022-12-27 05:00:00
91.0973,92.3076,90.9032,91.8456,1672203600,3491500.0,2022-12-28 05:00:00
92.1782,92.9913,91.1619,91.4668,1672290000,3976100.0,2022-12-29 05:00:00
91.6516,91.6978,90.7647,91.6424,1672376400,3988900.0,2022-12-30 05:00:00
93.1576,93.4717,91.9011,92.9081,1672722000,6607700.0,2023-01-03 05:00:00
96.5114,96.7608,94.7467,94.8761,1672808400,8166600.0,2023-01-04 05:00:00
96.4837,97.1027,95.6152,96.5391,1672894800,5575100.0,2023-01-05 05:00:00
98.5717,98.8581,97.0195,97.3614,1672981200,9644100.0,2023-01-06 05:00:00
96.7701,98.5624,96.4836,98.4146,1673240400,10124800.0,2023-01-09 05:00:00
97.9342,98.3315,96.2434,96.419,1673326800,4183600.0,2023-01-10 05:00:00
98.2113,98.3407,96.8809,97.7586,1673413200,5634400.0,2023-01-11 05:00:00
97.7956,98.3407,97.1673,98.2021,1673499600,4882000.0,2023-01-12 05:00:00
99.0706,99.1353,97.075,97.075,1673586000,5529700.0,2023-01-13 05:00:00
98.6271,99.4124,98.2206,98.8119,1673931600,7477200.0,2023-01-17 05:00:00
97.0103,99.2923,96.9271,98.9874,1674018000,5725800.0,2023-01-18 05:00:00
96.3266,97.657,96.3081,97.0103,1674104400,5115800.0,2023-01-19 05:00:00
97.0472,97.195,95.9847,96.4559,1674190800,6543500.0,2023-01-20 05:00:00
98.1282,98.7565,96.4559,97.0472,1674450000,6320500.0,2023-01-23 05:00:00
98.5255,98.738,97.3891,98.3037,1674536400,5517200.0,2023-01-24 05:00:00
98.8396,98.9874,97.8418,97.9896,1674622800,5416900.0,2023-01-25 05:00:00
100.4842,100.5211,98.9135,99.1353,1674709200,6324100.0,2023-01-26 05:00:00
100.7244,101.4081,100.0961,100.4657,1674795600,6851100.0,2023-01-27 05:00:00
100.1516,100.5858,99.2461,100.0222,1675054800,6880700.0,2023-01-30 05:00:00
100.8353,100.8445,99.32,100.0222,1675141200,5816300.0,2023-01-31 05:00:00
101.6206,102.3505,99.7635,100.6782,1675227600,5841200.0,2023-02-01 05:00:00
100.8445,102.3966,99.782,101.6668,1675314000,9852900.0,2023-02-02 05:00:00
96.3635,98.3407,95.1994,96.6222,1675400400,15200500.0,2023-02-03 05:00:00
97.0287,98.0912,95.4396,96.0864,1675659600,6392200.0,2023-02-06 05:00:00
98.701,99.2092,96.6037,96.8532,1675746000,6207500.0,2023-02-07 05:00:00
98.2113,98.4331,97.6108,98.2298,1675832400,5557500.0,2023-02-08 05:00:00
98.4713,98.9913,98.0535,98.1742,1675918800,5608400.0,2023-02-09 05:00:00
99.437,99.5949,97.9328,97.9792,1676005200,6298600.0,2023-02-10 05:00:00
100.7648,101.1455,99.6134,99.7713,1676264400,5192400.0,2023-02-13 05:00:00
100.2634,100.7184,99.0749,100.217,1676350800,5109400.0,2023-02-14 05:00:00
101.2105,101.2105,99.5949,99.8177,1676437200,4059100.0,2023-02-15 05:00:00
99.8549,101.3034,99.7341,100.0591,1676523600,4596800.0,2023-02-16 05:00:00
99.4463,99.7806,98.6385,99.112,1676610000,6876400.0,2023-02-17 05:00:00
97.2921,98.3785,97.2271,97.9606,1676955600,5438000.0,2023-02-21 05:00:00
97.2828,98.3692,96.93,97.8771,1677042000,7523700.0,2023-02-22 05:00:00
96.1128,97.9699,95.2957,97.9699,1677128400,6857900.0,2023-02-23 05:00:00
94.3393,95.3793,93.6151,95.3143,1677214800,6019700.0,2023-02-24 05:00:00
95.1193,95.9179,94.85,95.0172,1677474000,5235100.0,2023-02-27 05:00:00
94.7943,95.5929,94.6179,94.7015,1677560400,5186500.0,2023-02-28 05:00:00
94.1815,95.0172,93.6987,94.8872,1677646800,5382200.0,2023-03-01 05:00:00
95.6486,95.7971,93.7265,94.0422,1677733200,4777600.0,2023-03-02 05:00:00
97.0785,97.2085,95.6486,96.0107,1677819600,4882100.0,2023-03-03 05:00:00
97.4871,98.3692,96.9764,96.9857,1678078800,5237100.0,2023-03-06 05:00:00
95.955,98.1278,95.7507,97.4871,1678165200,3976300.0,2023-03-07 05:00:00
95.175,95.6579,94.4601,95.5465,1678251600,4225500.0,2023-03-08 05:00:00
93.1322,95.4072,92.8165,95.3979,1678338000,5732300.0,2023-03-09 05:00:00
92.278,94.0051,91.953,93.4294,1678424400,6641900.0,2023-03-10 05:00:00
91.9994,93.0394,91.3402,91.8416,1678680000,6408200.0,2023-03-13 04:00:00
92.3523,93.2065,91.433,92.9558,1678766400,6248800.0,2023-03-14 04:00:00
92.2409,92.2687,90.3281,91.368,1678852800,6603300.0,2023-03-15 04:00:00
93.253,93.5129,91.953,92.0551,1678939200,8188600.0,2023-03-16 04:00:00
91.6466,92.1944,90.8481,91.9902,1679025600,10189700.0,2023-03-17 04:00:00
92.7144,93.058,91.8602,92.018,1679284800,4864000.0,2023-03-20 04:00:00
93.3551,93.9586,92.9837,93.3272,1679371200,4743700.0,2023-03-21 04:00:00
92.0366,94.2279,91.9809,93.4944,1679457600,5917700.0,2023-03-22 04:00:00
91.3866,92.9744,90.5509,92.2409,1679544000,6879200.0,2023-03-23 04:00:00
91.3123,91.3959,90.2445,91.2009,1679630400,4685400.0,2023-03-24 04:00:00
91.6095,92.5937,91.5352,91.8509,1679889600,6022200.0,2023-03-27 04:00:00
91.6652,91.8416,91.0709,91.1266,1679976000,4709800.0,2023-03-28 04:00:00
93.4294,93.4944,91.6837,92.2316,1680062400,4946600.0,2023-03-29 04:00:00
94.0794,94.4322,93.4573,94.1908,1680148800,4082600.0,2023-03-30 04:00:00
96.6885,96.8278,94.5622,94.5622,1680235200,6900100.0,2023-03-31 04:00:00
97.3571,97.4407,96.2614,96.6236,1680494400,3855400.0,2023-04-03 04:00:00
96.5678,97.5057,95.9643,97.3571,1680580800,3854400.0,2023-04-04 04:00:00
97.4035,98.1464,96.5028,96.5493,1680667200,5170900.0,2023-04-05 04:00:00
97.1993,97.645,96.5864,97.4035,1680753600,3155700.0,2023-04-06 04:00:00
97.255,97.3293,95.7043,96.15,1681099200,3761600.0,2023-04-10 04:00:00
98.1835,98.7963,97.4221,97.5521,1681185600,4010600.0,2023-04-11 04:00:00
98.0535,98.9635,97.8214,98.6478,1681272000,4606000.0,2023-04-12 04:00:00
99.3442,99.567,98.657,98.7778,1681358400,4367600.0,2023-04-13 04:00:00
99.7899,100.4399,99.2142,99.2699,1681444800,3963300.0,2023-04-14 04:00:00
100.5698,100.8855,99.8734,100.2448,1681704000,4780700.0,2023-04-17 04:00:00
100.1984,101.4241,100.0313,101.0898,1681790400,5300500.0,2023-04-18 04:00:00
99.502,100.152,99.4277,99.9942,1681876800,4617800.0,2023-04-19 04:00:00
99.3999,99.892,98.6013,98.6013,1681963200,4297200.0,2023-04-20 04:00:00
100.4584,101.0062,99.0378,99.632,1682049600,4522800.0,2023-04-21 04:00:00
101.4798,101.4798,100.3191,100.4584,1682308800,5940700.0,2023-04-24 04:00:00
101.5262,103.1697,101.0527,101.127,1682395200,8747100.0,2023-04-25 04:00:00
103.504,104.3025,101.2198,101.2198,1682481600,8081600.0,2023-04-26 04:00:00
104.6925,104.8132,103.2347,103.4297,1682568000,7618500.0,2023-04-27 04:00:00
106.1225,106.141,104.2654,104.3861,1682654400,5979300.0,2023-04-28 04:00:00
106.3732,107.2274,106.0853,106.0853,1682913600,6495900.0,2023-05-01 04:00:00
106.2803,106.3732,104.7854,106.3082,1683000000,9626400.0,2023-05-02 04:00:00
96.5307,101.8791,96.3821,101.2848,1683086400,24388600.0,2023-05-03 04:00:00
97.2364,98.1185,96.3821,96.8185,1683172800,8858100.0,2023-05-04 04:00:00
99.5484,99.7991,97.8492,98.0071,1683259200,7813800.0,2023-05-05 04:00:00
99.5113,100.3934,99.2884,99.7898,1683518400,6090700.0,2023-05-08 04:00:00
99.0842,99.5206,98.7963,99.3442,1683604800,3682400.0,2023-05-09 04:00:00
99.3256,100.3841,98.1278,99.502,1683691200,4565000.0,2023-05-10 04:00:00
98.5697,99.6242,98.0938,99.3256,1683777600,4791700.0,2023-05-11 04:00:00
99.027,99.1203,97.8232,98.691,1683864000,5175600.0,2023-05-12 04:00:00
99.5122,99.6242,98.5511,99.0176,1684123200,4217000.0,2023-05-15 04:00:00
98.2431,99.4376,98.1685,99.2976,1684209600,3676600.0,2023-05-16 04:00:00
98.6257,99.4189,97.9352,98.8777,1684296000,4757300.0,2023-05-17 04:00:00
99.9321,99.9788,98.1685,98.3738,1684382400,5377500.0,2023-05-18 04:00:00
98.4578,99.9881,98.2805,99.8482,1684468800,4985200.0,2023-05-19 04:00:00
96.0222,98.635,95.9009,98.4671,1684728000,7504300.0,2023-05-22 04:00:00
93.6333,95.313,93.3907,95.2943,1684814400,6766300.0,2023-05-23 04:00:00
92.9521,94.0719,92.4855,94.0626,1684900800,6134800.0,2023-05-24 04:00:00
91.8603,92.2896,91.1978,92.1029,1684987200,8177000.0,2023-05-25 04:00:00
91.9443,92.9521,91.7577,92.0376,1685073600,7276500.0,2023-05-26 04:00:00
91.2164,92.3456,90.8058,92.2802,1685419200,6505400.0,2023-05-30 04:00:00
91.1138,91.5244,90.4979,91.4777,1685505600,10377100.0,2023-05-31 04:00:00
91.0018,91.6644,90.0686,91.0671,1685592000,6752200.0,2023-06-01 04:00:00
92.8494,92.9988,91.627,91.739,1685678400,6221400.0,2023-06-02 04:00:00
93.2507,94.1279,92.8495,93.3534,1685937600,6536500.0,2023-06-05 04:00:00
91.655,93.624,91.0111,93.0734,1686024000,8657100.0,2023-06-06 04:00:00
91.3751,92.2522,91.0671,91.963,1686110400,6285600.0,2023-06-07 04:00:00
92.5229,92.5508,90.4419,91.1231,1686196800,6877800.0,2023-06-08 04:00:00
91.4124,92.3456,91.1138,92.1963,1686283200,5550800.0,2023-06-09 04:00:00
91.879,91.9256,91.0018,91.4124,1686542400,6705800.0,2023-06-12 04:00:00
92.6255,92.8215,91.9256,91.9256,1686628800,5137900.0,2023-06-13 04:00:00
93.9319,94.5851,92.5602,92.9054,1686715200,9279500.0,2023-06-14 04:00:00
94.6038,95.173,93.9319,94.5665,1686801600,6448200.0,2023-06-15 04:00:00
95.0611,95.6583,94.6971,95.1917,1686888000,11709200.0,2023-06-16 04:00:00
94.5011,95.6396,94.1559,95.0517,1687233600,5506400.0,2023-06-20 04:00:00
95.0611,95.6116,93.652,93.8759,1687320000,5508800.0,2023-06-21 04:00:00
94.1092,94.8464,92.9801,94.6411,1687406400,6125500.0,2023-06-22 04:00:00
91.767,93.0641,91.0018,92.9894,1687492800,18770100.0,2023-06-23 04:00:00
91.6643,92.1682,90.9645,91.767,1687752000,6069000.0,2023-06-26 04:00:00
92.1216,92.4389,91.1978,91.8136,1687838400,5034100.0,2023-06-27 04:00:00
92.019,92.0469,90.7965,92.0469,1687924800,6581900.0,2023-06-28 04:00:00
92.0843,92.2242,91.4311,92.0189,1688011200,5113500.0,2023-06-29 04:00:00
92.4389,92.8121,91.9536,92.7562,1688097600,6229900.0,2023-06-30 04:00:00
92.5229,92.9148,91.683,92.1309,1688356800,3287000.0,2023-07-03 04:00:00
91.879,92.6908,91.7203,92.5228,1688529600,6365400.0,2023-07-05 04:00:00
89.77,91.515,89.4994,91.3191,1688616000,7153300.0,2023-07-06 04:00:00
89.6301,90.1993,89.1635,89.5741,1688702400,7889500.0,2023-07-07 04:00:00
92.5042,92.8774,89.798,89.8633,1688961600,9294600.0,2023-07-10 04:00:00
93.4,93.5307,92.5135,92.7935,1689048000,5268000.0,2023-07-11 04:00:00
94.3798,95.0237,94.0252,94.6411,1689134400,6971900.0,2023-07-12 04:00:00
94.8091,95.369,94.5291,94.7251,1689220800,4511700.0,2023-07-13 04:00:00
94.8184,95.257,94.2399,94.9677,1689307200,3939800.0,2023-07-14 04:00:00
94.1839,95.0051,93.3534,94.0906,1689566400,5244500.0,2023-07-17 04:00:00
94.0252,94.6411,93.1854,94.0066,1689652800,5989000.0,2023-07-18 04:00:00
95.0237,95.1637,93.8946,93.8946,1689739200,5556200.0,2023-07-19 04:00:00
94.1372,95.6303,93.9692,94.9771,1689825600,5466100.0,2023-07-20 04:00:00
95.9475,96.6288,94.8184,94.9957,1689912000,20370300.0,2023-07-21 04:00:00
95.9102,96.4981,95.481,96.0035,1690171200,4746600.0,2023-07-24 04:00:00
96.0409,96.8341,95.4903,95.5836,1690257600,5627500.0,2023-07-25 04:00:00
94.9304,95.8076,94.5291,95.3783,1690344000,6568300.0,2023-07-26 04:00:00
94.0439,95.5836,93.82,95.2104,1690430400,5373400.0,2023-07-27 04:00:00
94.4825,95.0237,94.0719,94.7158,1690516800,5320700.0,2023-07-28 04:00:00
94.7811,95.0237,94.1186,94.5385,1690776000,6377400.0,2023-07-31 04:00:00
94.4918,94.9117,93.6893,94.6878,1690862400,7784300.0,2023-08-01 04:00:00
95.3037,97.4779,92.6535,93.7826,1690948800,14463100.0,2023-08-02 04:00:00
95.4903,96.0222,94.6691,95.1544,1691035200,5547500.0,2023-08-03 04:00:00
93.9506,96.2555,93.8013,96.0782,1691121600,5199200.0,2023-08-04 04:00:00
94.9397,95.0517,94.1932,94.6411,1691380800,5222700.0,2023-08-07 04:00:00
93.9692,94.6411,93.2134,94.4545,1691467200,4058400.0,2023-08-08 04:00:00
93.2414,94.7904,92.8215,94.2492,1691553600,4494300.0,2023-08-09 04:00:00
95.371,96.037,94.1889,94.3202,1691640000,6844200.0,2023-08-10 04:00:00
94.7424,95.127,93.945,95.127,1691726400,3180600.0,2023-08-11 04:00:00
94.7612,94.9582,94.0013,94.264,1691985600,3239300.0,2023-08-14 04:00:00
93.8512,94.4234,93.6072,93.9356,1692072000,3203700.0,2023-08-15 04:00:00
92.8568,93.8981,92.7723,93.4478,1692158400,3679500.0,2023-08-16 04:00:00
90.5958,92.9693,90.4645,92.8755,1692244800,5291100.0,2023-08-17 04:00:00
91.215,91.4589,89.8641,90.0705,1692331200,4126000.0,2023-08-18 04:00:00
90.4926,91.534,90.2112,91.2994,1692590400,3753200.0,2023-08-21 04:00:00
90.1268,90.7553,89.6859,90.5208,1692676800,3639800.0,2023-08-22 04:00:00
89.2918,90.5864,88.1942,90.4551,1692763200,9704500.0,2023-08-23 04:00:00
88.9635,89.714,87.9128,88.8884,1692849600,7824500.0,2023-08-24 04:00:00
89.5733,90.0236,88.6633,89.6295,1692936000,5360400.0,2023-08-25 04:00:00
91.0368,91.1868,89.9016,90.0048,1693195200,5098900.0,2023-08-28 04:00:00
93.0162,93.0913,91.3182,91.337,1693281600,5512300.0,2023-08-29 04:00:00
93.1007,93.551,92.8755,92.8943,1693368000,4212200.0,2023-08-30 04:00:00
91.412,93.1851,91.2619,92.8755,1693454400,5624500.0,2023-08-31 04:00:00
91.9374,92.641,91.0368,92.3126,1693540800,4747100.0,2023-09-01 04:00:00
90.8491,91.7591,90.6146,91.4871,1693886400,5414300.0,2023-09-05 04:00:00
90.0142,90.5771,89.4701,90.4551,1693972800,5428400.0,2023-09-06 04:00:00
89.2168,89.8922,89.1417,89.5826,1694059200,6404100.0,2023-09-07 04:00:00
89.3856,89.9204,88.8884,89.3575,1694145600,4754700.0,2023-09-08 04:00:00
89.7515,90.2769,89.3294,89.7328,1694404800,5577500.0,2023-09-11 04:00:00
90.2862,90.5395,89.3106,89.592,1694491200,5007600.0,2023-09-12 04:00:00
90.9336,91.2807,90.0986,90.2487,1694577600,5830200.0,2023-09-13 04:00:00
91.1493,91.731,90.2956,90.7835,1694664000,6039700.0,2023-09-14 04:00:00
90.2769,91.4402,90.108,91.2338,1694750400,8767600.0,2023-09-15 04:00:00
90.7741,90.9711,90.1455,90.3425,1695009600,4477500.0,2023-09-18 04:00:00
89.395,89.5639,88.4381,89.32,1695096000,6803000.0,2023-09-19 04:00:00
89.2731,90.6427,89.1699,89.5451,1695182400,4572100.0,2023-09-20 04:00:00
87.3405,89.4232,87.2748,89.2731,1695268800,6108800.0,2023-09-21 04:00:00
87.8846,88.5038,87.5938,87.6501,1695355200,5118900.0,2023-09-22 04:00:00
87.0028,87.6876,86.5431,87.1435,1695614400,4818800.0,2023-09-25 04:00:00
86.3086,86.7682,85.5393,86.3086,1695700800,6086600.0,2023-09-26 04:00:00
85.5299,86.9934,84.7888,86.7401,1695787200,4731500.0,2023-09-27 04:00:00
85.4455,85.7363,84.6293,85.5299,1695873600,4736300.0,2023-09-28 04:00:00
85.6237,87.303,85.2203,86.8808,1695960000,7700200.0,2023-09-29 04:00:00
85.4924,86.0646,85.1734,85.4173,1696219200,6430500.0,2023-10-02 04:00:00
83.9445,85.4361,83.6911,84.9013,1696305600,6666600.0,2023-10-03 04:00:00
85.5111,85.7738,84.254,84.3291,1696392000,6166100.0,2023-10-04 04:00:00
86.6557,87.2936,85.5018,85.5018,1696478400,7548600.0,2023-10-05 04:00:00
87.106,87.5656,86.0083,86.3086,1696564800,6979300.0,2023-10-06 04:00:00
86.9465,87.0497,85.7738,86.7307,1696824000,4120700.0,2023-10-09 04:00:00
87.4156,88.1567,87.1248,87.2092,1696910400,4974800.0,2023-10-10 04:00:00
86.2616,87.8377,86.1678,87.5187,1696996800,4499200.0,2023-10-11 04:00:00
85.7644,86.5431,85.1547,86.1585,1697083200,5485200.0,2023-10-12 04:00:00
85.8207,86.3649,85.4173,85.6331,1697169600,4780100.0,2023-10-13 04:00:00
87.8565,88.0535,86.1678,86.468,1697428800,4595900.0,2023-10-16 04:00:00
88.3537,88.3631,86.8996,87.0121,1697515200,6086700.0,2023-10-17 04:00:00
87.9503,88.682,87.7158,88.1286,1697601600,4110700.0,2023-10-18 04:00:00
88.5788,89.7421,88.3443,88.5319,1697688000,5610800.0,2023-10-19 04:00:00
88.3631,89.2074,88.3162,88.7665,1697774400,4699000.0,2023-10-20 04:00:00
88.3725,89.1511,87.5188,88.1192,1698033600,4481000.0,2023-10-23 04:00:00
88.7665,89.1042,88.2411,88.4475,1698120000,3600200.0,2023-10-24 04:00:00
88.1848,89.4607,88.1567,88.485,1698206400,5497300.0,2023-10-25 04:00:00
86.9371,88.6351,86.8714,88.0066,1698292800,6201700.0,2023-10-26 04:00:00
86.3273,87.9315,86.0928,86.909,1698379200,8293600.0,2023-10-27 04:00:00
87.3874,87.9128,86.984,87.3593,1698638400,7852700.0,2023-10-30 04:00:00
86.5337,87.5469,86.3086,87.4062,1698724800,9308300.0,2023-10-31 04:00:00
85.6988,86.1772,84.9483,86.1491,1698811200,14292500.0,2023-11-01 04:00:00
93.823,95.6149,93.5697,94.7424,1698897600,23396300.0,2023-11-02 04:00:00
96.2997,97.3504,94.2827,94.3953,1698984000,15995700.0,2023-11-03 04:00:00
97.5943,97.6506,95.6618,96.5061,1699246800,7532000.0,2023-11-06 05:00:00
97.266,97.9321,96.9376,97.782,1699333200,6239500.0,2023-11-07 05:00:00
97.8476,98.3355,97.2378,97.3223,1699419600,7453000.0,2023-11-08 05:00:00
96.4327,98.5362,96.244,98.3853,1699506000,7607000.0,2023-11-09 05:00:00
98.4136,98.4325,96.1969,96.7817,1699592400,7338500.0,2023-11-10 05:00:00
97.6401,98.3193,97.1213,98.0269,1699851600,7120800.0,2023-11-13 05:00:00
99.6116,99.8191,98.3287,98.5551,1699938000,8323000.0,2023-11-14 05:00:00
100.0172,100.4983,99.6682,99.6682,1700024400,7980200.0,2023-11-15 05:00:00
101.1303,101.5548,100.1776,100.253,1700110800,8037200.0,2023-11-16 05:00:00
99.5833,101.4038,99.4984,101.102,1700197200,6341800.0,2023-11-17 05:00:00
98.3853,99.489,97.9703,99.2437,1700456400,9799500.0,2023-11-20 05:00:00
97.8099,98.7438,97.3194,98.5268,1700542800,6149000.0,2023-11-21 05:00:00
97.5741,98.7438,97.4232,98.2533,1700629200,4828700.0,2023-11-22 05:00:00
96.9515,97.725,96.6591,97.5741,1700802000,3206400.0,2023-11-24 05:00:00
96.5553,97.2439,96.2818,96.4893,1701061200,7853600.0,2023-11-27 05:00:00
95.4422,96.2629,95.1687,96.178,1701147600,6848100.0,2023-11-28 05:00:00
94.1877,95.9233,93.8858,95.7535,1701234000,8428500.0,2023-11-29 05:00:00
93.6689,94.4424,92.8388,94.3858,1701320400,11442600.0,2023-11-30 05:00:00
93.5745,93.65,91.9898,92.9142,1701406800,12506500.0,2023-12-01 05:00:00
92.0653,93.2727,91.2823,92.8105,1701666000,11477400.0,2023-12-04 05:00:00
90.1221,91.9521,89.4712,91.8577,1701752400,16027300.0,2023-12-05 05:00:00
91.5182,91.6596,90.0561,90.5088,1701838800,12115000.0,2023-12-06 05:00:00
90.971,92.1596,90.8107,91.7351,1701925200,7858300.0,2023-12-07 05:00:00
91.1314,91.3672,90.3768,90.6315,1702011600,7125200.0,2023-12-08 05:00:00
92.5558,93.3953,91.7068,91.7068,1702270800,7639100.0,2023-12-11 05:00:00
92.5841,93.0086,91.9049,92.8576,1702357200,6313800.0,2023-12-12 05:00:00
92.5463,93.0463,91.3295,92.9142,1702443600,7741900.0,2023-12-13 05:00:00
92.2916,93.1878,91.6408,93.1218,1702530000,9764800.0,2023-12-14 05:00:00
91.2635,92.669,91.0842,92.2916,1702616400,12466000.0,2023-12-15 05:00:00
91.0842,91.8011,90.4805,91.7257,1702875600,6146400.0,2023-12-18 05:00:00
92.1784,92.4897,91.4427,91.4427,1702962000,5992900.0,2023-12-19 05:00:00
89.3391,91.3861,89.2826,90.8956,1703048400,10057400.0,2023-12-20 05:00:00
89.924,90.0278,89.1128,89.6882,1703134800,7097200.0,2023-12-21 05:00:00
89.8768,90.3956,88.9901,89.5089,1703221200,6361000.0,2023-12-22 05:00:00
90.2447,90.2636,89.575,89.9334,1703566800,3709500.0,2023-12-26 05:00:00
89.8863,90.3485,89.4146,90.2636,1703653200,4959300.0,2023-12-27 05:00:00
90.49,90.5277,89.7165,90.0843,1703739600,4518300.0,2023-12-28 05:00:00
90.5654,90.8861,89.9428,90.4428,1703826000,6135700.0,2023-12-29 05:00:00
88.3581,90.5088,88.311,90.0372,1704171600,8859700.0,2024-01-02 05:00:00
87.9431,88.8958,87.7827,88.6317,1704258000,7161700.0,2024-01-03 05:00:00
88.2449,89.2165,87.7261,87.8204,1704344400,7118600.0,2024-01-04 05:00:00
87.7167,88.2732,87.2356,88.0374,1704430800,7191000.0,2024-01-05 05:00:00
88.8486,89.2071,87.679,87.745,1704690000,7536900.0,2024-01-08 05:00:00
87.811,88.4147,87.5941,88.3015,1704776400,6348500.0,2024-01-09 05:00:00
88.1978,88.377,87.6129,87.7356,1704862800,5847700.0,2024-01-10 05:00:00
87.6695,88.3298,86.6885,88.0374,1704949200,6483600.0,2024-01-11 05:00:00
86.764,88.1034,86.5659,87.9431,1705035600,5641200.0,2024-01-12 05:00:00
87.4431,87.4714,86.5281,87.4054,1705381200,7493400.0,2024-01-16 05:00:00
86.5659,86.7451,86.2169,86.4621,1705467600,6672900.0,2024-01-17 05:00:00
88.0468,88.1317,86.613,86.7451,1705554000,7549500.0,2024-01-18 05:00:00
88.5374,88.8958,87.3865,87.8959,1705640400,9565900.0,2024-01-19 05:00:00
87.7922,88.594,87.5469,88.4808,1705899600,9421000.0,2024-01-22 05:00:00
86.7545,88.3393,86.5659,87.7544,1705986000,10227100.0,2024-01-23 05:00:00
86.8206,87.5752,86.7734,87.3016,1706072400,7661400.0,2024-01-24 05:00:00
87.3582,87.396,86.5187,86.9904,1706158800,11991500.0,2024-01-25 05:00:00
87.5375,88.1883,87.1696,87.6507,1706245200,9229400.0,2024-01-26 05:00:00
88.4808,88.6034,87.0092,87.745,1706504400,12728100.0,2024-01-29 05:00:00
88.7449,89.3109,87.3394,87.7261,1706590800,17625200.0,2024-01-30 05:00:00
87.7544,92.7822,87.745,92.7067,1706677200,26751800.0,2024-01-31 05:00:00
88.0751,88.2921,86.6602,87.8204,1706763600,15001500.0,2024-02-01 05:00:00
87.7167,88.3015,86.4715,87.4337,1706850000,11366600.0,2024-02-02 05:00:00
87.2639,87.6035,86.6885,87.5186,1707109200,7335800.0,2024-02-05 05:00:00
90.2447,90.273,87.113,87.2545,1707195600,11531500.0,2024-02-06 05:00:00
89.9051,91.1786,89.075,90.7824,1707282000,9078000.0,2024-02-07 05:00:00
91.6607,91.7556,89.1365,90.2468,1707368400,9888100.0,2024-02-08 05:00:00
92.3345,92.9893,91.376,91.4045,1707454800,9385600.0,2024-02-09 05:00:00
90.5979,92.1826,90.5125,91.9739,1707714000,9224400.0,2024-02-12 05:00:00
89.0795,90.6833,88.624,90.0095,1707800400,8138500.0,2024-02-13 05:00:00
89.2693,89.6489,88.9751,89.2788,1707886800,5510600.0,2024-02-14 05:00:00
88.4627,89.4306,88.2539,89.2313,1707973200,8878000.0,2024-02-15 05:00:00
88.4627,89.3737,88.0167,88.3488,1708059600,5737500.0,2024-02-16 05:00:00
88.6904,89.3168,88.3203,88.5955,1708405200,8844500.0,2024-02-20 05:00:00
90.1708,90.8826,88.9846,89.07,1708491600,8284600.0,2024-02-21 05:00:00
90.892,91.1767,89.3357,90.0475,1708578000,8124700.0,2024-02-22 05:00:00
90.7402,91.9834,90.7023,90.987,1708664400,6845200.0,2024-02-23 05:00:00
89.4686,90.6928,89.4401,90.4935,1708923600,7043800.0,2024-02-26 05:00:00
89.3262,89.8292,88.8233,89.5066,1709010000,5356100.0,2024-02-27 05:00:00
88.2539,89.1744,88.0356,88.9846,1709096400,5622400.0,2024-02-28 05:00:00
90.057,90.2468,89.1839,89.6774,1709182800,11221100.0,2024-02-29 05:00:00
88.4058,89.7438,88.1685,89.6299,1709269200,7995400.0,2024-03-01 05:00:00
87.7415,88.5576,87.3429,88.3109,1709528400,7321000.0,2024-03-04 05:00:00
86.5648,87.4663,86.4224,87.3998,1709614800,7137300.0,2024-03-05 05:00:00
86.9728,87.3334,86.4699,86.6881,1709701200,4826900.0,2024-03-06 05:00:00
86.3085,87.0772,85.7012,86.9443,1709787600,8792400.0,2024-03-07 05:00:00
86.4129,86.8589,85.9764,85.9954,1709874000,7673300.0,2024-03-08 05:00:00
87.3714,88.216,86.5173,86.6027,1710129600,6702300.0,2024-03-11 04:00:00
87.6845,87.9882,86.5553,87.3049,1710216000,9444900.0,2024-03-12 04:00:00
86.9349,88.1306,86.2326,87.7699,1710302400,8254500.0,2024-03-13 04:00:00
86.9823,87.0298,85.7961,86.4509,1710388800,8544800.0,2024-03-14 04:00:00
85.5209,87.3239,85.5019,86.9254,1710475200,18136300.0,2024-03-15 04:00:00
86.3655,86.764,85.91,86.1187,1710734400,7413900.0,2024-03-18 04:00:00
86.9159,87.2101,86.2231,86.356,1710820800,5676500.0,2024-03-19 04:00:00
87.8743,87.9028,86.8494,87.1057,1710907200,5804400.0,2024-03-20 04:00:00
86.9823,88.4152,86.9633,87.9028,1710993600,6287300.0,2024-03-21 04:00:00
86.0808,87.0962,85.4639,87.0582,1711080000,6495000.0,2024-03-22 04:00:00
86.0428,86.4699,85.853,86.0238,1711339200,6903000.0,2024-03-25 04:00:00
85.7486,86.356,85.6253,86.337,1711425600,6216100.0,2024-03-26 04:00:00
86.8305,87.1436,85.9764,86.0238,1711512000,5863700.0,2024-03-27 04:00:00
86.7261,87.5327,86.6407,87.1057,1711598400,6784300.0,2024-03-28 04:00:00
86.8589,87.3714,86.375,87.1341,1711944000,4990200.0,2024-04-01 04:00:00
84.7427,86.5837,84.6763,86.4604,1712030400,8276800.0,2024-04-02 04:00:00
84.1734,85.2552,84.1259,85.0274,1712116800,6316400.0,2024-04-03 04:00:00
83.1485,84.7807,83.139,84.5814,1712203200,8057600.0,2024-04-04 04:00:00
82.4178,83.4427,82.3988,83.4142,1712289600,7161400.0,2024-04-05 04:00:00
82.7404,82.9017,81.9528,82.5316,1712548800,6322900.0,2024-04-08 04:00:00
82.6835,83.1295,81.9053,82.7404,1712635200,6240700.0,2024-04-09 04:00:00
81.5637,82.4367,81.2316,81.9148,1712721600,7413900.0,2024-04-10 04:00:00
81.5163,81.9053,80.9089,81.6111,1712808000,6841600.0,2024-04-11 04:00:00
80.5863,81.1462,79.9884,81.0607,1712894400,8594800.0,2024-04-12 04:00:00
80.8235,81.9623,80.5863,81.0418,1713153600,9676900.0,2024-04-15 04:00:00
81.0608,81.7915,80.1118,80.4914,1713240000,8866800.0,2024-04-16 04:00:00
81.8104,82.0097,80.9848,81.6112,1713326400,6870100.0,2024-04-17 04:00:00
82.7025,83.158,81.6586,82.0287,1713412800,11403300.0,2024-04-18 04:00:00
83.139,83.585,82.674,82.7025,1713499200,11900000.0,2024-04-19 04:00:00
83.6799,84.088,82.8828,83.585,1713758400,8669000.0,2024-04-22 04:00:00
83.3857,84.2777,82.8638,84.2398,1713844800,5670500.0,2024-04-23 04:00:00
84.2208,84.4011,82.5127,82.617,1713931200,7183900.0,2024-04-24 04:00:00
83.3572,85.1508,83.2054,84.98,1714017600,7284600.0,2024-04-25 04:00:00
83.7463,84.6953,82.9112,82.9397,1714104000,7185300.0,2024-04-26 04:00:00
83.8222,84.088,83.3762,83.7368,1714363200,8522800.0,2024-04-29 04:00:00
83.9741,84.4486,82.7309,83.139,1714449600,14538400.0,2024-04-30 04:00:00
70.6411,73.061,68.9614,71.9507,1714536000,66610700.0,2024-05-01 04:00:00
71.1061,71.3149,69.6067,71.0776,1714622400,23883400.0,2024-05-02 04:00:00
69.379,71.6565,69.2651,71.4287,1714708800,22153800.0,2024-05-03 04:00:00
69.1797,70.4039,68.9899,69.5688,1714968000,18632200.0,2024-05-06 04:00:00
68.8001,69.1322,68.1358,69.1322,1715054400,21901300.0,2024-05-07 04:00:00
69.7491,70.6696,68.5629,68.6008,1715140800,24482600.0,2024-05-08 04:00:00
71.8178,71.8937,69.341,69.8155,1715227200,18591500.0,2024-05-09 04:00:00
72.2259,72.4157,71.2294,71.4667,1715313600,15761900.0,2024-05-10 04:00:00
72.2923,72.9186,71.9317,72.3303,1715572800,10953600.0,2024-05-13 04:00:00
71.7704,72.8142,71.666,72.3397,1715659200,10961100.0,2024-05-14 04:00:00
71.8368,72.15,71.4762,72.0266,1715745600,8826500.0,2024-05-15 04:00:00
71.9802,72.2384,71.1962,71.8942,1715832000,10758500.0,2024-05-16 04:00:00
74.4376,74.581,71.636,71.9706,1715918400,14436500.0,2024-05-17 04:00:00
74.1412,74.887,73.3475,74.275,1716177600,11183800.0,2024-05-20 04:00:00
74.3133,74.7913,74.1029,74.1603,1716264000,8916600.0,2024-05-21 04:00:00
77.1818,77.4686,74.0455,74.2941,1716350400,22072200.0,2024-05-22 04:00:00
74.8774,77.1626,74.2368,76.589,1716436800,15841300.0,2024-05-23 04:00:00
75.4128,75.7475,74.6862,75.0591,1716523200,10746200.0,2024-05-24 04:00:00
74.0838,75.3459,74.0169,75.3364,1716868800,8833300.0,2024-05-28 04:00:00
73.5101,74.887,73.4623,73.7204,1716955200,9268100.0,2024-05-29 04:00:00
75.3077,75.4224,73.6822,73.7204,1717041600,9294200.0,2024-05-30 04:00:00
76.7037,76.8089,75.1643,75.6137,1717128000,12669700.0,2024-05-31 04:00:00
78.4821,78.5204,76.13,76.1873,1717387200,12443400.0,2024-06-03 04:00:00
79.161,79.773,78.31,78.377,1717473600,12370000.0,2024-06-04 04:00:00
77.6025,78.8837,77.4112,78.8455,1717560000,11275300.0,2024-06-05 04:00:00
77.8989,79.2949,77.373,77.5929,1717646400,9237800.0,2024-06-06 04:00:00
77.8606,79.008,77.0766,78.0423,1717732800,10852600.0,2024-06-07 04:00:00
78.0232,78.2622,77.2965,77.918,1717992000,8698600.0,2024-06-10 04:00:00
76.3881,77.4208,76.2543,77.373,1718078400,9024300.0,2024-06-11 04:00:00
75.9005,76.6654,75.7093,76.4838,1718164800,8873400.0,2024-06-12 04:00:00
76.7228,77.3539,75.7093,76.0152,1718251200,13947300.0,2024-06-13 04:00:00
76.1587,76.8758,75.6423,76.4933,1718337600,7192400.0,2024-06-14 04:00:00
77.765,78.1666,75.7953,76.0917,1718596800,9845900.0,2024-06-17 04:00:00
76.6846,78.1284,76.1013,77.4591,1718683200,9664500.0,2024-06-18 04:00:00
76.2256,77.2391,76.1778,76.3212,1718856000,10183900.0,2024-06-20 04:00:00
76.4073,76.7324,75.6901,76.4933,1718942400,25648400.0,2024-06-21 04:00:00
76.2352,76.5603,75.6997,76.4933,1719201600,7396600.0,2024-06-24 04:00:00
75.8049,77.2104,75.4129,76.4933,1719288000,15821600.0,2024-06-25 04:00:00
75.6806,75.8049,74.9443,75.5372,1719374400,10708100.0,2024-06-26 04:00:00
75.7666,75.9579,75.2312,75.585,1719460800,10289600.0,2024-06-27 04:00:00
74.4376,75.4224,74.2081,75.2694,1719547200,13207500.0,2024-06-28 04:00:00
73.7491,74.7913,73.4145,74.5714,1719806400,6767600.0,2024-07-01 04:00:00
73.4623,73.8256,72.9364,73.7396,1719892800,8854100.0,2024-07-02 04:00:00
72.9173,73.6631,72.7356,73.4718,1719979200,4906700.0,2024-07-03 04:00:00
72.7165,72.9268,72.1141,72.8981,1720152000,9663100.0,2024-07-05 04:00:00
71.3013,73.0989,71.2057,72.9938,1720411200,8871200.0,2024-07-08 04:00:00
69.5611,71.3683,69.542,71.3587,1720497600,11816900.0,2024-07-09 04:00:00
69.3316,69.9627,69.1787,69.7906,1720584000,11132500.0,2024-07-10 04:00:00
70.087,70.2782,68.9205,69.1691,1720670400,12316100.0,2024-07-11 04:00:00
71.5499,71.7699,70.1635,70.5651,1720756800,10559300.0,2024-07-12 04:00:00
69.5611,71.6169,69.3412,71.6073,1721016000,9064400.0,2024-07-15 04:00:00
72.2001,72.2001,68.4137,69.0448,1721102400,14968700.0,2024-07-16 04:00:00
71.8081,72.793,71.2822,71.9228,1721188800,11567800.0,2024-07-17 04:00:00
70.938,71.8177,70.5747,71.1962,1721275200,10701000.0,2024-07-18 04:00:00
75.7953,75.9005,70.938,71.3874,1721361600,32965900.0,2024-07-19 04:00:00
73.1946,75.0304,72.6782,74.8965,1721620800,18851500.0,2024-07-22 04:00:00
72.9173,73.7587,72.6973,73.7587,1721707200,9592100.0,2024-07-23 04:00:00
71.4065,73.1372,70.7755,73.0224,1721793600,10478200.0,2024-07-24 04:00:00
70.1061,72.4487,70.0488,71.7699,1721880000,18973600.0,2024-07-25 04:00:00
70.8041,71.7316,70.479,70.6033,1721966400,12387100.0,2024-07-26 04:00:00
71.9037,72.2766,70.4886,71.1292,1722225600,10864700.0,2024-07-29 04:00:00
72.6113,72.7165,71.5691,71.9515,1722312000,16163600.0,2024-07-30 04:00:00
74.5332,77.679,74.3898,76.0631,1722398400,18901100.0,2024-07-31 04:00:00
71.8177,74.7148,70.5938,74.4758,1722484800,17307200.0,2024-08-01 04:00:00
72.5539,73.3093,71.636,71.8177,1722571200,15185700.0,2024-08-02 04:00:00
70.6225,71.7125,69.5324,70.6129,1722830400,12372900.0,2024-08-05 04:00:00
72.0663,72.6591,70.6033,70.6798,1722916800,10525500.0,2024-08-06 04:00:00
71.9898,73.4623,71.8655,71.9993,1723003200,7297000.0,2024-08-07 04:00:00
72.4296,72.8121,71.5213,71.7794,1723089600,8988300.0,2024-08-08 04:00:00
71.7985,72.5348,71.4735,72.334,1723176000,4683600.0,2024-08-09 04:00:00
73.6535,74.9921,72.9459,73.1754,1723435200,13123000.0,2024-08-12 04:00:00
91.6964,91.8015,86.3323,87.0303,1723521600,157215500.0,2024-08-13 04:00:00
89.784,91.6581,87.4223,91.2087,1723608000,45737800.0,2024-08-14 04:00:00
90.7211,90.7976,88.9044,89.9944,1723694400,21109800.0,2024-08-15 04:00:00
91.202,92.0101,89.7495,89.8072,1723780800,16336300.0,2024-08-16 04:00:00
88.7876,91.279,88.624,90.7596,1724040000,14479000.0,2024-08-19 04:00:00
89.4706,90.2497,88.624,88.778,1724126400,11536200.0,2024-08-20 04:00:00
89.2493,89.8265,88.7106,88.9703,1724212800,6769200.0,2024-08-21 04:00:00
88.9126,89.2974,88.2777,89.1435,1724299200,10010300.0,2024-08-22 04:00:00
90.4421,90.8269,89.2974,89.3166,1724385600,11483700.0,2024-08-23 04:00:00
91.9908,92.2794,90.596,90.6153,1724644800,13882800.0,2024-08-26 04:00:00
94.8478,94.9633,91.6253,91.7696,1724731200,17456300.0,2024-08-27 04:00:00
91.6734,94.9536,90.7884,94.4823,1724817600,14866300.0,2024-08-28 04:00:00
91.2502,92.1832,90.6922,91.8369,1724904000,8781300.0,2024-08-29 04:00:00
90.9712,92.2794,90.8461,91.3752,1724990400,7117200.0,2024-08-30 04:00:00
89.6341,91.2021,89.4994,90.5479,1725336000,11234000.0,2024-09-03 04:00:00
88.8164,90.4036,88.4701,89.8169,1725422400,7193500.0,2024-09-04 04:00:00
88.0757,89.4802,87.7294,88.6625,1725508800,8370100.0,2024-09-05 04:00:00
87.6813,88.6529,86.7483,88.018,1725595200,9257000.0,2024-09-06 04:00:00
88.701,88.8453,86.9695,87.7487,1725854400,10089700.0,2024-09-09 04:00:00
89.788,89.9611,87.6717,88.6144,1725940800,7327000.0,2024-09-10 04:00:00
94.463,94.6073,90.0958,90.4998,1726027200,19302900.0,2024-09-11 04:00:00
95.5019,95.5308,93.6358,94.7132,1726113600,14653500.0,2024-09-12 04:00:00
94.819,95.7232,94.7516,95.3576,1726200000,9899900.0,2024-09-13 04:00:00
92.645,94.8478,92.3275,94.7709,1726459200,9263400.0,2024-09-16 04:00:00
92.77,92.8662,91.5772,92.8181,1726545600,6281700.0,2024-09-17 04:00:00
92.4622,93.8859,91.7023,91.9139,1726632000,8793800.0,2024-09-18 04:00:00
93.2125,94.944,92.6642,94.2418,1726718400,8752600.0,2024-09-19 04:00:00
92.3949,93.3664,91.6926,93.1644,1726804800,19541000.0,2024-09-20 04:00:00
91.8466,92.3949,90.7596,92.3949,1727064000,8382800.0,2024-09-23 04:00:00
90.8557,92.1736,90.6056,91.8369,1727150400,8606800.0,2024-09-24 04:00:00
91.9812,92.3083,90.6345,90.673,1727236800,8632900.0,2024-09-25 04:00:00
93.7608,95.3769,93.3087,94.7516,1727323200,9876800.0,2024-09-26 04:00:00
93.655,94.415,93.4915,93.934,1727409600,6319900.0,2024-09-27 04:00:00
93.7801,93.9725,92.7412,93.6839,1727668800,6436400.0,2024-09-30 04:00:00
93.7224,94.4053,92.6835,93.7801,1727755200,7171600.0,2024-10-01 04:00:00
92.8278,93.3087,92.2217,93.1452,1727841600,6346000.0,2024-10-02 04:00:00
91.9235,92.7219,91.683,92.0005,1727928000,5556400.0,2024-10-03 04:00:00
92.9047,93.049,91.5291,92.5103,1728014400,6818900.0,2024-10-04 04:00:00
92.4333,92.847,91.7311,92.5295,1728273600,7478900.0,2024-10-07 04:00:00
92.5488,93.1933,91.6542,92.3949,1728360000,6595200.0,2024-10-08 04:00:00
92.2313,92.8085,91.8273,92.8085,1728446400,3344800.0,2024-10-09 04:00:00
90.3074,91.8466,90.192,91.7888,1728532800,5459500.0,2024-10-10 04:00:00
91.9139,92.3083,90.4325,90.5575,1728619200,4834800.0,2024-10-11 04:00:00
91.154,91.8947,90.7499,91.7792,1728878400,4124700.0,2024-10-14 04:00:00
91.4233,92.3179,90.9712,91.0674,1728964800,6264100.0,2024-10-15 04:00:00
91.8273,92.1929,90.5095,91.8177,1729051200,7537100.0,2024-10-16 04:00:00
91.6446,92.5296,91.1732,91.7023,1729137600,5577300.0,2024-10-17 04:00:00
93.1548,93.1644,91.4233,92.0389,1729224000,6178300.0,2024-10-18 04:00:00
92.7796,93.5011,92.241,93.2606,1729483200,3994300.0,2024-10-21 04:00:00
93.1356,93.4915,92.2891,92.6835,1729569600,6670900.0,2024-10-22 04:00:00
93.934,94.0013,90.1247,90.2978,1729656000,18858800.0,2024-10-23 04:00:00
93.453,95.6366,93.1644,93.9725,1729742400,9828600.0,2024-10-24 04:00:00
93.6069,94.2322,92.7604,93.5203,1729828800,9665600.0,2024-10-25 04:00:00
94.2899,95.3673,93.8378,93.934,1730088000,6790900.0,2024-10-28 04:00:00
93.6839,94.3188,92.6835,94.0206,1730174400,7664200.0,2024-10-29 04:00:00
93.6165,94.415,93.1163,93.6646,1730260800,9187200.0,2024-10-30 04:00:00
93.9821,95.2326,91.7215,93.6165,1730347200,12011500.0,2024-10-31 04:00:00
95.1076,96.0022,93.6646,93.8859,1730433600,8860200.0,2024-11-01 04:00:00
93.3376,95.0498,93.0201,94.8382,1730696400,7049100.0,2024-11-04 05:00:00
93.3953,93.7608,92.4911,93.174,1730782800,6348300.0,2024-11-05 05:00:00
92.4237,94.4919,91.1732,93.2799,1730869200,9708800.0,2024-11-06 05:00:00
92.4622,93.0105,92.1159,92.4045,1730955600,6195200.0,2024-11-07 05:00:00
93.8378,93.9244,92.3756,92.4526,1731042000,6118700.0,2024-11-08 05:00:00
96.4928,97.5509,94.2226,94.2707,1731301200,10313300.0,2024-11-11 05:00:00
95.0402,96.714,94.6747,96.3196,1731387600,8438400.0,2024-11-12 05:00:00
96.0022,96.1368,92.568,93.6454,1731474000,8816300.0,2024-11-13 05:00:00
95.4539,96.2138,95.3673,95.6463,1731560400,6441500.0,2024-11-14 05:00:00
95.2603,97.0025,94.8441,95.9184,1731646800,8119900.0,2024-11-15 05:00:00
97.1767,97.38,94.786,95.2796,1731906000,7041500.0,2024-11-18 05:00:00
95.1925,97.0799,95.0473,96.5863,1731992400,9176200.0,2024-11-19 05:00:00
95.1054,95.5797,93.9923,94.8538,1732078800,7527700.0,2024-11-20 05:00:00
96.8476,97.109,95.328,96.3056,1732165200,6760600.0,2024-11-21 05:00:00
99.2093,99.2674,96.5669,96.7896,1732251600,6563300.0,2024-11-22 05:00:00
98.5705,100.003,98.5124,99.6255,1732510800,8839600.0,2024-11-25 05:00:00
97.4477,98.8125,97.2445,98.7157,1732597200,6558300.0,2024-11-26 05:00:00
98.2511,98.7544,97.4864,97.5155,1732683600,4857800.0,2024-11-27 05:00:00
99.1706,99.2093,98.0188,98.1156,1732856400,3419300.0,2024-11-29 05:00:00
98.2511,98.9286,96.6637,98.7253,1733115600,6103200.0,2024-12-02 05:00:00
98.3091,98.8415,96.6831,97.8445,1733202000,7101500.0,2024-12-03 05:00:00
97.4671,98.7157,97.1477,97.651,1733288400,6151100.0,2024-12-04 05:00:00
96.0443,98.0478,96.0056,97.7575,1733374800,7194800.0,2024-12-05 05:00:00
96.896,97.3897,95.2796,95.7539,1733461200,6297000.0,2024-12-06 05:00:00
96.1217,97.3413,95.3571,96.8573,1733720400,7271600.0,2024-12-09 05:00:00
95.0086,96.0636,94.7957,95.9572,1733806800,8192500.0,2024-12-10 05:00:00
95.2603,96.1991,94.8344,95.3377,1733893200,8007300.0,2024-12-11 05:00:00
94.6795,95.7926,94.2924,95.0667,1733979600,6375900.0,2024-12-12 05:00:00
94.2924,94.9312,93.8278,94.2149,1734066000,5910900.0,2024-12-13 05:00:00
90.1304,93.8859,90.1111,93.8375,1734325200,12395900.0,2024-12-16 05:00:00
89.1335,90.9241,89.0948,90.024,1734411600,8536100.0,2024-12-17 05:00:00
87.0138,89.2884,86.7622,88.8238,1734498000,10886600.0,2024-12-18 05:00:00
85.9104,88.6399,85.8233,87.3429,1734584400,14628400.0,2024-12-19 05:00:00
85.1458,86.2976,84.2747,85.0393,1734670800,26477500.0,2024-12-20 05:00:00
84.6328,85.0587,83.5294,84.6909,1734930000,11203700.0,2024-12-23 05:00:00
87.0235,87.0332,84.3715,84.5941,1735016400,5422000.0,2024-12-24 05:00:00
88.9109,89.0948,86.5008,86.5008,1735189200,7538700.0,2024-12-26 05:00:00
89.2884,90.2079,87.9623,87.9817,1735275600,8200400.0,2024-12-27 05:00:00
87.672,88.3882,86.9557,88.3592,1735534800,8404500.0,2024-12-30 05:00:00
88.3205,88.8238,87.6817,87.8172,1735621200,4220700.0,2024-12-31 05:00:00
89.2109,89.6852,88.4753,88.6108,1735794000,8640900.0,2025-01-02 05:00:00
89.6078,90.1304,88.8528,89.4335,1735880400,4964900.0,2025-01-03 05:00:00
90.1401,91.4661,88.9883,89.0851,1736139600,8768100.0,2025-01-06 05:00:00
89.8594,90.6434,88.9109,89.8013,1736226000,6638300.0,2025-01-07 05:00:00
89.6271,90.024,89.0561,89.9853,1736312400,6243700.0,2025-01-08 05:00:00
89.2884,89.811,88.9786,89.2303,1736485200,6550300.0,2025-01-10 05:00:00
90.5079,90.5853,88.4463,89.3077,1736744400,6912100.0,2025-01-13 05:00:00
90.082,91.8436,89.5497,90.9919,1736830800,6406200.0,2025-01-14 05:00:00
90.0917,91.4371,89.9659,91.079,1736917200,4554700.0,2025-01-15 05:00:00
91.3984,91.7275,89.8885,89.8885,1737003600,6548200.0,2025-01-16 05:00:00
92.0759,92.7825,92.0469,92.5115,1737090000,8361900.0,2025-01-17 05:00:00
94.8344,95.4151,92.3469,92.3469,1737435600,8803100.0,2025-01-21 05:00:00
94.5924,95.3764,94.3311,94.8344,1737522000,7678900.0,2025-01-22 05:00:00
94.8441,94.8828,93.9052,94.8538,1737608400,7901800.0,2025-01-23 05:00:00
95.6377,95.8313,94.486,94.6505,1737694800,6957100.0,2025-01-24 05:00:00
96.8089,97.109,94.9505,95.3571,1737954000,9654900.0,2025-01-27 05:00:00
97.1864,97.4477,95.4248,95.7636,1738040400,14736500.0,2025-01-28 05:00:00
105.0941,106.5459,99.3835,99.4029,1738126800,40769300.0,2025-01-29 05:00:00
105.5006,106.7976,104.5617,105.5006,1738213200,15023000.0,2025-01-30 05:00:00
104.223,105.849,104.0488,105.5006,1738299600,19136900.0,2025-01-31 05:00:00
104.6876,104.9586,102.1323,102.3259,1738558800,8894100.0,2025-02-03 05:00:00
107.0493,107.5042,104.6586,105.1812,1738645200,11123700.0,2025-02-04 05:00:00
108.6463,108.8108,106.333,106.6427,1738731600,12826000.0,2025-02-05 05:00:00
108.1139,108.7043,107.4848,108.4527,1738818000,11967300.0,2025-02-06 05:00:00
108.5979,109.0044,106.5266,107.8526,1738904400,11502400.0,2025-02-07 05:00:00
107.8719,108.9657,107.4364,108.9657,1739163600,8348400.0,2025-02-10 05:00:00
107.4654,108.4817,107.0589,107.3203,1739250000,4683100.0,2025-02-11 05:00:00
109.4109,109.5561,106.8557,107.0105,1739336400,7269400.0,2025-02-12 05:00:00
109.3722,109.7594,107.9494,109.4883,1739422800,10046300.0,2025-02-13 05:00:00
109.5279,110.4232,109.0219,109.7906,1739509200,9115000.0,2025-02-14 05:00:00
109.995,110.3162,108.6229,108.798,1739854800,7574100.0,2025-02-18 05:00:00
109.4695,110.2967,109.3235,109.4209,1739941200,8268900.0,2025-02-19 05:00:00
110.2967,110.4524,108.9537,109.1581,1740027600,6343800.0,2025-02-20 05:00:00
108.7494,111.6007,108.6326,110.287,1740114000,9664700.0,2025-02-21 05:00:00
110.1507,110.8514,108.8856,109.3235,1740373200,13120500.0,2025-02-24 05:00:00
111.5131,112.1457,109.6447,110.0437,1740459600,11001800.0,2025-02-25 05:00:00
109.9658,111.7077,109.2457,111.5326,1740546000,7466800.0,2025-02-26 05:00:00
111.4158,112.5933,109.7712,109.9658,1740632400,9013700.0,2025-02-27 05:00:00
112.7004,112.9728,111.2017,111.9705,1740718800,11466000.0,2025-02-28 05:00:00
112.3111,114.3061,111.0363,112.9242,1740978000,9225500.0,2025-03-03 05:00:00
109.051,112.1748,108.9927,111.9024,1741064400,12482400.0,2025-03-04 05:00:00
108.691,109.4987,107.2507,108.5742,1741150800,11926800.0,2025-03-05 05:00:00
102.638,107.4648,102.093,107.0561,1741237200,16321700.0,2025-03-06 05:00:00
103.6209,103.9907,100.6625,101.9179,1741323600,11637400.0,2025-03-07 05:00:00
98.4145,103.1538,97.1203,102.891,1741579200,15823300.0,2025-03-10 04:00:00
96.9062,100.2343,96.3417,99.1541,1741665600,10663500.0,2025-03-11 04:00:00
96.04,97.6068,94.3662,97.6068,1741752000,9461200.0,2025-03-12 04:00:00
93.4612,96.2152,93.3542,96.0595,1741838400,9274300.0,2025-03-13 04:00:00
95.4756,95.6119,93.578,93.9283,1741924800,8240900.0,2025-03-14 04:00:00
96.4196,96.7796,94.3954,95.0864,1742184000,10131700.0,2025-03-17 04:00:00
95.6411,96.7018,95.0572,96.5656,1742270400,7423400.0,2025-03-18 04:00:00
96.5266,96.8575,95.3199,95.6313,1742356800,4982700.0,2025-03-19 04:00:00
96.6142,97.0132,96.0206,96.1958,1742443200,5952800.0,2025-03-20 04:00:00
94.4636,95.3783,93.7045,95.3102,1742529600,11366000.0,2025-03-21 04:00:00
93.1498,95.5632,93.0622,95.3978,1742788800,8265000.0,2025-03-24 04:00:00
93.3055,94.3662,92.2253,93.6072,1742875200,6984800.0,2025-03-25 04:00:00
95.3394,95.7481,93.4223,93.4223,1742961600,9561600.0,2025-03-26 04:00:00
96.1958,97.237,94.9209,95.2713,1743048000,9141000.0,2025-03-27 04:00:00
95.1058,95.8454,94.4538,95.3686,1743134400,8066200.0,2025-03-28 04:00:00
95.4562,96.1666,92.0404,94.0256,1743393600,11302900.0,2025-03-31 04:00:00
95.5924,96.2444,94.5219,95.2226,1743480000,5868400.0,2025-04-01 04:00:00
96.7407,97.0716,94.7944,94.7944,1743566400,6043300.0,2025-04-02 04:00:00
85.8901,90.8824,85.2965,90.8434,1743652800,20490100.0,2025-04-03 04:00:00
79.8955,83.1361,79.117,82.3868,1743739200,19700100.0,2025-04-04 04:00:00
77.8519,81.0341,74.1053,76.5187,1743998400,26099400.0,2025-04-07 04:00:00
77.5502,81.2385,76.5771,80.8395,1744084800,20534600.0,2025-04-08 04:00:00
86.2988,86.7367,75.8375,77.0928,1744171200,26668100.0,2025-04-09 04:00:00
82.3284,84.2552,79.4771,83.7978,1744257600,16209300.0,2025-04-10 04:00:00
83.1361,83.5156,79.8761,82.163,1744344000,10059700.0,2025-04-11 04:00:00
83.1945,84.4401,81.1606,84.0022,1744603200,8880500.0,2025-04-14 04:00:00
81.4623,83.7492,81.219,83.2042,1744689600,7088600.0,2025-04-15 04:00:00
78.5915,81.2774,77.7448,81.0633,1744776000,13080800.0,2025-04-16 04:00:00
79.3116,80.3334,79.0197,79.0683,1744862400,9787500.0,2025-04-17 04:00:00
78.5136,78.6499,76.0321,78.2022,1745208000,10595600.0,2025-04-21 04:00:00
79.5549,81.2482,79.4284,79.7106,1745294400,10408600.0,2025-04-22 04:00:00
80.5864,83.4378,80.4307,81.7445,1745380800,9114400.0,2025-04-23 04:00:00
81.6083,81.8807,79.3895,80.1777,1745467200,6798100.0,2025-04-24 04:00:00
81.5596,81.7348,80.2458,81.3844,1745553600,5799400.0,2025-04-25 04:00:00
81.6472,82.776,81.0341,82.0656,1745812800,7091400.0,2025-04-28 04:00:00
82.5717,82.7858,80.966,81.3942,1745899200,16356900.0,2025-04-29 04:00:00
77.9006,78.1244,73.4727,74.3194,1745985600,41297000.0,2025-04-30 04:00:00
79.8079,80.4891,78.1146,78.5428,1746072000,18326700.0,2025-05-01 04:00:00
82.416,82.5522,79.8469,80.3724,1746158400,13512900.0,2025-05-02 04:00:00
79.4673,81.8224,79.3992,81.7445,1746417600,13361900.0,2025-05-05 04:00:00
80.5573,81.1314,78.4455,78.825,1746504000,10709500.0,2025-05-06 04:00:00
80.4891,80.9952,79.9344,80.7422,1746590400,8224800.0,2025-05-07 04:00:00
79.9831,81.3552,79.4965,81.1022,1746676800,8759800.0,2025-05-08 04:00:00
78.1439,80.4502,78.0465,80.1972,1746763200,8210700.0,2025-05-09 04:00:00
83.3697,84.2163,81.3942,81.4039,1747022400,17241500.0,2025-05-12 04:00:00
84.5472,84.8002,82.815,83.5643,1747108800,11533700.0,2025-05-13 04:00:00
84.2163,85.277,83.4378,84.3817,1747195200,12741500.0,2025-05-14 04:00:00
84.917,85.423,83.5156,84.2163,1747281600,13721900.0,2025-05-15 04:00:00
83.8586,85.1718,82.5944,84.8876,1747368000,13109500.0,2025-05-16 04:00:00
82.9178,83.4372,82.4278,82.761,1747627200,9568100.0,2025-05-19 04:00:00
83.8782,84.427,82.761,82.8296,1747713600,9310600.0,2025-05-20 04:00:00
81.3204,83.7998,80.8598,82.7218,1747800000,10875400.0,2025-05-21 04:00:00
82.2906,82.7904,81.0656,81.5556,1747886400,8440400.0,2025-05-22 04:00:00
82.712,83.1334,80.9186,80.9284,1747972800,7088200.0,2025-05-23 04:00:00
85.2698,85.3482,83.5156,83.7214,1748318400,10922300.0,2025-05-27 04:00:00
84.28,85.848,82.8492,85.6814,1748404800,12328500.0,2025-05-28 04:00:00
82.369,83.986,82.026,83.202,1748491200,10308700.0,2025-05-29 04:00:00
82.271,82.5846,81.5262,82.2612,1748577600,7394100.0,2025-05-30 04:00:00
83.4862,83.594,81.5262,81.6144,1748836800,8258900.0,2025-06-02 04:00:00
84.868,85.7402,82.712,83.3686,1748923200,8287700.0,2025-06-03 04:00:00
86.3478,86.7692,84.2996,84.8974,1749009600,8740900.0,2025-06-04 04:00:00
85.2502,86.6418,85.1228,86.4164,1749096000,8476100.0,2025-06-05 04:00:00
87.8472,88.0922,86.4752,86.632,1749182400,8772900.0,2025-06-06 04:00:00
88.8566,89.3172,87.2984,87.2984,1749441600,8097300.0,2025-06-09 04:00:00
89.6014,90.0522,87.7394,88.102,1749528000,6911100.0,2025-06-10 04:00:00
93.4822,93.9918,90.16,90.2678,1749614400,14835500.0,2025-06-11 04:00:00
92.4336,93.1686,92.0906,92.7864,1749700800,7183300.0,2025-06-12 04:00:00
91.3948,92.7178,91.2968,91.63,1749787200,7119900.0,2025-06-13 04:00:00
91.6104,92.5414,91.0812,92.1004,1750046400,5871000.0,2025-06-16 04:00:00
89.7582,91.3458,88.9742,91.2968,1750132800,6183000.0,2025-06-17 04:00:00
90.4344,90.7284,89.4054,90.0424,1750219200,7319300.0,2025-06-18 04:00:00
91.2576,91.924,90.552,91.2184,1750392000,9197000.0,2025-06-20 04:00:00
90.4932,91.3458,88.9252,91.336,1750651200,7533000.0,2025-06-23 04:00:00
89.67,91.9632,88.5038,91.0518,1750737600,11373900.0,2025-06-24 04:00:00
89.278,90.16,88.8076,89.9248,1750824000,6929600.0,2025-06-25 04:00:00
90.0032,90.356,88.6116,90.258,1750910400,6571600.0,2025-06-26 04:00:00
90.2678,90.8656,88.5234,89.9346,1750996800,21491600.0,2025-06-27 04:00:00
89.7974,92.2768,89.2584,90.5716,1751256000,10083300.0,2025-06-30 04:00:00
93.0216,93.9428,89.7092,89.7092,1751342400,9828400.0,2025-07-01 04:00:00
92.2964,93.394,91.483,93.3744,1751428800,7942300.0,2025-07-02 04:00:00
92.5512,92.757,91.8848,92.316,1751515200,3557300.0,2025-07-03 04:00:00
91.7672,93.051,91.1106,92.2768,1751860800,5311200.0,2025-07-07 04:00:00
93.0412,93.835,91.9044,92.1788,1751947200,6985700.0,2025-07-08 04:00:00
93.345,95.9322,92.7668,95.599,1752033600,8322400.0,2025-07-09 04:00:00
93.247,93.8252,91.679,92.9824,1752120000,6913600.0,2025-07-10 04:00:00
93.0412,93.4136,92.2572,92.4826,1752206400,6339800.0,2025-07-11 04:00:00
91.5516,92.0808,90.4246,91.8064,1752465600,6048300.0,2025-07-14 04:00:00
90.6304,92.414,90.307,91.7476,1752552000,8567900.0,2025-07-15 04:00:00
90.6598,91.4144,89.7288,90.8068,1752638400,7136900.0,2025-07-16 04:00:00
91.3262,91.4242,88.7586,88.9154,1752724800,8589000.0,2025-07-17 04:00:00
91.924,92.5708,91.385,92.1592,1752811200,5172800.0,2025-07-18 04:00:00
90.8068,93.3842,90.7578,92.414,1753070400,7217300.0,2025-07-21 04:00:00
95.0012,95.2168,90.993,91.091,1753156800,9992400.0,2025-07-22 04:00:00
94.0016,96.2164,93.6292,95.403,1753243200,11275300.0,2025-07-23 04:00:00
91.826,93.6684,91.5516,93.59,1753329600,7897600.0,2025-07-24 04:00:00
92.5316,92.5904,90.4638,91.532,1753416000,7224100.0,2025-07-25 04:00:00
91.7966,93.8252,91.5908,93.0314,1753675200,10333600.0,2025-07-28 04:00:00
91.1008,92.5022,89.9444,91.385,1753761600,20923600.0,2025-07-29 04:00:00
90.9048,96.9122,88.2686,95.8734,1753848000,44794700.0,2025-07-30 04:00:00
87.3768,91.2086,86.6614,89.768,1753934400,16565400.0,2025-07-31 04:00:00
85.1228,86.73,83.7802,86.6222,1754020800,16221300.0,2025-08-01 04:00:00
87.9844,88.3078,85.2012,85.3384,1754280000,12500400.0,2025-08-04 04:00:00
88.396,88.7488,87.5238,87.857,1754366400,6994400.0,2025-08-05 04:00:00
87.2102,88.5528,87.0436,88.4058,1754452800,7869100.0,2025-08-06 04:00:00
89.1996,89.5328,87.7002,87.9354,1754539200,9891800.0,2025-08-07 04:00:00
90.2776,90.3658,88.935,88.9546,1754625600,8035300.0,2025-08-08 04:00:00
89.9052,90.5912,88.6802,90.1992,1754884800,9504400.0,2025-08-11 04:00:00
91.5026,92.953,91.2184,91.5712,1754971200,9669300.0,2025-08-12 04:00:00
92.2964,92.7962,90.8852,91.3164,1755057600,6493400.0,2025-08-13 04:00:00
91.1988,91.7378,90.2384,91.7378,1755144000,9803500.0,2025-08-14 04:00:00
89.3738,91.475,89.1469,91.2974,1755230400,8059700.0,2025-08-15 04:00:00
91.2875,92.3135,88.6833,89.0877,1755489600,7376200.0,2025-08-18 04:00:00
89.6993,91.7117,89.502,91.2875,1755576000,6815800.0,2025-08-19 04:00:00
88.2986,90.0841,88.2394,89.7289,1755662400,5814000.0,2025-08-20 04:00:00
87.3614,87.9829,86.9175,87.825,1755748800,5669200.0,2025-08-21 04:00:00
87.1838,88.6339,87.1148,87.9237,1755835200,7625500.0,2025-08-22 04:00:00
84.6486,87.1247,84.55,87.026,1756094400,11013500.0,2025-08-25 04:00:00
85.4575,86.0198,84.4119,84.7275,1756180800,9315200.0,2025-08-26 04:00:00
86.4736,87.1148,85.3293,85.4575,1756267200,7677900.0,2025-08-27 04:00:00
86.8287,87.2628,86.4144,87.026,1756353600,7905600.0,2025-08-28 04:00:00
86.9964,87.3713,86.2171,86.809,1756440000,6315200.0,2025-08-29 04:00:00
88.5649,88.772,86.0001,86.6511,1756785600,10466200.0,2025-09-02 04:00:00
86.0691,88.269,85.1221,88.19,1756872000,10201000.0,2025-09-03 04:00:00
85.8324,86.5821,85.2208,85.9902,1756958400,6799200.0,2025-09-04 04:00:00
84.2738,86.1678,83.9088,85.6844,1757044800,9047200.0,2025-09-05 04:00:00
83.0308,84.3428,82.5475,84.3428,1757304000,9213700.0,2025-09-08 04:00:00
82.6757,83.5339,82.143,83.0604,1757390400,8635800.0,2025-09-09 04:00:00
81.7583,82.8631,81.6498,82.7349,1757476800,8108000.0,2025-09-10 04:00:00
81.2453,82.7941,81.0184,82.1627,1757563200,12046600.0,2025-09-11 04:00:00
80.7915,81.4229,80.101,81.2552,1757649600,9996200.0,2025-09-12 04:00:00
81.561,82.7349,80.8705,80.9691,1757908800,9685900.0,2025-09-15 04:00:00
83.2281,83.5832,81.8767,81.9063,1757995200,10244300.0,2025-09-16 04:00:00
82.0937,83.7115,81.8372,83.3366,1758081600,6632200.0,2025-09-17 04:00:00
82.291,82.4685,81.5117,82.0148,1758168000,7163700.0,2025-09-18 04:00:00
83.4155,84.0666,82.2515,82.9914,1758254400,15315900.0,2025-09-19 04:00:00
84.1357,84.2442,82.5573,83.09,1758513600,7881700.0,2025-09-22 04:00:00
84.5303,85.0136,83.7016,83.9976,1758600000,8765500.0,2025-09-23 04:00:00
83.1295,84.4908,82.9914,84.4217,1758686400,9664000.0,2025-09-24 04:00:00
82.6954,83.5241,81.7681,83.3958,1758772800,8670500.0,2025-09-25 04:00:00
82.2614,83.4747,81.778,82.7151,1758859200,6955500.0,2025-09-26 04:00:00
84.4809,84.6782,82.4192,82.5179,1759118400,11222800.0,2025-09-29 04:00:00
83.455,84.0962,83.0407,84.0765,1759204800,7574200.0,2025-09-30 04:00:00
83.2577,83.9877,82.8237,83.3169,1759291200,8155200.0,2025-10-01 04:00:00
85.5463,86.079,82.8927,83.1097,1759377600,9461500.0,2025-10-02 04:00:00
85.2504,85.7239,84.7966,85.3293,1759464000,7634500.0,2025-10-03 04:00:00
80.9987,85.1221,80.9494,85.1221,1759723200,14996700.0,2025-10-06 04:00:00
80.1898,81.344,79.6966,81.048,1759809600,10070100.0,2025-10-07 04:00:00
78.9567,80.032,78.8482,80.032,1759896000,12397700.0,2025-10-08 04:00:00
78.7002,79.371,78.355,79.0356,1759982400,9075700.0,2025-10-09 04:00:00
77.3981,80.1109,77.3488,78.5819,1760068800,11129800.0,2025-10-10 04:00:00
78.9469,79.3513,77.4474,77.7828,1760328000,8052000.0,2025-10-13 04:00:00
80.0517,80.3772,77.9604,78.1774,1760414400,7510300.0,2025-10-14 04:00:00
81.7385,82.1923,80.466,80.5942,1760500800,11094300.0,2025-10-15 04:00:00
83.1985,83.7411,81.9161,82.0739,1760587200,11552100.0,2025-10-16 04:00:00
84.2047,84.7769,82.8829,83.1097,1760673600,8527600.0,2025-10-17 04:00:00
83.3859,85.1714,83.2873,84.5303,1760932800,7679700.0,2025-10-20 04:00:00
84.7374,85.3392,82.5179,83.0012,1761019200,8262500.0,2025-10-21 04:00:00
84.3428,84.8361,83.7509,84.5993,1761105600,5286300.0,2025-10-22 04:00:00
84.2836,84.7374,83.8299,84.3231,1761192000,4565500.0,2025-10-23 04:00:00
84.9248,85.6647,84.698,84.9347,1761278400,5844600.0,2025-10-24 04:00:00
86.0395,86.2566,84.9446,85.1123,1761537600,7164600.0,2025-10-27 04:00:00
84.2738,86.3552,84.1554,85.7239,1761624000,11545600.0,2025-10-28 04:00:00
83.0308,83.7411,82.1529,83.0012,1761710400,13881700.0,2025-10-29 04:00:00
82.0246,84.8854,80.1503,81.1171,1761796800,18337500.0,2025-10-30 04:00:00
79.7755,81.6596,79.1343,81.6498,1761883200,13598000.0,2025-10-31 04:00:00
79.8643,80.8113,79.5091,79.8347,1762146000,9525100.0,2025-11-03 05:00:00
78.5227,80.101,76.9345,80.0813,1762232400,17774600.0,2025-11-04 05:00:00
81.7583,81.9852,77.9703,78.5227,1762318800,17996200.0,2025-11-05 05:00:00
81.1072,82.7152,80.7521,81.4525,1762405200,10382800.0,2025-11-06 05:00:00
84.4119,84.7867,80.6534,81.2256,1762491600,15009900.0,2025-11-07 05:00:00
83.455,84.984,82.8927,84.8952,1762750800,10507600.0,2025-11-10 05:00:00
85.2504,85.862,83.7509,83.8299,1762837200,9575800.0,2025-11-11 05:00:00
86.079,87.8546,85.9508,86.444,1762923600,11975800.0,2025-11-12 05:00:00
85.2701,86.1086,85.0235,85.5858,1763010000,10507700.0,2025-11-13 05:00:00
84.2368,85.9457,83.4618,85.0614,1763096400,13434600.0,2025-11-14 05:00:00
83.1537,86.2935,82.9153,84.6441,1763355600,8547200.0,2025-11-17 05:00:00
82.7961,83.3028,81.8124,83.0743,1763442000,7189400.0,2025-11-18 05:00:00
83.1438,83.8493,82.498,82.7265,1763528400,6195100.0,2025-11-19 05:00:00
82.0906,84.6839,82.0111,83.4916,1763614800,8966300.0,2025-11-20 05:00:00
84.8031,86.0252,81.9912,81.9912,1763701200,10227700.0,2025-11-21 05:00:00
82.806,85.0416,82.2993,84.7137,1763960400,10805800.0,2025-11-24 05:00:00
85.3595,85.4688,82.2893,82.2993,1764046800,9265300.0,2025-11-25 05:00:00
86.1445,86.7307,84.9521,84.9521,1764133200,7602600.0,2025-11-26 05:00:00
86.5518,86.7207,85.8464,86.4723,1764306000,3677600.0,2025-11-28 05:00:00
84.3659,85.9457,84.2268,85.6576,1764565200,8752100.0,2025-12-01 05:00:00
84.6541,85.4489,83.6804,84.4852,1764651600,9001900.0,2025-12-02 05:00:00
86.5518,86.9393,84.4255,84.4852,1764738000,9303900.0,2025-12-03 05:00:00
84.4554,87.307,84.207,86.7406,1764824400,10555100.0,2025-12-04 05:00:00
84.5746,85.9557,84.2566,84.3659,1764910800,9402900.0,2025-12-05 05:00:00
82.8755,84.9521,82.6073,84.5845,1765170000,10277600.0,2025-12-08 05:00:00
81.7528,82.7961,81.4944,82.7861,1765256400,10322900.0,2025-12-09 05:00:00
83.3127,83.4618,81.4448,81.6832,1765342800,10539600.0,2025-12-10 05:00:00
84.197,84.4553,83.2034,83.6803,1765429200,6894000.0,2025-12-11 05:00:00
84.8031,85.3794,84.3163,84.5646,1765515600,9071500.0,2025-12-12 05:00:00
84.8528,86.9989,84.1175,85.4489,1765774800,11718600.0,2025-12-15 05:00:00
84.5348,85.9855,84.1771,85.0913,1765861200,7481400.0,2025-12-16 05:00:00
84.664,85.28,83.9586,84.0281,1765947600,7947000.0,2025-12-17 05:00:00
88.847,89.9996,86.7406,87.1281,1766034000,16466100.0,2025-12-18 05:00:00
87.764,88.6881,87.6845,88.6483,1766120400,16986700.0,2025-12-19 05:00:00
85.6179,88.0522,85.4887,87.5951,1766379600,7161600.0,2025-12-22 05:00:00
83.3227,85.588,82.8457,85.4688,1766466000,9511300.0,2025-12-23 05:00:00
84.0281,84.0778,82.9352,83.3028,1766552400,3462700.0,2025-12-24 05:00:00
84.5348,84.6143,83.8791,84.038,1766725200,5046200.0,2025-12-26 05:00:00
85.0217,86.2339,84.4355,84.5746,1766984400,5352400.0,2025-12-29 05:00:00
84.7038,85.2005,84.505,84.6938,1767070800,4540500.0,2025-12-30 05:00:00
83.6704,84.6342,83.581,84.5646,1767157200,5293400.0,2025-12-31 05:00:00
83.432,84.4156,82.488,83.6804,1767330000,11334900.0,2026-01-02 05:00:00
86.0054,86.6909,82.8656,82.965,1767589200,9894300.0,2026-01-05 05:00:00
88.8868,90.0592,85.8066,86.0054,1767675600,11351100.0,2026-01-06 05:00:00
86.1345,88.8073,85.9159,88.4496,1767762000,9547000.0,2026-01-07 05:00:00
87.615,88.7179,85.0614,85.3098,1767848400,8140100.0,2026-01-08 05:00:00
88.3105,88.5291,86.2339,87.7839,1767934800,7593200.0,2026-01-09 05:00:00
89.3836,89.6518,87.0387,87.8336,1768194000,7289500.0,2026-01-12 05:00:00
89.9797,90.0195,88.8967,89.1153,1768280400,5561900.0,2026-01-13 05:00:00
90.5659,90.9336,89.5724,89.6817,1768366800,8373200.0,2026-01-14 05:00:00
92.6823,93.5666,91.0528,91.4801,1768453200,10001700.0,2026-01-15 05:00:00
92.3941,93.0698,91.6291,92.7618,1768539600,8958200.0,2026-01-16 05:00:00
93.0599,93.2089,90.1983,91.172,1768885200,13555200.0,2026-01-20 05:00:00
95.8121,95.9015,93.1294,93.2188,1768971600,17118100.0,2026-01-21 05:00:00
95.216,97.1733,94.2522,95.8519,1769058000,14150800.0,2026-01-22 05:00:00
96.9945,97.2628,95.1464,96.4778,1769144400,11759800.0,2026-01-23 05:00:00
95.7128,97.3422,95.1762,96.5871,1769403600,14106700.0,2026-01-26 05:00:00
95.1067,96.0307,94.6297,95.1563,1769490000,16403600.0,2026-01-27 05:00:00
94.5503,104.1484,94.4906,101.6445,1769576400,25961600.0,2026-01-28 05:00:00
93.2785,96.2791,92.0166,96.14,1769662800,16602900.0,2026-01-29 05:00:00
91.3608,92.6127,90.4169,92.1259,1769749200,10748000.0,2026-01-30 05:00:00
91.1025,92.0166,90.0393,91.2615,1770008400,8675100.0,2026-02-02 05:00:00
92.4438,93.7951,90.705,91.0329,1770094800,8361300.0,2026-02-03 05:00:00
96.3487,96.4878,92.9208,93.1195,1770181200,9077100.0,2026-02-04 05:00:00
95.4544,96.8256,94.749,96.2394,1770267600,6776700.0,2026-02-05 05:00:00
98.8128,98.9419,95.3849,95.6829,1770354000,8067100.0,2026-02-06 05:00:00
98.3458,99.3394,97.6304,98.3955,1770613200,7150600.0,2026-02-09 05:00:00
96.9051,99.0314,96.8256,98.3458,1770699600,8543500.0,2026-02-10 05:00:00
98.4849,98.6836,96.7063,97.1137,1770786000,6949100.0,2026-02-11 05:00:00
96.14,100.5515,95.8221,99.3592,1770872400,9537300.0,2026-02-12 05:00:00
93.79,96.92,93.6,95.86,1770958800,8949000.0,2026-02-13 05:00:00
95.39,95.51,93.62,94.9,1771304400,8660000.0,2026-02-17 05:00:00
95.76,96.66,94.26,95.04,1771390800,6068100.0,2026-02-18 05:00:00
95.8,95.94,94.76,95.38,1771477200,5676700.0,2026-02-19 05:00:00
97.49,97.78,94.9,95.21,1771563600,8788300.0,2026-02-20 05:00:00
94.78,97.18,93.55,96.14,1771822800,7696700.0,2026-02-23 05:00:00
96.51,96.74,94.01,94.82,1771909200,6537300.0,2026-02-24 05:00:00
97.93,98.2,95.9,97.27,1771995600,6294100.0,2026-02-25 05:00:00
98.08,99.8,97.84,98.37,1772082000,6246100.0,2026-02-26 05:00:00
98.02,98.43,96.11,96.4,1772168400,7286900.0,2026-02-27 05:00:00
96.76,97.11,95.5,95.71,1772427600,7250600.0,2026-03-02 05:00:00
96.68,97.09,94.4,94.92,1772514000,7197200.0,2026-03-03 05:00:00
97.15,98.18,95.85,97.35,1772600400,6233400.0,2026-03-04 05:00:00
98.69,98.93,96.94,97.12,1772686800,9608100.0,2026-03-05 05:00:00
98.99,99.22,95.56,97.07,1772773200,10826700.0,2026-03-06 05:00:00
99.77,100.38,96.82,98.25,1773028800,9376800.0,2026-03-09 04:00:00
100.77,101.14,98.26,99.37,1773115200,8005800.0,2026-03-10 04:00:00
101.44,101.69,99.66,101.0,1773201600,8815800.0,2026-03-11 04:00:00
100.18,102.44,99.89,101.02,1773288000,12248300.0,2026-03-12 04:00:00
99.15,101.22,98.86,100.64,1773374400,9400400.0,2026-03-13 04:00:00
97.82,99.9,97.38,99.23,1773633600,6871000.0,2026-03-16 04:00:00
97.57,98.78,97.43,98.45,1773720000,5382700.0,2026-03-17 04:00:00
92.66,96.93,92.56,96.19,1773806400,7598400.0,2026-03-18 04:00:00
95.83,96.26,91.59,92.15,1773892800,10524500.0,2026-03-19 04:00:00
92.55,96.35,92.22,94.97,1773979200,13961900.0,2026-03-20 04:00:00
93.83,95.02,93.59,93.81,1774238400,7438300.0,2026-03-23 04:00:00
91.98,93.59,91.79,93.31,1774324800,6262800.0,2026-03-24 04:00:00
92.7,93.53,91.87,92.33,1774411200,7007500.0,2026-03-25 04:00:00
91.22,92.76,90.73,92.31,1774497600,6134000.0,2026-03-26 04:00:00
86.81,90.95,85.6,90.75,1774584000,12433600.0,2026-03-27 04:00:00
86.72,87.86,86.22,86.4,1774843200,7422100.0,2026-03-30 04:00:00
89.59,90.1,87.46,88.0,1774929600,9564200.0,2026-03-31 04:00:00
90.43,91.03,89.48,90.25,1775016000,8044500.0,2026-04-01 04:00:00
90.37,91.22,88.16,89.8,1775102400,7340000.0,2026-04-02 04:00:00
94.78,94.82,89.82,90.0,1775448000,7236700.0,2026-04-06 04:00:00
95.21,95.35,93.84,94.54,1775534400,6205600.0,2026-04-07 04:00:00
97.21,98.13,96.0,97.5,1775620800,8232300.0,2026-04-08 04:00:00
96.92,97.91,96.18,97.0,1775707200,5320500.0,2026-04-09 04:00:00
96.6,97.28,96.06,97.0,1775793600,5353800.0,2026-04-10 04:00:00
