close,high,low,open,time,volume,date
129.0775,130.2841,128.1019,129.899,1603166400,3916100.0,2020-10-20 04:00:00
125.0553,127.9051,123.7973,127.597,1603252800,6700600.0,2020-10-21 04:00:00
126.8439,127.4087,124.7986,125.6458,1603339200,3167200.0,2020-10-22 04:00:00
128.3329,128.3672,126.9295,127.015,1603425600,3509100.0,2020-10-23 04:00:00
124.9013,127.0835,123.4208,126.8268,1603684800,4290700.0,2020-10-26 04:00:00
125.9025,126.938,125.4147,126.339,1603771200,4102400.0,2020-10-27 04:00:00
122.3767,124.8243,121.3156,123.8315,1603857600,7413600.0,2020-10-28 04:00:00
126.0054,126.9708,121.8164,122.1267,1603944000,5600400.0,2020-10-29 04:00:00
124.6263,125.7985,122.8507,124.9797,1604030400,5427000.0,2020-10-30 04:00:00
125.4969,126.6174,124.3075,126.2382,1604293200,3756600.0,2020-11-02 05:00:00
126.9622,128.074,126.4105,126.5829,1604379600,3588600.0,2020-11-03 05:00:00
131.0391,132.3061,127.9448,129.9789,1604466000,5015300.0,2020-11-04 05:00:00
134.0817,134.7196,132.8664,133.4611,1604552400,4638100.0,2020-11-05 05:00:00
135.9607,136.3658,133.5473,134.504,1604638800,4217700.0,2020-11-06 05:00:00
134.6506,141.8994,134.5127,139.6326,1604898000,5308600.0,2020-11-09 05:00:00
130.5737,134.7627,130.1686,133.9266,1604984400,5697900.0,2020-11-10 05:00:00
134.2024,134.4092,132.4268,133.5473,1605070800,3497200.0,2020-11-11 05:00:00
133.1681,135.2626,132.4441,134.4782,1605157200,2607100.0,2020-11-12 05:00:00
135.0213,136.1676,133.737,135.0126,1605243600,2439800.0,2020-11-13 05:00:00
136.452,137.3829,134.9953,135.5556,1605502800,3456500.0,2020-11-16 05:00:00
134.03,136.452,133.7541,135.659,1605589200,3526700.0,2020-11-17 05:00:00
132.3492,134.754,132.2286,134.2369,1605675600,2998400.0,2020-11-18 05:00:00
135.5556,135.6935,131.6252,131.9786,1605762000,2465300.0,2020-11-19 05:00:00
135.1677,136.8312,134.935,135.5987,1605848400,3013000.0,2020-11-20 05:00:00
135.6849,136.7968,133.7197,135.2367,1606107600,2803000.0,2020-11-23 05:00:00
137.3484,137.4432,135.0557,136.7192,1606194000,4962800.0,2020-11-24 05:00:00
135.8401,137.9259,135.547,137.5208,1606280400,3543700.0,2020-11-25 05:00:00
137.0381,138.1586,136.8571,137.3743,1606453200,3084400.0,2020-11-27 05:00:00
138.9861,139.2102,135.9435,137.245,1606712400,4845200.0,2020-11-30 05:00:00
140.9168,141.6408,139.3136,140.1756,1606798800,4894400.0,2020-12-01 05:00:00
140.2531,140.9858,139.4774,140.3135,1606885200,4212300.0,2020-12-02 05:00:00
139.6153,141.8391,139.2878,140.6324,1606971600,4778600.0,2020-12-03 05:00:00
143.5284,143.5974,140.0807,140.5031,1607058000,3741600.0,2020-12-04 05:00:00
143.3302,143.4681,142.4252,143.3992,1607317200,4645300.0,2020-12-07 05:00:00
143.6664,144.1491,142.2183,143.3388,1607403600,3259900.0,2020-12-08 05:00:00
140.2876,143.4854,139.5981,142.046,1607490000,5593900.0,2020-12-09 05:00:00
139.6326,140.3824,138.581,139.7705,1607576400,5597300.0,2020-12-10 05:00:00
138.4345,139.5895,137.5898,138.4345,1607662800,4145800.0,2020-12-11 05:00:00
138.0121,140.279,137.9001,139.1585,1607922000,5994200.0,2020-12-14 05:00:00
139.9601,140.2618,138.9517,139.6498,1608008400,5732100.0,2020-12-15 05:00:00
139.736,140.8048,138.7016,140.4428,1608094800,3147900.0,2020-12-16 05:00:00
140.2273,140.5031,139.124,140.4169,1608181200,5253400.0,2020-12-17 05:00:00
141.4168,141.8822,139.7188,140.8134,1608267600,7072600.0,2020-12-18 05:00:00
140.0032,140.3221,137.5294,139.2447,1608526800,3077300.0,2020-12-21 05:00:00
140.0807,140.891,139.6843,139.7963,1608613200,2640900.0,2020-12-22 05:00:00
138.7534,140.6927,138.6068,139.8049,1608699600,2012400.0,2020-12-23 05:00:00
139.3222,139.5032,138.3224,138.5293,1608786000,1044400.0,2020-12-24 05:00:00
139.1757,141.1495,138.7706,141.1495,1609131600,2139300.0,2020-12-28 05:00:00
138.9258,140.2186,138.4,139.5981,1609218000,2433700.0,2020-12-29 05:00:00
140.2359,140.6065,139.4257,139.5377,1609304400,2213800.0,2020-12-30 05:00:00
141.4685,141.6926,139.5377,140.3824,1609390800,2906200.0,2020-12-31 05:00:00
139.8221,144.6662,138.5637,141.8735,1609736400,4659900.0,2021-01-04 05:00:00
140.8479,140.9513,139.0119,139.3739,1609822800,4734100.0,2021-01-05 05:00:00
141.546,144.33,139.6929,139.8911,1609909200,5254400.0,2021-01-06 05:00:00
144.7524,145.4075,142.0632,142.5028,1609995600,5673600.0,2021-01-07 05:00:00
147.5278,148.8983,145.5454,147.4933,1610082000,4556500.0,2021-01-08 05:00:00
147.6571,148.2863,145.7867,146.7349,1610341200,4553100.0,2021-01-11 05:00:00
148.5104,149.6826,147.3641,147.6399,1610427600,3406600.0,2021-01-12 05:00:00
147.7433,148.9845,147.2778,148.5018,1610514000,2953900.0,2021-01-13 05:00:00
148.0019,148.7173,146.8297,147.4761,1610600400,3416300.0,2021-01-14 05:00:00
145.8298,147.4675,144.4335,147.3727,1610686800,3734600.0,2021-01-15 05:00:00
150.1395,150.579,147.5537,147.5537,1611032400,6277800.0,2021-01-19 05:00:00
149.3982,150.9928,148.9328,150.6997,1611118800,4329500.0,2021-01-20 05:00:00
150.9238,151.2427,148.3466,150.3377,1611205200,3583900.0,2021-01-21 05:00:00
148.95,151.2255,148.8983,150.398,1611291600,3736800.0,2021-01-22 05:00:00
149.0448,150.467,147.1141,149.4327,1611550800,5401900.0,2021-01-25 05:00:00
147.795,150.217,147.6485,148.3122,1611637200,5341900.0,2021-01-26 05:00:00
140.4341,144.4766,139.667,143.4681,1611723600,10011200.0,2021-01-27 05:00:00
145.8643,147.4761,142.339,144.7007,1611810000,6796600.0,2021-01-28 05:00:00
143.6791,145.6822,142.2309,144.5115,1611896400,5969800.0,2021-01-29 05:00:00
149.5497,150.0179,144.8324,145.1272,1612155600,5715600.0,2021-02-01 05:00:00
151.5355,152.3593,149.1594,150.0613,1612242000,4861200.0,2021-02-02 05:00:00
146.1851,151.9777,146.1157,151.5615,1612328400,5019200.0,2021-02-03 05:00:00
149.1508,149.2549,145.7342,147.3818,1612414800,3519800.0,2021-02-04 05:00:00
147.3558,150.174,145.7342,149.8445,1612501200,4045000.0,2021-02-05 05:00:00
151.8563,152.0905,148.1449,148.5785,1612760400,4597600.0,2021-02-08 05:00:00
150.6163,151.943,150.3041,151.3187,1612846800,2777700.0,2021-02-09 05:00:00
151.1973,152.7408,149.6884,151.9257,1612933200,3414600.0,2021-02-10 05:00:00
155.4117,155.7845,152.1338,152.6194,1613019600,4776000.0,2021-02-11 05:00:00
155.7758,156.0013,153.7727,154.3537,1613106000,2532500.0,2021-02-12 05:00:00
156.7471,157.6489,155.0821,156.088,1613451600,3887600.0,2021-02-16 05:00:00
154.8133,156.2702,152.9316,154.6312,1613538000,4315100.0,2021-02-17 05:00:00
153.0617,153.9375,151.0585,153.8594,1613624400,4195100.0,2021-02-18 05:00:00
154.6573,155.7152,153.1744,154.2324,1613710800,4248500.0,2021-02-19 05:00:00
150.096,153.4172,149.7405,152.6195,1613970000,4386900.0,2021-02-22 05:00:00
149.8879,151.2667,146.1244,151.0325,1614056400,6514400.0,2021-02-23 05:00:00
155.5591,155.8886,147.9108,148.83,1614142800,5100500.0,2021-02-24 05:00:00
147.8761,154.7873,147.4685,154.7873,1614229200,6099600.0,2021-02-25 05:00:00
149.3849,150.7551,146.6621,150.2608,1614315600,6060600.0,2021-02-26 05:00:00
154.0676,154.2323,150.096,151.3187,1614574800,4771500.0,2021-03-01 05:00:00
151.6569,154.0589,151.0152,153.9808,1614661200,5401500.0,2021-03-02 05:00:00
147.9281,152.2899,147.7287,150.9632,1614747600,4715900.0,2021-03-03 05:00:00
141.5632,148.1536,140.1931,147.8501,1614834000,8318900.0,2021-03-04 05:00:00
145.6301,146.4019,140.5052,145.2833,1614920400,5681200.0,2021-03-05 05:00:00
140.5747,145.9163,140.2798,144.2861,1615179600,6065400.0,2021-03-08 05:00:00
147.7287,149.0208,144.1994,144.9625,1615266000,7610300.0,2021-03-09 05:00:00
146.9135,150.0179,146.8181,148.8473,1615352400,4270500.0,2021-03-10 05:00:00
151.7089,152.2726,149.5584,149.593,1615438800,5002700.0,2021-03-11 05:00:00
150.5122,150.9718,148.0669,150.0353,1615525200,3514600.0,2021-03-12 05:00:00
151.6742,151.8303,148.9427,150.4255,1615780800,3876500.0,2021-03-15 04:00:00
153.608,155.0561,152.472,152.8362,1615867200,4132600.0,2021-03-16 04:00:00
155.5244,156.2441,151.2493,152.1338,1615953600,4004800.0,2021-03-17 04:00:00
151.1973,155.8886,151.0932,152.7582,1616040000,4214400.0,2021-03-18 04:00:00
152.6021,154.3971,149.541,152.3506,1616126400,8447300.0,2021-03-19 04:00:00
156.1748,157.5536,154.137,154.6052,1616385600,4476100.0,2021-03-22 04:00:00
155.0302,158.3167,154.1023,157.7444,1616472000,4688500.0,2021-03-23 04:00:00
155.1342,158.4207,155.0301,156.0794,1616558400,5056100.0,2021-03-24 04:00:00
154.7786,155.6111,150.6683,153.9462,1616644800,4878500.0,2021-03-25 04:00:00
163.1988,163.7798,153.4953,154.1456,1616731200,6363500.0,2021-03-26 04:00:00
161.4471,162.7651,159.3312,160.2938,1616990400,4983600.0,2021-03-29 04:00:00
161.239,163.4675,160.0943,163.4675,1617076800,4458700.0,2021-03-30 04:00:00
163.8838,165.1499,161.7506,162.6785,1617163200,5427500.0,2021-03-31 04:00:00
166.546,166.9622,164.777,165.7222,1617249600,4581300.0,2021-04-01 04:00:00
170.769,171.3326,167.9074,168.2282,1617595200,4323900.0,2021-04-05 04:00:00
168.7399,170.691,167.3958,168.419,1617681600,3506900.0,2021-04-06 04:00:00
167.4391,168.6531,166.069,168.6271,1617768000,3678900.0,2021-04-07 04:00:00
169.2688,170.0406,167.6646,170.0406,1617854400,3157200.0,2021-04-08 04:00:00
169.4683,169.581,167.1357,167.6299,1617940800,3127300.0,2021-04-09 04:00:00
166.8668,168.8526,165.9216,167.0489,1618200000,4504800.0,2021-04-12 04:00:00
165.8349,167.3611,164.5515,166.6154,1618286400,4009300.0,2021-04-13 04:00:00
165.0458,166.0604,163.9011,165.1585,1618372800,3555000.0,2021-04-14 04:00:00
167.5085,167.8207,165.4707,166.4332,1618459200,4471900.0,2021-04-15 04:00:00
166.4332,168.9046,166.1818,167.9334,1618545600,5792900.0,2021-04-16 04:00:00
162.2102,165.7135,161.9154,165.0631,1618804800,5334900.0,2021-04-19 04:00:00
160.658,162.1408,159.7995,162.1408,1618891200,4258900.0,2021-04-20 04:00:00
163.8057,164.0138,160.3891,162.9386,1618977600,4796500.0,2021-04-21 04:00:00
161.1176,163.7104,160.2244,161.8633,1619064000,3853100.0,2021-04-22 04:00:00
163.7363,164.7682,161.7332,162.1755,1619150400,3512400.0,2021-04-23 04:00:00
165.9389,166.65,162.9299,163.771,1619409600,3842300.0,2021-04-26 04:00:00
164.9417,166.9361,164.5688,165.6788,1619496000,3864100.0,2021-04-27 04:00:00
157.6663,159.5567,156.088,157.5102,1619582400,9434200.0,2021-04-28 04:00:00
161.1349,161.3343,158.386,159.2358,1619668800,4547300.0,2021-04-29 04:00:00
157.3943,159.4782,156.191,158.8504,1619755200,6193600.0,2021-04-30 04:00:00
155.9032,158.5191,154.822,158.2488,1620014400,5136100.0,2021-05-03 04:00:00
156.1038,156.2956,153.052,155.4324,1620100800,5222300.0,2021-05-04 04:00:00
158.3883,159.7224,156.4962,157.8302,1620187200,5257100.0,2021-05-05 04:00:00
160.6728,161.1698,156.906,158.6324,1620273600,4525800.0,2021-05-06 04:00:00
163.7159,164.0123,161.6755,162.7916,1620360000,4591400.0,2021-05-07 04:00:00
158.7371,163.3061,158.5365,163.3061,1620619200,4580400.0,2021-05-10 04:00:00
159.7398,160.0275,154.6913,155.5632,1620705600,4641300.0,2021-05-11 04:00:00
153.985,157.0368,153.6972,156.6793,1620792000,5297900.0,2021-05-12 04:00:00
156.0689,157.4989,154.5517,156.9408,1620878400,4361000.0,2021-05-13 04:00:00
159.8008,161.2395,156.5136,157.5599,1620964800,4433500.0,2021-05-14 04:00:00
157.6733,159.0248,155.9469,158.9115,1621224000,4162300.0,2021-05-17 04:00:00
155.9643,158.5714,155.7201,157.9174,1621310400,3454100.0,2021-05-18 04:00:00
158.4493,158.6324,152.5899,152.7992,1621396800,4780000.0,2021-05-19 04:00:00
161.5708,162.652,158.9376,158.9376,1621483200,5387000.0,2021-05-20 04:00:00
161.318,162.7829,160.5594,162.7829,1621569600,3682300.0,2021-05-21 04:00:00
164.5268,165.1023,162.5736,162.5736,1621828800,4175900.0,2021-05-24 04:00:00
164.5355,165.39,163.8205,165.2069,1621915200,4270100.0,2021-05-25 04:00:00
164.239,165.4772,162.9921,163.9774,1622001600,4221600.0,2021-05-26 04:00:00
164.9104,165.7126,163.8205,164.5704,1622088000,10107700.0,2021-05-27 04:00:00
165.5121,166.5671,165.0325,165.7126,1622174400,3306500.0,2021-05-28 04:00:00
164.7971,167.4391,163.96,166.8723,1622520000,4817300.0,2021-06-01 04:00:00
166.323,166.4189,164.2216,165.233,1622606400,3137900.0,2021-06-02 04:00:00
162.1812,163.803,161.2221,163.6548,1622692800,4205300.0,2021-06-03 04:00:00
165.73,166.0003,163.4717,163.7333,1622779200,3462900.0,2021-06-04 04:00:00
164.4047,165.4946,163.6287,164.9714,1623038400,2726100.0,2021-06-07 04:00:00
162.9921,165.6428,162.2771,165.6428,1623124800,3063600.0,2021-06-08 04:00:00
162.5736,164.0385,162.3295,164.0036,1623211200,2866900.0,2021-06-09 04:00:00
163.9251,164.7099,162.094,162.4777,1623297600,3188700.0,2021-06-10 04:00:00
164.5093,164.5704,163.0009,163.9949,1623384000,2309400.0,2021-06-11 04:00:00
165.8957,165.9742,163.1142,164.1518,1623643200,3360300.0,2021-06-14 04:00:00
164.457,166.3055,164.0298,166.0701,1623729600,2600100.0,2021-06-15 04:00:00
163.6897,166.0963,162.4428,165.5905,1623816000,3357900.0,2021-06-16 04:00:00
163.6199,165.2592,162.3556,163.2624,1623902400,3222300.0,2021-06-17 04:00:00
159.6264,162.4515,159.1294,162.1899,1623988800,7535200.0,2021-06-18 04:00:00
162.2771,162.7393,159.8793,160.6553,1624248000,3771200.0,2021-06-21 04:00:00
163.088,163.2973,160.7338,161.7365,1624334400,3299700.0,2021-06-22 04:00:00
162.2684,163.4717,162.1725,162.5997,1624420800,2473300.0,2021-06-23 04:00:00
164.457,164.5355,163.4456,163.9687,1624507200,2876700.0,2021-06-24 04:00:00
164.0733,165.887,163.3584,163.9687,1624593600,4639100.0,2021-06-25 04:00:00
167.003,167.7442,164.7709,164.7709,1624852800,3228700.0,2021-06-28 04:00:00
168.1802,168.2935,166.4799,166.9943,1624939200,2108700.0,2021-06-29 04:00:00
167.6744,168.2848,166.9682,168.1453,1625025600,2687600.0,2021-06-30 04:00:00
166.4014,167.8314,165.7213,167.4303,1625112000,3455900.0,2021-07-01 04:00:00
167.596,168.1104,166.4625,167.9622,1625198400,2389900.0,2021-07-02 04:00:00
166.7153,168.0843,165.2766,167.9186,1625544000,2619600.0,2021-07-06 04:00:00
165.4771,168.2761,164.7796,168.0843,1625630400,2749500.0,2021-07-07 04:00:00
164.1344,165.0587,161.6319,163.5415,1625716800,3146900.0,2021-07-08 04:00:00
165.9044,166.4276,163.0532,164.0733,1625803200,3109200.0,2021-07-09 04:00:00
167.3431,167.4303,165.7475,166.1486,1626062400,4069500.0,2021-07-12 04:00:00
166.7153,167.814,166.2968,166.7415,1626148800,2695100.0,2021-07-13 04:00:00
166.7851,169.2353,166.3055,168.2848,1626235200,3590200.0,2021-07-14 04:00:00
164.1518,166.7851,163.4019,166.0788,1626321600,4259900.0,2021-07-15 04:00:00
162.2859,165.8783,161.9458,165.0325,1626408000,4337500.0,2021-07-16 04:00:00
162.3905,162.469,159.888,160.6815,1626667200,4181300.0,2021-07-19 04:00:00
163.7246,164.954,161.972,163.1055,1626753600,4287300.0,2021-07-20 04:00:00
169.366,169.3747,164.3174,164.3174,1626840000,6352800.0,2021-07-21 04:00:00
160.3589,163.6287,160.0275,161.9545,1626926400,12673900.0,2021-07-22 04:00:00
163.831,163.9011,159.7188,161.4987,1627012800,5983000.0,2021-07-23 04:00:00
165.0673,165.7074,162.4807,162.5246,1627272000,4516600.0,2021-07-26 04:00:00
162.3229,164.699,159.7802,164.4185,1627358400,4649900.0,2021-07-27 04:00:00
163.831,164.4009,162.2265,163.3663,1627444800,2956700.0,2021-07-28 04:00:00
166.4439,166.9963,164.3659,164.6991,1627531200,3081800.0,2021-07-29 04:00:00
167.1366,167.426,165.1638,165.2778,1627617600,2521600.0,2021-07-30 04:00:00
167.2242,169.7494,166.9524,168.6973,1627876800,2922600.0,2021-08-02 04:00:00
166.0143,167.8643,164.3484,167.4084,1627963200,3703400.0,2021-08-03 04:00:00
168.6798,169.5478,165.9354,166.4965,1628049600,3793600.0,2021-08-04 04:00:00
169.3636,170.0125,167.9871,169.9248,1628136000,2769500.0,2021-08-05 04:00:00
169.1883,169.7758,168.5132,168.671,1628222400,2414300.0,2021-08-06 04:00:00
166.9875,169.6881,166.8823,169.4689,1628481600,2395900.0,2021-08-09 04:00:00
166.2861,167.0665,163.8048,167.0665,1628568000,3497100.0,2021-08-10 04:00:00
166.1545,167.6188,164.8393,167.6188,1628654400,2339300.0,2021-08-11 04:00:00
164.7254,165.7688,163.2261,165.5847,1628740800,3949600.0,2021-08-12 04:00:00
165.4531,165.5233,163.9625,164.436,1628827200,1923700.0,2021-08-13 04:00:00
166.4614,166.5579,164.927,165.269,1629086400,2506100.0,2021-08-16 04:00:00
163.3663,165.4882,162.2966,165.3216,1629172800,3411800.0,2021-08-17 04:00:00
161.1568,163.5768,160.9464,162.8315,1629259200,2862500.0,2021-08-18 04:00:00
162.244,163.0594,159.5434,160.2361,1629345600,3871700.0,2021-08-19 04:00:00
162.1826,163.226,160.7359,162.4369,1629432000,3855300.0,2021-08-20 04:00:00
164.7079,165.4005,162.7087,162.9104,1629691200,3529000.0,2021-08-23 04:00:00
164.6815,166.1809,164.4273,164.7692,1629777600,3268200.0,2021-08-24 04:00:00
164.9183,165.8214,164.2519,165.1638,1629864000,3163600.0,2021-08-25 04:00:00
164.813,165.3566,163.5855,164.5412,1629950400,3643700.0,2021-08-26 04:00:00
167.0489,167.2944,164.892,165.1901,1630036800,2859800.0,2021-08-27 04:00:00
167.8468,168.6008,167.2155,167.8117,1630296000,2356500.0,2021-08-30 04:00:00
167.3908,168.9603,165.8126,168.4342,1630382400,4227500.0,2021-08-31 04:00:00
165.1463,168.1537,164.9884,168.1537,1630468800,4536600.0,2021-09-01 04:00:00
166.0756,166.0844,164.8744,165.9003,1630555200,2061400.0,2021-09-02 04:00:00
166.4877,167.3207,165.0147,165.4268,1630641600,2103400.0,2021-09-03 04:00:00
166.1195,166.6806,165.2602,166.0055,1630987200,2295900.0,2021-09-07 04:00:00
165.5408,165.7512,164.0677,165.2777,1631073600,2021600.0,2021-09-08 04:00:00
165.2514,167.1454,165.0673,166.2948,1631160000,1827900.0,2021-09-09 04:00:00
167.1629,169.6179,166.0142,166.0142,1631246400,3331700.0,2021-09-10 04:00:00
170.0826,170.2142,167.6802,169.1883,1631505600,3687200.0,2021-09-13 04:00:00
171.0734,172.1519,169.9248,170.977,1631592000,3239600.0,2021-09-14 04:00:00
173.169,173.2479,170.8279,171.9678,1631678400,3995900.0,2021-09-15 04:00:00
172.5728,173.0287,170.8454,172.3711,1631764800,2661500.0,2021-09-16 04:00:00
172.073,173.0024,170.635,173.0024,1631851200,5819300.0,2021-09-17 04:00:00
168.8639,169.8722,166.3825,169.1182,1632110400,4614300.0,2021-09-20 04:00:00
169.1883,170.5298,167.3295,170.0651,1632196800,3093400.0,2021-09-21 04:00:00
171.7837,172.4676,169.8722,170.7578,1632283200,3526100.0,2021-09-22 04:00:00
174.1949,174.5719,171.6697,172.1168,1632369600,2756900.0,2021-09-23 04:00:00
175.9309,176.1677,172.8358,173.055,1632456000,3191500.0,2021-09-24 04:00:00
175.6503,175.7556,173.318,173.809,1632715200,3022300.0,2021-09-27 04:00:00
170.8806,174.5807,170.5824,173.1603,1632801600,4274600.0,2021-09-28 04:00:00
169.2848,171.696,168.443,170.5649,1632888000,3436800.0,2021-09-29 04:00:00
168.5307,170.9682,168.4343,170.521,1632974400,3270800.0,2021-09-30 04:00:00
169.916,170.3895,166.7508,169.6004,1633060800,2986100.0,2021-10-01 04:00:00
166.9437,170.4334,165.7424,169.2584,1633320000,3934100.0,2021-10-04 04:00:00
169.9949,171.1698,167.1891,168.5482,1633406400,3860200.0,2021-10-05 04:00:00
170.4421,170.6789,167.9958,168.3904,1633492800,3103400.0,2021-10-06 04:00:00
171.2488,173.3882,171.0033,171.6872,1633579200,2873200.0,2021-10-07 04:00:00
171.1874,172.1782,170.0914,172.0116,1633665600,2574100.0,2021-10-08 04:00:00
169.5478,172.0554,169.4952,170.8805,1633924800,2280200.0,2021-10-11 04:00:00
165.2602,170.3018,164.2607,170.03,1634011200,6225100.0,2021-10-12 04:00:00
164.0502,166.0493,163.5417,165.8564,1634097600,3796500.0,2021-10-13 04:00:00
168.7762,168.8551,165.6548,166.0406,1634184000,3412800.0,2021-10-14 04:00:00
170.4947,170.8016,168.9077,169.1006,1634270400,2648900.0,2021-10-15 04:00:00
170.8981,171.9064,168.0134,169.3724,1634529600,2804600.0,2021-10-18 04:00:00
173.8091,174.0809,169.9599,170.635,1634616000,2666100.0,2021-10-19 04:00:00
174.8174,175.3785,172.7744,173.6951,1634702400,3043300.0,2021-10-20 04:00:00
176.4921,176.7464,174.4842,175.0541,1634788800,3276300.0,2021-10-21 04:00:00
174.5456,177.3075,173.7302,176.7201,1634875200,3649200.0,2021-10-22 04:00:00
175.5364,177.3426,174.5368,175.361,1635134400,4254900.0,2021-10-25 04:00:00
172.713,175.7117,172.2834,175.4311,1635220800,5837500.0,2021-10-26 04:00:00
164.0502,165.2953,160.9375,162.7701,1635307200,10365500.0,2021-10-27 04:00:00
164.7254,166.2423,163.2874,164.6377,1635393600,5123000.0,2021-10-28 04:00:00
165.3959,166.1722,164.2931,164.4343,1635480000,4552200.0,2021-10-29 04:00:00
165.387,166.3574,164.1607,164.7342,1635739200,4203900.0,2021-11-01 04:00:00
167.0367,167.0632,164.1872,164.2225,1635825600,4009600.0,2021-11-02 04:00:00
166.9044,167.716,164.6812,166.4544,1635912000,3666900.0,2021-11-03 04:00:00
168.5982,168.6953,166.2251,167.1779,1635998400,4828000.0,2021-11-04 04:00:00
170.6185,172.4094,169.2246,170.8391,1636084800,4510500.0,2021-11-05 04:00:00
169.701,172.3653,169.1364,171.1831,1636347600,5213900.0,2021-11-08 05:00:00
168.3159,171.1037,167.9631,169.9392,1636434000,4314700.0,2021-11-09 05:00:00
164.99,168.4747,164.5136,167.3014,1636520400,4304600.0,2021-11-10 05:00:00
166.3839,166.578,165.1841,166.4192,1636606800,2554800.0,2021-11-11 05:00:00
167.6895,169.2422,165.2458,166.6574,1636693200,3121700.0,2021-11-12 05:00:00
166.9397,169.304,166.2957,168.6953,1636952400,2985200.0,2021-11-15 05:00:00
166.3133,167.8396,165.9957,166.825,1637038800,3312000.0,2021-11-16 05:00:00
167.2397,167.8307,165.1929,166.2163,1637125200,4167800.0,2021-11-17 05:00:00
170.6802,171.289,167.7425,168.1218,1637211600,4677300.0,2021-11-18 05:00:00
172.1712,172.2506,169.9304,171.0508,1637298000,5129100.0,2021-11-19 05:00:00
169.8245,173.7151,169.5775,172.6476,1637557200,4712300.0,2021-11-22 05:00:00
169.948,170.839,168.0336,170.8038,1637643600,4881400.0,2021-11-23 05:00:00
170.795,170.8567,167.7073,170.1421,1637730000,6494000.0,2021-11-24 05:00:00
166.0839,169.8421,165.2988,167.4955,1637902800,3324900.0,2021-11-26 05:00:00
171.4831,171.7918,167.4514,168.563,1638162000,4576200.0,2021-11-29 05:00:00
169.7098,171.7654,168.5012,170.5391,1638248400,8775600.0,2021-11-30 05:00:00
169.1717,176.3528,169.057,172.674,1638334800,7279100.0,2021-12-01 05:00:00
170.7773,171.9506,167.619,168.0248,1638421200,4236700.0,2021-12-02 05:00:00
170.6009,172.9387,169.1011,171.7036,1638507600,4901000.0,2021-12-03 05:00:00
171.686,172.2506,167.4073,172.18,1638766800,4084600.0,2021-12-06 05:00:00
175.5853,176.3175,172.8505,173.2651,1638853200,5815600.0,2021-12-07 05:00:00
173.2563,175.1178,171.0331,175.1178,1638939600,4255900.0,2021-12-08 05:00:00
170.6185,173.7062,170.4862,172.5329,1639026000,3626700.0,2021-12-09 05:00:00
172.9122,173.2298,170.098,172.9299,1639112400,3264200.0,2021-12-10 05:00:00
170.4773,173.5651,170.1862,173.0004,1639371600,6178300.0,2021-12-13 05:00:00
167.8572,169.1011,165.9957,168.4747,1639458000,6130400.0,2021-12-14 05:00:00
170.6538,170.892,165.7399,169.3834,1639544400,6342000.0,2021-12-15 05:00:00
166.0663,171.3507,165.6075,171.1478,1639630800,5452300.0,2021-12-16 05:00:00
164.3548,167.072,163.7638,165.3076,1639717200,8427700.0,2021-12-17 05:00:00
162.5375,163.2609,161.2407,162.017,1639976400,4474300.0,2021-12-20 05:00:00
164.4166,165.4047,162.5375,165.3517,1640062800,6089400.0,2021-12-21 05:00:00
164.9106,164.9812,162.4669,164.0814,1640149200,3375500.0,2021-12-22 05:00:00
165.3253,166.6839,164.9724,165.1841,1640235600,3266500.0,2021-12-23 05:00:00
169.2423,169.3393,165.9164,165.9252,1640581200,3405600.0,2021-12-27 05:00:00
168.5894,170.1421,167.9542,170.0892,1640667600,2806900.0,2021-12-28 05:00:00
168.3336,170.5127,168.2895,168.8453,1640754000,2754900.0,2021-12-29 05:00:00
167.0985,169.2687,166.7456,168.3865,1640840400,2109200.0,2021-12-30 05:00:00
166.2692,167.619,166.0928,167.0985,1640926800,2813900.0,2021-12-31 05:00:00
168.1483,168.166,165.3782,166.578,1641186000,3781500.0,2022-01-03 05:00:00
168.3248,169.4716,166.031,168.5012,1641272400,4137500.0,2022-01-04 05:00:00
164.8136,169.0394,164.6636,167.9807,1641358800,5047400.0,2022-01-05 05:00:00
164.7607,166.3134,163.9049,164.6813,1641445200,4502600.0,2022-01-06 05:00:00
158.3029,162.3787,157.8265,160.5349,1641531600,7414200.0,2022-01-07 05:00:00
161.4083,161.6465,156.0445,156.9443,1641790800,7195800.0,2022-01-10 05:00:00
162.8904,164.1608,159.8644,161.0025,1641877200,5239300.0,2022-01-11 05:00:00
164.1166,165.2723,162.6786,164.0902,1641963600,4240100.0,2022-01-12 05:00:00
162.4581,167.2926,161.9817,166.7104,1642050000,5361100.0,2022-01-13 05:00:00
164.9812,165.1488,161.4435,161.6729,1642136400,4731400.0,2022-01-14 05:00:00
160.8084,162.6434,159.9085,161.9817,1642482000,7382800.0,2022-01-18 05:00:00
157.2972,161.9553,157.2002,161.8317,1642568400,5207300.0,2022-01-19 05:00:00
153.0185,159.291,152.9568,157.7207,1642654800,6057800.0,2022-01-20 05:00:00
154.9505,158.4,152.9126,153.5566,1642741200,11527900.0,2022-01-21 05:00:00
157.3325,157.5795,150.963,155.074,1643000400,11717600.0,2022-01-24 05:00:00
153.4684,157.0414,152.6568,154.3065,1643086800,8157600.0,2022-01-25 05:00:00
157.3237,161.6641,155.4269,160.7996,1643173200,12852700.0,2022-01-26 05:00:00
154.2183,159.6968,152.7097,159.5909,1643259600,6752900.0,2022-01-27 05:00:00
157.4419,157.6018,150.4264,154.3515,1643346000,7322100.0,2022-01-28 05:00:00
159.3956,159.5288,156.1543,157.7883,1643605200,6980800.0,2022-01-31 05:00:00
160.9941,161.3316,156.8558,159.4844,1643691600,6233700.0,2022-02-01 05:00:00
166.8108,167.1749,161.1717,161.225,1643778000,8993800.0,2022-02-02 05:00:00
155.9322,165.6652,155.3017,164.5019,1643864400,11691400.0,2022-02-03 05:00:00
152.2291,153.4279,148.7568,153.1704,1643950800,11408600.0,2022-02-04 05:00:00
150.9236,153.1882,150.0001,153.1704,1644210000,6418900.0,2022-02-07 05:00:00
153.3036,153.8009,149.6359,150.9946,1644296400,4622000.0,2022-02-08 05:00:00
156.9268,157.362,153.6855,154.76,1644382800,7140600.0,2022-02-09 05:00:00
151.5542,157.0334,150.7372,152.8863,1644469200,7583400.0,2022-02-10 05:00:00
145.995,152.1758,145.3289,150.9059,1644555600,7564200.0,2022-02-11 05:00:00
144.281,147.105,143.0111,145.5865,1644814800,7468000.0,2022-02-14 05:00:00
147.5668,148.0997,145.7108,146.3591,1644901200,6969700.0,2022-02-15 05:00:00
149.4051,150.0445,145.844,146.3413,1644987600,4594300.0,2022-02-16 05:00:00
146.217,148.6502,145.8174,147.478,1645074000,6807700.0,2022-02-17 05:00:00
148.073,149.2896,145.6753,146.7498,1645160400,6359100.0,2022-02-18 05:00:00
148.0286,151.9804,146.5367,147.4692,1645506000,7293800.0,2022-02-22 05:00:00
147.0962,150.9325,146.8564,149.2097,1645592400,5893900.0,2022-02-23 05:00:00
150.6039,150.9059,143.1444,145.4444,1645678800,7754800.0,2022-02-24 05:00:00
151.6962,151.8294,148.4282,150.7282,1645765200,4830100.0,2022-02-25 05:00:00
150.9591,151.4476,148.295,149.7514,1646024400,5656600.0,2022-02-28 05:00:00
148.5614,150.9769,145.9683,150.3997,1646110800,6049600.0,2022-03-01 05:00:00
151.0569,152.309,149.0499,149.6271,1646197200,5304100.0,2022-03-02 05:00:00
151.8561,153.4101,150.3553,152.4955,1646283600,5154200.0,2022-03-03 05:00:00
150.9503,152.531,149.3163,150.5063,1646370000,6804700.0,2022-03-04 05:00:00
146.4301,151.8294,146.3146,151.7317,1646629200,7064800.0,2022-03-07 05:00:00
148.6058,153.3658,144.21,146.3768,1646715600,7486500.0,2022-03-08 05:00:00
153.1526,154.5113,150.4707,153.2769,1646802000,6047300.0,2022-03-09 05:00:00
153.4102,154.0051,149.7159,150.5062,1646888400,6079100.0,2022-03-10 05:00:00
151.2877,155.7901,150.9148,154.4314,1646974800,4869700.0,2022-03-11 05:00:00
148.0553,152.4333,147.4958,150.9325,1647230400,4863200.0,2022-03-14 04:00:00
153.0284,153.3125,149.0943,149.707,1647316800,5138600.0,2022-03-15 04:00:00
156.5894,156.7137,152.2379,154.3071,1647403200,5660400.0,2022-03-16 04:00:00
158.4898,158.4987,155.6214,156.1542,1647489600,4930700.0,2022-03-17 04:00:00
159.9373,160.1593,156.0654,158.25,1647576000,9031500.0,2022-03-18 04:00:00
160.257,160.9231,157.8327,159.218,1647835200,5030600.0,2022-03-21 04:00:00
161.9354,162.2818,159.8485,160.63,1647921600,3802900.0,2022-03-22 04:00:00
159.0315,162.5127,158.9871,161.6246,1648008000,4821100.0,2022-03-23 04:00:00
163.5872,163.6938,159.52,160.1505,1648094400,4169400.0,2022-03-24 04:00:00
164.1999,165.3544,162.6903,163.9957,1648180800,3738800.0,2022-03-25 04:00:00
164.8926,164.9903,161.6335,162.6548,1648440000,3117000.0,2022-03-28 04:00:00
169.6259,169.919,166.3224,166.9262,1648526400,5835700.0,2022-03-29 04:00:00
166.4645,169.5283,165.8073,168.729,1648612800,3865700.0,2022-03-30 04:00:00
162.9389,167.5035,162.6725,167.0683,1648699200,7170700.0,2022-03-31 04:00:00
161.6957,164.1822,159.6265,163.7826,1648785600,4631700.0,2022-04-01 04:00:00
162.2552,162.8235,160.3547,161.225,1649044800,4644800.0,2022-04-04 04:00:00
157.3442,161.4914,156.6249,161.2961,1649131200,6956500.0,2022-04-05 04:00:00
157.4064,159.5022,155.2485,155.4083,1649217600,6932900.0,2022-04-06 04:00:00
157.7172,158.8983,155.6747,156.5183,1649304000,4178500.0,2022-04-07 04:00:00
154.6179,157.4508,154.3693,157.3531,1649390400,4504500.0,2022-04-08 04:00:00
152.6909,154.911,152.5488,153.428,1649649600,4347800.0,2022-04-11 04:00:00
153.6322,156.6249,153.0905,155.7813,1649736000,4550800.0,2022-04-12 04:00:00
155.506,155.8434,153.1082,153.9075,1649822400,5229100.0,2022-04-13 04:00:00
154.2183,156.394,154.1028,155.3284,1649908800,4578500.0,2022-04-14 04:00:00
156.7937,157.6995,153.6322,153.6322,1650254400,3564000.0,2022-04-18 04:00:00
159.0137,159.2624,155.6125,155.7724,1650340800,4671900.0,2022-04-19 04:00:00
159.3335,163.0988,159.0315,161.2694,1650427200,4553700.0,2022-04-20 04:00:00
157.3886,162.7258,156.9801,161.0563,1650513600,4735000.0,2022-04-21 04:00:00
153.9075,157.7439,153.57,157.4597,1650600000,6355900.0,2022-04-22 04:00:00
154.4403,155.5593,152.4511,153.6855,1650859200,8737600.0,2022-04-25 04:00:00
149.5827,153.1793,149.5205,152.238,1650945600,9591700.0,2022-04-26 04:00:00
150.4263,152.6731,142.5316,142.576,1651032000,12570400.0,2022-04-27 04:00:00
156.1631,157.0778,150.9591,151.0213,1651118400,8233600.0,2022-04-28 04:00:00
151.19,156.323,150.9059,154.5557,1651204800,6698600.0,2022-04-29 04:00:00
154.5202,154.6268,149.263,151.4565,1651464000,5851500.0,2022-05-02 04:00:00
153.2237,155.2218,152.7442,154.4137,1651550400,5438600.0,2022-05-03 04:00:00
156.5006,157.0689,148.597,153.792,1651636800,10311500.0,2022-05-04 04:00:00
151.2167,155.3906,149.7692,154.8755,1651723200,7740400.0,2022-05-05 04:00:00
149.7146,152.0661,148.1858,150.0633,1651809600,5724800.0,2022-05-06 04:00:00
147.4705,150.6177,146.7195,148.5166,1652068800,7929700.0,2022-05-09 04:00:00
150.421,152.7456,148.6864,150.5461,1652155200,7033300.0,2022-05-10 04:00:00
147.247,152.2985,146.8446,149.0709,1652241600,5892800.0,2022-05-11 04:00:00
148.3288,148.8205,145.4409,146.5317,1652328000,5936100.0,2022-05-12 04:00:00
151.7621,152.6025,149.8309,150.5729,1652414400,5329900.0,2022-05-13 04:00:00
150.6534,152.1197,149.1603,150.2689,1652673600,3648900.0,2022-05-16 04:00:00
156.4471,156.5633,153.1748,153.8721,1652760000,5851300.0,2022-05-17 04:00:00
152.2628,156.3845,151.7084,155.0344,1652846400,5747200.0,2022-05-18 04:00:00
149.8667,152.6562,149.4554,151.8694,1652932800,5399600.0,2022-05-19 04:00:00
151.8246,152.2628,146.8178,150.7428,1653019200,6278300.0,2022-05-20 04:00:00
151.9319,152.7903,150.412,152.2359,1653278400,5384100.0,2022-05-23 04:00:00
150.0812,151.5296,148.749,150.4657,1653364800,5121700.0,2022-05-24 04:00:00
152.0035,152.8707,149.3212,150.2868,1653451200,4712100.0,2022-05-25 04:00:00
155.6871,156.313,151.3597,152.2806,1653537600,4536600.0,2022-05-26 04:00:00
159.1204,159.4601,156.9299,156.9299,1653624000,5857900.0,2022-05-27 04:00:00
158.0386,159.4065,155.401,158.0207,1653969600,9408000.0,2022-05-31 04:00:00
155.9464,158.7807,154.4086,158.7091,1654056000,4681600.0,2022-06-01 04:00:00
158.0028,158.0744,154.1314,155.5709,1654142400,6521600.0,2022-06-02 04:00:00
154.0778,156.912,153.7738,156.3487,1654228800,4485500.0,2022-06-03 04:00:00
149.9918,155.8034,149.6521,155.258,1654488000,5603800.0,2022-06-06 04:00:00
151.8605,152.0661,147.7387,148.5255,1654574400,4416100.0,2022-06-07 04:00:00
147.8549,151.771,147.3185,151.771,1654660800,5112600.0,2022-06-08 04:00:00
144.4663,149.0709,144.3591,147.533,1654747200,5353200.0,2022-06-09 04:00:00
141.0688,143.4381,140.9794,142.3027,1654833600,6511000.0,2022-06-10 04:00:00
137.269,140.3088,136.9203,138.4938,1655092800,7765000.0,2022-06-13 04:00:00
137.7607,139.4237,136.8309,138.7174,1655179200,4772600.0,2022-06-14 04:00:00
139.4058,141.1851,137.0812,139.227,1655265600,5442100.0,2022-06-15 04:00:00
135.3377,136.4017,134.2916,135.4718,1655352000,6843700.0,2022-06-16 04:00:00
134.2917,136.9829,133.3082,135.758,1655438400,11262500.0,2022-06-17 04:00:00
137.2064,138.2077,135.6596,135.7401,1655784000,6283100.0,2022-06-21 04:00:00
136.4375,137.6355,135.15,135.8653,1655870400,4242900.0,2022-06-22 04:00:00
135.1321,136.9829,133.4423,136.6431,1655956800,4318200.0,2022-06-23 04:00:00
139.4326,139.5936,136.3391,136.804,1656043200,6425900.0,2022-06-24 04:00:00
139.1376,140.9258,138.6995,140.3625,1656302400,5762300.0,2022-06-27 04:00:00
137.8323,142.1507,137.7607,140.139,1656388800,4687500.0,2022-06-28 04:00:00
136.5984,137.0544,134.9533,136.2944,1656475200,4348300.0,2022-06-29 04:00:00
137.3763,138.6459,134.9086,136.3391,1656561600,6807900.0,2022-06-30 04:00:00
132.8075,136.1513,131.4485,134.4258,1656648000,8740200.0,2022-07-01 04:00:00
133.3082,133.8357,129.1596,130.2951,1656993600,8486400.0,2022-07-05 04:00:00
134.837,135.9368,132.6555,134.1128,1657080000,5238200.0,2022-07-06 04:00:00
138.3061,138.9409,136.9382,136.9382,1657166400,5169400.0,2022-07-07 04:00:00
139.0571,139.3433,136.0351,136.5627,1657252800,3467500.0,2022-07-08 04:00:00
137.2958,138.6012,136.4553,137.7965,1657512000,4051100.0,2022-07-11 04:00:00
138.1005,139.8887,137.421,139.4506,1657598400,4085100.0,2022-07-12 04:00:00
137.9485,138.771,135.606,135.8652,1657684800,3755400.0,2022-07-13 04:00:00
141.1314,141.5695,136.7593,137.8054,1657771200,4758800.0,2022-07-14 04:00:00
143.5365,143.6885,140.9437,142.3384,1657857600,7466100.0,2022-07-15 04:00:00
142.7587,145.423,142.1775,144.5915,1658116800,4088700.0,2022-07-18 04:00:00
147.2022,148.1321,143.6348,144.2696,1658203200,5390800.0,2022-07-19 04:00:00
147.8192,149.4196,145.3247,146.5317,1658289600,5889100.0,2022-07-20 04:00:00
148.901,149.1514,146.3439,148.4003,1658376000,5466700.0,2022-07-21 04:00:00
146.5406,149.9471,145.6197,149.9471,1658462400,5269700.0,2022-07-22 04:00:00
145.9148,146.5049,144.1892,146.4512,1658721600,4201400.0,2022-07-25 04:00:00
143.8047,146.791,143.5901,146.791,1658808000,6080600.0,2022-07-26 04:00:00
153.3714,153.7738,148.0338,149.1156,1658894400,11623100.0,2022-07-27 04:00:00
157.1355,157.2071,151.628,153.7112,1658980800,6468800.0,2022-07-28 04:00:00
160.9964,161.3384,156.6496,156.9825,1659067200,6624000.0,2022-07-29 04:00:00
160.9154,161.1944,159.0705,160.1415,1659326400,4865700.0,2022-08-01 04:00:00
159.4935,161.9324,158.8005,159.7455,1659412800,4442500.0,2022-08-02 04:00:00
165.1183,165.7123,160.0695,160.2045,1659499200,6201100.0,2022-08-03 04:00:00
166.4143,167.3863,164.8933,165.3883,1659585600,4533900.0,2022-08-04 04:00:00
165.8653,166.1983,163.4173,163.8223,1659672000,3690100.0,2022-08-05 04:00:00
164.5154,166.0093,163.0124,164.2454,1659931200,3547300.0,2022-08-08 04:00:00
159.9345,162.1754,158.4855,161.9414,1660017600,5306400.0,2022-08-09 04:00:00
164.8034,165.1004,161.4465,163.3004,1660104000,4276500.0,2022-08-10 04:00:00
163.8494,167.0983,163.4894,165.0823,1660190400,3858300.0,2022-08-11 04:00:00
166.8373,167.3773,164.7313,164.8573,1660276800,4160900.0,2022-08-12 04:00:00
166.8553,167.0802,164.6593,166.3873,1660536000,2863400.0,2022-08-15 04:00:00
165.0193,166.4953,164.1554,166.3153,1660622400,4541600.0,2022-08-16 04:00:00
159.0345,162.8504,157.3876,162.5444,1660708800,6869000.0,2022-08-17 04:00:00
160.6094,162.2924,158.2155,159.1245,1660795200,4390400.0,2022-08-18 04:00:00
158.8005,159.7275,157.6035,159.2595,1660881600,4569500.0,2022-08-19 04:00:00
154.2916,157.9185,153.9946,157.9185,1661140800,4919000.0,2022-08-22 04:00:00
155.2636,156.4966,153.2477,153.3017,1661227200,3663900.0,2022-08-23 04:00:00
154.9666,155.3266,153.6706,154.2646,1661313600,3037800.0,2022-08-24 04:00:00
159.5744,159.7544,155.9205,156.2805,1661400000,4350000.0,2022-08-25 04:00:00
152.5367,160.1325,152.4827,159.7455,1661486400,6583500.0,2022-08-26 04:00:00
151.1417,153.4546,150.9797,152.9416,1661745600,4625800.0,2022-08-29 04:00:00
150.0618,151.9607,148.2798,151.3937,1661832000,5343300.0,2022-08-30 04:00:00
148.6848,150.8267,147.6138,150.1787,1661918400,6489900.0,2022-08-31 04:00:00
149.5397,149.8187,145.9668,147.0108,1662004800,5593800.0,2022-09-01 04:00:00
146.6958,151.8977,146.1378,151.1957,1662091200,4466200.0,2022-09-02 04:00:00
146.7859,149.2068,145.6519,146.7949,1662436800,5057000.0,2022-09-06 04:00:00
149.2338,150.7008,147.1279,147.2989,1662523200,5332400.0,2022-09-07 04:00:00
151.5647,151.6817,147.4788,148.7118,1662609600,5473200.0,2022-09-08 04:00:00
153.6617,154.7236,152.4197,152.4827,1662696000,5196200.0,2022-09-09 04:00:00
153.5176,154.3636,152.2847,154.1206,1662955200,5216800.0,2022-09-12 04:00:00
146.3808,150.6017,145.7959,149.4678,1663041600,7928700.0,2022-09-13 04:00:00
148.7298,149.6928,146.7498,147.8028,1663128000,4792600.0,2022-09-14 04:00:00
146.3989,149.1078,145.5439,147.7938,1663214400,6105400.0,2022-09-15 04:00:00
148.7298,149.3328,145.3999,146.6868,1663300800,13417800.0,2022-09-16 04:00:00
149.6208,149.9628,147.1639,147.2179,1663560000,4929500.0,2022-09-19 04:00:00
149.4498,150.2058,148.4058,148.8648,1663646400,5220200.0,2022-09-20 04:00:00
146.9659,153.2207,146.8669,149.8728,1663732800,6639800.0,2022-09-21 04:00:00
146.3538,148.0998,145.0939,146.3268,1663819200,5696200.0,2022-09-22 04:00:00
145.1568,145.6608,142.4659,145.0939,1663905600,6936100.0,2022-09-23 04:00:00
144.4099,146.8758,143.9959,145.4809,1664164800,4605800.0,2022-09-26 04:00:00
144.6349,147.0828,143.3659,146.0029,1664251200,4261500.0,2022-09-27 04:00:00
146.5159,147.2718,143.4739,145.3639,1664337600,4881500.0,2022-09-28 04:00:00
142.6009,145.2559,140.513,144.7339,1664424000,6699000.0,2022-09-29 04:00:00
139.298,142.916,139.208,141.494,1664510400,6074700.0,2022-09-30 04:00:00
143.8519,144.5719,140.468,141.665,1664769600,6668500.0,2022-10-03 04:00:00
148.6308,149.1618,146.3269,146.7408,1664856000,7233100.0,2022-10-04 04:00:00
151.0157,152.3027,147.1189,147.8838,1664942400,5262600.0,2022-10-05 04:00:00
149.8818,152.2307,149.1888,150.9977,1665028800,4171000.0,2022-10-06 04:00:00
143.3479,148.5498,142.7449,147.6138,1665115200,8306400.0,2022-10-07 04:00:00
141.107,143.645,138.7311,143.591,1665374400,6573600.0,2022-10-10 04:00:00
138.1011,139.802,136.2561,139.145,1665460800,9526900.0,2022-10-11 04:00:00
136.3912,138.4161,136.3192,138.0201,1665547200,4526100.0,2022-10-12 04:00:00
138.902,141.107,131.3692,132.8452,1665633600,7913800.0,2022-10-13 04:00:00
133.5022,140.477,133.2772,140.306,1665720000,7470600.0,2022-10-14 04:00:00
135.8871,137.2461,134.5732,136.7961,1665979200,5936100.0,2022-10-17 04:00:00
136.3551,140.378,134.5822,139.577,1666065600,4866600.0,2022-10-18 04:00:00
137.3811,137.7141,134.8702,135.5631,1666152000,5060100.0,2022-10-19 04:00:00
138.3441,141.098,137.1651,138.4971,1666238400,6506200.0,2022-10-20 04:00:00
143.744,144.0229,138.5421,139.8651,1666324800,7706200.0,2022-10-21 04:00:00
145.4809,145.7869,142.817,144.1849,1666584000,5467600.0,2022-10-24 04:00:00
145.9399,148.3698,145.0669,145.4449,1666670400,8611200.0,2022-10-25 04:00:00
142.079,145.0399,136.1932,137.3091,1666756800,12964700.0,2022-10-26 04:00:00
141.08,143.9419,139.883,143.8159,1666843200,7050500.0,2022-10-27 04:00:00
146.3778,146.6771,141.0528,141.4066,1666929600,6776100.0,2022-10-28 04:00:00
145.7155,146.5501,144.4727,145.5069,1667188800,6298800.0,2022-10-31 04:00:00
147.7747,148.2555,145.652,147.176,1667275200,4972300.0,2022-11-01 04:00:00
143.7743,150.9226,143.5838,148.1014,1667361600,6923900.0,2022-11-02 04:00:00
141.9871,143.8831,140.9076,141.8601,1667448000,4555400.0,2022-11-03 04:00:00
147.548,147.5933,143.7107,146.6045,1667534400,6689900.0,2022-11-04 04:00:00
150.3057,150.8591,146.5501,148.6003,1667797200,4928300.0,2022-11-07 05:00:00
152.501,154.0704,150.3692,151.8932,1667883600,5112300.0,2022-11-08 05:00:00
149.6707,152.1563,149.589,150.9407,1667970000,4800400.0,2022-11-09 05:00:00
158.4701,158.9237,153.1995,156.1206,1668056400,9898200.0,2022-11-10 05:00:00
162.8244,164.0037,157.2998,158.7967,1668142800,6911900.0,2022-11-11 05:00:00
160.9648,164.3031,160.7924,162.3799,1668402000,5447300.0,2022-11-14 05:00:00
161.0827,165.6638,160.3932,165.1467,1668488400,6601000.0,2022-11-15 05:00:00
157.3543,160.0395,156.9824,160.0395,1668574800,7664800.0,2022-11-16 05:00:00
159.0779,159.1414,154.787,154.8324,1668661200,5339800.0,2022-11-17 05:00:00
158.9145,160.3841,157.8804,160.0303,1668747600,5474800.0,2022-11-18 05:00:00
156.3927,158.4519,156.2748,158.2251,1669006800,4702700.0,2022-11-21 05:00:00
160.7652,160.8468,156.3474,158.6062,1669093200,4673500.0,2022-11-22 05:00:00
162.3617,163.0874,160.112,160.5656,1669179600,3939100.0,2022-11-23 05:00:00
160.629,162.6429,160.5927,162.6066,1669352400,1586400.0,2022-11-25 05:00:00
156.937,159.6856,156.3745,159.3953,1669611600,5358800.0,2022-11-28 05:00:00
156.9188,158.1707,155.4039,157.5176,1669698000,3134000.0,2022-11-29 05:00:00
163.7043,163.7497,155.0955,157.2726,1669784400,9780300.0,2022-11-30 05:00:00
161.0191,163.7587,159.8489,163.3233,1669870800,5479900.0,2022-12-01 05:00:00
161.1643,161.4637,157.3724,158.8783,1669957200,3822900.0,2022-12-02 05:00:00
160.9194,162.0533,159.0597,160.3297,1670216400,4875300.0,2022-12-05 05:00:00
158.1526,161.6179,157.1003,161.5997,1670302800,4417900.0,2022-12-06 05:00:00
157.6173,158.7785,156.2566,156.5106,1670389200,3242800.0,2022-12-07 05:00:00
159.985,160.1302,156.8009,157.6264,1670475600,3902700.0,2022-12-08 05:00:00
158.08,160.1846,157.953,159.6222,1670562000,3966700.0,2022-12-09 05:00:00
161.001,161.0827,156.8554,157.9439,1670821200,5347000.0,2022-12-12 05:00:00
161.0191,166.0901,159.5405,165.2192,1670907600,6951000.0,2022-12-13 05:00:00
159.4952,163.1147,157.9712,160.3479,1670994000,5114600.0,2022-12-14 05:00:00
154.2246,158.3159,153.39,157.4178,1671080400,6007300.0,2022-12-15 05:00:00
153.8073,154.2609,151.9295,153.3084,1671166800,10423600.0,2022-12-16 05:00:00
152.0475,154.0976,150.6323,153.8799,1671426000,4507000.0,2022-12-19 05:00:00
150.6685,152.2016,150.3329,151.1856,1671512400,3777600.0,2022-12-20 05:00:00
153.0634,153.2267,151.0405,151.4941,1671598800,3632100.0,2022-12-21 05:00:00
149.4076,151.0587,146.4957,150.6504,1671685200,7188700.0,2022-12-22 05:00:00
149.1174,149.4984,147.2124,147.8927,1671771600,2597000.0,2022-12-23 05:00:00
148.5731,149.3079,146.9311,148.4642,1672117200,3535600.0,2022-12-27 05:00:00
146.2236,149.825,145.897,148.4189,1672203600,2998600.0,2022-12-28 05:00:00
149.6979,150.6232,147.7022,148.1013,1672290000,4081600.0,2022-12-29 05:00:00
149.8794,150.0336,147.1488,148.4914,1672376400,3249000.0,2022-12-30 05:00:00
148.056,152.0837,147.4935,151.6937,1672722000,4294100.0,2023-01-03 05:00:00
153.4626,153.9343,149.9519,149.9519,1672808400,6285300.0,2023-01-04 05:00:00
151.4306,154.2518,150.4418,152.2107,1672894800,6876800.0,2023-01-05 05:00:00
158.8964,159.8036,151.8751,153.8708,1672981200,6725900.0,2023-01-06 05:00:00
160.2753,163.6318,159.9487,160.7016,1673240400,5733900.0,2023-01-09 05:00:00
161.8356,162.9423,159.5042,160.2299,1673326800,4267700.0,2023-01-10 05:00:00
162.262,162.4253,160.5021,161.6723,1673413200,5013900.0,2023-01-11 05:00:00
161.5907,164.3484,160.5565,163.033,1673499600,4324900.0,2023-01-12 05:00:00
162.389,162.4797,159.858,160.6291,1673586000,3736700.0,2023-01-13 05:00:00
159.1142,163.1238,159.0235,162.1985,1673931600,5659400.0,2023-01-17 05:00:00
157.6264,160.8559,157.4722,159.9941,1674018000,5874300.0,2023-01-18 05:00:00
155.0592,157.5992,153.8708,157.2817,1674104400,5995700.0,2023-01-19 05:00:00
156.937,157.4722,153.9887,156.429,1674190800,7569900.0,2023-01-20 05:00:00
161.627,162.398,156.5378,157.5266,1674450000,7847600.0,2023-01-23 05:00:00
160.6019,161.9445,159.0597,160.3388,1674536400,5351600.0,2023-01-24 05:00:00
158.7876,161.6632,155.5763,160.2299,1674622800,6720700.0,2023-01-25 05:00:00
157.9349,158.9962,155.8393,158.9962,1674709200,6287900.0,2023-01-26 05:00:00
158.969,160.8468,155.9119,156.5106,1674795600,6074900.0,2023-01-27 05:00:00
158.1742,160.0471,157.3336,157.4524,1675054800,5048900.0,2023-01-30 05:00:00
161.9017,161.9839,158.0371,158.2107,1675141200,5852400.0,2023-01-31 05:00:00
166.3693,167.8219,161.4906,161.7099,1675227600,7835800.0,2023-02-01 05:00:00
168.763,169.4299,160.5678,167.9864,1675314000,11667100.0,2023-02-02 05:00:00
166.5429,169.238,165.9033,165.9947,1675400400,5732200.0,2023-02-03 05:00:00
165.3643,166.8078,163.9391,164.9166,1675659600,4385700.0,2023-02-06 05:00:00
167.6392,168.3518,163.8751,165.4283,1675746000,4799900.0,2023-02-07 05:00:00
161.253,166.8169,161.2256,166.086,1675832400,5657600.0,2023-02-08 05:00:00
159.8735,164.9075,159.4898,163.7381,1675918800,5572000.0,2023-02-09 05:00:00
160.6044,160.9242,158.1559,158.8411,1676005200,5466400.0,2023-02-10 05:00:00
161.4449,162.4407,160.513,161.2713,1676264400,3443200.0,2023-02-13 05:00:00
161.1068,162.3037,158.3934,160.0288,1676350800,4179200.0,2023-02-14 05:00:00
163.0803,163.2721,159.6725,159.7273,1676437200,3879700.0,2023-02-15 05:00:00
160.8693,162.9158,160.2663,161.6276,1676523600,4212400.0,2023-02-16 05:00:00
160.175,161.792,159.4075,160.047,1676610000,4060800.0,2023-02-17 05:00:00
156.0089,159.8004,155.8536,158.5579,1676955600,7030300.0,2023-02-21 05:00:00
155.1318,157.087,154.1817,156.2464,1677042000,4577400.0,2023-02-22 05:00:00
156.9774,158.0737,153.935,157.827,1677128400,4856600.0,2023-02-23 05:00:00
154.5289,155.4333,153.3046,154.7207,1677214800,4118300.0,2023-02-24 05:00:00
155.9906,157.1601,155.6617,156.5845,1677474000,3310100.0,2023-02-27 05:00:00
156.6393,157.6625,154.7298,155.2688,1677560400,3674500.0,2023-02-28 05:00:00
157.2971,157.5346,155.1409,156.2647,1677646800,4649800.0,2023-03-01 05:00:00
159.0421,159.8095,155.4151,156.347,1677733200,4551100.0,2023-03-02 05:00:00
160.5039,160.7506,157.5986,159.8826,1677819600,4379200.0,2023-03-03 05:00:00
158.1011,161.253,157.8727,160.1475,1678078800,4090100.0,2023-03-06 05:00:00
157.1966,158.969,156.3652,157.8453,1678165200,3844100.0,2023-03-07 05:00:00
160.9972,161.1251,158.1011,158.6127,1678251600,3805400.0,2023-03-08 05:00:00
158.4574,162.5413,158.0371,161.1252,1678338000,4651200.0,2023-03-09 05:00:00
156.8129,160.1293,156.2099,159.8826,1678424400,5929700.0,2023-03-10 05:00:00
158.8685,160.6409,155.2323,155.479,1678680000,5453400.0,2023-03-13 04:00:00
160.5496,160.979,157.9001,160.7506,1678766400,5034600.0,2023-03-14 04:00:00
159.3253,160.0014,157.0321,159.1791,1678852800,4918300.0,2023-03-15 04:00:00
161.8286,162.3311,157.8727,158.4757,1678939200,5028500.0,2023-03-16 04:00:00
160.5313,163.6193,159.5263,162.5138,1679025600,12963300.0,2023-03-17 04:00:00
163.6833,164.3319,160.3577,160.6866,1679284800,4964600.0,2023-03-20 04:00:00
162.9981,165.0537,161.0247,163.7016,1679371200,4217500.0,2023-03-21 04:00:00
161.0886,165.8029,161.0338,162.0479,1679457600,4738000.0,2023-03-22 04:00:00
164.7065,166.1774,162.0296,162.7514,1679544000,5083300.0,2023-03-23 04:00:00
164.003,164.8984,162.3129,164.2954,1679630400,5345400.0,2023-03-24 04:00:00
161.7555,164.2771,161.1708,164.1127,1679889600,4453200.0,2023-03-27 04:00:00
162.1575,162.2489,159.1974,161.1343,1679976000,4061500.0,2023-03-28 04:00:00
165.4008,166.1592,163.5005,163.9299,1680062400,5227100.0,2023-03-29 04:00:00
168.3244,168.5528,166.15,166.2779,1680148800,5535800.0,2023-03-30 04:00:00
169.9415,170.2065,167.3012,168.1234,1680235200,4793100.0,2023-03-31 04:00:00
168.2513,170.0968,166.9357,169.3203,1680494400,4143000.0,2023-04-03 04:00:00
164.8161,168.7173,164.2588,168.3427,1680580800,4724800.0,2023-04-04 04:00:00
161.8926,164.204,159.9923,163.9848,1680667200,5904900.0,2023-04-05 04:00:00
162.7331,163.7472,159.4898,160.7688,1680753600,3743000.0,2023-04-06 04:00:00
163.9208,164.204,160.9881,161.6642,1681099200,3488500.0,2023-04-10 04:00:00
164.3319,165.7115,163.9939,165.1268,1681185600,3296900.0,2023-04-11 04:00:00
162.2123,165.547,161.9108,165.547,1681272000,3559400.0,2023-04-12 04:00:00
163.6376,164.3411,160.2937,161.3535,1681358400,3264200.0,2023-04-13 04:00:00
163.5188,164.9441,161.9383,163.4549,1681444800,2741900.0,2023-04-14 04:00:00
164.4964,164.9532,162.4225,162.8793,1681704000,2845800.0,2023-04-17 04:00:00
164.7431,166.0313,163.7198,165.3735,1681790400,2774700.0,2023-04-18 04:00:00
161.7829,163.9573,161.6733,163.6558,1681876800,3093900.0,2023-04-19 04:00:00
161.3627,162.9067,158.5396,159.3528,1681963200,4710800.0,2023-04-20 04:00:00
161.7281,162.2215,159.7547,160.4308,1682049600,6792000.0,2023-04-21 04:00:00
160.7049,162.1027,160.1932,161.8378,1682308800,3360100.0,2023-04-24 04:00:00
154.7572,160.8328,154.7115,160.4216,1682395200,7136000.0,2023-04-25 04:00:00
150.2531,156.2008,149.5222,156.2008,1682481600,8647500.0,2023-04-26 04:00:00
150.9931,151.3038,147.1834,148.6726,1682568000,6697900.0,2023-04-27 04:00:00
152.7565,153.0488,150.6095,150.6095,1682654400,6575400.0,2023-04-28 04:00:00
152.2813,153.7614,151.7697,153.6792,1682913600,4831200.0,2023-05-01 04:00:00
149.778,153.0214,148.7274,151.9707,1683000000,7312400.0,2023-05-02 04:00:00
149.239,151.651,149.1659,150.6734,1683086400,4398800.0,2023-05-03 04:00:00
148.2797,149.7141,147.4209,149.2755,1683172800,4309000.0,2023-05-04 04:00:00
152.662,152.8369,148.4178,148.648,1683259200,5494700.0,2023-05-05 04:00:00
151.189,153.3801,150.4248,152.662,1683518400,3831300.0,2023-05-08 04:00:00
150.0658,150.5169,149.1543,149.3569,1683604800,5736800.0,2023-05-09 04:00:00
150.1118,151.9071,148.2613,151.7322,1683691200,4428800.0,2023-05-10 04:00:00
148.381,149.5318,147.2486,149.3937,1683777600,3320400.0,2023-05-11 04:00:00
149.0346,150.0289,147.6444,149.2464,1683864000,2400800.0,2023-05-12 04:00:00
152.1465,152.349,147.8839,148.5835,1684123200,3789100.0,2023-05-15 04:00:00
150.4156,152.8737,149.9369,151.9071,1684209600,4272900.0,2023-05-16 04:00:00
152.2201,152.5239,150.1302,151.4468,1684296000,4910300.0,2023-05-17 04:00:00
156.3354,156.6669,152.9014,153.1224,1684382400,4916300.0,2023-05-18 04:00:00
156.6116,157.4218,155.5344,157.0535,1684468800,4790500.0,2023-05-19 04:00:00
157.3021,157.5322,155.6357,156.2986,1684728000,3334000.0,2023-05-22 04:00:00
156.271,157.1916,155.7922,156.317,1684814400,5601200.0,2023-05-23 04:00:00
153.8128,155.1385,153.0026,153.6931,1684900800,7502500.0,2023-05-24 04:00:00
156.1605,156.9798,150.6182,151.9071,1684987200,7747200.0,2023-05-25 04:00:00
162.3012,163.0009,157.1272,157.7256,1685073600,8323200.0,2023-05-26 04:00:00
162.5406,164.0505,161.1412,163.719,1685419200,5677200.0,2023-05-30 04:00:00
160.0825,161.8501,159.4196,160.911,1685505600,8534000.0,2023-05-31 04:00:00
161.8593,162.4485,159.1802,161.9146,1685592000,3955400.0,2023-06-01 04:00:00
161.3253,162.6142,160.285,162.4945,1685678400,4788000.0,2023-06-02 04:00:00
156.7497,161.2885,156.2986,161.2885,1685937600,5520400.0,2023-06-05 04:00:00
156.8417,157.9281,155.4976,155.9579,1686024000,4032400.0,2023-06-06 04:00:00
158.3516,159.9995,156.9246,157.5875,1686110400,4422700.0,2023-06-07 04:00:00
158.5634,160.0456,157.8176,159.3367,1686196800,3343700.0,2023-06-08 04:00:00
157.0535,160.0272,156.0316,159.6682,1686283200,4179000.0,2023-06-09 04:00:00
160.2297,160.4507,157.7808,157.9189,1686542400,4709300.0,2023-06-12 04:00:00
163.3323,164.1609,160.4875,162.5498,1686628800,5408100.0,2023-06-13 04:00:00
163.0653,164.1241,160.9202,161.8685,1686715200,4748400.0,2023-06-14 04:00:00
163.9584,165.1644,161.9329,162.2552,1686801600,4224100.0,2023-06-15 04:00:00
162.7339,165.5603,162.2736,165.2104,1686888000,10374500.0,2023-06-16 04:00:00
160.5244,162.9825,159.6681,161.0583,1687233600,3516000.0,2023-06-20 04:00:00
156.9522,159.8246,156.8601,158.8119,1687320000,4034300.0,2023-06-21 04:00:00
158.9316,158.9592,156.3354,156.5103,1687406400,3607800.0,2023-06-22 04:00:00
154.3744,156.7681,153.9325,156.4274,1687492800,8541600.0,2023-06-23 04:00:00
155.3595,157.4126,154.6875,155.1202,1687752000,4899600.0,2023-06-26 04:00:00
162.3196,162.559,156.0408,156.3538,1687838400,6257800.0,2023-06-27 04:00:00
161.0768,162.3841,160.4507,160.7913,1687924800,3425300.0,2023-06-28 04:00:00
162.7615,162.9917,160.5704,161.9697,1688011200,3704700.0,2023-06-29 04:00:00
165.7352,166.214,164.1793,164.6857,1688097600,6004400.0,2023-06-30 04:00:00
165.4959,166.8216,163.5257,165.8733,1688356800,2007600.0,2023-07-03 04:00:00
162.5222,164.6673,162.4485,164.612,1688529600,3729100.0,2023-07-05 04:00:00
160.9479,161.5555,159.3459,159.9167,1688616000,4555100.0,2023-07-06 04:00:00
159.9167,163.0193,159.8062,160.2942,1688702400,4585400.0,2023-07-07 04:00:00
165.2013,165.4682,160.7085,160.7269,1688961600,5563200.0,2023-07-10 04:00:00
164.6304,165.6892,162.8168,165.5603,1689048000,2755800.0,2023-07-11 04:00:00
167.8988,168.3867,165.726,166.6467,1689134400,5708600.0,2023-07-12 04:00:00
168.5892,169.4086,167.328,168.9391,1689220800,4441200.0,2023-07-13 04:00:00
166.4994,168.5064,166.0206,167.199,1689307200,3701300.0,2023-07-14 04:00:00
168.847,169.6388,164.5384,165.0631,1689566400,3918500.0,2023-07-17 04:00:00
169.1048,169.5835,166.6375,167.9632,1689652800,3040500.0,2023-07-18 04:00:00
169.0956,170.0254,168.5064,169.0219,1689739200,3686000.0,2023-07-19 04:00:00
165.6431,167.7146,165.0539,166.3152,1689825600,7154600.0,2023-07-20 04:00:00
169.694,170.8448,166.9689,167.5581,1689912000,17251600.0,2023-07-21 04:00:00
169.2981,171.0105,168.7549,169.9334,1690171200,4318500.0,2023-07-24 04:00:00
171.3144,173.1925,170.1359,170.3201,1690257600,6267800.0,2023-07-25 04:00:00
162.0342,163.5993,160.3862,162.8536,1690344000,11905100.0,2023-07-26 04:00:00
163.6177,166.7663,162.2552,164.1609,1690430400,8300400.0,2023-07-27 04:00:00
165.37,166.4455,164.0349,165.4905,1690516800,7540400.0,2023-07-28 04:00:00
166.8812,167.252,165.3329,165.4998,1690776000,4065200.0,2023-07-31 04:00:00
165.37,166.3898,164.7396,165.9541,1690862400,4028700.0,2023-08-01 04:00:00
159.8722,163.8031,159.1954,163.4045,1690948800,6914500.0,2023-08-02 04:00:00
159.2788,159.7053,157.2762,158.0272,1691035200,4515200.0,2023-08-03 04:00:00
156.1637,158.4259,154.9306,157.2392,1691121600,6052800.0,2023-08-04 04:00:00
156.6458,157.4431,154.773,157.0259,1691380800,4315700.0,2023-08-07 04:00:00
154.5783,155.218,152.4459,155.1068,1691467200,4628000.0,2023-08-08 04:00:00
155.079,156.6643,154.2446,154.5691,1691553600,4701400.0,2023-08-09 04:00:00
155.3478,158.1106,154.7637,156.3584,1691640000,4975300.0,2023-08-10 04:00:00
154.0869,154.2445,152.6406,153.7068,1691726400,5454800.0,2023-08-11 04:00:00
158.055,158.1755,153.6234,154.0869,1691985600,5933600.0,2023-08-14 04:00:00
155.9041,157.7583,155.4034,157.3968,1692072000,3920900.0,2023-08-15 04:00:00
153.6419,156.2842,153.2525,155.3756,1692158400,4558400.0,2023-08-16 04:00:00
153.679,154.977,153.1784,153.6419,1692244800,3987800.0,2023-08-17 04:00:00
154.3558,154.6803,152.2049,152.5758,1692331200,4456000.0,2023-08-18 04:00:00
155.7094,156.2935,153.9849,154.5783,1692590400,3941800.0,2023-08-21 04:00:00
154.9306,157.267,154.0406,157.267,1692676800,3035600.0,2023-08-22 04:00:00
157.4524,158.0736,151.9824,151.9824,1692763200,4152900.0,2023-08-23 04:00:00
153.5214,158.9821,153.3453,158.9821,1692849600,6003200.0,2023-08-24 04:00:00
155.5797,156.1823,152.6963,154.3559,1692936000,3947500.0,2023-08-25 04:00:00
156.4047,157.5358,155.3664,156.8868,1693195200,3995100.0,2023-08-28 04:00:00
158.2497,158.7782,155.5147,155.8299,1693281600,3981700.0,2023-08-29 04:00:00
156.8961,157.8603,153.2711,154.3836,1693368000,5120400.0,2023-08-30 04:00:00
155.8114,157.8882,155.7558,156.516,1693454400,6026500.0,2023-08-31 04:00:00
157.4524,157.6286,156.2472,157.5915,1693540800,2611200.0,2023-09-01 04:00:00
157.369,158.4444,155.9597,156.7571,1693886400,2882200.0,2023-09-05 04:00:00
155.8021,157.6378,154.7359,157.3319,1693972800,4244000.0,2023-09-06 04:00:00
152.7056,154.2539,152.0195,153.6883,1694059200,6272100.0,2023-09-07 04:00:00
152.6592,153.3545,151.8804,153.0764,1694145600,3301100.0,2023-09-08 04:00:00
153.7532,154.5412,152.14,154.3836,1694404800,3191900.0,2023-09-11 04:00:00
151.5744,153.9849,151.5188,152.6684,1694491200,3739900.0,2023-09-12 04:00:00
152.3811,153.475,151.6115,151.9639,1694577600,3331900.0,2023-09-13 04:00:00
153.9479,154.4949,151.7135,154.2909,1694664000,4071600.0,2023-09-14 04:00:00
150.7679,154.3651,150.5917,154.0962,1694750400,9427900.0,2023-09-15 04:00:00
150.9626,151.6672,149.9705,150.1931,1695009600,3180100.0,2023-09-18 04:00:00
151.25,151.593,149.6461,150.6195,1695096000,3244400.0,2023-09-19 04:00:00
150.2858,152.585,149.2659,152.0287,1695182400,5035700.0,2023-09-20 04:00:00
148.7097,151.0275,148.6633,148.7004,1695268800,4492700.0,2023-09-21 04:00:00
148.6262,150.2394,148.5335,150.0262,1695355200,3715300.0,2023-09-22 04:00:00
149.1732,149.1918,147.6249,148.2925,1695614400,3107600.0,2023-09-25 04:00:00
146.4475,148.0792,145.9005,147.9773,1695700800,4164000.0,2023-09-26 04:00:00
146.6144,147.8845,144.5284,147.6435,1695787200,4232000.0,2023-09-27 04:00:00
147.4951,149.6182,146.5495,146.6144,1695873600,4271400.0,2023-09-28 04:00:00
147.421,149.4143,146.772,149.1176,1695960000,3664600.0,2023-09-29 04:00:00
148.2925,148.9322,146.327,147.8845,1696219200,2922300.0,2023-10-02 04:00:00
145.7892,148.7097,144.9456,146.5866,1696305600,3510700.0,2023-10-03 04:00:00
146.4568,146.9296,145.0847,146.1694,1696392000,4129900.0,2023-10-04 04:00:00
143.8052,147.56,143.4993,146.9111,1696478400,4389200.0,2023-10-05 04:00:00
145.5575,146.5773,142.3682,143.0264,1696564800,5016200.0,2023-10-06 04:00:00
145.2979,145.4092,143.4251,144.4728,1696824000,2747000.0,2023-10-09 04:00:00
146.1694,147.6157,144.89,145.2979,1696910400,3657400.0,2023-10-10 04:00:00
145.8634,146.7349,144.3893,144.927,1696996800,4452400.0,2023-10-11 04:00:00
143.7032,146.7349,142.9893,146.5217,1697083200,5643300.0,2023-10-12 04:00:00
141.6172,144.1482,141.1073,143.9999,1697169600,4319100.0,2023-10-13 04:00:00
143.0542,143.4529,141.9324,142.1828,1697428800,4872200.0,2023-10-16 04:00:00
143.0172,143.6198,140.8199,141.6821,1697515200,5098900.0,2023-10-17 04:00:00
140.755,142.8039,140.412,141.7748,1697601600,4837500.0,2023-10-18 04:00:00
139.9391,142.2755,139.5034,141.7006,1697688000,6041100.0,2023-10-19 04:00:00
137.0373,140.7457,136.8519,140.3842,1697774400,5391500.0,2023-10-20 04:00:00
135.6559,137.8438,135.3684,136.5459,1698033600,5398200.0,2023-10-23 04:00:00
136.2121,136.8519,135.3128,136.138,1698120000,7024400.0,2023-10-24 04:00:00
131.456,134.052,129.917,131.113,1698206400,12349200.0,2023-10-25 04:00:00
133.5142,135.9432,131.66,131.8083,1698292800,7888800.0,2023-10-26 04:00:00
132.6891,134.5155,131.9752,134.3208,1698379200,5327500.0,2023-10-27 04:00:00
131.4541,132.3055,130.4997,131.8002,1698638400,6640800.0,2023-10-30 04:00:00
132.8668,133.8305,131.0143,131.7347,1698724800,6570300.0,2023-10-31 04:00:00
133.9522,134.0831,131.7535,133.4563,1698811200,7503200.0,2023-11-01 04:00:00
137.8256,138.2934,135.1965,135.6082,1698897600,6297900.0,2023-11-02 04:00:00
140.5576,141.83,139.4816,139.6875,1698984000,5818700.0,2023-11-03 04:00:00
138.0034,140.5295,137.1707,139.9495,1699246800,6601400.0,2023-11-06 05:00:00
137.152,137.7601,136.1415,137.3484,1699333200,5193000.0,2023-11-07 05:00:00
135.8702,137.3765,135.1685,137.0116,1699419600,6901400.0,2023-11-08 05:00:00
134.0457,137.0678,133.9521,136.5344,1699506000,7061200.0,2023-11-09 05:00:00
137.7133,138.0782,133.868,135.655,1699592400,7214700.0,2023-11-10 05:00:00
136.4783,136.9836,135.8421,136.8152,1699851600,4345400.0,2023-11-13 05:00:00
140.2769,141.3716,139.3226,140.5482,1699938000,7051600.0,2023-11-14 05:00:00
142.092,143.7481,140.4828,141.2874,1700024400,5957000.0,2023-11-15 05:00:00
142.1107,143.1399,141.1003,142.1762,1700110800,5599400.0,2023-11-16 05:00:00
144.665,145.4883,142.1201,142.4943,1700197200,7524200.0,2023-11-17 05:00:00
145.5257,146.2181,144.0381,144.1036,1700456400,5836900.0,2023-11-20 05:00:00
143.5516,144.7024,142.6534,144.7024,1700542800,3877600.0,2023-11-21 05:00:00
144.0194,146.1058,143.4112,144.5527,1700629200,3159800.0,2023-11-22 05:00:00
143.7013,144.4872,143.299,144.3843,1700802000,1604800.0,2023-11-24 05:00:00
142.775,143.4767,141.6523,142.7469,1701061200,4130700.0,2023-11-27 05:00:00
143.0557,143.1773,141.671,142.3166,1701147600,3883800.0,2023-11-28 05:00:00
143.3364,145.8158,143.1025,144.8334,1701234000,3647100.0,2023-11-29 05:00:00
142.8779,144.7491,141.5306,144.7211,1701320400,6641400.0,2023-11-30 05:00:00
145.217,145.3105,142.1295,143.2522,1701406800,4095500.0,2023-12-01 05:00:00
147.2847,147.397,144.1036,144.6276,1701666000,6572000.0,2023-12-04 05:00:00
147.1256,147.5841,144.8708,146.3865,1701752400,4935600.0,2023-12-05 05:00:00
146.0029,149.3337,145.9093,148.8846,1701838800,4952200.0,2023-12-06 05:00:00
147.5279,148.4729,144.7211,146.742,1701925200,6495400.0,2023-12-07 05:00:00
146.9198,148.1268,146.2275,147.1631,1702011600,4732100.0,2023-12-08 05:00:00
149.6705,150.8494,147.818,148.3607,1702270800,7585500.0,2023-12-11 05:00:00
147.7525,149.605,147.3034,149.605,1702357200,4714400.0,2023-12-12 05:00:00
151.3921,151.8318,147.7899,147.8461,1702443600,5940900.0,2023-12-13 05:00:00
157.9133,158.325,152.6551,153.1323,1702530000,11428500.0,2023-12-14 05:00:00
157.7823,160.0746,156.9403,159.2512,1702616400,16337400.0,2023-12-15 05:00:00
156.6409,158.0911,155.1813,157.6046,1702875600,5015200.0,2023-12-18 05:00:00
157.6513,158.0256,156.3227,157.4268,1702962000,4379400.0,2023-12-19 05:00:00
154.5451,157.7355,154.4422,157.2303,1703048400,5098700.0,2023-12-20 05:00:00
156.0701,156.7812,155.0035,156.042,1703134800,4040100.0,2023-12-21 05:00:00
157.4081,158.0443,156.0795,156.4912,1703221200,3492400.0,2023-12-22 05:00:00
159.8126,160.4863,157.6046,158.063,1703566800,3202200.0,2023-12-26 05:00:00
160.2056,160.5704,159.3635,160.1962,1703653200,3264900.0,2023-12-27 05:00:00
160.664,161.216,159.719,160.926,1703739600,3023000.0,2023-12-28 05:00:00
159.4851,160.6453,158.9799,160.4956,1703826000,2920600.0,2023-12-29 05:00:00
158.3624,158.9892,156.6315,157.9788,1704171600,5652500.0,2024-01-02 05:00:00
156.0046,157.6513,155.5088,157.1742,1704258000,5874900.0,2024-01-03 05:00:00
153.8808,155.041,151.9441,152.0376,1704344400,6445700.0,2024-01-04 05:00:00
154.4702,155.5275,153.5814,154.2831,1704430800,3087200.0,2024-01-05 05:00:00
157.6888,157.8104,154.0024,154.5732,1704690000,5717500.0,2024-01-08 05:00:00
157.7729,159.5413,155.3123,155.3123,1704776400,5018500.0,2024-01-09 05:00:00
156.4818,157.67,154.4796,157.6513,1704862800,4045200.0,2024-01-10 05:00:00
154.938,157.0712,154.4047,156.3976,1704949200,5635600.0,2024-01-11 05:00:00
154.255,156.4444,153.3381,155.9298,1705035600,4205000.0,2024-01-12 05:00:00
153.3288,154.8258,152.1312,153.8153,1705381200,6682800.0,2024-01-16 05:00:00
151.9628,152.4306,149.9699,152.0938,1705467600,4079000.0,2024-01-17 05:00:00
156.1637,156.6034,152.6738,154.0679,1705554000,6583700.0,2024-01-18 05:00:00
162.4697,163.8825,159.2793,159.8968,1705640400,13345800.0,2024-01-19 05:00:00
163.5738,165.2766,162.4417,162.7972,1705899600,6850700.0,2024-01-22 05:00:00
163.1153,165.2017,163.0405,163.5831,1705986000,9459400.0,2024-01-23 05:00:00
159.1202,161.768,157.6887,160.2617,1706072400,15100400.0,2024-01-24 05:00:00
156.6409,160.4863,156.0889,160.0465,1706158800,7088200.0,2024-01-25 05:00:00
153.5253,155.4994,152.7674,155.4994,1706245200,8800900.0,2024-01-26 05:00:00
155.3497,155.6117,152.9077,153.5159,1706504400,6076600.0,2024-01-29 05:00:00
152.813,154.4444,152.3321,153.6146,1706590800,4897600.0,2024-01-30 05:00:00
150.993,153.8692,150.2386,151.2665,1706677200,8665200.0,2024-01-31 05:00:00
150.5876,150.7573,147.7303,150.1443,1706763600,6542100.0,2024-02-01 05:00:00
150.1255,150.6913,148.777,149.3523,1706850000,4922400.0,2024-02-02 05:00:00
149.8426,150.8704,148.6072,150.8704,1707109200,4190100.0,2024-02-05 05:00:00
149.3428,150.597,148.3621,150.0972,1707195600,4139800.0,2024-02-06 05:00:00
149.72,151.1534,149.2108,150.8139,1707282000,4627900.0,2024-02-07 05:00:00
151.0779,151.8795,149.7294,150.2292,1707368400,3487700.0,2024-02-08 05:00:00
153.1431,153.2185,151.474,152.0869,1707454800,3919500.0,2024-02-09 05:00:00
151.8983,153.558,151.87,153.1431,1707714000,3853000.0,2024-02-12 05:00:00
147.9094,150.3329,146.5987,149.2391,1707800400,5357900.0,2024-02-13 05:00:00
148.8713,149.9746,147.6454,148.8524,1707886800,4528000.0,2024-02-14 05:00:00
151.5494,152.0775,149.8426,149.8426,1707973200,3725300.0,2024-02-15 05:00:00
151.2382,152.9073,150.3424,151.2099,1708059600,3167600.0,2024-02-16 05:00:00
153.4637,153.624,150.1821,150.2858,1708405200,5406200.0,2024-02-20 05:00:00
154.7273,154.765,152.2944,153.2562,1708491600,4530000.0,2024-02-21 05:00:00
156.0004,156.651,154.1709,155.5006,1708578000,5041200.0,2024-02-22 05:00:00
154.3596,156.5379,154.303,156.3776,1708664400,3479100.0,2024-02-23 05:00:00
154.9348,156.0758,154.4444,155.2365,1708923600,5251300.0,2024-02-26 05:00:00
155.5383,156.2173,154.8876,155.1988,1709010000,2886600.0,2024-02-27 05:00:00
153.7466,154.5387,153.1242,154.1804,1709096400,2933000.0,2024-02-28 05:00:00
157.7921,158.339,154.9159,155.5006,1709182800,7267200.0,2024-02-29 05:00:00
161.3,162.2807,157.7827,157.9995,1709269200,5233700.0,2024-03-01 05:00:00
162.6108,163.186,161.1209,162.6674,1709528400,4401600.0,2024-03-04 05:00:00
160.9134,162.8748,159.6309,161.5924,1709614800,6215600.0,2024-03-05 05:00:00
162.0733,165.7698,160.9511,163.2426,1709701200,6312700.0,2024-03-06 05:00:00
165.2795,167.6181,162.4599,162.4599,1709787600,5980400.0,2024-03-07 05:00:00
162.4788,165.5718,162.4505,165.4587,1709874000,5632600.0,2024-03-08 05:00:00
164.261,164.3459,161.7527,162.4599,1710129600,4207300.0,2024-03-11 04:00:00
164.8363,166.2979,163.3558,165.9584,1710216000,5802600.0,2024-03-12 04:00:00
162.8371,164.3553,161.4509,163.9781,1710302400,5199500.0,2024-03-13 04:00:00
161.3849,163.733,160.1213,163.4312,1710388800,5028200.0,2024-03-14 04:00:00
162.6862,163.1672,159.0745,159.9327,1710475200,19078800.0,2024-03-15 04:00:00
159.5649,164.8268,159.4234,164.5911,1710734400,5213800.0,2024-03-18 04:00:00
157.2545,158.7162,156.519,158.1221,1710820800,5640000.0,2024-03-19 04:00:00
160.291,160.4419,156.7925,157.5563,1710907200,4404600.0,2024-03-20 04:00:00
162.7522,164.8268,161.9318,162.9786,1710993600,4371600.0,2024-03-21 04:00:00
162.6485,163.8273,161.4981,161.9413,1711080000,4177200.0,2024-03-22 04:00:00
161.1114,162.5071,160.8851,161.0926,1711339200,3298600.0,2024-03-25 04:00:00
158.339,162.0638,157.9618,161.6678,1711425600,5898300.0,2024-03-26 04:00:00
163.0163,163.0634,159.2066,159.3669,1711512000,4272300.0,2024-03-27 04:00:00
164.2799,165.8264,163.4501,163.5915,1711598400,4417800.0,2024-03-28 04:00:00
163.2992,165.883,163.0069,164.195,1711944000,2303200.0,2024-04-01 04:00:00
160.6494,162.5259,159.9327,162.5259,1712030400,3304500.0,2024-04-02 04:00:00
160.6305,161.1491,158.3201,159.9138,1712116800,3295800.0,2024-04-03 04:00:00
158.9237,163.1389,158.5182,161.979,1712203200,7491300.0,2024-04-04 04:00:00
157.9524,159.6026,157.6129,158.9614,1712289600,5012300.0,2024-04-05 04:00:00
159.8006,160.5833,157.726,158.0561,1712548800,3154000.0,2024-04-08 04:00:00
163.5726,163.6292,160.4325,161.2529,1712635200,4830700.0,2024-04-09 04:00:00
159.2914,160.6965,158.3295,160.1873,1712721600,5662800.0,2024-04-10 04:00:00
161.4415,162.0544,158.5465,160.2156,1712808000,4352100.0,2024-04-11 04:00:00
156.8491,159.7724,156.321,158.8199,1712894400,5473600.0,2024-04-12 04:00:00
156.8679,159.6875,155.8966,158.6973,1713153600,4739500.0,2024-04-15 04:00:00
158.0372,158.9142,157.3111,157.9335,1713240000,3389000.0,2024-04-16 04:00:00
156.255,159.348,156.0664,158.7822,1713326400,4564900.0,2024-04-17 04:00:00
154.3407,155.2931,152.3415,154.3501,1713412800,5605500.0,2024-04-18 04:00:00
150.5781,155.0479,150.0406,153.7843,1713499200,10497600.0,2024-04-19 04:00:00
154.1144,154.7839,150.927,151.1251,1713758400,5942400.0,2024-04-22 04:00:00
156.0381,157.3866,153.1996,153.7466,1713844800,6833600.0,2024-04-23 04:00:00
164.8457,169.2589,163.7141,168.0707,1713931200,13965900.0,2024-04-24 04:00:00
165.2606,166.958,162.441,166.0339,1714017600,9130800.0,2024-04-25 04:00:00
167.3635,168.1368,165.0249,165.2606,1714104000,5401900.0,2024-04-26 04:00:00
169.0703,169.5418,167.2032,167.3635,1714363200,4191500.0,2024-04-29 04:00:00
166.3639,169.0232,166.2602,168.2499,1714449600,6444300.0,2024-04-30 04:00:00
165.2135,168.5234,164.4591,165.817,1714536000,7167700.0,2024-05-01 04:00:00
165.7793,169.5607,163.7518,169.5607,1714622400,4838300.0,2024-05-02 04:00:00
168.712,169.4381,167.3164,167.3729,1714708800,4545100.0,2024-05-03 04:00:00
171.3147,171.5221,169.0515,169.6456,1714968000,4127400.0,2024-05-06 04:00:00
173.4992,174.373,172.5494,172.7394,1715054400,5152700.0,2024-05-07 04:00:00
174.7149,174.8289,172.3784,172.6349,1715140800,4220900.0,2024-05-08 04:00:00
176.0162,176.4246,174.4395,174.7624,1715227200,5843300.0,2024-05-09 04:00:00
177.6593,177.9442,176.4056,176.548,1715313600,5606800.0,2024-05-10 04:00:00
178.3906,178.9225,177.2984,177.6118,1715572800,3686300.0,2024-05-13 04:00:00
181.5345,181.8479,177.7068,178.0297,1715659200,4917500.0,2024-05-14 04:00:00
185.7136,185.7896,182.2563,182.9117,1715745600,5936800.0,2024-05-15 04:00:00
185.1817,186.0365,182.9212,182.9307,1715832000,5371800.0,2024-05-16 04:00:00
185.2292,186.6824,184.0989,185.2102,1715918400,4534200.0,2024-05-17 04:00:00
189.1993,189.2658,184.7353,185.2292,1716177600,5282800.0,2024-05-20 04:00:00
189.0189,189.2943,186.9578,187.2713,1716264000,5489100.0,2024-05-21 04:00:00
192.3716,193.3974,189.6267,189.9307,1716350400,9119000.0,2024-05-22 04:00:00
187.3852,192.7611,186.9578,192.4287,1716436800,7125400.0,2024-05-23 04:00:00
189.1803,189.7407,187.8221,188.8479,1716523200,4354100.0,2024-05-24 04:00:00
189.5793,195.658,187.9741,195.658,1716868800,8661000.0,2024-05-28 04:00:00
185.1247,187.7366,184.9822,186.7868,1716955200,5607800.0,2024-05-29 04:00:00
185.856,186.0935,184.0229,185.6376,1717041600,5213500.0,2024-05-30 04:00:00
185.2197,186.8154,180.7082,185.5616,1717128000,9137300.0,2024-05-31 04:00:00
183.9945,186.7584,182.0759,186.5114,1717387200,4153500.0,2024-06-03 04:00:00
183.5955,184.6688,182.4178,183.605,1717473600,7221600.0,2024-06-04 04:00:00
186.236,186.3689,183.8235,185.0012,1717560000,5988600.0,2024-06-05 04:00:00
186.3879,186.7678,184.7543,186.141,1717646400,3905500.0,2024-06-06 04:00:00
185.7896,187.4802,185.0012,186.1125,1717732800,3308400.0,2024-06-07 04:00:00
187.6986,187.8696,184.2604,184.4313,1717992000,4202400.0,2024-06-10 04:00:00
187.5277,187.9076,184.7163,187.2522,1718078400,4193200.0,2024-06-11 04:00:00
188.9904,191.1844,187.4612,189.4558,1718164800,4655700.0,2024-06-12 04:00:00
186.4259,187.5277,185.0772,185.2102,1718251200,3409900.0,2024-06-13 04:00:00
184.1654,185.8086,183.3771,184.1084,1718337600,3479100.0,2024-06-14 04:00:00
185.1152,185.3906,182.5223,183.472,1718596800,3804900.0,2024-06-17 04:00:00
186.3974,186.9103,184.4788,185.4381,1718683200,3036900.0,2024-06-18 04:00:00
183.0826,184.7353,182.5318,184.7353,1718856000,5464900.0,2024-06-20 04:00:00
185.7136,187.5657,183.9944,185.2007,1718942400,12516800.0,2024-06-21 04:00:00
184.1749,186.6919,183.643,185.7611,1719201600,3655700.0,2024-06-24 04:00:00
184.7068,185.1532,183.1396,185.1532,1719288000,3456400.0,2024-06-25 04:00:00
183.4056,185.2007,182.5318,184.0799,1719374400,3301000.0,2024-06-26 04:00:00
183.719,184.1654,182.1709,182.9972,1719460800,3874500.0,2024-06-27 04:00:00
184.7638,187.9551,183.7855,184.4029,1719547200,8861000.0,2024-06-28 04:00:00
184.8303,185.1912,183.0637,183.909,1719806400,2873600.0,2024-07-01 04:00:00
188.4585,189.0569,184.6878,185.2007,1719892800,4168700.0,2024-07-02 04:00:00
188.9524,189.5508,186.255,188.1831,1719979200,2454800.0,2024-07-03 04:00:00
188.8099,190.1016,187.3377,189.9592,1720152000,2887900.0,2024-07-05 04:00:00
191.3554,191.5833,189.3893,189.9687,1720411200,3927100.0,2024-07-08 04:00:00
190.1111,192.2387,189.0854,192.2387,1720497600,3742300.0,2024-07-09 04:00:00
193.3975,193.5494,190.909,191.2034,1720584000,4559500.0,2024-07-10 04:00:00
189.9497,193.7584,189.8452,193.5779,1720670400,5585400.0,2024-07-11 04:00:00
191.7353,194.9836,191.2034,191.9727,1720756800,3683800.0,2024-07-12 04:00:00
191.6308,192.8845,190.7475,191.7258,1721016000,3089500.0,2024-07-15 04:00:00
196.2468,196.3893,192.4191,193.2645,1721102400,3134400.0,2024-07-16 04:00:00
194.0053,200.255,193.7868,194.8411,1721188800,7792500.0,2024-07-17 04:00:00
195.5345,196.6077,193.0745,194.5467,1721275200,5497200.0,2024-07-18 04:00:00
189.1043,195.8004,188.7624,195.05,1721361600,4868000.0,2024-07-19 04:00:00
195.544,195.6579,190.9185,192.9035,1721620800,6063800.0,2024-07-22 04:00:00
188.335,192.7896,187.5277,190.5195,1721707200,6083300.0,2024-07-23 04:00:00
188.3255,196.1803,187.0243,195.9999,1721793600,11049100.0,2024-07-24 04:00:00
187.2523,191.6023,184.3744,188.3255,1721880000,9555400.0,2024-07-25 04:00:00
191.8492,194.1193,189.0853,190.4055,1721966400,5384800.0,2024-07-26 04:00:00
191.7448,193.8818,190.681,193.065,1722225600,3392000.0,2024-07-29 04:00:00
190.8995,194.2237,189.6837,193.3879,1722312000,6062600.0,2024-07-30 04:00:00
194.8381,195.4595,190.7083,195.4595,1722398400,7462400.0,2024-07-31 04:00:00
184.8194,195.1345,182.5538,192.8688,1722484800,7958500.0,2024-08-01 04:00:00
179.2079,181.2728,177.8791,179.2557,1722571200,8050200.0,2024-08-02 04:00:00
173.2139,180.4315,172.1432,176.4833,1722830400,8659900.0,2024-08-05 04:00:00
178.7203,181.9419,174.5618,175.4413,1722916800,6210900.0,2024-08-06 04:00:00
175.9671,183.0891,175.6325,181.8655,1723003200,5013000.0,2024-08-07 04:00:00
184.7908,185.4695,177.3819,178.988,1723089600,6180400.0,2024-08-08 04:00:00
183.7487,184.9342,181.6074,182.6111,1723176000,3066500.0,2024-08-09 04:00:00
183.6053,185.1062,182.3817,183.9782,1723435200,5235900.0,2024-08-12 04:00:00
188.5669,189.0066,184.8864,185.2688,1723521600,4969000.0,2024-08-13 04:00:00
186.9991,188.6912,184.9342,188.3374,1723608000,3072000.0,2024-08-14 04:00:00
193.0409,194.2167,189.7619,191.6738,1723694400,5081900.0,2024-08-15 04:00:00
191.7025,193.538,189.4559,193.0408,1723780800,4236400.0,2024-08-16 04:00:00
191.8268,192.1996,189.2839,191.7121,1724040000,3788900.0,2024-08-19 04:00:00
193.624,195.4499,189.3699,191.6165,1724126400,7111400.0,2024-08-20 04:00:00
199.1974,201.5969,195.8801,197.2663,1724212800,8119300.0,2024-08-21 04:00:00
194.7999,200.4115,193.8726,199.2834,1724299200,6879900.0,2024-08-22 04:00:00
200.6409,201.2432,197.2281,197.7156,1724385600,6112000.0,2024-08-23 04:00:00
199.0826,200.7652,198.4135,199.7996,1724644800,5806000.0,2024-08-26 04:00:00
201.4153,201.8168,198.423,198.7672,1724731200,4373400.0,2024-08-27 04:00:00
198.5951,201.9697,196.903,201.3579,1724817600,3998100.0,2024-08-28 04:00:00
201.7976,204.9715,200.421,201.3674,1724904000,5622800.0,2024-08-29 04:00:00
204.9046,205.2105,202.094,203.222,1724990400,5860900.0,2024-08-30 04:00:00
192.9453,202.6198,192.3335,202.6198,1725336000,9284000.0,2024-09-03 04:00:00
195.0197,196.6832,191.4731,192.7445,1725422400,4650400.0,2024-09-04 04:00:00
192.6776,195.2779,190.8899,193.3946,1725508800,4107400.0,2024-09-05 04:00:00
188.7581,192.9835,188.0698,192.6298,1725595200,6314400.0,2024-09-06 04:00:00
192.3143,193.385,190.2303,193.1938,1725854400,4864100.0,2024-09-09 04:00:00
191.0046,192.4195,188.3566,192.3143,1725940800,4859400.0,2024-09-10 04:00:00
193.4998,193.8917,186.4542,190.909,1726027200,5900500.0,2024-09-11 04:00:00
187.3528,193.1078,186.1005,192.7254,1726113600,7201000.0,2024-09-12 04:00:00
191.1289,192.0371,188.1654,188.433,1726200000,4617000.0,2024-09-13 04:00:00
189.7332,190.7178,187.3623,189.9722,1726459200,3717800.0,2024-09-16 04:00:00
192.5246,193.3468,190.1729,190.6605,1726545600,3478500.0,2024-09-17 04:00:00
191.8746,195.947,191.1576,193.7578,1726632000,4262100.0,2024-09-18 04:00:00
198.4613,201.291,196.6353,198.4708,1726718400,5155600.0,2024-09-19 04:00:00
194.3506,196.2243,192.2283,195.383,1726804800,14502900.0,2024-09-20 04:00:00
194.8764,195.8037,193.9108,194.9146,1727064000,2757400.0,2024-09-23 04:00:00
195.9184,199.2452,195.6029,196.9891,1727150400,5573200.0,2024-09-24 04:00:00
196.0331,196.3294,194.1785,194.1976,1727236800,4124600.0,2024-09-25 04:00:00
200.0482,201.3005,196.0331,201.0615,1727323200,4521300.0,2024-09-26 04:00:00
199.9335,202.3999,199.618,201.5491,1727409600,3074400.0,2024-09-27 04:00:00
197.4766,199.5128,195.1153,197.0273,1727668800,5459100.0,2024-09-30 04:00:00
192.7254,197.9068,190.909,196.989,1727755200,9039900.0,2024-10-01 04:00:00
194.4748,196.6927,192.8305,193.9777,1727841600,4389400.0,2024-10-02 04:00:00
192.7923,194.4844,191.4539,192.2283,1727928000,3167000.0,2024-10-03 04:00:00
193.7865,197.2759,192.4768,197.0273,1728014400,4092900.0,2024-10-04 04:00:00
192.4099,193.8534,190.8803,191.7598,1728273600,2772400.0,2024-10-07 04:00:00
193.3085,194.3027,190.4693,192.1327,1728360000,6283700.0,2024-10-08 04:00:00
195.9471,196.4537,192.5151,192.6776,1728446400,3214900.0,2024-10-09 04:00:00
193.5571,194.4079,192.0371,193.0696,1728532800,3649400.0,2024-10-10 04:00:00
196.0809,196.7309,192.5055,192.5055,1728619200,2815800.0,2024-10-11 04:00:00
199.4746,199.7614,196.5875,197.0655,1728878400,3291600.0,2024-10-14 04:00:00
191.0429,199.465,190.1442,198.8628,1728964800,6818800.0,2024-10-15 04:00:00
191.8554,193.2034,190.5075,193.0886,1729051200,3311300.0,2024-10-16 04:00:00
189.5707,195.8801,189.389,195.8801,1729137600,4686900.0,2024-10-17 04:00:00
189.7332,191.1576,188.0793,190.6987,1729224000,4029500.0,2024-10-18 04:00:00
187.1521,189.217,185.5747,188.0794,1729483200,4948100.0,2024-10-21 04:00:00
185.4313,186.7027,184.3606,185.0871,1729569600,7910800.0,2024-10-22 04:00:00
192.8592,194.0638,189.2839,192.19,1729656000,10548500.0,2024-10-23 04:00:00
197.5149,197.8017,192.3526,193.8917,1729742400,9309300.0,2024-10-24 04:00:00
197.8208,202.0844,197.6487,198.4708,1729828800,5103100.0,2024-10-25 04:00:00
196.7692,198.184,195.9757,197.2854,1730088000,4409000.0,2024-10-28 04:00:00
202.0462,202.2756,196.2721,197.0655,1730174400,5522800.0,2024-10-29 04:00:00
198.7767,201.53,198.6047,198.8437,1730260800,4914000.0,2024-10-30 04:00:00
195.4954,200.1143,193.8018,200.1143,1730347200,6543000.0,2024-10-31 04:00:00
197.189,198.9211,195.4184,195.4184,1730433600,4208800.0,2024-11-01 04:00:00
195.9765,197.8433,194.9084,195.8129,1730696400,3693800.0,2024-11-04 05:00:00
194.8218,197.7663,192.1852,194.4465,1730782800,5253200.0,2024-11-05 05:00:00
206.8598,207.543,200.5088,201.0477,1730869200,8527500.0,2024-11-06 05:00:00
209.3329,210.0161,207.4372,207.6585,1730955600,6020800.0,2024-11-07 05:00:00
211.9791,212.0754,208.0531,208.8614,1731042000,5020700.0,2024-11-08 05:00:00
207.7259,211.4403,206.244,209.7852,1731301200,6154700.0,2024-11-11 05:00:00
204.7525,207.2832,201.1151,207.264,1731387600,4990800.0,2024-11-12 05:00:00
197.9588,203.8575,197.5931,203.0492,1731474000,7921800.0,2024-11-13 05:00:00
198.2282,199.2579,196.6693,197.5258,1731560400,4783800.0,2024-11-14 05:00:00
193.5323,197.0446,192.724,196.1593,1731646800,5970400.0,2024-11-15 05:00:00
199.3637,199.8352,193.9269,194.5716,1731906000,7912100.0,2024-11-18 05:00:00
193.4842,198.5458,193.4073,198.1224,1731992400,6716000.0,2024-11-19 05:00:00
190.7129,192.0697,189.0578,190.607,1732078800,7344400.0,2024-11-20 05:00:00
190.7225,192.8684,188.5093,190.7706,1732165200,8080300.0,2024-11-21 05:00:00
190.5301,191.4057,189.0867,190.3087,1732251600,7861300.0,2024-11-22 05:00:00
195.274,196.4384,192.4161,193.8306,1732510800,9274400.0,2024-11-25 05:00:00
193.3687,199.1039,191.6366,198.2282,1732597200,5260500.0,2024-11-26 05:00:00
191.6752,193.821,190.1932,193.0704,1732683600,4732200.0,2024-11-27 05:00:00
193.4458,194.8699,192.1659,192.5316,1732856400,3167400.0,2024-11-29 05:00:00
194.1674,194.7737,190.9919,192.2429,1733115600,6373900.0,2024-12-02 05:00:00
189.7891,192.4257,189.5678,191.1652,1733202000,4743400.0,2024-12-03 05:00:00
189.231,190.9823,188.2302,190.2414,1733288400,7172600.0,2024-12-04 05:00:00
185.7091,189.7121,184.9585,188.3649,1733374800,6049100.0,2024-12-05 05:00:00
185.8149,187.7779,185.3338,186.3538,1733461200,5140700.0,2024-12-06 05:00:00
186.1517,190.3472,184.3715,184.7853,1733720400,3880300.0,2024-12-09 05:00:00
183.0051,186.3827,182.293,186.0362,1733806800,6064200.0,2024-12-10 05:00:00
184.4677,185.6898,183.034,184.8911,1733893200,6057800.0,2024-12-11 05:00:00
184.4774,185.0066,182.447,183.313,1733979600,4025600.0,2024-12-12 05:00:00
184.3619,184.9777,181.196,181.6868,1734066000,4772800.0,2024-12-13 05:00:00
182.3123,184.7372,182.0428,184.6217,1734325200,5829700.0,2024-12-16 05:00:00
181.0228,184.2753,180.4358,181.9851,1734411600,5046100.0,2024-12-17 05:00:00
178.0205,185.1028,177.8377,181.3403,1734498000,8281900.0,2024-12-18 05:00:00
177.5105,180.2915,176.9428,179.8392,1734584400,6290000.0,2024-12-19 05:00:00
179.8199,181.3596,176.4328,177.5105,1734670800,11462100.0,2024-12-20 05:00:00
182.9666,183.236,179.0117,179.0117,1734930000,4297600.0,2024-12-23 05:00:00
185.1798,185.2087,183.2841,183.3034,1735016400,1950900.0,2024-12-24 05:00:00
184.4966,185.4493,183.3323,183.4189,1735189200,2019000.0,2024-12-26 05:00:00
183.9673,184.5447,182.5336,183.2553,1735275600,3253500.0,2024-12-27 05:00:00
180.8688,182.5336,180.1471,182.5336,1735534800,4065200.0,2024-12-30 05:00:00
180.4358,181.9658,179.0405,181.5424,1735621200,3050500.0,2024-12-31 05:00:00
179.8969,182.957,177.9916,182.1775,1735794000,4500500.0,2025-01-02 05:00:00
183.3226,183.9289,180.1375,181.8022,1735880400,4574100.0,2025-01-03 05:00:00
184.9296,186.4597,182.1006,183.0725,1736139600,4682000.0,2025-01-06 05:00:00
184.9585,187.6529,183.8808,186.5078,1736226000,5035200.0,2025-01-07 05:00:00
184.4292,185.4204,180.9747,184.5639,1736312400,4230400.0,2025-01-08 05:00:00
182.9762,185.6321,181.3115,185.6321,1736485200,7223500.0,2025-01-10 05:00:00
183.8807,184.5255,180.5705,182.6683,1736744400,4799600.0,2025-01-13 05:00:00
186.1998,186.3057,183.0051,184.3138,1736830800,4254200.0,2025-01-14 05:00:00
190.0585,191.4442,188.288,188.288,1736917200,6288600.0,2025-01-15 05:00:00
180.3011,188.1051,180.0798,187.8068,1737003600,7463300.0,2025-01-16 05:00:00
185.1606,185.6513,182.8511,185.276,1737090000,5407500.0,2025-01-17 05:00:00
187.8646,189.0867,184.3715,184.4389,1737435600,9621700.0,2025-01-21 05:00:00
189.6159,191.1844,187.9319,188.3842,1737522000,8222000.0,2025-01-22 05:00:00
193.0416,193.0704,186.4981,187.47,1737608400,12694700.0,2025-01-23 05:00:00
178.5209,184.2753,178.0494,182.8319,1737694800,15856600.0,2025-01-24 05:00:00
179.9739,182.9185,176.7695,178.7422,1737954000,11771300.0,2025-01-27 05:00:00
173.7576,178.646,173.5459,178.5305,1738040400,8720300.0,2025-01-28 05:00:00
173.469,174.8161,172.8339,174.1907,1738126800,4183800.0,2025-01-29 05:00:00
178.2803,178.8577,173.469,173.6903,1738213200,5807100.0,2025-01-30 05:00:00
178.9589,183.2436,177.4757,178.1543,1738299600,6333700.0,2025-01-31 05:00:00
175.4012,177.6987,172.939,177.4272,1738558800,6311500.0,2025-02-03 05:00:00
175.0329,177.4467,174.0538,174.5094,1738645200,5785700.0,2025-02-04 05:00:00
176.0313,176.2349,172.2507,174.015,1738731600,5939800.0,2025-02-05 05:00:00
177.6696,178.0186,174.8196,175.7308,1738818000,5089800.0,2025-02-06 05:00:00
174.49,177.8053,173.792,177.6696,1738904400,5380500.0,2025-02-07 05:00:00
174.7905,176.012,173.6176,175.7987,1739163600,3827100.0,2025-02-10 05:00:00
173.763,176.3609,173.5206,173.8599,1739250000,3795300.0,2025-02-11 05:00:00
174.4803,174.9165,171.3492,172.0471,1739336400,5364200.0,2025-02-12 05:00:00
175.2655,176.7196,173.1426,173.666,1739422800,3737300.0,2025-02-13 05:00:00
177.4272,179.0655,175.5175,175.9538,1739509200,4137900.0,2025-02-14 05:00:00
180.7523,181.4308,177.0686,177.0686,1739854800,4578700.0,2025-02-18 05:00:00
190.3104,191.9002,182.9528,183.9319,1739941200,8438300.0,2025-02-19 05:00:00
197.7166,198.0074,191.8518,193.2186,1740027600,9190100.0,2025-02-20 05:00:00
195.8166,199.4518,195.1477,198.3951,1740114000,7349900.0,2025-02-21 05:00:00
194.5951,199.1222,194.2171,195.9523,1740373200,7675900.0,2025-02-24 05:00:00
193.8584,196.3885,192.3655,195.3028,1740459600,7441700.0,2025-02-25 05:00:00
192.1717,193.9069,189.787,193.8584,1740546000,5611600.0,2025-02-26 05:00:00
185.4441,192.065,185.2987,191.4543,1740632400,7761700.0,2025-02-27 05:00:00
189.9905,190.2426,185.6283,187.3732,1740718800,9024500.0,2025-02-28 05:00:00
188.4395,194.1201,187.664,192.9181,1740978000,6141300.0,2025-03-03 05:00:00
188.8757,192.8405,187.1114,190.3589,1741064400,7159200.0,2025-03-04 05:00:00
189.5834,190.9696,184.9206,189.2441,1741150800,5484400.0,2025-03-05 05:00:00
183.5441,187.9839,182.7298,185.89,1741237200,7120200.0,2025-03-06 05:00:00
184.688,185.415,180.0349,183.4665,1741323600,7706800.0,2025-03-07 05:00:00
180.7813,183.6701,177.7956,181.8767,1741579200,9161400.0,2025-03-10 04:00:00
171.9114,182.565,171.4946,182.3518,1741665600,7981400.0,2025-03-11 04:00:00
170.3216,174.1216,169.4007,172.7936,1741752000,5436100.0,2025-03-12 04:00:00
168.2859,171.5528,166.8221,169.7206,1741838400,5277200.0,2025-03-13 04:00:00
171.0196,171.4461,169.7109,170.2247,1741924800,4927900.0,2025-03-14 04:00:00
174.4803,175.7405,170.5834,170.7094,1742184000,4940400.0,2025-03-17 04:00:00
173.9568,174.267,172.1732,174.1992,1742270400,4077700.0,2025-03-18 04:00:00
176.1768,178.038,173.2395,174.1701,1742356800,5675000.0,2025-03-19 04:00:00
175.1492,176.2446,173.0359,173.9181,1742443200,4980000.0,2025-03-20 04:00:00
173.5206,174.3349,171.6206,173.065,1742529600,11822900.0,2025-03-21 04:00:00
179.8313,181.741,176.9426,177.3497,1742788800,5694900.0,2025-03-24 04:00:00
178.3385,181.1206,177.9313,178.8426,1742875200,4357200.0,2025-03-25 04:00:00
178.8426,180.316,177.6696,178.6196,1742961600,5814200.0,2025-03-26 04:00:00
175.2267,177.4176,172.0859,177.4176,1743048000,5035900.0,2025-03-27 04:00:00
170.9323,175.1976,170.2053,174.1604,1743134400,5490600.0,2025-03-28 04:00:00
174.1992,174.6839,168.6349,170.0502,1743393600,9222700.0,2025-03-31 04:00:00
172.5415,174.0635,168.9354,173.792,1743480000,5965400.0,2025-04-01 04:00:00
172.7354,174.4221,169.8272,170.438,1743566400,4368900.0,2025-04-02 04:00:00
159.1737,168.8579,158.9798,166.5798,1743652800,11895300.0,2025-04-03 04:00:00
146.7558,156.1395,146.339,154.7823,1743739200,14976900.0,2025-04-04 04:00:00
149.2859,157.9134,140.7553,146.2905,1743998400,18337200.0,2025-04-07 04:00:00
141.5405,154.1619,138.9231,151.9517,1744084800,13902800.0,2025-04-08 04:00:00
164.3114,167.5298,139.8343,140.7262,1744171200,21578500.0,2025-04-09 04:00:00
151.8063,157.9425,145.4277,155.868,1744257600,16019500.0,2025-04-10 04:00:00
143.0818,145.292,135.666,139.592,1744344000,21113300.0,2025-04-11 04:00:00
146.3583,148.8884,144.5747,146.4165,1744603200,10356600.0,2025-04-14 04:00:00
146.5522,148.0257,145.2629,146.7849,1744689600,6958900.0,2025-04-15 04:00:00
142.0639,145.1466,138.1961,142.7231,1744776000,10862500.0,2025-04-16 04:00:00
143.8961,145.5925,141.4532,142.8104,1744862400,5739200.0,2025-04-17 04:00:00
141.1527,142.2481,138.2736,141.0073,1745208000,8275000.0,2025-04-21 04:00:00
142.2675,143.7022,140.6389,141.4047,1745294400,9139900.0,2025-04-22 04:00:00
147.4925,150.5849,146.6492,148.4813,1745380800,14125000.0,2025-04-23 04:00:00
157.167,159.9492,153.5706,159.5905,1745467200,18950400.0,2025-04-24 04:00:00
157.8747,158.689,155.6063,156.8859,1745553600,8383300.0,2025-04-25 04:00:00
157.4675,158.5339,154.8308,158.3497,1745812800,5170500.0,2025-04-28 04:00:00
155.8487,157.3803,153.8905,154.6079,1745899200,6566500.0,2025-04-29 04:00:00
156.4743,157.0414,151.4394,152.8766,1745985600,6158600.0,2025-04-30 04:00:00
154.7243,158.4492,154.5288,157.2467,1746072000,6124900.0,2025-05-01 04:00:00
160.8347,162.6336,157.4814,158.1266,1746158400,7642400.0,2025-05-02 04:00:00
158.7914,160.4339,157.5107,158.8012,1746417600,4803600.0,2025-05-05 04:00:00
157.4911,158.3906,155.5554,156.7285,1746504000,4531400.0,2025-05-06 04:00:00
161.1084,161.8221,158.283,158.7034,1746590400,5669700.0,2025-05-07 04:00:00
161.9395,164.6671,160.9618,163.1909,1746676800,5171200.0,2025-05-08 04:00:00
168.4213,168.744,165.8208,166.2705,1746763200,8655100.0,2025-05-09 04:00:00
183.096,185.1295,180.9745,181.5024,1747022400,16210400.0,2025-05-12 04:00:00
183.9955,185.2762,182.177,182.177,1747108800,9837500.0,2025-05-13 04:00:00
183.1547,183.536,180.9158,183.2818,1747195200,6552300.0,2025-05-14 04:00:00
183.6337,185.5206,181.3656,182.0108,1747281600,5534000.0,2025-05-15 04:00:00
184.2888,185.0807,182.6365,185.0807,1747368000,4518700.0,2025-05-16 04:00:00
184.1323,184.2692,180.1337,180.867,1747627200,6460900.0,2025-05-19 04:00:00
184.4941,184.7776,182.7441,184.1323,1747713600,5289200.0,2025-05-20 04:00:00
181.2776,185.6575,180.603,182.3334,1747800000,8977400.0,2025-05-21 04:00:00
176.184,182.7343,175.9591,181.7859,1747886400,7500800.0,2025-05-22 04:00:00
172.3613,173.3292,169.8683,173.0554,1747972800,7416700.0,2025-05-23 04:00:00
179.1463,179.2343,173.8669,175.0988,1748318400,7939400.0,2025-05-27 04:00:00
180.0359,181.7664,178.9996,179.2538,1748404800,5752800.0,2025-05-28 04:00:00
180.8572,182.3139,178.8432,182.0793,1748491200,4533800.0,2025-05-29 04:00:00
178.765,181.0038,175.744,180.8474,1748577600,15101100.0,2025-05-30 04:00:00
180.0946,180.5834,177.5527,177.7873,1748836800,5648300.0,2025-06-02 04:00:00
183.8781,184.2888,178.5401,179.1463,1748923200,5612600.0,2025-06-03 04:00:00
186.4592,187.8083,184.2692,184.6896,1749009600,5780600.0,2025-06-04 04:00:00
186.2343,189.9494,185.0904,188.6002,1749096000,6017700.0,2025-06-05 04:00:00
188.1212,190.4871,187.9648,189.3628,1749182400,5338800.0,2025-06-06 04:00:00
194.7595,195.9522,189.1477,189.4117,1749441600,6869700.0,2025-06-09 04:00:00
197.7707,198.631,195.0234,195.5123,1749528000,6247700.0,2025-06-10 04:00:00
195.2288,198.807,193.7232,198.7679,1749614400,5062100.0,2025-06-11 04:00:00
195.1994,195.8447,193.6841,193.8209,1749700800,3257600.0,2025-06-12 04:00:00
190.6435,194.5933,190.1254,191.7092,1749787200,5138200.0,2025-06-13 04:00:00
194.7693,195.395,192.2078,192.8726,1750046400,5864500.0,2025-06-16 04:00:00
193.2735,196.138,192.4816,193.5765,1750132800,4656300.0,2025-06-17 04:00:00
193.9187,196.0891,192.8824,194.1631,1750219200,3742000.0,2025-06-18 04:00:00
193.772,196.4411,192.1882,195.9327,1750392000,12910000.0,2025-06-20 04:00:00
196.8908,197.321,193.9285,194.5542,1750651200,4565400.0,2025-06-23 04:00:00
201.212,201.5933,198.4648,198.6897,1750737600,7597800.0,2025-06-24 04:00:00
200.7917,201.8084,198.7679,201.4271,1750824000,4748300.0,2025-06-25 04:00:00
201.7009,202.6883,201.1729,201.7009,1750910400,4579200.0,2025-06-26 04:00:00
202.4537,203.05,200.7037,200.909,1750996800,8585100.0,2025-06-27 04:00:00
202.9816,203.7246,201.828,202.4635,1751256000,5319900.0,2025-06-30 04:00:00
205.7484,206.9509,201.8768,202.3754,1751342400,5856200.0,2025-07-01 04:00:00
210.7735,211.3504,204.8,205.7386,1751428800,5533400.0,2025-07-02 04:00:00
211.1939,212.0934,209.923,210.4411,1751515200,2561100.0,2025-07-03 04:00:00
208.6423,210.8127,207.4593,210.2163,1751860800,5221400.0,2025-07-07 04:00:00
211.7903,214.4691,209.2386,210.1967,1751947200,6844600.0,2025-07-08 04:00:00
211.5557,214.0096,210.3922,212.0934,1752033600,5231400.0,2025-07-09 04:00:00
214.7526,215.8476,212.6995,214.3811,1752120000,3971400.0,2025-07-10 04:00:00
216.3071,216.7373,213.3448,214.8406,1752206400,5396300.0,2025-07-11 04:00:00
215.1339,215.3392,212.4453,214.5082,1752465600,4723600.0,2025-07-14 04:00:00
213.4817,216.4538,213.1004,215.8378,1752552000,4419700.0,2025-07-15 04:00:00
211.8001,213.7261,206.9802,213.5208,1752638400,6420900.0,2025-07-16 04:00:00
211.7512,212.152,210.6758,211.3113,1752724800,4920100.0,2025-07-17 04:00:00
211.7805,213.7652,211.0864,213.6088,1752811200,4550100.0,2025-07-18 04:00:00
209.7763,214.1074,209.4244,212.5822,1753070400,8269800.0,2025-07-21 04:00:00
210.1185,211.1744,207.4202,209.2582,1753156800,11730800.0,2025-07-22 04:00:00
182.089,190.6435,181.1505,190.5458,1753243200,30755700.0,2025-07-23 04:00:00
181.5415,183.6924,180.8963,182.2552,1753329600,9049500.0,2025-07-24 04:00:00
180.8572,181.7273,179.1072,181.5513,1753416000,7031800.0,2025-07-25 04:00:00
185.022,186.2832,183.5555,183.6826,1753675200,8586800.0,2025-07-28 04:00:00
187.1044,188.5807,184.6798,185.4717,1753761600,7144700.0,2025-07-29 04:00:00
185.286,188.2776,184.0932,187.8572,1753848000,6985100.0,2025-07-30 04:00:00
178.2944,184.0551,177.0635,183.2968,1753934400,10144000.0,2025-07-31 04:00:00
178.0975,178.8163,175.2024,176.8863,1754020800,6625100.0,2025-08-01 04:00:00
179.9389,180.6479,177.871,178.9443,1754280000,4682700.0,2025-08-04 04:00:00
182.5681,183.6415,180.7858,182.125,1754366400,5761900.0,2025-08-05 04:00:00
183.0703,184.0452,181.1895,181.869,1754452800,7089000.0,2025-08-06 04:00:00
183.0703,188.5651,181.9084,187.8463,1754539200,6563900.0,2025-08-07 04:00:00
184.3603,184.7739,181.8394,182.8537,1754625600,5946200.0,2025-08-08 04:00:00
180.9039,185.9851,180.5987,184.577,1754884800,6457800.0,2025-08-11 04:00:00
190.0225,190.8792,182.3909,182.45,1754971200,9961500.0,2025-08-12 04:00:00
190.3376,191.1549,188.0432,190.6232,1755057600,4966300.0,2025-08-13 04:00:00
190.7512,191.2731,187.1274,188.2598,1755144000,3917300.0,2025-08-14 04:00:00
191.5981,192.3859,189.5499,190.6429,1755230400,5872900.0,2025-08-15 04:00:00
191.3617,192.5336,190.5444,191.5981,1755489600,2763600.0,2025-08-18 04:00:00
192.9471,194.631,190.83,191.6965,1755576000,5491100.0,2025-08-19 04:00:00
197.7034,198.1563,190.4952,194.4833,1755662400,8107300.0,2025-08-20 04:00:00
197.6443,199.0918,196.4035,196.5315,1755748800,5291100.0,2025-08-21 04:00:00
202.9126,205.8963,198.8062,198.9933,1755835200,6177700.0,2025-08-22 04:00:00
202.8239,203.8382,201.4158,202.8535,1756094400,3442600.0,2025-08-25 04:00:00
202.8338,204.2419,202.1051,202.6368,1756180800,4549700.0,2025-08-26 04:00:00
202.3316,202.5581,200.1455,201.8294,1756267200,4189700.0,2025-08-27 04:00:00
200.9727,203.9662,200.5,202.6861,1756353600,6166400.0,2025-08-28 04:00:00
199.3872,200.9333,198.4813,200.4015,1756440000,5372700.0,2025-08-29 04:00:00
196.758,197.1125,193.7546,196.3346,1756785600,6238400.0,2025-09-02 04:00:00
192.7502,197.0239,188.4568,196.177,1756872000,7039600.0,2025-09-03 04:00:00
184.4292,185.798,178.9148,180.9532,1756958400,11335900.0,2025-09-04 04:00:00
185.0595,186.3889,182.4598,184.2225,1757044800,9491200.0,2025-09-05 04:00:00
182.9817,185.4928,180.2737,185.2761,1757304000,9701200.0,2025-09-08 04:00:00
182.2038,182.8242,180.8547,181.5834,1757390400,6135000.0,2025-09-09 04:00:00
181.1994,182.6568,180.1457,182.2136,1757476800,5957500.0,2025-09-10 04:00:00
181.5342,181.9871,179.4761,181.6917,1757563200,6596000.0,2025-09-11 04:00:00
179.8109,181.5243,179.5549,181.2978,1757649600,6284200.0,2025-09-12 04:00:00
175.4781,176.4825,171.3521,173.1935,1757908800,11658400.0,2025-09-15 04:00:00
174.9168,178.3732,174.5722,176.0099,1757995200,7920300.0,2025-09-16 04:00:00
177.546,179.7814,174.8971,175.1236,1758081600,7209700.0,2025-09-17 04:00:00
178.8459,180.9138,177.5559,180.4411,1758168000,7937100.0,2025-09-18 04:00:00
176.6302,180.451,175.4486,179.801,1758254400,16206700.0,2025-09-19 04:00:00
176.8764,178.6391,176.5711,176.6598,1758513600,7030300.0,2025-09-22 04:00:00
179.2594,179.8798,176.9355,177.1226,1758600000,5900800.0,2025-09-23 04:00:00
181.6228,182.3318,178.3338,178.9443,1758686400,5905100.0,2025-09-24 04:00:00
179.2594,180.8547,177.3589,180.8449,1758772800,4042300.0,2025-09-25 04:00:00
181.7311,184.4293,180.2737,183.1196,1758859200,6206300.0,2025-09-26 04:00:00
180.4313,183.2574,180.2048,182.6371,1759118400,5090700.0,2025-09-29 04:00:00
180.9236,181.16,178.5406,179.9586,1759204800,3873100.0,2025-09-30 04:00:00
177.6347,181.6917,175.6061,179.1905,1759291200,7705000.0,2025-10-01 04:00:00
179.5352,181.8,177.0931,178.0089,1759377600,6798000.0,2025-10-02 04:00:00
177.5657,182.6272,177.4082,179.9882,1759464000,5167600.0,2025-10-03 04:00:00
179.033,180.4313,176.5613,178.2353,1759723200,6019800.0,2025-10-06 04:00:00
174.3457,179.2398,174.2571,178.9837,1759809600,5396100.0,2025-10-07 04:00:00
178.8262,179.1511,174.129,174.129,1759896000,6377700.0,2025-10-08 04:00:00
176.2265,177.9399,174.907,177.7331,1759982400,5006100.0,2025-10-09 04:00:00
169.0774,178.7966,168.8804,176.8764,1760068800,9630200.0,2025-10-10 04:00:00
172.4353,173.4102,169.7667,170.1901,1760328000,8610300.0,2025-10-13 04:00:00
171.2832,173.5776,168.8312,169.3433,1760414400,9919400.0,2025-10-14 04:00:00
172.5929,173.4693,168.5161,171.362,1760500800,9416800.0,2025-10-15 04:00:00
172.7997,174.7888,171.4013,172.711,1760587200,7188200.0,2025-10-16 04:00:00
173.8828,174.9168,171.9036,172.3762,1760673600,5082600.0,2025-10-17 04:00:00
176.8469,178.3437,169.875,169.875,1760932800,6620200.0,2025-10-20 04:00:00
178.0778,179.0625,176.1083,176.7287,1761019200,10301500.0,2025-10-21 04:00:00
168.1025,170.4363,160.5497,161.4556,1761105600,25834500.0,2025-10-22 04:00:00
169.5599,171.1059,167.1572,167.4034,1761192000,8412500.0,2025-10-23 04:00:00
166.5466,171.49,166.2118,171.3521,1761278400,7691800.0,2025-10-24 04:00:00
166.8224,167.7677,166.1035,167.2261,1761537600,8606300.0,2025-10-27 04:00:00
164.3606,166.9208,163.947,166.5565,1761624000,9646600.0,2025-10-28 04:00:00
157.8121,164.1735,157.3887,164.1735,1761710400,11961900.0,2025-10-29 04:00:00
158.0583,160.1558,157.5266,157.7038,1761796800,9477600.0,2025-10-30 04:00:00
160.4129,160.9494,156.7767,157.333,1761883200,8707900.0,2025-10-31 04:00:00
160.4129,162.39,159.032,161.2872,1762146000,5208300.0,2025-11-03 05:00:00
158.3266,161.2574,157.1045,160.1348,1762232400,11462300.0,2025-11-04 05:00:00
162.5093,164.546,158.3564,158.3564,1762318800,9770200.0,2025-11-05 05:00:00
160.3335,162.7477,160.0453,161.6946,1762405200,5859500.0,2025-11-06 05:00:00
159.5089,159.5585,155.8726,159.34,1762491600,8837700.0,2025-11-07 05:00:00
159.5387,162.3106,157.4622,160.9494,1762750800,7677900.0,2025-11-10 05:00:00
158.6942,161.1183,158.2073,159.3797,1762837200,7274200.0,2025-11-11 05:00:00
162.0324,163.463,159.3598,159.8069,1762923600,6241200.0,2025-11-12 05:00:00
161.1779,164.3671,160.4328,161.476,1763010000,7719600.0,2025-11-13 05:00:00
158.2968,159.8367,157.2734,159.4592,1763096400,6041500.0,2025-11-14 05:00:00
153.9849,158.714,152.5443,157.6013,1763355600,7343400.0,2025-11-17 05:00:00
156.2998,157.0648,152.5443,153.5478,1763442000,8164700.0,2025-11-18 05:00:00
156.0713,158.1378,154.124,155.5547,1763528400,5568500.0,2025-11-19 05:00:00
152.3357,158.2173,151.7395,157.1343,1763614800,7890900.0,2025-11-20 05:00:00
158.3663,160.1149,152.4152,152.4251,1763701200,11711300.0,2025-11-21 05:00:00
160.2142,161.6449,157.9391,158.6842,1763960400,9466500.0,2025-11-24 05:00:00
160.7209,160.8998,157.6609,158.6842,1764046800,7406700.0,2025-11-25 05:00:00
164.2777,165.9568,160.9991,161.2674,1764133200,7346300.0,2025-11-26 05:00:00
167.1788,168.1524,164.3473,164.9632,1764306000,4018100.0,2025-11-28 05:00:00
167.0695,168.5697,165.4501,165.7581,1764565200,6170800.0,2025-12-01 05:00:00
174.1234,176.7265,166.9205,167.6159,1764651600,9438900.0,2025-12-02 05:00:00
181.4159,181.8133,174.4414,175.6733,1764738000,9259300.0,2025-12-03 05:00:00
178.9519,182.7174,177.7796,182.0517,1764824400,6724100.0,2025-12-04 05:00:00
181.3562,183.5618,179.4586,179.6971,1764910800,6584600.0,2025-12-05 05:00:00
179.7666,182.5087,178.3658,182.3199,1765170000,6427600.0,2025-12-08 05:00:00
178.3558,180.7005,178.2366,178.7433,1765256400,3760400.0,2025-12-09 05:00:00
180.4919,181.5351,176.3489,176.6768,1765342800,5268900.0,2025-12-10 05:00:00
180.4919,180.8396,178.018,179.1109,1765429200,4838000.0,2025-12-11 05:00:00
178.2565,182.0418,177.4915,180.6111,1765515600,5980500.0,2025-12-12 05:00:00
176.8159,178.1969,172.8716,174.2129,1765774800,9037500.0,2025-12-15 05:00:00
176.4085,177.869,174.8587,177.1835,1765861200,5746900.0,2025-12-16 05:00:00
173.3584,178.475,172.5636,176.7165,1765947600,8865600.0,2025-12-17 05:00:00
175.0474,177.7398,174.7593,175.6535,1766034000,8546200.0,2025-12-18 05:00:00
175.1468,177.0841,174.4513,174.5805,1766120400,19091700.0,2025-12-19 05:00:00
177.6604,178.7334,176.8159,178.326,1766379600,5373100.0,2025-12-22 05:00:00
175.9317,177.4517,175.5342,177.1139,1766466000,3500300.0,2025-12-23 05:00:00
175.9813,176.8656,175.6535,176.19,1766552400,1266500.0,2025-12-24 05:00:00
175.733,177.3623,175.2859,176.5675,1766725200,3191100.0,2025-12-26 05:00:00
174.5507,176.4979,173.9645,175.3653,1766984400,4163200.0,2025-12-29 05:00:00
174.2824,175.3256,174.1135,174.809,1767070800,3904600.0,2025-12-30 05:00:00
172.3649,175.0375,172.3153,174.6599,1767157200,3426900.0,2025-12-31 05:00:00
176.3688,177.7299,173.7757,173.8353,1767330000,6133600.0,2026-01-02 05:00:00
176.0211,181.704,175.7429,176.8656,1767589200,6755000.0,2026-01-05 05:00:00
190.8542,191.6689,178.9221,178.9221,1767675600,13219400.0,2026-01-06 05:00:00
184.5057,189.4832,183.2936,187.2478,1767762000,8341300.0,2026-01-07 05:00:00
187.2279,187.8538,181.3662,181.6444,1767848400,6857300.0,2026-01-08 05:00:00
189.0759,190.1588,186.294,187.5756,1767934800,6018300.0,2026-01-09 05:00:00
187.8439,189.5826,186.7808,187.6253,1768194000,6502600.0,2026-01-12 05:00:00
187.3074,188.5195,186.4331,188.0525,1768280400,4135000.0,2026-01-13 05:00:00
192.1955,192.3545,186.2245,186.2841,1768366800,7988800.0,2026-01-14 05:00:00
187.8936,195.3648,187.5458,193.6659,1768453200,6942600.0,2026-01-15 05:00:00
190.3376,191.2218,188.8374,188.9964,1768539600,6944800.0,2026-01-16 05:00:00
188.3605,191.1821,186.7312,189.0063,1768885200,9516600.0,2026-01-20 05:00:00
193.1493,194.8581,190.0197,190.2085,1768971600,7272000.0,2026-01-21 05:00:00
193.7255,198.1367,192.424,196.0205,1769058000,7264000.0,2026-01-22 05:00:00
192.0564,195.1363,189.8905,194.4905,1769144400,6691300.0,2026-01-23 05:00:00
195.3151,195.5635,191.192,192.0564,1769403600,9169300.0,2026-01-26 05:00:00
195.3549,197.1233,193.0797,193.4275,1769490000,10748800.0,2026-01-27 05:00:00
214.7682,215.1854,202.3989,202.538,1769576400,19603400.0,2026-01-28 05:00:00
217.55,220.5604,213.4269,214.9967,1769662800,14120000.0,2026-01-29 05:00:00
215.55,216.46,213.06,216.06,1769749200,9086800.0,2026-01-30 05:00:00
225.01,225.26,214.84,215.44,1770008400,11194900.0,2026-02-02 05:00:00
225.21,228.83,222.7,224.24,1770094800,15207600.0,2026-02-03 05:00:00
222.92,228.29,218.66,222.13,1770181200,14542500.0,2026-02-04 05:00:00
223.98,225.82,218.9,221.65,1770267600,11044200.0,2026-02-05 05:00:00
221.44,226.76,218.59,225.63,1770354000,9397500.0,2026-02-06 05:00:00
218.77,222.16,218.24,221.26,1770613200,9246700.0,2026-02-09 05:00:00
220.92,222.08,216.13,216.83,1770699600,5101000.0,2026-02-10 05:00:00
226.56,231.32,223.13,223.13,1770786000,9132600.0,2026-02-11 05:00:00
223.0,229.5,221.87,226.68,1770872400,8474700.0,2026-02-12 05:00:00
226.16,226.89,221.54,221.67,1770958800,5011900.0,2026-02-13 05:00:00
225.69,228.45,222.81,226.53,1771304400,5454800.0,2026-02-17 05:00:00
223.32,230.0,221.36,229.88,1771390800,6667800.0,2026-02-18 05:00:00
218.05,222.04,217.42,221.15,1771477200,5002200.0,2026-02-19 05:00:00
219.73,220.2,216.53,216.74,1771563600,5457500.0,2026-02-20 05:00:00
219.86,222.79,218.9,218.9,1771822800,7877400.0,2026-02-23 05:00:00
213.35,224.17,209.59,220.72,1771909200,9494300.0,2026-02-24 05:00:00
213.9,215.9,210.23,214.4,1771995600,6997300.0,2026-02-25 05:00:00
212.63,216.09,210.15,214.45,1772082000,6041500.0,2026-02-26 05:00:00
212.11,212.63,208.25,211.23,1772168400,8275100.0,2026-02-27 05:00:00
209.82,211.47,207.31,211.04,1772427600,6811300.0,2026-03-02 05:00:00
202.67,206.57,201.76,205.89,1772514000,7496500.0,2026-03-03 05:00:00
202.39,205.31,201.5,204.36,1772600400,5451500.0,2026-03-04 05:00:00
197.98,201.94,194.77,200.91,1772686800,8051800.0,2026-03-05 05:00:00
193.23,195.05,191.15,192.5,1772773200,7220500.0,2026-03-06 05:00:00
196.2,197.16,189.68,192.75,1773028800,7597500.0,2026-03-09 04:00:00
197.46,200.18,195.45,195.64,1773115200,5929200.0,2026-03-10 04:00:00
198.67,201.43,197.49,198.58,1773201600,4995200.0,2026-03-11 04:00:00
190.05,194.76,189.75,193.65,1773288000,8156800.0,2026-03-12 04:00:00
190.78,193.75,190.14,191.47,1773374400,3688400.0,2026-03-13 04:00:00
194.13,196.26,192.43,194.32,1773633600,4754900.0,2026-03-16 04:00:00
194.45,196.43,193.77,195.87,1773720000,3385200.0,2026-03-17 04:00:00
190.78,195.54,189.99,194.44,1773806400,5069200.0,2026-03-18 04:00:00
188.29,190.0,184.9,187.77,1773892800,5868100.0,2026-03-19 04:00:00
187.19,190.33,185.84,188.52,1773979200,15025200.0,2026-03-20 04:00:00
188.63,194.97,188.43,194.6,1774238400,7452800.0,2026-03-23 04:00:00
194.63,196.4,186.95,186.95,1774324800,7015200.0,2026-03-24 04:00:00
196.77,198.97,195.52,197.52,1774411200,4505800.0,2026-03-25 04:00:00
193.41,197.07,192.88,196.1,1774497600,6314400.0,2026-03-26 04:00:00
190.33,192.97,189.33,191.71,1774584000,5792700.0,2026-03-27 04:00:00
186.42,192.71,184.95,191.61,1774843200,6024700.0,2026-03-30 04:00:00
194.14,194.56,188.47,190.28,1774929600,7277900.0,2026-03-31 04:00:00
196.3,197.26,194.28,194.28,1775016000,5432000.0,2026-04-01 04:00:00
194.87,196.07,191.0,192.38,1775102400,3408100.0,2026-04-02 04:00:00
199.42,199.56,195.9,196.99,1775448000,4235600.0,2026-04-06 04:00:00
199.74,200.38,195.46,198.51,1775534400,4659000.0,2026-04-07 04:00:00
208.9,209.86,206.16,206.65,1775620800,7454600.0,2026-04-08 04:00:00
214.98,215.93,210.88,212.57,1775707200,5499100.0,2026-04-09 04:00:00
214.73,217.32,213.92,216.38,1775793600,4265900.0,2026-04-10 04:00:00
