date,index_symbol,eod_index_value,high,low,index_market_value,dividend_market_value
2025-10-08,NQX,5027.32,5028.43,4976.45,31105078736506.0,
2025-10-09,NQX,5019.64,5028.07,4993.36,31057503728142.0,548273483.0
2019-12-06,NQX,1679.47,1681.17,1673.05,9379744646856.0,
2019-10-03,NQX,1527.68,1528.09,1492.71,8571509327394.0,1839078843.0
2019-02-19,NQX,1413.32,1417.82,1406.55,8079879233556.0,
2025-04-15,NQX,3766.05,3800.83,3750.97,23088918463493.0,
2025-08-19,NQX,4676.95,4739.16,4669.27,28984326642687.0,438649119.0
2025-04-14,NQX,3759.2,3822.85,3722.95,23046975888260.0,
2025-08-18,NQX,4742.75,4746.7,4727.48,29392092666784.0,1013916428.0
2025-08-13,NQX,4769.81,4793.85,4757.82,29559767021488.0,
2025-08-14,NQX,4766.49,4781.65,4749.8,29539194939411.0,762298288.0
2019-03-25,NQX,1463.39,1468.5,1453.06,8246382461708.0,
2019-02-20,NQX,1412.47,1419.23,1405.47,8074992893214.0,3740376565.0
2019-02-12,NQX,1402.93,1404.35,1389.67,8020488183475.0,
2019-10-09,NQX,1538.11,1543.59,1531.1,8630012783744.0,143994947.0
2025-08-15,NQX,4742.41,4762.8,4730.24,29389999665618.0,2622548686.0
2019-01-17,NQX,1343.69,1349.46,1327.42,7684466519114.0,
2022-01-18,NQX,3042.15,3089.29,3036.61,17944911499411.0,
2022-10-06,NQX,2297.1,2332.11,2294.57,13451377531262.0,346285913.0
2025-08-12,NQX,4767.84,4769.9,4704.86,29547566831942.0,
2025-08-11,NQX,4705.33,4739.61,4696.85,29160160629547.0,3246749695.0
2022-11-03,NQX,2138.12,2170.44,2136.16,12520415009488.0,147362171.0
2025-08-06,NQX,4663.01,4666.1,4608.45,28897904104927.0,
2018-07-12,NQX,1473.25,1473.74,1454.82,8340553786366.0,
2025-08-07,NQX,4677.91,4712.15,4645.14,28990224448819.0,
2025-08-08,NQX,4722.25,4723.85,4687.46,29265058371538.0,1316468856.0
2018-10-10,NQX,1408.9,1465.85,1408.41,8093816694826.0,
2018-09-26,NQX,1512.62,1527.52,1510.65,8689654950312.0,
2018-06-12,NQX,1441.84,1442.9,1434.75,8220855362892.0,
2025-08-05,NQX,4603.71,4657.21,4601.63,28530426395333.0,373238303.0
2021-12-28,NQX,3297.73,3321.44,3291.7,19452519402174.0,
2025-08-04,NQX,4637.72,4638.21,4594.72,28741193270604.0,
2025-07-30,NQX,4669.08,4689.43,4645.38,28935547073331.0,
2021-01-11,NQX,2580.5,2604.64,2576.72,14737459695087.0,
2025-07-31,NQX,4643.62,4717.87,4635.22,28777776429705.0,2023693763.0
2025-08-01,NQX,4552.66,4594.49,4534.77,28214060139969.0,944736710.0
2025-07-29,NQX,4661.66,4702.2,4656.68,28889549290713.0,679114019.0
2021-01-28,NQX,2640.31,2680.37,2630.02,15079030361442.0,
2021-01-25,NQX,2696.66,2712.74,2641.12,15400859112798.0,
2021-12-27,NQX,3313.5,3313.53,3272.21,19545529649783.0,
2025-07-28,NQX,4671.25,4677.35,4659.96,28949002145220.0,
2025-07-23,NQX,4632.48,4633.7,4600.09,28588087443261.0,
2025-07-24,NQX,4643.97,4653.74,4630.05,28659005769577.0,
2025-07-25,NQX,4654.45,4665.26,4638.8,28723656666659.0,26249362.0
2021-06-25,NQX,2869.04,2880.34,2864.85,16386141349699.0,80702301.0
2025-07-22,NQX,4612.72,4637.29,4590.77,28466109865552.0,
2025-07-21,NQX,4636.01,4652.89,4624.59,28609879040323.0,637162948.0
2024-02-23,NQX,3587.52,3618.36,3580.56,20966137340411.0,129911876.0
2025-07-16,NQX,4581.59,4585.71,4533.87,28274047024011.0,
2024-04-26,NQX,3543.66,3554.56,3506.61,20992543554817.0,256575757.0
2025-07-17,NQX,4616.21,4620.94,4581.12,28487671362374.0,
2021-06-28,NQX,2905.0,2906.01,2880.12,16591517211017.0,
2024-08-28,NQX,3870.16,3917.41,3844.31,22938838999646.0,79165135.0
2024-12-30,NQX,4239.42,4269.21,4209.34,25978244963108.0,209842811.0
2024-09-16,NQX,3884.61,3889.22,3858.84,23024524013016.0,1055653666.0
2024-10-10,NQX,4048.35,4062.85,4023.44,23986051731513.0,454746124.0
2025-07-18,NQX,4613.09,4630.65,4603.67,28468449451519.0,
2023-03-23,NQX,2545.85,2580.02,2522.37,14736810929979.0,
2024-06-26,NQX,3950.21,3952.71,3930.81,23355133519217.0,
2025-07-15,NQX,4576.92,4610.38,4575.27,28245192450342.0,
2025-07-14,NQX,4571.13,4577.39,4535.08,28209453025052.0,
2022-10-31,NQX,2281.11,2296.62,2266.25,13357760590908.0,
2025-07-09,NQX,4572.98,4583.07,4546.73,28220900282388.0,
2019-01-25,NQX,1357.47,1360.19,1346.66,7763294291426.0,
2019-07-24,NQX,1602.12,1602.17,1585.4,8995631031053.0,131604747.0
2019-05-07,NQX,1528.03,1548.63,1514.52,8610626760974.0,46911045.0
2019-04-12,NQX,1525.63,1526.1,1519.32,8597103196842.0,
2025-07-10,NQX,4565.85,4581.41,4543.27,28176906228917.0,475170352.0
2020-10-08,NQX,2310.19,2316.55,2302.05,13002005110936.0,171571632.0
2025-07-11,NQX,4556.12,4567.48,4538.58,28116841926129.0,84733193.0
2024-02-15,NQX,3569.14,3572.93,3544.46,20858737238034.0,2191781240.0
2023-02-06,NQX,2492.9,2511.77,2482.38,14457443594838.0,1906998987.0
2020-06-08,NQX,1980.3,1980.9,1950.76,11146677243680.0,
2020-02-25,NQX,1766.97,1836.76,1761.42,9909587739634.0,
2025-07-08,NQX,4540.45,4552.36,4530.47,28020142536785.0,145284376.0
2019-12-19,NQX,1728.26,1728.55,1718.53,9651366360015.0,
2019-11-11,NQX,1648.38,1649.18,1640.47,9242633585676.0,
2019-03-06,NQX,1422.49,1432.45,1420.91,8132310009394.0,830626682.0
2019-01-02,NQX,1272.17,1278.95,1239.74,7275467403400.0,
2025-07-07,NQX,4537.11,4555.28,4517.49,27999552418719.0,210507449.0
2022-08-29,NQX,2496.86,2518.87,2488.08,14690260914869.0,504473492.0
2025-07-02,NQX,4528.38,4529.11,4489.61,27945638364957.0,2013020422.0
2020-04-23,NQX,1728.3,1759.3,1724.93,9719357074317.0,
2020-03-23,NQX,1401.38,1429.04,1354.38,7859277979342.0,
2020-01-28,NQX,1818.19,1822.26,1798.86,10196804209911.0,
2022-07-15,NQX,2396.72,2397.5,2365.63,14101091351689.0,
2025-07-03,NQX,4573.39,4579.21,4547.22,28223447870120.0,2659335577.0
2020-04-15,NQX,1718.39,1733.25,1700.11,9637131666681.0,
2020-04-06,NQX,1616.33,1622.13,1552.62,9064761281495.0,
2018-10-11,NQX,1392.81,1424.01,1378.58,8001361288106.0,
2018-08-15,NQX,1470.93,1481.9,1461.72,8484934891087.0,3308383235.0
2025-07-01,NQX,4495.63,4526.25,4477.62,27743529661541.0,
2025-06-30,NQX,4535.8,4544.28,4513.02,27991457056465.0,996781584.0
2018-07-31,NQX,1446.4,1454.59,1435.88,8343403535032.0,279904986.0
2025-06-26,NQX,4489.46,4493.4,4451.05,27705460985801.0,
2025-06-27,NQX,4506.84,4520.66,4476.56,27812730395841.0,511656918.0
2025-01-17,NQX,4288.23,4303.15,4266.93,26277361485020.0,
2025-06-25,NQX,4447.55,4465.84,4435.02,27446826057674.0,419580155.0
2025-06-24,NQX,4438.1,4444.13,4409.13,27388544171200.0,
2025-06-23,NQX,4371.27,4374.37,4306.49,26976068990812.0,
2025-06-20,NQX,4325.28,4380.59,4310.56,26716455785806.0,3045119804.0
2025-06-18,NQX,4343.94,4372.6,4332.07,26831716685997.0,483585000.0
2025-01-14,NQX,4151.48,4193.9,4124.54,25439392767416.0,26191346.0
2021-11-02,NQX,3194.5,3197.67,3175.45,18471496413172.0,207581769.0
2025-06-17,NQX,4343.82,4379.32,4336.03,26830961629171.0,
2018-11-13,NQX,1366.18,1390.29,1362.34,7858579941093.0,
2018-09-20,NQX,1513.81,1516.49,1504.77,8732253340923.0,
2025-06-16,NQX,4387.51,4395.95,4356.62,27100876491026.0,765414896.0
2025-06-12,NQX,4382.66,4390.4,4361.4,27070922019512.0,
2025-06-13,NQX,4326.21,4367.69,4318.22,26722201112375.0,3277529210.0
2024-05-03,NQX,3578.16,3585.4,3556.96,21196916585106.0,328762858.0
2024-01-09,NQX,3335.74,3342.18,3302.75,19494682526384.0,394077911.0
2024-05-28,NQX,3773.89,3775.04,3751.19,22356409498871.0,
2024-09-05,NQX,3786.07,3820.47,3761.37,22440426922665.0,1483760998.0
2025-06-11,NQX,4372.16,4408.37,4355.05,27006042010011.0,162443941.0
2025-06-10,NQX,4388.38,4392.28,4345.47,27106252009599.0,218861854.0
2025-06-09,NQX,4359.57,4371.03,4345.85,26928294349538.0,1584028148.0
2025-03-26,NQX,3983.4,4054.08,3969.7,24421468236658.0,
2025-06-05,NQX,4309.49,4378.38,4294.55,26618916136515.0,1612276168.0
2022-06-17,NQX,2253.2,2271.59,2217.99,13310576939800.0,
2025-06-06,NQX,4352.36,4367.31,4339.34,26883725832199.0,3711515050.0
2022-09-19,NQX,2390.65,2391.36,2350.49,13999212207368.0,
2025-06-04,NQX,4344.38,4352.27,4321.47,26834471642063.0,2063617786.0
2022-06-29,NQX,2331.65,2342.04,2307.54,13718240139310.0,618534057.0
2025-06-03,NQX,4332.52,4343.19,4294.9,26761169106477.0,
2022-03-23,NQX,2889.51,2936.27,2889.21,17070695945750.0,
2020-11-10,NQX,2324.86,2352.39,2302.52,13117679718526.0,584304058.0
2020-09-28,NQX,2272.89,2273.81,2248.65,12792084742902.0,
2020-06-24,NQX,2000.54,2046.48,1988.65,11242837135780.0,
2025-06-02,NQX,4298.35,4300.07,4239.87,26550126898618.0,
2022-07-06,NQX,2370.52,2388.26,2345.47,13946901623191.0,
2022-09-27,NQX,2254.35,2300.48,2235.06,13201036541322.0,
2024-08-15,NQX,3898.03,3900.58,3847.96,23104044187364.0,4827364689.0
2023-05-25,NQX,2787.71,2797.37,2762.44,16136832234762.0,186531874.0
2018-06-15,NQX,1451.15,1453.77,1444.19,8273964033351.0,
2018-06-08,NQX,1430.52,1432.38,1420.15,8156356054125.0,
2025-05-28,NQX,4263.63,4301.62,4259.3,26335693014657.0,81105748.0
2025-05-29,NQX,4272.79,4322.31,4252.14,26392250121874.0,
2025-05-30,NQX,4268.2,4277.26,4206.51,26363889006012.0,2832026123.0
2025-05-27,NQX,4283.0,4285.86,4229.03,26455303642844.0,
2025-05-21,NQX,4216.07,4296.6,4200.42,26041911693992.0,
2022-07-27,NQX,2520.29,2532.14,2451.39,14828109038201.0,
2025-05-22,NQX,4222.49,4252.64,4209.24,26081582067137.0,1012943322.0
2025-05-23,NQX,4183.13,4205.11,4155.55,25838442265928.0,438183754.0
2025-04-01,NQX,3887.28,3893.72,3819.03,23832212505002.0,
2025-05-20,NQX,4273.47,4280.0,4245.33,26396479526562.0,154958670.0
2025-05-19,NQX,4289.41,4292.91,4227.57,26494912628449.0,664696002.0
2025-05-14,NQX,4263.84,4267.31,4239.97,26140811223133.0,283663999.0
2019-08-05,NQX,1483.14,1505.78,1471.25,8327562988470.0,
2019-07-18,NQX,1580.83,1582.47,1565.5,8876065725336.0,
2019-06-27,NQX,1531.41,1534.6,1527.34,8598599171690.0,632035784.0
2019-01-22,NQX,1329.36,1347.71,1320.69,7602525720910.0,
2021-12-02,NQX,3198.15,3213.26,3154.18,18492621897884.0,2260241586.0
2025-05-15,NQX,4267.16,4288.78,4233.63,26161185405666.0,4839701039.0
2022-04-05,NQX,2964.13,3024.13,2956.3,17511530200075.0,3575546387.0
2019-08-08,NQX,1544.97,1545.28,1515.36,8674715448107.0,58237868.0
2019-06-05,NQX,1444.18,1447.04,1429.29,8138126740434.0,783902070.0
2019-01-24,NQX,1340.51,1342.16,1331.3,7666273355751.0,
2025-05-16,NQX,4285.59,4285.75,4249.28,26274131398655.0,5310202924.0
2025-05-13,NQX,4239.54,4251.88,4178.24,25991823332461.0,
2025-05-12,NQX,4173.63,4174.06,4122.66,25587741601244.0,3895786587.0
2025-05-07,NQX,3973.59,3992.14,3921.02,24361362988528.0,
2025-05-08,NQX,4012.71,4049.96,3981.53,24601191656860.0,
2018-09-11,NQX,1501.57,1503.89,1480.34,8661691526143.0,513909354.0
2018-07-18,NQX,1478.03,1482.25,1473.67,8367587437701.0,
2022-11-17,NQX,2335.37,2347.52,2303.88,13675482135276.0,178524003.0
2025-05-09,NQX,4012.29,4040.72,3996.91,24598596614229.0,812224281.0
2022-02-02,NQX,3027.95,3039.39,2992.17,17895923863713.0,
2025-05-06,NQX,3958.27,3985.45,3931.87,24267405157682.0,372997909.0
2019-06-10,NQX,1500.39,1514.6,1493.63,8454849315870.0,98720544.0
2018-10-17,NQX,1455.73,1462.37,1441.15,8362828254837.0,
2018-06-04,NQX,1428.71,1429.35,1419.82,8146035218625.0,
2018-05-30,NQX,1395.27,1397.53,1387.61,7955368014415.0,313301825.0
2025-05-05,NQX,3993.59,4020.12,3979.86,24483942044312.0,
2025-04-30,NQX,3914.2,3922.56,3802.4,23997248779270.0,2027839049.0
2025-05-01,NQX,3957.34,4004.9,3952.59,24261720824145.0,
2018-08-17,NQX,1475.51,1479.0,1462.53,8511334466265.0,482948252.0
2025-05-02,NQX,4020.52,4035.32,3987.32,24649071728615.0,945195602.0
2025-04-29,NQX,3908.99,3916.55,3860.97,23965279342452.0,
2025-04-28,NQX,3885.46,3903.87,3832.49,23821013578189.0,283921577.0
2018-07-03,NQX,1402.91,1424.49,1401.94,7942340472220.0,
2025-04-24,NQX,3842.88,3844.94,3748.89,23559976975077.0,
2018-11-27,NQX,1340.21,1343.08,1321.82,7714158059491.0,
2018-08-08,NQX,1493.91,1497.23,1487.15,8617474071741.0,496800000.0
2025-04-25,NQX,3886.51,3889.51,3826.65,23827475359808.0,439494767.0
2025-04-23,NQX,3738.65,3808.6,3723.78,22920971991725.0,
2021-04-23,NQX,2788.29,2797.89,2757.89,15929107135306.0,195779645.0
2025-04-22,NQX,3655.28,3679.28,3598.65,22409844335094.0,
2025-04-21,NQX,3561.66,3608.62,3518.58,21835870604355.0,
2025-04-16,NQX,3651.53,3719.42,3599.19,22386837434331.0,
2024-06-28,NQX,3936.57,4003.54,3933.17,23274515977577.0,1347563519.0
2019-08-01,NQX,1560.23,1600.19,1553.8,8760416261612.0,29534750.0
2019-02-28,NQX,1419.51,1425.18,1416.38,8115225278363.0,1980908246.0
2019-02-04,NQX,1391.99,1392.19,1374.52,7960695062319.0,
2021-05-03,NQX,2759.94,2791.0,2756.93,15767177902924.0,178513610.0
2021-06-11,NQX,2799.66,2799.73,2786.8,15994069168878.0,
2021-09-22,NQX,3035.3,3046.07,3005.98,17550974510679.0,
2024-03-11,NQX,3590.34,3600.62,3574.64,20982597176095.0,
2025-04-17,NQX,3651.62,3680.21,3628.89,22387387928613.0,
2021-01-04,NQX,2538.93,2589.97,2507.48,14500076472701.0,1851917313.0
2022-03-09,NQX,2748.44,2758.62,2700.9,16286972054805.0,175866486.0
2023-11-27,NQX,3192.4,3209.06,3186.44,18472221244941.0,
2020-07-30,NQX,2143.1,2147.41,2106.36,12054447736764.0,1260800917.0
2020-01-22,NQX,1837.71,1848.5,1835.85,10306324272100.0,
2021-08-16,NQX,3028.15,3028.4,2986.23,17444074605020.0,1343623205.0
2024-08-20,NQX,3943.96,3967.1,3930.44,23376306529387.0,233309389.0
2024-02-27,NQX,3594.21,3597.5,3574.18,21005219466783.0,79982663.0
2021-06-22,NQX,2854.08,2857.71,2825.6,16300737704108.0,
2023-11-15,NQX,3163.44,3180.94,3153.06,18304643967589.0,4725246811.0
2020-11-13,NQX,2387.57,2391.42,2361.79,13471521923622.0,1610318971.0
2020-04-08,NQX,1645.91,1650.88,1611.68,9230629294704.0,
2020-02-27,NQX,1687.33,1757.34,1686.08,9462949209400.0,762638517.0
2021-06-10,NQX,2792.07,2792.62,2763.57,15950706833781.0,484513139.0
2021-06-04,NQX,2754.15,2756.95,2722.72,15734107575835.0,
2024-06-17,NQX,3980.55,3995.57,3924.73,23580668135181.0,
2023-12-08,NQX,3216.94,3220.17,3187.52,18613901162328.0,
2020-08-11,NQX,2175.22,2218.18,2171.01,12235084579686.0,
2024-05-24,NQX,3761.67,3770.4,3732.96,22284026486935.0,
2023-05-23,NQX,2734.51,2765.42,2732.58,15828889016490.0,
2019-11-18,NQX,1665.7,1668.08,1654.93,9337346283044.0,163992152.0
2019-03-28,NQX,1464.09,1469.21,1455.54,8250343482620.0,631837377.0
2019-02-15,NQX,1411.04,1414.85,1404.46,8066807189844.0,50056599.0
2023-05-24,NQX,2720.9,2731.15,2704.18,15750099755871.0,314844229.0
2020-10-16,NQX,2370.43,2406.83,2364.91,13341071787314.0,
2020-09-14,NQX,2255.55,2272.65,2238.56,12702150177698.0,1363148905.0
2020-08-05,NQX,2225.09,2228.34,2215.54,12515602164029.0,
2024-06-12,NQX,3893.04,3911.4,3869.46,23062238318542.0,
2023-09-26,NQX,2909.17,2935.7,2901.14,16833356593745.0,
2023-07-10,NQX,3009.13,3013.29,2984.92,17362946684139.0,
2018-09-14,NQX,1509.1,1516.26,1503.01,8705097713334.0,
2020-02-28,NQX,1692.37,1698.09,1626.71,9491179242387.0,144578193.0
2024-07-23,NQX,3950.87,3980.93,3947.24,23417222601342.0,
2022-03-25,NQX,2950.86,2961.19,2915.52,17433157280912.0,
2023-12-22,NQX,3355.48,3367.85,3340.71,19620371077885.0,
2023-03-10,NQX,2366.06,2413.92,2357.97,13721804424610.0,
2023-12-29,NQX,3365.19,3383.9,3351.58,19666766041268.0,198537708.0
2023-06-27,NQX,2989.18,2994.47,2945.35,17247854661385.0,
2023-09-25,NQX,2953.78,2954.24,2923.09,17091506349972.0,
2018-10-04,NQX,1498.0,1521.65,1487.25,8605685957118.0,1551951223.0
2021-11-26,NQX,3205.12,3260.51,3197.78,18532890673156.0,
2023-07-13,NQX,3114.4,3120.55,3084.14,17970349866182.0,
2022-01-25,NQX,2829.82,2882.09,2806.76,16724964739846.0,
2022-01-07,NQX,3118.44,3167.0,3105.36,18394903183006.0,245886592.0
2020-08-24,NQX,2325.23,2345.62,2307.12,13094565457453.0,60069717.0
2020-06-29,NQX,1992.23,1993.02,1948.58,11196153728265.0,451878753.0
2020-04-28,NQX,1735.52,1783.67,1733.75,9759962739521.0,
2025-02-24,NQX,4270.42,4345.62,4268.46,26195411516258.0,1430998273.0
2025-02-13,NQX,4406.14,4407.63,4351.61,27027982209162.0,
2021-09-20,NQX,3002.44,3031.45,2964.21,17360940813163.0,
2021-07-14,NQX,2980.09,3000.23,2974.35,17020398073383.0,
2020-10-22,NQX,2332.58,2347.84,2305.95,13161270130333.0,
2020-08-20,NQX,2295.41,2299.43,2253.69,12911147067433.0,232377597.0
2018-06-22,NQX,1439.5,1447.95,1435.49,8149497100255.0,
2019-12-10,NQX,1670.86,1678.58,1667.87,9331630766798.0,173636051.0
2019-10-31,NQX,1616.77,1622.09,1608.33,9071362314062.0,621023069.0
2019-06-20,NQX,1547.61,1554.11,1536.29,8720968630885.0,
2019-03-15,NQX,1461.4,1466.26,1453.14,8354721282047.0,185305930.0
2021-04-14,NQX,2760.78,2798.13,2756.43,15771971827511.0,443303510.0
2021-01-21,NQX,2681.0,2686.74,2659.56,15311418709401.0,
2019-07-26,NQX,1603.39,1605.44,1597.34,9002759367183.0,
2019-07-09,NQX,1565.37,1566.78,1549.66,8789289909084.0,127285985.0
2018-08-21,NQX,1479.45,1488.28,1477.67,8534040702898.0,117179781.0
2018-08-02,NQX,1474.43,1476.11,1444.27,8505109111395.0,26341348.0
2022-09-01,NQX,2454.92,2458.07,2402.6,14443511078549.0,2030505110.0
2022-09-14,NQX,2426.88,2434.08,2403.29,14278508554634.0,1854151964.0
2019-12-12,NQX,1693.38,1698.63,1676.02,9457405222128.0,1288725667.0
2019-08-30,NQX,1538.2,1549.42,1528.58,8668312514641.0,127462997.0
2019-03-27,NQX,1461.64,1475.4,1450.41,8236504540086.0,295240331.0
2022-03-28,NQX,2997.48,2997.82,2941.18,17708572600625.0,
2022-06-21,NQX,2309.35,2327.69,2289.39,13587032139911.0,2137601055.0
2018-11-21,NQX,1315.13,1327.87,1313.24,7569829811840.0,455630689.0
2024-04-16,NQX,3542.73,3563.54,3532.19,20987052552544.0,
2024-05-13,NQX,3639.72,3646.7,3629.51,21561618619148.0,
2024-10-29,NQX,4110.13,4120.01,4058.92,24352081772120.0,244051516.0
2023-03-09,NQX,2399.18,2468.09,2394.07,13913882576337.0,1332046336.0
2018-08-27,NQX,1511.83,1512.19,1502.4,8720829986779.0,
2023-12-04,NQX,3167.93,3170.49,3139.12,18330674443321.0,168466195.0
2021-07-15,NQX,2958.94,2981.5,2943.51,16899603873750.0,
2024-07-03,NQX,4037.33,4037.33,3999.06,23870202918139.0,1897944478.0
2024-01-10,NQX,3358.61,3365.47,3330.95,19628328159185.0,
2020-08-13,NQX,2235.67,2254.24,2227.93,12575147617295.0,413984509.0
2020-01-29,NQX,1820.32,1830.62,1813.46,10208784242774.0,
2024-03-28,NQX,3650.94,3661.67,3646.28,21628055563575.0,198569205.0
2023-08-22,NQX,2981.79,3007.53,2976.8,17290151986151.0,
2023-04-17,NQX,2617.54,2621.14,2596.25,15151829342327.0,
2021-05-25,NQX,2731.55,2746.88,2722.9,15604945578170.0,
2021-12-30,NQX,3285.82,3313.92,3283.02,19382252020312.0,623472100.0
2024-03-04,NQX,3645.3,3662.69,3643.66,21303782258164.0,1576412799.0
2023-06-23,NQX,2978.3,2996.75,2964.36,17185047500540.0,
2020-11-04,NQX,2355.4,2369.29,2312.99,13290030938429.0,
2020-10-01,NQX,2316.64,2321.35,2297.72,13038318004822.0,1688352306.0
2020-04-20,NQX,1745.3,1771.03,1745.06,9814976268437.0,
2020-03-11,NQX,1601.22,1644.95,1580.2,8980027683423.0,
2023-07-19,NQX,3165.27,3186.45,3156.39,18226421919384.0,
2023-05-17,NQX,2717.85,2721.67,2683.87,15732480165050.0,5847712209.0
2023-10-11,NQX,3048.22,3049.64,3023.92,17637990391185.0,
2023-02-08,NQX,2499.08,2541.89,2494.22,14493240648900.0,441049944.0
2024-10-16,NQX,4034.81,4040.12,4007.35,23905814770018.0,
2022-11-23,NQX,2367.74,2373.28,2344.4,13910015162579.0,911578905.0
2023-02-14,NQX,2518.18,2525.48,2471.26,14604020611830.0,1459094819.0
2023-11-07,NQX,3059.2,3067.09,3030.68,17701527347825.0,
2019-09-25,NQX,1560.71,1564.49,1529.53,8756830617107.0,
2020-11-02,NQX,2216.95,2244.42,2191.42,12508836452068.0,119512331.0
2020-05-15,NQX,1830.53,1831.49,1791.62,10255508366665.0,1196206950.0
2022-08-22,NQX,2578.11,2614.61,2571.96,15168254869752.0,
2022-06-01,NQX,2509.67,2564.09,2491.58,14825682404905.0,1079365735.0
2025-04-10,NQX,3668.71,3742.12,3558.97,22492200819024.0,476217970.0
2018-10-30,NQX,1362.02,1363.25,1330.51,7824530720880.0,748590205.0
2022-04-06,NQX,2899.78,2927.87,2879.08,17131357310208.0,
2021-12-01,NQX,3175.54,3285.44,3172.86,18361890237050.0,1055549583.0
2022-06-02,NQX,2578.58,2579.51,2489.55,15232730080428.0,2031632703.0
2023-05-02,NQX,2622.73,2648.31,2609.36,15181867313574.0,
2022-12-29,NQX,2190.21,2196.21,2155.3,12701991034561.0,612094267.0
2024-11-25,NQX,4160.98,4199.7,4142.48,24769308309872.0,130583359.0
2020-12-16,NQX,2533.63,2539.62,2513.74,14290338816496.0,
2020-08-27,NQX,2385.23,2409.6,2368.57,13432442963015.0,796573423.0
2019-12-11,NQX,1680.52,1681.56,1672.27,9385599535230.0,
2022-03-21,NQX,2875.22,2894.14,2838.11,16986267496600.0,2144572646.0
2022-09-12,NQX,2547.94,2550.57,2527.95,14990789230914.0,
2019-07-02,NQX,1559.96,1560.09,1549.2,8758930794147.0,993641905.0
2019-04-03,NQX,1508.99,1517.94,1504.08,8503359374294.0,
2024-10-17,NQX,4038.08,4075.59,4037.29,23925218856370.0,
2022-12-15,NQX,2269.04,2318.25,2260.07,13328972290403.0,
2018-06-20,NQX,1456.14,1462.0,1451.37,8243693451610.0,
2023-04-26,NQX,2561.3,2585.92,2556.68,14826246647791.0,232649667.0
2022-09-22,NQX,2300.33,2323.6,2289.77,13470283910151.0,
2021-02-25,NQX,2565.66,2658.91,2554.75,14652729242138.0,571068064.0
2022-01-24,NQX,2901.92,2906.51,2744.97,17151046600774.0,
2024-10-01,NQX,3954.66,4011.03,3924.46,23396261639026.0,
2020-12-03,NQX,2493.43,2507.78,2489.07,14063561649690.0,2014129236.0
2020-08-17,NQX,2257.71,2261.3,2245.63,12699116807306.0,
2018-09-28,NQX,1525.53,1529.86,1519.74,8763835540109.0,
2023-01-26,NQX,2410.3,2411.18,2370.67,13978369167712.0,
2023-03-13,NQX,2384.63,2414.79,2339.08,13829541089203.0,135357107.0
2020-04-21,NQX,1680.6,1732.62,1671.97,9451115299891.0,
2020-01-27,NQX,1790.44,1800.29,1782.2,10041171277248.0,
2022-01-21,NQX,2887.68,2973.69,2886.55,17033720421869.0,
2024-12-24,NQX,4359.53,4359.53,4311.84,26714267643928.0,
2022-10-11,NQX,2158.27,2196.38,2143.3,12638408367910.0,
2019-11-25,NQX,1674.39,1674.56,1661.91,9351594690678.0,
2019-07-03,NQX,1571.54,1571.54,1562.26,8823912634226.0,1689011236.0
2023-07-07,NQX,3007.37,3042.13,3006.51,17352806758690.0,400836859.0
2022-07-13,NQX,2345.71,2363.94,2299.79,13800920339211.0,
2023-08-04,NQX,3054.98,3104.66,3051.75,17714552947064.0,769666048.0
2022-09-30,NQX,2194.24,2259.23,2193.39,12849070584617.0,
2019-10-25,NQX,1605.84,1606.66,1585.33,9010075261559.0,
2019-10-21,NQX,1588.07,1588.34,1577.55,8910330505940.0,
2019-07-10,NQX,1580.68,1584.78,1571.74,8875244332306.0,
2020-05-29,NQX,1911.1,1914.7,1875.99,10757171047162.0,124554367.0
2020-04-14,NQX,1738.43,1741.71,1694.13,9749517518982.0,349867818.0
2020-02-26,NQX,1774.75,1806.57,1762.78,9953210355112.0,144276576.0
2018-11-05,NQX,1387.42,1390.59,1371.96,7980738371064.0,46050922.0
2018-06-28,NQX,1406.32,1411.05,1390.05,7961645119935.0,494036869.0
2024-06-25,NQX,3940.23,3942.48,3904.75,23296105293455.0,
2023-10-20,NQX,2912.18,2956.28,2910.43,16850774389494.0,
2021-03-30,NQX,2579.31,2585.89,2559.61,14723640032125.0,541526843.0
2020-11-24,NQX,2415.96,2418.83,2375.66,13631721684917.0,63387481.0
2022-10-03,NQX,2245.95,2259.29,2197.03,13151821712601.0,
2021-06-23,NQX,2854.85,2864.95,2849.52,16305109229761.0,
2021-03-25,NQX,2556.1,2569.13,2525.58,14591179694529.0,
2021-03-15,NQX,2616.51,2617.03,2577.13,14943112813308.0,123521134.0
2018-10-12,NQX,1431.44,1435.81,1403.98,8223319017838.0,
2023-09-14,NQX,3094.78,3102.56,3067.44,17945310870203.0,1876175026.0
2023-05-09,NQX,2640.22,2650.96,2638.78,15283114444003.0,497064902.0
2023-02-15,NQX,2537.58,2537.88,2497.28,14716538222164.0,5013340915.0
2023-07-12,NQX,3061.45,3072.82,3041.94,17664823221777.0,
2023-02-01,NQX,2472.62,2491.77,2402.15,14339818367207.0,233382787.0
2020-02-18,NQX,1925.96,1929.54,1913.43,10801225313676.0,669026607.0
2023-11-22,NQX,3200.28,3223.9,3192.81,18517823286099.0,395171509.0
2020-03-05,NQX,1734.33,1772.83,1722.78,9726527189447.0,1529778882.0
2022-07-20,NQX,2487.94,2497.68,2446.42,14637733444167.0,
2022-12-23,NQX,2197.09,2201.4,2166.19,12741890119999.0,
2022-12-08,NQX,2327.5,2334.43,2294.14,13673590069161.0,663257608.0
2022-12-12,NQX,2341.29,2341.54,2305.88,13754596427264.0,
2021-12-08,NQX,3278.87,3280.23,3250.08,18959337410410.0,
2022-10-04,NQX,2316.51,2321.85,2292.48,13565020602552.0,3527767820.0
2025-10-10,NQX,4844.35,5039.06,4841.44,29972972150474.0,84723365.0
2025-10-07,NQX,4968.05,5012.6,4956.79,30738306094710.0,
2019-04-02,NQX,1499.93,1501.41,1492.3,8452268370635.0,990827609.0
2024-08-13,NQX,3801.29,3802.64,3744.77,22530640356926.0,
2024-07-25,NQX,3766.12,3845.44,3744.34,22322186424321.0,
2022-04-08,NQX,2865.45,2898.04,2861.53,16928567034130.0,388879676.0
2023-01-18,NQX,2282.06,2338.05,2280.65,13234656250027.0,
2020-04-22,NQX,1732.93,1741.59,1710.12,9745380107607.0,
2019-11-13,NQX,1651.96,1654.92,1646.67,9260362783590.0,112422082.0
2025-10-06,NQX,4995.71,5008.85,4981.52,30909483176423.0,
2025-10-03,NQX,4957.1,4991.65,4942.72,30670612379238.0,3015553040.0
2025-10-02,NQX,4978.55,4988.95,4956.02,30803318067353.0,
2025-10-01,NQX,4960.17,4963.34,4903.57,30689595827713.0,1990590416.0
2021-03-22,NQX,2617.3,2633.49,2588.66,14940535577496.0,
2024-02-05,NQX,3522.61,3531.15,3493.92,20586763758999.0,216864548.0
2024-04-24,NQX,3505.36,3530.78,3487.07,20765657465239.0,349074522.0
2024-02-28,NQX,3574.9,3586.2,3568.07,20892376489757.0,1763644878.0
2021-02-01,NQX,2649.78,2656.04,2596.62,15133133974080.0,
2023-01-17,NQX,2311.44,2323.19,2296.81,13405043541467.0,
2023-02-17,NQX,2471.64,2477.14,2446.76,14334113010485.0,229234923.0
2024-07-17,NQX,3959.83,4016.05,3958.73,23411392429165.0,
2022-01-19,NQX,3009.57,3076.4,3007.67,17752711151262.0,
2024-09-19,NQX,3967.97,3990.36,3944.78,23518566367833.0,3841781251.0
2023-06-08,NQX,2896.91,2900.66,2862.94,16729524235575.0,602985905.0
2024-04-15,NQX,3541.37,3630.42,3535.27,20978958307857.0,
2023-10-24,NQX,2949.17,2954.83,2922.07,17064842907612.0,
2020-05-28,NQX,1883.34,1913.78,1878.38,10600903106431.0,1019714629.0
2024-10-02,NQX,3960.52,3975.34,3926.18,23430908999407.0,4393837162.0
2024-10-21,NQX,4072.29,4077.34,4038.61,24127899879045.0,
2025-02-12,NQX,4343.85,4349.13,4290.84,26645881831836.0,283392633.0
2023-12-21,NQX,3351.48,3353.6,3324.3,19596987554919.0,
2023-10-03,NQX,2913.12,2963.97,2900.83,16856259270515.0,4108067875.0
2023-05-19,NQX,2760.7,2774.88,2752.78,15980492269072.0,244256279.0
2020-07-06,NQX,2120.81,2125.02,2097.16,11918754613468.0,
2025-10-13,NQX,4950.05,4955.93,4908.08,30626968397353.0,
2022-02-04,NQX,2938.87,2966.41,2890.46,17369452714943.0,4790877842.0
2022-02-10,NQX,2941.13,3007.45,2927.34,17381546026041.0,846257066.0
2022-05-04,NQX,2707.14,2711.33,2577.51,15993303628164.0,
2022-02-25,NQX,2837.83,2838.61,2770.06,16816706269353.0,283231623.0
2025-09-30,NQX,4936.0,4938.21,4901.04,30540020104466.0,1059693475.0
2025-09-29,NQX,4922.27,4948.35,4912.04,30455087715368.0,
2025-10-14,NQX,4915.86,4953.27,4851.26,30415445827142.0,
2022-03-01,NQX,2801.2,2854.32,2781.37,16599608913710.0,44060024.0
2024-01-23,NQX,3480.84,3482.17,3457.2,20342675018971.0,
2024-07-10,NQX,4135.08,4138.19,4095.99,24447492180202.0,393530299.0
2023-03-17,NQX,2503.98,2534.87,2488.82,14521655895077.0,
2020-04-29,NQX,1796.55,1805.16,1766.4,10103186919411.0,
2019-09-13,NQX,1578.59,1584.68,1575.92,8895932519792.0,128768492.0
2019-05-08,NQX,1523.51,1535.76,1518.75,8585156601785.0,467690189.0
2021-08-17,NQX,3000.57,3012.54,2981.25,17285144047395.0,143695641.0
2021-10-12,NQX,2932.42,2956.96,2927.27,16956092440038.0,
2021-09-08,NQX,3124.17,3133.8,3105.69,18029467033220.0,
2024-06-21,NQX,3940.09,3960.39,3928.7,23340963316313.0,
2018-08-29,NQX,1532.04,1532.39,1516.7,8837405754693.0,219701771.0
2018-08-28,NQX,1514.05,1517.74,1511.34,8733650407981.0,
2024-07-09,NQX,4090.6,4108.73,4079.11,24184570158626.0,
2019-08-26,NQX,1515.0,1515.55,1501.23,8537595560882.0,79378689.0
2019-08-22,NQX,1541.49,1552.96,1529.86,8686829521994.0,79262810.0
2019-06-12,NQX,1494.46,1501.5,1491.84,8421450547682.0,
2019-04-26,NQX,1565.34,1565.35,1548.52,8820850436993.0,178713386.0
2024-12-23,NQX,4300.63,4302.04,4244.85,26353365338853.0,3034218705.0
2024-11-07,NQX,4220.31,4226.56,4179.28,25004902612981.0,551439276.0
2020-05-21,NQX,1875.6,1903.02,1872.37,10557312544083.0,60261108.0
2020-10-07,NQX,2300.64,2303.91,2276.49,12948258495822.0,
2020-09-22,NQX,2237.27,2241.42,2188.65,12591634885807.0,
2020-08-26,NQX,2394.39,2395.93,2353.62,13484004343697.0,264337963.0
2020-01-14,NQX,1806.68,1816.03,1804.18,10132295990729.0,
2021-11-12,NQX,3239.98,3243.72,3202.56,18734463985537.0,1272499851.0
2023-10-06,NQX,2994.65,3004.28,2915.19,17327988917679.0,185944652.0
2020-11-25,NQX,2430.44,2435.0,2416.3,13713433051505.0,543186110.0
2020-06-30,NQX,2031.37,2037.07,1991.37,11416103441736.0,1163592073.0
2020-02-13,NQX,1919.14,1927.28,1906.55,10762976912180.0,1055972184.0
2020-02-03,NQX,1825.25,1829.74,1806.2,10236398013040.0,
2022-08-10,NQX,2675.66,2677.36,2644.01,15742227373102.0,364198925.0
2018-06-05,NQX,1433.35,1435.96,1427.43,8172470625647.0,179247732.0
2024-04-22,NQX,3442.18,3461.03,3402.09,20391363222381.0,
2021-11-05,NQX,3271.88,3290.89,3260.42,18918909104342.0,3020879241.0
2020-09-24,NQX,2179.29,2205.28,2145.68,12265316477720.0,61055836.0
2021-02-02,NQX,2691.22,2700.25,2672.78,15369823251033.0,195681491.0
2021-01-06,NQX,2524.67,2560.66,2513.88,14418622892602.0,
2019-01-04,NQX,1284.53,1289.04,1246.92,7346158552666.0,
2022-05-02,NQX,2615.17,2616.74,2543.33,15449947442850.0,
2022-03-16,NQX,2791.36,2792.06,2695.02,16541295408477.0,
2022-05-05,NQX,2570.11,2668.96,2542.12,15183747649576.0,2008664078.0
2022-08-25,NQX,2628.72,2629.35,2590.3,15466011466254.0,625231272.0
2022-10-26,NQX,2281.18,2331.39,2277.68,13358143192966.0,227494193.0
2025-10-15,NQX,4949.07,4986.65,4899.21,30620912283691.0,
2025-09-26,NQX,4900.77,4902.07,4859.54,30322057165545.0,511754802.0
2023-01-10,NQX,2241.16,2241.51,2210.14,12997451835792.0,
2020-03-10,NQX,1674.45,1675.29,1588.43,9390714552516.0,
2022-10-27,NQX,2238.33,2283.38,2235.98,13107204007562.0,509088585.0
2019-11-14,NQX,1651.57,1652.99,1642.52,9258140294850.0,1418192380.0
2024-04-17,NQX,3498.72,3557.71,3491.91,20726347436209.0,
2024-02-26,NQX,3586.67,3602.82,3585.33,20961137769868.0,
2023-07-24,NQX,3089.6,3100.93,3074.93,17915306031476.0,
2020-10-02,NQX,2251.14,2295.82,2245.03,12669666867351.0,
2020-05-11,NQX,1859.78,1869.25,1831.04,10419419051288.0,123120348.0
2021-04-28,NQX,2780.32,2798.42,2779.03,15883602962343.0,
2024-10-04,NQX,4007.0,4009.14,3965.9,23705928444255.0,
2023-08-21,NQX,2987.34,2991.77,2947.85,17322303428346.0,330094588.0
2025-02-04,NQX,4313.38,4316.48,4261.62,26458981686019.0,
2025-01-21,NQX,4313.3,4324.05,4275.81,26430987242063.0,
2025-09-25,NQX,4879.46,4892.13,4837.29,30190223920146.0,
2025-10-16,NQX,4931.45,4999.66,4896.23,30511872937803.0,
2025-09-24,NQX,4900.71,4930.08,4877.72,30321710271835.0,538978351.0
2025-10-17,NQX,4963.59,4976.29,4902.32,30710744548519.0,
2025-09-23,NQX,4916.03,4952.86,4907.31,30416499443724.0,
2025-10-20,NQX,5028.2,5036.76,4997.7,31110517894043.0,
2025-10-21,NQX,5025.43,5035.65,5008.68,31093333799246.0,
2019-05-23,NQX,1461.59,1467.49,1452.29,8236211925253.0,171055317.0
2025-09-22,NQX,4952.21,4956.34,4915.6,30640359648567.0,3813686171.0
2019-08-21,NQX,1546.64,1550.93,1541.31,8715895189936.0,539583576.0
2019-01-15,NQX,1333.93,1334.91,1313.47,7628632636886.0,
2025-10-22,NQX,4975.8,5025.41,4930.42,30786292086445.0,
2025-09-19,NQX,4925.25,4928.39,4893.86,30523078734777.0,
2025-10-23,NQX,5019.48,5025.36,4971.26,31056562115705.0,
2025-09-18,NQX,4890.98,4910.9,4869.51,30310695737008.0,
2019-06-21,NQX,1545.76,1554.51,1541.65,8710517590994.0,1096554034.0
2019-05-09,NQX,1516.55,1521.01,1494.54,8545932480138.0,354038175.0
2019-01-03,NQX,1229.43,1258.54,1227.81,7030993027527.0,1655182334.0
2019-04-22,NQX,1542.7,1543.07,1530.78,8693289089521.0,
2019-02-11,NQX,1381.84,1391.67,1378.77,7899878693710.0,116813132.0
2019-11-26,NQX,1677.15,1679.61,1672.82,9367028785101.0,136026210.0
2019-04-15,NQX,1525.82,1527.36,1515.71,8598196425459.0,
2025-10-24,NQX,5071.63,5083.73,5057.7,31379220603027.0,26173521.0
2025-09-17,NQX,4844.74,4858.41,4799.95,30024125433300.0,419580155.0
2022-07-29,NQX,2589.59,2597.37,2545.24,15235840168990.0,1354176429.0
2022-08-23,NQX,2576.36,2600.18,2570.55,15157959193647.0,
2025-09-16,NQX,4854.85,4868.62,4848.84,30086794367668.0,
2022-04-07,NQX,2906.36,2924.85,2863.14,17170260675186.0,64650847.0
2025-10-27,NQX,5164.31,5167.76,5131.28,31952630233162.0,
2025-10-28,NQX,5202.43,5217.5,5172.9,32188498610448.0,413543671.0
2025-09-15,NQX,4858.76,4859.48,4834.62,30111003354130.0,2251174446.0
2022-01-27,NQX,2800.62,2883.89,2794.58,16552373486092.0,
2018-12-20,NQX,1248.64,1276.19,1232.37,7186449016116.0,
2018-12-07,NQX,1322.65,1369.86,1318.91,7613128317871.0,
2018-06-01,NQX,1416.79,1416.97,1401.6,8078020198495.0,
2025-10-29,NQX,5223.97,5236.42,5181.49,32321759305739.0,257701526.0
2018-06-11,NQX,1433.7,1437.49,1429.22,8174439428608.0,85982849.0
2025-09-12,NQX,4818.44,4827.41,4796.73,29861144637584.0,1023902050.0
2025-10-30,NQX,5146.96,5206.32,5146.48,31845304046772.0,
2025-09-11,NQX,4798.51,4803.31,4776.6,29737656159147.0,162443941.0
2022-08-01,NQX,2588.16,2616.92,2566.63,15227377581758.0,
2025-10-31,NQX,5171.63,5212.7,5152.26,31997896247055.0,3058818769.0
2018-06-06,NQX,1442.02,1442.49,1428.18,8221880392220.0,
2025-09-10,NQX,4769.85,4791.71,4752.02,29560052936546.0,
2021-11-17,NQX,3261.61,3279.79,3255.35,18859576632140.0,3727513364.0
2018-12-31,NQX,1265.99,1273.08,1254.79,7240119220015.0,901135868.0
2025-09-09,NQX,4767.96,4770.48,4739.58,29548309984183.0,218135483.0
2018-07-05,NQX,1420.21,1421.11,1405.05,8040272999367.0,1551951223.0
2018-06-26,NQX,1413.64,1421.69,1408.01,8003076471312.0,
2025-11-03,NQX,5194.59,5226.53,5177.58,32139975623290.0,
2025-11-04,NQX,5087.14,5152.45,5083.12,31475174157247.0,371403342.0
2025-09-08,NQX,4752.46,4770.36,4745.01,29452257743156.0,1576897924.0
2025-11-05,NQX,5124.01,5150.18,5072.99,31703268399985.0,
2025-09-05,NQX,4730.49,4772.09,4695.07,29316094636198.0,3706213809.0
2025-09-04,NQX,4726.6,4727.81,4674.27,29292011625472.0,2757131961.0
2021-09-29,NQX,2950.58,2982.98,2945.48,17061072038300.0,595604547.0
2021-07-27,NQX,2991.39,3021.55,2957.56,17232312673567.0,
2021-02-05,NQX,2720.79,2728.59,2705.56,15538685338830.0,2788390759.0
2025-11-06,NQX,5026.01,5113.6,5016.64,31096935122186.0,
2021-02-22,NQX,2644.75,2689.47,2644.2,15104395139338.0,
2021-01-19,NQX,2599.31,2602.43,2572.26,14844879944833.0,
2025-11-07,NQX,5011.96,5013.08,4920.73,31010025211588.0,636133833.0
2021-03-19,NQX,2573.4,2581.2,2540.81,14696908499465.0,1772809052.0
2025-09-03,NQX,4682.97,4695.6,4655.82,29021596250547.0,96917905.0
2021-02-04,NQX,2712.18,2712.63,2681.29,15489495351255.0,2109680411.0
2025-09-02,NQX,4646.22,4648.47,4595.76,28793869858309.0,804689689.0
2021-11-16,NQX,3261.95,3265.91,3231.34,18861538408679.0,
2025-11-10,NQX,5122.35,5131.1,5070.89,31680385908627.0,4062682580.0
2021-12-03,NQX,3142.41,3217.92,3108.66,18170293517196.0,
2025-08-27,NQX,4713.17,4718.21,4686.86,29208761564243.0,78039864.0
2025-11-11,NQX,5106.7,5117.65,5076.17,31583593832123.0,
2021-04-26,NQX,2805.23,2807.88,2784.0,16025903367371.0,
2025-08-28,NQX,4740.69,4748.26,4702.98,29379316074693.0,
2025-11-12,NQX,5103.47,5132.63,5077.95,31563607112719.0,283826580.0
2021-01-22,NQX,2673.28,2680.96,2667.38,15267341086260.0,
2021-06-15,NQX,2806.08,2825.25,2801.79,16030756939447.0,226172790.0
2025-08-29,NQX,4683.08,4721.51,4670.79,29022315607780.0,2812023449.0
2025-11-13,NQX,4998.69,5079.2,4981.69,30915612945554.0,474156868.0
2019-09-03,NQX,1521.9,1534.03,1516.96,8576473405128.0,145982964.0
2019-08-27,NQX,1513.21,1528.14,1506.39,8527461682839.0,
2019-04-05,NQX,1515.77,1516.38,1510.98,8541529904849.0,
2025-11-14,NQX,5001.65,5039.79,4906.98,30933893825581.0,3762064890.0
2025-11-17,NQX,4959.98,5033.23,4929.88,30676208151667.0,609107836.0
2025-08-26,NQX,4705.06,4706.52,4673.83,29158498377050.0,
2024-01-30,NQX,3495.34,3515.69,3488.75,20427419986506.0,1846748003.0
2025-08-25,NQX,4685.12,4709.29,4676.44,29034939138637.0,134806589.0
2024-12-09,NQX,4288.16,4322.0,4280.15,25526412756556.0,2100543432.0
2025-11-18,NQX,4900.62,4947.02,4859.72,30309055414831.0,687211442.0
2025-08-20,NQX,4649.91,4668.73,4591.94,28816752546826.0,
2024-02-01,NQX,3468.94,3471.35,3435.17,20273133546091.0,706366874.0
2025-11-19,NQX,4928.1,4980.93,4886.44,30479035628912.0,219077490.0
2024-01-02,NQX,3308.79,3337.32,3290.63,19337162145296.0,1821516459.0
2025-08-21,NQX,4628.52,4652.85,4609.28,28684144009534.0,5012258675.0
2022-08-04,NQX,2662.21,2665.34,2634.09,15663059400736.0,2169298919.0
2024-10-28,NQX,4070.21,4094.1,4068.96,24115578410465.0,
2024-05-17,NQX,3709.25,3718.07,3692.45,21973471791518.0,233611192.0
2024-04-30,NQX,3488.14,3553.8,3487.51,20663636435095.0,
2025-11-20,NQX,4810.88,5044.57,4804.32,29754016136373.0,5551556035.0
2025-08-22,NQX,4699.62,4715.07,4627.91,29124812593943.0,2498111328.0
2024-09-11,NQX,3847.46,3853.29,3706.29,22804320533717.0,
2023-06-30,NQX,3035.84,3042.75,3016.31,17517088635410.0,
2018-11-16,NQX,1373.4,1379.63,1359.48,7887508607391.0,46615399.0
2025-11-21,NQX,4847.91,4904.4,4770.81,29983091286233.0,2098676674.0
2023-05-26,NQX,2859.68,2865.9,2796.45,16553467888324.0,223679639.0
2025-11-24,NQX,4974.77,4984.1,4891.15,30767663322136.0,402199710.0
2023-10-05,NQX,2944.64,2956.94,2916.88,17038651098504.0,448508819.0
2023-10-12,NQX,3036.82,3066.81,3018.14,17572008060807.0,
2023-06-02,NQX,2909.33,2919.14,2888.43,16840849336252.0,506466283.0
2023-11-17,NQX,3167.6,3175.37,3153.39,18328734822692.0,
2023-03-03,NQX,2458.16,2460.09,2419.05,14255962471565.0,
2024-05-02,NQX,3508.31,3515.15,3458.1,20783122379201.0,
2024-08-30,NQX,3914.93,3916.49,3865.32,23204205228018.0,2318107994.0
2024-04-10,NQX,3602.33,3608.17,3586.48,21340110196788.0,
2020-04-07,NQX,1609.86,1661.12,1608.56,9028469369683.0,
2025-11-25,NQX,5003.67,5013.91,4908.56,30946409966199.0,135240723.0
2023-04-27,NQX,2632.01,2635.12,2587.7,15235546671183.0,
2025-11-26,NQX,5047.39,5061.83,5015.57,31216780772067.0,1880220268.0
2023-01-30,NQX,2382.48,2417.54,2381.22,13817035690700.0,1310179573.0
2023-06-15,NQX,3037.1,3049.32,2985.89,17539096031723.0,
2023-11-29,NQX,3197.52,3233.3,3195.34,18501870214649.0,1643769458.0
2020-03-19,NQX,1457.7,1502.83,1407.47,8175139812640.0,
2020-01-30,NQX,1827.22,1828.15,1803.94,10247451740719.0,1093721776.0
2020-01-17,NQX,1834.75,1835.3,1823.8,10289676592286.0,
2025-11-28,NQX,5086.98,5087.07,5056.19,31461634645652.0,1172420449.0
2023-01-31,NQX,2420.39,2420.84,2383.17,14036885164759.0,
2020-12-08,NQX,2527.14,2530.27,2500.99,14253742393262.0,210277033.0
2020-12-02,NQX,2491.28,2494.45,2463.65,14051466690013.0,814585517.0
2020-10-05,NQX,2301.81,2302.43,2267.22,12954864953077.0,
2025-12-01,NQX,5068.57,5088.64,5031.73,31347785786292.0,
2020-08-18,NQX,2279.81,2284.22,2255.82,12823382578687.0,455514404.0
2020-02-12,NQX,1922.64,1923.18,1910.41,10782604529045.0,
2020-09-01,NQX,2458.57,2460.18,2426.56,13845458333623.0,263529125.0
2025-12-02,NQX,5111.17,5124.54,5073.89,31611265441191.0,
2020-11-12,NQX,2365.43,2395.38,2357.22,13346594287179.0,
2020-10-06,NQX,2258.25,2307.28,2251.25,12709716436107.0,1164599389.0
2020-05-22,NQX,1882.8,1884.39,1865.02,10597835876809.0,
2020-02-20,NQX,1925.57,1942.85,1902.65,10799013048930.0,246395277.0
2025-12-03,NQX,5121.31,5128.0,5077.69,31673963759966.0,1865290253.0
2025-12-04,NQX,5116.34,5131.65,5090.08,31643231071962.0,1734694990.0
2025-12-05,NQX,5138.41,5165.42,5123.47,31779730428269.0,3699497216.0
2025-12-08,NQX,5125.59,5165.64,5106.35,31700441536380.0,2370152836.0
2025-12-09,NQX,5133.74,5139.65,5106.46,31750831179528.0,216965523.0
2025-03-14,NQX,3940.93,3945.84,3887.21,24174274678473.0,4042551591.0
2025-12-10,NQX,5155.29,5166.99,5100.86,31884111952854.0,418726303.0
2021-12-31,NQX,3264.02,3292.98,3263.45,19253634908426.0,142845801.0
2025-12-11,NQX,5137.34,5139.26,5074.44,31773092771981.0,
2025-12-12,NQX,5039.35,5121.22,5020.94,31167048806018.0,1127832241.0
2025-12-15,NQX,5013.45,5075.44,5004.53,31006902435263.0,2466633219.0
2025-03-11,NQX,3875.39,3931.87,3836.11,23772271585916.0,
2025-02-27,NQX,4110.19,4264.79,4108.17,25212564121538.0,286756409.0
2025-12-16,NQX,5026.59,5037.75,4984.66,31088139590886.0,
2025-03-05,NQX,4125.69,4137.74,4036.51,25307657405558.0,582637926.0
2025-02-20,NQX,4413.61,4429.67,4375.75,27073795500103.0,4804232465.0
2025-12-17,NQX,4929.52,5038.62,4929.52,30487806077096.0,
2025-12-18,NQX,5003.87,5032.8,4984.29,30947654840253.0,
2025-12-19,NQX,5069.24,5070.97,5026.86,31350682336873.0,
2025-12-22,NQX,5092.34,5110.92,5080.37,32644443946516.0,1984463971.0
2025-12-23,NQX,5117.57,5118.0,5080.65,32806153130885.0,
2025-12-24,NQX,5131.23,5133.02,5111.37,32893741371927.0,282056170.0
2025-12-26,NQX,5128.88,5143.34,5124.06,32878668541385.0,
2023-03-02,NQX,2408.97,2414.92,2366.02,13970701703717.0,2448969517.0
2025-12-29,NQX,5105.11,5119.6,5088.2,32726316988463.0,832771645.0
2020-07-20,NQX,2190.42,2194.3,2124.38,12320576827784.0,
2025-12-30,NQX,5092.51,5115.52,5091.38,32645545052592.0,
2025-12-31,NQX,5049.97,5096.75,5048.99,32372824453491.0,1284897637.0
2022-05-17,NQX,2512.82,2514.6,2466.8,14845286649561.0,
2022-06-08,NQX,2523.03,2555.33,2515.71,14904563933780.0,108320936.0
2026-01-02,NQX,5041.23,5119.53,5017.27,32316823842085.0,3623795069.0
2022-12-06,NQX,2309.94,2358.19,2297.72,13570416743334.0,42819836.0
2022-12-28,NQX,2135.87,2179.73,2134.24,12386845914385.0,310589940.0
2026-01-05,NQX,5080.26,5104.1,5070.93,32567028764026.0,
2022-01-31,NQX,2986.01,2986.88,2888.58,17648063874709.0,
2022-12-09,NQX,2312.67,2341.42,2310.08,13586444555065.0,
2026-01-06,NQX,5127.94,5130.95,5085.63,32872662243532.0,
2026-01-07,NQX,5130.78,5162.6,5118.48,32890855864370.0,
2026-01-08,NQX,5101.42,5124.45,5080.04,32702651732124.0,
2026-01-09,NQX,5153.25,5162.29,5091.19,33034915094620.0,716769492.0
2026-01-12,NQX,5157.53,5170.06,5120.46,33062358987118.0,
2026-01-13,NQX,5148.39,5174.64,5128.42,33003753301685.0,
2026-01-14,NQX,5093.19,5124.84,5053.24,32641127684739.0,2140624367.0
2026-01-15,NQX,5109.42,5156.21,5104.08,32745117504229.0,
2026-01-16,NQX,5105.85,5147.18,5088.86,32722287504365.0,
2026-01-20,NQX,4997.51,5055.96,4990.84,32953666184843.0,
2026-01-21,NQX,5065.32,5099.77,4998.8,33400759543512.0,
2026-01-22,NQX,5103.67,5115.3,5079.9,33653666678473.0,
2026-01-23,NQX,5121.09,5141.95,5087.0,33768554112908.0,
2019-09-10,NQX,1562.95,1563.52,1548.72,8807781525222.0,
2019-09-09,NQX,1566.48,1575.48,1559.17,8827686664049.0,
2019-12-27,NQX,1754.2,1762.22,1749.97,9837929949667.0,
2019-10-16,NQX,1584.04,1588.35,1579.66,8887750315136.0,
2019-07-30,NQX,1590.49,1596.64,1584.69,8930350482943.0,754682111.0
2026-01-26,NQX,5142.64,5159.4,5115.79,33910646611676.0,
2022-12-05,NQX,2357.36,2391.47,2346.43,13849016799717.0,138522988.0
2026-01-27,NQX,5187.95,5196.52,5158.37,34209400757547.0,
2026-01-28,NQX,5204.56,5233.02,5194.93,34344807190124.0,693723402.0
2019-01-09,NQX,1320.14,1326.21,1309.89,7549775903329.0,127416187.0
2026-01-29,NQX,5176.86,5209.27,5083.71,34162022258017.0,491761420.0
2026-01-30,NQX,5110.48,5164.66,5091.27,33723969898818.0,3331097374.0
2026-02-02,NQX,5147.72,5166.62,5095.7,33969752033206.0,
2018-12-19,NQX,1268.59,1315.08,1256.94,7301296612078.0,
2018-07-13,NQX,1475.16,1477.55,1469.79,8351385343290.0,
2018-05-29,NQX,1385.31,1392.93,1377.42,7898553427571.0,917825245.0
2026-02-03,NQX,5067.72,5168.0,5022.49,33441841878814.0,
2022-07-01,NQX,2317.14,2318.58,2275.69,13632827448205.0,
2022-05-27,NQX,2536.28,2536.52,2481.06,14982887389440.0,787970115.0
2021-02-12,NQX,2761.54,2763.23,2731.36,15771400965177.0,101095388.0
2026-02-04,NQX,4978.25,5055.02,4936.24,32851388191728.0,
2022-05-18,NQX,2385.66,2477.99,2377.41,14094060850841.0,3577585773.0
2022-08-24,NQX,2583.57,2599.03,2568.7,15200408376712.0,416244411.0
2026-02-05,NQX,4909.74,4970.9,4891.08,32399294010095.0,
2018-12-10,NQX,1336.55,1342.08,1306.87,7693098339106.0,
2018-11-28,NQX,1382.67,1382.92,1342.66,7958543850200.0,306290355.0
2018-09-13,NQX,1512.34,1515.75,1506.33,8723776078892.0,1045109078.0
2018-07-26,NQX,1480.15,1486.02,1477.14,8538104427077.0,
2018-07-25,NQX,1501.72,1502.28,1481.13,8662515388152.0,
2018-07-20,NQX,1470.05,1479.72,1468.67,8322411094169.0,
2018-10-02,NQX,1525.66,1537.07,1522.05,8764557495484.0,868772911.0
2026-02-06,NQX,5015.15,5026.29,4924.47,33094935488890.0,
2026-02-09,NQX,5053.63,5067.51,4975.26,33348823522263.0,2483767351.0
2026-02-10,NQX,5025.53,5072.62,5022.69,33163387492282.0,1200394213.0
2021-09-03,NQX,3130.57,3133.62,3110.99,18066414842262.0,123731321.0
2026-02-11,NQX,5040.25,5076.57,4996.06,33416999410121.0,309335720.0
2026-02-12,NQX,4937.52,5062.06,4928.76,32735898178744.0,
2021-12-07,NQX,3265.13,3268.73,3225.68,18879919107684.0,58897323.0
2026-02-13,NQX,4946.55,4984.29,4902.99,32795727826483.0,4002957073.0
2026-02-17,NQX,4940.32,4963.66,4877.49,32754442249871.0,1370676740.0
2021-02-10,NQX,2731.05,2754.18,2706.39,15597294262085.0,
2026-02-18,NQX,4979.77,5011.44,4939.34,33016025269767.0,284269907.0
2021-03-11,NQX,2610.58,2623.57,2584.0,14909258079828.0,1104792375.0
2021-08-31,NQX,3116.5,3120.89,3104.56,17985221111035.0,1095028428.0
2026-02-19,NQX,4959.47,4978.02,4938.2,32881397574667.0,5026644348.0
2021-08-13,NQX,3027.34,3030.08,3015.86,17439357065640.0,195938306.0
2026-02-20,NQX,5002.52,5015.5,4926.76,33166859126377.0,173277288.0
2024-09-23,NQX,3970.44,3978.55,3959.54,23489612494223.0,
2023-12-20,NQX,3310.83,3372.14,3310.41,19359296361910.0,
2021-05-13,NQX,2621.83,2645.33,2601.35,14978149715681.0,550542543.0
2021-07-12,NQX,2975.58,2979.89,2962.76,16994641138352.0,
2026-02-23,NQX,4941.79,4997.07,4923.67,32764181967720.0,438886462.0
2026-02-24,NQX,4995.41,5004.59,4928.74,33119687009415.0,
2024-01-31,NQX,3427.45,3475.1,3425.75,20030630863464.0,348574554.0
2023-02-03,NQX,2514.67,2565.74,2504.16,14583692889148.0,221522921.0
2023-01-20,NQX,2323.81,2324.63,2265.91,13476772277299.0,
2023-01-05,NQX,2148.24,2168.47,2145.68,12458611560781.0,389316301.0
2026-02-25,NQX,5065.81,5068.81,5027.46,33616917524612.0,84813649.0
2026-02-26,NQX,5006.87,5057.65,4964.11,33225836216335.0,320898080.0
2020-02-10,NQX,1903.37,1903.55,1874.64,10674521996704.0,309549124.0
2024-02-20,NQX,3509.22,3531.4,3479.88,20508521658412.0,
2026-02-27,NQX,4992.01,4997.59,4949.45,33127177594828.0,3849961801.0
2024-11-01,NQX,4006.63,4032.51,3990.2,23738842424630.0,804397778.0
2024-02-08,NQX,3556.63,3562.82,3545.71,20785617773928.0,1897020120.0
2026-03-02,NQX,4998.52,5011.83,4915.13,33170398576037.0,757326740.0
2026-03-03,NQX,4944.02,4962.05,4863.18,32808712639337.0,961324230.0
2024-02-16,NQX,3537.2,3572.83,3532.68,20672023712398.0,573111542.0
2023-08-11,NQX,3005.61,3020.51,2994.73,17428284688026.0,2733454325.0
2026-03-04,NQX,5018.74,5035.87,4959.15,33304548182210.0,924875394.0
2024-11-06,NQX,4156.27,4161.41,4105.33,24625434124095.0,
2024-06-24,NQX,3894.92,3944.64,3894.51,23028264104613.0,3805538032.0
2024-06-18,NQX,3981.77,3988.1,3967.57,23587905739518.0,410131812.0
2023-10-09,NQX,3009.43,3014.13,2963.27,17413525924914.0,
2020-12-07,NQX,2519.29,2522.0,2504.62,14209463813997.0,48024113.0
2020-07-14,NQX,2137.9,2140.38,2074.14,12014812810059.0,
2024-04-25,NQX,3486.1,3494.89,3434.58,20651565456570.0,805111558.0
2024-06-10,NQX,3814.93,3817.96,3788.14,22599570402669.0,1400610594.0
2024-05-15,NQX,3719.33,3721.51,3671.86,22033210941411.0,3374853327.0
2023-11-01,NQX,2932.98,2935.57,2888.38,16971162619635.0,196326759.0
2026-03-05,NQX,5004.08,5034.87,4948.91,33207312736526.0,2314482395.0
2024-05-30,NQX,3707.73,3741.05,3697.55,21964506190576.0,1483760998.0
2024-01-11,NQX,3364.18,3379.63,3323.77,19660886746107.0,
2024-04-11,NQX,3661.6,3667.43,3599.65,21691197863523.0,81132915.0
2019-11-29,NQX,1680.74,1687.19,1680.43,9387067713510.0,122671212.0
2023-03-08,NQX,2443.07,2447.54,2420.46,14168420290308.0,
2026-03-06,NQX,4928.6,4977.35,4915.97,32706425418165.0,4920599948.0
2023-01-23,NQX,2374.51,2383.77,2323.53,13770823762273.0,
2023-04-21,NQX,2600.15,2606.17,2579.93,15051170998318.0,
2020-02-14,NQX,1924.72,1926.95,1916.62,10794246495376.0,133804553.0
2026-03-09,NQX,4993.45,5003.83,4857.85,33136749909938.0,1799798479.0
2023-11-02,NQX,2983.91,2986.15,2958.55,17265848391092.0,667773954.0
2023-10-02,NQX,2967.51,2978.44,2940.31,17170980704374.0,
2023-04-12,NQX,2569.67,2614.4,2566.66,14874711821739.0,
2023-10-17,NQX,3024.4,3037.41,2986.6,17500155643008.0,
2023-03-14,NQX,2439.96,2443.57,2407.04,14150388548762.0,2068135563.0
2023-07-11,NQX,3023.81,3027.06,2994.83,17447678305869.0,
2026-03-10,NQX,4991.29,5037.83,4974.29,33122447256810.0,
2020-08-06,NQX,2253.42,2256.45,2218.08,12674947442677.0,2148733979.0
2026-03-11,NQX,4993.0,5030.41,4971.32,33133775121580.0,1490551502.0
2020-12-15,NQX,2519.18,2519.37,2493.51,14208846345270.0,
2020-09-23,NQX,2166.67,2235.92,2161.21,12194246920706.0,
2020-08-07,NQX,2227.88,2255.26,2208.94,12531292859555.0,3094781081.0
2026-03-12,NQX,4906.72,4961.85,4904.45,32561186385422.0,
2026-03-13,NQX,4876.15,4957.33,4867.31,32358324049711.0,4051157452.0
2021-10-15,NQX,3029.38,3030.03,3012.92,17516757158781.0,
2026-03-16,NQX,4931.07,4958.93,4921.29,32722786198123.0,996803625.0
2026-03-17,NQX,4956.08,4976.94,4944.31,32888788681809.0,
2026-03-18,NQX,4885.02,4952.72,4883.46,32417199194287.0,
2026-03-19,NQX,4871.06,4892.43,4820.18,32324536022116.0,
2026-03-20,NQX,4779.63,4853.63,4751.99,31717840228803.0,2158869357.0
2026-03-23,NQX,4837.72,4893.03,4819.54,32119358297981.0,1992409944.0
2025-04-02,NQX,3916.36,3941.47,3831.44,24010440300109.0,2038596904.0
2025-03-03,NQX,4085.12,4214.75,4055.9,25058757179157.0,
2026-03-24,NQX,4800.49,4834.17,4785.54,31872184533038.0,
2026-03-25,NQX,4832.6,4862.85,4816.27,32085345201225.0,745337718.0
2025-02-05,NQX,4331.63,4332.64,4281.72,26570925265446.0,
2025-04-08,NQX,3418.08,3641.4,3370.04,20955609495148.0,
2026-03-26,NQX,4717.4,4805.9,4715.11,31320516062454.0,
2024-08-05,NQX,3579.03,3633.9,3487.07,21213307683406.0,
2024-03-05,NQX,3579.57,3619.55,3560.9,20919685047828.0,148581340.0
2026-03-27,NQX,4626.55,4694.61,4617.8,30717365340436.0,557735609.0
2026-03-30,NQX,4590.68,4671.39,4568.24,30479153524710.0,301320128.0
2026-03-31,NQX,4748.04,4757.9,4639.71,31523938143024.0,1319245383.0
2022-03-24,NQX,2953.14,2953.59,2888.13,17446609797261.0,
2026-04-01,NQX,4804.0,4832.54,4774.33,31895475772739.0,2113502639.0
2026-04-02,NQX,4809.11,4815.27,4702.51,31929395651478.0,2989360777.0
2020-09-10,NQX,2230.82,2313.27,2219.19,12562895960770.0,482396464.0
2020-07-01,NQX,2055.85,2064.36,2028.55,11553674346477.0,
2026-04-06,NQX,4838.43,4853.02,4807.81,32124106644713.0,167170904.0
2026-04-07,NQX,4840.47,4841.85,4755.97,32137658326380.0,
2026-04-08,NQX,4980.63,5009.02,4951.37,33068223286395.0,
2022-03-18,NQX,2884.02,2885.5,2802.89,17090383949211.0,
2026-04-09,NQX,5016.42,5019.49,4957.78,33305806991130.0,592301346.0
2026-04-10,NQX,5023.27,5045.21,5011.54,33351288130141.0,93293269.0
2022-03-30,NQX,3014.31,3045.8,3002.07,17807994388188.0,620502575.0
2026-04-13,NQX,5076.74,5077.52,4999.84,33706332526109.0,
2019-04-29,NQX,1567.81,1570.37,1562.59,8834779532184.0,
2022-11-11,NQX,2363.4,2368.01,2307.14,13839622542554.0,
2022-07-26,NQX,2417.38,2451.83,2410.24,14222611242403.0,227861251.0
2019-10-08,NQX,1520.85,1541.43,1520.77,8533215743803.0,
2022-01-06,NQX,3153.07,3180.13,3121.71,18599201660936.0,63105557.0
2019-06-03,NQX,1395.6,1425.29,1387.34,7864388873701.0,
2019-05-03,NQX,1569.15,1569.5,1554.49,8842320281466.0,754906079.0
2019-02-14,NQX,1404.48,1409.57,1393.94,8029349536760.0,1606646278.0
2019-12-13,NQX,1697.54,1703.5,1688.38,9480654458154.0,109504053.0
2019-08-29,NQX,1540.46,1544.79,1530.87,8681064088296.0,710152172.0
2019-11-12,NQX,1652.76,1658.64,1647.67,9267166741743.0,512687882.0
2019-09-27,NQX,1536.32,1558.16,1525.36,8619968689483.0,516959805.0
2019-07-17,NQX,1577.75,1588.23,1577.6,8858805531195.0,
2019-03-21,NQX,1498.65,1501.08,1471.39,8445089843611.0,
2019-03-08,NQX,1403.14,1403.78,1388.14,8021655602781.0,
2018-10-01,NQX,1529.09,1540.11,1525.49,8784290603504.0,
2018-06-29,NQX,1408.16,1420.37,1406.28,7972059497017.0,
2022-10-18,NQX,2229.55,2274.84,2207.16,13055795994435.0,
2019-08-28,NQX,1517.58,1519.63,1500.04,8552109514913.0,238395669.0
2019-08-02,NQX,1538.56,1551.02,1529.04,8638747678259.0,
2019-06-26,NQX,1525.41,1537.73,1523.38,8564913082114.0,
2018-08-10,NQX,1481.66,1487.32,1476.57,8546821492629.0,3588050740.0
2018-11-14,NQX,1353.97,1383.22,1347.24,7775929653098.0,4056784319.0
2022-06-27,NQX,2401.65,2435.21,2393.13,14130061265460.0,
2022-07-11,NQX,2372.06,2405.21,2366.18,13955954035675.0,
2021-02-08,NQX,2739.0,2739.68,2721.59,15642705259258.0,134963790.0
2021-03-03,NQX,2536.67,2611.46,2535.99,14487127639859.0,894984402.0
2021-03-10,NQX,2550.41,2595.88,2545.37,14565642768205.0,
2021-02-19,NQX,2716.16,2740.34,2709.09,15512208341408.0,123624721.0
2021-11-30,NQX,3227.18,3290.91,3214.75,18660496028550.0,224851784.0
2018-12-04,NQX,1359.04,1409.14,1357.17,7822573743219.0,173337982.0
2021-02-11,NQX,2746.87,2749.44,2727.44,15687620437447.0,1342915841.0
2021-12-20,NQX,3125.53,3132.5,3101.76,18436732335928.0,
2021-04-08,NQX,2751.7,2752.63,2740.7,15720088478358.0,49071661.0
2024-09-13,NQX,3902.92,3911.36,3876.94,23133014935175.0,2959655481.0
2019-04-23,NQX,1562.14,1563.87,1543.83,8802848519764.0,128543402.0
2021-10-11,NQX,2942.75,2981.51,2941.81,17015787995230.0,
2024-03-13,NQX,3613.69,3632.76,3606.08,21119088484543.0,
2024-04-04,NQX,3575.76,3672.4,3575.15,21182680827782.0,125549940.0
2024-11-20,NQX,4133.42,4135.3,4080.51,24605264030058.0,
2023-05-08,NQX,2658.33,2660.49,2638.63,15387920447664.0,
2021-12-15,NQX,3257.92,3260.25,3149.39,18838209453083.0,
2024-07-26,NQX,3804.73,3828.54,3779.86,22551057624128.0,1153970929.0
2024-02-09,NQX,3592.48,3597.58,3559.76,20995119102754.0,2260465156.0
2021-10-26,NQX,3111.9,3142.16,3103.72,17993871469754.0,
2024-08-22,NQX,3898.37,3987.78,3891.98,23106047090375.0,899291450.0
2021-05-10,NQX,2671.82,2729.7,2671.72,15263717126474.0,
2021-04-16,NQX,2808.38,2810.08,2793.31,16043896954942.0,
2024-03-26,NQX,3642.11,3675.74,3641.59,21575744458751.0,
2021-06-14,NQX,2825.64,2825.87,2792.79,16142487926528.0,1632778490.0
2021-09-01,NQX,3122.31,3139.29,3120.73,18018753653112.0,933807843.0
2023-04-03,NQX,2629.67,2631.49,2607.31,15222029185226.0,
2024-09-12,NQX,3884.61,3891.28,3833.36,23024530366830.0,554494363.0
2023-10-13,NQX,2999.02,3046.47,2988.69,17353302984845.0,
2024-11-05,NQX,4045.49,4049.84,4008.51,23969101079928.0,
2023-11-03,NQX,3019.9,3029.96,2993.08,17474093588827.0,298094984.0
2020-10-15,NQX,2379.71,2385.73,2353.1,13393305619113.0,
2020-08-19,NQX,2263.73,2288.04,2260.68,12732949016642.0,3591627228.0
2023-04-25,NQX,2545.02,2586.66,2544.83,14732036230768.0,
2023-02-10,NQX,2460.98,2475.13,2440.84,14272328266451.0,2855388856.0
2023-09-08,NQX,3056.05,3074.84,3048.81,17720717064645.0,
2023-09-21,NQX,2938.85,2969.75,2938.35,17005114641951.0,
2024-10-14,NQX,4087.81,4098.78,4071.01,24219829623953.0,
2020-11-30,NQX,2453.66,2459.92,2418.19,13844449962692.0,124381599.0
2020-02-19,NQX,1943.75,1947.31,1935.19,10900966569751.0,3800827799.0
2020-07-31,NQX,2181.18,2181.67,2141.48,12268609995249.0,247032238.0
2020-06-17,NQX,1996.5,2011.73,1990.5,11237816178632.0,
2024-07-08,NQX,4087.91,4091.05,4072.66,24168628087370.0,324767428.0
2020-10-28,NQX,2228.55,2285.22,2227.2,12574286252688.0,
2023-01-13,NQX,2308.3,2309.59,2269.52,13386828765434.0,
2023-01-25,NQX,2362.94,2368.36,2310.01,13703715957009.0,
2025-03-28,NQX,3856.28,3950.49,3848.31,23642129267514.0,511119262.0
2025-03-18,NQX,3896.67,3935.21,3879.45,23902806261685.0,220077997.0
2022-02-16,NQX,2920.73,2929.56,2879.86,17261028177744.0,3582889502.0
2022-10-05,NQX,2314.64,2329.56,2262.5,13554062929737.0,
2020-12-14,NQX,2492.44,2508.86,2485.25,14058012630234.0,1111944726.0
2020-04-01,NQX,1497.26,1540.34,1484.79,8396960605926.0,
2020-03-13,NQX,1599.05,1599.7,1460.38,8967851162576.0,116430571.0
2022-01-20,NQX,2969.29,3069.52,2966.54,17515126025481.0,
2022-07-21,NQX,2523.88,2524.1,2470.28,14849217364205.0,
2022-02-07,NQX,2914.25,2962.77,2904.93,17223938843774.0,150734865.0
2022-12-07,NQX,2299.48,2315.53,2286.39,13508974102678.0,
2022-08-08,NQX,2631.83,2678.91,2620.76,15484342485555.0,
2022-12-13,NQX,2366.84,2433.28,2344.98,13904716510398.0,301754957.0
2022-06-23,NQX,2339.54,2345.92,2303.1,13764617987991.0,
2022-07-25,NQX,2465.68,2483.12,2448.86,14506802591859.0,
2019-11-27,NQX,1688.94,1689.12,1679.93,9432892244742.0,301909087.0
2019-02-06,NQX,1399.52,1406.99,1393.97,8003776165420.0,1968428126.0
2022-02-08,NQX,2949.41,2957.04,2897.15,17431717390726.0,
2019-05-28,NQX,1455.68,1472.46,1454.94,8202899853022.0,
2019-02-25,NQX,1423.09,1432.35,1422.36,8135692562917.0,70475031.0
2022-03-14,NQX,2609.33,2677.33,2604.08,15462610667419.0,1996097303.0
2018-08-23,NQX,1482.77,1493.17,1481.08,8553206053112.0,46561689.0
2022-11-15,NQX,2374.23,2405.02,2347.08,13903028901309.0,
2018-10-15,NQX,1413.73,1428.83,1409.49,8121592791888.0,
2018-09-05,NQX,1504.65,1521.44,1499.68,8679443629982.0,
2018-09-17,NQX,1486.95,1506.78,1485.56,8577308068310.0,
2018-08-03,NQX,1479.1,1479.1,1471.26,8532036543613.0,
2018-10-16,NQX,1455.29,1458.25,1426.66,8360295015159.0,
2021-10-25,NQX,3102.84,3111.13,3067.7,17941491671243.0,195915366.0
2021-07-29,NQX,3009.67,3018.39,3000.88,17337606427255.0,425611181.0
2021-09-30,NQX,2937.92,2977.64,2936.91,16987903262590.0,460612655.0
2021-07-19,NQX,2909.82,2915.79,2891.01,16619063928452.0,
2021-04-12,NQX,2763.87,2767.88,2749.53,15789608901403.0,
2021-09-14,NQX,3076.58,3105.19,3070.41,17754833763058.0,1629893161.0
2021-12-09,NQX,3229.91,3282.66,3228.29,18676278901206.0,535668256.0
2021-06-09,NQX,2762.99,2780.14,2762.21,15784571930862.0,120767806.0
2021-11-15,NQX,3237.82,3251.37,3219.27,18722008893082.0,1360414143.0
2024-11-26,NQX,4184.58,4188.98,4166.46,24909799848391.0,
2021-08-04,NQX,3016.68,3023.48,3003.43,17377963897265.0,
2021-02-24,NQX,2660.44,2662.49,2594.36,15194001253593.0,314236727.0
2021-03-08,NQX,2459.82,2543.72,2457.54,14048232529359.0,
2021-07-28,NQX,3003.62,3015.77,2982.71,17302739722336.0,
2021-12-21,NQX,3197.26,3199.52,3123.5,18859830901289.0,2469766113.0
2024-10-23,NQX,4013.39,4062.56,3986.98,23778911489672.0,
2021-07-30,NQX,2991.98,2998.17,2976.48,17235682828839.0,289547687.0
2024-07-30,NQX,3759.25,3833.08,3733.44,22281512909821.0,
2020-08-10,NQX,2217.03,2231.88,2188.37,12470299313925.0,215539454.0
2020-07-15,NQX,2140.34,2156.08,2114.19,12028478791237.0,
2024-03-21,NQX,3664.08,3692.94,3663.28,21705880807563.0,
2019-12-04,NQX,1659.31,1663.29,1657.17,9267373082096.0,787368524.0
2019-05-14,NQX,1480.38,1489.81,1467.59,8342096006284.0,351172468.0
2024-12-02,NQX,4232.92,4240.21,4194.45,25197553543371.0,
2023-07-25,NQX,3112.28,3124.54,3096.41,18046811828521.0,
2024-12-13,NQX,4356.05,4377.35,4329.19,25930527105985.0,2568651818.0
2021-10-05,NQX,2934.83,2952.73,2904.05,16970012209342.0,1394032055.0
2023-08-01,NQX,3143.6,3149.69,3127.31,18228416025215.0,210936615.0
2023-02-09,NQX,2476.23,2535.92,2465.49,14360773219578.0,1204763366.0
2024-04-08,NQX,3620.04,3635.73,3610.14,21445009022364.0,
2022-12-01,NQX,2408.38,2422.93,2385.73,14148743122999.0,2116636470.0
2024-07-18,NQX,3941.02,3989.61,3915.16,23300184527410.0,
2020-12-10,NQX,2480.35,2489.56,2445.23,13989802911472.0,444148644.0
2020-10-30,NQX,2210.59,2258.8,2192.0,12472938368910.0,247069595.0
2020-04-17,NQX,1766.48,1775.85,1740.87,9906838444910.0,
2024-09-24,NQX,3988.97,3996.89,3947.91,23599232800696.0,
2023-06-29,NQX,2987.99,2997.38,2975.4,17240981734951.0,937262468.0
2020-08-14,NQX,2232.89,2242.65,2221.39,12559484553404.0,1200419498.0
2020-05-07,NQX,1820.38,1827.24,1809.05,10198628563932.0,599761765.0
2020-03-04,NQX,1789.86,1790.45,1733.95,10037921101742.0,786340546.0
2020-04-03,NQX,1505.62,1534.71,1487.96,8443875559013.0,
2023-07-05,NQX,3040.76,3055.04,3032.52,17545442034594.0,1850233780.0
2023-10-10,NQX,3026.3,3048.39,3010.11,17511159001214.0,
2023-09-28,NQX,2940.55,2957.52,2902.03,17014977174390.0,1296992853.0
2025-04-09,NQX,3829.01,3846.62,3416.39,23474957549126.0,
2020-10-21,NQX,2333.07,2357.88,2329.29,13164036889540.0,
2020-07-29,NQX,2132.6,2138.98,2117.44,11995360681051.0,
2020-09-11,NQX,2217.48,2256.08,2189.04,12487745281361.0,
2025-03-21,NQX,3950.79,3953.63,3881.84,24234794302748.0,
2022-08-17,NQX,2694.17,2718.32,2677.96,15851114061921.0,5017854923.0
2024-05-20,NQX,3734.84,3740.77,3709.98,22125074663434.0,337223058.0
2022-04-04,NQX,3031.92,3032.4,2976.91,17912012036795.0,
2024-04-29,NQX,3556.54,3564.0,3534.21,21068863674549.0,
2022-03-17,NQX,2823.72,2825.18,2765.47,16733075022220.0,
2022-08-12,NQX,2713.17,2713.17,2668.33,15962917607535.0,879242547.0
2022-01-11,NQX,3168.82,3169.7,3099.38,18692124462571.0,
2023-12-26,NQX,3375.69,3381.5,3362.71,19738553893594.0,
2022-09-08,NQX,2464.24,2474.83,2424.06,14498308962388.0,554792120.0
2020-12-21,NQX,2538.05,2541.3,2494.8,14495041667531.0,
2020-10-26,NQX,2300.9,2341.62,2272.15,12982525833826.0,159287231.0
2020-10-19,NQX,2326.87,2392.49,2321.23,13129035052731.0,
2020-07-28,NQX,2106.5,2132.44,2105.49,11848575435618.0,
2020-02-04,NQX,1866.81,1870.59,1844.97,10469502031262.0,48656791.0
2022-11-22,NQX,2344.97,2346.37,2300.67,13776213492412.0,165777990.0
2022-09-02,NQX,2419.69,2490.26,2407.12,14236198241785.0,139103300.0
2022-07-22,NQX,2479.29,2532.57,2464.56,14586882805031.0,
2019-07-22,NQX,1581.02,1583.69,1572.45,8877174230967.0,
2022-04-01,NQX,2972.24,2985.19,2944.77,17559469381589.0,
2022-01-13,NQX,3099.12,3198.08,3093.63,18280974028503.0,
2018-10-18,NQX,1423.22,1450.31,1416.38,8176073685895.0,
2021-07-07,NQX,2962.11,2978.31,2947.15,16917702458900.0,
2024-02-22,NQX,3600.94,3606.96,3561.65,21044557579553.0,1277977791.0
2023-09-27,NQX,2916.03,2931.44,2886.52,16873089296093.0,
2023-02-21,NQX,2412.06,2451.41,2411.65,13988597962550.0,
2023-01-06,NQX,2208.07,2216.52,2139.29,12805576679422.0,
2020-09-21,NQX,2196.04,2196.95,2135.57,12359586299038.0,1443207002.0
2019-08-14,NQX,1498.03,1524.34,1496.12,8441920334677.0,4368570071.0
2019-02-05,NQX,1404.7,1405.95,1393.59,8033398464023.0,143279097.0
2019-01-23,NQX,1331.75,1342.57,1316.9,7616194415778.0,
2019-12-09,NQX,1672.55,1685.15,1671.97,9341070530190.0,
2019-11-01,NQX,1632.23,1632.4,1622.34,9158144176214.0,
2019-06-24,NQX,1544.6,1549.34,1544.16,8672684721512.0,
2019-03-18,NQX,1465.26,1469.74,1458.77,8327642343923.0,
2022-07-28,NQX,2543.57,2548.37,2486.71,14965077241660.0,509388939.0
2022-05-19,NQX,2375.13,2413.37,2359.2,14030853928549.0,903194141.0
2022-07-18,NQX,2375.5,2431.22,2367.32,13976215328687.0,
2018-10-08,NQX,1470.56,1483.11,1453.4,8448071599534.0,
2018-07-16,NQX,1471.58,1478.13,1469.27,8331097492424.0,
2018-12-24,NQX,1179.87,1215.03,1179.02,6747593967635.0,
2018-08-13,NQX,1480.23,1493.76,1479.71,8538590479335.0,98507309.0
2018-11-02,NQX,1393.06,1417.05,1381.81,8002817623917.0,
2018-09-07,NQX,1486.05,1497.88,1480.2,8572152515657.0,
2018-05-31,NQX,1393.55,1403.28,1391.2,7945518551542.0,17273791.0
2018-11-26,NQX,1335.67,1335.98,1318.17,7688029264830.0,68012987.0
2018-09-06,NQX,1490.63,1506.46,1481.06,8598579329498.0,1326527377.0
2021-12-13,NQX,3216.51,3266.46,3215.09,18598766004094.0,
2021-09-10,NQX,3088.15,3134.7,3086.69,17821598190244.0,
2021-04-01,NQX,2665.9,2666.67,2651.16,15217963318688.0,
2021-01-14,NQX,2579.74,2607.41,2577.23,14733117112165.0,
2021-01-08,NQX,2621.04,2622.61,2587.95,14968996139511.0,188724089.0
2021-09-23,NQX,3063.32,3071.38,3039.89,17712960812511.0,
2021-03-31,NQX,2618.29,2633.41,2593.33,14946162533592.0,256984750.0
2021-10-19,NQX,3082.14,3082.99,3064.12,17821826452385.0,
2021-06-30,NQX,2910.96,2916.46,2906.17,16625584613357.0,323541546.0
2021-08-23,NQX,3062.56,3068.29,3028.03,17642290589246.0,
2024-07-01,NQX,3962.44,3965.55,3915.5,23427471103642.0,
2024-06-07,NQX,3800.19,3822.78,3791.74,22512222601162.0,3380691644.0
2024-07-12,NQX,4066.3,4105.22,4043.6,24040867144822.0,81236149.0
2024-05-29,NQX,3747.35,3762.96,3741.33,22199204425155.0,254053078.0
2024-10-25,NQX,4070.4,4110.56,4064.45,24116700747987.0,349326673.0
2024-01-05,NQX,3261.2,3283.08,3249.84,19059027454250.0,
2024-09-27,NQX,4001.72,4030.51,3992.83,23674699803974.0,487860908.0
2023-02-02,NQX,2560.63,2576.2,2520.05,14850211258908.0,463752404.0
2024-11-22,NQX,4155.25,4159.45,4131.14,24735183401760.0,381826497.0
2024-10-15,NQX,4031.97,4096.86,4016.7,23888960583275.0,
2024-06-27,NQX,3957.81,3970.16,3940.28,23400042966298.0,
2024-12-10,NQX,4273.64,4313.4,4262.65,25439931885280.0,191748311.0
2024-07-16,NQX,4079.72,4095.39,4053.27,24120245482810.0,
2024-11-11,NQX,4221.32,4236.42,4198.7,25010856749631.0,
2024-03-25,NQX,3655.41,3667.47,3637.86,21654565169311.0,
2024-04-12,NQX,3600.7,3633.3,3590.42,21330432742848.0,
2024-02-14,NQX,3561.53,3563.06,3523.98,20814213044882.0,3811666233.0
2023-10-27,NQX,2836.08,2864.21,2826.07,16410486407590.0,
2024-11-14,NQX,4179.33,4213.51,4172.8,24762108599324.0,414921648.0
2023-03-16,NQX,2516.28,2519.16,2438.13,14593006189639.0,
2023-02-24,NQX,2393.93,2403.66,2380.17,13883458288703.0,1033765243.0
2020-07-10,NQX,2167.27,2168.56,2127.9,12179827382589.0,
2020-06-12,NQX,1932.75,1969.8,1899.82,10879033962711.0,416021250.0
2023-12-28,NQX,3379.69,3393.87,3378.26,19751556363260.0,904679118.0
2020-11-05,NQX,2415.61,2423.41,2395.42,13629757777136.0,2033004601.0
2020-09-18,NQX,2187.4,2230.79,2153.88,12318329340431.0,
2020-05-26,NQX,1878.0,1914.11,1875.99,10570804759088.0,
2020-04-02,NQX,1527.13,1528.37,1486.46,8564502227872.0,2045983792.0
2025-03-04,NQX,4070.51,4137.69,4006.95,24969129734886.0,804768590.0
2025-01-27,NQX,4225.46,4258.51,4194.98,25919618710505.0,
2025-01-31,NQX,4295.61,4369.2,4285.16,26349953272457.0,2435523680.0
2022-02-01,NQX,3003.94,3006.89,2949.9,17754004622096.0,227686011.0
2022-06-09,NQX,2453.96,2533.28,2453.26,14496544138583.0,557844146.0
2022-03-15,NQX,2691.71,2697.64,2618.49,15950814107581.0,269695278.0
2022-04-29,NQX,2570.96,2685.71,2567.1,15188770277326.0,
2019-06-18,NQX,1527.08,1537.82,1519.11,8605274524133.0,
2019-07-25,NQX,1585.97,1596.79,1584.24,8904964822877.0,
2019-05-20,NQX,1475.34,1484.92,1470.39,8313717201605.0,159578873.0
2022-12-14,NQX,2348.18,2388.25,2323.5,13795114740345.0,1513872207.0
2019-10-23,NQX,1577.89,1578.04,1569.03,8853259344863.0,
2019-07-19,NQX,1566.98,1590.04,1566.48,8798316789581.0,
2022-11-29,NQX,2300.69,2322.67,2290.07,13516092797884.0,340892783.0
2019-12-31,NQX,1746.61,1747.08,1734.88,9795412459844.0,
2019-07-11,NQX,1579.36,1586.92,1574.63,8867804793338.0,
2022-02-11,NQX,2850.77,2953.93,2838.91,16847537199101.0,203299092.0
2022-09-29,NQX,2232.96,2268.0,2207.79,13075758163702.0,1035489132.0
2022-12-16,NQX,2248.74,2276.64,2235.11,13209730593741.0,
2022-03-22,NQX,2930.87,2937.81,2877.12,17315027644324.0,
2022-04-26,NQX,2601.94,2689.54,2601.93,15371805542958.0,227840510.0
2022-01-28,NQX,2890.92,2891.37,2776.1,17086069942431.0,1660128783.0
2019-01-08,NQX,1310.37,1314.95,1291.4,7493905373860.0,
2022-11-04,NQX,2171.41,2186.92,2126.48,12715329723448.0,4758796639.0
2018-12-14,NQX,1318.99,1342.08,1317.06,7591364449253.0,
2018-11-29,NQX,1378.48,1387.6,1367.89,7934453560061.0,320567109.0
2018-09-19,NQX,1498.06,1502.67,1488.31,8641445369939.0,
2018-11-23,NQX,1305.47,1318.31,1304.91,7514209350607.0,
2018-10-24,NQX,1357.83,1423.47,1355.49,7800440826204.0,
2021-11-09,NQX,3243.99,3280.31,3233.73,18757650912051.0,475031454.0
2018-10-05,NQX,1479.8,1502.09,1465.48,8501135002754.0,
2021-04-06,NQX,2715.69,2732.06,2710.32,15502174642434.0,1391268196.0
2021-02-26,NQX,2581.89,2618.07,2552.87,14745400123385.0,151058290.0
2021-01-27,NQX,2622.53,2678.7,2606.83,14977506506129.0,
2021-03-26,NQX,2595.82,2598.61,2544.33,14817923415128.0,
2021-11-22,NQX,3276.2,3352.97,3274.98,18943890459973.0,112588175.0
2021-01-29,NQX,2585.08,2633.57,2569.09,14763598479046.0,1411219500.0
2021-07-02,NQX,2945.53,2947.64,2925.36,16823004062215.0,1898265041.0
2021-05-19,NQX,2647.58,2648.8,2598.87,15125267081715.0,3534063034.0
2021-09-15,NQX,3100.71,3103.79,3063.28,17894063541323.0,
2021-11-08,NQX,3267.21,3280.39,3262.8,18891906384858.0,
2021-08-05,NQX,3036.33,3036.85,3016.77,17491158112995.0,1781200849.0
2021-01-13,NQX,2594.73,2601.77,2575.6,14818718533475.0,
2021-08-30,NQX,3121.02,3124.12,3091.94,18011276565644.0,257258144.0
2021-09-24,NQX,3065.94,3069.11,3041.84,17728107420890.0,79167288.0
2024-03-06,NQX,3603.51,3628.58,3588.33,21059603309497.0,
2024-03-18,NQX,3597.0,3624.87,3594.62,21308537912093.0,
2024-01-19,NQX,3462.8,3463.38,3408.42,20237244979936.0,
2024-08-14,NQX,3804.54,3820.6,3767.42,22549894782071.0,
2024-02-12,NQX,3576.53,3608.29,3571.93,20901911198703.0,833393081.0
2023-10-25,NQX,2876.33,2928.69,2872.45,16643351206835.0,295195331.0
2023-08-16,NQX,2975.29,3015.41,2974.76,17252469574627.0,3922562083.0
2023-07-06,NQX,3017.89,3021.29,2993.83,17413504281331.0,60072802.0
2023-10-19,NQX,2956.63,3004.78,2949.86,17107976403395.0,20143286.0
2023-06-21,NQX,2973.49,3007.78,2965.2,17157314355940.0,2232762688.0
2020-07-23,NQX,2116.12,2177.08,2106.24,11902673717012.0,
2020-02-11,NQX,1903.57,1920.01,1898.73,10675666938114.0,65399971.0
2020-10-27,NQX,2319.79,2326.7,2300.62,13089083415211.0,
2020-07-07,NQX,2104.8,2140.99,2103.33,11828782932045.0,
2020-02-06,NQX,1889.18,1889.74,1871.57,10594970393615.0,1913424885.0
2020-09-15,NQX,2287.77,2299.08,2273.44,12883610158558.0,
2024-06-20,NQX,3950.46,3995.99,3937.0,23402414591706.0,
2023-12-07,NQX,3204.5,3208.5,3175.1,18541918882955.0,851458602.0
2023-07-21,NQX,3085.13,3120.1,3082.11,17764980608719.0,
2020-10-29,NQX,2270.15,2293.47,2237.42,12808994426644.0,1381013836.0
2020-06-09,NQX,1993.43,2001.38,1971.8,11220586743398.0,
2020-05-05,NQX,1786.12,1806.2,1780.11,10006734486861.0,
2020-01-24,NQX,1828.29,1854.47,1820.29,10253486185879.0,
2025-01-22,NQX,4370.6,4388.61,4351.07,26809952065866.0,
2025-04-07,NQX,3486.14,3638.29,3308.44,21372849073425.0,
2022-08-16,NQX,2727.04,2744.18,2701.69,16044507078487.0,150954512.0
2019-04-18,NQX,1537.94,1538.83,1529.48,8666488765407.0,
2019-12-02,NQX,1661.85,1681.97,1654.92,9281593429844.0,78923429.0
2022-09-15,NQX,2385.5,2430.67,2373.58,14035035759831.0,
2018-12-26,NQX,1252.55,1252.76,1184.37,7163259128743.0,
2019-04-10,NQX,1522.3,1522.68,1514.66,8578324815276.0,
2019-02-07,NQX,1381.0,1390.95,1370.87,7897814022029.0,290587504.0
2018-08-06,NQX,1487.8,1487.91,1476.32,8582228800062.0,1514003635.0
2018-06-27,NQX,1393.93,1425.75,1393.69,7891523635596.0,
2018-06-14,NQX,1455.92,1458.26,1446.73,8301145089674.0,746681635.0
2022-09-13,NQX,2406.72,2483.98,2400.87,14159922049292.0,305559688.0
2021-04-19,NQX,2781.53,2805.13,2767.15,15890521455286.0,
2018-08-14,NQX,1489.43,1491.08,1478.0,8591658062817.0,116904062.0
2019-04-11,NQX,1518.98,1524.28,1516.14,8559618622268.0,
2021-07-21,NQX,2968.53,2968.63,2942.02,17100578264386.0,
2024-03-15,NQX,3561.65,3586.1,3553.0,20814936856204.0,
2024-07-19,NQX,3904.52,3956.9,3895.88,23084418443622.0,21419529.0
2024-01-03,NQX,3273.7,3294.21,3270.43,19132093203227.0,2478809216.0
2024-08-16,NQX,3901.7,3912.25,3875.34,23125830337345.0,4279287307.0
2021-08-18,NQX,2971.58,3007.98,2969.29,17118197698418.0,3374260639.0
2023-06-14,NQX,3001.14,3003.42,2956.92,17331446903335.0,1483014098.0
2023-04-14,NQX,2615.9,2630.46,2592.58,15142338700081.0,
2023-12-06,NQX,3157.61,3198.19,3155.39,18270615855562.0,
2024-07-22,NQX,3964.57,3972.34,3927.65,23498457663338.0,
2021-05-14,NQX,2678.62,2686.0,2644.04,15302604137345.0,1406341126.0
2020-07-09,NQX,2150.92,2157.19,2114.99,12087951475240.0,271435404.0
2023-08-30,NQX,3092.49,3096.97,3068.37,17932017891290.0,1645747207.0
2020-05-08,NQX,1844.07,1844.9,1825.39,10331382942542.0,3124159237.0
2020-04-16,NQX,1751.57,1758.67,1721.1,9823183033816.0,
2023-09-12,NQX,3057.95,3089.57,3055.78,17731741488255.0,785439382.0
2023-07-18,NQX,3168.27,3179.14,3121.55,18243695568886.0,
2025-03-06,NQX,4010.53,4094.69,3993.71,24601211254976.0,2025032222.0
2025-02-19,NQX,4435.12,4444.52,4409.15,27205729994729.0,
2025-01-28,NQX,4292.61,4300.15,4208.63,26331537853416.0,
2025-01-15,NQX,4247.57,4257.2,4204.84,26028202563741.0,
2020-12-31,NQX,2577.66,2580.82,2560.95,14721231266330.0,
2020-06-18,NQX,2002.41,2003.71,1988.39,11271109444392.0,
2020-05-06,NQX,1796.97,1813.12,1790.18,10067511413586.0,1567707616.0
2020-04-27,NQX,1767.53,1777.53,1760.78,9939983473593.0,159259699.0
2022-03-03,NQX,2807.04,2868.26,2793.02,16634245542905.0,1898038835.0
2022-09-23,NQX,2262.25,2280.52,2233.93,13247290234921.0,
2019-09-05,NQX,1572.51,1575.99,1560.67,8861652030441.0,1446664058.0
2019-03-20,NQX,1476.15,1484.55,1463.68,8318282056655.0,1096554034.0
2019-03-01,NQX,1430.31,1431.99,1420.22,8177021456373.0,
2019-10-01,NQX,1536.83,1564.34,1535.08,8622845498879.0,995000815.0
2019-07-29,NQX,1597.82,1602.01,1587.99,8971461350670.0,
2019-01-29,NQX,1326.56,1340.29,1322.69,7586489132275.0,
2019-02-01,NQX,1375.1,1384.39,1371.46,7864114971625.0,
2018-06-13,NQX,1441.05,1452.23,1438.6,8216377180847.0,
2018-11-09,NQX,1407.83,1420.88,1396.58,8098152509734.0,189200992.0
2018-07-27,NQX,1459.36,1488.64,1451.06,8418159446314.0,
2022-10-28,NQX,2309.24,2312.63,2235.4,13522469537479.0,1446812521.0
2019-11-08,NQX,1651.18,1651.26,1637.26,9258304379384.0,213426046.0
2019-07-01,NQX,1553.63,1564.17,1547.13,8723349304946.0,
2019-03-11,NQX,1432.8,1433.38,1409.93,8191254790433.0,
2019-01-07,NQX,1297.65,1304.29,1282.59,7421167797234.0,
2022-01-04,NQX,3255.95,3302.77,3230.38,19206034989704.0,3448331335.0
2022-06-22,NQX,2305.54,2341.62,2284.64,13564621605114.0,
2018-12-28,NQX,1257.05,1277.67,1246.74,7188994063551.0,476323624.0
2018-10-25,NQX,1403.28,1412.78,1373.35,8061523920442.0,
2022-09-26,NQX,2250.82,2294.67,2247.15,13180379787480.0,
2021-04-27,NQX,2792.06,2809.69,2786.24,15950629220964.0,
2021-06-01,NQX,2730.92,2754.71,2720.5,15601356470336.0,59527358.0
2021-06-02,NQX,2735.16,2742.54,2722.03,15625584815705.0,1049856403.0
2021-06-18,NQX,2809.92,2828.12,2804.92,16052668194650.0,
2024-11-15,NQX,4078.83,4136.91,4063.02,24166609584493.0,3610284860.0
2024-04-02,NQX,3624.36,3627.11,3600.47,21470590437063.0,1921331311.0
2023-07-17,NQX,3142.66,3149.13,3115.31,18096198831917.0,
2023-06-07,NQX,2860.66,2929.58,2856.74,16520174257888.0,115023117.0
2024-12-16,NQX,4419.33,4426.64,4375.95,26307220967136.0,1052417772.0
2024-08-06,NQX,3615.58,3673.74,3571.76,21429958882416.0,327815615.0
2024-08-08,NQX,3682.76,3689.08,3593.04,21828140650068.0,551779017.0
2020-06-15,NQX,1955.38,1961.88,1897.97,11006374587506.0,
2020-04-30,NQX,1800.1,1804.6,1784.08,10085047335770.0,343474085.0
2020-03-18,NQX,1435.04,1467.38,1367.51,8048004534224.0,
2024-09-18,NQX,3868.9,3928.7,3866.16,22931385946841.0,
2023-08-31,NQX,3100.21,3115.0,3093.28,17976833458276.0,3494754049.0
2023-07-31,NQX,3151.4,3160.71,3140.55,18273633589739.0,
2023-03-24,NQX,2553.41,2554.09,2521.63,14780589604431.0,
2023-04-11,NQX,2592.83,2609.91,2589.53,15008783483458.0,
2024-04-01,NQX,3658.64,3678.32,3642.26,21673681727412.0,
2021-03-12,NQX,2587.46,2588.72,2555.63,14777210425738.0,1625145224.0
2023-02-16,NQX,2488.5,2530.68,2488.0,14431886656078.0,173509363.0
2023-05-16,NQX,2685.2,2699.69,2676.95,15543484630423.0,152077863.0
2023-08-28,NQX,3010.49,3017.25,2989.78,17456568831402.0,
2024-03-22,NQX,3667.89,3677.25,3653.54,21728471277737.0,
2020-07-22,NQX,2174.15,2182.05,2155.25,12229093444196.0,
2023-05-05,NQX,2651.83,2658.22,2611.98,15350283080583.0,1308207721.0
2025-03-20,NQX,3935.52,3977.77,3909.86,24141117169870.0,3034218705.0
2024-09-25,NQX,3994.52,4008.69,3984.19,23632084605651.0,
2023-06-20,NQX,3014.03,3025.48,2989.34,17391232638150.0,
2020-08-12,NQX,2231.54,2238.05,2194.18,12551919612393.0,102633462.0
2022-07-08,NQX,2425.14,2435.86,2391.21,14268260961508.0,408925502.0
2022-04-27,NQX,2600.67,2648.37,2587.28,15364295034242.0,
2022-07-07,NQX,2421.81,2427.54,2379.48,14248683839900.0,65118221.0
2019-02-21,NQX,1407.03,1412.61,1400.36,8043921881717.0,
2022-11-16,NQX,2339.82,2359.4,2334.63,13701516828477.0,5228609018.0
2018-10-19,NQX,1421.45,1445.59,1416.15,8165899282382.0,
2021-03-16,NQX,2630.46,2659.5,2618.36,15022767815169.0,227915129.0
2021-02-18,NQX,2727.5,2733.99,2695.43,15577014502532.0,662067386.0
2021-02-09,NQX,2737.42,2748.36,2732.94,15633636401894.0,522935808.0
2021-05-21,NQX,2682.35,2714.79,2680.31,15323879896011.0,
2024-06-11,NQX,3842.04,3842.53,3793.31,22760122062121.0,344923033.0
2023-10-26,NQX,2821.91,2874.5,2811.67,16328496859861.0,
2023-04-24,NQX,2593.95,2608.85,2576.76,15015269899311.0,
2020-11-03,NQX,2255.98,2271.22,2223.12,12729060952853.0,
2022-10-07,NQX,2207.89,2258.73,2198.33,12928998745439.0,161999596.0
2019-08-09,NQX,1529.25,1541.9,1518.23,8586493045995.0,3335008612.0
2019-07-16,NQX,1585.42,1593.15,1580.99,8901832084362.0,
2019-11-04,NQX,1642.13,1645.67,1639.46,9213688369841.0,87912070.0
2019-03-07,NQX,1405.38,1419.58,1400.36,8034453111724.0,956795110.0
2021-10-14,NQX,3010.48,3012.0,2980.31,17407471617040.0,
2021-06-16,NQX,2796.6,2820.02,2768.72,15976603428874.0,
2020-05-27,NQX,1888.41,1889.01,1836.5,10629421565803.0,143628733.0
2020-02-24,NQX,1815.93,1838.98,1805.68,10184129434351.0,60644828.0
2020-01-16,NQX,1825.0,1825.21,1813.26,10235015118486.0,
2019-12-26,NQX,1755.66,1755.68,1743.21,9846156828174.0,62798423.0
2019-11-05,NQX,1642.04,1645.82,1638.21,9213139442629.0,46515660.0
2019-12-30,NQX,1741.95,1753.66,1734.38,9769226906492.0,548618475.0
2019-05-17,NQX,1500.74,1521.13,1499.38,8456822460845.0,579163490.0
2019-10-10,NQX,1548.07,1554.54,1536.52,8685933502430.0,
2019-02-13,NQX,1403.18,1412.54,1401.95,8021868021105.0,
2019-11-15,NQX,1663.1,1663.18,1656.84,9322821141390.0,573054294.0
2019-10-14,NQX,1568.47,1573.13,1565.43,8800361925754.0,
2019-08-15,NQX,1496.98,1504.7,1485.87,8436011702228.0,112469931.0
2019-04-25,NQX,1563.38,1570.39,1555.65,8809850582505.0,
2019-05-10,NQX,1517.31,1524.6,1485.35,8550197991346.0,3417788105.0
2022-05-24,NQX,2353.97,2368.56,2315.22,13905869973452.0,
2023-09-05,NQX,3101.65,3111.37,3083.99,17985138465084.0,64748067.0
2020-12-30,NQX,2569.07,2583.49,2565.76,14672199957209.0,548448085.0
2020-12-18,NQX,2547.64,2558.69,2522.26,14369051979249.0,1598629295.0
2020-06-25,NQX,2020.37,2022.06,1980.24,11354264811169.0,
2019-03-26,NQX,1470.23,1483.45,1462.88,8284918179978.0,
2019-03-13,NQX,1451.4,1458.57,1445.98,8297545378154.0,
2019-05-21,NQX,1490.2,1494.54,1483.41,8397473361679.0,232599119.0
2019-03-05,NQX,1431.36,1435.66,1424.14,8182981970142.0,
2024-01-04,NQX,3256.4,3283.89,3255.29,19031014351075.0,551225598.0
2024-12-20,NQX,4257.83,4308.09,4182.74,25343366395721.0,
2022-12-20,NQX,2214.48,2228.72,2193.41,12842774795343.0,
2022-06-28,NQX,2327.55,2426.77,2326.6,13694124572468.0,
2018-07-23,NQX,1474.36,1475.36,1460.27,8504684628600.0,
2023-11-28,NQX,3202.09,3206.3,3184.21,18528288660864.0,75985971.0
2020-09-02,NQX,2484.11,2487.89,2435.23,13989264841006.0,812175630.0
2020-07-13,NQX,2120.44,2213.85,2114.85,11916675280854.0,
2021-11-19,NQX,3314.67,3325.17,3304.82,19166352148204.0,
2021-07-16,NQX,2936.28,2975.19,2933.42,16770168678434.0,
2021-05-26,NQX,2740.55,2745.21,2732.21,15656373471969.0,268122303.0
2024-12-26,NQX,4353.66,4367.54,4329.12,26678310949744.0,
2024-07-11,NQX,4042.27,4134.36,4033.0,23898815241887.0,
2023-04-05,NQX,2593.44,2613.06,2578.89,15012308173510.0,392292902.0
2023-12-12,NQX,3270.85,3270.85,3235.09,18925846347127.0,777135393.0
2023-10-23,NQX,2920.97,2949.27,2883.81,16901663150615.0,
2020-11-16,NQX,2402.68,2407.1,2378.36,13556766827942.0,
2020-08-25,NQX,2344.36,2344.77,2316.15,13202275816478.0,
2025-03-07,NQX,4040.27,4050.64,3947.37,24783687345725.0,4556275382.0
2022-11-21,NQX,2310.69,2332.99,2304.89,13574841812926.0,358436364.0
2022-11-09,NQX,2159.51,2202.53,2158.07,12645672528947.0,2327502548.0
2022-06-16,NQX,2225.51,2262.21,2207.44,13147041388029.0,
2021-09-07,NQX,3135.15,3140.28,3122.05,18092851688138.0,
2021-05-05,NQX,2700.67,2735.38,2695.72,15428579095291.0,
2019-06-14,NQX,1495.82,1500.15,1490.97,8429133521035.0,
2024-08-19,NQX,3953.3,3953.56,3889.02,23431623529940.0,
2024-11-08,NQX,4223.44,4231.0,4210.06,25023403341138.0,3670605880.0
2023-12-11,NQX,3244.35,3246.45,3212.37,18772496808770.0,
2024-01-17,NQX,3347.26,3349.82,3312.3,19561978173923.0,
2023-03-15,NQX,2450.26,2453.89,2405.24,14210163116512.0,
2020-03-31,NQX,1562.7,1602.32,1553.09,8763976508661.0,1159783690.0
2020-03-03,NQX,1718.9,1800.09,1703.32,9639973419585.0,158566249.0
2020-01-21,NQX,1833.33,1837.48,1828.36,10281707229137.0,
2020-01-07,NQX,1769.29,1774.49,1764.34,9922580317432.0,1058932934.0
2021-08-19,NQX,2986.79,3000.04,2954.62,17205772506558.0,802108130.0
2022-03-11,NQX,2660.37,2742.89,2657.02,15765055712681.0,
2022-11-10,NQX,2321.19,2322.44,2247.16,13592445426018.0,
2019-10-30,NQX,1616.62,1619.27,1603.58,9070554566992.0,877784024.0
2019-09-20,NQX,1564.71,1584.11,1558.86,8817712160396.0,1095839138.0
2019-08-07,NQX,1510.38,1513.98,1477.27,8480521081300.0,455505273.0
2019-06-13,NQX,1502.14,1506.18,1497.42,8464715873556.0,1545081408.0
2025-04-03,NQX,3704.3,3780.41,3700.65,22710338527257.0,2671621077.0
2024-07-02,NQX,4002.38,4003.01,3948.36,23663576533397.0,
2024-12-27,NQX,4294.6,4328.45,4258.44,26316407439741.0,
2024-01-25,NQX,3503.4,3526.27,3486.07,20474499316326.0,
2022-08-26,NQX,2521.03,2635.05,2520.68,14832458085953.0,
2023-09-18,NQX,3045.07,3053.79,3031.09,17619770328492.0,
2018-08-22,NQX,1484.92,1486.9,1474.94,8565616848205.0,496673933.0
2024-09-09,NQX,3732.16,3738.77,3693.88,22120896727742.0,1391768967.0
2022-02-23,NQX,2701.89,2807.19,2700.52,16011103905852.0,
2022-11-14,NQX,2340.19,2372.76,2333.82,13703688092355.0,1566263949.0
2023-04-06,NQX,2612.52,2615.63,2569.21,15122750733335.0,400847985.0
2020-11-18,NQX,2378.94,2405.43,2378.5,13422845311228.0,4588547475.0
2020-11-09,NQX,2366.08,2453.73,2363.59,13350256804170.0,226154134.0
2020-03-30,NQX,1577.8,1580.42,1530.29,8848668470374.0,552902795.0
2020-01-06,NQX,1769.7,1770.0,1742.78,9924898225420.0,
2021-04-21,NQX,2787.03,2787.94,2743.49,15921920760504.0,
2019-08-20,NQX,1532.89,1546.26,1532.85,8638414805409.0,600528162.0
2020-06-04,NQX,1925.93,1948.4,1915.54,10840634031953.0,1796845792.0
2020-06-02,NQX,1931.46,1932.02,1902.38,10871752812044.0,
2020-01-03,NQX,1758.78,1768.73,1751.03,9863643412562.0,
2024-07-31,NQX,3872.49,3885.32,3832.58,22952645116609.0,1851380210.0
2022-04-25,NQX,2706.64,2708.37,2647.95,15990367704241.0,
2021-11-18,NQX,3296.59,3300.38,3261.9,19061844057371.0,308369352.0
2025-03-19,NQX,3947.33,3984.32,3899.56,24213565227174.0,422116088.0
2020-06-23,NQX,2041.96,2061.38,2034.41,11475635758552.0,
2020-04-09,NQX,1647.71,1666.84,1633.59,9240709425536.0,153240295.0
2020-01-08,NQX,1782.47,1790.71,1766.98,9996520484823.0,
2021-05-17,NQX,2662.58,2670.07,2639.31,15210961681311.0,100376075.0
2021-07-26,NQX,3025.19,3028.47,3009.65,17426998760679.0,195820989.0
2024-07-29,NQX,3811.9,3844.86,3794.88,22593531854744.0,235844372.0
2023-12-19,NQX,3362.37,3362.62,3346.65,19660660534602.0,3835815496.0
2022-09-20,NQX,2370.31,2390.23,2352.34,13880061065936.0,
2019-10-17,NQX,1588.43,1596.23,1582.99,8912364608911.0,
2019-09-23,NQX,1563.72,1568.6,1558.06,8773740112001.0,
2025-03-17,NQX,3962.45,3988.76,3924.49,24306281654296.0,
2023-05-30,NQX,2871.0,2904.03,2860.22,16618968266695.0,324800416.0
2023-05-15,NQX,2682.7,2683.96,2659.57,15529007381043.0,
2020-04-13,NQX,1666.55,1667.63,1631.72,9346378991775.0,
2020-03-09,NQX,1589.61,1648.35,1582.43,8914869528882.0,52630527.0
2022-04-13,NQX,2843.46,2851.76,2783.9,16798635143891.0,467680965.0
2019-07-05,NQX,1568.26,1570.94,1554.92,8805508584187.0,
2022-06-13,NQX,2257.66,2313.73,2250.84,13336959723599.0,
2021-05-24,NQX,2728.35,2737.52,2700.02,15586689483321.0,68658005.0
2021-08-03,NQX,3012.28,3012.72,2972.89,17352653085499.0,
2023-05-31,NQX,2850.82,2875.06,2843.23,16502159780391.0,1194727037.0
2023-12-13,NQX,3312.47,3316.21,3271.44,19166694560183.0,
2020-12-22,NQX,2543.51,2552.25,2521.28,14526230130915.0,324023498.0
2022-08-15,NQX,2733.44,2737.13,2704.91,16082126601828.0,
2022-06-14,NQX,2262.34,2283.64,2241.18,13364567817798.0,2121998136.0
2019-06-25,NQX,1518.31,1544.62,1516.83,8525031491282.0,
2019-05-02,NQX,1544.81,1558.3,1534.51,8705191944418.0,29534722.0
2021-07-06,NQX,2957.27,2959.49,2927.06,16890083983088.0,1395417466.0
2021-08-02,NQX,2992.72,3011.98,2989.03,17239977410828.0,
2018-12-27,NQX,1257.66,1258.4,1208.69,7192466143837.0,355227528.0
2023-08-08,NQX,3054.61,3059.14,3029.65,17712388161160.0,
2023-05-04,NQX,2596.5,2612.8,2587.69,15029999615319.0,1238569306.0
2020-09-17,NQX,2216.19,2232.01,2187.36,12480481356760.0,
2019-04-24,NQX,1556.88,1565.41,1556.74,8773215028782.0,
2025-04-04,NQX,3479.54,3617.89,3477.65,21332401340076.0,145108451.0
2025-01-06,NQX,4311.9,4340.7,4292.5,26422400547027.0,514959631.0
2023-04-10,NQX,2610.25,2610.42,2572.3,15109596051959.0,
2022-02-09,NQX,3011.39,3011.58,2974.06,17798074719442.0,501658684.0
2022-09-07,NQX,2451.88,2459.62,2405.4,14425581529776.0,108320936.0
2019-05-15,NQX,1500.65,1504.84,1470.78,8456333303457.0,3419959165.0
2019-02-27,NQX,1423.4,1425.15,1409.08,8137497449212.0,344852576.0
2022-10-14,NQX,2138.41,2230.58,2135.5,12522124007250.0,
2018-11-19,NQX,1328.58,1368.29,1324.67,7647251300099.0,116046767.0
2018-10-03,NQX,1527.49,1535.38,1525.12,8775067599970.0,
2024-09-04,NQX,3784.28,3814.16,3761.75,22429836185244.0,1133529909.0
2023-08-17,NQX,2943.16,2989.92,2939.66,17066150739273.0,1680113106.0
2021-08-10,NQX,3010.72,3033.89,3002.03,17343619903146.0,
2024-05-01,NQX,3463.71,3533.57,3456.87,20518921787234.0,
2024-12-12,NQX,4323.05,4343.17,4319.33,25734108516642.0,
2021-10-28,NQX,3155.63,3156.79,3130.0,18246759599918.0,425164257.0
2020-05-01,NQX,1743.64,1777.52,1737.72,9768697954725.0,933662524.0
2024-03-01,NQX,3660.58,3666.65,3612.89,21393113416767.0,591668418.0
2024-08-09,NQX,3702.62,3713.53,3662.76,21945837430099.0,1180968693.0
2024-10-08,NQX,4021.56,4026.53,3976.22,23792019661212.0,125756798.0
2023-03-27,NQX,2534.61,2567.84,2529.59,14671789805350.0,
2023-03-30,NQX,2592.63,2597.59,2578.83,15007611162888.0,938535742.0
2023-08-25,NQX,2988.37,3000.26,2943.07,17328265641815.0,
2020-09-08,NQX,2213.65,2280.09,2211.01,12466184298178.0,
2019-07-31,NQX,1569.76,1595.84,1554.99,8813906941673.0,322177704.0
2019-01-31,NQX,1381.37,1387.27,1367.62,7899939961649.0,293325536.0
2018-10-22,NQX,1428.24,1438.74,1417.76,8204940439104.0,
2018-07-30,NQX,1438.62,1459.81,1431.76,8298548032595.0,606929254.0
2021-08-27,NQX,3086.59,3089.41,3058.55,17812598465689.0,
2021-10-08,NQX,2964.15,2989.67,2961.1,17139551001168.0,
2022-09-21,NQX,2327.56,2412.52,2327.25,13629730443584.0,2120309428.0
2024-08-21,NQX,3964.97,3977.07,3938.12,23500796677094.0,
2023-12-18,NQX,3345.96,3352.86,3325.86,19564704255300.0,
2020-12-24,NQX,2542.2,2546.51,2533.17,14518745311285.0,82114533.0
2020-03-16,NQX,1404.08,1512.7,1398.71,7874374636962.0,114509567.0
2020-02-21,NQX,1889.34,1918.8,1881.25,10595835550383.0,
2019-09-19,NQX,1580.36,1590.04,1577.66,8905892987945.0,
2022-05-13,NQX,2477.48,2485.86,2413.83,14636499344771.0,452931859.0
2025-02-10,NQX,4351.35,4358.63,4328.99,26691854598732.0,3327095831.0
2024-02-13,NQX,3520.08,3543.53,3495.65,20572021839654.0,
2024-05-08,NQX,3617.0,3627.07,3597.54,21427023018506.0,
2023-02-23,NQX,2436.03,2445.48,2400.66,14127600800136.0,1654169120.0
2022-02-28,NQX,2847.56,2859.32,2801.87,16874360151235.0,
2019-03-14,NQX,1448.6,1453.59,1448.19,8281574614497.0,1111847358.0
2022-04-22,NQX,2671.37,2753.88,2668.57,15781992735926.0,
2022-09-16,NQX,2372.28,2375.02,2342.05,13957242944669.0,
2018-12-06,NQX,1367.77,1368.1,1326.16,7872807583966.0,2195526205.0
2018-07-17,NQX,1480.78,1483.69,1457.66,8383173582347.0,
2021-12-29,NQX,3298.2,3309.78,3279.23,19455289697362.0,
2024-12-06,NQX,4324.45,4325.26,4290.0,25742419853197.0,3370025409.0
2024-07-05,NQX,4078.39,4081.44,4040.32,24113003771555.0,2520682366.0
2024-01-24,NQX,3499.86,3533.05,3496.4,20453823030520.0,
2023-05-11,NQX,2677.96,2682.34,2661.22,15501533876033.0,1617733111.0
2020-12-23,NQX,2530.63,2547.51,2529.95,14452642961591.0,
2025-03-27,NQX,3959.72,4000.67,3948.04,24276327889719.0,
2022-11-30,NQX,2406.01,2406.26,2296.38,14134837696721.0,1337759205.0
2018-12-13,NQX,1353.59,1366.76,1344.81,7790514028234.0,1171083883.0
2018-11-06,NQX,1397.77,1404.96,1385.6,8040283368918.0,1383300000.0
2018-11-20,NQX,1305.39,1322.8,1288.48,7513766803634.0,309608890.0
2018-10-23,NQX,1423.73,1429.83,1386.71,8179045057381.0,114779414.0
2018-09-04,NQX,1524.46,1528.69,1516.27,8793730497538.0,919225833.0
2021-12-23,NQX,3261.64,3272.15,3237.61,19239631304535.0,
2021-10-06,NQX,2953.35,2955.14,2899.9,17077110172943.0,
2021-08-09,NQX,3026.62,3030.94,3016.35,17435246414215.0,450219576.0
2021-04-07,NQX,2723.34,2729.76,2706.53,15558066348116.0,
2021-03-01,NQX,2656.59,2658.76,2610.33,15172029645020.0,
2021-12-06,NQX,3169.23,3179.72,3111.55,18325394569382.0,123908000.0
2021-12-16,NQX,3172.79,3268.11,3160.53,18345338308467.0,
2021-04-09,NQX,2769.01,2769.86,2734.98,15818978029602.0,196692686.0
2021-10-22,NQX,3071.01,3094.86,3058.42,17757466443245.0,
2021-05-06,NQX,2722.75,2723.5,2680.69,15554674372349.0,1792654344.0
2021-05-27,NQX,2731.57,2744.95,2730.43,15605078401177.0,1165443900.0
2021-08-06,NQX,3021.87,3032.47,3012.6,17407880546278.0,2937123367.0
2021-08-25,NQX,3073.78,3080.87,3068.38,17706928079373.0,267047058.0
2021-06-07,NQX,2760.58,2761.68,2742.02,15770803660022.0,123679849.0
2021-08-24,NQX,3071.54,3076.88,3063.91,17693980020171.0,68274492.0
2024-10-03,NQX,3958.67,3980.54,3937.64,23419973739493.0,
2024-04-18,NQX,3478.86,3518.16,3475.3,20608688430543.0,21367530.0
2024-09-26,NQX,4023.11,4054.66,3993.4,23801203004297.0,
2024-10-30,NQX,4077.54,4111.9,4075.74,24158985951444.0,
2024-12-04,NQX,4298.47,4299.58,4268.17,25587776384968.0,87150396.0
2024-01-08,NQX,3329.97,3331.05,3269.88,19460984814914.0,125315063.0
2024-03-20,NQX,3648.02,3649.82,3600.66,21610779002303.0,4212294501.0
2024-08-26,NQX,3903.29,3945.38,3887.47,23135210499696.0,130335970.0
2024-12-31,NQX,4202.43,4255.23,4195.9,25751620469610.0,1029405917.0
2024-11-13,NQX,4207.23,4230.99,4191.05,24927401780084.0,245989848.0
2023-03-20,NQX,2512.52,2515.71,2481.56,14543906388631.0,
2023-06-09,NQX,2905.67,2934.57,2897.5,16780132562203.0,
2023-07-26,NQX,3099.85,3114.23,3082.38,17974734731744.0,295045202.0
2023-03-21,NQX,2548.29,2552.49,2516.54,14750940215592.0,2232762688.0
2024-09-06,NQX,3684.26,3786.15,3680.19,21837025750111.0,3378115167.0
2023-09-01,NQX,3098.17,3123.8,3085.87,17964991840160.0,805733264.0
2023-07-03,NQX,3041.74,3046.59,3030.72,17551114768240.0,1404284491.0
2023-09-11,NQX,3092.37,3096.57,3065.68,17931361815822.0,
2020-12-11,NQX,2475.08,2475.72,2447.36,13960097997405.0,
2020-09-25,NQX,2230.23,2235.55,2170.33,12551970262320.0,
2020-06-03,NQX,1940.94,1946.0,1929.79,10925091644371.0,825254174.0
2020-03-25,NQX,1493.92,1555.52,1478.08,8378261043397.0,
2020-01-13,NQX,1814.13,1814.31,1798.27,10174050535197.0,
2020-09-04,NQX,2324.43,2369.23,2229.17,13090012825841.0,
2020-11-27,NQX,2451.64,2461.34,2442.89,13833047129229.0,220941090.0
2020-11-23,NQX,2381.19,2400.37,2363.51,13435519960390.0,
2020-09-29,NQX,2264.59,2279.24,2261.16,12745375644121.0,710027867.0
2020-07-02,NQX,2068.38,2086.51,2065.76,11624085031574.0,1688352306.0
2020-09-09,NQX,2279.17,2296.08,2239.43,12835147877605.0,
2022-11-25,NQX,2351.21,2360.78,2349.79,13812867830653.0,
2019-07-15,NQX,1593.39,1593.96,1588.09,8946581285182.0,
2019-09-24,NQX,1542.01,1574.65,1536.96,8651912033177.0,59870427.0
2019-01-11,NQX,1320.28,1320.91,1312.41,7550577604939.0,
2019-10-28,NQX,1622.13,1623.95,1614.16,9101477408743.0,
2019-10-22,NQX,1574.92,1595.4,1574.4,8836587382345.0,
2019-11-06,NQX,1639.21,1640.87,1631.47,9191178496733.0,1457771064.0
2019-06-19,NQX,1533.55,1536.31,1521.26,8641720556246.0,
2019-05-01,NQX,1550.37,1570.21,1550.01,8736512756036.0,
2019-08-12,NQX,1512.34,1524.69,1505.79,8491506616556.0,
2019-12-05,NQX,1661.68,1664.24,1654.58,9280365823657.0,2063812070.0
2022-07-14,NQX,2353.68,2360.22,2297.65,13847832575366.0,
2022-12-02,NQX,2398.85,2405.53,2365.11,14092773703450.0,499170180.0
2018-09-12,NQX,1497.61,1500.25,1484.58,8638839817425.0,85192338.0
2025-02-25,NQX,4217.45,4265.36,4186.12,25870504294152.0,136422928.0
2025-01-23,NQX,4380.19,4380.19,4344.41,26868758263153.0,
2018-12-12,NQX,1352.79,1373.53,1352.43,7786591420593.0,
2018-07-09,NQX,1455.2,1455.51,1444.26,8238368112627.0,100069430.0
2023-06-12,NQX,2956.86,2957.92,2914.27,17075741470404.0,
2021-10-29,NQX,3170.09,3171.38,3127.73,18330382407931.0,1581643594.0
2021-11-29,NQX,3279.85,3287.43,3242.91,18965008821357.0,256167590.0
2018-09-25,NQX,1512.64,1513.63,1505.02,8689778345916.0,
2018-08-30,NQX,1528.53,1538.22,1523.95,8817205075044.0,620736035.0
2021-12-14,NQX,3182.98,3198.99,3148.56,18404887881199.0,1581504615.0
2021-04-29,NQX,2794.04,2814.67,2767.22,15961970872035.0,426016509.0
2021-07-20,NQX,2945.64,2958.13,2906.16,16823663851471.0,
2021-08-20,NQX,3018.51,3020.79,2993.77,17388537204200.0,
2022-05-10,NQX,2469.17,2507.59,2434.69,14587415944254.0,150906220.0
2024-02-29,NQX,3608.77,3613.6,3573.25,21090314877841.0,5009847833.0
2024-12-19,NQX,4222.1,4282.76,4218.69,25133157394817.0,
2024-05-09,NQX,3622.69,3627.6,3602.52,21460731924418.0,2002315856.0
2024-03-07,NQX,3659.6,3667.59,3620.3,21387363502220.0,2321697436.0
2024-10-24,NQX,4046.57,4051.28,4023.38,23975518910516.0,
2024-12-17,NQX,4400.22,4412.4,4384.26,26193436272768.0,
2024-07-24,NQX,3806.48,3896.62,3800.97,22561408507967.0,
2023-06-28,NQX,2992.91,3010.21,2973.16,17269397516173.0,
2024-05-31,NQX,3707.33,3714.91,3637.96,21962122676174.0,1574419710.0
2023-08-24,NQX,2963.29,3055.85,2962.97,17182854651364.0,667773954.0
2023-06-06,NQX,2911.62,2918.7,2895.4,16854109508521.0,51237178.0
2020-12-09,NQX,2472.93,2528.65,2462.26,13947946653284.0,
2021-02-03,NQX,2680.47,2712.29,2680.0,15308434281557.0,
2024-04-19,NQX,3407.53,3472.47,3394.78,20186109514462.0,
2020-08-31,NQX,2422.14,2433.49,2400.02,13640285442687.0,124878781.0
2020-05-04,NQX,1766.82,1768.15,1733.08,9898598750454.0,
2019-11-20,NQX,1656.75,1667.85,1645.25,9287202504330.0,4124478805.0
2019-03-19,NQX,1469.86,1478.06,1464.39,8353782307278.0,175349138.0
2019-05-24,NQX,1460.19,1474.26,1458.82,8228353564256.0,
2019-04-09,NQX,1513.7,1519.35,1511.12,8529861089158.0,127202324.0
2023-09-29,NQX,2943.05,2980.37,2932.96,17029417991850.0,
2023-09-20,NQX,2993.98,3049.04,2993.5,17324148227022.0,2802393181.0
2023-04-13,NQX,2621.88,2624.88,2584.0,15176922806586.0,
2022-07-19,NQX,2449.88,2451.67,2393.58,14413852552775.0,
2022-05-06,NQX,2538.71,2585.32,2504.55,14998220834386.0,4245279479.0
2022-06-15,NQX,2318.75,2350.26,2269.31,13697847647419.0,
2022-10-13,NQX,2206.72,2217.53,2088.13,12922101991318.0,
2020-04-24,NQX,1757.32,1758.27,1720.0,9882561934720.0,123080796.0
2020-03-27,NQX,1517.67,1563.55,1516.05,8511464913135.0,
2022-12-19,NQX,2216.92,2250.26,2205.95,12856889577302.0,2168915359.0
2024-11-12,NQX,4214.16,4228.93,4189.32,24968436387559.0,
2025-02-26,NQX,4226.58,4270.09,4202.52,25926538332243.0,81620864.0
2022-02-15,NQX,2924.16,2924.91,2888.89,17281335009317.0,
2018-07-02,NQX,1419.56,1419.78,1393.84,8036618782019.0,872517169.0
2022-05-03,NQX,2617.98,2635.75,2596.54,15466549925377.0,443671351.0
2022-05-31,NQX,2528.42,2552.57,2496.46,14936430508433.0,209061110.0
2018-11-08,NQX,1431.72,1438.46,1425.03,8235563492665.0,4510897075.0
2018-12-18,NQX,1298.3,1310.21,1286.92,7472288263612.0,1324880706.0
2018-07-24,NQX,1481.25,1495.2,1475.15,8544449313220.0,115075536.0
2023-08-02,NQX,3074.15,3112.27,3064.29,17825681317561.0,
2021-02-17,NQX,2739.94,2742.63,2710.53,15648058861114.0,4186426651.0
2022-02-14,NQX,2853.72,2880.16,2823.95,16865020531630.0,1520846552.0
2020-10-23,NQX,2338.51,2338.6,2313.82,13194738428484.0,
2020-10-14,NQX,2397.07,2431.84,2382.71,13490994264655.0,
2020-10-09,NQX,2345.17,2345.49,2320.17,13198885493839.0,
2021-05-04,NQX,2708.93,2741.08,2679.22,15475763956141.0,
2018-07-11,NQX,1448.8,1454.22,1443.99,8202111112253.0,
2021-11-03,NQX,3228.9,3231.52,3190.12,18670417227724.0,
2018-11-12,NQX,1365.82,1399.78,1363.88,7856499824124.0,
2019-10-02,NQX,1510.16,1526.27,1502.74,8473198533328.0,
2019-09-16,NQX,1570.48,1573.75,1566.36,8850238447694.0,
2019-03-12,NQX,1440.26,1443.88,1433.4,8233858449201.0,
2021-01-05,NQX,2560.48,2561.96,2532.63,14623105854039.0,1278473463.0
2025-01-24,NQX,4354.8,4389.12,4341.81,26713050444087.0,
2021-12-10,NQX,3266.4,3267.84,3227.8,18887225781180.0,
2022-08-02,NQX,2580.32,2614.65,2561.8,15181271876887.0,
2018-06-18,NQX,1450.28,1451.29,1437.23,8210521338587.0,
2022-11-08,NQX,2211.9,2238.38,2179.51,12952454692746.0,363078637.0
2024-12-03,NQX,4245.86,4247.15,4216.29,25274607521396.0,1038177221.0
2022-09-09,NQX,2517.66,2522.09,2484.8,14812602082154.0,
2024-01-16,NQX,3366.14,3379.07,3345.32,19672351395788.0,
2023-09-07,NQX,3051.7,3057.64,3027.74,17695541875251.0,762326928.0
2023-06-01,NQX,2888.3,2898.66,2843.99,16719141740458.0,2028298686.0
2020-12-28,NQX,2567.77,2572.38,2549.42,14664780117491.0,
2020-10-12,NQX,2417.62,2440.98,2376.05,13606648052791.0,
2024-10-07,NQX,3960.15,3998.02,3952.61,23428725640367.0,199456445.0
2024-03-12,NQX,3643.82,3645.67,3583.87,21295170507032.0,412287222.0
2022-12-27,NQX,2164.5,2191.49,2161.53,12552906428003.0,
2023-09-19,NQX,3038.25,3043.98,3013.88,17580264399107.0,
2023-04-20,NQX,2597.2,2621.58,2586.76,15034051251176.0,
2023-02-22,NQX,2413.25,2431.24,2401.21,13995526484980.0,260409121.0
2021-03-09,NQX,2558.9,2573.7,2518.57,14614100245168.0,287281058.0
2023-02-28,NQX,2408.42,2429.3,2404.26,13967508986495.0,112517631.0
2023-07-20,NQX,3093.22,3154.37,3085.97,17811523739450.0,15880079.0
2020-07-24,NQX,2096.63,2108.68,2062.79,11793037245815.0,
2020-05-20,NQX,1897.0,1899.66,1882.57,10677799650080.0,3783050343.0
2020-01-09,NQX,1797.93,1800.91,1787.71,10083178782758.0,153240295.0
2024-11-18,NQX,4107.84,4124.46,4080.25,24452977340530.0,2248498989.0
2024-02-06,NQX,3514.55,3536.12,3495.09,20539657037540.0,824311666.0
2024-01-26,NQX,3484.2,3502.95,3479.11,20362315697909.0,
2021-09-09,NQX,3112.21,3135.09,3111.35,17960446600664.0,481771069.0
2024-11-29,NQX,4186.07,4191.26,4150.39,24918691142492.0,1120376133.0
2023-10-30,NQX,2867.1,2877.68,2845.16,16589962311629.0,1742469645.0
2023-06-16,NQX,3016.78,3056.93,3014.68,17421796431079.0,
2023-01-24,NQX,2369.33,2377.87,2356.01,13740783532124.0,
2022-10-25,NQX,2334.0,2336.37,2296.08,13667443266459.0,
2023-11-06,NQX,3030.99,3036.04,3012.98,17538246267002.0,923684762.0
2023-04-19,NQX,2617.74,2625.65,2597.64,15152988356580.0,
2021-04-13,NQX,2797.3,2800.51,2774.92,15980582495600.0,
2021-03-04,NQX,2492.8,2559.82,2462.83,14236610018977.0,1720272273.0
2022-10-24,NQX,2286.05,2293.64,2233.3,13386680248563.0,
2019-05-30,NQX,1449.08,1452.55,1440.88,8165738557730.0,1209690219.0
2019-10-04,NQX,1550.82,1551.87,1534.18,8701352229893.0,
2019-04-30,NQX,1556.29,1558.46,1545.18,8769882555604.0,89394581.0
2019-07-08,NQX,1557.16,1558.44,1551.22,8743167876139.0,
2019-05-22,NQX,1484.13,1491.64,1482.14,8363253018847.0,253201964.0
2025-03-31,NQX,3855.69,3863.2,3759.87,23638508748803.0,1205655448.0
2021-08-11,NQX,3005.55,3025.55,2994.52,17313867146320.0,645517315.0
2022-01-10,NQX,3122.89,3125.68,3033.11,18421139003581.0,
2018-10-29,NQX,1342.78,1394.64,1314.96,7713978965716.0,
2023-03-22,NQX,2513.43,2588.72,2512.74,14549166778951.0,
2022-06-07,NQX,2542.34,2547.46,2482.71,15018632476906.0,154366929.0
2021-07-01,NQX,2912.01,2915.33,2896.68,16631584124273.0,
2018-07-06,NQX,1441.47,1443.4,1421.24,8160618155983.0,
2020-06-11,NQX,1917.7,1995.64,1917.26,10794269759134.0,1484833483.0
2020-06-05,NQX,1964.88,1969.34,1931.89,11059847655228.0,
2020-03-06,NQX,1706.07,1714.36,1663.98,9568014596765.0,
2024-03-19,NQX,3606.44,3607.96,3561.84,21364457925936.0,
2019-09-04,NQX,1543.85,1544.98,1532.73,8700150766548.0,
2025-02-18,NQX,4432.92,4438.26,4405.92,27192244360586.0,251758283.0
2025-02-14,NQX,4422.94,4428.02,4402.07,27131004430375.0,3485887287.0
2021-11-24,NQX,3273.56,3274.16,3221.2,18928666845737.0,859566923.0
2025-02-28,NQX,4176.88,4180.14,4081.49,25621657162127.0,3286830019.0
2022-10-12,NQX,2157.12,2177.3,2150.99,12631694674523.0,
2021-03-02,NQX,2611.99,2660.32,2610.43,14917310687609.0,59988489.0
2022-05-11,NQX,2393.51,2494.18,2387.82,14140431696723.0,363936231.0
2022-04-21,NQX,2744.09,2855.41,2736.51,16211589965309.0,
2021-03-23,NQX,2603.56,2636.13,2598.7,14862074994328.0,
2022-02-22,NQX,2774.11,2821.85,2744.18,16439067073339.0,276724780.0
2022-04-11,NQX,2798.04,2837.53,2795.83,16530319958012.0,
2021-10-01,NQX,2958.37,2966.17,2911.02,17106151107068.0,
2021-04-05,NQX,2719.63,2724.72,2684.16,15524671915701.0,1983715183.0
2022-12-30,NQX,2187.95,2188.59,2155.73,12688900581724.0,145553590.0
2019-12-20,NQX,1735.7,1737.53,1731.29,9692914377159.0,1351517759.0
2020-11-17,NQX,2395.5,2409.43,2392.88,13516260003610.0,
2022-06-06,NQX,2519.93,2560.89,2506.92,14886252665664.0,139870243.0
2021-07-09,NQX,2965.22,2967.74,2937.11,16935474211760.0,196275646.0
2024-08-23,NQX,3944.17,3963.68,3905.33,23377547112702.0,
2024-08-29,NQX,3865.09,3924.55,3856.33,22908815746074.0,
2023-08-10,NQX,3025.77,3073.26,3014.5,17545144521558.0,2315417472.0
2024-05-10,NQX,3632.24,3649.52,3619.95,21517266755694.0,2931971633.0
2022-08-03,NQX,2650.65,2657.84,2594.95,15595066952552.0,
2023-02-13,NQX,2500.46,2504.56,2462.68,14501285728294.0,151826837.0
2023-05-10,NQX,2669.57,2676.88,2641.03,15452966681603.0,550894606.0
2020-05-19,NQX,1859.71,1884.58,1859.26,10418995447445.0,584228369.0
2020-05-18,NQX,1866.39,1873.51,1849.71,10456399172226.0,
2020-02-05,NQX,1873.5,1888.55,1862.38,10506993914817.0,537830754.0
2023-05-18,NQX,2766.92,2768.95,2721.36,16016528568008.0,653928709.0
2020-06-16,NQX,1989.87,2002.18,1960.29,11200539152926.0,185916255.0
2021-10-20,NQX,3077.74,3091.42,3066.69,17796370631519.0,
2019-06-04,NQX,1433.35,1433.97,1404.62,8077091919922.0,
2019-05-16,NQX,1516.03,1525.41,1500.55,8542997677251.0,942600181.0
2019-02-26,NQX,1424.64,1428.93,1417.43,8144599122017.0,
2023-12-05,NQX,3175.54,3186.37,3152.12,18374375166636.0,132529551.0
2022-10-21,NQX,2262.07,2265.55,2192.4,13246222852355.0,
2022-11-28,NQX,2317.55,2352.97,2311.05,13615143037275.0,
2019-01-18,NQX,1356.92,1363.25,1345.59,7760133391010.0,
2022-10-19,NQX,2220.68,2246.28,2201.62,13003845147538.0,
2021-02-23,NQX,2638.94,2651.97,2551.61,15071233129811.0,
2022-01-12,NQX,3181.02,3203.48,3163.19,18764057772532.0,
2019-12-24,NQX,1739.9,1741.64,1736.82,9757761882969.0,241224001.0
2019-11-19,NQX,1667.75,1671.56,1661.66,9348847391069.0,
2019-05-31,NQX,1425.59,1436.65,1425.19,8033373266469.0,
2023-03-01,NQX,2387.71,2410.9,2381.31,13847402710006.0,978802487.0
2020-01-31,NQX,1798.3,1834.09,1792.37,10085289125631.0,246501113.0
2019-09-17,NQX,1577.76,1578.24,1568.2,8891234491563.0,
2019-08-13,NQX,1545.63,1555.67,1510.67,8678445522902.0,115812993.0
2019-01-16,NQX,1333.71,1344.08,1333.06,7627401878559.0,
2024-05-22,NQX,3741.04,3751.34,3721.23,22161821562949.0,519862150.0
2024-11-21,NQX,4148.16,4162.93,4087.36,24692979728830.0,4529363347.0
2022-03-08,NQX,2653.52,2732.65,2625.86,15724493328696.0,61393767.0
2019-09-06,NQX,1570.51,1575.0,1567.18,8850380656622.0,
2022-01-05,NQX,3154.36,3249.86,3152.92,18606772047934.0,339507355.0
2018-11-07,NQX,1440.63,1441.19,1411.54,8286806851977.0,
2018-07-10,NQX,1456.52,1459.56,1451.5,8245838309657.0,
2025-04-11,NQX,3738.01,3745.79,3630.68,22917043976579.0,85037847.0
2021-06-24,NQX,2873.19,2885.83,2867.53,16409874116047.0,
2023-08-15,NQX,3007.53,3038.58,3002.87,17439390204638.0,
2024-08-07,NQX,3573.47,3689.14,3570.19,21180365736159.0,832327979.0
2023-11-30,NQX,3189.57,3202.7,3165.13,18455890693636.0,4621212713.0
2019-04-01,NQX,1495.68,1496.36,1484.49,8428349270167.0,
2023-11-20,NQX,3205.41,3211.35,3169.02,18547538988127.0,216210658.0
2019-04-08,NQX,1519.95,1520.54,1507.28,8565087400352.0,
2019-03-29,NQX,1475.75,1476.34,1466.63,8316048019896.0,
2020-12-29,NQX,2568.7,2585.11,2563.33,14670068861943.0,
2020-03-12,NQX,1452.73,1561.66,1451.12,8147243949946.0,2323397260.0
2020-07-17,NQX,2129.04,2136.14,2111.76,11965019724006.0,
2018-09-21,NQX,1506.21,1520.78,1504.42,8688456500910.0,
2018-06-25,NQX,1407.63,1428.86,1395.39,7969080444053.0,
2018-06-19,NQX,1445.61,1446.0,1427.6,8184066931360.0,899665138.0
2023-01-19,NQX,2259.13,2277.7,2250.38,13101714120820.0,
2022-04-28,NQX,2691.21,2708.51,2607.63,15899190936692.0,509628215.0
2020-01-10,NQX,1793.33,1804.97,1790.37,10057387898547.0,
2023-01-12,NQX,2291.92,2300.17,2249.2,13291869911861.0,
2021-01-07,NQX,2587.91,2593.34,2548.92,14779812466528.0,256982197.0
2021-09-13,NQX,3086.9,3112.46,3070.34,17814389644120.0,88036684.0
2020-07-27,NQX,2134.88,2137.91,2105.53,12008176818045.0,159063017.0
2022-11-07,NQX,2195.4,2200.23,2163.52,12855835482032.0,
2018-09-27,NQX,1525.91,1531.56,1519.39,8766044422078.0,546439441.0
2025-01-02,NQX,4195.12,4247.32,4160.09,25706826728681.0,
2021-01-26,NQX,2698.04,2707.26,2688.06,15408734818097.0,
2021-06-29,NQX,2914.55,2915.04,2896.35,16646082561451.0,538687764.0
2025-02-03,NQX,4259.52,4281.33,4200.87,26128552267672.0,
2024-06-04,NQX,3730.97,3739.59,3704.37,22102148563911.0,1760659008.0
2024-11-27,NQX,4148.9,4170.62,4123.08,24697393462201.0,1684548830.0
2022-08-11,NQX,2658.4,2711.08,2654.27,15640637490647.0,1912674781.0
2019-09-30,NQX,1549.89,1552.37,1538.7,8696129908371.0,173636051.0
2019-01-10,NQX,1324.19,1325.02,1303.51,7572934451198.0,
2022-03-04,NQX,2767.57,2798.59,2747.72,16400311280372.0,
2022-04-19,NQX,2842.05,2847.3,2768.95,16790324016098.0,
2019-01-14,NQX,1308.21,1313.37,1302.53,7481541525936.0,
2022-01-14,NQX,3122.32,3123.44,3079.3,18417798101805.0,
2018-11-01,NQX,1413.83,1414.37,1386.44,8122167919353.0,
2018-10-26,NQX,1370.48,1395.39,1348.75,7873112339935.0,
2022-05-16,NQX,2448.72,2479.1,2439.24,14466567469477.0,1379949750.0
2022-05-23,NQX,2406.86,2409.56,2357.15,14218301727396.0,117281791.0
2019-12-17,NQX,1715.14,1718.49,1712.83,9578939739762.0,
2019-09-26,NQX,1554.4,1559.62,1543.74,8721427327063.0,
2022-01-03,NQX,3300.35,3300.83,3261.34,19467982106662.0,
2018-10-31,NQX,1393.42,1406.1,1384.82,8004887715913.0,281011066.0
2018-08-01,NQX,1454.58,1458.96,1446.93,8390593905056.0,
2018-06-07,NQX,1430.57,1442.49,1423.18,8156594751592.0,1111198185.0
2019-01-28,NQX,1339.42,1339.51,1328.86,7660028160226.0,
2024-04-05,NQX,3621.69,3640.59,3582.57,21454800078952.0,
2024-06-14,NQX,3931.96,3933.02,3906.92,23292823839096.0,4022663337.0
2024-09-17,NQX,3886.48,3919.27,3867.42,23035587682513.0,470349266.0
2022-08-31,NQX,2454.41,2500.43,2453.62,14440458636711.0,1313450384.0
2018-10-09,NQX,1474.32,1486.08,1467.97,8469663052567.0,121575661.0
2018-07-19,NQX,1470.47,1477.8,1468.87,8324823496613.0,
2023-03-28,NQX,2522.11,2530.98,2503.57,14599432262355.0,
2023-08-23,NQX,3029.61,3037.77,2989.52,17567432129364.0,396689569.0
2020-10-13,NQX,2416.63,2437.56,2406.55,13601093058376.0,
2020-11-20,NQX,2381.29,2403.48,2380.71,13436083937621.0,
2021-11-04,NQX,3269.25,3277.6,3233.89,18903721539100.0,1824617899.0
2021-09-28,NQX,2954.06,3008.11,2951.8,17081213264635.0,
2021-04-20,NQX,2761.86,2786.97,2746.12,15778130081376.0,
2021-11-01,NQX,3181.06,3182.03,3157.06,18393763147797.0,
2024-01-18,NQX,3396.46,3399.4,3363.63,19849522894272.0,
2025-03-25,NQX,4057.57,4058.44,4032.81,24876171879794.0,
2024-02-07,NQX,3551.01,3556.83,3527.55,20752779913681.0,
2025-01-30,NQX,4301.62,4324.69,4261.74,26386850887737.0,
2021-10-13,NQX,2954.92,2960.17,2935.32,17086184569034.0,
2021-05-28,NQX,2737.3,2753.16,2736.96,15637830943875.0,149109573.0
2023-06-05,NQX,2911.3,2932.59,2903.38,16852259801011.0,704767639.0
2020-06-22,NQX,2026.07,2026.92,1997.9,11386293807246.0,
2020-06-01,NQX,1919.78,1921.88,1903.07,10805986668458.0,
2021-05-18,NQX,2643.54,2680.1,2642.57,15102154085013.0,
2024-06-06,NQX,3804.24,3814.36,3795.77,22536206033970.0,758992262.0
2024-07-15,NQX,4077.38,4117.03,4060.91,24106355310268.0,
2020-01-23,NQX,1843.4,1844.23,1829.05,10338189442599.0,
2023-10-16,NQX,3034.55,3041.91,3009.45,17558852309789.0,
2025-02-11,NQX,4338.7,4355.25,4325.1,26614303020286.0,603128408.0
2020-08-28,NQX,2399.17,2403.63,2385.74,13510937602701.0,221060461.0
2020-07-21,NQX,2166.61,2203.49,2160.17,12186705041083.0,
2024-10-11,NQX,4054.39,4062.64,4028.46,24021853332323.0,81292459.0
2024-08-02,NQX,3688.17,3725.76,3652.75,21860180401054.0,
2024-04-03,NQX,3632.04,3647.73,3609.04,21516094350020.0,2533428573.0
2023-09-15,NQX,3040.48,3087.08,3034.74,17630454093494.0,
2019-12-03,NQX,1650.95,1651.68,1633.47,9220690213359.0,
2019-12-18,NQX,1716.12,1721.62,1715.71,9584440090068.0,
2019-04-16,NQX,1530.95,1534.08,1526.33,8627061266407.0,
2023-12-15,NQX,3324.69,3333.95,3311.4,19234896838471.0,
2022-06-24,NQX,2421.17,2422.56,2362.46,14244912552986.0,
2020-11-06,NQX,2418.27,2423.39,2379.1,13644743275485.0,3052867675.0
2022-08-30,NQX,2468.54,2514.58,2448.17,14523613294774.0,345557654.0
2018-08-31,NQX,1530.91,1535.29,1525.71,8830915019179.0,
2018-08-24,NQX,1497.08,1497.91,1488.59,8635770402192.0,
2022-10-10,NQX,2185.39,2212.64,2164.85,12797239089236.0,
2022-03-29,NQX,3047.86,3053.06,3007.92,18006225515572.0,
2022-09-28,NQX,2298.77,2309.37,2242.16,13461125184923.0,
2021-03-29,NQX,2593.15,2602.69,2567.32,14802653752307.0,
2019-09-18,NQX,1577.71,1578.23,1558.32,8890975166438.0,
2019-05-13,NQX,1464.83,1486.78,1460.73,8254468245468.0,115904895.0
2019-07-12,NQX,1588.65,1588.81,1580.08,8919983771186.0,
2022-03-02,NQX,2848.74,2858.54,2792.54,16881334206170.0,1080867453.0
2022-12-21,NQX,2247.18,2257.15,2216.76,13032364577003.0,
2019-11-22,NQX,1654.41,1658.42,1645.9,9240031996789.0,80704130.0
2019-09-12,NQX,1583.47,1595.07,1581.47,8923416353726.0,1456537117.0
2019-11-21,NQX,1653.12,1656.47,1648.44,9232844703385.0,
2022-05-25,NQX,2388.79,2405.78,2342.9,14111551638990.0,293299657.0
2022-10-20,NQX,2209.34,2255.96,2200.26,12937474207194.0,
2022-03-07,NQX,2663.88,2775.82,2662.88,15785855736496.0,
2023-06-22,NQX,3008.46,3008.84,2958.99,17359116251669.0,
2018-12-03,NQX,1412.43,1421.4,1402.63,8129848836933.0,
2020-05-12,NQX,1822.49,1870.89,1821.82,10210474262112.0,105029105.0
2021-10-27,NQX,3119.68,3145.95,3115.74,18038864808517.0,
2018-09-24,NQX,1509.75,1510.99,1489.46,8673183784826.0,
2018-11-15,NQX,1378.09,1381.76,1340.49,7914422436504.0,1733524154.0
2024-06-05,NQX,3807.01,3807.15,3753.64,22552621429992.0,88524060.0
2021-03-18,NQX,2557.83,2608.07,2556.22,14607992627117.0,
2022-10-17,NQX,2212.51,2218.18,2191.97,12956008529911.0,
2021-06-17,NQX,2832.76,2841.09,2789.27,16183177483324.0,
2024-12-11,NQX,4352.8,4356.94,4306.77,25911156564442.0,467237373.0
2022-06-10,NQX,2366.56,2416.54,2365.08,13980280304249.0,
2022-02-17,NQX,2834.35,2899.49,2831.09,16750536345948.0,708911668.0
2023-11-10,NQX,3105.82,3107.04,3047.43,17971286549282.0,2582796870.0
2021-11-10,NQX,3197.11,3244.85,3181.06,18486620537162.0,1527067856.0
2024-10-18,NQX,4064.81,4072.06,4054.66,24083552422941.0,21428768.0
2021-12-22,NQX,3236.03,3237.26,3189.51,19088537821333.0,
2023-11-14,NQX,3162.49,3170.07,3145.22,18299201185004.0,1232693164.0
2021-05-12,NQX,2600.33,2647.38,2593.43,14855308330310.0,644969478.0
2021-07-08,NQX,2944.43,2952.73,2910.35,16816726153594.0,59844391.0
2021-09-27,NQX,3040.96,3048.11,3021.28,17583719976231.0,259225322.0
2023-08-29,NQX,3075.31,3078.31,3006.91,17832417840218.0,76490979.0
2023-07-27,NQX,3092.99,3159.1,3083.21,17934915282906.0,
2024-09-30,NQX,4012.14,4014.49,3970.57,23736301456810.0,982017850.0
2020-03-17,NQX,1494.79,1510.02,1391.83,8383123197532.0,
2020-01-15,NQX,1807.13,1815.77,1801.79,10134816016558.0,
2020-06-19,NQX,2001.73,2024.33,1987.56,11267271801781.0,1442005776.0
2024-10-31,NQX,3978.08,4045.47,3976.1,23569714804628.0,1942282422.0
2023-12-27,NQX,3381.36,3384.4,3371.91,19761290278051.0,448826731.0
2020-12-01,NQX,2491.07,2502.04,2467.67,14050247805188.0,54532222.0
2020-11-11,NQX,2378.59,2380.83,2342.91,13420837108157.0,
2020-10-20,NQX,2335.57,2360.28,2322.75,13178109139782.0,
2024-04-09,NQX,3633.98,3642.0,3594.61,21527604095675.0,394138445.0
2024-09-20,NQX,3958.3,3969.14,3926.55,23461262789125.0,
2020-03-26,NQX,1579.43,1582.63,1509.97,8857779231215.0,
2019-02-22,NQX,1418.13,1418.86,1410.02,8107335386753.0,
2020-02-07,NQX,1880.22,1890.65,1875.38,10544699076412.0,2979110052.0
2025-02-07,NQX,4298.26,4373.78,4293.09,26366221958449.0,1419533810.0
2021-10-04,NQX,2894.42,2945.56,2876.99,16736382655279.0,1898265041.0
2022-08-09,NQX,2601.63,2619.15,2589.12,15306666152570.0,511512037.0
2022-11-02,NQX,2181.27,2282.18,2180.7,12773086589549.0,
2023-11-24,NQX,3196.4,3201.49,3188.12,18495404035090.0,
2023-12-01,NQX,3199.52,3202.75,3167.01,18513417612435.0,632635601.0
2018-08-09,NQX,1493.39,1499.67,1491.71,8614494134412.0,49266185.0
2022-05-20,NQX,2367.12,2408.94,2298.46,13983586933101.0,
2020-12-04,NQX,2505.7,2506.24,2490.1,14132771856662.0,
2020-07-16,NQX,2125.29,2131.78,2099.02,11943934235203.0,
2020-03-24,NQX,1510.76,1511.18,1460.88,8472714041700.0,185316435.0
2021-09-02,NQX,3120.85,3136.38,3110.86,18010308597775.0,1808173587.0
2021-08-12,NQX,3017.8,3019.58,2991.25,17384406574726.0,1362907027.0
2019-10-18,NQX,1573.7,1589.36,1565.96,8829714343898.0,
2019-08-23,NQX,1493.0,1544.49,1488.59,8413590388069.0,48435190.0
2019-08-16,NQX,1520.82,1524.55,1509.78,8570382259269.0,
2021-04-22,NQX,2752.47,2790.81,2743.35,15724490399386.0,
2025-03-10,NQX,3886.19,3973.42,3848.66,23838511797482.0,1514856323.0
2022-08-18,NQX,2701.2,2710.66,2681.15,15892455750071.0,922275836.0
2021-01-20,NQX,2659.29,2666.45,2627.66,15187446393404.0,
2019-10-29,NQX,1609.5,1621.72,1609.13,9030601209610.0,
2019-06-17,NQX,1505.3,1509.4,1498.43,8482563372684.0,60992447.0
2019-05-06,NQX,1558.82,1560.91,1532.59,8784124956480.0,1479818617.0
2019-04-17,NQX,1536.14,1543.01,1531.97,8656348278723.0,
2019-04-04,NQX,1508.11,1514.23,1499.26,8498396057306.0,1712719973.0
2021-11-23,NQX,3261.34,3283.51,3224.34,18858009610841.0,83694685.0
2022-11-01,NQX,2257.79,2314.88,2255.66,13221183799888.0,
2018-12-17,NQX,1289.68,1324.33,1279.91,7422642068307.0,
2021-09-16,NQX,3103.18,3107.83,3074.18,17908346202450.0,
2023-10-31,NQX,2881.96,2884.09,2846.48,16675919137342.0,
2018-12-11,NQX,1340.85,1357.69,1330.17,7717842412432.0,
2018-08-07,NQX,1492.53,1495.79,1488.78,8609523048865.0,91225440.0
2020-01-02,NQX,1774.44,1774.73,1757.37,9951485015349.0,1936064919.0
2021-01-12,NQX,2578.42,2591.49,2556.74,14725581514352.0,
2022-02-18,NQX,2801.91,2845.15,2783.75,16558829170672.0,297534813.0
2021-05-11,NQX,2670.25,2676.33,2618.95,15254789564969.0,433370265.0
2023-03-31,NQX,2636.27,2637.75,2593.6,15260233998595.0,
2023-04-28,NQX,2649.2,2649.5,2619.39,15335063923119.0,
2021-05-20,NQX,2698.82,2705.2,2658.64,15417976864953.0,627146092.0
2021-04-30,NQX,2772.15,2793.84,2767.76,15836921589939.0,1142721508.0
2024-08-01,NQX,3778.08,3907.78,3747.42,22393076299960.0,
2021-09-21,NQX,3005.55,3027.98,2997.4,17378963583480.0,1798050038.0
2019-06-07,NQX,1483.46,1489.2,1461.8,8359460720857.0,50082351.0
2019-01-30,NQX,1361.58,1365.38,1337.67,7786784757000.0,901596735.0
2024-11-04,NQX,3992.72,4021.4,3979.71,23656439798508.0,326313192.0
2020-08-04,NQX,2219.31,2219.57,2200.51,12483091336637.0,
2021-07-23,NQX,3022.36,3025.17,2989.61,17410684507951.0,1146799879.0
2021-04-15,NQX,2805.24,2808.02,2786.2,16025943193425.0,
2021-03-17,NQX,2640.48,2656.06,2590.02,15079995586311.0,
2021-08-26,NQX,3055.7,3073.86,3053.05,17634354199258.0,309821252.0
2025-01-10,NQX,4169.52,4203.1,4144.01,25549903538543.0,561948619.0
2021-03-05,NQX,2533.7,2540.19,2441.68,14470203123065.0,454287176.0
2018-12-21,NQX,1209.31,1261.66,1202.8,6960101678001.0,
2018-06-21,NQX,1443.5,1461.65,1440.79,8172115533209.0,
2021-10-18,NQX,3060.18,3061.5,3014.93,17694812913320.0,
2023-11-21,NQX,3186.72,3193.6,3173.36,18439399910677.0,581701952.0
2023-05-12,NQX,2668.04,2685.48,2651.31,15444107829759.0,3503085763.0
2023-09-22,NQX,2940.22,2971.18,2937.37,17013045695967.0,
2025-03-24,NQX,4036.09,4041.37,4004.99,24744504683810.0,
2021-05-07,NQX,2743.93,2762.93,2733.95,15675668947105.0,3402191005.0
2021-06-03,NQX,2705.94,2721.71,2693.94,15458643572136.0,1805526532.0
2023-04-04,NQX,2620.01,2640.81,2609.99,15166140130586.0,3279891819.0
2021-07-22,NQX,2988.03,2988.28,2973.09,17212950065046.0,
2025-01-07,NQX,4234.61,4324.24,4220.22,25948775107861.0,
2020-08-21,NQX,2311.03,2314.96,2292.31,12999022838212.0,
2025-01-03,NQX,4265.23,4271.93,4215.18,26136425236649.0,3265290329.0
2021-01-15,NQX,2560.79,2588.26,2551.62,14624883968338.0,
2021-10-07,NQX,2979.43,3002.06,2975.64,17227886367645.0,286375897.0
2024-02-02,NQX,3528.55,3536.43,3475.67,20621472887799.0,
2024-12-18,NQX,4241.86,4407.62,4229.37,25250793924932.0,
2024-01-12,NQX,3366.58,3380.07,3355.38,19674933001821.0,21362169.0
2024-05-16,NQX,3711.59,3733.9,3710.66,21987374843633.0,3997251321.0
2023-09-13,NQX,3069.71,3082.91,3051.32,17799919712116.0,
2019-11-07,NQX,1643.93,1654.36,1639.78,9217664674900.0,3639533603.0
2019-10-11,NQX,1568.77,1580.81,1566.22,8802091463715.0,
2019-08-06,NQX,1504.26,1508.35,1486.46,8446183086284.0,1617853654.0
2023-07-28,NQX,3150.19,3157.75,3123.55,18266592149872.0,1661475996.0
2023-08-18,NQX,2938.97,2948.91,2911.57,17041827692632.0,828619637.0
2023-11-13,NQX,3096.56,3104.93,3080.94,17917667296298.0,1085395163.0
2023-12-14,NQX,3307.57,3332.14,3283.85,19135824733703.0,1452338200.0
2022-03-10,NQX,2718.2,2726.74,2679.89,16107769028422.0,1331386329.0
2024-06-13,NQX,3915.38,3927.85,3894.74,23194632230318.0,406759000.0
2024-05-14,NQX,3664.55,3667.92,3635.06,21708718537132.0,1316466559.0
2023-04-18,NQX,2618.36,2639.24,2608.84,15156551972614.0,
2024-03-08,NQX,3603.69,3683.35,3599.08,21060629238753.0,
2020-12-17,NQX,2550.41,2552.19,2537.2,14384707547230.0,
2020-06-26,NQX,1969.87,2018.8,1967.53,11070484654291.0,
2020-05-14,NQX,1818.89,1819.5,1772.15,10190280610536.0,660752702.0
2023-02-27,NQX,2411.56,2431.92,2406.92,13985686609558.0,269239034.0
2018-08-20,NQX,1474.28,1479.17,1468.69,8504266661906.0,85553360.0
2020-08-03,NQX,2211.02,2217.1,2199.53,12436447530989.0,
2022-07-12,NQX,2349.0,2398.09,2336.8,13820286585317.0,
2023-01-11,NQX,2280.5,2280.74,2244.15,13225654059748.0,
2021-09-17,NQX,3066.69,3097.04,3058.21,17697779220414.0,
2019-08-19,NQX,1543.86,1548.15,1537.62,8700237410578.0,436972774.0
2022-01-26,NQX,2834.55,2929.33,2801.32,16752905546177.0,
2024-06-03,NQX,3720.19,3741.44,3678.51,22038332761933.0,
2020-03-02,NQX,1775.6,1775.88,1689.3,9957944532784.0,
2024-02-21,NQX,3495.78,3496.44,3463.89,20429989902309.0,1726807661.0
2019-09-11,NQX,1577.52,1577.67,1562.46,8889875564971.0,885277276.0
2023-01-04,NQX,2182.96,2196.29,2157.11,12659948923313.0,1817410844.0
2023-07-14,NQX,3113.12,3144.01,3106.2,17962988515763.0,
2024-01-29,NQX,3519.25,3520.79,3482.92,20567166928071.0,
2022-08-19,NQX,2648.58,2680.51,2642.16,15582879242752.0,
2023-10-04,NQX,2955.25,2960.61,2918.51,17100020882367.0,
2023-11-16,NQX,3166.63,3168.53,3147.67,18323156293176.0,1815796830.0
2023-05-01,NQX,2646.29,2657.49,2637.27,15318255160087.0,188070797.0
2022-02-24,NQX,2794.93,2797.84,2612.99,16562490938160.0,2603798260.0
2022-09-06,NQX,2402.26,2430.48,2385.76,14133673884129.0,43425080.0
2023-08-07,NQX,3081.57,3082.18,3051.71,17868724783248.0,437091623.0
2020-09-30,NQX,2283.61,2307.0,2265.71,12852432410979.0,
2020-09-16,NQX,2249.52,2297.22,2248.73,12668176515674.0,
2020-05-13,NQX,1800.02,1841.9,1778.03,10084563421896.0,
2022-03-31,NQX,2967.7,3017.68,2967.03,17532626425114.0,339554468.0
2022-12-22,NQX,2191.23,2222.85,2156.8,12707902089195.0,
2018-09-10,NQX,1489.54,1494.75,1482.15,8592244363905.0,
2023-06-13,NQX,2980.17,2986.37,2954.04,17210357786800.0,576894148.0
2023-10-18,NQX,2981.85,3020.77,2973.16,17253944966720.0,
2020-11-19,NQX,2397.09,2400.06,2368.53,13525220802274.0,103330219.0
2025-02-06,NQX,4354.81,4355.22,4323.65,26713116856641.0,
2022-04-12,NQX,2788.05,2852.92,2776.55,16471283081205.0,
2022-04-18,NQX,2782.15,2799.59,2757.79,16436454105934.0,
2025-01-08,NQX,4236.19,4248.52,4198.42,25958483609189.0,1938157360.0
2019-12-23,NQX,1739.2,1742.18,1738.03,9753837980602.0,
2024-09-10,NQX,3765.83,3769.15,3714.13,22320468961294.0,192744017.0
2019-10-24,NQX,1593.34,1593.93,1582.54,8939941838508.0,131788788.0
2019-10-15,NQX,1588.57,1592.03,1572.76,8913158378625.0,
2019-10-07,NQX,1545.03,1556.98,1542.54,8668839858813.0,
2022-02-03,NQX,2900.22,2971.3,2894.17,17141035425920.0,445717470.0
2022-05-09,NQX,2437.54,2508.46,2427.24,14400569657107.0,502216804.0
2024-01-22,NQX,3466.08,3490.05,3461.98,20256384956400.0,
2024-03-27,NQX,3656.17,3668.82,3633.64,21659041760180.0,1361733101.0
2022-04-14,NQX,2778.64,2847.07,2776.97,16415719175606.0,
2023-08-14,NQX,3041.12,3041.26,2994.4,17634150366411.0,994533050.0
2023-01-27,NQX,2433.32,2449.63,2399.97,14111896965339.0,
2021-11-11,NQX,3206.49,3223.25,3203.88,18540858668029.0,
2024-03-14,NQX,3602.96,3628.58,3582.73,21056367016911.0,2256398762.0
2024-11-19,NQX,4136.92,4139.29,4084.7,24626085868694.0,232586329.0
2020-06-10,NQX,2018.85,2031.04,2004.49,11363649735097.0,
2018-11-30,NQX,1389.8,1390.23,1374.46,7999627179917.0,
2019-06-28,NQX,1534.21,1536.45,1527.89,8614350505449.0,
2019-06-11,NQX,1502.77,1519.11,1498.0,8468283686273.0,175349138.0
2024-09-03,NQX,3791.75,3887.68,3773.97,22474098503893.0,714068988.0
2023-01-09,NQX,2221.69,2260.97,2217.07,12884554495943.0,255101916.0
2022-04-20,NQX,2799.71,2852.73,2792.57,16540155398353.0,
2021-12-17,NQX,3160.29,3192.06,3132.82,18273088293345.0,
2018-08-16,NQX,1474.86,1484.57,1472.37,8507585719000.0,1635434592.0
2019-03-22,NQX,1465.21,1496.47,1464.7,8256637193542.0,
2019-03-04,NQX,1430.17,1441.19,1414.68,8176176831890.0,
2022-11-18,NQX,2335.4,2358.94,2315.93,13675670230339.0,
2021-03-24,NQX,2559.78,2615.49,2559.61,14612152184504.0,
2021-06-08,NQX,2762.17,2782.68,2749.28,15779911037765.0,
2024-12-05,NQX,4285.04,4303.5,4282.31,25507843310827.0,2033674314.0
2019-12-16,NQX,1714.07,1716.96,1708.48,9572946432427.0,
2019-05-29,NQX,1443.37,1450.84,1435.33,8133568533713.0,131379847.0
2025-03-13,NQX,3845.1,3911.71,3830.51,23586434618760.0,1169867178.0
2025-01-13,NQX,4156.94,4159.41,4107.64,25472867928895.0,
2023-02-07,NQX,2545.65,2554.32,2483.97,14763373427593.0,
2023-08-03,NQX,3070.71,3087.32,3054.14,17805736923109.0,
2020-09-03,NQX,2354.27,2447.0,2332.42,13258095251958.0,1575826219.0
2018-09-18,NQX,1498.88,1506.24,1487.31,8646148151305.0,899665138.0
2021-10-21,NQX,3097.92,3099.51,3070.1,17913038200732.0,
2024-05-23,NQX,3724.68,3781.56,3710.99,22064887608501.0,415423574.0
2024-04-23,NQX,3494.29,3502.66,3455.44,20700103856170.0,
2023-11-09,NQX,3037.58,3076.42,3034.26,17576402689363.0,2691615011.0
2021-07-13,NQX,2974.91,3000.46,2968.76,16990817588598.0,
2023-01-03,NQX,2172.53,2218.61,2154.19,12599444512749.0,1356027512.0
2021-06-21,NQX,2827.45,2830.18,2793.58,16148602453818.0,1789467682.0
2020-07-08,NQX,2133.34,2133.83,2105.77,11989163861078.0,
2021-02-16,NQX,2754.75,2775.95,2745.36,15732645147610.0,
2024-05-07,NQX,3618.29,3631.26,3612.32,21434646649343.0,1848951361.0
2025-03-12,NQX,3919.2,3951.27,3875.05,24041021825045.0,163043119.0
2024-08-27,NQX,3916.3,3923.58,3873.91,23212364788990.0,
2024-10-22,NQX,4076.73,4087.56,4043.77,24154181582903.0,
2023-05-22,NQX,2769.95,2778.74,2758.59,16034041214494.0,
2023-03-29,NQX,2569.21,2573.39,2546.94,14872030327850.0,
2023-06-26,NQX,2937.8,2996.56,2937.41,16951403630281.0,
2020-03-20,NQX,1398.86,1497.56,1393.95,7845115640838.0,1431942047.0
2024-05-21,NQX,3742.76,3744.24,3717.9,22172005372756.0,382054149.0
2024-08-12,NQX,3708.41,3733.15,3686.72,21980122356233.0,3089750091.0
2023-03-06,NQX,2460.5,2493.38,2459.51,14269506720490.0,
2023-03-07,NQX,2430.43,2468.8,2426.01,14095158841802.0,114557436.0
2023-09-06,NQX,3074.29,3097.38,3057.9,17826497940104.0,68007906.0
2023-05-03,NQX,2606.04,2646.34,2605.21,15085254583161.0,
2022-07-05,NQX,2355.98,2356.35,2273.21,13861375534655.0,3550791257.0
2025-02-21,NQX,4322.82,4423.05,4319.43,26516841283360.0,1001456996.0
2022-08-05,NQX,2641.54,2657.2,2614.07,15541448881911.0,2865259683.0
2019-07-23,NQX,1590.91,1591.02,1579.01,8932699230248.0,
2019-06-06,NQX,1455.19,1458.64,1440.32,8200139600971.0,1449548830.0
2019-02-08,NQX,1382.63,1382.91,1367.34,7904389579400.0,3317081286.0
2022-06-30,NQX,2300.74,2330.21,2264.57,13536386431076.0,339647481.0
2022-05-12,NQX,2389.1,2425.75,2338.42,14114366586956.0,2059222328.0
2022-06-03,NQX,2509.61,2544.97,2501.15,14825282589389.0,
2024-05-06,NQX,3618.71,3618.97,3587.47,21437158056103.0,826657904.0
2024-10-09,NQX,4053.77,4056.88,4009.57,24018162336406.0,
2023-11-08,NQX,3062.65,3068.64,3044.18,17721458250704.0,
2023-08-09,NQX,3020.34,3057.78,3015.58,17513681359202.0,1328967137.0
2025-01-29,NQX,4282.29,4295.58,4250.38,26268258715712.0,
2025-01-16,NQX,4218.25,4266.14,4217.58,25848535169684.0,
2022-05-26,NQX,2455.36,2467.55,2380.37,14504821160600.0,625075773.0
