index_symbol,date,component_symbol,component_isin,component_mic,component_name
NQX,2022-11,ORLY,US67103H1077,XNAS,O'REILLY AUTOMOTIVE
NQX,2022-11,TSLA,US88160R1014,XNAS,"TESLA, INC."
NQX,2026-01,ADI,US0326541051,XNAS,ANALOG DEVICES CMN
NQX,2026-01,ADP,US0530151036,XNAS,AUTOMATIC DATA PROCS
NQX,2026-01,AMAT,US0382221051,XNAS,APPLIED MATERIALS
NQX,2026-01,APP,US03831W1080,XNAS,APPLOVIN CORP CLA CM
NQX,2026-01,ARM,US0420682058,XNAS,ARM HOLDINGS PLC ADS
NQX,2026-01,ASML,USN070592100,XNAS,ASML HLDG NY REG
NQX,2026-01,AVGO,US11135F1012,XNAS,BROADCOM INC.
NQX,2026-01,BKR,US05722G1004,XNAS,BAKER HUGHES CO
NQX,2026-01,CDNS,US1273871087,XNAS,CADENCE DESIGN SYS
NQX,2026-01,CTSH,US1924461023,XNAS,COGNIZANT TECH SOL
NQX,2026-01,INTU,US4612021034,XNAS,INTUIT INC
NQX,2026-01,ISRG,US46120E6023,XNAS,"INTUITIVE SURG, INC."
NQX,2026-01,KLAC,US4824801009,XNAS,KLA CP CMN STK
NQX,2026-01,MPWR,US6098391054,XNAS,MONOLITHIC POWER SYS
NQX,2026-01,PDD,US7223041028,XNAS,PDD HOLDINGS INC ADS
NQX,2026-01,PEP,US7134481081,XNAS,PEPSICO INC
NQX,2026-01,ROST,US7782961038,XNAS,"ROSS STORES, INC."
NQX,2026-01,SNPS,US8716071076,XNAS,"SYNOPSYS, INC."
NQX,2026-01,TMUS,US8725901040,XNAS,T-MOBILE US CMN
NQX,2026-01,TSLA,US88160R1014,XNAS,"TESLA, INC."
NQX,2026-01,TTWO,US8740541094,XNAS,TAKE-TWO INTERACTI
NQX,2026-01,TXN,US8825081040,XNAS,TEXAS INSTRUMENTS
NQX,2026-01,XEL,US98389B1008,XNAS,XCEL ENERGY CMN
NQX,2026-03,ADSK,US0527691069,XNAS,AUTODESK INC
NQX,2026-03,ALNY,US02043Q1076,XNAS,ALNYLAM PHARMACEUT
NQX,2026-03,AMAT,US0382221051,XNAS,APPLIED MATERIALS
NQX,2026-03,AMZN,US0231351067,XNAS,AMAZON.COM INC
NQX,2026-03,ASML,USN070592100,XNAS,ASML HLDG NY REG
NQX,2026-03,AVGO,US11135F1012,XNAS,BROADCOM INC.
NQX,2026-03,BKNG,US09857L1089,XNAS,BOOKING HOLDINGS INC
NQX,2026-03,CEG,US21037T1097,XNAS,CONSTELLATION EN CM
NQX,2026-03,CPRT,US2172041061,XNAS,"COPART, INC."
NQX,2026-03,CTSH,US1924461023,XNAS,COGNIZANT TECH SOL
NQX,2026-03,DASH,US25809K1051,XNAS,"DOORDASH, INC. CL A"
NQX,2026-03,FER,NL0015001FS8,XNAS,FERROVIAL SE OS
NQX,2026-03,FTNT,US34959E1091,XNAS,"FORTINET, INC."
NQX,2026-03,IDXX,US45168D1046,XNAS,IDEXX LABORATORIES
NQX,2026-03,MDLZ,US6092071058,XNAS,MONDELEZ INTL CMN A
NQX,2026-03,META,US30303M1027,XNAS,"META PLATFORMS, INC."
NQX,2026-03,MU,US5951121038,XNAS,MICRON TECHNOLOGY
NQX,2026-03,NFLX,US64110L1061,XNAS,"NETFLIX, INC."
NQX,2026-03,PEP,US7134481081,XNAS,PEPSICO INC
NQX,2026-03,PLTR,US69608A1088,XNAS,PALANTIR TECH CL A
NQX,2026-03,SNPS,US8716071076,XNAS,"SYNOPSYS, INC."
NQX,2026-03,TTWO,US8740541094,XNAS,TAKE-TWO INTERACTI
NQX,2026-03,ADBE,US00724F1012,XNAS,ADOBE INC.
NQX,2026-03,AMD,US0079031078,XNAS,ADV MICRO DEVICES
NQX,2026-03,AMGN,US0311621009,XNAS,AMGEN
NQX,2026-03,CHTR,US16119P1084,XNAS,CHARTER COMMUNICATIO
NQX,2026-03,CMCSA,US20030N1019,XNAS,COMCAST CORP A
NQX,2026-03,COST,US22160K1051,XNAS,COSTCO WHOLESALE
NQX,2026-03,CTAS,US1729081059,XNAS,CINTAS CORP
NQX,2026-03,EA,US2855121099,XNAS,ELECTRONIC ARTS INC
NQX,2026-03,FANG,US25278X1090,XNAS,DIAMONDBACK ENERGY
NQX,2026-03,GILD,US3755581036,XNAS,"GILEAD SCIENCES, INC"
NQX,2026-03,INTU,US4612021034,XNAS,INTUIT INC
NQX,2026-03,MPWR,US6098391054,XNAS,MONOLITHIC POWER SYS
NQX,2026-03,MSFT,US5949181045,XNAS,MICROSOFT CORP
NQX,2026-03,PDD,US7223041028,XNAS,PDD HOLDINGS INC ADS
NQX,2026-03,PYPL,US70450Y1038,XNAS,PAYPAL HOLDINGS
NQX,2026-03,REGN,US75886F1075,XNAS,REGENERON PHARMACEUT
NQX,2026-03,TXN,US8825081040,XNAS,TEXAS INSTRUMENTS
NQX,2026-03,WDAY,US98138H1014,XNAS,WORKDAY INC CL A
NQX,2025-12,ADBE,US00724F1012,XNAS,ADOBE INC.
NQX,2025-12,ADI,US0326541051,XNAS,ANALOG DEVICES CMN
NQX,2025-12,ADSK,US0527691069,XNAS,AUTODESK INC
NQX,2025-12,APP,US03831W1080,XNAS,APPLOVIN CORP CLA CM
NQX,2025-12,ASML,USN070592100,XNAS,ASML HLDG NY REG
NQX,2025-12,CDNS,US1273871087,XNAS,CADENCE DESIGN SYS
NQX,2025-12,CDW,US12514G1085,XNAS,CDW CORPORATION
NQX,2025-12,CHTR,US16119P1084,XNAS,CHARTER COMMUNICATIO
NQX,2025-12,CPRT,US2172041061,XNAS,"COPART, INC."
NQX,2025-12,CTAS,US1729081059,XNAS,CINTAS CORP
NQX,2025-12,DDOG,US23804L1035,XNAS,DATADOG INC.L A CM
NQX,2025-12,DXCM,US2521311074,XNAS,DEXCOM
NQX,2025-12,FANG,US25278X1090,XNAS,DIAMONDBACK ENERGY
NQX,2025-12,GFS,KYG393871085,XNAS,GLOBALFOUNDRIES ORD
NQX,2025-12,HON,US4385161066,XNAS,HONEYWELL INTL INC
NQX,2025-12,INTC,US4581401001,XNAS,INTEL CORP
NQX,2025-12,KLAC,US4824801009,XNAS,KLA CP CMN STK
NQX,2025-12,LULU,US5500211090,XNAS,LULULEMON ATHLETICA
NQX,2025-12,MNST,US61174X1090,XNAS,MONSTER BEVERAGE CP
NQX,2025-12,MRVL,US5738741041,XNAS,MARVELL TECH INC CMN
NQX,2025-12,MSTR,US5949724083,XNAS,STRATEGY INC CL A CS
NQX,2025-12,MU,US5951121038,XNAS,MICRON TECHNOLOGY
NQX,2025-12,ODFL,US6795801009,XNAS,OLD DOMINION FREIG
NQX,2025-12,ORLY,US67103H1077,XNAS,O'REILLY AUTOMOTIVE
NQX,2025-12,PANW,US6974351057,XNAS,PALO ALTO NTWKS CM
NQX,2025-12,ROP,US7766961061,XNAS,ROPER TECH CMN
NQX,2025-12,TMUS,US8725901040,XNAS,T-MOBILE US CMN
NQX,2025-12,TXN,US8825081040,XNAS,TEXAS INSTRUMENTS
NQX,2025-12,WDAY,US98138H1014,XNAS,WORKDAY INC CL A
NQX,2025-12,XEL,US98389B1008,XNAS,XCEL ENERGY CMN
NQX,2025-12,AAPL,US0378331005,XNAS,APPLE INC.
NQX,2025-12,ADP,US0530151036,XNAS,AUTOMATIC DATA PROCS
NQX,2025-12,AEP,US0255371017,XNAS,AMER ELC PWR CO CMN
NQX,2025-12,AMAT,US0382221051,XNAS,APPLIED MATERIALS
NQX,2025-12,AMD,US0079031078,XNAS,ADV MICRO DEVICES
NQX,2025-12,AMGN,US0311621009,XNAS,AMGEN
NQX,2025-12,ARM,US0420682058,XNAS,ARM HOLDINGS PLC ADS
NQX,2025-12,AXON,US05464C1018,XNAS,"AXON ENTERPRISE, INC"
NQX,2025-12,BIIB,US09062X1037,XNAS,BIOGEN INC CMN
NQX,2025-12,BKR,US05722G1004,XNAS,BAKER HUGHES CO
NQX,2025-12,CRWD,US22788C1053,XNAS,CROWDSTRIKE HLD CM A
NQX,2025-12,CSCO,US17275R1023,XNAS,CISCO SYSTEMS INC.
NQX,2025-12,CSGP,US22160N1090,XNAS,COSTAR GROUP INC
NQX,2025-12,FAST,US3119001044,XNAS,FASTENAL CO
NQX,2025-12,GOOG,US02079K1079,XNAS,ALPHABET CL C CAP
NQX,2025-12,GOOGL,US02079K3059,XNAS,ALPHABET CL A CMN
NQX,2025-12,IDXX,US45168D1046,XNAS,IDEXX LABORATORIES
NQX,2025-12,ISRG,US46120E6023,XNAS,"INTUITIVE SURG, INC."
NQX,2025-12,LRCX,US5128073062,XNAS,LAM RESEARCH CORP
NQX,2025-12,MCHP,US5950171042,XNAS,MICROCHIP TECHNOLOGY
NQX,2025-12,META,US30303M1027,XNAS,"META PLATFORMS, INC."
NQX,2025-12,PAYX,US7043261079,XNAS,"PAYCHEX, INC."
NQX,2025-12,PCAR,US6937181088,XNAS,PACCAR INC.
NQX,2025-12,PLTR,US69608A1088,XNAS,PALANTIR TECH CL A
NQX,2025-12,PYPL,US70450Y1038,XNAS,PAYPAL HOLDINGS
NQX,2025-12,ROST,US7782961038,XNAS,"ROSS STORES, INC."
NQX,2025-12,SHOP,CA82509L1076,XNAS,SHOPIFY INC.
NQX,2025-12,SNPS,US8716071076,XNAS,"SYNOPSYS, INC."
NQX,2025-12,VRTX,US92532F1003,XNAS,VERTEX PHARMACEUTIC
NQX,2025-12,WBD,US9344231041,XNAS,WRNR BRS DS CM WI
NQX,2025-12,ZS,US98980G1022,XNAS,"ZSCALER, INC. CMN"
NQX,2026-02,ADSK,US0527691069,XNAS,AUTODESK INC
NQX,2026-02,AEP,US0255371017,XNAS,AMER ELC PWR CO CMN
NQX,2026-02,AMD,US0079031078,XNAS,ADV MICRO DEVICES
NQX,2026-02,AXON,US05464C1018,XNAS,"AXON ENTERPRISE, INC"
NQX,2026-02,BKNG,US09857L1089,XNAS,BOOKING HOLDINGS INC
NQX,2026-02,CDNS,US1273871087,XNAS,CADENCE DESIGN SYS
NQX,2026-02,CTAS,US1729081059,XNAS,CINTAS CORP
NQX,2026-02,DXCM,US2521311074,XNAS,DEXCOM
NQX,2026-02,FAST,US3119001044,XNAS,FASTENAL CO
NQX,2026-02,FTNT,US34959E1091,XNAS,"FORTINET, INC."
NQX,2026-02,GILD,US3755581036,XNAS,"GILEAD SCIENCES, INC"
NQX,2026-02,IDXX,US45168D1046,XNAS,IDEXX LABORATORIES
NQX,2026-02,KDP,US49271V1008,XNAS,KEURIG DR PEPPER INC
NQX,2026-02,KLAC,US4824801009,XNAS,KLA CP CMN STK
NQX,2026-02,MDLZ,US6092071058,XNAS,MONDELEZ INTL CMN A
NQX,2026-02,MNST,US61174X1090,XNAS,MONSTER BEVERAGE CP
NQX,2026-02,MRVL,US5738741041,XNAS,MARVELL TECH INC CMN
NQX,2026-02,MSTR,US5949724083,XNAS,STRATEGY INC CL A CS
NQX,2026-02,NVDA,US67066G1040,XNAS,NVIDIA CORPORATION
NQX,2026-02,PLTR,US69608A1088,XNAS,PALANTIR TECH CL A
NQX,2026-02,ROP,US7766961061,XNAS,ROPER TECH CMN
NQX,2026-02,VRTX,US92532F1003,XNAS,VERTEX PHARMACEUTIC
NQX,2026-02,WDC,US9581021055,XNAS,WESTERN DIGITAL CP
NQX,2026-01,ABNB,US0090661010,XNAS,"AIRBNB, INC CL A CMN"
NQX,2026-01,ADSK,US0527691069,XNAS,AUTODESK INC
NQX,2026-01,AMGN,US0311621009,XNAS,AMGEN
NQX,2026-01,BKNG,US09857L1089,XNAS,BOOKING HOLDINGS INC
NQX,2026-01,CEG,US21037T1097,XNAS,CONSTELLATION EN CM
NQX,2026-01,CPRT,US2172041061,XNAS,"COPART, INC."
NQX,2026-01,DXCM,US2521311074,XNAS,DEXCOM
NQX,2026-01,EA,US2855121099,XNAS,ELECTRONIC ARTS INC
NQX,2026-01,FER,NL0015001FS8,XNAS,FERROVIAL SE OS
NQX,2026-01,GOOG,US02079K1079,XNAS,ALPHABET CL C CAP
NQX,2026-01,IDXX,US45168D1046,XNAS,IDEXX LABORATORIES
NQX,2026-01,INSM,US4576693075,XNAS,INSMED INCORPORATED
NQX,2026-01,MDLZ,US6092071058,XNAS,MONDELEZ INTL CMN A
NQX,2026-01,NFLX,US64110L1061,XNAS,"NETFLIX, INC."
NQX,2026-01,NVDA,US67066G1040,XNAS,NVIDIA CORPORATION
NQX,2026-01,PANW,US6974351057,XNAS,PALO ALTO NTWKS CM
NQX,2026-01,PCAR,US6937181088,XNAS,PACCAR INC.
NQX,2026-01,PLTR,US69608A1088,XNAS,PALANTIR TECH CL A
NQX,2026-01,REGN,US75886F1075,XNAS,REGENERON PHARMACEUT
NQX,2026-01,SBUX,US8552441094,XNAS,STARBUCKS CORP
NQX,2026-01,WDC,US9581021055,XNAS,WESTERN DIGITAL CP
NQX,2026-01,ZS,US98980G1022,XNAS,"ZSCALER, INC. CMN"
NQX,2026-01,ADBE,US00724F1012,XNAS,ADOBE INC.
NQX,2026-01,ALNY,US02043Q1076,XNAS,ALNYLAM PHARMACEUT
NQX,2026-01,AMD,US0079031078,XNAS,ADV MICRO DEVICES
NQX,2026-01,AMZN,US0231351067,XNAS,AMAZON.COM INC
NQX,2026-01,AXON,US05464C1018,XNAS,"AXON ENTERPRISE, INC"
NQX,2026-01,CCEP,GB00BDCPN049,XNAS,COCA-COLA EUROPACIFI
NQX,2026-01,CHTR,US16119P1084,XNAS,CHARTER COMMUNICATIO
NQX,2026-01,CRWD,US22788C1053,XNAS,CROWDSTRIKE HLD CM A
NQX,2026-01,CSGP,US22160N1090,XNAS,COSTAR GROUP INC
NQX,2026-01,CTAS,US1729081059,XNAS,CINTAS CORP
NQX,2026-01,DASH,US25809K1051,XNAS,"DOORDASH, INC. CL A"
NQX,2026-01,DDOG,US23804L1035,XNAS,DATADOG INC.L A CM
NQX,2026-01,EXC,US30161N1019,XNAS,EXELON CORP CMN STK
NQX,2026-01,GILD,US3755581036,XNAS,"GILEAD SCIENCES, INC"
NQX,2026-01,HON,US4385161066,XNAS,HONEYWELL INTL INC
NQX,2026-01,INTC,US4581401001,XNAS,INTEL CORP
NQX,2026-01,KDP,US49271V1008,XNAS,KEURIG DR PEPPER INC
NQX,2026-01,KHC,US5007541064,XNAS,KRAFT HEINZ CO CMN
NQX,2026-01,LRCX,US5128073062,XNAS,LAM RESEARCH CORP
NQX,2026-01,MAR,US5719032022,XNAS,MARRIOTT INT CL A CM
NQX,2026-01,MCHP,US5950171042,XNAS,MICROCHIP TECHNOLOGY
NQX,2026-01,MELI,US58733R1023,XNAS,"MERCADOLIBRE, INC."
NQX,2026-01,META,US30303M1027,XNAS,"META PLATFORMS, INC."
NQX,2026-01,MNST,US61174X1090,XNAS,MONSTER BEVERAGE CP
NQX,2026-01,ODFL,US6795801009,XNAS,OLD DOMINION FREIG
NQX,2026-01,ORLY,US67103H1077,XNAS,O'REILLY AUTOMOTIVE
NQX,2026-01,PAYX,US7043261079,XNAS,"PAYCHEX, INC."
NQX,2026-01,SHOP,CA82509L1076,XNAS,SHOPIFY INC.
NQX,2026-01,STX,IE00BKVD2N49,XNAS,SEAGATE TCH HLDGS OR
NQX,2026-01,VRSK,US92345Y1064,XNAS,VERISK ANALYTICS INC
NQX,2026-01,VRTX,US92532F1003,XNAS,VERTEX PHARMACEUTIC
NQX,2026-01,WBD,US9344231041,XNAS,WRNR BRS DS CM WI
NQX,2025-12,ABNB,US0090661010,XNAS,"AIRBNB, INC CL A CMN"
NQX,2025-12,AMZN,US0231351067,XNAS,AMAZON.COM INC
NQX,2025-12,AZN,US0463531089,XNAS,ASTRAZENECA PLC ADS
NQX,2025-12,BKNG,US09857L1089,XNAS,BOOKING HOLDINGS INC
NQX,2025-12,CEG,US21037T1097,XNAS,CONSTELLATION EN CM
NQX,2025-12,CMCSA,US20030N1019,XNAS,COMCAST CORP A
NQX,2025-12,COST,US22160K1051,XNAS,COSTCO WHOLESALE
NQX,2025-12,EA,US2855121099,XNAS,ELECTRONIC ARTS INC
NQX,2025-12,FTNT,US34959E1091,XNAS,"FORTINET, INC."
NQX,2025-12,GEHC,US36266G1076,XNAS,GE HEALTHCARE CM
NQX,2025-12,LIN,IE000S9YS762,XNAS,LINDE PLC
NQX,2025-12,MDLZ,US6092071058,XNAS,MONDELEZ INTL CMN A
NQX,2025-12,MELI,US58733R1023,XNAS,"MERCADOLIBRE, INC."
NQX,2025-12,NVDA,US67066G1040,XNAS,NVIDIA CORPORATION
NQX,2025-12,PDD,US7223041028,XNAS,PDD HOLDINGS INC ADS
NQX,2025-12,PEP,US7134481081,XNAS,PEPSICO INC
NQX,2025-12,REGN,US75886F1075,XNAS,REGENERON PHARMACEUT
NQX,2025-12,SBUX,US8552441094,XNAS,STARBUCKS CORP
NQX,2025-12,TEAM,US0494681010,XNAS,ATLASSIAN CLS A CS
NQX,2025-12,TTD,US88339J1051,XNAS,THE TRADE DESK CL A
NQX,2026-01,AAPL,US0378331005,XNAS,APPLE INC.
NQX,2026-01,AEP,US0255371017,XNAS,AMER ELC PWR CO CMN
NQX,2026-01,AZN,US0463531089,XNAS,ASTRAZENECA PLC ADS
NQX,2026-01,CMCSA,US20030N1019,XNAS,COMCAST CORP A
NQX,2026-01,COST,US22160K1051,XNAS,COSTCO WHOLESALE
NQX,2026-01,CSCO,US17275R1023,XNAS,CISCO SYSTEMS INC.
NQX,2026-01,CSX,US1264081035,XNAS,CSX CORPORATION
NQX,2026-01,FANG,US25278X1090,XNAS,DIAMONDBACK ENERGY
NQX,2026-01,FAST,US3119001044,XNAS,FASTENAL CO
NQX,2026-01,FTNT,US34959E1091,XNAS,"FORTINET, INC."
NQX,2026-01,GEHC,US36266G1076,XNAS,GE HEALTHCARE CM
NQX,2026-01,GOOGL,US02079K3059,XNAS,ALPHABET CL A CMN
NQX,2026-01,LIN,IE000S9YS762,XNAS,LINDE PLC
NQX,2026-01,MRVL,US5738741041,XNAS,MARVELL TECH INC CMN
NQX,2026-01,MSFT,US5949181045,XNAS,MICROSOFT CORP
NQX,2026-01,MSTR,US5949724083,XNAS,STRATEGY INC CL A CS
NQX,2026-01,MU,US5951121038,XNAS,MICRON TECHNOLOGY
NQX,2026-01,NXPI,NL0009538784,XNAS,NXP SEMICONDUCTORS
NQX,2026-01,PYPL,US70450Y1038,XNAS,PAYPAL HOLDINGS
NQX,2026-01,QCOM,US7475251036,XNAS,QUALCOMM INC
NQX,2026-01,ROP,US7766961061,XNAS,ROPER TECH CMN
NQX,2026-01,TEAM,US0494681010,XNAS,ATLASSIAN CLS A CS
NQX,2026-01,TRI,CA8849038085,XNAS,THOMSON REUTERS CMN
NQX,2026-01,WDAY,US98138H1014,XNAS,WORKDAY INC CL A
NQX,2026-03,ABNB,US0090661010,XNAS,"AIRBNB, INC CL A CMN"
NQX,2026-03,AEP,US0255371017,XNAS,AMER ELC PWR CO CMN
NQX,2026-03,APP,US03831W1080,XNAS,APPLOVIN CORP CLA CM
NQX,2026-03,CCEP,GB00BDCPN049,XNAS,COCA-COLA EUROPACIFI
NQX,2026-03,CDNS,US1273871087,XNAS,CADENCE DESIGN SYS
NQX,2026-03,CRWD,US22788C1053,XNAS,CROWDSTRIKE HLD CM A
NQX,2026-03,CSCO,US17275R1023,XNAS,CISCO SYSTEMS INC.
NQX,2026-03,CSGP,US22160N1090,XNAS,COSTAR GROUP INC
NQX,2026-03,DXCM,US2521311074,XNAS,DEXCOM
NQX,2026-03,EXC,US30161N1019,XNAS,EXELON CORP CMN STK
NQX,2026-03,GOOG,US02079K1079,XNAS,ALPHABET CL C CAP
NQX,2026-03,HON,US4385161066,XNAS,HONEYWELL INTL INC
NQX,2026-03,MRVL,US5738741041,XNAS,MARVELL TECH INC CMN
NQX,2026-03,MSTR,US5949724083,XNAS,STRATEGY INC CL A CS
NQX,2026-03,NVDA,US67066G1040,XNAS,NVIDIA CORPORATION
NQX,2026-03,NXPI,NL0009538784,XNAS,NXP SEMICONDUCTORS
NQX,2026-03,ODFL,US6795801009,XNAS,OLD DOMINION FREIG
NQX,2026-03,ORLY,US67103H1077,XNAS,O'REILLY AUTOMOTIVE
NQX,2026-03,PAYX,US7043261079,XNAS,"PAYCHEX, INC."
NQX,2026-03,PCAR,US6937181088,XNAS,PACCAR INC.
NQX,2026-03,ROP,US7766961061,XNAS,ROPER TECH CMN
NQX,2026-03,ROST,US7782961038,XNAS,"ROSS STORES, INC."
NQX,2026-03,SBUX,US8552441094,XNAS,STARBUCKS CORP
NQX,2026-03,SHOP,CA82509L1076,XNAS,SHOPIFY INC.
NQX,2026-03,STX,IE00BKVD2N49,XNAS,SEAGATE TCH HLDGS OR
NQX,2026-03,VRSK,US92345Y1064,XNAS,VERISK ANALYTICS INC
NQX,2026-03,VRTX,US92532F1003,XNAS,VERTEX PHARMACEUTIC
NQX,2026-03,XEL,US98389B1008,XNAS,XCEL ENERGY CMN
NQX,2026-03,ZS,US98980G1022,XNAS,"ZSCALER, INC. CMN"
NQX,2025-11,ABNB,US0090661010,XNAS,"AIRBNB, INC CL A CMN"
NQX,2025-11,ASML,USN070592100,XNAS,ASML HLDG NY REG
NQX,2025-11,AXON,US05464C1018,XNAS,"AXON ENTERPRISE, INC"
NQX,2025-11,CDW,US12514G1085,XNAS,CDW CORPORATION
NQX,2025-11,CHTR,US16119P1084,XNAS,CHARTER COMMUNICATIO
NQX,2025-11,CTSH,US1924461023,XNAS,COGNIZANT TECH SOL
NQX,2025-11,EA,US2855121099,XNAS,ELECTRONIC ARTS INC
NQX,2025-11,EXC,US30161N1019,XNAS,EXELON CORP CMN STK
NQX,2025-11,FANG,US25278X1090,XNAS,DIAMONDBACK ENERGY
NQX,2025-11,GFS,KYG393871085,XNAS,GLOBALFOUNDRIES ORD
NQX,2025-11,GOOG,US02079K1079,XNAS,ALPHABET CL C CAP
NQX,2025-11,GOOGL,US02079K3059,XNAS,ALPHABET CL A CMN
NQX,2025-11,HON,US4385161066,XNAS,HONEYWELL INTL INC
NQX,2025-11,IDXX,US45168D1046,XNAS,IDEXX LABORATORIES
NQX,2025-11,INTC,US4581401001,XNAS,INTEL CORP
NQX,2025-11,KDP,US49271V1008,XNAS,KEURIG DR PEPPER INC
NQX,2025-11,KHC,US5007541064,XNAS,KRAFT HEINZ CO CMN
NQX,2025-11,LIN,IE000S9YS762,XNAS,LINDE PLC
NQX,2025-11,MDLZ,US6092071058,XNAS,MONDELEZ INTL CMN A
NQX,2025-11,MRVL,US5738741041,XNAS,MARVELL TECH INC CMN
NQX,2025-11,MU,US5951121038,XNAS,MICRON TECHNOLOGY
NQX,2025-11,ON,US6821891057,XNAS,ON SEMICONDUCTOR
NQX,2025-11,PYPL,US70450Y1038,XNAS,PAYPAL HOLDINGS
NQX,2025-11,TXN,US8825081040,XNAS,TEXAS INSTRUMENTS
NQX,2022-06,BKNG,US09857L1089,XNAS,BOOKING HOLDINGS INC
NQX,2022-06,IDXX,US45168D1046,XNAS,IDEXX LABORATORIES
NQX,2022-06,ORLY,US67103H1077,XNAS,O'REILLY AUTOMOTIVE
NQX,2022-06,QCOM,US7475251036,XNAS,QUALCOMM INC
NQX,2022-06,WBA,US9314271084,XNAS,WALGREENS BTS ALN CM
NQX,2022-06,AMZN,US0231351067,XNAS,AMAZON.COM INC
NQX,2022-06,GILD,US3755581036,XNAS,"GILEAD SCIENCES, INC"
NQX,2022-06,KDP,US49271V1008,XNAS,KEURIG DR PEPPER INC
NQX,2022-06,MAR,US5719032022,XNAS,MARRIOTT INT CL A CM
NQX,2022-06,OKTA,US6792951054,XNAS,"OKTA, INC. CL A CM"
NQX,2022-06,PAYX,US7043261079,XNAS,"PAYCHEX, INC."
NQX,2022-06,XEL,US98389B1008,XNAS,XCEL ENERGY CMN
NQX,2022-12,INTC,US4581401001,XNAS,INTEL CORP
NQX,2022-12,MDLZ,US6092071058,XNAS,MONDELEZ INTL CMN A
NQX,2022-12,MTCH,US57667L1070,XNAS,MATCH GROUP CMN
NQX,2022-12,ZM,US98980L1017,XNAS,ZOOM VIDEO CMTS CM A
NQX,2022-12,ATVI,US00507V1098,XNAS,ACTIVISION BLIZZARD
NQX,2022-12,ISRG,US46120E6023,XNAS,"INTUITIVE SURG, INC."
NQX,2022-12,NTES,US64110W1027,XNAS,NETEASE INC ADS
NQX,2023-01,ABNB,US0090661010,XNAS,"AIRBNB, INC CL A CMN"
NQX,2023-01,FANG,US25278X1090,XNAS,DIAMONDBACK ENERGY
NQX,2023-01,MCHP,US5950171042,XNAS,MICROCHIP TECHNOLOGY
NQX,2023-01,RIVN,US76954A1034,XNAS,RIVIAN AUTO CL A CM
NQX,2023-01,SGEN,US81181C1045,XNAS,SEAGEN INC. CMN STK
NQX,2023-01,AMGN,US0311621009,XNAS,AMGEN
NQX,2023-01,PEP,US7134481081,XNAS,PEPSICO INC
NQX,2023-01,SBUX,US8552441094,XNAS,STARBUCKS CORP
NQX,2023-02,ADP,US0530151036,XNAS,AUTOMATIC DATA PROCS
NQX,2023-02,CMCSA,US20030N1019,XNAS,COMCAST CORP A
NQX,2023-02,MRNA,US60770K1079,XNAS,MODERNA INC CS
NQX,2023-03,DXCM,US2521311074,XNAS,DEXCOM
NQX,2023-03,ADP,US0530151036,XNAS,AUTOMATIC DATA PROCS
NQX,2023-03,INTU,US4612021034,XNAS,INTUIT INC
NQX,2023-03,WBA,US9314271084,XNAS,WALGREENS BTS ALN CM
NQX,2023-03,WDAY,US98138H1014,XNAS,WORKDAY INC CL A
NQX,2023-03,XEL,US98389B1008,XNAS,XCEL ENERGY CMN
NQX,2023-04,CPRT,US2172041061,XNAS,"COPART, INC."
NQX,2023-04,IDXX,US45168D1046,XNAS,IDEXX LABORATORIES
NQX,2023-04,PAYX,US7043261079,XNAS,"PAYCHEX, INC."
NQX,2023-04,VRTX,US92532F1003,XNAS,VERTEX PHARMACEUTIC
NQX,2023-04,CEG,US21037T1097,XNAS,CONSTELLATION EN CM
NQX,2023-04,MDLZ,US6092071058,XNAS,MONDELEZ INTL CMN A
NQX,2023-04,MSFT,US5949181045,XNAS,MICROSOFT CORP
NQX,2023-04,BKR,US05722G1004,XNAS,BAKER HUGHES CO
NQX,2023-05,AEP,US0255371017,XNAS,AMER ELC PWR CO CMN
NQX,2023-05,BKR,US05722G1004,XNAS,BAKER HUGHES CO
NQX,2023-05,SBUX,US8552441094,XNAS,STARBUCKS CORP
NQX,2023-05,TMUS,US8725901040,XNAS,T-MOBILE US CMN
NQX,2023-05,HON,US4385161066,XNAS,HONEYWELL INTL INC
NQX,2023-05,AZN,US0463531089,XNAS,ASTRAZENECA PLC ADS
NQX,2023-05,CTAS,US1729081059,XNAS,CINTAS CORP
NQX,2023-06,AZN,US0463531089,XNAS,ASTRAZENECA PLC ADS
NQX,2023-06,LULU,US5500211090,XNAS,LULULEMON ATHLETICA
NQX,2023-06,SBUX,US8552441094,XNAS,STARBUCKS CORP
NQX,2023-01,EXC,US30161N1019,XNAS,EXELON CORP CMN STK
NQX,2023-01,PDD,US7223041028,XNAS,PINDUODUO INC. ADS
NQX,2023-07,ANSS,US03662Q1058,XNAS,ANSYS INC
NQX,2023-07,KDP,US49271V1008,XNAS,KEURIG DR PEPPER INC
NQX,2023-07,ALGN,US0162551016,XNAS,ALIGN TECHNOLOGY I
NQX,2023-07,WDAY,US98138H1014,XNAS,WORKDAY INC CL A
NQX,2023-08,NFLX,US64110L1061,XNAS,"NETFLIX, INC."
NQX,2023-08,TXN,US8825081040,XNAS,TEXAS INSTRUMENTS
NQX,2023-08,CRWD,US22788C1053,XNAS,CROWDSTRIKE HLD CM A
NQX,2023-08,ORLY,US67103H1077,XNAS,O'REILLY AUTOMOTIVE
NQX,2023-08,QCOM,US7475251036,XNAS,QUALCOMM INC
NQX,2023-08,SGEN,US81181C1045,XNAS,SEAGEN INC. CMN STK
NQX,2023-08,GEHC,US36266G1076,XNAS,GE HEALTHCARE CM
NQX,2025-11,AAPL,US0378331005,XNAS,APPLE INC.
NQX,2025-11,ADP,US0530151036,XNAS,AUTOMATIC DATA PROCS
NQX,2025-11,AEP,US0255371017,XNAS,AMER ELC PWR CO CMN
NQX,2025-11,AMZN,US0231351067,XNAS,AMAZON.COM INC
NQX,2025-11,COST,US22160K1051,XNAS,COSTCO WHOLESALE
NQX,2025-11,CRWD,US22788C1053,XNAS,CROWDSTRIKE HLD CM A
NQX,2025-11,CSCO,US17275R1023,XNAS,CISCO SYSTEMS INC.
NQX,2025-11,DDOG,US23804L1035,XNAS,DATADOG INC.L A CM
NQX,2025-11,FAST,US3119001044,XNAS,FASTENAL CO
NQX,2025-11,INTU,US4612021034,XNAS,INTUIT INC
NQX,2025-11,MCHP,US5950171042,XNAS,MICROCHIP TECHNOLOGY
NQX,2025-11,MNST,US61174X1090,XNAS,MONSTER BEVERAGE CP
NQX,2025-11,MSTR,US5949724083,XNAS,STRATEGY INC CL A CS
NQX,2025-11,ODFL,US6795801009,XNAS,OLD DOMINION FREIG
NQX,2025-11,ORLY,US67103H1077,XNAS,O'REILLY AUTOMOTIVE
NQX,2025-11,PEP,US7134481081,XNAS,PEPSICO INC
NQX,2025-11,ROP,US7766961061,XNAS,ROPER TECH CMN
NQX,2025-11,SBUX,US8552441094,XNAS,STARBUCKS CORP
NQX,2025-11,SHOP,CA82509L1076,XNAS,SHOPIFY INC.
NQX,2025-11,WBD,US9344231041,XNAS,WRNR BRS DS CM WI
NQX,2025-11,WDAY,US98138H1014,XNAS,WORKDAY INC CL A
NQX,2025-11,ZS,US98980G1022,XNAS,"ZSCALER, INC. CMN"
NQX,2022-07,AAPL,US0378331005,XNAS,APPLE INC.
NQX,2022-07,ILMN,US4523271090,XNAS,"ILLUMINA, INC."
NQX,2022-07,INTC,US4581401001,XNAS,INTEL CORP
NQX,2022-07,PCAR,US6937181088,XNAS,PACCAR INC.
NQX,2022-07,ZS,US98980G1022,XNAS,"ZSCALER, INC. CMN"
NQX,2022-07,EBAY,US2786421030,XNAS,EBAY INC.
NQX,2022-07,FTNT,US34959E1091,XNAS,"FORTINET, INC."
NQX,2022-07,LCID,US5494981039,XNAS,LUCID GROUP CMN
NQX,2023-09,AMAT,US0382221051,XNAS,APPLIED MATERIALS
NQX,2023-09,BIIB,US09062X1037,XNAS,BIOGEN INC CMN
NQX,2023-09,SIRI,US82968B1035,XNAS,SIRIUS XM HOLDINGS I
NQX,2023-09,AEP,US0255371017,XNAS,AMER ELC PWR CO CMN
NQX,2023-09,EXC,US30161N1019,XNAS,EXELON CORP CMN STK
NQX,2023-09,REGN,US75886F1075,XNAS,REGENERON PHARMACEUT
NQX,2023-09,ZM,US98980L1017,XNAS,ZOOM VIDEO CMTS CM A
NQX,2023-10,TMUS,US8725901040,XNAS,T-MOBILE US CMN
NQX,2023-10,WBA,US9314271084,XNAS,WALGREENS BTS ALN CM
NQX,2023-10,CPRT,US2172041061,XNAS,"COPART, INC."
NQX,2023-10,GILD,US3755581036,XNAS,"GILEAD SCIENCES, INC"
NQX,2023-10,AAPL,US0378331005,XNAS,APPLE INC.
NQX,2023-10,AMGN,US0311621009,XNAS,AMGEN
NQX,2023-10,DLTR,US2567461080,XNAS,DOLLAR TREE INC
NQX,2023-10,EBAY,US2786421030,XNAS,EBAY INC.
NQX,2023-11,AMAT,US0382221051,XNAS,APPLIED MATERIALS
NQX,2023-11,ODFL,US6795801009,XNAS,OLD DOMINION FREIG
NQX,2023-11,ROST,US7782961038,XNAS,"ROSS STORES, INC."
NQX,2023-11,AMGN,US0311621009,XNAS,AMGEN
NQX,2023-11,DXCM,US2521311074,XNAS,DEXCOM
NQX,2023-11,KDP,US49271V1008,XNAS,KEURIG DR PEPPER INC
NQX,2023-12,ORLY,US67103H1077,XNAS,O'REILLY AUTOMOTIVE
NQX,2023-12,LCID,US5494981039,XNAS,LUCID GROUP CMN
NQX,2023-12,PANW,US6974351057,XNAS,PALO ALTO NTWKS CM
NQX,2023-12,VRSK,US92345Y1064,XNAS,VERISK ANALYTICS INC
NQX,2023-12,EA,US2855121099,XNAS,ELECTRONIC ARTS INC
NQX,2023-12,NVDA,US67066G1040,XNAS,NVIDIA CORPORATION
NQX,2024-02,AVGO,US11135F1012,XNAS,BROADCOM INC.
NQX,2024-02,KHC,US5007541064,XNAS,KRAFT HEINZ CO CMN
NQX,2024-02,PDD,US7223041028,XNAS,PDD HOLDINGS INC ADS
NQX,2024-02,REGN,US75886F1075,XNAS,REGENERON PHARMACEUT
NQX,2024-02,ADP,US0530151036,XNAS,AUTOMATIC DATA PROCS
NQX,2024-02,MRVL,US5738741041,XNAS,MARVELL TECH INC CMN
NQX,2024-03,ABNB,US0090661010,XNAS,"AIRBNB, INC CL A CMN"
NQX,2024-03,MCHP,US5950171042,XNAS,MICROCHIP TECHNOLOGY
NQX,2024-03,PCAR,US6937181088,XNAS,PACCAR INC.
NQX,2024-03,BKNG,US09857L1089,XNAS,BOOKING HOLDINGS INC
NQX,2024-03,TMUS,US8725901040,XNAS,T-MOBILE US CMN
NQX,2024-04,CSCO,US17275R1023,XNAS,CISCO SYSTEMS INC.
NQX,2024-04,LULU,US5500211090,XNAS,LULULEMON ATHLETICA
NQX,2024-04,PDD,US7223041028,XNAS,PDD HOLDINGS INC ADS
NQX,2024-04,TMUS,US8725901040,XNAS,T-MOBILE US CMN
NQX,2024-04,TSLA,US88160R1014,XNAS,"TESLA, INC."
NQX,2024-04,DASH,US25809K1051,XNAS,"DOORDASH, INC. CL A"
NQX,2024-04,FTNT,US34959E1091,XNAS,"FORTINET, INC."
NQX,2024-04,INTC,US4581401001,XNAS,INTEL CORP
NQX,2024-04,TEAM,US0494681010,XNAS,ATLASSIAN CLS A CS
NQX,2024-04,ADSK,US0527691069,XNAS,AUTODESK INC
NQX,2024-04,NVDA,US67066G1040,XNAS,NVIDIA CORPORATION
NQX,2024-05,CEG,US21037T1097,XNAS,CONSTELLATION EN CM
NQX,2024-05,CSCO,US17275R1023,XNAS,CISCO SYSTEMS INC.
NQX,2024-05,DLTR,US2567461080,XNAS,DOLLAR TREE INC
NQX,2024-05,ILMN,US4523271090,XNAS,"ILLUMINA, INC."
NQX,2024-05,MDLZ,US6092071058,XNAS,MONDELEZ INTL CMN A
NQX,2024-05,PEP,US7134481081,XNAS,PEPSICO INC
NQX,2024-05,TMUS,US8725901040,XNAS,T-MOBILE US CMN
NQX,2024-05,TTWO,US8740541094,XNAS,TAKE-TWO INTERACTI
NQX,2024-05,VRSK,US92345Y1064,XNAS,VERISK ANALYTICS INC
NQX,2024-06,CTAS,US1729081059,XNAS,CINTAS CORP
NQX,2024-06,EXC,US30161N1019,XNAS,EXELON CORP CMN STK
NQX,2024-06,MCHP,US5950171042,XNAS,MICROCHIP TECHNOLOGY
NQX,2022-08,ADBE,US00724F1012,XNAS,ADOBE INC.
NQX,2022-08,CPRT,US2172041061,XNAS,"COPART, INC."
NQX,2022-08,MCHP,US5950171042,XNAS,MICROCHIP TECHNOLOGY
NQX,2022-08,MDLZ,US6092071058,XNAS,MONDELEZ INTL CMN A
NQX,2024-06,CMCSA,US20030N1019,XNAS,COMCAST CORP A
NQX,2024-06,CRWD,US22788C1053,XNAS,CROWDSTRIKE HLD CM A
NQX,2024-06,LIN,IE000S9YS762,XNAS,LINDE PLC
NQX,2024-06,SBUX,US8552441094,XNAS,STARBUCKS CORP
NQX,2022-08,CTSH,US1924461023,XNAS,COGNIZANT TECH SOL
NQX,2022-08,LULU,US5500211090,XNAS,LULULEMON ATHLETICA
NQX,2022-08,META,US30303M1027,XNAS,"META PLATFORMS, INC."
NQX,2022-08,MTCH,US57667L1070,XNAS,MATCH GROUP CMN
NQX,2022-08,PANW,US6974351057,XNAS,PALO ALTO NTWKS CM
NQX,2022-08,QCOM,US7475251036,XNAS,QUALCOMM INC
NQX,2022-08,VRTX,US92532F1003,XNAS,VERTEX PHARMACEUTIC
NQX,2024-07,TEAM,US0494681010,XNAS,ATLASSIAN CLS A CS
NQX,2025-11,ADBE,US00724F1012,XNAS,ADOBE INC.
NQX,2025-11,AMAT,US0382221051,XNAS,APPLIED MATERIALS
NQX,2025-11,AMD,US0079031078,XNAS,ADV MICRO DEVICES
NQX,2025-11,AMGN,US0311621009,XNAS,AMGEN
NQX,2025-11,APP,US03831W1080,XNAS,APPLOVIN CORP CLA CM
NQX,2025-11,BIIB,US09062X1037,XNAS,BIOGEN INC CMN
NQX,2025-11,BKNG,US09857L1089,XNAS,BOOKING HOLDINGS INC
NQX,2025-11,CDNS,US1273871087,XNAS,CADENCE DESIGN SYS
NQX,2025-11,CEG,US21037T1097,XNAS,CONSTELLATION EN CM
NQX,2025-11,CMCSA,US20030N1019,XNAS,COMCAST CORP A
NQX,2025-11,CSX,US1264081035,XNAS,CSX CORPORATION
NQX,2025-11,CTAS,US1729081059,XNAS,CINTAS CORP
NQX,2025-11,DXCM,US2521311074,XNAS,DEXCOM
NQX,2025-11,LRCX,US5128073062,XNAS,LAM RESEARCH CORP
NQX,2025-11,LULU,US5500211090,XNAS,LULULEMON ATHLETICA
NQX,2025-11,MAR,US5719032022,XNAS,MARRIOTT INT CL A CM
NQX,2025-11,MELI,US58733R1023,XNAS,"MERCADOLIBRE, INC."
NQX,2025-11,MSFT,US5949181045,XNAS,MICROSOFT CORP
NQX,2025-11,NVDA,US67066G1040,XNAS,NVIDIA CORPORATION
NQX,2025-11,PANW,US6974351057,XNAS,PALO ALTO NTWKS CM
NQX,2025-11,PCAR,US6937181088,XNAS,PACCAR INC.
NQX,2025-11,PDD,US7223041028,XNAS,PDD HOLDINGS INC ADS
NQX,2025-11,QCOM,US7475251036,XNAS,QUALCOMM INC
NQX,2025-11,REGN,US75886F1075,XNAS,REGENERON PHARMACEUT
NQX,2025-11,SNPS,US8716071076,XNAS,"SYNOPSYS, INC."
NQX,2025-11,TMUS,US8725901040,XNAS,T-MOBILE US CMN
NQX,2025-11,TRI,CA8849038085,XNAS,THOMSON REUTERS CMN
NQX,2025-11,TSLA,US88160R1014,XNAS,"TESLA, INC."
NQX,2025-11,TTWO,US8740541094,XNAS,TAKE-TWO INTERACTI
NQX,2025-11,VRTX,US92532F1003,XNAS,VERTEX PHARMACEUTIC
NQX,2024-07,SNPS,US8716071076,XNAS,"SYNOPSYS, INC."
NQX,2024-07,WDAY,US98138H1014,XNAS,WORKDAY INC CL A
NQX,2024-08,BIIB,US09062X1037,XNAS,BIOGEN INC CMN
NQX,2024-08,IDXX,US45168D1046,XNAS,IDEXX LABORATORIES
NQX,2024-08,LULU,US5500211090,XNAS,LULULEMON ATHLETICA
NQX,2024-08,MDLZ,US6092071058,XNAS,MONDELEZ INTL CMN A
NQX,2024-08,ROP,US7766961061,XNAS,ROPER TECH CMN
NQX,2024-09,BKR,US05722G1004,XNAS,BAKER HUGHES CO
NQX,2023-12,JD,US47215P1066,XNAS,"JD.COM, INC. ADS"
NQX,2024-09,AMD,US0079031078,XNAS,ADV MICRO DEVICES
NQX,2024-09,LRCX,US5128071082,XNAS,LAM RESEARCH CORP
NQX,2024-09,ODFL,US6795801009,XNAS,OLD DOMINION FREIG
NQX,2024-09,SMCI,US86800U1043,XNAS,SUPER MICRO CMPTR CM
NQX,2024-09,TEAM,US0494681010,XNAS,ATLASSIAN CLS A CS
NQX,2024-10,VRTX,US92532F1003,XNAS,VERTEX PHARMACEUTIC
NQX,2024-10,CTSH,US1924461023,XNAS,COGNIZANT TECH SOL
NQX,2024-10,KLAC,US4824801009,XNAS,KLA CP CMN STK
NQX,2024-10,NVDA,US67066G1040,XNAS,NVIDIA CORPORATION
NQX,2024-11,MRNA,US60770K1079,XNAS,MODERNA INC CS
NQX,2024-11,SMCI,US86800U3023,XNAS,SUPER MICRO CMPTR CM
NQX,2024-11,TEAM,US0494681010,XNAS,ATLASSIAN CLS A CS
NQX,2024-11,EXC,US30161N1019,XNAS,EXELON CORP CMN STK
NQX,2024-11,TSLA,US88160R1014,XNAS,"TESLA, INC."
NQX,2024-11,ARM,US0420682058,XNAS,ARM HOLDINGS PLC ADS
NQX,2024-11,MAR,US5719032022,XNAS,MARRIOTT INT CL A CM
NQX,2024-12,ADI,US0326541051,XNAS,ANALOG DEVICES CMN
NQX,2024-12,PCAR,US6937181088,XNAS,PACCAR INC.
NQX,2024-12,TSLA,US88160R1014,XNAS,"TESLA, INC."
NQX,2024-12,ANSS,US03662Q1058,XNAS,ANSYS INC
NQX,2024-12,ASML,USN070592100,XNAS,ASML HLDG NY REG
NQX,2024-12,AZN,US0463531089,XNAS,ASTRAZENECA PLC ADS
NQX,2024-12,LRCX,US5128073062,XNAS,LAM RESEARCH CORP
NQX,2024-12,PEP,US7134481081,XNAS,PEPSICO INC
NQX,2025-01,META,US30303M1027,XNAS,"META PLATFORMS, INC."
NQX,2025-01,TXN,US8825081040,XNAS,TEXAS INSTRUMENTS
NQX,2025-01,AXON,US05464C1018,XNAS,"AXON ENTERPRISE, INC"
NQX,2025-01,AMAT,US0382221051,XNAS,APPLIED MATERIALS
NQX,2025-02,MSTR,US5949724083,XNAS,MICROSTRATEGY CL A
NQX,2025-02,AVGO,US11135F1012,XNAS,BROADCOM INC.
NQX,2025-02,FAST,US3119001044,XNAS,FASTENAL CO
NQX,2025-02,LIN,IE000S9YS762,XNAS,LINDE PLC
NQX,2025-02,VRTX,US92532F1003,XNAS,VERTEX PHARMACEUTIC
NQX,2025-02,APP,US03831W1080,XNAS,APPLOVIN CORP CLA CM
NQX,2025-02,CDNS,US1273871087,XNAS,CADENCE DESIGN SYS
NQX,2025-02,CEG,US21037T1097,XNAS,CONSTELLATION EN CM
NQX,2022-09,CDNS,US1273871087,XNAS,CADENCE DESIGN SYS
NQX,2022-09,INTU,US4612021034,XNAS,INTUIT INC
NQX,2022-09,ISRG,US46120E6023,XNAS,"INTUITIVE SURG, INC."
NQX,2022-09,ORLY,US67103H1077,XNAS,O'REILLY AUTOMOTIVE
NQX,2022-09,QCOM,US7475251036,XNAS,QUALCOMM INC
NQX,2022-09,TMUS,US8725901040,XNAS,T-MOBILE US CMN
NQX,2022-09,WDAY,US98138H1014,XNAS,WORKDAY INC CL A
NQX,2025-03,BIIB,US09062X1037,XNAS,BIOGEN INC CMN
NQX,2025-03,IDXX,US45168D1046,XNAS,IDEXX LABORATORIES
NQX,2025-03,PLTR,US69608A1088,XNAS,PALANTIR TECH CL A
NQX,2025-03,AEP,US0255371017,XNAS,AMER ELC PWR CO CMN
NQX,2025-03,ASML,USN070592100,XNAS,ASML HLDG NY REG
NQX,2025-03,CHTR,US16119P1084,XNAS,CHARTER COMMUNICATIO
NQX,2025-03,ISRG,US46120E6023,XNAS,"INTUITIVE SURG, INC."
NQX,2025-04,AEP,US0255371017,XNAS,AMER ELC PWR CO CMN
NQX,2025-04,FAST,US3119001044,XNAS,FASTENAL CO
NQX,2025-04,GOOG,US02079K1079,XNAS,ALPHABET CL C CAP
NQX,2025-04,LRCX,US5128073062,XNAS,LAM RESEARCH CORP
NQX,2025-04,MCHP,US5950171042,XNAS,MICROCHIP TECHNOLOGY
NQX,2025-04,DXCM,US2521311074,XNAS,DEXCOM
NQX,2025-04,MSFT,US5949181045,XNAS,MICROSOFT CORP
NQX,2025-04,TMUS,US8725901040,XNAS,T-MOBILE US CMN
NQX,2025-04,CRWD,US22788C1053,XNAS,CROWDSTRIKE HLD CM A
NQX,2025-04,EXC,US30161N1019,XNAS,EXELON CORP CMN STK
NQX,2025-04,ROP,US7766961061,XNAS,ROPER TECH CMN
NQX,2025-05,CPRT,US2172041061,XNAS,"COPART, INC."
NQX,2025-05,ISRG,US46120E6023,XNAS,"INTUITIVE SURG, INC."
NQX,2025-05,NVDA,US67066G1040,XNAS,NVIDIA CORPORATION
NQX,2022-09,BIIB,US09062X1037,XNAS,BIOGEN INC CMN
NQX,2022-09,BKNG,US09857L1089,XNAS,BOOKING HOLDINGS INC
NQX,2022-09,JD,US47215P1066,XNAS,"JD.COM, INC. ADS"
NQX,2022-09,NFLX,US64110L1061,XNAS,"NETFLIX, INC."
NQX,2022-09,VRTX,US92532F1003,XNAS,VERTEX PHARMACEUTIC
NQX,2025-05,CMCSA,US20030N1019,XNAS,COMCAST CORP A
NQX,2025-11,ADI,US0326541051,XNAS,ANALOG DEVICES CMN
NQX,2025-11,ADSK,US0527691069,XNAS,AUTODESK INC
NQX,2025-11,ARM,US0420682058,XNAS,ARM HOLDINGS PLC ADS
NQX,2025-11,AVGO,US11135F1012,XNAS,BROADCOM INC.
NQX,2025-11,AZN,US0463531089,XNAS,ASTRAZENECA PLC ADS
NQX,2025-11,BKR,US05722G1004,XNAS,BAKER HUGHES CO
NQX,2025-11,CCEP,GB00BDCPN049,XNAS,COCA-COLA EUROPACIFI
NQX,2025-11,CPRT,US2172041061,XNAS,"COPART, INC."
NQX,2025-11,CSGP,US22160N1090,XNAS,COSTAR GROUP INC
NQX,2025-11,DASH,US25809K1051,XNAS,"DOORDASH, INC. CL A"
NQX,2025-11,FTNT,US34959E1091,XNAS,"FORTINET, INC."
NQX,2025-11,GEHC,US36266G1076,XNAS,GE HEALTHCARE CM
NQX,2025-11,GILD,US3755581036,XNAS,"GILEAD SCIENCES, INC"
NQX,2025-11,ISRG,US46120E6023,XNAS,"INTUITIVE SURG, INC."
NQX,2025-11,KLAC,US4824801009,XNAS,KLA CP CMN STK
NQX,2025-11,META,US30303M1027,XNAS,"META PLATFORMS, INC."
NQX,2025-11,NFLX,US64110L1061,XNAS,"NETFLIX, INC."
NQX,2025-11,NXPI,NL0009538784,XNAS,NXP SEMICONDUCTORS
NQX,2025-11,PAYX,US7043261079,XNAS,"PAYCHEX, INC."
NQX,2025-11,PLTR,US69608A1088,XNAS,PALANTIR TECH CL A
NQX,2025-11,ROST,US7782961038,XNAS,"ROSS STORES, INC."
NQX,2025-11,TEAM,US0494681010,XNAS,ATLASSIAN CLS A CS
NQX,2025-11,TTD,US88339J1051,XNAS,THE TRADE DESK CL A
NQX,2025-11,VRSK,US92345Y1064,XNAS,VERISK ANALYTICS INC
NQX,2025-11,XEL,US98389B1008,XNAS,XCEL ENERGY CMN
NQX,2025-05,AXON,US05464C1018,XNAS,"AXON ENTERPRISE, INC"
NQX,2025-05,SNPS,US8716071076,XNAS,"SYNOPSYS, INC."
NQX,2025-05,TTD,US88339J1051,XNAS,THE TRADE DESK CL A
NQX,2025-06,AMAT,US0382221051,XNAS,APPLIED MATERIALS
NQX,2025-06,VRTX,US92532F1003,XNAS,VERTEX PHARMACEUTIC
NQX,2025-06,BIIB,US09062X1037,XNAS,BIOGEN INC CMN
NQX,2025-06,CSGP,US22160N1090,XNAS,COSTAR GROUP INC
NQX,2025-06,GFS,KYG393871085,XNAS,GLOBALFOUNDRIES ORD
NQX,2025-06,IDXX,US45168D1046,XNAS,IDEXX LABORATORIES
NQX,2025-06,CTSH,US1924461023,XNAS,COGNIZANT TECH SOL
NQX,2025-06,WDAY,US98138H1014,XNAS,WORKDAY INC CL A
NQX,2025-07,ADBE,US00724F1012,XNAS,ADOBE INC.
NQX,2025-07,AMZN,US0231351067,XNAS,AMAZON.COM INC
NQX,2025-07,MSTR,US5949724083,XNAS,MICROSTRATEGY CL A
NQX,2025-07,PCAR,US6937181088,XNAS,PACCAR INC.
NQX,2025-07,VRSK,US92345Y1064,XNAS,VERISK ANALYTICS INC
NQX,2025-09,ARM,US0420682058,XNAS,ARM HOLDINGS PLC ADS
NQX,2025-09,TTD,US88339J1051,XNAS,THE TRADE DESK CL A
NQX,2025-07,ADP,US0530151036,XNAS,AUTOMATIC DATA PROCS
NQX,2025-07,GFS,KYG393871085,XNAS,GLOBALFOUNDRIES ORD
NQX,2025-07,ORLY,US67103H1077,XNAS,O'REILLY AUTOMOTIVE
NQX,2025-09,CHTR,US16119P1084,XNAS,CHARTER COMMUNICATIO
NQX,2025-09,COST,US22160K1051,XNAS,COSTCO WHOLESALE
NQX,2025-09,AVGO,US11135F1012,XNAS,BROADCOM INC.
NQX,2025-09,PEP,US7134481081,XNAS,PEPSICO INC
NQX,2022-10,ABNB,US0090661010,XNAS,"AIRBNB, INC CL A CMN"
NQX,2022-10,ADP,US0530151036,XNAS,AUTOMATIC DATA PROCS
NQX,2022-10,CSCO,US17275R1023,XNAS,CISCO SYSTEMS INC.
NQX,2022-10,EBAY,US2786421030,XNAS,EBAY INC.
NQX,2022-10,FAST,US3119001044,XNAS,FASTENAL CO
NQX,2022-11,VRTX,US92532F1003,XNAS,VERTEX PHARMACEUTIC
NQX,2022-11,ADI,US0326541051,XNAS,ANALOG DEVICES CMN
NQX,2022-11,CSX,US1264081035,XNAS,CSX CORPORATION
NQX,2022-10,AMZN,US0231351067,XNAS,AMAZON.COM INC
NQX,2022-10,FTNT,US34959E1091,XNAS,"FORTINET, INC."
NQX,2022-11,AVGO,US11135F1012,XNAS,BROADCOM INC.
NQX,2022-11,DLTR,US2567461080,XNAS,DOLLAR TREE INC
NQX,2022-12,CTSH,US1924461023,XNAS,COGNIZANT TECH SOL
NQX,2022-12,DLTR,US2567461080,XNAS,DOLLAR TREE INC
NQX,2022-12,EA,US2855121099,XNAS,ELECTRONIC ARTS INC
NQX,2023-02,BKNG,US09857L1089,XNAS,BOOKING HOLDINGS INC
NQX,2023-02,FISV,US3377381088,XNAS,"FISERV, INC."
NQX,2023-02,INTC,US4581401001,XNAS,INTEL CORP
NQX,2023-02,VRTX,US92532F1003,XNAS,VERTEX PHARMACEUTIC
NQX,2022-12,EBAY,US2786421030,XNAS,EBAY INC.
NQX,2022-12,FISV,US3377381088,XNAS,"FISERV, INC."
NQX,2022-12,NXPI,NL0009538784,XNAS,NXP SEMICONDUCTORS
NQX,2022-12,TMUS,US8725901040,XNAS,T-MOBILE US CMN
NQX,2023-01,ADI,US0326541051,XNAS,ANALOG DEVICES CMN
NQX,2023-01,EBAY,US2786421030,XNAS,EBAY INC.
NQX,2023-01,MRNA,US60770K1079,XNAS,MODERNA INC CS
NQX,2022-12,BIDU,US0567521085,XNAS,"BAIDU, INC"
NQX,2022-12,GOOG,US02079K1079,XNAS,ALPHABET CL C CAP
NQX,2022-12,LULU,US5500211090,XNAS,LULULEMON ATHLETICA
NQX,2022-12,PDD,US7223041028,XNAS,PINDUODUO INC. ADS
NQX,2022-12,SNPS,US8716071076,XNAS,"SYNOPSYS, INC."
NQX,2023-02,AMAT,US0382221051,XNAS,APPLIED MATERIALS
NQX,2023-02,AVGO,US11135F1012,XNAS,BROADCOM INC.
NQX,2023-02,MDLZ,US6092071058,XNAS,MONDELEZ INTL CMN A
NQX,2023-01,AMD,US0079031078,XNAS,ADV MICRO DEVICES
NQX,2023-01,CPRT,US2172041061,XNAS,"COPART, INC."
NQX,2023-01,DLTR,US2567461080,XNAS,DOLLAR TREE INC
NQX,2023-03,COST,US22160K1051,XNAS,COSTCO WHOLESALE
NQX,2023-02,DDOG,US23804L1035,XNAS,DATADOG INC.L A CM
NQX,2023-02,IDXX,US45168D1046,XNAS,IDEXX LABORATORIES
NQX,2022-06,AAPL,US0378331005,XNAS,APPLE INC.
NQX,2022-06,LRCX,US5128071082,XNAS,LAM RESEARCH CORP
NQX,2022-06,SPLK,US8486371045,XNAS,SPLUNK INC.
NQX,2023-02,HON,US4385161066,XNAS,HONEYWELL INTL INC
NQX,2023-02,MU,US5951121038,XNAS,MICRON TECHNOLOGY
NQX,2023-04,AMAT,US0382221051,XNAS,APPLIED MATERIALS
NQX,2023-04,KDP,US49271V1008,XNAS,KEURIG DR PEPPER INC
NQX,2023-04,ODFL,US6795801009,XNAS,OLD DOMINION FREIG
NQX,2023-04,SNPS,US8716071076,XNAS,"SYNOPSYS, INC."
NQX,2023-03,MAR,US5719032022,XNAS,MARRIOTT INT CL A CM
NQX,2023-03,MU,US5951121038,XNAS,MICRON TECHNOLOGY
NQX,2023-03,ADSK,US0527691069,XNAS,AUTODESK INC
NQX,2023-03,CTSH,US1924461023,XNAS,COGNIZANT TECH SOL
NQX,2023-03,EA,US2855121099,XNAS,ELECTRONIC ARTS INC
NQX,2023-03,KLAC,US4824801009,XNAS,KLA CP CMN STK
NQX,2023-03,MNST,US61174X1090,XNAS,MONSTER BEVERAGE CP
NQX,2023-05,ASML,USN070592100,XNAS,ASML HLDG NY REG
NQX,2023-05,KDP,US49271V1008,XNAS,KEURIG DR PEPPER INC
NQX,2023-05,MAR,US5719032022,XNAS,MARRIOTT INT CL A CM
NQX,2022-06,INTC,US4581401001,XNAS,INTEL CORP
NQX,2022-06,MRNA,US60770K1079,XNAS,MODERNA INC CS
NQX,2022-06,PYPL,US70450Y1038,XNAS,PAYPAL HOLDINGS
NQX,2023-04,CTAS,US1729081059,XNAS,CINTAS CORP
NQX,2023-04,PEP,US7134481081,XNAS,PEPSICO INC
NQX,2023-06,AAPL,US0378331005,XNAS,APPLE INC.
NQX,2023-06,CTSH,US1924461023,XNAS,COGNIZANT TECH SOL
NQX,2023-05,AMAT,US0382221051,XNAS,APPLIED MATERIALS
NQX,2023-05,CSCO,US17275R1023,XNAS,CISCO SYSTEMS INC.
NQX,2023-05,TXN,US8825081040,XNAS,TEXAS INSTRUMENTS
NQX,2023-07,ZS,US98980G1022,XNAS,"ZSCALER, INC. CMN"
NQX,2023-06,AMD,US0079031078,XNAS,ADV MICRO DEVICES
NQX,2023-06,CDNS,US1273871087,XNAS,CADENCE DESIGN SYS
NQX,2023-06,EXC,US30161N1019,XNAS,EXELON CORP CMN STK
NQX,2023-06,IDXX,US45168D1046,XNAS,IDEXX LABORATORIES
NQX,2023-06,NFLX,US64110L1061,XNAS,"NETFLIX, INC."
NQX,2023-06,ADSK,US0527691069,XNAS,AUTODESK INC
NQX,2023-06,LCID,US5494981039,XNAS,LUCID GROUP CMN
NQX,2023-06,PDD,US7223041028,XNAS,PDD HOLDINGS INC ADS
NQX,2023-06,ZM,US98980L1017,XNAS,ZOOM VIDEO CMTS CM A
NQX,2023-07,ODFL,US6795801009,XNAS,OLD DOMINION FREIG
NQX,2023-07,REGN,US75886F1075,XNAS,REGENERON PHARMACEUT
NQX,2023-07,ROST,US7782961038,XNAS,"ROSS STORES, INC."
NQX,2023-07,DDOG,US23804L1035,XNAS,DATADOG INC.L A CM
NQX,2023-08,AZN,US0463531089,XNAS,ASTRAZENECA PLC ADS
NQX,2023-08,ON,US6821891057,XNAS,ON SEMICONDUCTOR
NQX,2023-08,PYPL,US70450Y1038,XNAS,PAYPAL HOLDINGS
NQX,2023-08,AMZN,US0231351067,XNAS,AMAZON.COM INC
NQX,2023-08,ENPH,US29355A1079,XNAS,"ENPHASE ENERGY, INC."
NQX,2023-08,ILMN,US4523271090,XNAS,"ILLUMINA, INC."
NQX,2023-08,MSFT,US5949181045,XNAS,MICROSOFT CORP
NQX,2023-10,ADBE,US00724F1012,XNAS,ADOBE INC.
NQX,2023-10,CEG,US21037T1097,XNAS,CONSTELLATION EN CM
NQX,2023-10,CSGP,US22160N1090,XNAS,COSTAR GROUP INC
NQX,2023-10,ON,US6821891057,XNAS,ON SEMICONDUCTOR
NQX,2023-10,VRSK,US92345Y1064,XNAS,VERISK ANALYTICS INC
NQX,2023-09,MSFT,US5949181045,XNAS,MICROSOFT CORP
NQX,2023-09,ON,US6821891057,XNAS,ON SEMICONDUCTOR
NQX,2023-11,ADSK,US0527691069,XNAS,AUTODESK INC
NQX,2023-11,TTD,US88339J1051,XNAS,THE TRADE DESK CL A
NQX,2023-11,VRSK,US92345Y1064,XNAS,VERISK ANALYTICS INC
NQX,2023-10,EXC,US30161N1019,XNAS,EXELON CORP CMN STK
NQX,2023-10,SNPS,US8716071076,XNAS,"SYNOPSYS, INC."
NQX,2023-10,REGN,US75886F1075,XNAS,REGENERON PHARMACEUT
NQX,2022-07,AEP,US0255371017,XNAS,AMER ELC PWR CO CMN
NQX,2022-07,DLTR,US2567461080,XNAS,DOLLAR TREE INC
NQX,2022-07,FISV,US3377381088,XNAS,"FISERV, INC."
NQX,2022-07,VRSK,US92345Y1064,XNAS,VERISK ANALYTICS INC
NQX,2023-12,ALGN,US0162551016,XNAS,ALIGN TECHNOLOGY I
NQX,2023-12,COST,US22160K1051,XNAS,COSTCO WHOLESALE
NQX,2023-12,CSCO,US17275R1023,XNAS,CISCO SYSTEMS INC.
NQX,2023-11,GOOG,US02079K1079,XNAS,ALPHABET CL C CAP
NQX,2023-11,ADBE,US00724F1012,XNAS,ADOBE INC.
NQX,2023-11,AVGO,US11135F1012,XNAS,BROADCOM INC.
NQX,2023-11,HON,US4385161066,XNAS,HONEYWELL INTL INC
NQX,2023-11,INTC,US4581401001,XNAS,INTEL CORP
NQX,2023-12,AVGO,US11135F1012,XNAS,BROADCOM INC.
NQX,2023-12,MRVL,US5738741041,XNAS,MARVELL TECH INC CMN
NQX,2023-12,ASML,USN070592100,XNAS,ASML HLDG NY REG
NQX,2023-12,MSFT,US5949181045,XNAS,MICROSOFT CORP
NQX,2022-07,AMD,US0079031078,XNAS,ADV MICRO DEVICES
NQX,2022-07,AMZN,US0231351067,XNAS,AMAZON.COM INC
NQX,2022-07,FAST,US3119001044,XNAS,FASTENAL CO
NQX,2022-07,IDXX,US45168D1046,XNAS,IDEXX LABORATORIES
NQX,2024-03,AEP,US0255371017,XNAS,AMER ELC PWR CO CMN
NQX,2024-03,AMGN,US0311621009,XNAS,AMGEN
NQX,2024-03,FAST,US3119001044,XNAS,FASTENAL CO
NQX,2024-03,REGN,US75886F1075,XNAS,REGENERON PHARMACEUT
NQX,2024-02,AMGN,US0311621009,XNAS,AMGEN
NQX,2024-02,COST,US22160K1051,XNAS,COSTCO WHOLESALE
NQX,2024-02,WDAY,US98138H1014,XNAS,WORKDAY INC CL A
NQX,2024-02,BKR,US05722G1004,XNAS,BAKER HUGHES CO
NQX,2024-02,FANG,US25278X1090,XNAS,DIAMONDBACK ENERGY
NQX,2024-02,INTC,US4581401001,XNAS,INTEL CORP
NQX,2024-02,TXN,US8825081040,XNAS,TEXAS INSTRUMENTS
NQX,2024-04,ODFL,US6795801009,XNAS,OLD DOMINION FREIG
NQX,2024-04,QCOM,US7475251036,XNAS,QUALCOMM INC
NQX,2024-03,ANSS,US03662Q1058,XNAS,ANSYS INC
NQX,2024-03,NXPI,NL0009538784,XNAS,NXP SEMICONDUCTORS
NQX,2024-03,SBUX,US8552441094,XNAS,STARBUCKS CORP
NQX,2024-05,AAPL,US0378331005,XNAS,APPLE INC.
NQX,2024-04,FAST,US3119001044,XNAS,FASTENAL CO
NQX,2024-04,GOOG,US02079K1079,XNAS,ALPHABET CL C CAP
NQX,2024-04,WBA,US9314271084,XNAS,WALGREENS BTS ALN CM
NQX,2024-06,BKR,US05722G1004,XNAS,BAKER HUGHES CO
NQX,2024-06,CSCO,US17275R1023,XNAS,CISCO SYSTEMS INC.
NQX,2024-06,KLAC,US4824801009,XNAS,KLA CP CMN STK
NQX,2024-05,ROP,US7766961061,XNAS,ROPER TECH CMN
NQX,2024-05,BIIB,US09062X1037,XNAS,BIOGEN INC CMN
NQX,2024-05,CRWD,US22788C1053,XNAS,CROWDSTRIKE HLD CM A
NQX,2024-05,NXPI,NL0009538784,XNAS,NXP SEMICONDUCTORS
NQX,2024-05,TTD,US88339J1051,XNAS,THE TRADE DESK CL A
NQX,2024-07,CTSH,US1924461023,XNAS,COGNIZANT TECH SOL
NQX,2024-07,DLTR,US2567461080,XNAS,DOLLAR TREE INC
NQX,2024-07,HON,US4385161066,XNAS,HONEYWELL INTL INC
NQX,2024-07,INTU,US4612021034,XNAS,INTUIT INC
NQX,2024-07,KHC,US5007541064,XNAS,KRAFT HEINZ CO CMN
NQX,2024-07,MU,US5951121038,XNAS,MICRON TECHNOLOGY
NQX,2024-06,CPRT,US2172041061,XNAS,"COPART, INC."
NQX,2024-06,PEP,US7134481081,XNAS,PEPSICO INC
NQX,2024-06,META,US30303M1027,XNAS,"META PLATFORMS, INC."
NQX,2024-06,WDAY,US98138H1014,XNAS,WORKDAY INC CL A
NQX,2024-07,GFS,KYG393871085,XNAS,GLOBALFOUNDRIES ORD
NQX,2024-07,PYPL,US70450Y1038,XNAS,PAYPAL HOLDINGS
NQX,2024-07,WBD,US9344231041,XNAS,WRNR BRS DS CM WI
NQX,2024-07,CEG,US21037T1097,XNAS,CONSTELLATION EN CM
NQX,2024-07,TMUS,US8725901040,XNAS,T-MOBILE US CMN
NQX,2022-08,ABNB,US0090661010,XNAS,"AIRBNB, INC CL A CMN"
NQX,2022-08,AMGN,US0311621009,XNAS,AMGEN
NQX,2022-08,INTC,US4581401001,XNAS,INTEL CORP
NQX,2022-08,KHC,US5007541064,XNAS,KRAFT HEINZ CO CMN
NQX,2022-08,PCAR,US6937181088,XNAS,PACCAR INC.
NQX,2024-09,CSGP,US22160N1090,XNAS,COSTAR GROUP INC
NQX,2024-09,MNST,US61174X1090,XNAS,MONSTER BEVERAGE CP
NQX,2024-08,GOOGL,US02079K3059,XNAS,ALPHABET CL A CMN
NQX,2024-08,MSFT,US5949181045,XNAS,MICROSOFT CORP
NQX,2024-10,COST,US22160K1051,XNAS,COSTCO WHOLESALE
NQX,2024-10,GILD,US3755581036,XNAS,"GILEAD SCIENCES, INC"
NQX,2024-10,LRCX,US5128073062,XNAS,LAM RESEARCH CORP
NQX,2024-10,VRSK,US92345Y1064,XNAS,VERISK ANALYTICS INC
NQX,2024-08,AMGN,US0311621009,XNAS,AMGEN
NQX,2024-08,BKR,US05722G1004,XNAS,BAKER HUGHES CO
NQX,2024-09,PDD,US7223041028,XNAS,PDD HOLDINGS INC ADS
NQX,2024-11,MDB,US60937P1066,XNAS,"MONGODB, INC CL A CM"
NQX,2024-11,PEP,US7134481081,XNAS,PEPSICO INC
NQX,2024-09,CSX,US1264081035,XNAS,CSX CORPORATION
NQX,2024-09,ROP,US7766961061,XNAS,ROPER TECH CMN
NQX,2022-08,BKNG,US09857L1089,XNAS,BOOKING HOLDINGS INC
NQX,2022-08,DLTR,US2567461080,XNAS,DOLLAR TREE INC
NQX,2022-08,NTES,US64110W1027,XNAS,NETEASE INC ADS
NQX,2022-08,NVDA,US67066G1040,XNAS,NVIDIA CORPORATION
NQX,2024-10,BKR,US05722G1004,XNAS,BAKER HUGHES CO
NQX,2024-10,FANG,US25278X1090,XNAS,DIAMONDBACK ENERGY
NQX,2024-12,CDNS,US1273871087,XNAS,CADENCE DESIGN SYS
NQX,2024-11,AAPL,US0378331005,XNAS,APPLE INC.
NQX,2024-11,ADI,US0326541051,XNAS,ANALOG DEVICES CMN
NQX,2024-11,AMD,US0079031078,XNAS,ADV MICRO DEVICES
NQX,2024-11,ASML,USN070592100,XNAS,ASML HLDG NY REG
NQX,2024-11,AVGO,US11135F1012,XNAS,BROADCOM INC.
NQX,2024-11,COST,US22160K1051,XNAS,COSTCO WHOLESALE
NQX,2024-11,TMUS,US8725901040,XNAS,T-MOBILE US CMN
NQX,2025-01,APP,US03831W1080,XNAS,APPLOVIN CORP CLA CM
NQX,2024-11,BKR,US05722G1004,XNAS,BAKER HUGHES CO
NQX,2024-11,KDP,US49271V1008,XNAS,KEURIG DR PEPPER INC
NQX,2024-11,VRTX,US92532F1003,XNAS,VERTEX PHARMACEUTIC
NQX,2024-12,GILD,US3755581036,XNAS,"GILEAD SCIENCES, INC"
NQX,2024-12,ODFL,US6795801009,XNAS,OLD DOMINION FREIG
NQX,2024-12,VRSK,US92345Y1064,XNAS,VERISK ANALYTICS INC
NQX,2025-02,ADI,US0326541051,XNAS,ANALOG DEVICES CMN
NQX,2025-02,ARM,US0420682058,XNAS,ARM HOLDINGS PLC ADS
NQX,2024-12,SNPS,US8716071076,XNAS,"SYNOPSYS, INC."
NQX,2025-01,CTAS,US1729081059,XNAS,CINTAS CORP
NQX,2025-01,PANW,US6974351057,XNAS,PALO ALTO NTWKS CM
NQX,2025-01,MDLZ,US6092071058,XNAS,MONDELEZ INTL CMN A
NQX,2025-01,TMUS,US8725901040,XNAS,T-MOBILE US CMN
NQX,2025-01,WBD,US9344231041,XNAS,WRNR BRS DS CM WI
NQX,2025-02,AXON,US05464C1018,XNAS,"AXON ENTERPRISE, INC"
NQX,2025-02,CHTR,US16119P1084,XNAS,CHARTER COMMUNICATIO
NQX,2025-02,DASH,US25809K1051,XNAS,"DOORDASH, INC. CL A"
NQX,2025-02,NXPI,NL0009538784,XNAS,NXP SEMICONDUCTORS
NQX,2025-02,ON,US6821891057,XNAS,ON SEMICONDUCTOR
NQX,2025-04,SNPS,US8716071076,XNAS,"SYNOPSYS, INC."
NQX,2025-04,TTWO,US8740541094,XNAS,TAKE-TWO INTERACTI
NQX,2025-03,PYPL,US70450Y1038,XNAS,PAYPAL HOLDINGS
NQX,2025-03,TSLA,US88160R1014,XNAS,"TESLA, INC."
NQX,2025-03,FTNT,US34959E1091,XNAS,"FORTINET, INC."
NQX,2025-03,HON,US4385161066,XNAS,HONEYWELL INTL INC
NQX,2022-09,ADI,US0326541051,XNAS,ANALOG DEVICES CMN
NQX,2025-04,ABNB,US0090661010,XNAS,"AIRBNB, INC CL A CMN"
NQX,2025-04,CMCSA,US20030N1019,XNAS,COMCAST CORP A
NQX,2025-04,PANW,US6974351057,XNAS,PALO ALTO NTWKS CM
NQX,2025-04,REGN,US75886F1075,XNAS,REGENERON PHARMACEUT
NQX,2025-04,IDXX,US45168D1046,XNAS,IDEXX LABORATORIES
NQX,2025-06,ROST,US7782961038,XNAS,"ROSS STORES, INC."
NQX,2025-06,TXN,US8825081040,XNAS,TEXAS INSTRUMENTS
NQX,2025-05,CRWD,US22788C1053,XNAS,CROWDSTRIKE HLD CM A
NQX,2025-05,KHC,US5007541064,XNAS,KRAFT HEINZ CO CMN
NQX,2025-05,ODFL,US6795801009,XNAS,OLD DOMINION FREIG
NQX,2025-07,GILD,US3755581036,XNAS,"GILEAD SCIENCES, INC"
NQX,2025-05,ADI,US0326541051,XNAS,ANALOG DEVICES CMN
NQX,2025-05,BKNG,US09857L1089,XNAS,BOOKING HOLDINGS INC
NQX,2025-05,GILD,US3755581036,XNAS,"GILEAD SCIENCES, INC"
NQX,2025-05,GOOGL,US02079K3059,XNAS,ALPHABET CL A CMN
NQX,2025-06,CSX,US1264081035,XNAS,CSX CORPORATION
NQX,2025-06,MRVL,US5738741041,XNAS,MARVELL TECH INC CMN
NQX,2025-06,ROP,US7766961061,XNAS,ROPER TECH CMN
NQX,2025-06,SNPS,US8716071076,XNAS,"SYNOPSYS, INC."
NQX,2025-09,KHC,US5007541064,XNAS,KRAFT HEINZ CO CMN
NQX,2025-09,MRVL,US5738741041,XNAS,MARVELL TECH INC CMN
NQX,2025-06,ADBE,US00724F1012,XNAS,ADOBE INC.
NQX,2025-06,MCHP,US5950171042,XNAS,MICROCHIP TECHNOLOGY
NQX,2025-06,PDD,US7223041028,XNAS,PDD HOLDINGS INC ADS
NQX,2025-06,REGN,US75886F1075,XNAS,REGENERON PHARMACEUT
NQX,2025-06,WBD,US9344231041,XNAS,WRNR BRS DS CM WI
NQX,2022-09,AMAT,US0382221051,XNAS,APPLIED MATERIALS
NQX,2022-09,ANSS,US03662Q1058,XNAS,ANSYS INC
NQX,2022-09,AVGO,US11135F1012,XNAS,BROADCOM INC.
NQX,2022-09,DOCU,US2561631068,XNAS,"DOCUSIGN, INC. CMN"
NQX,2022-09,MRVL,US5738741041,XNAS,MARVELL TECH INC CMN
NQX,2022-09,TSLA,US88160R1014,XNAS,"TESLA, INC."
NQX,2025-07,ABNB,US0090661010,XNAS,"AIRBNB, INC CL A CMN"
NQX,2025-07,BKR,US05722G1004,XNAS,BAKER HUGHES CO
NQX,2025-07,AEP,US0255371017,XNAS,AMER ELC PWR CO CMN
NQX,2025-07,COST,US22160K1051,XNAS,COSTCO WHOLESALE
NQX,2025-07,FTNT,US34959E1091,XNAS,"FORTINET, INC."
NQX,2025-07,MAR,US5719032022,XNAS,MARRIOTT INT CL A CM
NQX,2025-09,BKNG,US09857L1089,XNAS,BOOKING HOLDINGS INC
NQX,2025-09,CSX,US1264081035,XNAS,CSX CORPORATION
NQX,2025-09,CTAS,US1729081059,XNAS,CINTAS CORP
NQX,2025-09,PDD,US7223041028,XNAS,PDD HOLDINGS INC ADS
NQX,2025-09,REGN,US75886F1075,XNAS,REGENERON PHARMACEUT
NQX,2023-03,BIIB,US09062X1037,XNAS,BIOGEN INC CMN
NQX,2023-03,MRNA,US60770K1079,XNAS,MODERNA INC CS
NQX,2022-11,DXCM,US2521311074,XNAS,DEXCOM
NQX,2022-11,ILMN,US4523271090,XNAS,"ILLUMINA, INC."
NQX,2022-11,SGEN,US81181C1045,XNAS,SEAGEN INC. CMN STK
NQX,2022-10,INTU,US4612021034,XNAS,INTUIT INC
NQX,2022-10,MNST,US61174X1090,XNAS,MONSTER BEVERAGE CP
NQX,2022-11,COST,US22160K1051,XNAS,COSTCO WHOLESALE
NQX,2022-11,WBA,US9314271084,XNAS,WALGREENS BTS ALN CM
NQX,2022-12,MSFT,US5949181045,XNAS,MICROSOFT CORP
NQX,2022-12,VRTX,US92532F1003,XNAS,VERTEX PHARMACEUTIC
NQX,2022-10,AAPL,US0378331005,XNAS,APPLE INC.
NQX,2022-10,MRVL,US5738741041,XNAS,MARVELL TECH INC CMN
NQX,2022-10,NTES,US64110W1027,XNAS,NETEASE INC ADS
NQX,2022-10,ODFL,US6795801009,XNAS,OLD DOMINION FREIG
NQX,2022-10,ZS,US98980G1022,XNAS,"ZSCALER, INC. CMN"
NQX,2023-01,CEG,US21037T1097,XNAS,CONSTELLATION EN CM
NQX,2022-12,CPRT,US2172041061,XNAS,"COPART, INC."
NQX,2022-12,SPLK,US8486371045,XNAS,SPLUNK INC.
NQX,2023-01,MRVL,US5738741041,XNAS,MARVELL TECH INC CMN
NQX,2023-01,TEAM,US0494681010,XNAS,ATLASSIAN CLS A CS
NQX,2023-01,XEL,US98389B1008,XNAS,XCEL ENERGY CMN
NQX,2023-03,ENPH,US29355A1079,XNAS,"ENPHASE ENERGY, INC."
NQX,2023-03,NFLX,US64110L1061,XNAS,"NETFLIX, INC."
NQX,2023-03,RIVN,US76954A1034,XNAS,RIVIAN AUTO CL A CM
NQX,2023-01,DXCM,US2521311074,XNAS,DEXCOM
NQX,2022-07,DXCM,US2521311074,XNAS,DEXCOM
NQX,2022-07,MU,US5951121038,XNAS,MICRON TECHNOLOGY
NQX,2022-07,PAYX,US7043261079,XNAS,"PAYCHEX, INC."
NQX,2022-07,ROST,US7782961038,XNAS,"ROSS STORES, INC."
NQX,2022-07,VRSN,US92343E1029,XNAS,"VERISIGN, INC."
NQX,2023-02,BKR,US05722G1004,XNAS,BAKER HUGHES CO
NQX,2023-02,MSFT,US5949181045,XNAS,MICROSOFT CORP
NQX,2023-02,CPRT,US2172041061,XNAS,"COPART, INC."
NQX,2023-02,WDAY,US98138H1014,XNAS,WORKDAY INC CL A
NQX,2023-04,FAST,US3119001044,XNAS,FASTENAL CO
NQX,2023-03,ABNB,US0090661010,XNAS,"AIRBNB, INC CL A CMN"
NQX,2023-03,ASML,USN070592100,XNAS,ASML HLDG NY REG
NQX,2023-03,DLTR,US2567461080,XNAS,DOLLAR TREE INC
NQX,2023-03,KHC,US5007541064,XNAS,KRAFT HEINZ CO CMN
NQX,2023-05,PYPL,US70450Y1038,XNAS,PAYPAL HOLDINGS
NQX,2023-05,XEL,US98389B1008,XNAS,XCEL ENERGY CMN
NQX,2023-04,CRWD,US22788C1053,XNAS,CROWDSTRIKE HLD CM A
NQX,2023-04,INTC,US4581401001,XNAS,INTEL CORP
NQX,2023-06,EBAY,US2786421030,XNAS,EBAY INC.
NQX,2022-06,CRWD,US22788C1053,XNAS,CROWDSTRIKE HLD CM A
NQX,2022-06,CSX,US1264081035,XNAS,CSX CORPORATION
NQX,2023-04,TSLA,US88160R1014,XNAS,"TESLA, INC."
NQX,2023-04,VRSK,US92345Y1064,XNAS,VERISK ANALYTICS INC
NQX,2023-04,ZM,US98980L1017,XNAS,ZOOM VIDEO CMTS CM A
NQX,2023-05,JD,US47215P1066,XNAS,"JD.COM, INC. ADS"
NQX,2023-07,AEP,US0255371017,XNAS,AMER ELC PWR CO CMN
NQX,2023-07,AMGN,US0311621009,XNAS,AMGEN
NQX,2023-07,CPRT,US2172041061,XNAS,"COPART, INC."
NQX,2023-07,EBAY,US2786421030,XNAS,EBAY INC.
NQX,2023-07,GEHC,US36266G1076,XNAS,GE HEALTHCARE CM
NQX,2023-07,NFLX,US64110L1061,XNAS,"NETFLIX, INC."
NQX,2023-07,SIRI,US82968B1035,XNAS,SIRIUS XM HOLDINGS I
NQX,2023-05,CEG,US21037T1097,XNAS,CONSTELLATION EN CM
NQX,2023-06,BKR,US05722G1004,XNAS,BAKER HUGHES CO
NQX,2023-06,HON,US4385161066,XNAS,HONEYWELL INTL INC
NQX,2023-06,KHC,US5007541064,XNAS,KRAFT HEINZ CO CMN
NQX,2023-06,SGEN,US81181C1045,XNAS,SEAGEN INC. CMN STK
NQX,2022-06,CTAS,US1729081059,XNAS,CINTAS CORP
NQX,2022-06,SBUX,US8552441094,XNAS,STARBUCKS CORP
NQX,2022-06,SGEN,US81181C1045,XNAS,SEAGEN INC. CMN STK
NQX,2023-07,GOOG,US02079K1079,XNAS,ALPHABET CL C CAP
NQX,2023-07,ABNB,US0090661010,XNAS,"AIRBNB, INC CL A CMN"
NQX,2023-07,ATVI,US00507V1098,XNAS,ACTIVISION BLIZZARD
NQX,2023-07,CSGP,US22160N1090,XNAS,COSTAR GROUP INC
NQX,2023-07,INTU,US4612021034,XNAS,INTUIT INC
NQX,2023-09,GEHC,US36266G1076,XNAS,GE HEALTHCARE CM
NQX,2023-09,INTU,US4612021034,XNAS,INTUIT INC
NQX,2023-09,VRTX,US92532F1003,XNAS,VERTEX PHARMACEUTIC
NQX,2023-08,ADBE,US00724F1012,XNAS,ADOBE INC.
NQX,2023-08,TTD,US88339J1051,XNAS,THE TRADE DESK CL A
NQX,2023-10,ADSK,US0527691069,XNAS,AUTODESK INC
NQX,2023-10,FANG,US25278X1090,XNAS,DIAMONDBACK ENERGY
NQX,2023-09,CEG,US21037T1097,XNAS,CONSTELLATION EN CM
NQX,2023-09,DXCM,US2521311074,XNAS,DEXCOM
NQX,2023-11,REGN,US75886F1075,XNAS,REGENERON PHARMACEUT
NQX,2023-10,WDAY,US98138H1014,XNAS,WORKDAY INC CL A
NQX,2023-09,ALGN,US0162551016,XNAS,ALIGN TECHNOLOGY I
NQX,2023-09,CSCO,US17275R1023,XNAS,CISCO SYSTEMS INC.
NQX,2023-09,KDP,US49271V1008,XNAS,KEURIG DR PEPPER INC
NQX,2024-02,CDNS,US1273871087,XNAS,CADENCE DESIGN SYS
NQX,2024-02,CPRT,US2172041061,XNAS,"COPART, INC."
NQX,2024-02,MNST,US61174X1090,XNAS,MONSTER BEVERAGE CP
NQX,2024-02,SNPS,US8716071076,XNAS,"SYNOPSYS, INC."
NQX,2023-12,PYPL,US70450Y1038,XNAS,PAYPAL HOLDINGS
NQX,2023-11,DLTR,US2567461080,XNAS,DOLLAR TREE INC
NQX,2023-11,WDAY,US98138H1014,XNAS,WORKDAY INC CL A
NQX,2023-10,LCID,US5494981039,XNAS,LUCID GROUP CMN
NQX,2023-11,ADI,US0326541051,XNAS,ANALOG DEVICES CMN
NQX,2023-11,BKNG,US09857L1089,XNAS,BOOKING HOLDINGS INC
NQX,2023-11,CSCO,US17275R1023,XNAS,CISCO SYSTEMS INC.
NQX,2023-12,CMCSA,US20030N1019,XNAS,COMCAST CORP A
NQX,2024-02,NVDA,US67066G1040,XNAS,NVIDIA CORPORATION
NQX,2024-02,WBA,US9314271084,XNAS,WALGREENS BTS ALN CM
NQX,2023-12,ADI,US0326541051,XNAS,ANALOG DEVICES CMN
NQX,2023-12,CRWD,US22788C1053,XNAS,CROWDSTRIKE HLD CM A
NQX,2022-07,MSFT,US5949181045,XNAS,MICROSOFT CORP
NQX,2022-07,REGN,US75886F1075,XNAS,REGENERON PHARMACEUT
NQX,2022-07,ZM,US98980L1017,XNAS,ZOOM VIDEO CMTS CM A
NQX,2024-03,BIIB,US09062X1037,XNAS,BIOGEN INC CMN
NQX,2024-03,NVDA,US67066G1040,XNAS,NVIDIA CORPORATION
NQX,2024-02,DASH,US25809K1051,XNAS,"DOORDASH, INC. CL A"
NQX,2024-02,TTWO,US8740541094,XNAS,TAKE-TWO INTERACTI
NQX,2024-04,MCHP,US5950171042,XNAS,MICROCHIP TECHNOLOGY
NQX,2024-04,SIRI,US82968B1035,XNAS,SIRIUS XM HOLDINGS I
NQX,2024-03,GOOG,US02079K1079,XNAS,ALPHABET CL C CAP
NQX,2024-03,ORLY,US67103H1077,XNAS,O'REILLY AUTOMOTIVE
NQX,2022-07,COST,US22160K1051,XNAS,COSTCO WHOLESALE
NQX,2022-07,EA,US2855121099,XNAS,ELECTRONIC ARTS INC
NQX,2022-07,HON,US4385161066,XNAS,HONEYWELL INTL INC
NQX,2022-07,MRVL,US5738741041,XNAS,MARVELL TECH INC CMN
NQX,2022-07,PYPL,US70450Y1038,XNAS,PAYPAL HOLDINGS
NQX,2024-05,ADBE,US00724F1012,XNAS,ADOBE INC.
NQX,2024-05,AMD,US0079031078,XNAS,ADV MICRO DEVICES
NQX,2024-05,CPRT,US2172041061,XNAS,"COPART, INC."
NQX,2024-05,KLAC,US4824801009,XNAS,KLA CP CMN STK
NQX,2024-04,ANSS,US03662Q1058,XNAS,ANSYS INC
NQX,2024-04,ON,US6821891057,XNAS,ON SEMICONDUCTOR
NQX,2024-04,ADP,US0530151036,XNAS,AUTOMATIC DATA PROCS
NQX,2024-04,CCEP,GB00BDCPN049,XNAS,COCA-COLA EUROPACIFI
NQX,2024-04,HON,US4385161066,XNAS,HONEYWELL INTL INC
NQX,2024-06,GOOGL,US02079K3059,XNAS,ALPHABET CL A CMN
NQX,2024-05,HON,US4385161066,XNAS,HONEYWELL INTL INC
NQX,2024-05,REGN,US75886F1075,XNAS,REGENERON PHARMACEUT
NQX,2024-05,INTC,US4581401001,XNAS,INTEL CORP
NQX,2024-05,SNPS,US8716071076,XNAS,"SYNOPSYS, INC."
NQX,2024-05,TXN,US8825081040,XNAS,TEXAS INSTRUMENTS
NQX,2024-05,WDAY,US98138H1014,XNAS,WORKDAY INC CL A
NQX,2024-07,ADBE,US00724F1012,XNAS,ADOBE INC.
NQX,2024-07,CPRT,US2172041061,XNAS,"COPART, INC."
NQX,2024-07,PCAR,US6937181088,XNAS,PACCAR INC.
NQX,2024-06,CDNS,US1273871087,XNAS,CADENCE DESIGN SYS
NQX,2024-06,MDLZ,US6092071058,XNAS,MONDELEZ INTL CMN A
NQX,2024-08,MRNA,US60770K1079,XNAS,MODERNA INC CS
NQX,2024-08,QCOM,US7475251036,XNAS,QUALCOMM INC
NQX,2024-07,CTAS,US1729081059,XNAS,CINTAS CORP
NQX,2024-07,ADP,US0530151036,XNAS,AUTOMATIC DATA PROCS
NQX,2024-07,ASML,USN070592100,XNAS,ASML HLDG NY REG
NQX,2024-07,CSX,US1264081035,XNAS,CSX CORPORATION
NQX,2024-09,AEP,US0255371017,XNAS,AMER ELC PWR CO CMN
NQX,2024-09,KLAC,US4824801009,XNAS,KLA CP CMN STK
NQX,2024-09,NVDA,US67066G1040,XNAS,NVIDIA CORPORATION
NQX,2024-08,CSX,US1264081035,XNAS,CSX CORPORATION
NQX,2024-08,INTU,US4612021034,XNAS,INTUIT INC
NQX,2024-08,TXN,US8825081040,XNAS,TEXAS INSTRUMENTS
NQX,2024-10,CHTR,US16119P1084,XNAS,CHARTER COMMUNICATIO
NQX,2024-10,CPRT,US2172041061,XNAS,"COPART, INC."
NQX,2024-10,ON,US6821891057,XNAS,ON SEMICONDUCTOR
NQX,2024-08,ADP,US0530151036,XNAS,AUTOMATIC DATA PROCS
NQX,2024-08,ANSS,US03662Q1058,XNAS,ANSYS INC
NQX,2024-08,MRVL,US5738741041,XNAS,MARVELL TECH INC CMN
NQX,2022-08,FISV,US3377381088,XNAS,"FISERV, INC."
NQX,2022-08,OKTA,US6792951054,XNAS,"OKTA, INC. CL A CM"
NQX,2024-09,CSCO,US17275R1023,XNAS,CISCO SYSTEMS INC.
NQX,2024-11,CEG,US21037T1097,XNAS,CONSTELLATION EN CM
NQX,2024-11,GILD,US3755581036,XNAS,"GILEAD SCIENCES, INC"
NQX,2024-10,CEG,US21037T1097,XNAS,CONSTELLATION EN CM
NQX,2024-10,AMGN,US0311621009,XNAS,AMGEN
NQX,2024-10,CSGP,US22160N1090,XNAS,COSTAR GROUP INC
NQX,2024-11,DXCM,US2521311074,XNAS,DEXCOM
NQX,2024-11,ROP,US7766961061,XNAS,ROPER TECH CMN
NQX,2024-11,TTD,US88339J1051,XNAS,THE TRADE DESK CL A
NQX,2024-12,KDP,US49271V1008,XNAS,KEURIG DR PEPPER INC
NQX,2024-12,TEAM,US0494681010,XNAS,ATLASSIAN CLS A CS
NQX,2024-11,ABNB,US0090661010,XNAS,"AIRBNB, INC CL A CMN"
NQX,2024-11,CRWD,US22788C1053,XNAS,CROWDSTRIKE HLD CM A
NQX,2024-11,IDXX,US45168D1046,XNAS,IDEXX LABORATORIES
NQX,2025-01,ISRG,US46120E6023,XNAS,"INTUITIVE SURG, INC."
NQX,2022-08,AVGO,US11135F1012,XNAS,BROADCOM INC.
NQX,2022-08,LRCX,US5128071082,XNAS,LAM RESEARCH CORP
NQX,2022-08,TXN,US8825081040,XNAS,TEXAS INSTRUMENTS
NQX,2025-02,GOOGL,US02079K3059,XNAS,ALPHABET CL A CMN
NQX,2025-02,REGN,US75886F1075,XNAS,REGENERON PHARMACEUT
NQX,2024-12,CRWD,US22788C1053,XNAS,CROWDSTRIKE HLD CM A
NQX,2025-02,ADBE,US00724F1012,XNAS,ADOBE INC.
NQX,2025-03,CSCO,US17275R1023,XNAS,CISCO SYSTEMS INC.
NQX,2025-03,GOOGL,US02079K3059,XNAS,ALPHABET CL A CMN
NQX,2025-03,INTU,US4612021034,XNAS,INTUIT INC
NQX,2025-03,SBUX,US8552441094,XNAS,STARBUCKS CORP
NQX,2025-03,ADSK,US0527691069,XNAS,AUTODESK INC
NQX,2025-03,AMGN,US0311621009,XNAS,AMGEN
NQX,2025-03,TEAM,US0494681010,XNAS,ATLASSIAN CLS A CS
NQX,2025-02,CSX,US1264081035,XNAS,CSX CORPORATION
NQX,2025-02,GFS,KYG393871085,XNAS,GLOBALFOUNDRIES ORD
NQX,2025-02,NVDA,US67066G1040,XNAS,NVIDIA CORPORATION
NQX,2025-04,PAYX,US7043261079,XNAS,"PAYCHEX, INC."
NQX,2025-04,AMZN,US0231351067,XNAS,AMAZON.COM INC
NQX,2025-04,TEAM,US0494681010,XNAS,ATLASSIAN CLS A CS
NQX,2025-05,FANG,US25278X1090,XNAS,DIAMONDBACK ENERGY
NQX,2025-03,AMAT,US0382221051,XNAS,APPLIED MATERIALS
NQX,2025-03,CCEP,GB00BDCPN049,XNAS,COCA-COLA EUROPACIFI
NQX,2025-03,CDW,US12514G1085,XNAS,CDW CORPORATION
NQX,2025-04,AAPL,US0378331005,XNAS,APPLE INC.
NQX,2025-04,CEG,US21037T1097,XNAS,CONSTELLATION EN CM
NQX,2025-05,INTC,US4581401001,XNAS,INTEL CORP
NQX,2025-05,MSTR,US5949724083,XNAS,MICROSTRATEGY CL A
NQX,2025-06,AXON,US05464C1018,XNAS,"AXON ENTERPRISE, INC"
NQX,2025-06,GOOG,US02079K1079,XNAS,ALPHABET CL C CAP
NQX,2025-05,AAPL,US0378331005,XNAS,APPLE INC.
NQX,2025-05,CDW,US12514G1085,XNAS,CDW CORPORATION
NQX,2025-05,COST,US22160K1051,XNAS,COSTCO WHOLESALE
NQX,2025-05,CTAS,US1729081059,XNAS,CINTAS CORP
NQX,2025-05,DASH,US25809K1051,XNAS,"DOORDASH, INC. CL A"
NQX,2025-06,AZN,US0463531089,XNAS,ASTRAZENECA PLC ADS
NQX,2025-06,PLTR,US69608A1088,XNAS,PALANTIR TECH CL A
NQX,2025-07,REGN,US75886F1075,XNAS,REGENERON PHARMACEUT
NQX,2022-09,ADBE,US00724F1012,XNAS,ADOBE INC.
NQX,2022-09,ASML,USN070592100,XNAS,ASML HLDG NY REG
NQX,2022-09,KDP,US49271V1008,XNAS,KEURIG DR PEPPER INC
NQX,2022-09,MNST,US61174X1090,XNAS,MONSTER BEVERAGE CP
NQX,2022-09,PANW,US6974351057,XNAS,PALO ALTO NTWKS CM
NQX,2025-07,CDNS,US1273871087,XNAS,CADENCE DESIGN SYS
NQX,2025-07,SBUX,US8552441094,XNAS,STARBUCKS CORP
NQX,2025-06,VRSK,US92345Y1064,XNAS,VERISK ANALYTICS INC
NQX,2025-09,CMCSA,US20030N1019,XNAS,COMCAST CORP A
NQX,2025-09,GOOG,US02079K1079,XNAS,ALPHABET CL C CAP
NQX,2025-09,DXCM,US2521311074,XNAS,DEXCOM
NQX,2025-07,MCHP,US5950171042,XNAS,MICROCHIP TECHNOLOGY
NQX,2022-09,CTAS,US1729081059,XNAS,CINTAS CORP
NQX,2022-09,CTSH,US1924461023,XNAS,COGNIZANT TECH SOL
NQX,2022-09,EXC,US30161N1019,XNAS,EXELON CORP CMN STK
NQX,2022-09,MELI,US58733R1023,XNAS,"MERCADOLIBRE, INC."
NQX,2022-09,SGEN,US81181C1045,XNAS,SEAGEN INC. CMN STK
NQX,2022-11,MSFT,US5949181045,XNAS,MICROSOFT CORP
NQX,2022-11,KDP,US49271V1008,XNAS,KEURIG DR PEPPER INC
NQX,2022-11,ZS,US98980G1022,XNAS,"ZSCALER, INC. CMN"
NQX,2022-11,LRCX,US5128071082,XNAS,LAM RESEARCH CORP
NQX,2022-11,PCAR,US6937181088,XNAS,PACCAR INC.
NQX,2022-10,FISV,US3377381088,XNAS,"FISERV, INC."
NQX,2022-10,ISRG,US46120E6023,XNAS,"INTUITIVE SURG, INC."
NQX,2022-10,PCAR,US6937181088,XNAS,PACCAR INC.
NQX,2022-10,SWKS,US83088M1027,XNAS,SKYWORKS SOLUTIONS
NQX,2022-12,DXCM,US2521311074,XNAS,DEXCOM
NQX,2023-01,TXN,US8825081040,XNAS,TEXAS INSTRUMENTS
NQX,2022-12,ADP,US0530151036,XNAS,AUTOMATIC DATA PROCS
NQX,2022-12,AMAT,US0382221051,XNAS,APPLIED MATERIALS
NQX,2022-10,LRCX,US5128071082,XNAS,LAM RESEARCH CORP
NQX,2023-02,TXN,US8825081040,XNAS,TEXAS INSTRUMENTS
NQX,2023-02,ZS,US98980G1022,XNAS,"ZSCALER, INC. CMN"
NQX,2023-01,CTSH,US1924461023,XNAS,COGNIZANT TECH SOL
NQX,2023-03,REGN,US75886F1075,XNAS,REGENERON PHARMACEUT
NQX,2023-02,ASML,USN070592100,XNAS,ASML HLDG NY REG
NQX,2023-02,CTSH,US1924461023,XNAS,COGNIZANT TECH SOL
NQX,2023-02,META,US30303M1027,XNAS,"META PLATFORMS, INC."
NQX,2023-02,NVDA,US67066G1040,XNAS,NVIDIA CORPORATION
NQX,2023-02,SNPS,US8716071076,XNAS,"SYNOPSYS, INC."
NQX,2023-03,NVDA,US67066G1040,XNAS,NVIDIA CORPORATION
NQX,2023-04,DXCM,US2521311074,XNAS,DEXCOM
NQX,2023-04,TMUS,US8725901040,XNAS,T-MOBILE US CMN
NQX,2023-03,AEP,US0255371017,XNAS,AMER ELC PWR CO CMN
NQX,2023-03,CSCO,US17275R1023,XNAS,CISCO SYSTEMS INC.
NQX,2023-03,GOOGL,US02079K3059,XNAS,ALPHABET CL A CMN
NQX,2023-03,TSLA,US88160R1014,XNAS,"TESLA, INC."
NQX,2023-05,ATVI,US00507V1098,XNAS,ACTIVISION BLIZZARD
NQX,2023-04,FANG,US25278X1090,XNAS,DIAMONDBACK ENERGY
NQX,2023-04,SIRI,US82968B1035,XNAS,SIRIUS XM HOLDINGS I
NQX,2023-04,CSGP,US22160N1090,XNAS,COSTAR GROUP INC
NQX,2023-04,TXN,US8825081040,XNAS,TEXAS INSTRUMENTS
NQX,2023-05,BIIB,US09062X1037,XNAS,BIOGEN INC CMN
NQX,2023-05,DLTR,US2567461080,XNAS,DOLLAR TREE INC
NQX,2023-05,KHC,US5007541064,XNAS,KRAFT HEINZ CO CMN
NQX,2023-05,MRNA,US60770K1079,XNAS,MODERNA INC CS
NQX,2023-05,PAYX,US7043261079,XNAS,"PAYCHEX, INC."
NQX,2023-05,BKNG,US09857L1089,XNAS,BOOKING HOLDINGS INC
NQX,2023-05,ORLY,US67103H1077,XNAS,O'REILLY AUTOMOTIVE
NQX,2023-05,ZS,US98980G1022,XNAS,"ZSCALER, INC. CMN"
NQX,2023-07,MAR,US5719032022,XNAS,MARRIOTT INT CL A CM
NQX,2023-07,MCHP,US5950171042,XNAS,MICROCHIP TECHNOLOGY
NQX,2023-07,PEP,US7134481081,XNAS,PEPSICO INC
NQX,2023-06,MELI,US58733R1023,XNAS,"MERCADOLIBRE, INC."
NQX,2023-06,GOOG,US02079K1079,XNAS,ALPHABET CL C CAP
NQX,2023-06,WBA,US9314271084,XNAS,WALGREENS BTS ALN CM
NQX,2023-08,DDOG,US23804L1035,XNAS,DATADOG INC.L A CM
NQX,2023-08,LCID,US5494981039,XNAS,LUCID GROUP CMN
NQX,2023-08,TMUS,US8725901040,XNAS,T-MOBILE US CMN
NQX,2023-07,AMD,US0079031078,XNAS,ADV MICRO DEVICES
NQX,2023-07,AVGO,US11135F1012,XNAS,BROADCOM INC.
NQX,2023-07,PDD,US7223041028,XNAS,PDD HOLDINGS INC ADS
NQX,2023-07,SGEN,US81181C1045,XNAS,SEAGEN INC. CMN STK
NQX,2023-07,EXC,US30161N1019,XNAS,EXELON CORP CMN STK
NQX,2023-07,JD,US47215P1066,XNAS,"JD.COM, INC. ADS"
NQX,2023-07,ON,US6821891057,XNAS,ON SEMICONDUCTOR
NQX,2023-09,CSGP,US22160N1090,XNAS,COSTAR GROUP INC
NQX,2023-09,PDD,US7223041028,XNAS,PDD HOLDINGS INC ADS
NQX,2023-08,ANSS,US03662Q1058,XNAS,ANSYS INC
NQX,2023-08,CTAS,US1729081059,XNAS,CINTAS CORP
NQX,2023-08,BIIB,US09062X1037,XNAS,BIOGEN INC CMN
NQX,2023-08,MRNA,US60770K1079,XNAS,MODERNA INC CS
NQX,2023-08,XEL,US98389B1008,XNAS,XCEL ENERGY CMN
NQX,2023-10,AZN,US0463531089,XNAS,ASTRAZENECA PLC ADS
NQX,2023-09,TTD,US88339J1051,XNAS,THE TRADE DESK CL A
NQX,2023-09,ASML,USN070592100,XNAS,ASML HLDG NY REG
NQX,2023-09,MCHP,US5950171042,XNAS,MICROCHIP TECHNOLOGY
NQX,2023-11,KHC,US5007541064,XNAS,KRAFT HEINZ CO CMN
NQX,2023-11,MDLZ,US6092071058,XNAS,MONDELEZ INTL CMN A
NQX,2023-10,CDNS,US1273871087,XNAS,CADENCE DESIGN SYS
NQX,2023-10,ENPH,US29355A1079,XNAS,"ENPHASE ENERGY, INC."
NQX,2023-10,WBD,US9344231041,XNAS,WRNR BRS DS CM WI
NQX,2023-12,GEHC,US36266G1076,XNAS,GE HEALTHCARE CM
NQX,2023-12,ROST,US7782961038,XNAS,"ROSS STORES, INC."
NQX,2023-11,PDD,US7223041028,XNAS,PDD HOLDINGS INC ADS
NQX,2023-11,SBUX,US8552441094,XNAS,STARBUCKS CORP
NQX,2023-12,AEP,US0255371017,XNAS,AMER ELC PWR CO CMN
NQX,2023-12,PDD,US7223041028,XNAS,PDD HOLDINGS INC ADS
NQX,2023-11,PANW,US6974351057,XNAS,PALO ALTO NTWKS CM
NQX,2023-11,TMUS,US8725901040,XNAS,T-MOBILE US CMN
NQX,2024-02,ADI,US0326541051,XNAS,ANALOG DEVICES CMN
NQX,2024-02,AMZN,US0231351067,XNAS,AMAZON.COM INC
NQX,2024-02,GOOGL,US02079K3059,XNAS,ALPHABET CL A CMN
NQX,2024-02,LULU,US5500211090,XNAS,LULULEMON ATHLETICA
NQX,2024-02,PAYX,US7043261079,XNAS,"PAYCHEX, INC."
NQX,2024-02,XEL,US98389B1008,XNAS,XCEL ENERGY CMN
NQX,2023-12,CTSH,US1924461023,XNAS,COGNIZANT TECH SOL
NQX,2023-12,FANG,US25278X1090,XNAS,DIAMONDBACK ENERGY
NQX,2023-12,GFS,KYG393871085,XNAS,GLOBALFOUNDRIES ORD
NQX,2023-12,SIRI,US82968B1035,XNAS,SIRIUS XM HOLDINGS I
NQX,2024-03,ADSK,US0527691069,XNAS,AUTODESK INC
NQX,2024-02,HON,US4385161066,XNAS,HONEYWELL INTL INC
NQX,2024-02,MDB,US60937P1066,XNAS,"MONGODB, INC CL A CM"
NQX,2024-02,PANW,US6974351057,XNAS,PALO ALTO NTWKS CM
NQX,2024-04,PAYX,US7043261079,XNAS,"PAYCHEX, INC."
NQX,2024-02,CHTR,US16119P1084,XNAS,CHARTER COMMUNICATIO
NQX,2024-02,CMCSA,US20030N1019,XNAS,COMCAST CORP A
NQX,2024-03,HON,US4385161066,XNAS,HONEYWELL INTL INC
NQX,2024-05,BKNG,US09857L1089,XNAS,BOOKING HOLDINGS INC
NQX,2024-03,CDW,US12514G1085,XNAS,CDW CORPORATION
NQX,2024-03,CMCSA,US20030N1019,XNAS,COMCAST CORP A
NQX,2024-03,EA,US2855121099,XNAS,ELECTRONIC ARTS INC
NQX,2024-03,GFS,KYG393871085,XNAS,GLOBALFOUNDRIES ORD
NQX,2024-04,AZN,US0463531089,XNAS,ASTRAZENECA PLC ADS
NQX,2024-04,KLAC,US4824801009,XNAS,KLA CP CMN STK
NQX,2024-04,MRNA,US60770K1079,XNAS,MODERNA INC CS
NQX,2024-04,PEP,US7134481081,XNAS,PEPSICO INC
NQX,2024-05,PDD,US7223041028,XNAS,PDD HOLDINGS INC ADS
NQX,2024-07,ADSK,US0527691069,XNAS,AUTODESK INC
NQX,2024-07,DASH,US25809K1051,XNAS,"DOORDASH, INC. CL A"
NQX,2024-07,LIN,IE000S9YS762,XNAS,LINDE PLC
NQX,2024-07,ZS,US98980G1022,XNAS,"ZSCALER, INC. CMN"
NQX,2024-05,ORLY,US67103H1077,XNAS,O'REILLY AUTOMOTIVE
NQX,2024-03,AVGO,US11135F1012,XNAS,BROADCOM INC.
NQX,2024-03,GILD,US3755581036,XNAS,"GILEAD SCIENCES, INC"
NQX,2024-06,BKNG,US09857L1089,XNAS,BOOKING HOLDINGS INC
NQX,2024-06,ISRG,US46120E6023,XNAS,"INTUITIVE SURG, INC."
NQX,2024-06,KHC,US5007541064,XNAS,KRAFT HEINZ CO CMN
NQX,2024-06,MNST,US61174X1090,XNAS,MONSTER BEVERAGE CP
NQX,2024-06,AVGO,US11135F1012,XNAS,BROADCOM INC.
NQX,2024-06,CSX,US1264081035,XNAS,CSX CORPORATION
NQX,2024-06,TEAM,US0494681010,XNAS,ATLASSIAN CLS A CS
NQX,2024-06,WBA,US9314271084,XNAS,WALGREENS BTS ALN CM
NQX,2024-08,ASML,USN070592100,XNAS,ASML HLDG NY REG
NQX,2024-08,CEG,US21037T1097,XNAS,CONSTELLATION EN CM
NQX,2024-08,DASH,US25809K1051,XNAS,"DOORDASH, INC. CL A"
NQX,2024-08,META,US30303M1027,XNAS,"META PLATFORMS, INC."
NQX,2024-07,KDP,US49271V1008,XNAS,KEURIG DR PEPPER INC
NQX,2024-09,ADSK,US0527691069,XNAS,AUTODESK INC
NQX,2024-08,AAPL,US0378331005,XNAS,APPLE INC.
NQX,2024-08,ADBE,US00724F1012,XNAS,ADOBE INC.
NQX,2024-10,CTAS,US1729081059,XNAS,CINTAS CORP
NQX,2024-10,INTU,US4612021034,XNAS,INTUIT INC
NQX,2024-10,MRVL,US5738741041,XNAS,MARVELL TECH INC CMN
NQX,2024-10,MU,US5951121038,XNAS,MICRON TECHNOLOGY
NQX,2024-08,ORLY,US67103H1077,XNAS,O'REILLY AUTOMOTIVE
NQX,2024-09,CRWD,US22788C1053,XNAS,CROWDSTRIKE HLD CM A
NQX,2024-09,MRVL,US5738741041,XNAS,MARVELL TECH INC CMN
NQX,2024-09,SNPS,US8716071076,XNAS,"SYNOPSYS, INC."
NQX,2024-09,ABNB,US0090661010,XNAS,"AIRBNB, INC CL A CMN"
NQX,2024-09,AVGO,US11135F1012,XNAS,BROADCOM INC.
NQX,2024-09,CMCSA,US20030N1019,XNAS,COMCAST CORP A
NQX,2024-09,KDP,US49271V1008,XNAS,KEURIG DR PEPPER INC
NQX,2024-10,BIIB,US09062X1037,XNAS,BIOGEN INC CMN
NQX,2024-10,ILMN,US4523271090,XNAS,"ILLUMINA, INC."
NQX,2024-12,AMZN,US0231351067,XNAS,AMAZON.COM INC
NQX,2024-12,KHC,US5007541064,XNAS,KRAFT HEINZ CO CMN
NQX,2024-12,ON,US6821891057,XNAS,ON SEMICONDUCTOR
NQX,2024-10,DDOG,US23804L1035,XNAS,DATADOG INC.L A CM
NQX,2024-10,EA,US2855121099,XNAS,ELECTRONIC ARTS INC
NQX,2024-11,CPRT,US2172041061,XNAS,"COPART, INC."
NQX,2024-11,GEHC,US36266G1076,XNAS,GE HEALTHCARE CM
NQX,2024-11,GFS,KYG393871085,XNAS,GLOBALFOUNDRIES ORD
NQX,2024-11,ADP,US0530151036,XNAS,AUTOMATIC DATA PROCS
NQX,2024-11,QCOM,US7475251036,XNAS,QUALCOMM INC
NQX,2024-12,ADBE,US00724F1012,XNAS,ADOBE INC.
NQX,2024-12,CMCSA,US20030N1019,XNAS,COMCAST CORP A
NQX,2024-12,MAR,US5719032022,XNAS,MARRIOTT INT CL A CM
NQX,2024-12,ILMN,US4523271090,XNAS,"ILLUMINA, INC."
NQX,2025-01,GOOGL,US02079K3059,XNAS,ALPHABET CL A CMN
NQX,2025-01,PYPL,US70450Y1038,XNAS,PAYPAL HOLDINGS
NQX,2025-01,ADBE,US00724F1012,XNAS,ADOBE INC.
NQX,2025-01,BKR,US05722G1004,XNAS,BAKER HUGHES CO
NQX,2025-01,GILD,US3755581036,XNAS,"GILEAD SCIENCES, INC"
NQX,2025-01,ORLY,US67103H1077,XNAS,O'REILLY AUTOMOTIVE
NQX,2025-02,CPRT,US2172041061,XNAS,"COPART, INC."
NQX,2025-02,DDOG,US23804L1035,XNAS,DATADOG INC.L A CM
NQX,2025-02,SNPS,US8716071076,XNAS,"SYNOPSYS, INC."
NQX,2025-03,ARM,US0420682058,XNAS,ARM HOLDINGS PLC ADS
NQX,2025-03,ORLY,US67103H1077,XNAS,O'REILLY AUTOMOTIVE
NQX,2025-03,ROP,US7766961061,XNAS,ROPER TECH CMN
NQX,2025-04,FANG,US25278X1090,XNAS,DIAMONDBACK ENERGY
NQX,2025-04,XEL,US98389B1008,XNAS,XCEL ENERGY CMN
NQX,2025-05,ABNB,US0090661010,XNAS,"AIRBNB, INC CL A CMN"
NQX,2025-06,ADSK,US0527691069,XNAS,AUTODESK INC
NQX,2025-06,APP,US03831W1080,XNAS,APPLOVIN CORP CLA CM
NQX,2025-06,GILD,US3755581036,XNAS,"GILEAD SCIENCES, INC"
NQX,2025-07,ARM,US0420682058,XNAS,ARM HOLDINGS PLC ADS
NQX,2025-07,CRWD,US22788C1053,XNAS,CROWDSTRIKE HLD CM A
NQX,2025-07,PEP,US7134481081,XNAS,PEPSICO INC
NQX,2022-11,HON,US4385161066,XNAS,HONEYWELL INTL INC
NQX,2023-01,ASML,USN070592100,XNAS,ASML HLDG NY REG
NQX,2023-01,INTC,US4581401001,XNAS,INTEL CORP
NQX,2023-01,TSLA,US88160R1014,XNAS,"TESLA, INC."
NQX,2023-01,ZS,US98980G1022,XNAS,"ZSCALER, INC. CMN"
NQX,2023-02,ADI,US0326541051,XNAS,ANALOG DEVICES CMN
NQX,2023-02,EA,US2855121099,XNAS,ELECTRONIC ARTS INC
NQX,2023-02,MRVL,US5738741041,XNAS,MARVELL TECH INC CMN
NQX,2023-03,ILMN,US4523271090,XNAS,"ILLUMINA, INC."
NQX,2023-03,MCHP,US5950171042,XNAS,MICROCHIP TECHNOLOGY
NQX,2023-03,NXPI,NL0009538784,XNAS,NXP SEMICONDUCTORS
NQX,2023-04,MCHP,US5950171042,XNAS,MICROCHIP TECHNOLOGY
NQX,2023-05,ADP,US0530151036,XNAS,AUTOMATIC DATA PROCS
NQX,2023-05,CTSH,US1924461023,XNAS,COGNIZANT TECH SOL
NQX,2023-05,TEAM,US0494681010,XNAS,ATLASSIAN CLS A CS
NQX,2023-06,CMCSA,US20030N1019,XNAS,COMCAST CORP A
NQX,2023-07,XEL,US98389B1008,XNAS,XCEL ENERGY CMN
NQX,2023-08,ADI,US0326541051,XNAS,ANALOG DEVICES CMN
NQX,2023-09,IDXX,US45168D1046,XNAS,IDEXX LABORATORIES
NQX,2023-10,ADI,US0326541051,XNAS,ANALOG DEVICES CMN
NQX,2023-10,EA,US2855121099,XNAS,ELECTRONIC ARTS INC
NQX,2023-10,PAYX,US7043261079,XNAS,"PAYCHEX, INC."
NQX,2023-11,CDNS,US1273871087,XNAS,CADENCE DESIGN SYS
NQX,2023-11,COST,US22160K1051,XNAS,COSTCO WHOLESALE
NQX,2024-02,ASML,USN070592100,XNAS,ASML HLDG NY REG
NQX,2024-03,CCEP,GB00BDCPN049,XNAS,COCA-COLA EUROPACIFI
NQX,2024-03,COST,US22160K1051,XNAS,COSTCO WHOLESALE
NQX,2024-03,INTC,US4581401001,XNAS,INTEL CORP
NQX,2024-03,XEL,US98389B1008,XNAS,XCEL ENERGY CMN
NQX,2024-04,ASML,USN070592100,XNAS,ASML HLDG NY REG
NQX,2024-05,KHC,US5007541064,XNAS,KRAFT HEINZ CO CMN
NQX,2024-05,PCAR,US6937181088,XNAS,PACCAR INC.
NQX,2024-06,LRCX,US5128071082,XNAS,LAM RESEARCH CORP
NQX,2024-06,ORLY,US67103H1077,XNAS,O'REILLY AUTOMOTIVE
NQX,2024-07,AMGN,US0311621009,XNAS,AMGEN
NQX,2024-07,MDB,US60937P1066,XNAS,"MONGODB, INC CL A CM"
NQX,2024-07,MSFT,US5949181045,XNAS,MICROSOFT CORP
NQX,2024-07,NFLX,US64110L1061,XNAS,"NETFLIX, INC."
NQX,2024-08,MAR,US5719032022,XNAS,MARRIOTT INT CL A CM
NQX,2024-10,ARM,US0420682058,XNAS,ARM HOLDINGS PLC ADS
NQX,2024-10,GOOG,US02079K1079,XNAS,ALPHABET CL C CAP
NQX,2024-12,ABNB,US0090661010,XNAS,"AIRBNB, INC CL A CMN"
NQX,2024-12,GEHC,US36266G1076,XNAS,GE HEALTHCARE CM
NQX,2024-12,IDXX,US45168D1046,XNAS,IDEXX LABORATORIES
NQX,2024-12,KLAC,US4824801009,XNAS,KLA CP CMN STK
NQX,2024-12,SMCI,US86800U3023,XNAS,SUPER MICRO CMPTR CM
NQX,2024-12,TTWO,US8740541094,XNAS,TAKE-TWO INTERACTI
NQX,2025-01,MRVL,US5738741041,XNAS,MARVELL TECH INC CMN
NQX,2025-01,SBUX,US8552441094,XNAS,STARBUCKS CORP
NQX,2025-01,VRSK,US92345Y1064,XNAS,VERISK ANALYTICS INC
NQX,2025-01,WDAY,US98138H1014,XNAS,WORKDAY INC CL A
NQX,2025-02,SBUX,US8552441094,XNAS,STARBUCKS CORP
NQX,2025-03,GILD,US3755581036,XNAS,"GILEAD SCIENCES, INC"
NQX,2025-03,MU,US5951121038,XNAS,MICRON TECHNOLOGY
NQX,2025-04,CTAS,US1729081059,XNAS,CINTAS CORP
NQX,2025-04,FTNT,US34959E1091,XNAS,"FORTINET, INC."
NQX,2025-04,KHC,US5007541064,XNAS,KRAFT HEINZ CO CMN
NQX,2025-04,ON,US6821891057,XNAS,ON SEMICONDUCTOR
NQX,2025-04,WBD,US9344231041,XNAS,WRNR BRS DS CM WI
NQX,2025-05,AMZN,US0231351067,XNAS,AMAZON.COM INC
NQX,2025-05,CDNS,US1273871087,XNAS,CADENCE DESIGN SYS
NQX,2025-05,PDD,US7223041028,XNAS,PDD HOLDINGS INC ADS
NQX,2025-05,PLTR,US69608A1088,XNAS,PALANTIR TECH CL A
NQX,2025-05,ROST,US7782961038,XNAS,"ROSS STORES, INC."
NQX,2025-07,ON,US6821891057,XNAS,ON SEMICONDUCTOR
NQX,2025-09,CCEP,GB00BDCPN049,XNAS,COCA-COLA EUROPACIFI
NQX,2025-09,GILD,US3755581036,XNAS,"GILEAD SCIENCES, INC"
NQX,2025-09,LIN,IE000S9YS762,XNAS,LINDE PLC
NQX,2025-09,LULU,US5500211090,XNAS,LULULEMON ATHLETICA
NQX,2025-09,PLTR,US69608A1088,XNAS,PALANTIR TECH CL A
NQX,2025-01,AMGN,US0311621009,XNAS,AMGEN
NQX,2025-01,AMZN,US0231351067,XNAS,AMAZON.COM INC
NQX,2025-01,CDNS,US1273871087,XNAS,CADENCE DESIGN SYS
NQX,2025-01,CSCO,US17275R1023,XNAS,CISCO SYSTEMS INC.
NQX,2025-01,CSX,US1264081035,XNAS,CSX CORPORATION
NQX,2025-01,LRCX,US5128073062,XNAS,LAM RESEARCH CORP
NQX,2025-01,ON,US6821891057,XNAS,ON SEMICONDUCTOR
NQX,2025-02,BKR,US05722G1004,XNAS,BAKER HUGHES CO
NQX,2025-02,TTD,US88339J1051,XNAS,THE TRADE DESK CL A
NQX,2025-03,LRCX,US5128073062,XNAS,LAM RESEARCH CORP
NQX,2025-03,MDB,US60937P1066,XNAS,"MONGODB, INC CL A CM"
NQX,2025-04,CDNS,US1273871087,XNAS,CADENCE DESIGN SYS
NQX,2025-04,HON,US4385161066,XNAS,HONEYWELL INTL INC
NQX,2025-04,LIN,IE000S9YS762,XNAS,LINDE PLC
NQX,2025-06,DASH,US25809K1051,XNAS,"DOORDASH, INC. CL A"
NQX,2025-06,NFLX,US64110L1061,XNAS,"NETFLIX, INC."
NQX,2025-07,DXCM,US2521311074,XNAS,DEXCOM
NQX,2025-07,GOOGL,US02079K3059,XNAS,ALPHABET CL A CMN
NQX,2025-07,LRCX,US5128073062,XNAS,LAM RESEARCH CORP
NQX,2022-06,CHTR,US16119P1084,XNAS,CHARTER COMMUNICATIO
NQX,2022-06,LULU,US5500211090,XNAS,LULULEMON ATHLETICA
NQX,2022-06,MTCH,US57667L1070,XNAS,MATCH GROUP CMN
NQX,2022-06,NTES,US64110W1027,XNAS,NETEASE INC ADS
NQX,2022-11,ANSS,US03662Q1058,XNAS,ANSYS INC
NQX,2022-11,EBAY,US2786421030,XNAS,EBAY INC.
NQX,2022-11,IDXX,US45168D1046,XNAS,IDEXX LABORATORIES
NQX,2022-11,LCID,US5494981039,XNAS,LUCID GROUP CMN
NQX,2022-12,ADBE,US00724F1012,XNAS,ADOBE INC.
NQX,2022-12,ADSK,US0527691069,XNAS,AUTODESK INC
NQX,2022-12,ILMN,US4523271090,XNAS,"ILLUMINA, INC."
NQX,2022-07,CDNS,US1273871087,XNAS,CADENCE DESIGN SYS
NQX,2022-07,CRWD,US22788C1053,XNAS,CROWDSTRIKE HLD CM A
NQX,2022-07,PANW,US6974351057,XNAS,PALO ALTO NTWKS CM
NQX,2023-01,LCID,US5494981039,XNAS,LUCID GROUP CMN
NQX,2023-02,SIRI,US82968B1035,XNAS,SIRIUS XM HOLDINGS I
NQX,2023-03,CHTR,US16119P1084,XNAS,CHARTER COMMUNICATIO
NQX,2023-03,FAST,US3119001044,XNAS,FASTENAL CO
NQX,2023-04,ADI,US0326541051,XNAS,ANALOG DEVICES CMN
NQX,2023-05,ANSS,US03662Q1058,XNAS,ANSYS INC
NQX,2023-05,EXC,US30161N1019,XNAS,EXELON CORP CMN STK
NQX,2023-06,AEP,US0255371017,XNAS,AMER ELC PWR CO CMN
NQX,2023-06,CTAS,US1729081059,XNAS,CINTAS CORP
NQX,2023-06,ROST,US7782961038,XNAS,"ROSS STORES, INC."
NQX,2022-06,ANSS,US03662Q1058,XNAS,ANSYS INC
NQX,2022-06,EA,US2855121099,XNAS,ELECTRONIC ARTS INC
NQX,2022-06,PANW,US6974351057,XNAS,PALO ALTO NTWKS CM
NQX,2022-06,PEP,US7134481081,XNAS,PEPSICO INC
NQX,2022-06,SNPS,US8716071076,XNAS,"SYNOPSYS, INC."
NQX,2022-06,VRSK,US92345Y1064,XNAS,VERISK ANALYTICS INC
NQX,2023-07,PAYX,US7043261079,XNAS,"PAYCHEX, INC."
NQX,2023-08,ADP,US0530151036,XNAS,AUTOMATIC DATA PROCS
NQX,2023-09,ISRG,US46120E6023,XNAS,"INTUITIVE SURG, INC."
NQX,2023-10,AEP,US0255371017,XNAS,AMER ELC PWR CO CMN
NQX,2023-10,BKR,US05722G1004,XNAS,BAKER HUGHES CO
NQX,2023-10,COST,US22160K1051,XNAS,COSTCO WHOLESALE
NQX,2023-11,KLAC,US4824801009,XNAS,KLA CP CMN STK
NQX,2023-11,SIRI,US82968B1035,XNAS,SIRIUS XM HOLDINGS I
NQX,2023-12,GILD,US3755581036,XNAS,"GILEAD SCIENCES, INC"
NQX,2023-12,PCAR,US6937181088,XNAS,PACCAR INC.
NQX,2023-12,VRTX,US92532F1003,XNAS,VERTEX PHARMACEUTIC
NQX,2024-02,CTAS,US1729081059,XNAS,CINTAS CORP
NQX,2024-02,MELI,US58733R1023,XNAS,"MERCADOLIBRE, INC."
NQX,2024-02,MU,US5951121038,XNAS,MICRON TECHNOLOGY
NQX,2025-02,AZN,US0463531089,XNAS,ASTRAZENECA PLC ADS
NQX,2025-02,CTAS,US1729081059,XNAS,CINTAS CORP
NQX,2025-02,XEL,US98389B1008,XNAS,XCEL ENERGY CMN
NQX,2024-03,CTAS,US1729081059,XNAS,CINTAS CORP
NQX,2025-03,ADBE,US00724F1012,XNAS,ADOBE INC.
NQX,2025-03,GOOG,US02079K1079,XNAS,ALPHABET CL C CAP
NQX,2024-04,EXC,US30161N1019,XNAS,EXELON CORP CMN STK
NQX,2024-05,CHTR,US16119P1084,XNAS,CHARTER COMMUNICATIO
NQX,2024-05,ISRG,US46120E6023,XNAS,"INTUITIVE SURG, INC."
NQX,2024-05,LULU,US5500211090,XNAS,LULULEMON ATHLETICA
NQX,2022-07,MDLZ,US6092071058,XNAS,MONDELEZ INTL CMN A
NQX,2022-07,SIRI,US82968B1035,XNAS,SIRIUS XM HOLDINGS I
NQX,2022-09,ALGN,US0162551016,XNAS,ALIGN TECHNOLOGY I
NQX,2022-09,GOOG,US02079K1079,XNAS,ALPHABET CL C CAP
NQX,2022-09,KLAC,US4824801009,XNAS,KLA CP CMN STK
NQX,2022-09,LRCX,US5128071082,XNAS,LAM RESEARCH CORP
NQX,2022-09,NTES,US64110W1027,XNAS,NETEASE INC ADS
NQX,2024-06,ADP,US0530151036,XNAS,AUTOMATIC DATA PROCS
NQX,2024-06,AMD,US0079031078,XNAS,ADV MICRO DEVICES
NQX,2025-05,ADBE,US00724F1012,XNAS,ADOBE INC.
NQX,2025-05,AZN,US0463531089,XNAS,ASTRAZENECA PLC ADS
NQX,2025-05,GEHC,US36266G1076,XNAS,GE HEALTHCARE CM
NQX,2025-05,HON,US4385161066,XNAS,HONEYWELL INTL INC
NQX,2025-05,MDB,US60937P1066,XNAS,"MONGODB, INC CL A CM"
NQX,2025-05,TEAM,US0494681010,XNAS,ATLASSIAN CLS A CS
NQX,2024-07,ABNB,US0090661010,XNAS,"AIRBNB, INC CL A CMN"
NQX,2024-07,AEP,US0255371017,XNAS,AMER ELC PWR CO CMN
NQX,2025-06,ARM,US0420682058,XNAS,ARM HOLDINGS PLC ADS
NQX,2025-06,CDW,US12514G1085,XNAS,CDW CORPORATION
NQX,2025-06,DXCM,US2521311074,XNAS,DEXCOM
NQX,2025-06,MAR,US5719032022,XNAS,MARRIOTT INT CL A CM
NQX,2025-06,NXPI,NL0009538784,XNAS,NXP SEMICONDUCTORS
NQX,2024-08,EA,US2855121099,XNAS,ELECTRONIC ARTS INC
NQX,2024-08,NVDA,US67066G1040,XNAS,NVIDIA CORPORATION
NQX,2024-08,SNPS,US8716071076,XNAS,"SYNOPSYS, INC."
NQX,2025-07,AAPL,US0378331005,XNAS,APPLE INC.
NQX,2025-07,IDXX,US45168D1046,XNAS,IDEXX LABORATORIES
NQX,2025-07,PDD,US7223041028,XNAS,PDD HOLDINGS INC ADS
NQX,2024-09,CTAS,US1729081059,XNAS,CINTAS CORP
NQX,2024-09,GILD,US3755581036,XNAS,"GILEAD SCIENCES, INC"
NQX,2024-09,TTWO,US8740541094,XNAS,TAKE-TWO INTERACTI
NQX,2025-09,AZN,US0463531089,XNAS,ASTRAZENECA PLC ADS
NQX,2025-09,CPRT,US2172041061,XNAS,"COPART, INC."
NQX,2025-09,MSTR,US5949724083,XNAS,STRATEGY INC CL A CS
NQX,2024-10,ADP,US0530151036,XNAS,AUTOMATIC DATA PROCS
NQX,2024-10,HON,US4385161066,XNAS,HONEYWELL INTL INC
NQX,2024-10,MCHP,US5950171042,XNAS,MICROCHIP TECHNOLOGY
NQX,2024-10,PAYX,US7043261079,XNAS,"PAYCHEX, INC."
NQX,2024-10,ROP,US7766961061,XNAS,ROPER TECH CMN
NQX,2024-11,PCAR,US6937181088,XNAS,PACCAR INC.
NQX,2024-12,CTAS,US1729081059,XNAS,CINTAS CORP
NQX,2024-12,MDLZ,US6092071058,XNAS,MONDELEZ INTL CMN A
NQX,2024-12,MU,US5951121038,XNAS,MICRON TECHNOLOGY
NQX,2024-12,QCOM,US7475251036,XNAS,QUALCOMM INC
NQX,2025-01,AZN,US0463531089,XNAS,ASTRAZENECA PLC ADS
NQX,2025-01,MSTR,US5949724083,XNAS,MICROSTRATEGY CL A
NQX,2022-11,CRWD,US22788C1053,XNAS,CROWDSTRIKE HLD CM A
NQX,2022-11,CTSH,US1924461023,XNAS,COGNIZANT TECH SOL
NQX,2022-11,NTES,US64110W1027,XNAS,NETEASE INC ADS
NQX,2022-11,PANW,US6974351057,XNAS,PALO ALTO NTWKS CM
NQX,2022-10,CRWD,US22788C1053,XNAS,CROWDSTRIKE HLD CM A
NQX,2022-10,PDD,US7223041028,XNAS,PINDUODUO INC. ADS
NQX,2022-10,REGN,US75886F1075,XNAS,REGENERON PHARMACEUT
NQX,2022-10,TSLA,US88160R1014,XNAS,"TESLA, INC."
NQX,2022-10,VRSN,US92343E1029,XNAS,"VERISIGN, INC."
NQX,2025-03,AAPL,US0378331005,XNAS,APPLE INC.
NQX,2025-03,CSX,US1264081035,XNAS,CSX CORPORATION
NQX,2022-08,ADSK,US0527691069,XNAS,AUTODESK INC
NQX,2022-08,AMAT,US0382221051,XNAS,APPLIED MATERIALS
NQX,2022-08,CHTR,US16119P1084,XNAS,CHARTER COMMUNICATIO
NQX,2022-08,EXC,US30161N1019,XNAS,EXELON CORP CMN STK
NQX,2022-08,PYPL,US70450Y1038,XNAS,PAYPAL HOLDINGS
NQX,2025-04,GFS,KYG393871085,XNAS,GLOBALFOUNDRIES ORD
NQX,2025-05,CCEP,GB00BDCPN049,XNAS,COCA-COLA EUROPACIFI
NQX,2025-06,CDNS,US1273871087,XNAS,CADENCE DESIGN SYS
NQX,2025-06,SBUX,US8552441094,XNAS,STARBUCKS CORP
NQX,2022-12,CMCSA,US20030N1019,XNAS,COMCAST CORP A
NQX,2022-12,CSCO,US17275R1023,XNAS,CISCO SYSTEMS INC.
NQX,2022-12,MNST,US61174X1090,XNAS,MONSTER BEVERAGE CP
NQX,2022-12,MRVL,US5738741041,XNAS,MARVELL TECH INC CMN
NQX,2022-12,WBA,US9314271084,XNAS,WALGREENS BTS ALN CM
NQX,2025-07,AMD,US0079031078,XNAS,ADV MICRO DEVICES
NQX,2025-07,KHC,US5007541064,XNAS,KRAFT HEINZ CO CMN
NQX,2025-07,NVDA,US67066G1040,XNAS,NVIDIA CORPORATION
NQX,2023-01,CDNS,US1273871087,XNAS,CADENCE DESIGN SYS
NQX,2023-01,KDP,US49271V1008,XNAS,KEURIG DR PEPPER INC
NQX,2023-01,WBD,US9344231041,XNAS,WRNR BRS DS CM WI
NQX,2023-02,ADSK,US0527691069,XNAS,AUTODESK INC
NQX,2023-02,LRCX,US5128071082,XNAS,LAM RESEARCH CORP
NQX,2023-02,RIVN,US76954A1034,XNAS,RIVIAN AUTO CL A CM
NQX,2023-03,AZN,US0463531089,XNAS,ASTRAZENECA PLC ADS
NQX,2023-03,PDD,US7223041028,XNAS,PDD HOLDINGS INC ADS
NQX,2023-03,ZM,US98980L1017,XNAS,ZOOM VIDEO CMTS CM A
NQX,2023-03,ZS,US98980G1022,XNAS,"ZSCALER, INC. CMN"
NQX,2023-04,HON,US4385161066,XNAS,HONEYWELL INTL INC
NQX,2022-06,TSLA,US88160R1014,XNAS,"TESLA, INC."
NQX,2023-05,CHTR,US16119P1084,XNAS,CHARTER COMMUNICATIO
NQX,2022-11,AMD,US0079031078,XNAS,ADV MICRO DEVICES
NQX,2022-11,BIDU,US0567521085,XNAS,"BAIDU, INC"
NQX,2023-06,PANW,US6974351057,XNAS,PALO ALTO NTWKS CM
NQX,2023-07,ASML,USN070592100,XNAS,ASML HLDG NY REG
NQX,2022-09,EBAY,US2786421030,XNAS,EBAY INC.
NQX,2022-09,MU,US5951121038,XNAS,MICRON TECHNOLOGY
NQX,2022-09,ODFL,US6795801009,XNAS,OLD DOMINION FREIG
NQX,2023-08,ASML,USN070592100,XNAS,ASML HLDG NY REG
NQX,2023-08,EBAY,US2786421030,XNAS,EBAY INC.
NQX,2023-08,FAST,US3119001044,XNAS,FASTENAL CO
NQX,2023-08,JD,US47215P1066,XNAS,"JD.COM, INC. ADS"
NQX,2023-09,CRWD,US22788C1053,XNAS,CROWDSTRIKE HLD CM A
NQX,2023-09,SBUX,US8552441094,XNAS,STARBUCKS CORP
NQX,2023-10,CSX,US1264081035,XNAS,CSX CORPORATION
NQX,2023-10,HON,US4385161066,XNAS,HONEYWELL INTL INC
NQX,2023-10,MRVL,US5738741041,XNAS,MARVELL TECH INC CMN
NQX,2023-10,ROST,US7782961038,XNAS,"ROSS STORES, INC."
NQX,2022-12,ADI,US0326541051,XNAS,ANALOG DEVICES CMN
NQX,2022-12,GOOGL,US02079K3059,XNAS,ALPHABET CL A CMN
NQX,2022-12,JD,US47215P1066,XNAS,"JD.COM, INC. ADS"
NQX,2023-11,CSX,US1264081035,XNAS,CSX CORPORATION
NQX,2023-11,GOOGL,US02079K3059,XNAS,ALPHABET CL A CMN
NQX,2024-05,FANG,US25278X1090,XNAS,DIAMONDBACK ENERGY
NQX,2024-05,MDB,US60937P1066,XNAS,"MONGODB, INC CL A CM"
NQX,2024-05,VRTX,US92532F1003,XNAS,VERTEX PHARMACEUTIC
NQX,2022-10,CMCSA,US20030N1019,XNAS,COMCAST CORP A
NQX,2022-10,GOOGL,US02079K3059,XNAS,ALPHABET CL A CMN
NQX,2022-10,NFLX,US64110L1061,XNAS,"NETFLIX, INC."
NQX,2024-06,DLTR,US2567461080,XNAS,DOLLAR TREE INC
NQX,2024-06,EA,US2855121099,XNAS,ELECTRONIC ARTS INC
NQX,2024-06,XEL,US98389B1008,XNAS,XCEL ENERGY CMN
NQX,2023-08,BKR,US05722G1004,XNAS,BAKER HUGHES CO
NQX,2023-08,GOOGL,US02079K3059,XNAS,ALPHABET CL A CMN
NQX,2024-07,VRSK,US92345Y1064,XNAS,VERISK ANALYTICS INC
NQX,2023-09,ADBE,US00724F1012,XNAS,ADOBE INC.
NQX,2023-09,KLAC,US4824801009,XNAS,KLA CP CMN STK
NQX,2023-09,MRNA,US60770K1079,XNAS,MODERNA INC CS
NQX,2023-09,SGEN,US81181C1045,XNAS,SEAGEN INC. CMN STK
NQX,2023-09,TMUS,US8725901040,XNAS,T-MOBILE US CMN
NQX,2024-08,AMD,US0079031078,XNAS,ADV MICRO DEVICES
NQX,2024-08,ISRG,US46120E6023,XNAS,"INTUITIVE SURG, INC."
NQX,2024-08,MDB,US60937P1066,XNAS,"MONGODB, INC CL A CM"
NQX,2023-10,TSLA,US88160R1014,XNAS,"TESLA, INC."
NQX,2023-11,LULU,US5500211090,XNAS,LULULEMON ATHLETICA
NQX,2023-11,PYPL,US70450Y1038,XNAS,PAYPAL HOLDINGS
NQX,2023-11,SNPS,US8716071076,XNAS,"SYNOPSYS, INC."
NQX,2023-11,TSLA,US88160R1014,XNAS,"TESLA, INC."
NQX,2022-08,MRNA,US60770K1079,XNAS,MODERNA INC CS
NQX,2024-11,LIN,IE000S9YS762,XNAS,LINDE PLC
NQX,2024-11,MDLZ,US6092071058,XNAS,MONDELEZ INTL CMN A
NQX,2024-12,CHTR,US16119P1084,XNAS,CHARTER COMMUNICATIO
NQX,2024-12,CTSH,US1924461023,XNAS,COGNIZANT TECH SOL
NQX,2024-12,LULU,US5500211090,XNAS,LULULEMON ATHLETICA
NQX,2024-02,CDW,US12514G1085,XNAS,CDW CORPORATION
NQX,2024-02,ILMN,US4523271090,XNAS,"ILLUMINA, INC."
NQX,2024-02,MCHP,US5950171042,XNAS,MICROCHIP TECHNOLOGY
NQX,2025-01,ABNB,US0090661010,XNAS,"AIRBNB, INC CL A CMN"
NQX,2025-01,ARM,US0420682058,XNAS,ARM HOLDINGS PLC ADS
NQX,2025-01,AVGO,US11135F1012,XNAS,BROADCOM INC.
NQX,2025-01,CEG,US21037T1097,XNAS,CONSTELLATION EN CM
NQX,2025-01,ODFL,US6795801009,XNAS,OLD DOMINION FREIG
NQX,2025-02,MCHP,US5950171042,XNAS,MICROCHIP TECHNOLOGY
NQX,2025-02,TEAM,US0494681010,XNAS,ATLASSIAN CLS A CS
NQX,2024-04,ABNB,US0090661010,XNAS,"AIRBNB, INC CL A CMN"
NQX,2024-04,META,US30303M1027,XNAS,"META PLATFORMS, INC."
NQX,2024-04,PANW,US6974351057,XNAS,PALO ALTO NTWKS CM
NQX,2024-04,TXN,US8825081040,XNAS,TEXAS INSTRUMENTS
NQX,2022-06,EXC,US30161N1019,XNAS,EXELON CORP CMN STK
NQX,2022-06,VRSN,US92343E1029,XNAS,"VERISIGN, INC."
NQX,2025-03,DDOG,US23804L1035,XNAS,DATADOG INC.L A CM
NQX,2025-03,MSFT,US5949181045,XNAS,MICROSOFT CORP
NQX,2025-03,NXPI,NL0009538784,XNAS,NXP SEMICONDUCTORS
NQX,2025-03,VRTX,US92532F1003,XNAS,VERTEX PHARMACEUTIC
NQX,2025-03,ZS,US98980G1022,XNAS,"ZSCALER, INC. CMN"
NQX,2024-05,CDW,US12514G1085,XNAS,CDW CORPORATION
NQX,2024-05,SBUX,US8552441094,XNAS,STARBUCKS CORP
NQX,2025-04,TXN,US8825081040,XNAS,TEXAS INSTRUMENTS
NQX,2024-06,MRNA,US60770K1079,XNAS,MODERNA INC CS
NQX,2025-05,CSCO,US17275R1023,XNAS,CISCO SYSTEMS INC.
NQX,2025-05,PEP,US7134481081,XNAS,PEPSICO INC
NQX,2024-07,CDW,US12514G1085,XNAS,CDW CORPORATION
NQX,2025-06,CEG,US21037T1097,XNAS,CONSTELLATION EN CM
NQX,2025-06,KDP,US49271V1008,XNAS,KEURIG DR PEPPER INC
NQX,2024-08,FTNT,US34959E1091,XNAS,"FORTINET, INC."
NQX,2024-08,HON,US4385161066,XNAS,HONEYWELL INTL INC
NQX,2024-08,REGN,US75886F1075,XNAS,REGENERON PHARMACEUT
NQX,2022-09,CMCSA,US20030N1019,XNAS,COMCAST CORP A
NQX,2022-09,DXCM,US2521311074,XNAS,DEXCOM
NQX,2022-09,MAR,US5719032022,XNAS,MARRIOTT INT CL A CM
NQX,2022-09,MCHP,US5950171042,XNAS,MICROCHIP TECHNOLOGY
NQX,2022-09,ROST,US7782961038,XNAS,"ROSS STORES, INC."
NQX,2024-09,INTU,US4612021034,XNAS,INTUIT INC
NQX,2024-09,MSFT,US5949181045,XNAS,MICROSOFT CORP
NQX,2024-11,DASH,US25809K1051,XNAS,"DOORDASH, INC. CL A"
NQX,2024-11,MCHP,US5950171042,XNAS,MICROCHIP TECHNOLOGY
NQX,2024-11,MSFT,US5949181045,XNAS,MICROSOFT CORP
NQX,2024-11,SBUX,US8552441094,XNAS,STARBUCKS CORP
NQX,2024-12,CPRT,US2172041061,XNAS,"COPART, INC."
NQX,2024-12,SBUX,US8552441094,XNAS,STARBUCKS CORP
NQX,2022-07,CSCO,US17275R1023,XNAS,CISCO SYSTEMS INC.
NQX,2022-07,CTSH,US1924461023,XNAS,COGNIZANT TECH SOL
NQX,2022-07,EXC,US30161N1019,XNAS,EXELON CORP CMN STK
NQX,2022-07,KLAC,US4824801009,XNAS,KLA CP CMN STK
NQX,2022-07,LRCX,US5128071082,XNAS,LAM RESEARCH CORP
NQX,2022-07,MAR,US5719032022,XNAS,MARRIOTT INT CL A CM
NQX,2022-07,WBA,US9314271084,XNAS,WALGREENS BTS ALN CM
NQX,2025-01,CRWD,US22788C1053,XNAS,CROWDSTRIKE HLD CM A
NQX,2022-11,KHC,US5007541064,XNAS,KRAFT HEINZ CO CMN
NQX,2025-02,LRCX,US5128073062,XNAS,LAM RESEARCH CORP
NQX,2025-02,PANW,US6974351057,XNAS,PALO ALTO NTWKS CM
NQX,2022-10,AZN,US0463531089,XNAS,ASTRAZENECA PLC ADS
NQX,2022-10,CTAS,US1729081059,XNAS,CINTAS CORP
NQX,2022-10,EA,US2855121099,XNAS,ELECTRONIC ARTS INC
NQX,2022-10,LULU,US5500211090,XNAS,LULULEMON ATHLETICA
NQX,2022-10,MCHP,US5950171042,XNAS,MICROCHIP TECHNOLOGY
NQX,2022-10,PYPL,US70450Y1038,XNAS,PAYPAL HOLDINGS
NQX,2022-10,ROST,US7782961038,XNAS,"ROSS STORES, INC."
NQX,2025-06,AAPL,US0378331005,XNAS,APPLE INC.
NQX,2025-06,CPRT,US2172041061,XNAS,"COPART, INC."
NQX,2025-06,MDLZ,US6092071058,XNAS,MONDELEZ INTL CMN A
NQX,2025-07,FAST,US3119001044,XNAS,FASTENAL CO
NQX,2025-07,PANW,US6974351057,XNAS,PALO ALTO NTWKS CM
NQX,2025-07,PYPL,US70450Y1038,XNAS,PAYPAL HOLDINGS
NQX,2023-01,CSCO,US17275R1023,XNAS,CISCO SYSTEMS INC.
NQX,2023-01,FAST,US3119001044,XNAS,FASTENAL CO
NQX,2023-01,KHC,US5007541064,XNAS,KRAFT HEINZ CO CMN
NQX,2023-01,MAR,US5719032022,XNAS,MARRIOTT INT CL A CM
NQX,2023-01,SIRI,US82968B1035,XNAS,SIRIUS XM HOLDINGS I
NQX,2025-09,CSGP,US22160N1090,XNAS,COSTAR GROUP INC
NQX,2025-09,ROP,US7766961061,XNAS,ROPER TECH CMN
NQX,2025-09,ROST,US7782961038,XNAS,"ROSS STORES, INC."
NQX,2023-02,GILD,US3755581036,XNAS,"GILEAD SCIENCES, INC"
NQX,2023-02,GOOGL,US02079K3059,XNAS,ALPHABET CL A CMN
NQX,2023-02,KDP,US49271V1008,XNAS,KEURIG DR PEPPER INC
NQX,2023-03,ORLY,US67103H1077,XNAS,O'REILLY AUTOMOTIVE
NQX,2022-08,CSCO,US17275R1023,XNAS,CISCO SYSTEMS INC.
NQX,2022-08,VRSK,US92345Y1064,XNAS,VERISK ANALYTICS INC
NQX,2023-04,MRNA,US60770K1079,XNAS,MODERNA INC CS
NQX,2023-05,MCHP,US5950171042,XNAS,MICROCHIP TECHNOLOGY
NQX,2022-11,MNST,US61174X1090,XNAS,MONSTER BEVERAGE CP
NQX,2023-07,CSCO,US17275R1023,XNAS,CISCO SYSTEMS INC.
NQX,2022-06,ADP,US0530151036,XNAS,AUTOMATIC DATA PROCS
NQX,2022-06,AVGO,US11135F1012,XNAS,BROADCOM INC.
NQX,2022-06,EBAY,US2786421030,XNAS,EBAY INC.
NQX,2022-06,FAST,US3119001044,XNAS,FASTENAL CO
NQX,2022-06,GOOG,US02079K1079,XNAS,ALPHABET CL C CAP
NQX,2022-06,HON,US4385161066,XNAS,HONEYWELL INTL INC
NQX,2022-06,KLAC,US4824801009,XNAS,KLA CP CMN STK
NQX,2023-08,AMAT,US0382221051,XNAS,APPLIED MATERIALS
NQX,2023-08,CEG,US21037T1097,XNAS,CONSTELLATION EN CM
NQX,2023-08,CMCSA,US20030N1019,XNAS,COMCAST CORP A
NQX,2023-08,MAR,US5719032022,XNAS,MARRIOTT INT CL A CM
NQX,2023-08,MU,US5951121038,XNAS,MICRON TECHNOLOGY
NQX,2023-08,PCAR,US6937181088,XNAS,PACCAR INC.
NQX,2023-09,NVDA,US67066G1040,XNAS,NVIDIA CORPORATION
NQX,2023-09,QCOM,US7475251036,XNAS,QUALCOMM INC
NQX,2023-10,MDLZ,US6092071058,XNAS,MONDELEZ INTL CMN A
NQX,2022-12,CHTR,US16119P1084,XNAS,CHARTER COMMUNICATIO
NQX,2023-11,ALGN,US0162551016,XNAS,ALIGN TECHNOLOGY I
NQX,2023-11,GILD,US3755581036,XNAS,"GILEAD SCIENCES, INC"
NQX,2023-11,JD,US47215P1066,XNAS,"JD.COM, INC. ADS"
NQX,2023-11,LCID,US5494981039,XNAS,LUCID GROUP CMN
NQX,2023-11,WBD,US9344231041,XNAS,WRNR BRS DS CM WI
NQX,2023-01,AEP,US0255371017,XNAS,AMER ELC PWR CO CMN
NQX,2023-01,GILD,US3755581036,XNAS,"GILEAD SCIENCES, INC"
NQX,2023-01,LULU,US5500211090,XNAS,LULULEMON ATHLETICA
NQX,2022-09,CSCO,US17275R1023,XNAS,CISCO SYSTEMS INC.
NQX,2023-12,CSX,US1264081035,XNAS,CSX CORPORATION
NQX,2023-12,GOOGL,US02079K3059,XNAS,ALPHABET CL A CMN
NQX,2023-02,CSGP,US22160N1090,XNAS,COSTAR GROUP INC
NQX,2023-02,CTAS,US1729081059,XNAS,CINTAS CORP
NQX,2023-03,ATVI,US00507V1098,XNAS,ACTIVISION BLIZZARD
NQX,2023-03,CSX,US1264081035,XNAS,CSX CORPORATION
NQX,2023-03,GFS,KYG393871085,XNAS,GLOBALFOUNDRIES ORD
NQX,2023-03,TXN,US8825081040,XNAS,TEXAS INSTRUMENTS
NQX,2023-04,GILD,US3755581036,XNAS,"GILEAD SCIENCES, INC"
NQX,2023-04,XEL,US98389B1008,XNAS,XCEL ENERGY CMN
NQX,2024-03,AMAT,US0382221051,XNAS,APPLIED MATERIALS
NQX,2024-03,KDP,US49271V1008,XNAS,KEURIG DR PEPPER INC
NQX,2023-05,CMCSA,US20030N1019,XNAS,COMCAST CORP A
NQX,2024-04,BKR,US05722G1004,XNAS,BAKER HUGHES CO
NQX,2024-04,INTU,US4612021034,XNAS,INTUIT INC
NQX,2024-04,KHC,US5007541064,XNAS,KRAFT HEINZ CO CMN
NQX,2024-04,ROP,US7766961061,XNAS,ROPER TECH CMN
NQX,2022-07,AMAT,US0382221051,XNAS,APPLIED MATERIALS
NQX,2022-07,AVGO,US11135F1012,XNAS,BROADCOM INC.
NQX,2022-07,GILD,US3755581036,XNAS,"GILEAD SCIENCES, INC"
NQX,2022-07,ORLY,US67103H1077,XNAS,O'REILLY AUTOMOTIVE
NQX,2022-07,PEP,US7134481081,XNAS,PEPSICO INC
NQX,2022-07,SBUX,US8552441094,XNAS,STARBUCKS CORP
NQX,2022-07,TMUS,US8725901040,XNAS,T-MOBILE US CMN
NQX,2022-07,TXN,US8825081040,XNAS,TEXAS INSTRUMENTS
NQX,2023-06,ADBE,US00724F1012,XNAS,ADOBE INC.
NQX,2023-06,CSCO,US17275R1023,XNAS,CISCO SYSTEMS INC.
NQX,2024-06,ILMN,US4523271090,XNAS,"ILLUMINA, INC."
NQX,2023-08,ZM,US98980L1017,XNAS,ZOOM VIDEO CMTS CM A
NQX,2024-07,ADI,US0326541051,XNAS,ANALOG DEVICES CMN
NQX,2024-07,ARM,US0420682058,XNAS,ARM HOLDINGS PLC ADS
NQX,2024-07,GEHC,US36266G1076,XNAS,GE HEALTHCARE CM
NQX,2023-09,ADI,US0326541051,XNAS,ANALOG DEVICES CMN
NQX,2023-09,ZS,US98980G1022,XNAS,"ZSCALER, INC. CMN"
NQX,2024-08,DDOG,US23804L1035,XNAS,DATADOG INC.L A CM
NQX,2024-08,PANW,US6974351057,XNAS,PALO ALTO NTWKS CM
NQX,2024-08,SMCI,US86800U1043,XNAS,SUPER MICRO CMPTR CM
NQX,2022-10,CEG,US21037T1097,XNAS,CONSTELLATION EN CM
NQX,2022-10,CPRT,US2172041061,XNAS,"COPART, INC."
NQX,2022-10,KHC,US5007541064,XNAS,KRAFT HEINZ CO CMN
NQX,2022-10,KLAC,US4824801009,XNAS,KLA CP CMN STK
NQX,2022-10,META,US30303M1027,XNAS,"META PLATFORMS, INC."
NQX,2022-10,VRSK,US92345Y1064,XNAS,VERISK ANALYTICS INC
NQX,2022-10,XEL,US98389B1008,XNAS,XCEL ENERGY CMN
NQX,2024-09,LIN,IE000S9YS762,XNAS,LINDE PLC
NQX,2023-11,GEHC,US36266G1076,XNAS,GE HEALTHCARE CM
NQX,2023-11,NXPI,NL0009538784,XNAS,NXP SEMICONDUCTORS
NQX,2024-10,AZN,US0463531089,XNAS,ASTRAZENECA PLC ADS
NQX,2024-10,NFLX,US64110L1061,XNAS,"NETFLIX, INC."
NQX,2023-12,MCHP,US5950171042,XNAS,MICROCHIP TECHNOLOGY
NQX,2024-11,ORLY,US67103H1077,XNAS,O'REILLY AUTOMOTIVE
NQX,2024-11,PAYX,US7043261079,XNAS,"PAYCHEX, INC."
NQX,2024-12,ARM,US0420682058,XNAS,ARM HOLDINGS PLC ADS
NQX,2024-02,CSGP,US22160N1090,XNAS,COSTAR GROUP INC
NQX,2022-08,ALGN,US0162551016,XNAS,ALIGN TECHNOLOGY I
NQX,2022-08,BIDU,US0567521085,XNAS,"BAIDU, INC"
NQX,2022-08,MAR,US5719032022,XNAS,MARRIOTT INT CL A CM
NQX,2022-08,SPLK,US8486371045,XNAS,SPLUNK INC.
NQX,2025-01,FTNT,US34959E1091,XNAS,"FORTINET, INC."
NQX,2025-01,IDXX,US45168D1046,XNAS,IDEXX LABORATORIES
NQX,2024-03,CEG,US21037T1097,XNAS,CONSTELLATION EN CM
NQX,2024-03,DXCM,US2521311074,XNAS,DEXCOM
NQX,2025-02,ANSS,US03662Q1058,XNAS,ANSYS INC
NQX,2025-02,MDLZ,US6092071058,XNAS,MONDELEZ INTL CMN A
NQX,2025-02,VRSK,US92345Y1064,XNAS,VERISK ANALYTICS INC
NQX,2024-04,LIN,IE000S9YS762,XNAS,LINDE PLC
NQX,2025-03,CPRT,US2172041061,XNAS,"COPART, INC."
NQX,2025-03,MCHP,US5950171042,XNAS,MICROCHIP TECHNOLOGY
NQX,2025-03,MELI,US58733R1023,XNAS,"MERCADOLIBRE, INC."
NQX,2024-05,AVGO,US11135F1012,XNAS,BROADCOM INC.
NQX,2024-05,CTAS,US1729081059,XNAS,CINTAS CORP
NQX,2025-04,ADP,US0530151036,XNAS,AUTOMATIC DATA PROCS
NQX,2025-04,META,US30303M1027,XNAS,"META PLATFORMS, INC."
NQX,2024-06,AEP,US0255371017,XNAS,AMER ELC PWR CO CMN
NQX,2024-06,REGN,US75886F1075,XNAS,REGENERON PHARMACEUT
NQX,2024-07,AMZN,US0231351067,XNAS,AMAZON.COM INC
NQX,2024-07,CDNS,US1273871087,XNAS,CADENCE DESIGN SYS
NQX,2025-06,KLAC,US4824801009,XNAS,KLA CP CMN STK
NQX,2025-08,ABNB,US0090661010,XNAS,"AIRBNB, INC CL A CMN"
NQX,2025-08,ADBE,US00724F1012,XNAS,ADOBE INC.
NQX,2025-08,ADP,US0530151036,XNAS,AUTOMATIC DATA PROCS
NQX,2025-08,ADSK,US0527691069,XNAS,AUTODESK INC
NQX,2025-08,AEP,US0255371017,XNAS,AMER ELC PWR CO CMN
NQX,2025-08,AMD,US0079031078,XNAS,ADV MICRO DEVICES
NQX,2025-08,ASML,USN070592100,XNAS,ASML HLDG NY REG
NQX,2025-08,AZN,US0463531089,XNAS,ASTRAZENECA PLC ADS
NQX,2025-08,BIIB,US09062X1037,XNAS,BIOGEN INC CMN
NQX,2025-08,BKR,US05722G1004,XNAS,BAKER HUGHES CO
NQX,2025-08,COST,US22160K1051,XNAS,COSTCO WHOLESALE
NQX,2025-08,CRWD,US22788C1053,XNAS,CROWDSTRIKE HLD CM A
NQX,2025-08,EA,US2855121099,XNAS,ELECTRONIC ARTS INC
NQX,2025-08,EXC,US30161N1019,XNAS,EXELON CORP CMN STK
NQX,2025-08,FTNT,US34959E1091,XNAS,"FORTINET, INC."
NQX,2025-08,ISRG,US46120E6023,XNAS,"INTUITIVE SURG, INC."
NQX,2025-08,KDP,US49271V1008,XNAS,KEURIG DR PEPPER INC
NQX,2025-08,MAR,US5719032022,XNAS,MARRIOTT INT CL A CM
NQX,2025-08,MCHP,US5950171042,XNAS,MICROCHIP TECHNOLOGY
NQX,2025-08,MSFT,US5949181045,XNAS,MICROSOFT CORP
NQX,2025-08,MU,US5951121038,XNAS,MICRON TECHNOLOGY
NQX,2025-08,ODFL,US6795801009,XNAS,OLD DOMINION FREIG
NQX,2025-08,PCAR,US6937181088,XNAS,PACCAR INC.
NQX,2025-08,PDD,US7223041028,XNAS,PDD HOLDINGS INC ADS
NQX,2025-08,PEP,US7134481081,XNAS,PEPSICO INC
NQX,2025-08,PYPL,US70450Y1038,XNAS,PAYPAL HOLDINGS
NQX,2025-08,ROP,US7766961061,XNAS,ROPER TECH CMN
NQX,2025-08,XEL,US98389B1008,XNAS,XCEL ENERGY CMN
NQX,2024-08,ABNB,US0090661010,XNAS,"AIRBNB, INC CL A CMN"
NQX,2024-08,DXCM,US2521311074,XNAS,DEXCOM
NQX,2024-08,ODFL,US6795801009,XNAS,OLD DOMINION FREIG
NQX,2024-08,TTWO,US8740541094,XNAS,TAKE-TWO INTERACTI
NQX,2025-07,LIN,IE000S9YS762,XNAS,LINDE PLC
NQX,2025-07,QCOM,US7475251036,XNAS,QUALCOMM INC
NQX,2025-07,ROP,US7766961061,XNAS,ROPER TECH CMN
NQX,2024-10,CDW,US12514G1085,XNAS,CDW CORPORATION
NQX,2024-10,TTD,US88339J1051,XNAS,THE TRADE DESK CL A
NQX,2024-11,CSCO,US17275R1023,XNAS,CISCO SYSTEMS INC.
NQX,2022-09,GOOGL,US02079K3059,XNAS,ALPHABET CL A CMN
NQX,2022-09,PCAR,US6937181088,XNAS,PACCAR INC.
NQX,2022-09,REGN,US75886F1075,XNAS,REGENERON PHARMACEUT
NQX,2022-09,SIRI,US82968B1035,XNAS,SIRIUS XM HOLDINGS I
NQX,2022-09,SWKS,US83088M1027,XNAS,SKYWORKS SOLUTIONS
NQX,2024-12,BKR,US05722G1004,XNAS,BAKER HUGHES CO
NQX,2024-12,CDW,US12514G1085,XNAS,CDW CORPORATION
NQX,2024-12,MCHP,US5950171042,XNAS,MICROCHIP TECHNOLOGY
NQX,2025-01,DXCM,US2521311074,XNAS,DEXCOM
NQX,2022-11,CDNS,US1273871087,XNAS,CADENCE DESIGN SYS
NQX,2022-11,LULU,US5500211090,XNAS,LULULEMON ATHLETICA
NQX,2022-11,QCOM,US7475251036,XNAS,QUALCOMM INC
NQX,2025-05,PAYX,US7043261079,XNAS,"PAYCHEX, INC."
NQX,2025-05,ROP,US7766961061,XNAS,ROPER TECH CMN
NQX,2025-05,TMUS,US8725901040,XNAS,T-MOBILE US CMN
NQX,2025-08,AAPL,US0378331005,XNAS,APPLE INC.
NQX,2025-08,ADI,US0326541051,XNAS,ANALOG DEVICES CMN
NQX,2025-08,AMAT,US0382221051,XNAS,APPLIED MATERIALS
NQX,2025-08,ARM,US0420682058,XNAS,ARM HOLDINGS PLC ADS
NQX,2025-08,BKNG,US09857L1089,XNAS,BOOKING HOLDINGS INC
NQX,2025-08,CCEP,GB00BDCPN049,XNAS,COCA-COLA EUROPACIFI
NQX,2025-08,CHTR,US16119P1084,XNAS,CHARTER COMMUNICATIO
NQX,2025-08,CSGP,US22160N1090,XNAS,COSTAR GROUP INC
NQX,2025-08,CTAS,US1729081059,XNAS,CINTAS CORP
NQX,2025-08,FAST,US3119001044,XNAS,FASTENAL CO
NQX,2025-08,GILD,US3755581036,XNAS,"GILEAD SCIENCES, INC"
NQX,2025-08,GOOG,US02079K1079,XNAS,ALPHABET CL C CAP
NQX,2025-08,LRCX,US5128073062,XNAS,LAM RESEARCH CORP
NQX,2025-08,MDLZ,US6092071058,XNAS,MONDELEZ INTL CMN A
NQX,2025-08,MELI,US58733R1023,XNAS,"MERCADOLIBRE, INC."
NQX,2025-08,PANW,US6974351057,XNAS,PALO ALTO NTWKS CM
NQX,2025-08,REGN,US75886F1075,XNAS,REGENERON PHARMACEUT
NQX,2025-08,SBUX,US8552441094,XNAS,STARBUCKS CORP
NQX,2025-08,TMUS,US8725901040,XNAS,T-MOBILE US CMN
NQX,2025-08,TRI,CA8849038085,XNAS,THOMSON REUTERS CMN
NQX,2025-08,TSLA,US88160R1014,XNAS,"TESLA, INC."
NQX,2025-08,VRSK,US92345Y1064,XNAS,VERISK ANALYTICS INC
NQX,2025-08,WBD,US9344231041,XNAS,WRNR BRS DS CM WI
NQX,2025-08,WDAY,US98138H1014,XNAS,WORKDAY INC CL A
NQX,2025-07,PLTR,US69608A1088,XNAS,PALANTIR TECH CL A
NQX,2025-07,ROST,US7782961038,XNAS,"ROSS STORES, INC."
NQX,2023-01,NXPI,NL0009538784,XNAS,NXP SEMICONDUCTORS
NQX,2023-01,ODFL,US6795801009,XNAS,OLD DOMINION FREIG
NQX,2025-09,AXON,US05464C1018,XNAS,"AXON ENTERPRISE, INC"
NQX,2025-09,FTNT,US34959E1091,XNAS,"FORTINET, INC."
NQX,2022-10,ALGN,US0162551016,XNAS,ALIGN TECHNOLOGY I
NQX,2022-10,AMAT,US0382221051,XNAS,APPLIED MATERIALS
NQX,2022-10,MDLZ,US6092071058,XNAS,MONDELEZ INTL CMN A
NQX,2022-10,TXN,US8825081040,XNAS,TEXAS INSTRUMENTS
NQX,2023-03,MDLZ,US6092071058,XNAS,MONDELEZ INTL CMN A
NQX,2023-03,PAYX,US7043261079,XNAS,"PAYCHEX, INC."
NQX,2023-04,CHTR,US16119P1084,XNAS,CHARTER COMMUNICATIO
NQX,2023-04,PCAR,US6937181088,XNAS,PACCAR INC.
NQX,2022-11,AAPL,US0378331005,XNAS,APPLE INC.
NQX,2022-11,EA,US2855121099,XNAS,ELECTRONIC ARTS INC
NQX,2023-06,PYPL,US70450Y1038,XNAS,PAYPAL HOLDINGS
NQX,2023-07,FANG,US25278X1090,XNAS,DIAMONDBACK ENERGY
NQX,2023-08,AEP,US0255371017,XNAS,AMER ELC PWR CO CMN
NQX,2025-08,AMGN,US0311621009,XNAS,AMGEN
NQX,2025-08,APP,US03831W1080,XNAS,APPLOVIN CORP CLA CM
NQX,2025-08,CDNS,US1273871087,XNAS,CADENCE DESIGN SYS
NQX,2025-08,CDW,US12514G1085,XNAS,CDW CORPORATION
NQX,2025-08,CMCSA,US20030N1019,XNAS,COMCAST CORP A
NQX,2025-08,CSCO,US17275R1023,XNAS,CISCO SYSTEMS INC.
NQX,2025-08,CSX,US1264081035,XNAS,CSX CORPORATION
NQX,2025-08,CTSH,US1924461023,XNAS,COGNIZANT TECH SOL
NQX,2025-08,DXCM,US2521311074,XNAS,DEXCOM
NQX,2025-08,GFS,KYG393871085,XNAS,GLOBALFOUNDRIES ORD
NQX,2025-08,GOOGL,US02079K3059,XNAS,ALPHABET CL A CMN
NQX,2025-08,HON,US4385161066,XNAS,HONEYWELL INTL INC
NQX,2025-08,IDXX,US45168D1046,XNAS,IDEXX LABORATORIES
NQX,2025-08,INTC,US4581401001,XNAS,INTEL CORP
NQX,2025-08,LULU,US5500211090,XNAS,LULULEMON ATHLETICA
NQX,2025-08,META,US30303M1027,XNAS,"META PLATFORMS, INC."
NQX,2025-08,MNST,US61174X1090,XNAS,MONSTER BEVERAGE CP
NQX,2025-08,MSTR,US5949724083,XNAS,STRATEGY INC CL A CS
NQX,2025-08,NXPI,NL0009538784,XNAS,NXP SEMICONDUCTORS
NQX,2025-08,ORLY,US67103H1077,XNAS,O'REILLY AUTOMOTIVE
NQX,2025-08,PAYX,US7043261079,XNAS,"PAYCHEX, INC."
NQX,2025-08,QCOM,US7475251036,XNAS,QUALCOMM INC
NQX,2025-08,ROST,US7782961038,XNAS,"ROSS STORES, INC."
NQX,2025-08,SNPS,US8716071076,XNAS,"SYNOPSYS, INC."
NQX,2025-08,TEAM,US0494681010,XNAS,ATLASSIAN CLS A CS
NQX,2025-08,TTD,US88339J1051,XNAS,THE TRADE DESK CL A
NQX,2025-08,TXN,US8825081040,XNAS,TEXAS INSTRUMENTS
NQX,2025-08,VRTX,US92532F1003,XNAS,VERTEX PHARMACEUTIC
NQX,2025-08,ZS,US98980G1022,XNAS,"ZSCALER, INC. CMN"
NQX,2023-09,GOOG,US02079K1079,XNAS,ALPHABET CL C CAP
NQX,2023-10,ILMN,US4523271090,XNAS,"ILLUMINA, INC."
NQX,2023-10,INTC,US4581401001,XNAS,INTEL CORP
NQX,2023-10,MCHP,US5950171042,XNAS,MICROCHIP TECHNOLOGY
NQX,2022-06,CEG,US21037T1097,XNAS,CONSTELLATION EN CM
NQX,2022-06,CSCO,US17275R1023,XNAS,CISCO SYSTEMS INC.
NQX,2022-06,LCID,US5494981039,XNAS,LUCID GROUP CMN
NQX,2022-06,MDLZ,US6092071058,XNAS,MONDELEZ INTL CMN A
NQX,2022-06,REGN,US75886F1075,XNAS,REGENERON PHARMACEUT
NQX,2023-11,EA,US2855121099,XNAS,ELECTRONIC ARTS INC
NQX,2023-11,ISRG,US46120E6023,XNAS,"INTUITIVE SURG, INC."
NQX,2023-11,VRTX,US92532F1003,XNAS,VERTEX PHARMACEUTIC
NQX,2023-01,ROST,US7782961038,XNAS,"ROSS STORES, INC."
NQX,2023-12,ADBE,US00724F1012,XNAS,ADOBE INC.
NQX,2023-12,CTAS,US1729081059,XNAS,CINTAS CORP
NQX,2023-12,ISRG,US46120E6023,XNAS,"INTUITIVE SURG, INC."
NQX,2023-12,QCOM,US7475251036,XNAS,QUALCOMM INC
NQX,2023-02,KLAC,US4824801009,XNAS,KLA CP CMN STK
NQX,2023-02,LCID,US5494981039,XNAS,LUCID GROUP CMN
NQX,2023-03,CRWD,US22788C1053,XNAS,CROWDSTRIKE HLD CM A
NQX,2023-03,CSGP,US22160N1090,XNAS,COSTAR GROUP INC
NQX,2023-03,PEP,US7134481081,XNAS,PEPSICO INC
NQX,2024-02,ADBE,US00724F1012,XNAS,ADOBE INC.
NQX,2024-02,META,US30303M1027,XNAS,"META PLATFORMS, INC."
NQX,2023-04,CTSH,US1924461023,XNAS,COGNIZANT TECH SOL
NQX,2024-03,ADI,US0326541051,XNAS,ANALOG DEVICES CMN
NQX,2024-03,ODFL,US6795801009,XNAS,OLD DOMINION FREIG
NQX,2023-05,ADSK,US0527691069,XNAS,AUTODESK INC
NQX,2023-05,TSLA,US88160R1014,XNAS,"TESLA, INC."
NQX,2024-04,WDAY,US98138H1014,XNAS,WORKDAY INC CL A
NQX,2023-06,JD,US47215P1066,XNAS,"JD.COM, INC. ADS"
NQX,2024-05,KDP,US49271V1008,XNAS,KEURIG DR PEPPER INC
NQX,2024-05,LRCX,US5128071082,XNAS,LAM RESEARCH CORP
NQX,2024-05,MRVL,US5738741041,XNAS,MARVELL TECH INC CMN
NQX,2024-05,TSLA,US88160R1014,XNAS,"TESLA, INC."
NQX,2024-06,COST,US22160K1051,XNAS,COSTCO WHOLESALE
NQX,2024-06,MRVL,US5738741041,XNAS,MARVELL TECH INC CMN
NQX,2025-08,AMZN,US0231351067,XNAS,AMAZON.COM INC
NQX,2025-08,AVGO,US11135F1012,XNAS,BROADCOM INC.
NQX,2025-08,AXON,US05464C1018,XNAS,"AXON ENTERPRISE, INC"
NQX,2025-08,CEG,US21037T1097,XNAS,CONSTELLATION EN CM
NQX,2025-08,CPRT,US2172041061,XNAS,"COPART, INC."
NQX,2025-08,DASH,US25809K1051,XNAS,"DOORDASH, INC. CL A"
NQX,2025-08,DDOG,US23804L1035,XNAS,DATADOG INC.L A CM
NQX,2025-08,FANG,US25278X1090,XNAS,DIAMONDBACK ENERGY
NQX,2025-08,GEHC,US36266G1076,XNAS,GE HEALTHCARE CM
NQX,2025-08,INTU,US4612021034,XNAS,INTUIT INC
NQX,2025-08,KHC,US5007541064,XNAS,KRAFT HEINZ CO CMN
NQX,2025-08,KLAC,US4824801009,XNAS,KLA CP CMN STK
NQX,2025-08,LIN,IE000S9YS762,XNAS,LINDE PLC
NQX,2025-08,MRVL,US5738741041,XNAS,MARVELL TECH INC CMN
NQX,2025-08,NFLX,US64110L1061,XNAS,"NETFLIX, INC."
NQX,2025-08,NVDA,US67066G1040,XNAS,NVIDIA CORPORATION
NQX,2025-08,ON,US6821891057,XNAS,ON SEMICONDUCTOR
NQX,2025-08,PLTR,US69608A1088,XNAS,PALANTIR TECH CL A
NQX,2025-08,SHOP,CA82509L1076,XNAS,SHOPIFY INC.
NQX,2025-08,TTWO,US8740541094,XNAS,TAKE-TWO INTERACTI
NQX,2023-08,PANW,US6974351057,XNAS,PALO ALTO NTWKS CM
NQX,2022-07,NTES,US64110W1027,XNAS,NETEASE INC ADS
NQX,2022-07,VRTX,US92532F1003,XNAS,VERTEX PHARMACEUTIC
NQX,2023-09,MRVL,US5738741041,XNAS,MARVELL TECH INC CMN
NQX,2023-09,PAYX,US7043261079,XNAS,"PAYCHEX, INC."
NQX,2023-09,PCAR,US6937181088,XNAS,PACCAR INC.
NQX,2023-09,TXN,US8825081040,XNAS,TEXAS INSTRUMENTS
NQX,2024-08,ADSK,US0527691069,XNAS,AUTODESK INC
NQX,2024-08,ILMN,US4523271090,XNAS,"ILLUMINA, INC."
NQX,2024-08,MELI,US58733R1023,XNAS,"MERCADOLIBRE, INC."
NQX,2024-08,PEP,US7134481081,XNAS,PEPSICO INC
NQX,2024-08,TSLA,US88160R1014,XNAS,"TESLA, INC."
NQX,2023-10,AMZN,US0231351067,XNAS,AMAZON.COM INC
NQX,2023-10,INTU,US4612021034,XNAS,INTUIT INC
NQX,2024-09,MELI,US58733R1023,XNAS,"MERCADOLIBRE, INC."
NQX,2024-09,NXPI,NL0009538784,XNAS,NXP SEMICONDUCTORS
NQX,2023-12,$SGEN$,US81181C1045,XNAS,SEAGEN INC. CMN STK
NQX,2023-12,META,US30303M1027,XNAS,"META PLATFORMS, INC."
NQX,2023-12,SNPS,US8716071076,XNAS,"SYNOPSYS, INC."
NQX,2024-11,AMZN,US0231351067,XNAS,AMAZON.COM INC
NQX,2024-11,CDW,US12514G1085,XNAS,CDW CORPORATION
NQX,2022-11,FTNT,US34959E1091,XNAS,"FORTINET, INC."
NQX,2022-11,ISRG,US46120E6023,XNAS,"INTUITIVE SURG, INC."
NQX,2024-12,AMGN,US0311621009,XNAS,AMGEN
NQX,2025-01,SNPS,US8716071076,XNAS,"SYNOPSYS, INC."
NQX,2024-03,CSGP,US22160N1090,XNAS,COSTAR GROUP INC
NQX,2025-02,ABNB,US0090661010,XNAS,"AIRBNB, INC CL A CMN"
NQX,2025-02,MDB,US60937P1066,XNAS,"MONGODB, INC CL A CM"
NQX,2025-02,MRVL,US5738741041,XNAS,MARVELL TECH INC CMN
NQX,2025-02,MSFT,US5949181045,XNAS,MICROSOFT CORP
NQX,2025-02,PAYX,US7043261079,XNAS,"PAYCHEX, INC."
NQX,2024-04,ADBE,US00724F1012,XNAS,ADOBE INC.
NQX,2024-04,AMAT,US0382221051,XNAS,APPLIED MATERIALS
NQX,2025-03,ABNB,US0090661010,XNAS,"AIRBNB, INC CL A CMN"
NQX,2025-03,CTAS,US1729081059,XNAS,CINTAS CORP
NQX,2025-03,ODFL,US6795801009,XNAS,OLD DOMINION FREIG
NQX,2025-03,TMUS,US8725901040,XNAS,T-MOBILE US CMN
NQX,2025-03,WDAY,US98138H1014,XNAS,WORKDAY INC CL A
NQX,2024-05,CTSH,US1924461023,XNAS,COGNIZANT TECH SOL
NQX,2024-05,GFS,KYG393871085,XNAS,GLOBALFOUNDRIES ORD
NQX,2025-04,ADI,US0326541051,XNAS,ANALOG DEVICES CMN
NQX,2025-04,GOOGL,US02079K3059,XNAS,ALPHABET CL A CMN
NQX,2022-08,AMD,US0079031078,XNAS,ADV MICRO DEVICES
NQX,2022-08,INTU,US4612021034,XNAS,INTUIT INC
NQX,2022-08,XEL,US98389B1008,XNAS,XCEL ENERGY CMN
NQX,2022-12,FAST,US3119001044,XNAS,FASTENAL CO
NQX,2022-12,GILD,US3755581036,XNAS,"GILEAD SCIENCES, INC"
NQX,2022-12,PAYX,US7043261079,XNAS,"PAYCHEX, INC."
NQX,2024-06,CTSH,US1924461023,XNAS,COGNIZANT TECH SOL
NQX,2024-06,DXCM,US2521311074,XNAS,DEXCOM
NQX,2024-06,PYPL,US70450Y1038,XNAS,PAYPAL HOLDINGS
NQX,2025-05,DXCM,US2521311074,XNAS,DEXCOM
NQX,2025-05,LULU,US5500211090,XNAS,LULULEMON ATHLETICA
NQX,2025-05,NXPI,NL0009538784,XNAS,NXP SEMICONDUCTORS
NQX,2023-02,NFLX,US64110L1061,XNAS,"NETFLIX, INC."
NQX,2025-06,BKNG,US09857L1089,XNAS,BOOKING HOLDINGS INC
NQX,2024-08,CRWD,US22788C1053,XNAS,CROWDSTRIKE HLD CM A
NQX,2024-08,CTAS,US1729081059,XNAS,CINTAS CORP
NQX,2023-03,ALGN,US0162551016,XNAS,ALIGN TECHNOLOGY I
NQX,2023-03,MELI,US58733R1023,XNAS,"MERCADOLIBRE, INC."
NQX,2025-07,CSCO,US17275R1023,XNAS,CISCO SYSTEMS INC.
NQX,2024-09,CCEP,GB00BDCPN049,XNAS,COCA-COLA EUROPACIFI
NQX,2024-09,KHC,US5007541064,XNAS,KRAFT HEINZ CO CMN
NQX,2024-09,MRNA,US60770K1079,XNAS,MODERNA INC CS
NQX,2023-04,AVGO,US11135F1012,XNAS,BROADCOM INC.
NQX,2023-04,CSX,US1264081035,XNAS,CSX CORPORATION
NQX,2023-04,MNST,US61174X1090,XNAS,MONSTER BEVERAGE CP
NQX,2024-10,LULU,US5500211090,XNAS,LULULEMON ATHLETICA
NQX,2024-10,SMCI,US86800U3023,XNAS,SUPER MICRO CMPTR CM
NQX,2024-11,MELI,US58733R1023,XNAS,"MERCADOLIBRE, INC."
NQX,2024-11,NXPI,NL0009538784,XNAS,NXP SEMICONDUCTORS
NQX,2024-11,ROST,US7782961038,XNAS,"ROSS STORES, INC."
NQX,2024-12,HON,US4385161066,XNAS,HONEYWELL INTL INC
NQX,2023-07,CHTR,US16119P1084,XNAS,CHARTER COMMUNICATIO
NQX,2023-07,DLTR,US2567461080,XNAS,DOLLAR TREE INC
NQX,2023-07,NXPI,NL0009538784,XNAS,NXP SEMICONDUCTORS
NQX,2023-07,TXN,US8825081040,XNAS,TEXAS INSTRUMENTS
NQX,2025-01,CTSH,US1924461023,XNAS,COGNIZANT TECH SOL
NQX,2025-01,MELI,US58733R1023,XNAS,"MERCADOLIBRE, INC."
NQX,2023-08,CDNS,US1273871087,XNAS,CADENCE DESIGN SYS
NQX,2023-08,FTNT,US34959E1091,XNAS,"FORTINET, INC."
NQX,2023-08,KHC,US5007541064,XNAS,KRAFT HEINZ CO CMN
NQX,2023-08,SIRI,US82968B1035,XNAS,SIRIUS XM HOLDINGS I
NQX,2025-02,IDXX,US45168D1046,XNAS,IDEXX LABORATORIES
NQX,2025-02,NFLX,US64110L1061,XNAS,"NETFLIX, INC."
NQX,2022-11,ADP,US0530151036,XNAS,AUTOMATIC DATA PROCS
NQX,2022-11,AMAT,US0382221051,XNAS,APPLIED MATERIALS
NQX,2022-11,MTCH,US57667L1070,XNAS,MATCH GROUP CMN
NQX,2022-11,WDAY,US98138H1014,XNAS,WORKDAY INC CL A
NQX,2022-09,AMGN,US0311621009,XNAS,AMGEN
NQX,2022-09,FISV,US3377381088,XNAS,"FISERV, INC."
NQX,2022-09,IDXX,US45168D1046,XNAS,IDEXX LABORATORIES
NQX,2022-09,META,US30303M1027,XNAS,"META PLATFORMS, INC."
NQX,2022-09,NVDA,US67066G1040,XNAS,NVIDIA CORPORATION
NQX,2022-09,WBA,US9314271084,XNAS,WALGREENS BTS ALN CM
NQX,2025-03,META,US30303M1027,XNAS,"META PLATFORMS, INC."
NQX,2025-03,TTD,US88339J1051,XNAS,THE TRADE DESK CL A
NQX,2025-03,TXN,US8825081040,XNAS,TEXAS INSTRUMENTS
NQX,2023-09,COST,US22160K1051,XNAS,COSTCO WHOLESALE
NQX,2023-09,GILD,US3755581036,XNAS,"GILEAD SCIENCES, INC"
NQX,2025-04,APP,US03831W1080,XNAS,APPLOVIN CORP CLA CM
NQX,2023-10,CTSH,US1924461023,XNAS,COGNIZANT TECH SOL
NQX,2023-10,GEHC,US36266G1076,XNAS,GE HEALTHCARE CM
NQX,2023-10,MU,US5951121038,XNAS,MICRON TECHNOLOGY
NQX,2023-10,NFLX,US64110L1061,XNAS,"NETFLIX, INC."
NQX,2025-05,ARM,US0420682058,XNAS,ARM HOLDINGS PLC ADS
NQX,2025-05,BIIB,US09062X1037,XNAS,BIOGEN INC CMN
NQX,2023-11,MCHP,US5950171042,XNAS,MICROCHIP TECHNOLOGY
NQX,2023-11,WBA,US9314271084,XNAS,WALGREENS BTS ALN CM
NQX,2023-12,GOOG,US02079K1079,XNAS,ALPHABET CL C CAP
NQX,2023-12,WBD,US9344231041,XNAS,WRNR BRS DS CM WI
NQX,2025-06,ISRG,US46120E6023,XNAS,"INTUITIVE SURG, INC."
NQX,2025-07,FANG,US25278X1090,XNAS,DIAMONDBACK ENERGY
NQX,2025-07,MU,US5951121038,XNAS,MICRON TECHNOLOGY
NQX,2025-07,TEAM,US0494681010,XNAS,ATLASSIAN CLS A CS
NQX,2023-01,MDLZ,US6092071058,XNAS,MONDELEZ INTL CMN A
NQX,2025-09,XEL,US98389B1008,XNAS,XCEL ENERGY CMN
NQX,2023-02,ABNB,US0090661010,XNAS,"AIRBNB, INC CL A CMN"
NQX,2023-02,ODFL,US6795801009,XNAS,OLD DOMINION FREIG
NQX,2023-02,ORLY,US67103H1077,XNAS,O'REILLY AUTOMOTIVE
NQX,2023-02,REGN,US75886F1075,XNAS,REGENERON PHARMACEUT
NQX,2023-02,SGEN,US81181C1045,XNAS,SEAGEN INC. CMN STK
NQX,2023-02,WBD,US9344231041,XNAS,WRNR BRS DS CM WI
NQX,2024-03,PAYX,US7043261079,XNAS,"PAYCHEX, INC."
NQX,2023-03,ANSS,US03662Q1058,XNAS,ANSYS INC
NQX,2024-04,DLTR,US2567461080,XNAS,DOLLAR TREE INC
NQX,2024-04,GOOGL,US02079K3059,XNAS,ALPHABET CL A CMN
NQX,2024-04,ILMN,US4523271090,XNAS,"ILLUMINA, INC."
NQX,2024-04,ORLY,US67103H1077,XNAS,O'REILLY AUTOMOTIVE
NQX,2023-04,INTU,US4612021034,XNAS,INTUIT INC
NQX,2023-04,ZS,US98980G1022,XNAS,"ZSCALER, INC. CMN"
NQX,2024-05,ASML,USN070592100,XNAS,ASML HLDG NY REG
NQX,2024-05,COST,US22160K1051,XNAS,COSTCO WHOLESALE
NQX,2024-05,MAR,US5719032022,XNAS,MARRIOTT INT CL A CM
NQX,2022-10,ADBE,US00724F1012,XNAS,ADOBE INC.
NQX,2022-10,DLTR,US2567461080,XNAS,DOLLAR TREE INC
NQX,2022-10,LCID,US5494981039,XNAS,LUCID GROUP CMN
NQX,2022-10,OKTA,US6792951054,XNAS,"OKTA, INC. CL A CM"
NQX,2022-10,PEP,US7134481081,XNAS,PEPSICO INC
NQX,2023-05,ALGN,US0162551016,XNAS,ALIGN TECHNOLOGY I
NQX,2023-05,NFLX,US64110L1061,XNAS,"NETFLIX, INC."
NQX,2023-06,CSGP,US22160N1090,XNAS,COSTAR GROUP INC
NQX,2023-06,ORLY,US67103H1077,XNAS,O'REILLY AUTOMOTIVE
NQX,2024-07,FAST,US3119001044,XNAS,FASTENAL CO
NQX,2024-07,GILD,US3755581036,XNAS,"GILEAD SCIENCES, INC"
NQX,2024-07,SBUX,US8552441094,XNAS,STARBUCKS CORP
NQX,2023-07,MDLZ,US6092071058,XNAS,MONDELEZ INTL CMN A
NQX,2024-08,WDAY,US98138H1014,XNAS,WORKDAY INC CL A
NQX,2023-08,EXC,US30161N1019,XNAS,EXELON CORP CMN STK
NQX,2023-08,MCHP,US5950171042,XNAS,MICROCHIP TECHNOLOGY
NQX,2023-08,WDAY,US98138H1014,XNAS,WORKDAY INC CL A
NQX,2024-09,WBD,US9344231041,XNAS,WRNR BRS DS CM WI
NQX,2024-09,ZS,US98980G1022,XNAS,"ZSCALER, INC. CMN"
NQX,2023-09,MDLZ,US6092071058,XNAS,MONDELEZ INTL CMN A
NQX,2023-09,VRSK,US92345Y1064,XNAS,VERISK ANALYTICS INC
NQX,2024-10,GEHC,US36266G1076,XNAS,GE HEALTHCARE CM
NQX,2023-10,ANSS,US03662Q1058,XNAS,ANSYS INC
NQX,2023-10,KDP,US49271V1008,XNAS,KEURIG DR PEPPER INC
NQX,2023-10,LULU,US5500211090,XNAS,LULULEMON ATHLETICA
NQX,2023-10,ORLY,US67103H1077,XNAS,O'REILLY AUTOMOTIVE
NQX,2024-12,COST,US22160K1051,XNAS,COSTCO WHOLESALE
NQX,2024-12,FAST,US3119001044,XNAS,FASTENAL CO
NQX,2023-11,AAPL,US0378331005,XNAS,APPLE INC.
NQX,2023-11,PEP,US7134481081,XNAS,PEPSICO INC
NQX,2023-12,AZN,US0463531089,XNAS,ASTRAZENECA PLC ADS
NQX,2025-01,AAPL,US0378331005,XNAS,APPLE INC.
NQX,2025-01,DASH,US25809K1051,XNAS,"DOORDASH, INC. CL A"
NQX,2025-01,KHC,US5007541064,XNAS,KRAFT HEINZ CO CMN
NQX,2025-02,GEHC,US36266G1076,XNAS,GE HEALTHCARE CM
NQX,2025-02,MU,US5951121038,XNAS,MICRON TECHNOLOGY
NQX,2024-02,DXCM,US2521311074,XNAS,DEXCOM
NQX,2024-02,EXC,US30161N1019,XNAS,EXELON CORP CMN STK
NQX,2024-02,LRCX,US5128071082,XNAS,LAM RESEARCH CORP
NQX,2024-02,ORLY,US67103H1077,XNAS,O'REILLY AUTOMOTIVE
NQX,2024-02,SIRI,US82968B1035,XNAS,SIRIUS XM HOLDINGS I
NQX,2024-02,TMUS,US8725901040,XNAS,T-MOBILE US CMN
NQX,2024-02,VRSK,US92345Y1064,XNAS,VERISK ANALYTICS INC
NQX,2025-03,MAR,US5719032022,XNAS,MARRIOTT INT CL A CM
NQX,2025-03,ROST,US7782961038,XNAS,"ROSS STORES, INC."
NQX,2024-03,INTU,US4612021034,XNAS,INTUIT INC
NQX,2024-03,QCOM,US7475251036,XNAS,QUALCOMM INC
NQX,2025-04,PDD,US7223041028,XNAS,PDD HOLDINGS INC ADS
NQX,2024-04,GEHC,US36266G1076,XNAS,GE HEALTHCARE CM
NQX,2024-05,AMAT,US0382221051,XNAS,APPLIED MATERIALS
NQX,2024-05,AZN,US0463531089,XNAS,ASTRAZENECA PLC ADS
NQX,2025-06,ADP,US0530151036,XNAS,AUTOMATIC DATA PROCS
NQX,2025-06,EXC,US30161N1019,XNAS,EXELON CORP CMN STK
NQX,2025-06,PYPL,US70450Y1038,XNAS,PAYPAL HOLDINGS
NQX,2024-06,FAST,US3119001044,XNAS,FASTENAL CO
NQX,2024-06,GEHC,US36266G1076,XNAS,GE HEALTHCARE CM
NQX,2025-07,AZN,US0463531089,XNAS,ASTRAZENECA PLC ADS
NQX,2025-07,META,US30303M1027,XNAS,"META PLATFORMS, INC."
NQX,2025-07,SHOP,CA82509L1076,XNAS,SHOPIFY INC.
NQX,2025-07,XEL,US98389B1008,XNAS,XCEL ENERGY CMN
NQX,2024-07,BIIB,US09062X1037,XNAS,BIOGEN INC CMN
NQX,2024-07,TTD,US88339J1051,XNAS,THE TRADE DESK CL A
NQX,2025-09,BKR,US05722G1004,XNAS,BAKER HUGHES CO
NQX,2025-09,CEG,US21037T1097,XNAS,CONSTELLATION EN CM
NQX,2025-09,IDXX,US45168D1046,XNAS,IDEXX LABORATORIES
NQX,2025-09,NVDA,US67066G1040,XNAS,NVIDIA CORPORATION
NQX,2025-09,PYPL,US70450Y1038,XNAS,PAYPAL HOLDINGS
NQX,2024-08,BKNG,US09857L1089,XNAS,BOOKING HOLDINGS INC
NQX,2024-08,CTSH,US1924461023,XNAS,COGNIZANT TECH SOL
NQX,2024-08,FAST,US3119001044,XNAS,FASTENAL CO
NQX,2024-08,ZS,US98980G1022,XNAS,"ZSCALER, INC. CMN"
NQX,2024-09,DLTR,US2567461080,XNAS,DOLLAR TREE INC
NQX,2024-09,MDLZ,US6092071058,XNAS,MONDELEZ INTL CMN A
NQX,2024-10,MDB,US60937P1066,XNAS,"MONGODB, INC CL A CM"
NQX,2024-10,MDLZ,US6092071058,XNAS,MONDELEZ INTL CMN A
NQX,2024-10,TXN,US8825081040,XNAS,TEXAS INSTRUMENTS
NQX,2024-10,ZS,US98980G1022,XNAS,"ZSCALER, INC. CMN"
NQX,2024-11,ANSS,US03662Q1058,XNAS,ANSYS INC
NQX,2024-12,GFS,KYG393871085,XNAS,GLOBALFOUNDRIES ORD
NQX,2024-12,MSFT,US5949181045,XNAS,MICROSOFT CORP
NQX,2024-12,PDD,US7223041028,XNAS,PDD HOLDINGS INC ADS
NQX,2025-01,DDOG,US23804L1035,XNAS,DATADOG INC.L A CM
NQX,2025-02,MNST,US61174X1090,XNAS,MONSTER BEVERAGE CP
NQX,2025-02,TSLA,US88160R1014,XNAS,"TESLA, INC."
NQX,2025-02,WDAY,US98138H1014,XNAS,WORKDAY INC CL A
NQX,2025-03,CSGP,US22160N1090,XNAS,COSTAR GROUP INC
NQX,2025-04,CSCO,US17275R1023,XNAS,CISCO SYSTEMS INC.
NQX,2025-04,NXPI,NL0009538784,XNAS,NXP SEMICONDUCTORS
NQX,2025-05,MNST,US61174X1090,XNAS,MONSTER BEVERAGE CP
NQX,2025-05,NFLX,US64110L1061,XNAS,"NETFLIX, INC."
NQX,2025-06,QCOM,US7475251036,XNAS,QUALCOMM INC
NQX,2025-07,AMGN,US0311621009,XNAS,AMGEN
NQX,2025-09,DDOG,US23804L1035,XNAS,DATADOG INC.L A CM
NQX,2023-12,KLAC,US4824801009,XNAS,KLA CP CMN STK
NQX,2023-12,XEL,US98389B1008,XNAS,XCEL ENERGY CMN
NQX,2022-11,JD,US47215P1066,XNAS,"JD.COM, INC. ADS"
NQX,2022-11,NXPI,NL0009538784,XNAS,NXP SEMICONDUCTORS
NQX,2022-11,VRSN,US92343E1029,XNAS,"VERISIGN, INC."
NQX,2022-11,AEP,US0255371017,XNAS,AMER ELC PWR CO CMN
NQX,2022-11,INTC,US4581401001,XNAS,INTEL CORP
NQX,2022-11,OKTA,US6792951054,XNAS,"OKTA, INC. CL A CM"
NQX,2022-11,META,US30303M1027,XNAS,"META PLATFORMS, INC."
NQX,2022-11,SNPS,US8716071076,XNAS,"SYNOPSYS, INC."
NQX,2022-11,MRNA,US60770K1079,XNAS,MODERNA INC CS
NQX,2026-02,AAPL,US0378331005,XNAS,APPLE INC.
NQX,2026-02,ADBE,US00724F1012,XNAS,ADOBE INC.
NQX,2026-02,AMGN,US0311621009,XNAS,AMGEN
NQX,2026-02,ASML,USN070592100,XNAS,ASML HLDG NY REG
NQX,2026-02,AVGO,US11135F1012,XNAS,BROADCOM INC.
NQX,2026-02,CEG,US21037T1097,XNAS,CONSTELLATION EN CM
NQX,2026-02,CHTR,US16119P1084,XNAS,CHARTER COMMUNICATIO
NQX,2026-02,CMCSA,US20030N1019,XNAS,COMCAST CORP A
NQX,2026-02,CRWD,US22788C1053,XNAS,CROWDSTRIKE HLD CM A
NQX,2026-02,CSCO,US17275R1023,XNAS,CISCO SYSTEMS INC.
NQX,2026-02,DASH,US25809K1051,XNAS,"DOORDASH, INC. CL A"
NQX,2026-02,EA,US2855121099,XNAS,ELECTRONIC ARTS INC
NQX,2026-02,GEHC,US36266G1076,XNAS,GE HEALTHCARE CM
NQX,2026-02,HON,US4385161066,XNAS,HONEYWELL INTL INC
NQX,2026-02,META,US30303M1027,XNAS,"META PLATFORMS, INC."
NQX,2026-02,MPWR,US6098391054,XNAS,MONOLITHIC POWER SYS
NQX,2026-02,ODFL,US6795801009,XNAS,OLD DOMINION FREIG
NQX,2026-02,PCAR,US6937181088,XNAS,PACCAR INC.
NQX,2026-02,ROST,US7782961038,XNAS,"ROSS STORES, INC."
NQX,2026-02,TEAM,US0494681010,XNAS,ATLASSIAN CLS A CS
NQX,2026-02,TMUS,US8725901040,XNAS,T-MOBILE US CMN
NQX,2026-02,TRI,CA8849038085,XNAS,THOMSON REUTERS CMN
NQX,2026-02,TTWO,US8740541094,XNAS,TAKE-TWO INTERACTI
NQX,2026-02,TXN,US8825081040,XNAS,TEXAS INSTRUMENTS
NQX,2026-02,VRSK,US92345Y1064,XNAS,VERISK ANALYTICS INC
NQX,2026-02,WDAY,US98138H1014,XNAS,WORKDAY INC CL A
NQX,2026-02,ABNB,US0090661010,XNAS,"AIRBNB, INC CL A CMN"
NQX,2026-02,AMAT,US0382221051,XNAS,APPLIED MATERIALS
NQX,2026-02,CCEP,GB00BDCPN049,XNAS,COCA-COLA EUROPACIFI
NQX,2026-02,CPRT,US2172041061,XNAS,"COPART, INC."
NQX,2026-02,CSGP,US22160N1090,XNAS,COSTAR GROUP INC
NQX,2026-02,CSX,US1264081035,XNAS,CSX CORPORATION
NQX,2026-02,DDOG,US23804L1035,XNAS,DATADOG INC.L A CM
NQX,2026-02,EXC,US30161N1019,XNAS,EXELON CORP CMN STK
NQX,2026-02,INSM,US4576693075,XNAS,INSMED INCORPORATED
NQX,2026-02,INTC,US4581401001,XNAS,INTEL CORP
NQX,2026-02,INTU,US4612021034,XNAS,INTUIT INC
NQX,2026-02,MSFT,US5949181045,XNAS,MICROSOFT CORP
NQX,2026-02,NFLX,US64110L1061,XNAS,"NETFLIX, INC."
NQX,2026-02,ORLY,US67103H1077,XNAS,O'REILLY AUTOMOTIVE
NQX,2026-02,PANW,US6974351057,XNAS,PALO ALTO NTWKS CM
NQX,2026-02,PDD,US7223041028,XNAS,PDD HOLDINGS INC ADS
NQX,2026-02,PYPL,US70450Y1038,XNAS,PAYPAL HOLDINGS
NQX,2026-02,SBUX,US8552441094,XNAS,STARBUCKS CORP
NQX,2026-02,TSLA,US88160R1014,XNAS,"TESLA, INC."
NQX,2026-02,WBD,US9344231041,XNAS,WRNR BRS DS CM WI
NQX,2026-02,WMT,US9311421039,XNAS,WALMART INC CMN
NQX,2026-02,XEL,US98389B1008,XNAS,XCEL ENERGY CMN
NQX,2026-02,ZS,US98980G1022,XNAS,"ZSCALER, INC. CMN"
NQX,2025-12,AVGO,US11135F1012,XNAS,BROADCOM INC.
NQX,2025-12,CCEP,GB00BDCPN049,XNAS,COCA-COLA EUROPACIFI
NQX,2025-12,CSX,US1264081035,XNAS,CSX CORPORATION
NQX,2025-12,CTSH,US1924461023,XNAS,COGNIZANT TECH SOL
NQX,2025-12,DASH,US25809K1051,XNAS,"DOORDASH, INC. CL A"
NQX,2025-12,EXC,US30161N1019,XNAS,EXELON CORP CMN STK
NQX,2025-12,GILD,US3755581036,XNAS,"GILEAD SCIENCES, INC"
NQX,2025-12,INTU,US4612021034,XNAS,INTUIT INC
NQX,2025-12,KDP,US49271V1008,XNAS,KEURIG DR PEPPER INC
NQX,2025-12,KHC,US5007541064,XNAS,KRAFT HEINZ CO CMN
NQX,2025-12,MAR,US5719032022,XNAS,MARRIOTT INT CL A CM
NQX,2025-12,MSFT,US5949181045,XNAS,MICROSOFT CORP
NQX,2025-12,NFLX,US64110L1061,XNAS,"NETFLIX, INC."
NQX,2025-12,NXPI,NL0009538784,XNAS,NXP SEMICONDUCTORS
NQX,2025-12,ON,US6821891057,XNAS,ON SEMICONDUCTOR
NQX,2025-12,QCOM,US7475251036,XNAS,QUALCOMM INC
NQX,2025-12,TRI,CA8849038085,XNAS,THOMSON REUTERS CMN
NQX,2025-12,TSLA,US88160R1014,XNAS,"TESLA, INC."
NQX,2025-12,TTWO,US8740541094,XNAS,TAKE-TWO INTERACTI
NQX,2025-12,VRSK,US92345Y1064,XNAS,VERISK ANALYTICS INC
NQX,2026-03,AAPL,US0378331005,XNAS,APPLE INC.
NQX,2026-03,ADI,US0326541051,XNAS,ANALOG DEVICES CMN
NQX,2026-03,ADP,US0530151036,XNAS,AUTOMATIC DATA PROCS
NQX,2026-03,ARM,US0420682058,XNAS,ARM HOLDINGS PLC ADS
NQX,2026-03,AXON,US05464C1018,XNAS,"AXON ENTERPRISE, INC"
NQX,2026-03,BKR,US05722G1004,XNAS,BAKER HUGHES CO
NQX,2026-03,CSX,US1264081035,XNAS,CSX CORPORATION
NQX,2026-03,DDOG,US23804L1035,XNAS,DATADOG INC.L A CM
NQX,2026-03,FAST,US3119001044,XNAS,FASTENAL CO
NQX,2026-03,GEHC,US36266G1076,XNAS,GE HEALTHCARE CM
NQX,2026-03,GOOGL,US02079K3059,XNAS,ALPHABET CL A CMN
NQX,2026-03,INSM,US4576693075,XNAS,INSMED INCORPORATED
NQX,2026-03,INTC,US4581401001,XNAS,INTEL CORP
NQX,2026-03,ISRG,US46120E6023,XNAS,"INTUITIVE SURG, INC."
NQX,2026-03,KDP,US49271V1008,XNAS,KEURIG DR PEPPER INC
NQX,2026-03,KHC,US5007541064,XNAS,KRAFT HEINZ CO CMN
NQX,2026-03,KLAC,US4824801009,XNAS,KLA CP CMN STK
NQX,2026-03,LIN,IE000S9YS762,XNAS,LINDE PLC
NQX,2026-03,LRCX,US5128073062,XNAS,LAM RESEARCH CORP
NQX,2026-03,MAR,US5719032022,XNAS,MARRIOTT INT CL A CM
NQX,2026-03,MCHP,US5950171042,XNAS,MICROCHIP TECHNOLOGY
NQX,2026-03,MELI,US58733R1023,XNAS,"MERCADOLIBRE, INC."
NQX,2026-03,MNST,US61174X1090,XNAS,MONSTER BEVERAGE CP
NQX,2026-03,PANW,US6974351057,XNAS,PALO ALTO NTWKS CM
NQX,2026-03,QCOM,US7475251036,XNAS,QUALCOMM INC
NQX,2026-03,TEAM,US0494681010,XNAS,ATLASSIAN CLS A CS
NQX,2026-03,TMUS,US8725901040,XNAS,T-MOBILE US CMN
NQX,2026-03,TRI,CA8849038085,XNAS,THOMSON REUTERS CMN
NQX,2026-03,TSLA,US88160R1014,XNAS,"TESLA, INC."
NQX,2026-03,WBD,US9344231041,XNAS,WRNR BRS DS CM WI
NQX,2026-03,WDC,US9581021055,XNAS,WESTERN DIGITAL CP
NQX,2026-03,WMT,US9311421039,XNAS,WALMART INC CMN
NQX,2026-02,ADI,US0326541051,XNAS,ANALOG DEVICES CMN
NQX,2026-02,ADP,US0530151036,XNAS,AUTOMATIC DATA PROCS
NQX,2026-02,ALNY,US02043Q1076,XNAS,ALNYLAM PHARMACEUT
NQX,2026-02,AMZN,US0231351067,XNAS,AMAZON.COM INC
NQX,2026-02,APP,US03831W1080,XNAS,APPLOVIN CORP CLA CM
NQX,2026-02,ARM,US0420682058,XNAS,ARM HOLDINGS PLC ADS
NQX,2026-02,BKR,US05722G1004,XNAS,BAKER HUGHES CO
NQX,2026-02,COST,US22160K1051,XNAS,COSTCO WHOLESALE
NQX,2026-02,CTSH,US1924461023,XNAS,COGNIZANT TECH SOL
NQX,2026-02,FANG,US25278X1090,XNAS,DIAMONDBACK ENERGY
NQX,2026-02,FER,NL0015001FS8,XNAS,FERROVIAL SE OS
NQX,2026-02,GOOG,US02079K1079,XNAS,ALPHABET CL C CAP
NQX,2026-02,GOOGL,US02079K3059,XNAS,ALPHABET CL A CMN
NQX,2026-02,ISRG,US46120E6023,XNAS,"INTUITIVE SURG, INC."
NQX,2026-02,KHC,US5007541064,XNAS,KRAFT HEINZ CO CMN
NQX,2026-02,LIN,IE000S9YS762,XNAS,LINDE PLC
NQX,2026-02,LRCX,US5128073062,XNAS,LAM RESEARCH CORP
NQX,2026-02,MAR,US5719032022,XNAS,MARRIOTT INT CL A CM
NQX,2026-02,MCHP,US5950171042,XNAS,MICROCHIP TECHNOLOGY
NQX,2026-02,MELI,US58733R1023,XNAS,"MERCADOLIBRE, INC."
NQX,2026-02,MU,US5951121038,XNAS,MICRON TECHNOLOGY
NQX,2026-02,NXPI,NL0009538784,XNAS,NXP SEMICONDUCTORS
NQX,2026-02,PAYX,US7043261079,XNAS,"PAYCHEX, INC."
NQX,2026-02,PEP,US7134481081,XNAS,PEPSICO INC
NQX,2026-02,QCOM,US7475251036,XNAS,QUALCOMM INC
NQX,2026-02,REGN,US75886F1075,XNAS,REGENERON PHARMACEUT
NQX,2026-02,SHOP,CA82509L1076,XNAS,SHOPIFY INC.
NQX,2026-02,SNPS,US8716071076,XNAS,"SYNOPSYS, INC."
NQX,2026-02,STX,IE00BKVD2N49,XNAS,SEAGATE TCH HLDGS OR
NQX,2022-06,FTNT,US34959E1091,XNAS,"FORTINET, INC."
NQX,2022-06,ILMN,US4523271090,XNAS,"ILLUMINA, INC."
NQX,2022-06,MRVL,US5738741041,XNAS,MARVELL TECH INC CMN
NQX,2022-06,MU,US5951121038,XNAS,MICRON TECHNOLOGY
NQX,2022-12,MRNA,US60770K1079,XNAS,MODERNA INC CS
NQX,2022-12,NFLX,US64110L1061,XNAS,"NETFLIX, INC."
NQX,2022-12,ROST,US7782961038,XNAS,"ROSS STORES, INC."
NQX,2022-12,SGEN,US81181C1045,XNAS,SEAGEN INC. CMN STK
NQX,2025-10,AXON,US05464C1018,XNAS,"AXON ENTERPRISE, INC"
NQX,2025-10,CHTR,US16119P1084,XNAS,CHARTER COMMUNICATIO
NQX,2025-10,CPRT,US2172041061,XNAS,"COPART, INC."
NQX,2025-10,DASH,US25809K1051,XNAS,"DOORDASH, INC. CL A"
NQX,2025-10,DDOG,US23804L1035,XNAS,DATADOG INC.L A CM
NQX,2025-10,EXC,US30161N1019,XNAS,EXELON CORP CMN STK
NQX,2025-10,FAST,US3119001044,XNAS,FASTENAL CO
NQX,2025-10,GFS,KYG393871085,XNAS,GLOBALFOUNDRIES ORD
NQX,2025-10,HON,US4385161066,XNAS,HONEYWELL INTL INC
NQX,2025-10,IDXX,US45168D1046,XNAS,IDEXX LABORATORIES
NQX,2025-10,LULU,US5500211090,XNAS,LULULEMON ATHLETICA
NQX,2025-10,MAR,US5719032022,XNAS,MARRIOTT INT CL A CM
NQX,2025-10,MDLZ,US6092071058,XNAS,MONDELEZ INTL CMN A
NQX,2025-10,MELI,US58733R1023,XNAS,"MERCADOLIBRE, INC."
NQX,2025-10,META,US30303M1027,XNAS,"META PLATFORMS, INC."
NQX,2025-10,ODFL,US6795801009,XNAS,OLD DOMINION FREIG
NQX,2025-10,ON,US6821891057,XNAS,ON SEMICONDUCTOR
NQX,2025-10,PDD,US7223041028,XNAS,PDD HOLDINGS INC ADS
NQX,2025-10,PEP,US7134481081,XNAS,PEPSICO INC
NQX,2025-10,PLTR,US69608A1088,XNAS,PALANTIR TECH CL A
NQX,2025-10,ROST,US7782961038,XNAS,"ROSS STORES, INC."
NQX,2025-10,TSLA,US88160R1014,XNAS,"TESLA, INC."
NQX,2025-10,TXN,US8825081040,XNAS,TEXAS INSTRUMENTS
NQX,2025-10,WBD,US9344231041,XNAS,WRNR BRS DS CM WI
NQX,2022-12,AMGN,US0311621009,XNAS,AMGEN
NQX,2022-12,AZN,US0463531089,XNAS,ASTRAZENECA PLC ADS
NQX,2023-01,INTU,US4612021034,XNAS,INTUIT INC
NQX,2023-01,GOOGL,US02079K3059,XNAS,ALPHABET CL A CMN
NQX,2023-01,HON,US4385161066,XNAS,HONEYWELL INTL INC
NQX,2023-01,IDXX,US45168D1046,XNAS,IDEXX LABORATORIES
NQX,2024-04,CHTR,US16119P1084,XNAS,CHARTER COMMUNICATIO
NQX,2024-04,TTWO,US8740541094,XNAS,TAKE-TWO INTERACTI
NQX,2024-04,ZS,US98980G1022,XNAS,"ZSCALER, INC. CMN"
NQX,2023-01,COST,US22160K1051,XNAS,COSTCO WHOLESALE
NQX,2023-01,KLAC,US4824801009,XNAS,KLA CP CMN STK
NQX,2023-01,CSGP,US22160N1090,XNAS,COSTAR GROUP INC
NQX,2023-01,PANW,US6974351057,XNAS,PALO ALTO NTWKS CM
NQX,2023-01,VRTX,US92532F1003,XNAS,VERTEX PHARMACEUTIC
NQX,2023-01,WBA,US9314271084,XNAS,WALGREENS BTS ALN CM
NQX,2023-02,CDNS,US1273871087,XNAS,CADENCE DESIGN SYS
NQX,2023-02,KHC,US5007541064,XNAS,KRAFT HEINZ CO CMN
NQX,2023-02,TMUS,US8725901040,XNAS,T-MOBILE US CMN
NQX,2023-02,MAR,US5719032022,XNAS,MARRIOTT INT CL A CM
NQX,2023-02,WBA,US9314271084,XNAS,WALGREENS BTS ALN CM
NQX,2023-02,ZM,US98980L1017,XNAS,ZOOM VIDEO CMTS CM A
NQX,2023-02,QCOM,US7475251036,XNAS,QUALCOMM INC
NQX,2023-02,XEL,US98389B1008,XNAS,XCEL ENERGY CMN
NQX,2023-02,CRWD,US22788C1053,XNAS,CROWDSTRIKE HLD CM A
NQX,2023-02,CSX,US1264081035,XNAS,CSX CORPORATION
NQX,2023-02,ILMN,US4523271090,XNAS,"ILLUMINA, INC."
NQX,2023-02,PYPL,US70450Y1038,XNAS,PAYPAL HOLDINGS
NQX,2023-03,EBAY,US2786421030,XNAS,EBAY INC.
NQX,2023-03,LCID,US5494981039,XNAS,LUCID GROUP CMN
NQX,2023-03,VRTX,US92532F1003,XNAS,VERTEX PHARMACEUTIC
NQX,2023-03,PANW,US6974351057,XNAS,PALO ALTO NTWKS CM
NQX,2023-03,SIRI,US82968B1035,XNAS,SIRIUS XM HOLDINGS I
NQX,2023-03,TEAM,US0494681010,XNAS,ATLASSIAN CLS A CS
NQX,2023-03,IDXX,US45168D1046,XNAS,IDEXX LABORATORIES
NQX,2023-03,KDP,US49271V1008,XNAS,KEURIG DR PEPPER INC
NQX,2023-03,BKR,US05722G1004,XNAS,BAKER HUGHES CO
NQX,2023-04,ADBE,US00724F1012,XNAS,ADOBE INC.
NQX,2023-04,AEP,US0255371017,XNAS,AMER ELC PWR CO CMN
NQX,2023-04,AMGN,US0311621009,XNAS,AMGEN
NQX,2023-04,ISRG,US46120E6023,XNAS,"INTUITIVE SURG, INC."
NQX,2023-04,MELI,US58733R1023,XNAS,"MERCADOLIBRE, INC."
NQX,2023-04,AMZN,US0231351067,XNAS,AMAZON.COM INC
NQX,2023-04,ORLY,US67103H1077,XNAS,O'REILLY AUTOMOTIVE
NQX,2023-04,KLAC,US4824801009,XNAS,KLA CP CMN STK
NQX,2023-04,MRVL,US5738741041,XNAS,MARVELL TECH INC CMN
NQX,2023-04,PYPL,US70450Y1038,XNAS,PAYPAL HOLDINGS
NQX,2023-04,ATVI,US00507V1098,XNAS,ACTIVISION BLIZZARD
NQX,2023-04,AZN,US0463531089,XNAS,ASTRAZENECA PLC ADS
NQX,2023-04,KHC,US5007541064,XNAS,KRAFT HEINZ CO CMN
NQX,2023-04,SGEN,US81181C1045,XNAS,SEAGEN INC. CMN STK
NQX,2024-06,AMGN,US0311621009,XNAS,AMGEN
NQX,2024-06,FTNT,US34959E1091,XNAS,"FORTINET, INC."
NQX,2024-06,NVDA,US67066G1040,XNAS,NVIDIA CORPORATION
NQX,2023-05,DXCM,US2521311074,XNAS,DEXCOM
NQX,2023-05,EA,US2855121099,XNAS,ELECTRONIC ARTS INC
NQX,2023-05,GOOGL,US02079K3059,XNAS,ALPHABET CL A CMN
NQX,2023-05,CSGP,US22160N1090,XNAS,COSTAR GROUP INC
NQX,2023-05,DDOG,US23804L1035,XNAS,DATADOG INC.L A CM
NQX,2023-05,FTNT,US34959E1091,XNAS,"FORTINET, INC."
NQX,2023-05,ROST,US7782961038,XNAS,"ROSS STORES, INC."
NQX,2023-05,ABNB,US0090661010,XNAS,"AIRBNB, INC CL A CMN"
NQX,2023-06,FTNT,US34959E1091,XNAS,"FORTINET, INC."
NQX,2023-06,MAR,US5719032022,XNAS,MARRIOTT INT CL A CM
NQX,2023-06,PEP,US7134481081,XNAS,PEPSICO INC
NQX,2023-06,CPRT,US2172041061,XNAS,"COPART, INC."
NQX,2023-06,ISRG,US46120E6023,XNAS,"INTUITIVE SURG, INC."
NQX,2023-06,REGN,US75886F1075,XNAS,REGENERON PHARMACEUT
NQX,2023-06,AVGO,US11135F1012,XNAS,BROADCOM INC.
NQX,2023-06,ODFL,US6795801009,XNAS,OLD DOMINION FREIG
NQX,2023-06,QCOM,US7475251036,XNAS,QUALCOMM INC
NQX,2023-06,WDAY,US98138H1014,XNAS,WORKDAY INC CL A
NQX,2023-06,FANG,US25278X1090,XNAS,DIAMONDBACK ENERGY
NQX,2023-06,ILMN,US4523271090,XNAS,"ILLUMINA, INC."
NQX,2023-07,MELI,US58733R1023,XNAS,"MERCADOLIBRE, INC."
NQX,2023-07,AAPL,US0378331005,XNAS,APPLE INC.
NQX,2023-07,IDXX,US45168D1046,XNAS,IDEXX LABORATORIES
NQX,2023-07,VRTX,US92532F1003,XNAS,VERTEX PHARMACEUTIC
NQX,2023-07,ADBE,US00724F1012,XNAS,ADOBE INC.
NQX,2023-07,DXCM,US2521311074,XNAS,DEXCOM
NQX,2023-07,ORLY,US67103H1077,XNAS,O'REILLY AUTOMOTIVE
NQX,2023-07,SNPS,US8716071076,XNAS,"SYNOPSYS, INC."
NQX,2023-07,CRWD,US22788C1053,XNAS,CROWDSTRIKE HLD CM A
NQX,2022-07,CHTR,US16119P1084,XNAS,CHARTER COMMUNICATIO
NQX,2022-07,JD,US47215P1066,XNAS,"JD.COM, INC. ADS"
NQX,2022-07,NFLX,US64110L1061,XNAS,"NETFLIX, INC."
NQX,2022-07,NXPI,NL0009538784,XNAS,NXP SEMICONDUCTORS
NQX,2023-08,AMD,US0079031078,XNAS,ADV MICRO DEVICES
NQX,2023-08,ODFL,US6795801009,XNAS,OLD DOMINION FREIG
NQX,2023-08,HON,US4385161066,XNAS,HONEYWELL INTL INC
NQX,2023-08,KLAC,US4824801009,XNAS,KLA CP CMN STK
NQX,2023-08,ROST,US7782961038,XNAS,"ROSS STORES, INC."
NQX,2023-09,ADP,US0530151036,XNAS,AUTOMATIC DATA PROCS
NQX,2023-09,ENPH,US29355A1079,XNAS,"ENPHASE ENERGY, INC."
NQX,2023-09,SNPS,US8716071076,XNAS,"SYNOPSYS, INC."
NQX,2023-09,ANSS,US03662Q1058,XNAS,ANSYS INC
NQX,2023-09,MELI,US58733R1023,XNAS,"MERCADOLIBRE, INC."
NQX,2023-10,ASML,USN070592100,XNAS,ASML HLDG NY REG
NQX,2025-10,AAPL,US0378331005,XNAS,APPLE INC.
NQX,2025-10,ABNB,US0090661010,XNAS,"AIRBNB, INC CL A CMN"
NQX,2025-10,ADBE,US00724F1012,XNAS,ADOBE INC.
NQX,2025-10,ADI,US0326541051,XNAS,ANALOG DEVICES CMN
NQX,2025-10,ADP,US0530151036,XNAS,AUTOMATIC DATA PROCS
NQX,2025-10,ADSK,US0527691069,XNAS,AUTODESK INC
NQX,2025-10,AEP,US0255371017,XNAS,AMER ELC PWR CO CMN
NQX,2025-10,AMZN,US0231351067,XNAS,AMAZON.COM INC
NQX,2025-10,APP,US03831W1080,XNAS,APPLOVIN CORP CLA CM
NQX,2025-10,AVGO,US11135F1012,XNAS,BROADCOM INC.
NQX,2025-10,AZN,US0463531089,XNAS,ASTRAZENECA PLC ADS
NQX,2025-10,BIIB,US09062X1037,XNAS,BIOGEN INC CMN
NQX,2025-10,CDW,US12514G1085,XNAS,CDW CORPORATION
NQX,2025-10,COST,US22160K1051,XNAS,COSTCO WHOLESALE
NQX,2025-10,CRWD,US22788C1053,XNAS,CROWDSTRIKE HLD CM A
NQX,2025-10,EA,US2855121099,XNAS,ELECTRONIC ARTS INC
NQX,2025-10,FTNT,US34959E1091,XNAS,"FORTINET, INC."
NQX,2025-10,GILD,US3755581036,XNAS,"GILEAD SCIENCES, INC"
NQX,2025-10,INTC,US4581401001,XNAS,INTEL CORP
NQX,2025-10,KDP,US49271V1008,XNAS,KEURIG DR PEPPER INC
NQX,2025-10,KHC,US5007541064,XNAS,KRAFT HEINZ CO CMN
NQX,2025-10,LIN,IE000S9YS762,XNAS,LINDE PLC
NQX,2025-10,MSFT,US5949181045,XNAS,MICROSOFT CORP
NQX,2025-10,NVDA,US67066G1040,XNAS,NVIDIA CORPORATION
NQX,2025-10,NXPI,NL0009538784,XNAS,NXP SEMICONDUCTORS
NQX,2025-10,PCAR,US6937181088,XNAS,PACCAR INC.
NQX,2025-10,TEAM,US0494681010,XNAS,ATLASSIAN CLS A CS
NQX,2025-10,TMUS,US8725901040,XNAS,T-MOBILE US CMN
NQX,2025-10,TTWO,US8740541094,XNAS,TAKE-TWO INTERACTI
NQX,2025-10,VRTX,US92532F1003,XNAS,VERTEX PHARMACEUTIC
NQX,2023-09,CTAS,US1729081059,XNAS,CINTAS CORP
NQX,2023-09,EBAY,US2786421030,XNAS,EBAY INC.
NQX,2023-09,ILMN,US4523271090,XNAS,"ILLUMINA, INC."
NQX,2023-09,ROST,US7782961038,XNAS,"ROSS STORES, INC."
NQX,2023-09,TEAM,US0494681010,XNAS,ATLASSIAN CLS A CS
NQX,2023-10,BKNG,US09857L1089,XNAS,BOOKING HOLDINGS INC
NQX,2023-10,NVDA,US67066G1040,XNAS,NVIDIA CORPORATION
NQX,2023-11,MELI,US58733R1023,XNAS,"MERCADOLIBRE, INC."
NQX,2023-11,PAYX,US7043261079,XNAS,"PAYCHEX, INC."
NQX,2023-10,SIRI,US82968B1035,XNAS,SIRIUS XM HOLDINGS I
NQX,2023-11,SGEN,US81181C1045,XNAS,SEAGEN INC. CMN STK
NQX,2023-11,ZM,US98980L1017,XNAS,ZOOM VIDEO CMTS CM A
NQX,2023-11,CEG,US21037T1097,XNAS,CONSTELLATION EN CM
NQX,2023-11,BKR,US05722G1004,XNAS,BAKER HUGHES CO
NQX,2023-11,CHTR,US16119P1084,XNAS,CHARTER COMMUNICATIO
NQX,2023-11,CTSH,US1924461023,XNAS,COGNIZANT TECH SOL
NQX,2023-11,INTU,US4612021034,XNAS,INTUIT INC
NQX,2023-12,REGN,US75886F1075,XNAS,REGENERON PHARMACEUT
NQX,2023-12,TTD,US88339J1051,XNAS,THE TRADE DESK CL A
NQX,2024-02,DLTR,US2567461080,XNAS,DOLLAR TREE INC
NQX,2024-02,ADSK,US0527691069,XNAS,AUTODESK INC
NQX,2024-02,ROP,US7766961061,XNAS,ROPER TECH CMN
NQX,2024-02,TTD,US88339J1051,XNAS,THE TRADE DESK CL A
NQX,2024-02,GOOG,US02079K1079,XNAS,ALPHABET CL C CAP
NQX,2024-03,ADBE,US00724F1012,XNAS,ADOBE INC.
NQX,2024-02,AMAT,US0382221051,XNAS,APPLIED MATERIALS
NQX,2024-02,GILD,US3755581036,XNAS,"GILEAD SCIENCES, INC"
NQX,2024-02,QCOM,US7475251036,XNAS,QUALCOMM INC
NQX,2024-03,ADP,US0530151036,XNAS,AUTOMATIC DATA PROCS
NQX,2024-03,PDD,US7223041028,XNAS,PDD HOLDINGS INC ADS
NQX,2024-03,TXN,US8825081040,XNAS,TEXAS INSTRUMENTS
NQX,2024-03,ZS,US98980G1022,XNAS,"ZSCALER, INC. CMN"
NQX,2024-04,CTAS,US1729081059,XNAS,CINTAS CORP
NQX,2024-04,EA,US2855121099,XNAS,ELECTRONIC ARTS INC
NQX,2024-04,MNST,US61174X1090,XNAS,MONSTER BEVERAGE CP
NQX,2024-03,AZN,US0463531089,XNAS,ASTRAZENECA PLC ADS
NQX,2024-03,LULU,US5500211090,XNAS,LULULEMON ATHLETICA
NQX,2024-03,VRTX,US92532F1003,XNAS,VERTEX PHARMACEUTIC
NQX,2024-04,MSFT,US5949181045,XNAS,MICROSOFT CORP
NQX,2022-08,CDNS,US1273871087,XNAS,CADENCE DESIGN SYS
NQX,2022-08,CEG,US21037T1097,XNAS,CONSTELLATION EN CM
NQX,2022-08,GOOGL,US02079K3059,XNAS,ALPHABET CL A CMN
NQX,2022-08,LCID,US5494981039,XNAS,LUCID GROUP CMN
NQX,2022-08,SBUX,US8552441094,XNAS,STARBUCKS CORP
NQX,2022-08,TEAM,GB00BZ09BD16,XNAS,ATLASSIAN CLS A ORD
NQX,2024-04,AAPL,US0378331005,XNAS,APPLE INC.
NQX,2024-04,CEG,US21037T1097,XNAS,CONSTELLATION EN CM
NQX,2024-04,CSX,US1264081035,XNAS,CSX CORPORATION
NQX,2024-04,GFS,KYG393871085,XNAS,GLOBALFOUNDRIES ORD
NQX,2024-04,MDLZ,US6092071058,XNAS,MONDELEZ INTL CMN A
NQX,2024-04,AEP,US0255371017,XNAS,AMER ELC PWR CO CMN
NQX,2024-04,VRSK,US92345Y1064,XNAS,VERISK ANALYTICS INC
NQX,2024-05,ABNB,US0090661010,XNAS,"AIRBNB, INC CL A CMN"
NQX,2024-05,DASH,US25809K1051,XNAS,"DOORDASH, INC. CL A"
NQX,2024-06,INTU,US4612021034,XNAS,INTUIT INC
NQX,2024-06,TMUS,US8725901040,XNAS,T-MOBILE US CMN
NQX,2024-06,ZS,US98980G1022,XNAS,"ZSCALER, INC. CMN"
NQX,2024-05,GOOGL,US02079K3059,XNAS,ALPHABET CL A CMN
NQX,2024-05,MCHP,US5950171042,XNAS,MICROCHIP TECHNOLOGY
NQX,2024-06,TTD,US88339J1051,XNAS,THE TRADE DESK CL A
NQX,2024-06,MAR,US5719032022,XNAS,MARRIOTT INT CL A CM
NQX,2024-06,ADI,US0326541051,XNAS,ANALOG DEVICES CMN
NQX,2024-06,GFS,KYG393871085,XNAS,GLOBALFOUNDRIES ORD
NQX,2024-07,COST,US22160K1051,XNAS,COSTCO WHOLESALE
NQX,2024-07,MCHP,US5950171042,XNAS,MICROCHIP TECHNOLOGY
NQX,2024-07,ROST,US7782961038,XNAS,"ROSS STORES, INC."
NQX,2025-10,AMGN,US0311621009,XNAS,AMGEN
NQX,2025-10,ARM,US0420682058,XNAS,ARM HOLDINGS PLC ADS
NQX,2025-10,ASML,USN070592100,XNAS,ASML HLDG NY REG
NQX,2025-10,BKNG,US09857L1089,XNAS,BOOKING HOLDINGS INC
NQX,2025-10,BKR,US05722G1004,XNAS,BAKER HUGHES CO
NQX,2025-10,CTSH,US1924461023,XNAS,COGNIZANT TECH SOL
NQX,2025-10,DXCM,US2521311074,XNAS,DEXCOM
NQX,2025-10,GEHC,US36266G1076,XNAS,GE HEALTHCARE CM
NQX,2025-10,MCHP,US5950171042,XNAS,MICROCHIP TECHNOLOGY
NQX,2025-10,ORLY,US67103H1077,XNAS,O'REILLY AUTOMOTIVE
NQX,2025-10,PYPL,US70450Y1038,XNAS,PAYPAL HOLDINGS
NQX,2025-10,SHOP,CA82509L1076,XNAS,SHOPIFY INC.
NQX,2025-10,WDAY,US98138H1014,XNAS,WORKDAY INC CL A
NQX,2025-10,ZS,US98980G1022,XNAS,"ZSCALER, INC. CMN"
NQX,2024-08,CDNS,US1273871087,XNAS,CADENCE DESIGN SYS
NQX,2024-08,PYPL,US70450Y1038,XNAS,PAYPAL HOLDINGS
NQX,2024-08,CMCSA,US20030N1019,XNAS,COMCAST CORP A
NQX,2024-08,CSCO,US17275R1023,XNAS,CISCO SYSTEMS INC.
NQX,2024-08,PAYX,US7043261079,XNAS,"PAYCHEX, INC."
NQX,2024-09,ADP,US0530151036,XNAS,AUTOMATIC DATA PROCS
NQX,2024-09,DASH,US25809K1051,XNAS,"DOORDASH, INC. CL A"
NQX,2024-09,ISRG,US46120E6023,XNAS,"INTUITIVE SURG, INC."
NQX,2024-09,AAPL,US0378331005,XNAS,APPLE INC.
NQX,2024-09,GOOG,US02079K1079,XNAS,ALPHABET CL C CAP
NQX,2024-08,GFS,KYG393871085,XNAS,GLOBALFOUNDRIES ORD
NQX,2024-08,NXPI,NL0009538784,XNAS,NXP SEMICONDUCTORS
NQX,2024-08,TEAM,US0494681010,XNAS,ATLASSIAN CLS A CS
NQX,2024-08,TTD,US88339J1051,XNAS,THE TRADE DESK CL A
NQX,2024-10,MNST,US61174X1090,XNAS,MONSTER BEVERAGE CP
NQX,2024-10,AMD,US0079031078,XNAS,ADV MICRO DEVICES
NQX,2024-10,ISRG,US46120E6023,XNAS,"INTUITIVE SURG, INC."
NQX,2024-10,BKNG,US09857L1089,XNAS,BOOKING HOLDINGS INC
NQX,2024-10,CCEP,GB00BDCPN049,XNAS,COCA-COLA EUROPACIFI
NQX,2024-10,META,US30303M1027,XNAS,"META PLATFORMS, INC."
NQX,2024-10,SNPS,US8716071076,XNAS,"SYNOPSYS, INC."
NQX,2024-09,ADI,US0326541051,XNAS,ANALOG DEVICES CMN
NQX,2024-09,REGN,US75886F1075,XNAS,REGENERON PHARMACEUT
NQX,2024-11,HON,US4385161066,XNAS,HONEYWELL INTL INC
NQX,2024-11,CMCSA,US20030N1019,XNAS,COMCAST CORP A
NQX,2024-11,ILMN,US4523271090,XNAS,"ILLUMINA, INC."
NQX,2024-10,ORLY,US67103H1077,XNAS,O'REILLY AUTOMOTIVE
NQX,2024-10,PEP,US7134481081,XNAS,PEPSICO INC
NQX,2024-10,WBD,US9344231041,XNAS,WRNR BRS DS CM WI
NQX,2024-12,TTD,US88339J1051,XNAS,THE TRADE DESK CL A
NQX,2024-12,AMD,US0079031078,XNAS,ADV MICRO DEVICES
NQX,2024-12,BKNG,US09857L1089,XNAS,BOOKING HOLDINGS INC
NQX,2024-12,INTC,US4581401001,XNAS,INTEL CORP
NQX,2024-12,REGN,US75886F1075,XNAS,REGENERON PHARMACEUT
NQX,2022-09,FTNT,US34959E1091,XNAS,"FORTINET, INC."
NQX,2022-09,MDLZ,US6092071058,XNAS,MONDELEZ INTL CMN A
NQX,2022-09,PEP,US7134481081,XNAS,PEPSICO INC
NQX,2025-01,VRTX,US92532F1003,XNAS,VERTEX PHARMACEUTIC
NQX,2025-01,FAST,US3119001044,XNAS,FASTENAL CO
NQX,2025-01,GFS,KYG393871085,XNAS,GLOBALFOUNDRIES ORD
NQX,2025-01,INTC,US4581401001,XNAS,INTEL CORP
NQX,2025-01,ZS,US98980G1022,XNAS,"ZSCALER, INC. CMN"
NQX,2025-02,MELI,US58733R1023,XNAS,"MERCADOLIBRE, INC."
NQX,2025-02,QCOM,US7475251036,XNAS,QUALCOMM INC
NQX,2025-02,WBD,US9344231041,XNAS,WRNR BRS DS CM WI
NQX,2025-02,ADSK,US0527691069,XNAS,AUTODESK INC
NQX,2025-02,CCEP,GB00BDCPN049,XNAS,COCA-COLA EUROPACIFI
NQX,2025-02,CTSH,US1924461023,XNAS,COGNIZANT TECH SOL
NQX,2025-02,DXCM,US2521311074,XNAS,DEXCOM
NQX,2024-12,ISRG,US46120E6023,XNAS,"INTUITIVE SURG, INC."
NQX,2025-02,AMGN,US0311621009,XNAS,AMGEN
NQX,2025-02,TMUS,US8725901040,XNAS,T-MOBILE US CMN
NQX,2025-02,TTWO,US8740541094,XNAS,TAKE-TWO INTERACTI
NQX,2025-02,ZS,US98980G1022,XNAS,"ZSCALER, INC. CMN"
NQX,2025-03,APP,US03831W1080,XNAS,APPLOVIN CORP CLA CM
NQX,2025-03,AXON,US05464C1018,XNAS,"AXON ENTERPRISE, INC"
NQX,2025-03,GEHC,US36266G1076,XNAS,GE HEALTHCARE CM
NQX,2025-01,TSLA,US88160R1014,XNAS,"TESLA, INC."
NQX,2025-03,KHC,US5007541064,XNAS,KRAFT HEINZ CO CMN
NQX,2025-03,PDD,US7223041028,XNAS,PDD HOLDINGS INC ADS
NQX,2025-04,GEHC,US36266G1076,XNAS,GE HEALTHCARE CM
NQX,2025-04,MDB,US60937P1066,XNAS,"MONGODB, INC CL A CM"
NQX,2025-04,ANSS,US03662Q1058,XNAS,ANSYS INC
NQX,2025-04,BIIB,US09062X1037,XNAS,BIOGEN INC CMN
NQX,2025-02,AMD,US0079031078,XNAS,ADV MICRO DEVICES
NQX,2025-02,ASML,USN070592100,XNAS,ASML HLDG NY REG
NQX,2025-02,HON,US4385161066,XNAS,HONEYWELL INTL INC
NQX,2025-05,WBD,US9344231041,XNAS,WRNR BRS DS CM WI
NQX,2025-04,CSX,US1264081035,XNAS,CSX CORPORATION
NQX,2025-04,DASH,US25809K1051,XNAS,"DOORDASH, INC. CL A"
NQX,2025-04,PCAR,US6937181088,XNAS,PACCAR INC.
NQX,2025-04,ROST,US7782961038,XNAS,"ROSS STORES, INC."
NQX,2025-05,CSX,US1264081035,XNAS,CSX CORPORATION
NQX,2025-05,MU,US5951121038,XNAS,MICRON TECHNOLOGY
NQX,2025-03,CTSH,US1924461023,XNAS,COGNIZANT TECH SOL
NQX,2025-03,INTC,US4581401001,XNAS,INTEL CORP
NQX,2025-05,EA,US2855121099,XNAS,ELECTRONIC ARTS INC
NQX,2025-05,KDP,US49271V1008,XNAS,KEURIG DR PEPPER INC
NQX,2025-06,AEP,US0255371017,XNAS,AMER ELC PWR CO CMN
NQX,2025-10,AMAT,US0382221051,XNAS,APPLIED MATERIALS
NQX,2025-10,AMD,US0079031078,XNAS,ADV MICRO DEVICES
NQX,2025-10,CCEP,GB00BDCPN049,XNAS,COCA-COLA EUROPACIFI
NQX,2025-10,CDNS,US1273871087,XNAS,CADENCE DESIGN SYS
NQX,2025-10,CEG,US21037T1097,XNAS,CONSTELLATION EN CM
NQX,2025-10,CMCSA,US20030N1019,XNAS,COMCAST CORP A
NQX,2025-10,CSCO,US17275R1023,XNAS,CISCO SYSTEMS INC.
NQX,2025-10,CSGP,US22160N1090,XNAS,COSTAR GROUP INC
NQX,2025-10,CSX,US1264081035,XNAS,CSX CORPORATION
NQX,2025-10,CTAS,US1729081059,XNAS,CINTAS CORP
NQX,2025-10,FANG,US25278X1090,XNAS,DIAMONDBACK ENERGY
NQX,2025-10,GOOG,US02079K1079,XNAS,ALPHABET CL C CAP
NQX,2025-10,GOOGL,US02079K3059,XNAS,ALPHABET CL A CMN
NQX,2025-10,INTU,US4612021034,XNAS,INTUIT INC
NQX,2025-10,ISRG,US46120E6023,XNAS,"INTUITIVE SURG, INC."
NQX,2025-10,KLAC,US4824801009,XNAS,KLA CP CMN STK
NQX,2025-10,LRCX,US5128073062,XNAS,LAM RESEARCH CORP
NQX,2025-10,MNST,US61174X1090,XNAS,MONSTER BEVERAGE CP
NQX,2025-10,MRVL,US5738741041,XNAS,MARVELL TECH INC CMN
NQX,2025-10,MSTR,US5949724083,XNAS,STRATEGY INC CL A CS
NQX,2025-10,MU,US5951121038,XNAS,MICRON TECHNOLOGY
NQX,2025-10,NFLX,US64110L1061,XNAS,"NETFLIX, INC."
NQX,2025-10,PANW,US6974351057,XNAS,PALO ALTO NTWKS CM
NQX,2025-10,PAYX,US7043261079,XNAS,"PAYCHEX, INC."
NQX,2025-10,QCOM,US7475251036,XNAS,QUALCOMM INC
NQX,2025-10,REGN,US75886F1075,XNAS,REGENERON PHARMACEUT
NQX,2025-10,ROP,US7766961061,XNAS,ROPER TECH CMN
NQX,2025-10,SBUX,US8552441094,XNAS,STARBUCKS CORP
NQX,2025-10,SNPS,US8716071076,XNAS,"SYNOPSYS, INC."
NQX,2025-10,TRI,CA8849038085,XNAS,THOMSON REUTERS CMN
NQX,2025-10,TTD,US88339J1051,XNAS,THE TRADE DESK CL A
NQX,2025-10,VRSK,US92345Y1064,XNAS,VERISK ANALYTICS INC
NQX,2025-10,XEL,US98389B1008,XNAS,XCEL ENERGY CMN
NQX,2025-06,AVGO,US11135F1012,XNAS,BROADCOM INC.
NQX,2025-06,META,US30303M1027,XNAS,"META PLATFORMS, INC."
NQX,2025-06,PCAR,US6937181088,XNAS,PACCAR INC.
NQX,2025-06,TTWO,US8740541094,XNAS,TAKE-TWO INTERACTI
NQX,2025-04,KDP,US49271V1008,XNAS,KEURIG DR PEPPER INC
NQX,2025-06,CHTR,US16119P1084,XNAS,CHARTER COMMUNICATIO
NQX,2025-06,INTU,US4612021034,XNAS,INTUIT INC
NQX,2025-07,AVGO,US11135F1012,XNAS,BROADCOM INC.
NQX,2025-05,AMD,US0079031078,XNAS,ADV MICRO DEVICES
NQX,2025-05,BKR,US05722G1004,XNAS,BAKER HUGHES CO
NQX,2025-05,META,US30303M1027,XNAS,"META PLATFORMS, INC."
NQX,2025-05,TSLA,US88160R1014,XNAS,"TESLA, INC."
NQX,2025-07,CSGP,US22160N1090,XNAS,COSTAR GROUP INC
NQX,2025-07,EXC,US30161N1019,XNAS,EXELON CORP CMN STK
NQX,2025-07,TMUS,US8725901040,XNAS,T-MOBILE US CMN
NQX,2025-07,CDW,US12514G1085,XNAS,CDW CORPORATION
NQX,2025-07,ZS,US98980G1022,XNAS,"ZSCALER, INC. CMN"
NQX,2025-09,ODFL,US6795801009,XNAS,OLD DOMINION FREIG
NQX,2025-09,TSLA,US88160R1014,XNAS,"TESLA, INC."
NQX,2025-06,AMGN,US0311621009,XNAS,AMGEN
NQX,2025-06,COST,US22160K1051,XNAS,COSTCO WHOLESALE
NQX,2025-09,ABNB,US0090661010,XNAS,"AIRBNB, INC CL A CMN"
NQX,2025-09,CSCO,US17275R1023,XNAS,CISCO SYSTEMS INC.
NQX,2025-09,MNST,US61174X1090,XNAS,MONSTER BEVERAGE CP
NQX,2025-09,SNPS,US8716071076,XNAS,"SYNOPSYS, INC."
NQX,2022-10,JD,US47215P1066,XNAS,"JD.COM, INC. ADS"
NQX,2022-10,TEAM,US0494681010,XNAS,ATLASSIAN CLS A CS
NQX,2025-07,APP,US03831W1080,XNAS,APPLOVIN CORP CLA CM
NQX,2024-05,DXCM,US2521311074,XNAS,DEXCOM
NQX,2023-01,JD,US47215P1066,XNAS,"JD.COM, INC. ADS"
NQX,2023-01,QCOM,US7475251036,XNAS,QUALCOMM INC
NQX,2025-09,AAPL,US0378331005,XNAS,APPLE INC.
NQX,2025-09,AEP,US0255371017,XNAS,AMER ELC PWR CO CMN
NQX,2025-09,KLAC,US4824801009,XNAS,KLA CP CMN STK
NQX,2025-09,MCHP,US5950171042,XNAS,MICROCHIP TECHNOLOGY
NQX,2025-09,TXN,US8825081040,XNAS,TEXAS INSTRUMENTS
NQX,2022-11,SBUX,US8552441094,XNAS,STARBUCKS CORP
NQX,2022-11,CTAS,US1729081059,XNAS,CINTAS CORP
NQX,2022-11,ASML,USN070592100,XNAS,ASML HLDG NY REG
NQX,2022-11,MDLZ,US6092071058,XNAS,MONDELEZ INTL CMN A
NQX,2022-11,SPLK,US8486371045,XNAS,SPLUNK INC.
NQX,2022-06,COST,US22160K1051,XNAS,COSTCO WHOLESALE
NQX,2022-06,SWKS,US83088M1027,XNAS,SKYWORKS SOLUTIONS
NQX,2022-06,WDAY,US98138H1014,XNAS,WORKDAY INC CL A
NQX,2022-12,ANSS,US03662Q1058,XNAS,ANSYS INC
NQX,2022-12,MELI,US58733R1023,XNAS,"MERCADOLIBRE, INC."
NQX,2022-12,PEP,US7134481081,XNAS,PEPSICO INC
NQX,2022-12,PANW,US6974351057,XNAS,PALO ALTO NTWKS CM
NQX,2022-12,HON,US4385161066,XNAS,HONEYWELL INTL INC
NQX,2022-12,KDP,US49271V1008,XNAS,KEURIG DR PEPPER INC
NQX,2022-12,TXN,US8825081040,XNAS,TEXAS INSTRUMENTS
NQX,2022-06,ADI,US0326541051,XNAS,ANALOG DEVICES CMN
NQX,2022-06,CMCSA,US20030N1019,XNAS,COMCAST CORP A
NQX,2022-06,DOCU,US2561631068,XNAS,"DOCUSIGN, INC. CMN"
NQX,2022-06,ISRG,US46120E6023,XNAS,"INTUITIVE SURG, INC."
NQX,2022-06,MNST,US61174X1090,XNAS,MONSTER BEVERAGE CP
NQX,2022-06,NFLX,US64110L1061,XNAS,"NETFLIX, INC."
NQX,2022-06,ZM,US98980L1017,XNAS,ZOOM VIDEO CMTS CM A
NQX,2023-01,LRCX,US5128071082,XNAS,LAM RESEARCH CORP
NQX,2023-01,PYPL,US70450Y1038,XNAS,PAYPAL HOLDINGS
NQX,2023-01,WDAY,US98138H1014,XNAS,WORKDAY INC CL A
NQX,2023-01,EA,US2855121099,XNAS,ELECTRONIC ARTS INC
NQX,2023-01,ORLY,US67103H1077,XNAS,O'REILLY AUTOMOTIVE
NQX,2023-01,GOOG,US02079K1079,XNAS,ALPHABET CL C CAP
NQX,2023-01,NVDA,US67066G1040,XNAS,NVIDIA CORPORATION
NQX,2023-02,COST,US22160K1051,XNAS,COSTCO WHOLESALE
NQX,2023-02,EXC,US30161N1019,XNAS,EXELON CORP CMN STK
NQX,2023-02,MELI,US58733R1023,XNAS,"MERCADOLIBRE, INC."
NQX,2023-02,SBUX,US8552441094,XNAS,STARBUCKS CORP
NQX,2023-02,TSLA,US88160R1014,XNAS,"TESLA, INC."
NQX,2023-02,DLTR,US2567461080,XNAS,DOLLAR TREE INC
NQX,2023-02,MNST,US61174X1090,XNAS,MONSTER BEVERAGE CP
NQX,2023-02,PCAR,US6937181088,XNAS,PACCAR INC.
NQX,2023-02,ROST,US7782961038,XNAS,"ROSS STORES, INC."
NQX,2023-02,TEAM,US0494681010,XNAS,ATLASSIAN CLS A CS
NQX,2023-03,CDNS,US1273871087,XNAS,CADENCE DESIGN SYS
NQX,2023-03,LRCX,US5128071082,XNAS,LAM RESEARCH CORP
NQX,2023-03,SNPS,US8716071076,XNAS,"SYNOPSYS, INC."
NQX,2022-12,KLAC,US4824801009,XNAS,KLA CP CMN STK
NQX,2023-03,ADBE,US00724F1012,XNAS,ADOBE INC.
NQX,2023-03,INTC,US4581401001,XNAS,INTEL CORP
NQX,2023-04,BIIB,US09062X1037,XNAS,BIOGEN INC CMN
NQX,2023-04,NVDA,US67066G1040,XNAS,NVIDIA CORPORATION
NQX,2023-04,TEAM,US0494681010,XNAS,ATLASSIAN CLS A CS
NQX,2023-04,ADP,US0530151036,XNAS,AUTOMATIC DATA PROCS
NQX,2023-04,ILMN,US4523271090,XNAS,"ILLUMINA, INC."
NQX,2023-04,MAR,US5719032022,XNAS,MARRIOTT INT CL A CM
NQX,2023-04,WDAY,US98138H1014,XNAS,WORKDAY INC CL A
NQX,2023-01,DDOG,US23804L1035,XNAS,DATADOG INC.L A CM
NQX,2023-01,ENPH,US29355A1079,XNAS,"ENPHASE ENERGY, INC."
NQX,2023-05,INTU,US4612021034,XNAS,INTUIT INC
NQX,2023-05,GOOG,US02079K1079,XNAS,ALPHABET CL C CAP
NQX,2023-05,VRTX,US92532F1003,XNAS,VERTEX PHARMACEUTIC
NQX,2023-02,ADBE,US00724F1012,XNAS,ADOBE INC.
NQX,2023-05,CPRT,US2172041061,XNAS,"COPART, INC."
NQX,2023-05,FISV,US3377381088,XNAS,"FISERV, INC."
NQX,2023-05,KLAC,US4824801009,XNAS,KLA CP CMN STK
NQX,2023-05,MNST,US61174X1090,XNAS,MONSTER BEVERAGE CP
NQX,2023-06,ADP,US0530151036,XNAS,AUTOMATIC DATA PROCS
NQX,2023-06,AMGN,US0311621009,XNAS,AMGEN
NQX,2023-06,CRWD,US22788C1053,XNAS,CROWDSTRIKE HLD CM A
NQX,2023-06,CSX,US1264081035,XNAS,CSX CORPORATION
NQX,2023-06,INTC,US4581401001,XNAS,INTEL CORP
NQX,2023-06,ABNB,US0090661010,XNAS,"AIRBNB, INC CL A CMN"
NQX,2022-07,ADBE,US00724F1012,XNAS,ADOBE INC.
NQX,2022-07,BIDU,US0567521085,XNAS,"BAIDU, INC"
NQX,2023-07,GFS,KYG393871085,XNAS,GLOBALFOUNDRIES ORD
NQX,2023-07,MNST,US61174X1090,XNAS,MONSTER BEVERAGE CP
NQX,2023-06,DXCM,US2521311074,XNAS,DEXCOM
NQX,2023-06,MNST,US61174X1090,XNAS,MONSTER BEVERAGE CP
NQX,2023-06,MU,US5951121038,XNAS,MICRON TECHNOLOGY
NQX,2023-06,WBD,US9344231041,XNAS,WRNR BRS DS CM WI
NQX,2023-07,FTNT,US34959E1091,XNAS,"FORTINET, INC."
NQX,2023-07,TEAM,US0494681010,XNAS,ATLASSIAN CLS A CS
NQX,2023-08,REGN,US75886F1075,XNAS,REGENERON PHARMACEUT
NQX,2023-08,WBD,US9344231041,XNAS,WRNR BRS DS CM WI
NQX,2023-08,ZS,US98980G1022,XNAS,"ZSCALER, INC. CMN"
NQX,2023-05,PDD,US7223041028,XNAS,PDD HOLDINGS INC ADS
NQX,2023-05,WDAY,US98138H1014,XNAS,WORKDAY INC CL A
NQX,2023-08,ADSK,US0527691069,XNAS,AUTODESK INC
NQX,2023-09,CSX,US1264081035,XNAS,CSX CORPORATION
NQX,2023-09,GOOGL,US02079K3059,XNAS,ALPHABET CL A CMN
NQX,2022-07,AMGN,US0311621009,XNAS,AMGEN
NQX,2022-07,ATVI,US00507V1098,XNAS,ACTIVISION BLIZZARD
NQX,2022-07,MRNA,US60770K1079,XNAS,MODERNA INC CS
NQX,2022-07,NVDA,US67066G1040,XNAS,NVIDIA CORPORATION
NQX,2022-07,SPLK,US8486371045,XNAS,SPLUNK INC.
NQX,2023-06,MRNA,US60770K1079,XNAS,MODERNA INC CS
NQX,2023-09,INTC,US4581401001,XNAS,INTEL CORP
NQX,2023-09,ODFL,US6795801009,XNAS,OLD DOMINION FREIG
NQX,2023-09,WBA,US9314271084,XNAS,WALGREENS BTS ALN CM
NQX,2023-10,PEP,US7134481081,XNAS,PEPSICO INC
NQX,2023-10,XEL,US98389B1008,XNAS,XCEL ENERGY CMN
NQX,2023-10,AVGO,US11135F1012,XNAS,BROADCOM INC.
NQX,2023-07,ADI,US0326541051,XNAS,ANALOG DEVICES CMN
NQX,2023-07,FAST,US3119001044,XNAS,FASTENAL CO
NQX,2023-11,QCOM,US7475251036,XNAS,QUALCOMM INC
NQX,2023-10,AMD,US0079031078,XNAS,ADV MICRO DEVICES
NQX,2023-08,AVGO,US11135F1012,XNAS,BROADCOM INC.
NQX,2023-08,LULU,US5500211090,XNAS,LULULEMON ATHLETICA
NQX,2023-08,PAYX,US7043261079,XNAS,"PAYCHEX, INC."
NQX,2023-08,VRTX,US92532F1003,XNAS,VERTEX PHARMACEUTIC
NQX,2023-11,ANSS,US03662Q1058,XNAS,ANSYS INC
NQX,2023-11,ZS,US98980G1022,XNAS,"ZSCALER, INC. CMN"
NQX,2023-12,AMGN,US0311621009,XNAS,AMGEN
NQX,2023-12,ILMN,US4523271090,XNAS,"ILLUMINA, INC."
NQX,2023-12,INTC,US4581401001,XNAS,INTEL CORP
NQX,2023-12,ZM,US98980L1017,XNAS,ZOOM VIDEO CMTS CM A
NQX,2023-11,AEP,US0255371017,XNAS,AMER ELC PWR CO CMN
NQX,2023-09,AMZN,US0231351067,XNAS,AMAZON.COM INC
NQX,2023-09,FTNT,US34959E1091,XNAS,"FORTINET, INC."
NQX,2023-09,LULU,US5500211090,XNAS,LULULEMON ATHLETICA
NQX,2023-09,XEL,US98389B1008,XNAS,XCEL ENERGY CMN
NQX,2023-12,CSGP,US22160N1090,XNAS,COSTAR GROUP INC
NQX,2023-12,DDOG,US23804L1035,XNAS,DATADOG INC.L A CM
NQX,2023-12,NXPI,NL0009538784,XNAS,NXP SEMICONDUCTORS
NQX,2023-12,PAYX,US7043261079,XNAS,"PAYCHEX, INC."
NQX,2023-12,ODFL,US6795801009,XNAS,OLD DOMINION FREIG
NQX,2023-10,KLAC,US4824801009,XNAS,KLA CP CMN STK
NQX,2024-02,MDLZ,US6092071058,XNAS,MONDELEZ INTL CMN A
NQX,2024-02,MRNA,US60770K1079,XNAS,MODERNA INC CS
NQX,2024-02,PEP,US7134481081,XNAS,PEPSICO INC
NQX,2024-02,SBUX,US8552441094,XNAS,STARBUCKS CORP
NQX,2024-02,AMD,US0079031078,XNAS,ADV MICRO DEVICES
NQX,2024-02,ANSS,US03662Q1058,XNAS,ANSYS INC
NQX,2024-02,CRWD,US22788C1053,XNAS,CROWDSTRIKE HLD CM A
NQX,2024-02,ON,US6821891057,XNAS,ON SEMICONDUCTOR
NQX,2024-03,VRSK,US92345Y1064,XNAS,VERISK ANALYTICS INC
NQX,2024-02,AZN,US0463531089,XNAS,ASTRAZENECA PLC ADS
NQX,2023-11,EXC,US30161N1019,XNAS,EXELON CORP CMN STK
NQX,2023-11,TXN,US8825081040,XNAS,TEXAS INSTRUMENTS
NQX,2022-08,ADP,US0530151036,XNAS,AUTOMATIC DATA PROCS
NQX,2022-08,ANSS,US03662Q1058,XNAS,ANSYS INC
NQX,2022-08,ORLY,US67103H1077,XNAS,O'REILLY AUTOMOTIVE
NQX,2024-03,AMD,US0079031078,XNAS,ADV MICRO DEVICES
NQX,2024-03,CRWD,US22788C1053,XNAS,CROWDSTRIKE HLD CM A
NQX,2024-03,ON,US6821891057,XNAS,ON SEMICONDUCTOR
NQX,2024-03,PYPL,US70450Y1038,XNAS,PAYPAL HOLDINGS
NQX,2024-03,ASML,USN070592100,XNAS,ASML HLDG NY REG
NQX,2024-03,NFLX,US64110L1061,XNAS,"NETFLIX, INC."
NQX,2024-03,TTWO,US8740541094,XNAS,TAKE-TWO INTERACTI
NQX,2024-04,CRWD,US22788C1053,XNAS,CROWDSTRIKE HLD CM A
NQX,2024-04,PYPL,US70450Y1038,XNAS,PAYPAL HOLDINGS
NQX,2023-12,ADSK,US0527691069,XNAS,AUTODESK INC
NQX,2023-12,AMAT,US0382221051,XNAS,APPLIED MATERIALS
NQX,2023-12,CHTR,US16119P1084,XNAS,CHARTER COMMUNICATIO
NQX,2023-12,LULU,US5500211090,XNAS,LULULEMON ATHLETICA
NQX,2024-05,INTU,US4612021034,XNAS,INTUIT INC
NQX,2024-05,MU,US5951121038,XNAS,MICRON TECHNOLOGY
NQX,2024-05,QCOM,US7475251036,XNAS,QUALCOMM INC
NQX,2024-04,CTSH,US1924461023,XNAS,COGNIZANT TECH SOL
NQX,2024-05,AMGN,US0311621009,XNAS,AMGEN
NQX,2024-05,LIN,IE000S9YS762,XNAS,LINDE PLC
NQX,2024-06,CSGP,US22160N1090,XNAS,COSTAR GROUP INC
NQX,2024-06,DASH,US25809K1051,XNAS,"DOORDASH, INC. CL A"
NQX,2024-06,PANW,US6974351057,XNAS,PALO ALTO NTWKS CM
NQX,2024-05,DDOG,US23804L1035,XNAS,DATADOG INC.L A CM
NQX,2022-08,AAPL,US0378331005,XNAS,APPLE INC.
NQX,2022-08,AEP,US0255371017,XNAS,AMER ELC PWR CO CMN
NQX,2022-08,ASML,USN070592100,XNAS,ASML HLDG NY REG
NQX,2022-08,DDOG,US23804L1035,XNAS,DATADOG INC.L A CM
NQX,2022-08,FAST,US3119001044,XNAS,FASTENAL CO
NQX,2022-08,FTNT,US34959E1091,XNAS,"FORTINET, INC."
NQX,2022-08,GOOG,US02079K1079,XNAS,ALPHABET CL C CAP
NQX,2022-08,ILMN,US4523271090,XNAS,"ILLUMINA, INC."
NQX,2022-08,MNST,US61174X1090,XNAS,MONSTER BEVERAGE CP
NQX,2022-08,REGN,US75886F1075,XNAS,REGENERON PHARMACEUT
NQX,2022-08,ROST,US7782961038,XNAS,"ROSS STORES, INC."
NQX,2022-08,ZM,US98980L1017,XNAS,ZOOM VIDEO CMTS CM A
NQX,2024-02,AEP,US0255371017,XNAS,AMER ELC PWR CO CMN
NQX,2024-02,GFS,KYG393871085,XNAS,GLOBALFOUNDRIES ORD
NQX,2024-02,INTU,US4612021034,XNAS,INTUIT INC
NQX,2024-06,SIRI,US82968B1035,XNAS,SIRIUS XM HOLDINGS I
NQX,2024-02,FTNT,US34959E1091,XNAS,"FORTINET, INC."
NQX,2024-06,ANSS,US03662Q1058,XNAS,ANSYS INC
NQX,2024-07,XEL,US98389B1008,XNAS,XCEL ENERGY CMN
NQX,2024-03,GOOGL,US02079K3059,XNAS,ALPHABET CL A CMN
NQX,2024-03,MNST,US61174X1090,XNAS,MONSTER BEVERAGE CP
NQX,2024-07,CCEP,GB00BDCPN049,XNAS,COCA-COLA EUROPACIFI
NQX,2024-07,EXC,US30161N1019,XNAS,EXELON CORP CMN STK
NQX,2024-07,FANG,US25278X1090,XNAS,DIAMONDBACK ENERGY
NQX,2024-07,MAR,US5719032022,XNAS,MARRIOTT INT CL A CM
NQX,2024-07,MELI,US58733R1023,XNAS,"MERCADOLIBRE, INC."
NQX,2024-07,PDD,US7223041028,XNAS,PDD HOLDINGS INC ADS
NQX,2024-07,GOOG,US02079K1079,XNAS,ALPHABET CL C CAP
NQX,2024-07,ISRG,US46120E6023,XNAS,"INTUITIVE SURG, INC."
NQX,2024-07,MRNA,US60770K1079,XNAS,MODERNA INC CS
NQX,2024-08,ADI,US0326541051,XNAS,ANALOG DEVICES CMN
NQX,2024-04,REGN,US75886F1075,XNAS,REGENERON PHARMACEUT
NQX,2024-08,DLTR,US2567461080,XNAS,DOLLAR TREE INC
NQX,2024-08,MCHP,US5950171042,XNAS,MICROCHIP TECHNOLOGY
NQX,2024-09,ADBE,US00724F1012,XNAS,ADOBE INC.
NQX,2024-09,BIIB,US09062X1037,XNAS,BIOGEN INC CMN
NQX,2024-09,DDOG,US23804L1035,XNAS,DATADOG INC.L A CM
NQX,2024-05,MELI,US58733R1023,XNAS,"MERCADOLIBRE, INC."
NQX,2024-09,CEG,US21037T1097,XNAS,CONSTELLATION EN CM
NQX,2024-09,MCHP,US5950171042,XNAS,MICROCHIP TECHNOLOGY
NQX,2024-09,QCOM,US7475251036,XNAS,QUALCOMM INC
NQX,2024-09,AMGN,US0311621009,XNAS,AMGEN
NQX,2024-09,CPRT,US2172041061,XNAS,"COPART, INC."
NQX,2024-10,ADI,US0326541051,XNAS,ANALOG DEVICES CMN
NQX,2024-10,DXCM,US2521311074,XNAS,DEXCOM
NQX,2024-10,WDAY,US98138H1014,XNAS,WORKDAY INC CL A
NQX,2024-06,ASML,USN070592100,XNAS,ASML HLDG NY REG
NQX,2024-06,CEG,US21037T1097,XNAS,CONSTELLATION EN CM
NQX,2024-06,IDXX,US45168D1046,XNAS,IDEXX LABORATORIES
NQX,2024-06,ROST,US7782961038,XNAS,"ROSS STORES, INC."
NQX,2024-10,MELI,US58733R1023,XNAS,"MERCADOLIBRE, INC."
NQX,2024-10,PYPL,US70450Y1038,XNAS,PAYPAL HOLDINGS
NQX,2024-10,QCOM,US7475251036,XNAS,QUALCOMM INC
NQX,2024-11,BIIB,US09062X1037,XNAS,BIOGEN INC CMN
NQX,2024-11,CTSH,US1924461023,XNAS,COGNIZANT TECH SOL
NQX,2024-11,PYPL,US70450Y1038,XNAS,PAYPAL HOLDINGS
NQX,2024-10,ROST,US7782961038,XNAS,"ROSS STORES, INC."
NQX,2024-10,XEL,US98389B1008,XNAS,XCEL ENERGY CMN
NQX,2024-11,LULU,US5500211090,XNAS,LULULEMON ATHLETICA
NQX,2024-11,PDD,US7223041028,XNAS,PDD HOLDINGS INC ADS
NQX,2024-07,MNST,US61174X1090,XNAS,MONSTER BEVERAGE CP
NQX,2024-11,TXN,US8825081040,XNAS,TEXAS INSTRUMENTS
NQX,2024-12,DXCM,US2521311074,XNAS,DEXCOM
NQX,2024-12,TMUS,US8725901040,XNAS,T-MOBILE US CMN
NQX,2024-12,CSX,US1264081035,XNAS,CSX CORPORATION
NQX,2024-12,GOOGL,US02079K3059,XNAS,ALPHABET CL A CMN
NQX,2024-12,ZS,US98980G1022,XNAS,"ZSCALER, INC. CMN"
NQX,2024-08,AMZN,US0231351067,XNAS,AMAZON.COM INC
NQX,2022-09,CEG,US21037T1097,XNAS,CONSTELLATION EN CM
NQX,2022-09,CHTR,US16119P1084,XNAS,CHARTER COMMUNICATIO
NQX,2022-09,DDOG,US23804L1035,XNAS,DATADOG INC.L A CM
NQX,2024-12,ADSK,US0527691069,XNAS,AUTODESK INC
NQX,2024-12,CSGP,US22160N1090,XNAS,COSTAR GROUP INC
NQX,2024-12,DDOG,US23804L1035,XNAS,DATADOG INC.L A CM
NQX,2024-12,NXPI,NL0009538784,XNAS,NXP SEMICONDUCTORS
NQX,2024-12,PANW,US6974351057,XNAS,PALO ALTO NTWKS CM
NQX,2025-01,ADI,US0326541051,XNAS,ANALOG DEVICES CMN
NQX,2025-01,COST,US22160K1051,XNAS,COSTCO WHOLESALE
NQX,2025-01,GOOG,US02079K1079,XNAS,ALPHABET CL C CAP
NQX,2024-09,CHTR,US16119P1084,XNAS,CHARTER COMMUNICATIO
NQX,2024-09,META,US30303M1027,XNAS,"META PLATFORMS, INC."
NQX,2024-09,TXN,US8825081040,XNAS,TEXAS INSTRUMENTS
NQX,2024-09,XEL,US98389B1008,XNAS,XCEL ENERGY CMN
NQX,2025-01,ADP,US0530151036,XNAS,AUTOMATIC DATA PROCS
NQX,2025-01,ROST,US7782961038,XNAS,"ROSS STORES, INC."
NQX,2025-02,EXC,US30161N1019,XNAS,EXELON CORP CMN STK
NQX,2025-02,ISRG,US46120E6023,XNAS,"INTUITIVE SURG, INC."
NQX,2025-02,KLAC,US4824801009,XNAS,KLA CP CMN STK
NQX,2024-10,FTNT,US34959E1091,XNAS,"FORTINET, INC."
NQX,2024-10,TEAM,US0494681010,XNAS,ATLASSIAN CLS A CS
NQX,2025-02,AAPL,US0378331005,XNAS,APPLE INC.
NQX,2025-02,INTC,US4581401001,XNAS,INTEL CORP
NQX,2022-09,BIDU,US0567521085,XNAS,"BAIDU, INC"
NQX,2022-09,DLTR,US2567461080,XNAS,DOLLAR TREE INC
NQX,2022-09,HON,US4385161066,XNAS,HONEYWELL INTL INC
NQX,2025-03,AMD,US0079031078,XNAS,ADV MICRO DEVICES
NQX,2025-03,FAST,US3119001044,XNAS,FASTENAL CO
NQX,2025-03,MNST,US61174X1090,XNAS,MONSTER BEVERAGE CP
NQX,2024-11,BKNG,US09857L1089,XNAS,BOOKING HOLDINGS INC
NQX,2024-11,FTNT,US34959E1091,XNAS,"FORTINET, INC."
NQX,2025-04,PEP,US7134481081,XNAS,PEPSICO INC
NQX,2024-12,MELI,US58733R1023,XNAS,"MERCADOLIBRE, INC."
NQX,2024-12,TXN,US8825081040,XNAS,TEXAS INSTRUMENTS
NQX,2025-03,DASH,US25809K1051,XNAS,"DOORDASH, INC. CL A"
NQX,2025-03,GFS,KYG393871085,XNAS,GLOBALFOUNDRIES ORD
NQX,2025-03,PEP,US7134481081,XNAS,PEPSICO INC
NQX,2025-04,AXON,US05464C1018,XNAS,"AXON ENTERPRISE, INC"
NQX,2025-04,BKNG,US09857L1089,XNAS,BOOKING HOLDINGS INC
NQX,2025-04,KLAC,US4824801009,XNAS,KLA CP CMN STK
NQX,2025-05,FAST,US3119001044,XNAS,FASTENAL CO
NQX,2025-05,MRVL,US5738741041,XNAS,MARVELL TECH INC CMN
NQX,2025-05,SBUX,US8552441094,XNAS,STARBUCKS CORP
NQX,2023-02,AZN,US0463531089,XNAS,ASTRAZENECA PLC ADS
NQX,2025-04,ASML,USN070592100,XNAS,ASML HLDG NY REG
NQX,2025-05,CEG,US21037T1097,XNAS,CONSTELLATION EN CM
NQX,2025-05,KLAC,US4824801009,XNAS,KLA CP CMN STK
NQX,2025-05,TTWO,US8740541094,XNAS,TAKE-TWO INTERACTI
NQX,2025-01,BKNG,US09857L1089,XNAS,BOOKING HOLDINGS INC
NQX,2025-01,TTD,US88339J1051,XNAS,THE TRADE DESK CL A
NQX,2025-06,AMZN,US0231351067,XNAS,AMAZON.COM INC
NQX,2025-06,FANG,US25278X1090,XNAS,DIAMONDBACK ENERGY
NQX,2025-06,FTNT,US34959E1091,XNAS,"FORTINET, INC."
NQX,2025-06,HON,US4385161066,XNAS,HONEYWELL INTL INC
NQX,2025-06,NVDA,US67066G1040,XNAS,NVIDIA CORPORATION
NQX,2025-06,ABNB,US0090661010,XNAS,"AIRBNB, INC CL A CMN"
NQX,2025-06,MELI,US58733R1023,XNAS,"MERCADOLIBRE, INC."
NQX,2025-06,MNST,US61174X1090,XNAS,MONSTER BEVERAGE CP
NQX,2025-06,ZS,US98980G1022,XNAS,"ZSCALER, INC. CMN"
NQX,2025-02,BKNG,US09857L1089,XNAS,BOOKING HOLDINGS INC
NQX,2025-07,CSX,US1264081035,XNAS,CSX CORPORATION
NQX,2025-07,PAYX,US7043261079,XNAS,"PAYCHEX, INC."
NQX,2025-07,CPRT,US2172041061,XNAS,"COPART, INC."
NQX,2025-03,CDNS,US1273871087,XNAS,CADENCE DESIGN SYS
NQX,2025-03,COST,US22160K1051,XNAS,COSTCO WHOLESALE
NQX,2025-03,LULU,US5500211090,XNAS,LULULEMON ATHLETICA
NQX,2025-03,NVDA,US67066G1040,XNAS,NVIDIA CORPORATION
NQX,2025-09,BIIB,US09062X1037,XNAS,BIOGEN INC CMN
NQX,2025-09,CTSH,US1924461023,XNAS,COGNIZANT TECH SOL
NQX,2025-09,FAST,US3119001044,XNAS,FASTENAL CO
NQX,2025-09,MELI,US58733R1023,XNAS,"MERCADOLIBRE, INC."
NQX,2025-09,PAYX,US7043261079,XNAS,"PAYCHEX, INC."
NQX,2025-09,TEAM,US0494681010,XNAS,ATLASSIAN CLS A CS
NQX,2025-09,TRI,CA8849038085,XNAS,THOMSON REUTERS CMN
NQX,2025-07,AXON,US05464C1018,XNAS,"AXON ENTERPRISE, INC"
NQX,2025-07,CEG,US21037T1097,XNAS,CONSTELLATION EN CM
NQX,2025-07,EA,US2855121099,XNAS,ELECTRONIC ARTS INC
NQX,2025-07,ODFL,US6795801009,XNAS,OLD DOMINION FREIG
NQX,2025-09,ON,US6821891057,XNAS,ON SEMICONDUCTOR
NQX,2025-09,PCAR,US6937181088,XNAS,PACCAR INC.
NQX,2025-09,VRTX,US92532F1003,XNAS,VERTEX PHARMACEUTIC
NQX,2025-04,ADSK,US0527691069,XNAS,AUTODESK INC
NQX,2022-10,COST,US22160K1051,XNAS,COSTCO WHOLESALE
NQX,2022-10,EXC,US30161N1019,XNAS,EXELON CORP CMN STK
NQX,2022-10,HON,US4385161066,XNAS,HONEYWELL INTL INC
NQX,2022-10,TMUS,US8725901040,XNAS,T-MOBILE US CMN
NQX,2025-09,ADBE,US00724F1012,XNAS,ADOBE INC.
NQX,2025-09,PANW,US6974351057,XNAS,PALO ALTO NTWKS CM
NQX,2025-05,ASML,USN070592100,XNAS,ASML HLDG NY REG
NQX,2025-05,LRCX,US5128073062,XNAS,LAM RESEARCH CORP
NQX,2025-06,EA,US2855121099,XNAS,ELECTRONIC ARTS INC
NQX,2025-06,GEHC,US36266G1076,XNAS,GE HEALTHCARE CM
NQX,2025-06,XEL,US98389B1008,XNAS,XCEL ENERGY CMN
NQX,2022-10,ASML,USN070592100,XNAS,ASML HLDG NY REG
NQX,2022-10,MSFT,US5949181045,XNAS,MICROSOFT CORP
NQX,2022-10,MU,US5951121038,XNAS,MICRON TECHNOLOGY
NQX,2025-07,ADI,US0326541051,XNAS,ANALOG DEVICES CMN
NQX,2025-07,CCEP,GB00BDCPN049,XNAS,COCA-COLA EUROPACIFI
NQX,2025-07,TXN,US8825081040,XNAS,TEXAS INSTRUMENTS
NQX,2024-06,ABNB,US0090661010,XNAS,"AIRBNB, INC CL A CMN"
NQX,2022-11,ATVI,US00507V1098,XNAS,ACTIVISION BLIZZARD
NQX,2022-11,CHTR,US16119P1084,XNAS,CHARTER COMMUNICATIO
NQX,2022-11,GILD,US3755581036,XNAS,"GILEAD SCIENCES, INC"
NQX,2022-11,GOOG,US02079K1079,XNAS,ALPHABET CL C CAP
NQX,2022-11,MAR,US5719032022,XNAS,MARRIOTT INT CL A CM
NQX,2022-11,PDD,US7223041028,XNAS,PINDUODUO INC. ADS
NQX,2022-11,SIRI,US82968B1035,XNAS,SIRIUS XM HOLDINGS I
NQX,2022-11,INTU,US4612021034,XNAS,INTUIT INC
NQX,2022-11,ROST,US7782961038,XNAS,"ROSS STORES, INC."
NQX,2025-09,ASML,USN070592100,XNAS,ASML HLDG NY REG
NQX,2025-09,MAR,US5719032022,XNAS,MARRIOTT INT CL A CM
NQX,2022-11,BIIB,US09062X1037,XNAS,BIOGEN INC CMN
NQX,2022-11,MCHP,US5950171042,XNAS,MICROCHIP TECHNOLOGY
NQX,2022-11,VRSK,US92345Y1064,XNAS,VERISK ANALYTICS INC
NQX,2022-12,META,US30303M1027,XNAS,"META PLATFORMS, INC."
NQX,2022-12,NVDA,US67066G1040,XNAS,NVIDIA CORPORATION
NQX,2022-12,SBUX,US8552441094,XNAS,STARBUCKS CORP
NQX,2022-11,DDOG,US23804L1035,XNAS,DATADOG INC.L A CM
NQX,2022-11,DOCU,US2561631068,XNAS,"DOCUSIGN, INC. CMN"
NQX,2023-01,ANSS,US03662Q1058,XNAS,ANSYS INC
NQX,2023-01,MNST,US61174X1090,XNAS,MONSTER BEVERAGE CP
NQX,2022-12,CEG,US21037T1097,XNAS,CONSTELLATION EN CM
NQX,2022-06,ABNB,US0090661010,XNAS,"AIRBNB, INC CL A CMN"
NQX,2022-06,ADSK,US0527691069,XNAS,AUTODESK INC
NQX,2022-06,ATVI,US00507V1098,XNAS,ACTIVISION BLIZZARD
NQX,2022-06,DDOG,US23804L1035,XNAS,DATADOG INC.L A CM
NQX,2022-06,INTU,US4612021034,XNAS,INTUIT INC
NQX,2023-01,ALGN,US0162551016,XNAS,ALIGN TECHNOLOGY I
NQX,2023-01,GFS,KYG393871085,XNAS,GLOBALFOUNDRIES ORD
NQX,2023-02,ENPH,US29355A1079,XNAS,"ENPHASE ENERGY, INC."
NQX,2023-02,FANG,US25278X1090,XNAS,DIAMONDBACK ENERGY
NQX,2023-02,GFS,KYG393871085,XNAS,GLOBALFOUNDRIES ORD
NQX,2022-06,AMAT,US0382221051,XNAS,APPLIED MATERIALS
NQX,2022-06,CDNS,US1273871087,XNAS,CADENCE DESIGN SYS
NQX,2022-06,MELI,US58733R1023,XNAS,"MERCADOLIBRE, INC."
NQX,2023-02,GOOG,US02079K1079,XNAS,ALPHABET CL C CAP
NQX,2023-03,SGEN,US81181C1045,XNAS,SEAGEN INC. CMN STK
NQX,2023-02,FAST,US3119001044,XNAS,FASTENAL CO
NQX,2023-04,LCID,US5494981039,XNAS,LUCID GROUP CMN
NQX,2023-04,META,US30303M1027,XNAS,"META PLATFORMS, INC."
NQX,2023-03,AVGO,US11135F1012,XNAS,BROADCOM INC.
NQX,2023-03,CEG,US21037T1097,XNAS,CONSTELLATION EN CM
NQX,2023-03,META,US30303M1027,XNAS,"META PLATFORMS, INC."
NQX,2023-03,SBUX,US8552441094,XNAS,STARBUCKS CORP
NQX,2023-04,ABNB,US0090661010,XNAS,"AIRBNB, INC CL A CMN"
NQX,2023-04,EA,US2855121099,XNAS,ELECTRONIC ARTS INC
NQX,2023-04,LRCX,US5128071082,XNAS,LAM RESEARCH CORP
NQX,2023-04,NXPI,NL0009538784,XNAS,NXP SEMICONDUCTORS
NQX,2023-05,AMGN,US0311621009,XNAS,AMGEN
NQX,2023-05,AMZN,US0231351067,XNAS,AMAZON.COM INC
NQX,2023-05,META,US30303M1027,XNAS,"META PLATFORMS, INC."
NQX,2023-05,PANW,US6974351057,XNAS,PALO ALTO NTWKS CM
NQX,2023-05,SIRI,US82968B1035,XNAS,SIRIUS XM HOLDINGS I
NQX,2022-12,CSX,US1264081035,XNAS,CSX CORPORATION
NQX,2023-05,COST,US22160K1051,XNAS,COSTCO WHOLESALE
NQX,2023-06,ALGN,US0162551016,XNAS,ALIGN TECHNOLOGY I
NQX,2023-06,AMZN,US0231351067,XNAS,AMAZON.COM INC
NQX,2023-06,ASML,USN070592100,XNAS,ASML HLDG NY REG
NQX,2023-06,MDLZ,US6092071058,XNAS,MONDELEZ INTL CMN A
NQX,2023-06,SIRI,US82968B1035,XNAS,SIRIUS XM HOLDINGS I
NQX,2023-01,ADBE,US00724F1012,XNAS,ADOBE INC.
NQX,2023-01,AMAT,US0382221051,XNAS,APPLIED MATERIALS
NQX,2023-01,SNPS,US8716071076,XNAS,"SYNOPSYS, INC."
NQX,2023-05,AVGO,US11135F1012,XNAS,BROADCOM INC.
NQX,2023-05,LCID,US5494981039,XNAS,LUCID GROUP CMN
NQX,2023-05,MDLZ,US6092071058,XNAS,MONDELEZ INTL CMN A
NQX,2023-05,NVDA,US67066G1040,XNAS,NVIDIA CORPORATION
NQX,2023-06,BKNG,US09857L1089,XNAS,BOOKING HOLDINGS INC
NQX,2023-06,GOOGL,US02079K3059,XNAS,ALPHABET CL A CMN
NQX,2023-06,TSLA,US88160R1014,XNAS,"TESLA, INC."
NQX,2023-06,CEG,US21037T1097,XNAS,CONSTELLATION EN CM
NQX,2023-06,ENPH,US29355A1079,XNAS,"ENPHASE ENERGY, INC."
NQX,2023-07,KLAC,US4824801009,XNAS,KLA CP CMN STK
NQX,2023-02,FTNT,US34959E1091,XNAS,"FORTINET, INC."
NQX,2023-02,PAYX,US7043261079,XNAS,"PAYCHEX, INC."
NQX,2023-02,PEP,US7134481081,XNAS,PEPSICO INC
NQX,2023-07,ADSK,US0527691069,XNAS,AUTODESK INC
NQX,2023-07,ENPH,US29355A1079,XNAS,"ENPHASE ENERGY, INC."
NQX,2023-08,INTC,US4581401001,XNAS,INTEL CORP
NQX,2023-08,NXPI,NL0009538784,XNAS,NXP SEMICONDUCTORS
NQX,2023-07,AZN,US0463531089,XNAS,ASTRAZENECA PLC ADS
NQX,2023-07,BKR,US05722G1004,XNAS,BAKER HUGHES CO
NQX,2023-07,LULU,US5500211090,XNAS,LULULEMON ATHLETICA
NQX,2023-07,MSFT,US5949181045,XNAS,MICROSOFT CORP
NQX,2023-07,TMUS,US8725901040,XNAS,T-MOBILE US CMN
NQX,2023-03,AMZN,US0231351067,XNAS,AMAZON.COM INC
NQX,2023-03,JD,US47215P1066,XNAS,"JD.COM, INC. ADS"
NQX,2023-08,CSX,US1264081035,XNAS,CSX CORPORATION
NQX,2023-08,MNST,US61174X1090,XNAS,MONSTER BEVERAGE CP
NQX,2023-08,TSLA,US88160R1014,XNAS,"TESLA, INC."
NQX,2023-08,VRSK,US92345Y1064,XNAS,VERISK ANALYTICS INC
NQX,2023-09,FANG,US25278X1090,XNAS,DIAMONDBACK ENERGY
NQX,2023-08,AAPL,US0378331005,XNAS,APPLE INC.
NQX,2023-08,CSGP,US22160N1090,XNAS,COSTAR GROUP INC
NQX,2023-08,CTSH,US1924461023,XNAS,COGNIZANT TECH SOL
NQX,2023-04,ANSS,US03662Q1058,XNAS,ANSYS INC
NQX,2023-04,JD,US47215P1066,XNAS,"JD.COM, INC. ADS"
NQX,2023-09,BKNG,US09857L1089,XNAS,BOOKING HOLDINGS INC
NQX,2023-09,GFS,KYG393871085,XNAS,GLOBALFOUNDRIES ORD
NQX,2023-09,META,US30303M1027,XNAS,"META PLATFORMS, INC."
NQX,2022-07,ABNB,US0090661010,XNAS,"AIRBNB, INC CL A CMN"
NQX,2022-07,ADSK,US0527691069,XNAS,AUTODESK INC
NQX,2022-07,ANSS,US03662Q1058,XNAS,ANSYS INC
NQX,2022-07,CPRT,US2172041061,XNAS,"COPART, INC."
NQX,2022-07,CSX,US1264081035,XNAS,CSX CORPORATION
NQX,2022-07,CTAS,US1729081059,XNAS,CINTAS CORP
NQX,2023-10,DDOG,US23804L1035,XNAS,DATADOG INC.L A CM
NQX,2023-10,GFS,KYG393871085,XNAS,GLOBALFOUNDRIES ORD
NQX,2023-10,MAR,US5719032022,XNAS,MARRIOTT INT CL A CM
NQX,2023-10,TTD,US88339J1051,XNAS,THE TRADE DESK CL A
NQX,2023-09,CDNS,US1273871087,XNAS,CADENCE DESIGN SYS
NQX,2023-09,DLTR,US2567461080,XNAS,DOLLAR TREE INC
NQX,2023-09,NFLX,US64110L1061,XNAS,"NETFLIX, INC."
NQX,2023-05,MU,US5951121038,XNAS,MICRON TECHNOLOGY
NQX,2023-05,PCAR,US6937181088,XNAS,PACCAR INC.
NQX,2023-05,QCOM,US7475251036,XNAS,QUALCOMM INC
NQX,2023-11,MRNA,US60770K1079,XNAS,MODERNA INC CS
NQX,2023-11,MU,US5951121038,XNAS,MICRON TECHNOLOGY
NQX,2023-10,FTNT,US34959E1091,XNAS,"FORTINET, INC."
NQX,2023-06,KLAC,US4824801009,XNAS,KLA CP CMN STK
NQX,2023-06,VRTX,US92532F1003,XNAS,VERTEX PHARMACEUTIC
NQX,2023-11,MNST,US61174X1090,XNAS,MONSTER BEVERAGE CP
NQX,2023-11,MRVL,US5738741041,XNAS,MARVELL TECH INC CMN
NQX,2023-11,CRWD,US22788C1053,XNAS,CROWDSTRIKE HLD CM A
NQX,2023-12,BKNG,US09857L1089,XNAS,BOOKING HOLDINGS INC
NQX,2023-12,MAR,US5719032022,XNAS,MARRIOTT INT CL A CM
NQX,2023-12,LRCX,US5128071082,XNAS,LAM RESEARCH CORP
NQX,2023-12,ON,US6821891057,XNAS,ON SEMICONDUCTOR
NQX,2024-03,IDXX,US45168D1046,XNAS,IDEXX LABORATORIES
NQX,2024-03,TEAM,US0494681010,XNAS,ATLASSIAN CLS A CS
NQX,2023-12,ABNB,US0090661010,XNAS,"AIRBNB, INC CL A CMN"
NQX,2023-12,ADP,US0530151036,XNAS,AUTOMATIC DATA PROCS
NQX,2023-12,MNST,US61174X1090,XNAS,MONSTER BEVERAGE CP
NQX,2024-02,FAST,US3119001044,XNAS,FASTENAL CO
NQX,2024-02,ROST,US7782961038,XNAS,"ROSS STORES, INC."
NQX,2023-08,DLTR,US2567461080,XNAS,DOLLAR TREE INC
NQX,2024-02,BIIB,US09062X1037,XNAS,BIOGEN INC CMN
NQX,2024-02,MAR,US5719032022,XNAS,MARRIOTT INT CL A CM
NQX,2024-02,SPLK,US8486371045,XNAS,SPLUNK INC.
NQX,2023-09,MNST,US61174X1090,XNAS,MONSTER BEVERAGE CP
NQX,2024-03,MDLZ,US6092071058,XNAS,MONDELEZ INTL CMN A
NQX,2024-03,AMZN,US0231351067,XNAS,AMAZON.COM INC
NQX,2024-03,KLAC,US4824801009,XNAS,KLA CP CMN STK
NQX,2024-03,MU,US5951121038,XNAS,MICRON TECHNOLOGY
NQX,2023-10,JD,US47215P1066,XNAS,"JD.COM, INC. ADS"
NQX,2023-10,PCAR,US6937181088,XNAS,PACCAR INC.
NQX,2023-10,SBUX,US8552441094,XNAS,STARBUCKS CORP
NQX,2024-03,CDNS,US1273871087,XNAS,CADENCE DESIGN SYS
NQX,2024-03,PEP,US7134481081,XNAS,PEPSICO INC
NQX,2023-11,ASML,USN070592100,XNAS,ASML HLDG NY REG
NQX,2023-11,AZN,US0463531089,XNAS,ASTRAZENECA PLC ADS
NQX,2023-11,LRCX,US5128071082,XNAS,LAM RESEARCH CORP
NQX,2023-03,HON,US4385161066,XNAS,HONEYWELL INTL INC
NQX,2024-05,ADSK,US0527691069,XNAS,AUTODESK INC
NQX,2024-05,MRNA,US60770K1079,XNAS,MODERNA INC CS
NQX,2024-05,NVDA,US67066G1040,XNAS,NVIDIA CORPORATION
NQX,2024-05,ZS,US98980G1022,XNAS,"ZSCALER, INC. CMN"
NQX,2024-04,BIIB,US09062X1037,XNAS,BIOGEN INC CMN
NQX,2024-04,IDXX,US45168D1046,XNAS,IDEXX LABORATORIES
NQX,2024-04,VRTX,US92532F1003,XNAS,VERTEX PHARMACEUTIC
NQX,2024-05,ADI,US0326541051,XNAS,ANALOG DEVICES CMN
NQX,2024-06,AZN,US0463531089,XNAS,ASTRAZENECA PLC ADS
NQX,2022-08,AZN,US0463531089,XNAS,ASTRAZENECA PLC ADS
NQX,2022-08,CTAS,US1729081059,XNAS,CINTAS CORP
NQX,2022-08,EBAY,US2786421030,XNAS,EBAY INC.
NQX,2022-08,NFLX,US64110L1061,XNAS,"NETFLIX, INC."
NQX,2022-08,TSLA,US88160R1014,XNAS,"TESLA, INC."
NQX,2022-08,COST,US22160K1051,XNAS,COSTCO WHOLESALE
NQX,2022-08,EA,US2855121099,XNAS,ELECTRONIC ARTS INC
NQX,2022-08,HON,US4385161066,XNAS,HONEYWELL INTL INC
NQX,2022-08,MRVL,US5738741041,XNAS,MARVELL TECH INC CMN
NQX,2022-08,ZS,US98980G1022,XNAS,"ZSCALER, INC. CMN"
NQX,2024-05,GEHC,US36266G1076,XNAS,GE HEALTHCARE CM
NQX,2024-05,WBA,US9314271084,XNAS,WALGREENS BTS ALN CM
NQX,2024-06,PCAR,US6937181088,XNAS,PACCAR INC.
NQX,2024-07,NXPI,NL0009538784,XNAS,NXP SEMICONDUCTORS
NQX,2024-06,GILD,US3755581036,XNAS,"GILEAD SCIENCES, INC"
NQX,2024-06,PAYX,US7043261079,XNAS,"PAYCHEX, INC."
NQX,2024-07,AVGO,US11135F1012,XNAS,BROADCOM INC.
NQX,2024-07,BKNG,US09857L1089,XNAS,BOOKING HOLDINGS INC
NQX,2024-08,AEP,US0255371017,XNAS,AMER ELC PWR CO CMN
NQX,2024-08,GOOG,US02079K1079,XNAS,ALPHABET CL C CAP
NQX,2024-08,LIN,IE000S9YS762,XNAS,LINDE PLC
NQX,2024-02,DDOG,US23804L1035,XNAS,DATADOG INC.L A CM
NQX,2024-02,VRTX,US92532F1003,XNAS,VERTEX PHARMACEUTIC
NQX,2024-07,KLAC,US4824801009,XNAS,KLA CP CMN STK
NQX,2024-07,META,US30303M1027,XNAS,"META PLATFORMS, INC."
NQX,2024-08,KLAC,US4824801009,XNAS,KLA CP CMN STK
NQX,2024-08,PDD,US7223041028,XNAS,PDD HOLDINGS INC ADS
NQX,2024-09,ROST,US7782961038,XNAS,"ROSS STORES, INC."
NQX,2024-03,SPLK,US8486371045,XNAS,SPLUNK INC.
NQX,2024-03,WBD,US9344231041,XNAS,WRNR BRS DS CM WI
NQX,2024-08,ON,US6821891057,XNAS,ON SEMICONDUCTOR
NQX,2024-09,EXC,US30161N1019,XNAS,EXELON CORP CMN STK
NQX,2024-09,TMUS,US8725901040,XNAS,T-MOBILE US CMN
NQX,2024-04,CDW,US12514G1085,XNAS,CDW CORPORATION
NQX,2024-04,CMCSA,US20030N1019,XNAS,COMCAST CORP A
NQX,2024-04,CPRT,US2172041061,XNAS,"COPART, INC."
NQX,2024-04,NXPI,NL0009538784,XNAS,NXP SEMICONDUCTORS
NQX,2024-10,ADSK,US0527691069,XNAS,AUTODESK INC
NQX,2024-10,AMAT,US0382221051,XNAS,APPLIED MATERIALS
NQX,2024-10,CMCSA,US20030N1019,XNAS,COMCAST CORP A
NQX,2024-10,TMUS,US8725901040,XNAS,T-MOBILE US CMN
NQX,2024-10,DLTR,US2567461080,XNAS,DOLLAR TREE INC
NQX,2024-10,KDP,US49271V1008,XNAS,KEURIG DR PEPPER INC
NQX,2024-10,MRNA,US60770K1079,XNAS,MODERNA INC CS
NQX,2024-10,PCAR,US6937181088,XNAS,PACCAR INC.
NQX,2024-10,TTWO,US8740541094,XNAS,TAKE-TWO INTERACTI
NQX,2024-09,DXCM,US2521311074,XNAS,DEXCOM
NQX,2024-11,PANW,US6974351057,XNAS,PALO ALTO NTWKS CM
NQX,2024-05,FAST,US3119001044,XNAS,FASTENAL CO
NQX,2024-05,NFLX,US64110L1061,XNAS,"NETFLIX, INC."
NQX,2024-05,PANW,US6974351057,XNAS,PALO ALTO NTWKS CM
NQX,2024-10,AMZN,US0231351067,XNAS,AMAZON.COM INC
NQX,2024-11,AZN,US0463531089,XNAS,ASTRAZENECA PLC ADS
NQX,2024-11,CHTR,US16119P1084,XNAS,CHARTER COMMUNICATIO
NQX,2024-11,DDOG,US23804L1035,XNAS,DATADOG INC.L A CM
NQX,2024-11,NFLX,US64110L1061,XNAS,"NETFLIX, INC."
NQX,2024-12,APP,US03831W1080,XNAS,APPLOVIN CORP CLA CM
NQX,2024-06,BIIB,US09062X1037,XNAS,BIOGEN INC CMN
NQX,2024-06,CCEP,GB00BDCPN049,XNAS,COCA-COLA EUROPACIFI
NQX,2024-06,NFLX,US64110L1061,XNAS,"NETFLIX, INC."
NQX,2024-06,SNPS,US8716071076,XNAS,"SYNOPSYS, INC."
NQX,2024-12,CEG,US21037T1097,XNAS,CONSTELLATION EN CM
NQX,2024-12,CSCO,US17275R1023,XNAS,CISCO SYSTEMS INC.
NQX,2024-12,NVDA,US67066G1040,XNAS,NVIDIA CORPORATION
NQX,2024-12,VRTX,US92532F1003,XNAS,VERTEX PHARMACEUTIC
NQX,2025-01,ANSS,US03662Q1058,XNAS,ANSYS INC
NQX,2024-12,EA,US2855121099,XNAS,ELECTRONIC ARTS INC
NQX,2024-12,ORLY,US67103H1077,XNAS,O'REILLY AUTOMOTIVE
NQX,2024-12,WBD,US9344231041,XNAS,WRNR BRS DS CM WI
NQX,2025-01,GEHC,US36266G1076,XNAS,GE HEALTHCARE CM
NQX,2025-01,TEAM,US0494681010,XNAS,ATLASSIAN CLS A CS
NQX,2025-02,FANG,US25278X1090,XNAS,DIAMONDBACK ENERGY
NQX,2025-02,PEP,US7134481081,XNAS,PEPSICO INC
NQX,2025-01,INTU,US4612021034,XNAS,INTUIT INC
NQX,2025-02,CDW,US12514G1085,XNAS,CDW CORPORATION
NQX,2025-02,CSCO,US17275R1023,XNAS,CISCO SYSTEMS INC.
NQX,2025-02,INTU,US4612021034,XNAS,INTUIT INC
NQX,2025-02,PLTR,US69608A1088,XNAS,PALANTIR TECH CL A
NQX,2025-02,ROST,US7782961038,XNAS,"ROSS STORES, INC."
NQX,2022-09,AMD,US0079031078,XNAS,ADV MICRO DEVICES
NQX,2022-09,COST,US22160K1051,XNAS,COSTCO WHOLESALE
NQX,2022-09,CPRT,US2172041061,XNAS,"COPART, INC."
NQX,2022-09,INTC,US4581401001,XNAS,INTEL CORP
NQX,2022-09,ATVI,US00507V1098,XNAS,ACTIVISION BLIZZARD
NQX,2022-09,MRNA,US60770K1079,XNAS,MODERNA INC CS
NQX,2022-09,OKTA,US6792951054,XNAS,"OKTA, INC. CL A CM"
NQX,2022-09,PYPL,US70450Y1038,XNAS,PAYPAL HOLDINGS
NQX,2025-03,FANG,US25278X1090,XNAS,DIAMONDBACK ENERGY
NQX,2025-03,LIN,IE000S9YS762,XNAS,LINDE PLC
NQX,2025-02,EA,US2855121099,XNAS,ELECTRONIC ARTS INC
NQX,2025-02,FTNT,US34959E1091,XNAS,"FORTINET, INC."
NQX,2025-03,AZN,US0463531089,XNAS,ASTRAZENECA PLC ADS
NQX,2024-09,FTNT,US34959E1091,XNAS,"FORTINET, INC."
NQX,2024-09,HON,US4385161066,XNAS,HONEYWELL INTL INC
NQX,2024-09,VRSK,US92345Y1064,XNAS,VERISK ANALYTICS INC
NQX,2025-03,NFLX,US64110L1061,XNAS,"NETFLIX, INC."
NQX,2024-10,MSFT,US5949181045,XNAS,MICROSOFT CORP
NQX,2024-10,TSLA,US88160R1014,XNAS,"TESLA, INC."
NQX,2025-04,NFLX,US64110L1061,XNAS,"NETFLIX, INC."
NQX,2025-05,ADP,US0530151036,XNAS,AUTOMATIC DATA PROCS
NQX,2025-05,AMGN,US0311621009,XNAS,AMGEN
NQX,2025-05,GOOG,US02079K1079,XNAS,ALPHABET CL C CAP
NQX,2025-05,MSFT,US5949181045,XNAS,MICROSOFT CORP
NQX,2025-04,MELI,US58733R1023,XNAS,"MERCADOLIBRE, INC."
NQX,2024-11,MRVL,US5738741041,XNAS,MARVELL TECH INC CMN
NQX,2024-11,ON,US6821891057,XNAS,ON SEMICONDUCTOR
NQX,2024-11,VRSK,US92345Y1064,XNAS,VERISK ANALYTICS INC
NQX,2024-11,WBD,US9344231041,XNAS,WRNR BRS DS CM WI
NQX,2025-05,CHTR,US16119P1084,XNAS,CHARTER COMMUNICATIO
NQX,2025-05,TXN,US8825081040,XNAS,TEXAS INSTRUMENTS
NQX,2025-05,WDAY,US98138H1014,XNAS,WORKDAY INC CL A
NQX,2025-06,GOOGL,US02079K3059,XNAS,ALPHABET CL A CMN
NQX,2025-06,MSTR,US5949724083,XNAS,MICROSTRATEGY CL A
NQX,2025-06,PANW,US6974351057,XNAS,PALO ALTO NTWKS CM
NQX,2024-12,ADP,US0530151036,XNAS,AUTOMATIC DATA PROCS
NQX,2024-12,MDB,US60937P1066,XNAS,"MONGODB, INC CL A CM"
NQX,2025-07,TTD,US88339J1051,XNAS,THE TRADE DESK CL A
NQX,2025-07,WBD,US9344231041,XNAS,WRNR BRS DS CM WI
NQX,2025-06,PAYX,US7043261079,XNAS,"PAYCHEX, INC."
NQX,2025-01,AEP,US0255371017,XNAS,AMER ELC PWR CO CMN
NQX,2025-01,KLAC,US4824801009,XNAS,KLA CP CMN STK
NQX,2025-09,AMZN,US0231351067,XNAS,AMAZON.COM INC
NQX,2025-07,GOOG,US02079K1079,XNAS,ALPHABET CL C CAP
NQX,2025-07,WDAY,US98138H1014,XNAS,WORKDAY INC CL A
NQX,2025-02,ADP,US0530151036,XNAS,AUTOMATIC DATA PROCS
NQX,2025-09,EA,US2855121099,XNAS,ELECTRONIC ARTS INC
NQX,2025-09,TTWO,US8740541094,XNAS,TAKE-TWO INTERACTI
NQX,2025-09,GOOGL,US02079K3059,XNAS,ALPHABET CL A CMN
NQX,2025-09,ISRG,US46120E6023,XNAS,"INTUITIVE SURG, INC."
NQX,2025-09,LRCX,US5128073062,XNAS,LAM RESEARCH CORP
NQX,2025-09,NFLX,US64110L1061,XNAS,"NETFLIX, INC."
NQX,2025-03,ADP,US0530151036,XNAS,AUTOMATIC DATA PROCS
NQX,2025-04,CDW,US12514G1085,XNAS,CDW CORPORATION
NQX,2025-04,VRSK,US92345Y1064,XNAS,VERISK ANALYTICS INC
NQX,2022-10,DDOG,US23804L1035,XNAS,DATADOG INC.L A CM
NQX,2022-10,AVGO,US11135F1012,XNAS,BROADCOM INC.
NQX,2022-10,BIIB,US09062X1037,XNAS,BIOGEN INC CMN
NQX,2022-10,CDNS,US1273871087,XNAS,CADENCE DESIGN SYS
NQX,2022-10,CHTR,US16119P1084,XNAS,CHARTER COMMUNICATIO
NQX,2022-10,DOCU,US2561631068,XNAS,"DOCUSIGN, INC. CMN"
NQX,2022-10,IDXX,US45168D1046,XNAS,IDEXX LABORATORIES
NQX,2022-10,ILMN,US4523271090,XNAS,"ILLUMINA, INC."
NQX,2022-10,ORLY,US67103H1077,XNAS,O'REILLY AUTOMOTIVE
NQX,2022-10,SIRI,US82968B1035,XNAS,SIRIUS XM HOLDINGS I
NQX,2022-10,VRTX,US92532F1003,XNAS,VERTEX PHARMACEUTIC
NQX,2025-05,MDLZ,US6092071058,XNAS,MONDELEZ INTL CMN A
NQX,2022-11,AMGN,US0311621009,XNAS,AMGEN
NQX,2022-11,MRVL,US5738741041,XNAS,MARVELL TECH INC CMN
NQX,2025-06,CMCSA,US20030N1019,XNAS,COMCAST CORP A
NQX,2025-06,TSLA,US88160R1014,XNAS,"TESLA, INC."
NQX,2025-07,TTWO,US8740541094,XNAS,TAKE-TWO INTERACTI
NQX,2022-11,CEG,US21037T1097,XNAS,CONSTELLATION EN CM
NQX,2022-11,NVDA,US67066G1040,XNAS,NVIDIA CORPORATION
NQX,2024-07,ODFL,US6795801009,XNAS,OLD DOMINION FREIG
NQX,2024-07,ORLY,US67103H1077,XNAS,O'REILLY AUTOMOTIVE
NQX,2025-09,ADI,US0326541051,XNAS,ANALOG DEVICES CMN
NQX,2025-09,WBD,US9344231041,XNAS,WRNR BRS DS CM WI
NQX,2022-12,BIIB,US09062X1037,XNAS,BIOGEN INC CMN
NQX,2022-12,CDNS,US1273871087,XNAS,CADENCE DESIGN SYS
NQX,2022-12,CRWD,US22788C1053,XNAS,CROWDSTRIKE HLD CM A
NQX,2022-12,LCID,US5494981039,XNAS,LUCID GROUP CMN
NQX,2022-12,MCHP,US5950171042,XNAS,MICROCHIP TECHNOLOGY
NQX,2022-12,ORLY,US67103H1077,XNAS,O'REILLY AUTOMOTIVE
NQX,2022-12,XEL,US98389B1008,XNAS,XCEL ENERGY CMN
NQX,2023-01,ADSK,US0527691069,XNAS,AUTODESK INC
NQX,2023-01,PAYX,US7043261079,XNAS,"PAYCHEX, INC."
NQX,2023-01,CMCSA,US20030N1019,XNAS,COMCAST CORP A
NQX,2023-01,ISRG,US46120E6023,XNAS,"INTUITIVE SURG, INC."
NQX,2023-02,ANSS,US03662Q1058,XNAS,ANSYS INC
NQX,2023-02,INTU,US4612021034,XNAS,INTUIT INC
NQX,2023-02,VRSK,US92345Y1064,XNAS,VERISK ANALYTICS INC
NQX,2022-11,ADBE,US00724F1012,XNAS,ADOBE INC.
NQX,2022-11,CSCO,US17275R1023,XNAS,CISCO SYSTEMS INC.
NQX,2022-11,ODFL,US6795801009,XNAS,OLD DOMINION FREIG
NQX,2022-11,PYPL,US70450Y1038,XNAS,PAYPAL HOLDINGS
NQX,2023-02,AEP,US0255371017,XNAS,AMER ELC PWR CO CMN
NQX,2023-02,BIIB,US09062X1037,XNAS,BIOGEN INC CMN
NQX,2023-02,AMZN,US0231351067,XNAS,AMAZON.COM INC
NQX,2023-03,FANG,US25278X1090,XNAS,DIAMONDBACK ENERGY
NQX,2023-03,PCAR,US6937181088,XNAS,PACCAR INC.
NQX,2023-03,QCOM,US7475251036,XNAS,QUALCOMM INC
NQX,2023-03,CMCSA,US20030N1019,XNAS,COMCAST CORP A
NQX,2023-04,PDD,US7223041028,XNAS,PDD HOLDINGS INC ADS
NQX,2023-04,ALGN,US0162551016,XNAS,ALIGN TECHNOLOGY I
NQX,2023-04,REGN,US75886F1075,XNAS,REGENERON PHARMACEUT
NQX,2023-04,WBA,US9314271084,XNAS,WALGREENS BTS ALN CM
NQX,2023-04,WBD,US9344231041,XNAS,WRNR BRS DS CM WI
NQX,2023-05,CDNS,US1273871087,XNAS,CADENCE DESIGN SYS
NQX,2023-05,ZM,US98980L1017,XNAS,ZOOM VIDEO CMTS CM A
NQX,2023-05,IDXX,US45168D1046,XNAS,IDEXX LABORATORIES
NQX,2023-05,WBA,US9314271084,XNAS,WALGREENS BTS ALN CM
NQX,2023-05,LULU,US5500211090,XNAS,LULULEMON ATHLETICA
NQX,2023-06,AMAT,US0382221051,XNAS,APPLIED MATERIALS
NQX,2023-06,PAYX,US7043261079,XNAS,"PAYCHEX, INC."
NQX,2023-06,RIVN,US76954A1034,XNAS,RIVIAN AUTO CL A CM
NQX,2024-04,AMGN,US0311621009,XNAS,AMGEN
NQX,2024-04,ROST,US7782961038,XNAS,"ROSS STORES, INC."
NQX,2023-04,DDOG,US23804L1035,XNAS,DATADOG INC.L A CM
NQX,2023-04,EBAY,US2786421030,XNAS,EBAY INC.
NQX,2023-04,SBUX,US8552441094,XNAS,STARBUCKS CORP
NQX,2023-06,DLTR,US2567461080,XNAS,DOLLAR TREE INC
NQX,2023-06,INTU,US4612021034,XNAS,INTUIT INC
NQX,2023-06,TXN,US8825081040,XNAS,TEXAS INSTRUMENTS
NQX,2022-12,AEP,US0255371017,XNAS,AMER ELC PWR CO CMN
NQX,2022-12,AMD,US0079031078,XNAS,ADV MICRO DEVICES
NQX,2022-12,AVGO,US11135F1012,XNAS,BROADCOM INC.
NQX,2023-06,BIIB,US09062X1037,XNAS,BIOGEN INC CMN
NQX,2023-07,AMZN,US0231351067,XNAS,AMAZON.COM INC
NQX,2023-07,VRSK,US92345Y1064,XNAS,VERISK ANALYTICS INC
NQX,2023-07,COST,US22160K1051,XNAS,COSTCO WHOLESALE
NQX,2023-07,CSX,US1264081035,XNAS,CSX CORPORATION
NQX,2023-07,LCID,US5494981039,XNAS,LUCID GROUP CMN
NQX,2023-07,LRCX,US5128071082,XNAS,LAM RESEARCH CORP
NQX,2023-07,TSLA,US88160R1014,XNAS,"TESLA, INC."
NQX,2023-01,VRSK,US92345Y1064,XNAS,VERISK ANALYTICS INC
NQX,2023-07,QCOM,US7475251036,XNAS,QUALCOMM INC
NQX,2023-07,SBUX,US8552441094,XNAS,STARBUCKS CORP
NQX,2023-08,MRVL,US5738741041,XNAS,MARVELL TECH INC CMN
NQX,2023-08,EA,US2855121099,XNAS,ELECTRONIC ARTS INC
NQX,2023-08,NVDA,US67066G1040,XNAS,NVIDIA CORPORATION
NQX,2023-02,JD,US47215P1066,XNAS,"JD.COM, INC. ADS"
NQX,2023-08,FANG,US25278X1090,XNAS,DIAMONDBACK ENERGY
NQX,2023-08,LRCX,US5128071082,XNAS,LAM RESEARCH CORP
NQX,2023-08,MELI,US58733R1023,XNAS,"MERCADOLIBRE, INC."
NQX,2023-09,AVGO,US11135F1012,XNAS,BROADCOM INC.
NQX,2023-09,KHC,US5007541064,XNAS,KRAFT HEINZ CO CMN
NQX,2023-03,CTAS,US1729081059,XNAS,CINTAS CORP
NQX,2023-03,GILD,US3755581036,XNAS,"GILEAD SCIENCES, INC"
NQX,2023-03,PYPL,US70450Y1038,XNAS,PAYPAL HOLDINGS
NQX,2023-09,AAPL,US0378331005,XNAS,APPLE INC.
NQX,2023-09,ABNB,US0090661010,XNAS,"AIRBNB, INC CL A CMN"
NQX,2023-09,PYPL,US70450Y1038,XNAS,PAYPAL HOLDINGS
NQX,2023-09,CPRT,US2172041061,XNAS,"COPART, INC."
NQX,2023-09,TSLA,US88160R1014,XNAS,"TESLA, INC."
NQX,2023-10,AMAT,US0382221051,XNAS,APPLIED MATERIALS
NQX,2023-10,ISRG,US46120E6023,XNAS,"INTUITIVE SURG, INC."
NQX,2023-10,LRCX,US5128071082,XNAS,LAM RESEARCH CORP
NQX,2023-10,META,US30303M1027,XNAS,"META PLATFORMS, INC."
NQX,2023-04,DLTR,US2567461080,XNAS,DOLLAR TREE INC
NQX,2023-04,RIVN,US76954A1034,XNAS,RIVIAN AUTO CL A CM
NQX,2023-10,CHTR,US16119P1084,XNAS,CHARTER COMMUNICATIO
NQX,2023-10,ZS,US98980G1022,XNAS,"ZSCALER, INC. CMN"
NQX,2023-11,PCAR,US6937181088,XNAS,PACCAR INC.
NQX,2023-11,FTNT,US34959E1091,XNAS,"FORTINET, INC."
NQX,2023-11,NFLX,US64110L1061,XNAS,"NETFLIX, INC."
NQX,2023-11,CMCSA,US20030N1019,XNAS,COMCAST CORP A
NQX,2023-11,CTAS,US1729081059,XNAS,CINTAS CORP
NQX,2023-12,FTNT,US34959E1091,XNAS,"FORTINET, INC."
NQX,2023-12,KDP,US49271V1008,XNAS,KEURIG DR PEPPER INC
NQX,2023-05,ADBE,US00724F1012,XNAS,ADOBE INC.
NQX,2023-05,GILD,US3755581036,XNAS,"GILEAD SCIENCES, INC"
NQX,2023-12,ENPH,US29355A1079,XNAS,"ENPHASE ENERGY, INC."
NQX,2023-12,KHC,US5007541064,XNAS,KRAFT HEINZ CO CMN
NQX,2023-12,TEAM,US0494681010,XNAS,ATLASSIAN CLS A CS
NQX,2023-12,ANSS,US03662Q1058,XNAS,ANSYS INC
NQX,2023-12,MDLZ,US6092071058,XNAS,MONDELEZ INTL CMN A
NQX,2023-12,SBUX,US8552441094,XNAS,STARBUCKS CORP
NQX,2023-12,TMUS,US8725901040,XNAS,T-MOBILE US CMN
NQX,2023-12,TXN,US8825081040,XNAS,TEXAS INSTRUMENTS
NQX,2023-06,ADI,US0326541051,XNAS,ANALOG DEVICES CMN
NQX,2023-06,FAST,US3119001044,XNAS,FASTENAL CO
NQX,2023-06,XEL,US98389B1008,XNAS,XCEL ENERGY CMN
NQX,2023-07,EA,US2855121099,XNAS,ELECTRONIC ARTS INC
NQX,2024-02,NXPI,NL0009538784,XNAS,NXP SEMICONDUCTORS
NQX,2024-02,PYPL,US70450Y1038,XNAS,PAYPAL HOLDINGS
NQX,2024-03,EXC,US30161N1019,XNAS,EXELON CORP CMN STK
NQX,2023-08,CSCO,US17275R1023,XNAS,CISCO SYSTEMS INC.
NQX,2023-08,PDD,US7223041028,XNAS,PDD HOLDINGS INC ADS
NQX,2024-03,LRCX,US5128071082,XNAS,LAM RESEARCH CORP
NQX,2024-03,SNPS,US8716071076,XNAS,"SYNOPSYS, INC."
NQX,2024-03,AAPL,US0378331005,XNAS,APPLE INC.
NQX,2024-04,FANG,US25278X1090,XNAS,DIAMONDBACK ENERGY
NQX,2024-04,KDP,US49271V1008,XNAS,KEURIG DR PEPPER INC
NQX,2024-04,ISRG,US46120E6023,XNAS,"INTUITIVE SURG, INC."
NQX,2024-04,PCAR,US6937181088,XNAS,PACCAR INC.
NQX,2024-04,SNPS,US8716071076,XNAS,"SYNOPSYS, INC."
NQX,2023-09,NXPI,NL0009538784,XNAS,NXP SEMICONDUCTORS
NQX,2023-09,ORLY,US67103H1077,XNAS,O'REILLY AUTOMOTIVE
NQX,2024-04,MDB,US60937P1066,XNAS,"MONGODB, INC CL A CM"
NQX,2024-04,MELI,US58733R1023,XNAS,"MERCADOLIBRE, INC."
NQX,2024-04,MRVL,US5738741041,XNAS,MARVELL TECH INC CMN
NQX,2024-05,EA,US2855121099,XNAS,ELECTRONIC ARTS INC
NQX,2024-05,META,US30303M1027,XNAS,"META PLATFORMS, INC."
NQX,2024-05,PAYX,US7043261079,XNAS,"PAYCHEX, INC."
NQX,2023-10,CRWD,US22788C1053,XNAS,CROWDSTRIKE HLD CM A
NQX,2023-10,CTAS,US1729081059,XNAS,CINTAS CORP
NQX,2023-10,DXCM,US2521311074,XNAS,DEXCOM
NQX,2024-05,CSGP,US22160N1090,XNAS,COSTAR GROUP INC
NQX,2024-05,ODFL,US6795801009,XNAS,OLD DOMINION FREIG
NQX,2024-05,ON,US6821891057,XNAS,ON SEMICONDUCTOR
NQX,2024-05,SIRI,US82968B1035,XNAS,SIRIUS XM HOLDINGS I
NQX,2024-06,ADBE,US00724F1012,XNAS,ADOBE INC.
NQX,2024-06,INTC,US4581401001,XNAS,INTEL CORP
NQX,2024-06,MDB,US60937P1066,XNAS,"MONGODB, INC CL A CM"
NQX,2024-06,MELI,US58733R1023,XNAS,"MERCADOLIBRE, INC."
NQX,2024-06,TTWO,US8740541094,XNAS,TAKE-TWO INTERACTI
NQX,2023-11,DDOG,US23804L1035,XNAS,DATADOG INC.L A CM
NQX,2023-11,FANG,US25278X1090,XNAS,DIAMONDBACK ENERGY
NQX,2024-06,MU,US5951121038,XNAS,MICRON TECHNOLOGY
NQX,2024-07,AMD,US0079031078,XNAS,ADV MICRO DEVICES
NQX,2024-07,IDXX,US45168D1046,XNAS,IDEXX LABORATORIES
NQX,2024-07,ON,US6821891057,XNAS,ON SEMICONDUCTOR
NQX,2024-07,MRVL,US5738741041,XNAS,MARVELL TECH INC CMN
NQX,2023-12,DLTR,US2567461080,XNAS,DOLLAR TREE INC
NQX,2023-12,MRNA,US60770K1079,XNAS,MODERNA INC CS
NQX,2023-12,WBA,US9314271084,XNAS,WALGREENS BTS ALN CM
NQX,2024-07,AAPL,US0378331005,XNAS,APPLE INC.
NQX,2024-07,ROP,US7766961061,XNAS,ROPER TECH CMN
NQX,2024-07,WBA,US9314271084,XNAS,WALGREENS BTS ALN CM
NQX,2024-08,AVGO,US11135F1012,XNAS,BROADCOM INC.
NQX,2024-08,CSGP,US22160N1090,XNAS,COSTAR GROUP INC
NQX,2024-08,SBUX,US8552441094,XNAS,STARBUCKS CORP
NQX,2024-08,AMAT,US0382221051,XNAS,APPLIED MATERIALS
NQX,2024-08,MU,US5951121038,XNAS,MICRON TECHNOLOGY
NQX,2024-08,KHC,US5007541064,XNAS,KRAFT HEINZ CO CMN
NQX,2024-08,LRCX,US5128071082,XNAS,LAM RESEARCH CORP
NQX,2024-09,GFS,KYG393871085,XNAS,GLOBALFOUNDRIES ORD
NQX,2024-09,MAR,US5719032022,XNAS,MARRIOTT INT CL A CM
NQX,2024-09,ANSS,US03662Q1058,XNAS,ANSYS INC
NQX,2024-09,ARM,US0420682058,XNAS,ARM HOLDINGS PLC ADS
NQX,2024-02,AAPL,US0378331005,XNAS,APPLE INC.
NQX,2024-02,GEHC,US36266G1076,XNAS,GE HEALTHCARE CM
NQX,2024-02,TEAM,US0494681010,XNAS,ATLASSIAN CLS A CS
NQX,2024-09,AZN,US0463531089,XNAS,ASTRAZENECA PLC ADS
NQX,2024-09,TTD,US88339J1051,XNAS,THE TRADE DESK CL A
NQX,2024-10,ABNB,US0090661010,XNAS,"AIRBNB, INC CL A CMN"
NQX,2024-10,PANW,US6974351057,XNAS,PALO ALTO NTWKS CM
NQX,2024-11,ADBE,US00724F1012,XNAS,ADOBE INC.
NQX,2024-03,FTNT,US34959E1091,XNAS,"FORTINET, INC."
NQX,2024-03,GEHC,US36266G1076,XNAS,GE HEALTHCARE CM
NQX,2024-03,PANW,US6974351057,XNAS,PALO ALTO NTWKS CM
NQX,2024-03,SIRI,US82968B1035,XNAS,SIRIUS XM HOLDINGS I
NQX,2024-10,AEP,US0255371017,XNAS,AMER ELC PWR CO CMN
NQX,2024-10,LIN,IE000S9YS762,XNAS,LINDE PLC
NQX,2024-11,CCEP,GB00BDCPN049,XNAS,COCA-COLA EUROPACIFI
NQX,2024-11,XEL,US98389B1008,XNAS,XCEL ENERGY CMN
NQX,2024-04,NFLX,US64110L1061,XNAS,"NETFLIX, INC."
NQX,2024-04,WBD,US9344231041,XNAS,WRNR BRS DS CM WI
NQX,2024-11,CDNS,US1273871087,XNAS,CADENCE DESIGN SYS
NQX,2024-11,GOOG,US02079K1079,XNAS,ALPHABET CL C CAP
NQX,2024-11,ISRG,US46120E6023,XNAS,"INTUITIVE SURG, INC."
NQX,2024-11,KHC,US5007541064,XNAS,KRAFT HEINZ CO CMN
NQX,2024-12,MRVL,US5738741041,XNAS,MARVELL TECH INC CMN
NQX,2024-12,BIIB,US09062X1037,XNAS,BIOGEN INC CMN
NQX,2024-12,XEL,US98389B1008,XNAS,XCEL ENERGY CMN
NQX,2024-05,GILD,US3755581036,XNAS,"GILEAD SCIENCES, INC"
NQX,2024-05,MNST,US61174X1090,XNAS,MONSTER BEVERAGE CP
NQX,2024-06,CDW,US12514G1085,XNAS,CDW CORPORATION
NQX,2024-06,VRTX,US92532F1003,XNAS,VERTEX PHARMACEUTIC
NQX,2024-07,ILMN,US4523271090,XNAS,"ILLUMINA, INC."
NQX,2024-07,INTC,US4581401001,XNAS,INTEL CORP
NQX,2024-07,TSLA,US88160R1014,XNAS,"TESLA, INC."
NQX,2024-08,CDW,US12514G1085,XNAS,CDW CORPORATION
NQX,2024-08,KDP,US49271V1008,XNAS,KEURIG DR PEPPER INC
NQX,2024-08,VRTX,US92532F1003,XNAS,VERTEX PHARMACEUTIC
NQX,2024-09,FAST,US3119001044,XNAS,FASTENAL CO
NQX,2024-09,TSLA,US88160R1014,XNAS,"TESLA, INC."
NQX,2024-09,WDAY,US98138H1014,XNAS,WORKDAY INC CL A
NQX,2024-11,AEP,US0255371017,XNAS,AMER ELC PWR CO CMN
NQX,2024-11,AMAT,US0382221051,XNAS,APPLIED MATERIALS
NQX,2024-11,CSGP,US22160N1090,XNAS,COSTAR GROUP INC
NQX,2024-11,CSX,US1264081035,XNAS,CSX CORPORATION
NQX,2024-11,CTAS,US1729081059,XNAS,CINTAS CORP
NQX,2024-11,INTU,US4612021034,XNAS,INTUIT INC
NQX,2024-11,MU,US5951121038,XNAS,MICRON TECHNOLOGY
NQX,2025-01,EA,US2855121099,XNAS,ELECTRONIC ARTS INC
NQX,2025-01,FANG,US25278X1090,XNAS,DIAMONDBACK ENERGY
NQX,2025-01,MSFT,US5949181045,XNAS,MICROSOFT CORP
NQX,2025-03,REGN,US75886F1075,XNAS,REGENERON PHARMACEUT
NQX,2024-10,ANSS,US03662Q1058,XNAS,ANSYS INC
NQX,2024-10,ASML,USN070592100,XNAS,ASML HLDG NY REG
NQX,2024-10,DASH,US25809K1051,XNAS,"DOORDASH, INC. CL A"
NQX,2024-10,MAR,US5719032022,XNAS,MARRIOTT INT CL A CM
NQX,2024-10,NXPI,NL0009538784,XNAS,NXP SEMICONDUCTORS
NQX,2025-01,CSGP,US22160N1090,XNAS,COSTAR GROUP INC
NQX,2025-01,NXPI,NL0009538784,XNAS,NXP SEMICONDUCTORS
NQX,2025-01,PAYX,US7043261079,XNAS,"PAYCHEX, INC."
NQX,2025-02,GILD,US3755581036,XNAS,"GILEAD SCIENCES, INC"
NQX,2025-04,EA,US2855121099,XNAS,ELECTRONIC ARTS INC
NQX,2025-03,BKR,US05722G1004,XNAS,BAKER HUGHES CO
NQX,2025-03,CRWD,US22788C1053,XNAS,CROWDSTRIKE HLD CM A
NQX,2025-03,AVGO,US11135F1012,XNAS,BROADCOM INC.
NQX,2025-03,MDLZ,US6092071058,XNAS,MONDELEZ INTL CMN A
NQX,2025-03,PAYX,US7043261079,XNAS,"PAYCHEX, INC."
NQX,2025-03,QCOM,US7475251036,XNAS,QUALCOMM INC
NQX,2025-04,AMD,US0079031078,XNAS,ADV MICRO DEVICES
NQX,2025-04,CCEP,GB00BDCPN049,XNAS,COCA-COLA EUROPACIFI
NQX,2025-04,INTU,US4612021034,XNAS,INTUIT INC
NQX,2025-06,LRCX,US5128073062,XNAS,LAM RESEARCH CORP
NQX,2025-06,ORLY,US67103H1077,XNAS,O'REILLY AUTOMOTIVE
NQX,2025-06,PEP,US7134481081,XNAS,PEPSICO INC
NQX,2025-05,ANSS,US03662Q1058,XNAS,ANSYS INC
NQX,2025-05,EXC,US30161N1019,XNAS,EXELON CORP CMN STK
NQX,2025-05,GFS,KYG393871085,XNAS,GLOBALFOUNDRIES ORD
NQX,2025-05,MELI,US58733R1023,XNAS,"MERCADOLIBRE, INC."
NQX,2025-05,QCOM,US7475251036,XNAS,QUALCOMM INC
NQX,2025-05,DDOG,US23804L1035,XNAS,DATADOG INC.L A CM
NQX,2025-05,MCHP,US5950171042,XNAS,MICROCHIP TECHNOLOGY
NQX,2025-09,AMGN,US0311621009,XNAS,AMGEN
NQX,2025-09,CDW,US12514G1085,XNAS,CDW CORPORATION
NQX,2025-06,CCEP,GB00BDCPN049,XNAS,COCA-COLA EUROPACIFI
NQX,2025-06,TEAM,US0494681010,XNAS,ATLASSIAN CLS A CS
NQX,2025-07,ADSK,US0527691069,XNAS,AUTODESK INC
NQX,2025-07,AMAT,US0382221051,XNAS,APPLIED MATERIALS
NQX,2025-07,ANSS,US03662Q1058,XNAS,ANSYS INC
NQX,2025-07,CMCSA,US20030N1019,XNAS,COMCAST CORP A
NQX,2025-07,ISRG,US46120E6023,XNAS,"INTUITIVE SURG, INC."
NQX,2025-07,MELI,US58733R1023,XNAS,"MERCADOLIBRE, INC."
NQX,2025-07,SNPS,US8716071076,XNAS,"SYNOPSYS, INC."
NQX,2025-07,TSLA,US88160R1014,XNAS,"TESLA, INC."
NQX,2025-09,AMAT,US0382221051,XNAS,APPLIED MATERIALS
NQX,2025-09,MU,US5951121038,XNAS,MICRON TECHNOLOGY
NQX,2025-09,GFS,KYG393871085,XNAS,GLOBALFOUNDRIES ORD
NQX,2025-09,MSFT,US5949181045,XNAS,MICROSOFT CORP
NQX,2025-09,SHOP,CA82509L1076,XNAS,SHOPIFY INC.
NQX,2022-11,ABNB,US0090661010,XNAS,"AIRBNB, INC CL A CMN"
NQX,2022-11,CMCSA,US20030N1019,XNAS,COMCAST CORP A
NQX,2022-11,TXN,US8825081040,XNAS,TEXAS INSTRUMENTS
NQX,2022-06,CPRT,US2172041061,XNAS,"COPART, INC."
NQX,2022-06,MCHP,US5950171042,XNAS,MICROCHIP TECHNOLOGY
NQX,2022-06,NXPI,NL0009538784,XNAS,NXP SEMICONDUCTORS
NQX,2022-06,AZN,US0463531089,XNAS,ASTRAZENECA PLC ADS
NQX,2022-06,FISV,US3377381088,XNAS,"FISERV, INC."
NQX,2022-06,PCAR,US6937181088,XNAS,PACCAR INC.
NQX,2022-06,TEAM,GB00BZ09BD16,XNAS,ATLASSIAN CLS A ORD
NQX,2022-06,TMUS,US8725901040,XNAS,T-MOBILE US CMN
NQX,2022-11,EXC,US30161N1019,XNAS,EXELON CORP CMN STK
NQX,2022-11,KLAC,US4824801009,XNAS,KLA CP CMN STK
NQX,2022-11,XEL,US98389B1008,XNAS,XCEL ENERGY CMN
NQX,2025-01,CPRT,US2172041061,XNAS,"COPART, INC."
NQX,2025-01,LIN,IE000S9YS762,XNAS,LINDE PLC
NQX,2025-01,QCOM,US7475251036,XNAS,QUALCOMM INC
NQX,2023-01,MSFT,US5949181045,XNAS,MICROSOFT CORP
NQX,2023-01,PCAR,US6937181088,XNAS,PACCAR INC.
NQX,2024-08,PCAR,US6937181088,XNAS,PACCAR INC.
NQX,2024-08,WBD,US9344231041,XNAS,WRNR BRS DS CM WI
NQX,2024-08,XEL,US98389B1008,XNAS,XCEL ENERGY CMN
NQX,2022-12,WDAY,US98138H1014,XNAS,WORKDAY INC CL A
NQX,2023-02,AMD,US0079031078,XNAS,ADV MICRO DEVICES
NQX,2023-02,DXCM,US2521311074,XNAS,DEXCOM
NQX,2025-03,EA,US2855121099,XNAS,ELECTRONIC ARTS INC
NQX,2023-01,AZN,US0463531089,XNAS,ASTRAZENECA PLC ADS
NQX,2023-01,BKNG,US09857L1089,XNAS,BOOKING HOLDINGS INC
NQX,2023-01,FISV,US3377381088,XNAS,"FISERV, INC."
NQX,2023-01,MELI,US58733R1023,XNAS,"MERCADOLIBRE, INC."
NQX,2023-01,MU,US5951121038,XNAS,MICRON TECHNOLOGY
NQX,2023-01,ZM,US98980L1017,XNAS,ZOOM VIDEO CMTS CM A
NQX,2023-03,ODFL,US6795801009,XNAS,OLD DOMINION FREIG
NQX,2022-12,CTAS,US1729081059,XNAS,CINTAS CORP
NQX,2022-12,INTU,US4612021034,XNAS,INTUIT INC
NQX,2022-12,TSLA,US88160R1014,XNAS,"TESLA, INC."
NQX,2023-02,AAPL,US0378331005,XNAS,APPLE INC.
NQX,2023-02,CHTR,US16119P1084,XNAS,CHARTER COMMUNICATIO
NQX,2023-02,EBAY,US2786421030,XNAS,EBAY INC.
NQX,2025-04,MSTR,US5949724083,XNAS,MICROSTRATEGY CL A
NQX,2023-04,BKNG,US09857L1089,XNAS,BOOKING HOLDINGS INC
NQX,2023-04,LULU,US5500211090,XNAS,LULULEMON ATHLETICA
NQX,2023-01,FTNT,US34959E1091,XNAS,"FORTINET, INC."
NQX,2023-01,META,US30303M1027,XNAS,"META PLATFORMS, INC."
NQX,2022-07,BIIB,US09062X1037,XNAS,BIOGEN INC CMN
NQX,2022-07,CMCSA,US20030N1019,XNAS,COMCAST CORP A
NQX,2022-07,LULU,US5500211090,XNAS,LULULEMON ATHLETICA
NQX,2022-07,XEL,US98389B1008,XNAS,XCEL ENERGY CMN
NQX,2023-03,CPRT,US2172041061,XNAS,"COPART, INC."
NQX,2023-03,EXC,US30161N1019,XNAS,EXELON CORP CMN STK
NQX,2025-05,MAR,US5719032022,XNAS,MARRIOTT INT CL A CM
NQX,2025-05,REGN,US75886F1075,XNAS,REGENERON PHARMACEUT
NQX,2022-07,ADI,US0326541051,XNAS,ANALOG DEVICES CMN
NQX,2022-07,ADP,US0530151036,XNAS,AUTOMATIC DATA PROCS
NQX,2022-07,ALGN,US0162551016,XNAS,ALIGN TECHNOLOGY I
NQX,2022-07,ASML,USN070592100,XNAS,ASML HLDG NY REG
NQX,2022-07,BKNG,US09857L1089,XNAS,BOOKING HOLDINGS INC
NQX,2022-07,DOCU,US2561631068,XNAS,"DOCUSIGN, INC. CMN"
NQX,2022-07,INTU,US4612021034,XNAS,INTUIT INC
NQX,2022-07,QCOM,US7475251036,XNAS,QUALCOMM INC
NQX,2025-06,ADI,US0326541051,XNAS,ANALOG DEVICES CMN
NQX,2023-04,ASML,USN070592100,XNAS,ASML HLDG NY REG
NQX,2023-06,GILD,US3755581036,XNAS,"GILEAD SCIENCES, INC"
NQX,2023-06,NVDA,US67066G1040,XNAS,NVIDIA CORPORATION
NQX,2023-07,AMAT,US0382221051,XNAS,APPLIED MATERIALS
NQX,2023-07,ZM,US98980L1017,XNAS,ZOOM VIDEO CMTS CM A
NQX,2023-05,AMD,US0079031078,XNAS,ADV MICRO DEVICES
NQX,2023-03,AAPL,US0378331005,XNAS,APPLE INC.
NQX,2023-03,AMAT,US0382221051,XNAS,APPLIED MATERIALS
NQX,2023-08,ALGN,US0162551016,XNAS,ALIGN TECHNOLOGY I
NQX,2023-08,AMGN,US0311621009,XNAS,AMGEN
NQX,2023-06,META,US30303M1027,XNAS,"META PLATFORMS, INC."
NQX,2023-04,CDNS,US1273871087,XNAS,CADENCE DESIGN SYS
NQX,2023-04,QCOM,US7475251036,XNAS,QUALCOMM INC
NQX,2023-09,AMD,US0079031078,XNAS,ADV MICRO DEVICES
NQX,2023-09,BKR,US05722G1004,XNAS,BAKER HUGHES CO
NQX,2023-09,PANW,US6974351057,XNAS,PALO ALTO NTWKS CM
NQX,2023-05,CRWD,US22788C1053,XNAS,CROWDSTRIKE HLD CM A
NQX,2023-05,CSX,US1264081035,XNAS,CSX CORPORATION
NQX,2023-05,FANG,US25278X1090,XNAS,DIAMONDBACK ENERGY
NQX,2023-05,GFS,KYG393871085,XNAS,GLOBALFOUNDRIES ORD
NQX,2023-05,MSFT,US5949181045,XNAS,MICROSOFT CORP
NQX,2023-10,MRNA,US60770K1079,XNAS,MODERNA INC CS
NQX,2023-10,ODFL,US6795801009,XNAS,OLD DOMINION FREIG
NQX,2023-08,PEP,US7134481081,XNAS,PEPSICO INC
NQX,2023-06,KDP,US49271V1008,XNAS,KEURIG DR PEPPER INC
NQX,2023-06,TMUS,US8725901040,XNAS,T-MOBILE US CMN
NQX,2023-11,FAST,US3119001044,XNAS,FASTENAL CO
NQX,2023-11,META,US30303M1027,XNAS,"META PLATFORMS, INC."
NQX,2023-09,AZN,US0463531089,XNAS,ASTRAZENECA PLC ADS
NQX,2023-09,FAST,US3119001044,XNAS,FASTENAL CO
NQX,2023-09,PEP,US7134481081,XNAS,PEPSICO INC
NQX,2023-07,CDNS,US1273871087,XNAS,CADENCE DESIGN SYS
NQX,2023-12,EBAY,US2786421030,XNAS,EBAY INC.
NQX,2023-12,MELI,US58733R1023,XNAS,"MERCADOLIBRE, INC."
NQX,2023-12,ZS,US98980G1022,XNAS,"ZSCALER, INC. CMN"
NQX,2023-10,NXPI,NL0009538784,XNAS,NXP SEMICONDUCTORS
NQX,2023-10,TEAM,US0494681010,XNAS,ATLASSIAN CLS A CS
NQX,2022-11,ALGN,US0162551016,XNAS,ALIGN TECHNOLOGY I
NQX,2022-11,FISV,US3377381088,XNAS,"FISERV, INC."
NQX,2022-11,PEP,US7134481081,XNAS,PEPSICO INC
NQX,2022-11,ZM,US98980L1017,XNAS,ZOOM VIDEO CMTS CM A
NQX,2023-08,COST,US22160K1051,XNAS,COSTCO WHOLESALE
NQX,2023-08,IDXX,US45168D1046,XNAS,IDEXX LABORATORIES
NQX,2023-08,MDLZ,US6092071058,XNAS,MONDELEZ INTL CMN A
NQX,2023-11,AMD,US0079031078,XNAS,ADV MICRO DEVICES
NQX,2023-12,AAPL,US0378331005,XNAS,APPLE INC.
NQX,2023-12,IDXX,US45168D1046,XNAS,IDEXX LABORATORIES
NQX,2024-02,WBD,US9344231041,XNAS,WRNR BRS DS CM WI
NQX,2022-08,CRWD,US22788C1053,XNAS,CROWDSTRIKE HLD CM A
NQX,2022-08,PAYX,US7043261079,XNAS,"PAYCHEX, INC."
NQX,2022-08,WBA,US9314271084,XNAS,WALGREENS BTS ALN CM
NQX,2023-09,WBD,US9344231041,XNAS,WRNR BRS DS CM WI
NQX,2022-08,CSX,US1264081035,XNAS,CSX CORPORATION
NQX,2024-03,DLTR,US2567461080,XNAS,DOLLAR TREE INC
NQX,2024-03,MRNA,US60770K1079,XNAS,MODERNA INC CS
NQX,2024-03,MSFT,US5949181045,XNAS,MICROSOFT CORP
NQX,2024-03,TTD,US88339J1051,XNAS,THE TRADE DESK CL A
NQX,2023-10,ALGN,US0162551016,XNAS,ALIGN TECHNOLOGY I
NQX,2024-02,NFLX,US64110L1061,XNAS,"NETFLIX, INC."
NQX,2023-11,CPRT,US2172041061,XNAS,"COPART, INC."
NQX,2024-05,CMCSA,US20030N1019,XNAS,COMCAST CORP A
NQX,2024-03,ISRG,US46120E6023,XNAS,"INTUITIVE SURG, INC."
NQX,2022-12,ABNB,US0090661010,XNAS,"AIRBNB, INC CL A CMN"
NQX,2022-12,ALGN,US0162551016,XNAS,ALIGN TECHNOLOGY I
NQX,2022-12,ASML,USN070592100,XNAS,ASML HLDG NY REG
NQX,2022-12,COST,US22160K1051,XNAS,COSTCO WHOLESALE
NQX,2022-12,DDOG,US23804L1035,XNAS,DATADOG INC.L A CM
NQX,2022-12,EXC,US30161N1019,XNAS,EXELON CORP CMN STK
NQX,2022-12,PCAR,US6937181088,XNAS,PACCAR INC.
NQX,2022-12,PYPL,US70450Y1038,XNAS,PAYPAL HOLDINGS
NQX,2024-11,ADSK,US0527691069,XNAS,AUTODESK INC
NQX,2024-11,DLTR,US2567461080,XNAS,DOLLAR TREE INC
NQX,2024-11,ZS,US98980G1022,XNAS,"ZSCALER, INC. CMN"
NQX,2022-09,ADSK,US0527691069,XNAS,AUTODESK INC
NQX,2022-09,CSX,US1264081035,XNAS,CSX CORPORATION
NQX,2022-09,EA,US2855121099,XNAS,ELECTRONIC ARTS INC
NQX,2022-09,MSFT,US5949181045,XNAS,MICROSOFT CORP
NQX,2022-09,ZM,US98980L1017,XNAS,ZOOM VIDEO CMTS CM A
NQX,2022-09,ZS,US98980G1022,XNAS,"ZSCALER, INC. CMN"
NQX,2023-05,MRVL,US5738741041,XNAS,MARVELL TECH INC CMN
NQX,2023-05,SGEN,US81181C1045,XNAS,SEAGEN INC. CMN STK
NQX,2023-05,WBD,US9344231041,XNAS,WRNR BRS DS CM WI
NQX,2024-09,AMZN,US0231351067,XNAS,AMAZON.COM INC
NQX,2024-09,ASML,USN070592100,XNAS,ASML HLDG NY REG
NQX,2024-09,CDNS,US1273871087,XNAS,CADENCE DESIGN SYS
NQX,2024-09,CTSH,US1924461023,XNAS,COGNIZANT TECH SOL
NQX,2024-09,LULU,US5500211090,XNAS,LULULEMON ATHLETICA
NQX,2024-09,ON,US6821891057,XNAS,ON SEMICONDUCTOR
NQX,2024-09,PCAR,US6937181088,XNAS,PACCAR INC.
NQX,2022-09,PDD,US7223041028,XNAS,PINDUODUO INC. ADS
NQX,2022-09,SPLK,US8486371045,XNAS,SPLUNK INC.
NQX,2024-06,DDOG,US23804L1035,XNAS,DATADOG INC.L A CM
NQX,2024-06,NXPI,NL0009538784,XNAS,NXP SEMICONDUCTORS
NQX,2024-12,MRNA,US60770K1079,XNAS,MODERNA INC CS
NQX,2024-12,ROST,US7782961038,XNAS,"ROSS STORES, INC."
NQX,2023-06,ANSS,US03662Q1058,XNAS,ANSYS INC
NQX,2023-06,DDOG,US23804L1035,XNAS,DATADOG INC.L A CM
NQX,2023-06,NXPI,NL0009538784,XNAS,NXP SEMICONDUCTORS
NQX,2023-06,SNPS,US8716071076,XNAS,"SYNOPSYS, INC."
NQX,2025-01,CMCSA,US20030N1019,XNAS,COMCAST CORP A
NQX,2025-01,MDB,US60937P1066,XNAS,"MONGODB, INC CL A CM"
NQX,2025-01,REGN,US75886F1075,XNAS,REGENERON PHARMACEUT
NQX,2023-07,CMCSA,US20030N1019,XNAS,COMCAST CORP A
NQX,2024-11,FANG,US25278X1090,XNAS,DIAMONDBACK ENERGY
NQX,2024-11,LRCX,US5128073062,XNAS,LAM RESEARCH CORP
NQX,2024-07,PAYX,US7043261079,XNAS,"PAYCHEX, INC."
NQX,2024-07,PEP,US7134481081,XNAS,PEPSICO INC
NQX,2025-02,CRWD,US22788C1053,XNAS,CROWDSTRIKE HLD CM A
NQX,2025-02,KHC,US5007541064,XNAS,KRAFT HEINZ CO CMN
NQX,2024-08,VRSK,US92345Y1064,XNAS,VERISK ANALYTICS INC
NQX,2025-03,CEG,US21037T1097,XNAS,CONSTELLATION EN CM
NQX,2023-09,EA,US2855121099,XNAS,ELECTRONIC ARTS INC
NQX,2025-01,CHTR,US16119P1084,XNAS,CHARTER COMMUNICATIO
NQX,2025-01,PEP,US7134481081,XNAS,PEPSICO INC
NQX,2025-01,XEL,US98389B1008,XNAS,XCEL ENERGY CMN
NQX,2024-10,AAPL,US0378331005,XNAS,APPLE INC.
NQX,2024-10,SBUX,US8552441094,XNAS,STARBUCKS CORP
NQX,2025-04,AVGO,US11135F1012,XNAS,BROADCOM INC.
NQX,2025-04,CPRT,US2172041061,XNAS,"COPART, INC."
NQX,2025-04,MNST,US61174X1090,XNAS,MONSTER BEVERAGE CP
NQX,2023-10,PANW,US6974351057,XNAS,PALO ALTO NTWKS CM
NQX,2025-02,COST,US22160K1051,XNAS,COSTCO WHOLESALE
NQX,2025-02,META,US30303M1027,XNAS,"META PLATFORMS, INC."
NQX,2025-05,IDXX,US45168D1046,XNAS,IDEXX LABORATORIES
NQX,2025-05,INTU,US4612021034,XNAS,INTUIT INC
NQX,2023-11,ABNB,US0090661010,XNAS,"AIRBNB, INC CL A CMN"
NQX,2023-11,ON,US6821891057,XNAS,ON SEMICONDUCTOR
NQX,2023-11,XEL,US98389B1008,XNAS,XCEL ENERGY CMN
NQX,2024-11,NVDA,US67066G1040,XNAS,NVIDIA CORPORATION
NQX,2025-03,PANW,US6974351057,XNAS,PALO ALTO NTWKS CM
NQX,2023-12,HON,US4385161066,XNAS,HONEYWELL INTL INC
NQX,2023-12,PEP,US7134481081,XNAS,PEPSICO INC
NQX,2025-04,AMGN,US0311621009,XNAS,AMGEN
NQX,2025-04,CSGP,US22160N1090,XNAS,COSTAR GROUP INC
NQX,2025-04,MAR,US5719032022,XNAS,MARRIOTT INT CL A CM
NQX,2025-04,VRTX,US92532F1003,XNAS,VERTEX PHARMACEUTIC
NQX,2024-12,FTNT,US34959E1091,XNAS,"FORTINET, INC."
NQX,2024-12,MNST,US61174X1090,XNAS,MONSTER BEVERAGE CP
NQX,2025-05,XEL,US98389B1008,XNAS,XCEL ENERGY CMN
NQX,2025-05,ZS,US98980G1022,XNAS,"ZSCALER, INC. CMN"
NQX,2025-07,ASML,USN070592100,XNAS,ASML HLDG NY REG
NQX,2025-07,CTAS,US1729081059,XNAS,CINTAS CORP
NQX,2025-07,HON,US4385161066,XNAS,HONEYWELL INTL INC
NQX,2025-07,NFLX,US64110L1061,XNAS,"NETFLIX, INC."
NQX,2022-10,BIDU,US0567521085,XNAS,"BAIDU, INC"
NQX,2022-10,QCOM,US7475251036,XNAS,QUALCOMM INC
NQX,2022-10,SNPS,US8716071076,XNAS,"SYNOPSYS, INC."
NQX,2022-10,SPLK,US8486371045,XNAS,SPLUNK INC.
NQX,2025-01,ASML,USN070592100,XNAS,ASML HLDG NY REG
NQX,2025-01,CDW,US12514G1085,XNAS,CDW CORPORATION
NQX,2022-10,AMGN,US0311621009,XNAS,AMGEN
NQX,2022-10,BKNG,US09857L1089,XNAS,BOOKING HOLDINGS INC
NQX,2022-10,MRNA,US60770K1079,XNAS,MODERNA INC CS
NQX,2022-10,NVDA,US67066G1040,XNAS,NVIDIA CORPORATION
NQX,2022-10,PAYX,US7043261079,XNAS,"PAYCHEX, INC."
NQX,2025-06,KHC,US5007541064,XNAS,KRAFT HEINZ CO CMN
NQX,2024-02,EA,US2855121099,XNAS,ELECTRONIC ARTS INC
NQX,2024-02,KDP,US49271V1008,XNAS,KEURIG DR PEPPER INC
NQX,2024-03,CSX,US1264081035,XNAS,CSX CORPORATION
NQX,2024-03,ILMN,US4523271090,XNAS,"ILLUMINA, INC."
NQX,2024-03,META,US30303M1027,XNAS,"META PLATFORMS, INC."
NQX,2024-03,MRVL,US5738741041,XNAS,MARVELL TECH INC CMN
NQX,2024-03,ROST,US7782961038,XNAS,"ROSS STORES, INC."
NQX,2025-02,PCAR,US6937181088,XNAS,PACCAR INC.
NQX,2024-04,AMZN,US0231351067,XNAS,AMAZON.COM INC
NQX,2024-04,XEL,US98389B1008,XNAS,XCEL ENERGY CMN
NQX,2025-03,EXC,US30161N1019,XNAS,EXELON CORP CMN STK
NQX,2025-09,ZS,US98980G1022,XNAS,"ZSCALER, INC. CMN"
NQX,2024-05,CCEP,GB00BDCPN049,XNAS,COCA-COLA EUROPACIFI
NQX,2024-05,TEAM,US0494681010,XNAS,ATLASSIAN CLS A CS
NQX,2025-04,ADBE,US00724F1012,XNAS,ADOBE INC.
NQX,2025-04,COST,US22160K1051,XNAS,COSTCO WHOLESALE
NQX,2025-04,MDLZ,US6092071058,XNAS,MONDELEZ INTL CMN A
NQX,2025-04,MU,US5951121038,XNAS,MICRON TECHNOLOGY
NQX,2025-04,ODFL,US6795801009,XNAS,OLD DOMINION FREIG
NQX,2025-04,PLTR,US69608A1088,XNAS,PALANTIR TECH CL A
NQX,2024-06,ADSK,US0527691069,XNAS,AUTODESK INC
NQX,2024-06,HON,US4385161066,XNAS,HONEYWELL INTL INC
NQX,2025-05,ADSK,US0527691069,XNAS,AUTODESK INC
NQX,2025-05,CSGP,US22160N1090,XNAS,COSTAR GROUP INC
NQX,2022-11,FAST,US3119001044,XNAS,FASTENAL CO
NQX,2024-07,PANW,US6974351057,XNAS,PALO ALTO NTWKS CM
NQX,2025-06,ON,US6821891057,XNAS,ON SEMICONDUCTOR
NQX,2024-08,CCEP,GB00BDCPN049,XNAS,COCA-COLA EUROPACIFI
NQX,2025-07,VRTX,US92532F1003,XNAS,VERTEX PHARMACEUTIC
NQX,2022-11,NFLX,US64110L1061,XNAS,"NETFLIX, INC."
NQX,2024-09,CDW,US12514G1085,XNAS,CDW CORPORATION
NQX,2025-09,EXC,US30161N1019,XNAS,EXELON CORP CMN STK
NQX,2025-09,INTC,US4581401001,XNAS,INTEL CORP
NQX,2025-09,NXPI,NL0009538784,XNAS,NXP SEMICONDUCTORS
NQX,2022-06,ADBE,US00724F1012,XNAS,ADOBE INC.
NQX,2022-06,META,US30303M1027,XNAS,"META PLATFORMS, INC."
NQX,2022-06,ODFL,US6795801009,XNAS,OLD DOMINION FREIG
NQX,2022-06,PDD,US7223041028,XNAS,PINDUODUO INC. ADS
NQX,2022-06,VRTX,US92532F1003,XNAS,VERTEX PHARMACEUTIC
NQX,2022-12,ZS,US98980G1022,XNAS,"ZSCALER, INC. CMN"
NQX,2024-12,GOOG,US02079K1079,XNAS,ALPHABET CL C CAP
NQX,2024-12,PYPL,US70450Y1038,XNAS,PAYPAL HOLDINGS
NQX,2025-01,BIIB,US09062X1037,XNAS,BIOGEN INC CMN
NQX,2025-01,LULU,US5500211090,XNAS,LULULEMON ATHLETICA
NQX,2025-01,MNST,US61174X1090,XNAS,MONSTER BEVERAGE CP
NQX,2025-01,MU,US5951121038,XNAS,MICRON TECHNOLOGY
NQX,2025-01,NFLX,US64110L1061,XNAS,"NETFLIX, INC."
NQX,2022-12,ENPH,US29355A1079,XNAS,"ENPHASE ENERGY, INC."
NQX,2022-12,LRCX,US5128071082,XNAS,LAM RESEARCH CORP
NQX,2022-12,ODFL,US6795801009,XNAS,OLD DOMINION FREIG
NQX,2023-02,LULU,US5500211090,XNAS,LULULEMON ATHLETICA
NQX,2025-02,BIIB,US09062X1037,XNAS,BIOGEN INC CMN
NQX,2025-02,LULU,US5500211090,XNAS,LULULEMON ATHLETICA
NQX,2025-02,ROP,US7766961061,XNAS,ROPER TECH CMN
NQX,2023-01,AAPL,US0378331005,XNAS,APPLE INC.
NQX,2023-01,AMZN,US0231351067,XNAS,AMAZON.COM INC
NQX,2023-03,DDOG,US23804L1035,XNAS,DATADOG INC.L A CM
NQX,2023-03,VRSK,US92345Y1064,XNAS,VERISK ANALYTICS INC
NQX,2022-11,ADSK,US0527691069,XNAS,AUTODESK INC
NQX,2022-11,AZN,US0463531089,XNAS,ASTRAZENECA PLC ADS
NQX,2022-11,TMUS,US8725901040,XNAS,T-MOBILE US CMN
NQX,2025-03,BKNG,US09857L1089,XNAS,BOOKING HOLDINGS INC
NQX,2023-02,ISRG,US46120E6023,XNAS,"INTUITIVE SURG, INC."
NQX,2023-04,COST,US22160K1051,XNAS,COSTCO WHOLESALE
NQX,2025-04,LULU,US5500211090,XNAS,LULULEMON ATHLETICA
NQX,2025-04,PYPL,US70450Y1038,XNAS,PAYPAL HOLDINGS
NQX,2023-03,AMGN,US0311621009,XNAS,AMGEN
NQX,2023-03,MRVL,US5738741041,XNAS,MARVELL TECH INC CMN
NQX,2023-03,MSFT,US5949181045,XNAS,MICROSOFT CORP
NQX,2023-03,WBD,US9344231041,XNAS,WRNR BRS DS CM WI
NQX,2023-05,RIVN,US76954A1034,XNAS,RIVIAN AUTO CL A CM
NQX,2025-05,AEP,US0255371017,XNAS,AMER ELC PWR CO CMN
NQX,2025-05,PANW,US6974351057,XNAS,PALO ALTO NTWKS CM
NQX,2023-04,AMD,US0079031078,XNAS,ADV MICRO DEVICES
NQX,2023-04,ROST,US7782961038,XNAS,"ROSS STORES, INC."
NQX,2023-06,COST,US22160K1051,XNAS,COSTCO WHOLESALE
NQX,2023-06,GEHC,US36266G1076,XNAS,GE HEALTHCARE CM
NQX,2023-06,GFS,KYG393871085,XNAS,GLOBALFOUNDRIES ORD
NQX,2023-06,LRCX,US5128071082,XNAS,LAM RESEARCH CORP
NQX,2023-06,ZS,US98980G1022,XNAS,"ZSCALER, INC. CMN"
NQX,2022-07,MCHP,US5950171042,XNAS,MICROCHIP TECHNOLOGY
NQX,2022-07,MTCH,US57667L1070,XNAS,MATCH GROUP CMN
NQX,2025-06,AMD,US0079031078,XNAS,ADV MICRO DEVICES
NQX,2025-06,ASML,USN070592100,XNAS,ASML HLDG NY REG
NQX,2025-06,CTAS,US1729081059,XNAS,CINTAS CORP
NQX,2025-06,MU,US5951121038,XNAS,MICRON TECHNOLOGY
NQX,2023-07,ADP,US0530151036,XNAS,AUTOMATIC DATA PROCS
NQX,2023-07,INTC,US4581401001,XNAS,INTEL CORP
NQX,2023-07,META,US30303M1027,XNAS,"META PLATFORMS, INC."
NQX,2023-07,MU,US5951121038,XNAS,MICRON TECHNOLOGY
NQX,2023-07,WBA,US9314271084,XNAS,WALGREENS BTS ALN CM
NQX,2025-07,DASH,US25809K1051,XNAS,"DOORDASH, INC. CL A"
NQX,2025-07,INTU,US4612021034,XNAS,INTUIT INC
NQX,2025-07,NXPI,NL0009538784,XNAS,NXP SEMICONDUCTORS
NQX,2022-12,AAPL,US0378331005,XNAS,APPLE INC.
NQX,2022-12,DOCU,US2561631068,XNAS,"DOCUSIGN, INC. CMN"
NQX,2022-12,FTNT,US34959E1091,XNAS,"FORTINET, INC."
NQX,2022-12,MAR,US5719032022,XNAS,MARRIOTT INT CL A CM
NQX,2022-12,VRSK,US92345Y1064,XNAS,VERISK ANALYTICS INC
NQX,2023-08,GOOG,US02079K1079,XNAS,ALPHABET CL C CAP
NQX,2023-08,TEAM,US0494681010,XNAS,ATLASSIAN CLS A CS
NQX,2022-07,CEG,US21037T1097,XNAS,CONSTELLATION EN CM
NQX,2022-07,ISRG,US46120E6023,XNAS,"INTUITIVE SURG, INC."
NQX,2022-07,KDP,US49271V1008,XNAS,KEURIG DR PEPPER INC
NQX,2022-07,KHC,US5007541064,XNAS,KRAFT HEINZ CO CMN
NQX,2022-07,SWKS,US83088M1027,XNAS,SKYWORKS SOLUTIONS
NQX,2025-09,FANG,US25278X1090,XNAS,DIAMONDBACK ENERGY
NQX,2023-07,PANW,US6974351057,XNAS,PALO ALTO NTWKS CM
NQX,2023-09,ADSK,US0527691069,XNAS,AUTODESK INC
NQX,2023-09,CHTR,US16119P1084,XNAS,CHARTER COMMUNICATIO
NQX,2023-01,BIIB,US09062X1037,XNAS,BIOGEN INC CMN
NQX,2023-01,CRWD,US22788C1053,XNAS,CROWDSTRIKE HLD CM A
NQX,2023-01,CTAS,US1729081059,XNAS,CINTAS CORP
NQX,2023-08,DXCM,US2521311074,XNAS,DEXCOM
NQX,2023-08,GFS,KYG393871085,XNAS,GLOBALFOUNDRIES ORD
NQX,2023-08,GILD,US3755581036,XNAS,"GILEAD SCIENCES, INC"
NQX,2023-08,INTU,US4612021034,XNAS,INTUIT INC
NQX,2023-08,SNPS,US8716071076,XNAS,"SYNOPSYS, INC."
NQX,2023-10,IDXX,US45168D1046,XNAS,IDEXX LABORATORIES
NQX,2023-02,AMGN,US0311621009,XNAS,AMGEN
NQX,2023-11,NVDA,US67066G1040,XNAS,NVIDIA CORPORATION
NQX,2023-03,FTNT,US34959E1091,XNAS,"FORTINET, INC."
NQX,2023-03,TMUS,US8725901040,XNAS,T-MOBILE US CMN
NQX,2023-09,DDOG,US23804L1035,XNAS,DATADOG INC.L A CM
NQX,2023-09,MU,US5951121038,XNAS,MICRON TECHNOLOGY
NQX,2023-09,WDAY,US98138H1014,XNAS,WORKDAY INC CL A
NQX,2023-10,PYPL,US70450Y1038,XNAS,PAYPAL HOLDINGS
NQX,2023-10,SGEN,US81181C1045,XNAS,SEAGEN INC. CMN STK
NQX,2023-10,VRTX,US92532F1003,XNAS,VERTEX PHARMACEUTIC
NQX,2023-04,AAPL,US0378331005,XNAS,APPLE INC.
NQX,2023-04,EXC,US30161N1019,XNAS,EXELON CORP CMN STK
NQX,2023-04,FISV,US3377381088,XNAS,"FISERV, INC."
NQX,2023-04,GFS,KYG393871085,XNAS,GLOBALFOUNDRIES ORD
NQX,2023-12,BKR,US05722G1004,XNAS,BAKER HUGHES CO
NQX,2023-12,CDNS,US1273871087,XNAS,CADENCE DESIGN SYS
NQX,2023-12,CEG,US21037T1097,XNAS,CONSTELLATION EN CM
NQX,2023-12,EXC,US30161N1019,XNAS,EXELON CORP CMN STK
NQX,2023-05,MELI,US58733R1023,XNAS,"MERCADOLIBRE, INC."
NQX,2023-05,ODFL,US6795801009,XNAS,OLD DOMINION FREIG
NQX,2022-11,AMZN,US0231351067,XNAS,AMAZON.COM INC
NQX,2022-11,CPRT,US2172041061,XNAS,"COPART, INC."
NQX,2022-11,TEAM,US0494681010,XNAS,ATLASSIAN CLS A CS
NQX,2023-11,ADP,US0530151036,XNAS,AUTOMATIC DATA PROCS
NQX,2023-11,ENPH,US29355A1079,XNAS,"ENPHASE ENERGY, INC."
NQX,2023-11,ORLY,US67103H1077,XNAS,O'REILLY AUTOMOTIVE
NQX,2024-02,BKNG,US09857L1089,XNAS,BOOKING HOLDINGS INC
NQX,2024-02,ODFL,US6795801009,XNAS,OLD DOMINION FREIG
NQX,2023-12,BIIB,US09062X1037,XNAS,BIOGEN INC CMN
NQX,2023-12,INTU,US4612021034,XNAS,INTUIT INC
NQX,2023-06,MRVL,US5738741041,XNAS,MARVELL TECH INC CMN
NQX,2022-08,BIIB,US09062X1037,XNAS,BIOGEN INC CMN
NQX,2022-08,DXCM,US2521311074,XNAS,DEXCOM
NQX,2022-08,SIRI,US82968B1035,XNAS,SIRIUS XM HOLDINGS I
NQX,2022-08,VRSN,US92343E1029,XNAS,"VERISIGN, INC."
NQX,2024-03,CSCO,US17275R1023,XNAS,CISCO SYSTEMS INC.
NQX,2024-03,DASH,US25809K1051,XNAS,"DOORDASH, INC. CL A"
NQX,2024-03,MAR,US5719032022,XNAS,MARRIOTT INT CL A CM
NQX,2024-03,ROP,US7766961061,XNAS,ROPER TECH CMN
NQX,2023-07,CTSH,US1924461023,XNAS,COGNIZANT TECH SOL
NQX,2023-07,ISRG,US46120E6023,XNAS,"INTUITIVE SURG, INC."
NQX,2023-07,KHC,US5007541064,XNAS,KRAFT HEINZ CO CMN
NQX,2023-07,MRNA,US60770K1079,XNAS,MODERNA INC CS
NQX,2023-07,NVDA,US67066G1040,XNAS,NVIDIA CORPORATION
NQX,2024-04,SBUX,US8552441094,XNAS,STARBUCKS CORP
NQX,2024-02,ABNB,US0090661010,XNAS,"AIRBNB, INC CL A CMN"
NQX,2024-02,CSCO,US17275R1023,XNAS,CISCO SYSTEMS INC.
NQX,2024-02,ISRG,US46120E6023,XNAS,"INTUITIVE SURG, INC."
NQX,2024-02,MSFT,US5949181045,XNAS,MICROSOFT CORP
NQX,2023-08,WBA,US9314271084,XNAS,WALGREENS BTS ALN CM
NQX,2024-05,AEP,US0255371017,XNAS,AMER ELC PWR CO CMN
NQX,2024-05,ANSS,US03662Q1058,XNAS,ANSYS INC
NQX,2024-05,GOOG,US02079K1079,XNAS,ALPHABET CL C CAP
NQX,2024-05,PYPL,US70450Y1038,XNAS,PAYPAL HOLDINGS
NQX,2024-03,BKR,US05722G1004,XNAS,BAKER HUGHES CO
NQX,2024-03,CHTR,US16119P1084,XNAS,CHARTER COMMUNICATIO
NQX,2024-03,CTSH,US1924461023,XNAS,COGNIZANT TECH SOL
NQX,2023-09,CTSH,US1924461023,XNAS,COGNIZANT TECH SOL
NQX,2022-08,ADI,US0326541051,XNAS,ANALOG DEVICES CMN
NQX,2022-08,DOCU,US2561631068,XNAS,"DOCUSIGN, INC. CMN"
NQX,2022-08,MU,US5951121038,XNAS,MICRON TECHNOLOGY
NQX,2022-08,NXPI,NL0009538784,XNAS,NXP SEMICONDUCTORS
NQX,2022-08,SNPS,US8716071076,XNAS,"SYNOPSYS, INC."
NQX,2024-06,QCOM,US7475251036,XNAS,QUALCOMM INC
NQX,2024-06,WBD,US9344231041,XNAS,WRNR BRS DS CM WI
NQX,2024-04,ADI,US0326541051,XNAS,ANALOG DEVICES CMN
NQX,2024-04,CDNS,US1273871087,XNAS,CADENCE DESIGN SYS
NQX,2024-04,TTD,US88339J1051,XNAS,THE TRADE DESK CL A
NQX,2023-10,KHC,US5007541064,XNAS,KRAFT HEINZ CO CMN
NQX,2023-10,MELI,US58733R1023,XNAS,"MERCADOLIBRE, INC."
NQX,2023-10,ZM,US98980L1017,XNAS,ZOOM VIDEO CMTS CM A
NQX,2023-01,CSX,US1264081035,XNAS,CSX CORPORATION
NQX,2023-01,REGN,US75886F1075,XNAS,REGENERON PHARMACEUT
NQX,2024-07,DXCM,US2521311074,XNAS,DEXCOM
NQX,2024-07,REGN,US75886F1075,XNAS,REGENERON PHARMACEUT
NQX,2024-05,FTNT,US34959E1091,XNAS,"FORTINET, INC."
NQX,2024-05,WBD,US9344231041,XNAS,WRNR BRS DS CM WI
NQX,2023-11,BIIB,US09062X1037,XNAS,BIOGEN INC CMN
NQX,2023-02,NXPI,NL0009538784,XNAS,NXP SEMICONDUCTORS
NQX,2023-02,PANW,US6974351057,XNAS,PALO ALTO NTWKS CM
NQX,2024-08,ARM,US0420682058,XNAS,ARM HOLDINGS PLC ADS
NQX,2024-08,COST,US22160K1051,XNAS,COSTCO WHOLESALE
NQX,2024-08,MNST,US61174X1090,XNAS,MONSTER BEVERAGE CP
NQX,2024-06,AMAT,US0382221051,XNAS,APPLIED MATERIALS
NQX,2024-06,MSFT,US5949181045,XNAS,MICROSOFT CORP
NQX,2023-03,BKNG,US09857L1089,XNAS,BOOKING HOLDINGS INC
NQX,2023-12,AMD,US0079031078,XNAS,ADV MICRO DEVICES
NQX,2023-12,AMZN,US0231351067,XNAS,AMAZON.COM INC
NQX,2023-12,NFLX,US64110L1061,XNAS,"NETFLIX, INC."
NQX,2024-09,AMAT,US0382221051,XNAS,APPLIED MATERIALS
NQX,2024-09,BKNG,US09857L1089,XNAS,BOOKING HOLDINGS INC
NQX,2024-09,FANG,US25278X1090,XNAS,DIAMONDBACK ENERGY
NQX,2024-09,ORLY,US67103H1077,XNAS,O'REILLY AUTOMOTIVE
NQX,2024-09,PANW,US6974351057,XNAS,PALO ALTO NTWKS CM
NQX,2024-09,PAYX,US7043261079,XNAS,"PAYCHEX, INC."
NQX,2024-07,TXN,US8825081040,XNAS,TEXAS INSTRUMENTS
NQX,2023-04,CMCSA,US20030N1019,XNAS,COMCAST CORP A
NQX,2023-04,CSCO,US17275R1023,XNAS,CISCO SYSTEMS INC.
NQX,2023-04,MU,US5951121038,XNAS,MICRON TECHNOLOGY
NQX,2024-08,AZN,US0463531089,XNAS,ASTRAZENECA PLC ADS
NQX,2024-08,GEHC,US36266G1076,XNAS,GE HEALTHCARE CM
NQX,2024-08,INTC,US4581401001,XNAS,INTEL CORP
NQX,2024-08,ROST,US7782961038,XNAS,"ROSS STORES, INC."
NQX,2024-08,TMUS,US8725901040,XNAS,T-MOBILE US CMN
NQX,2024-10,GOOGL,US02079K3059,XNAS,ALPHABET CL A CMN
NQX,2024-10,KHC,US5007541064,XNAS,KRAFT HEINZ CO CMN
NQX,2023-05,AAPL,US0378331005,XNAS,APPLE INC.
NQX,2023-05,ENPH,US29355A1079,XNAS,"ENPHASE ENERGY, INC."
NQX,2023-05,INTC,US4581401001,XNAS,INTEL CORP
NQX,2023-05,LRCX,US5128071082,XNAS,LAM RESEARCH CORP
NQX,2023-05,REGN,US75886F1075,XNAS,REGENERON PHARMACEUT
NQX,2024-02,CSX,US1264081035,XNAS,CSX CORPORATION
NQX,2024-02,KLAC,US4824801009,XNAS,KLA CP CMN STK
NQX,2024-09,GEHC,US36266G1076,XNAS,GE HEALTHCARE CM
NQX,2024-09,ILMN,US4523271090,XNAS,"ILLUMINA, INC."
NQX,2024-09,INTC,US4581401001,XNAS,INTEL CORP
NQX,2024-11,META,US30303M1027,XNAS,"META PLATFORMS, INC."
NQX,2024-11,ODFL,US6795801009,XNAS,OLD DOMINION FREIG
NQX,2022-09,ABNB,US0090661010,XNAS,"AIRBNB, INC CL A CMN"
NQX,2022-09,AZN,US0463531089,XNAS,ASTRAZENECA PLC ADS
NQX,2023-06,EA,US2855121099,XNAS,ELECTRONIC ARTS INC
NQX,2023-06,MSFT,US5949181045,XNAS,MICROSOFT CORP
NQX,2024-03,MDB,US60937P1066,XNAS,"MONGODB, INC CL A CM"
NQX,2024-03,MELI,US58733R1023,XNAS,"MERCADOLIBRE, INC."
NQX,2024-12,DASH,US25809K1051,XNAS,"DOORDASH, INC. CL A"
NQX,2024-12,META,US30303M1027,XNAS,"META PLATFORMS, INC."
NQX,2024-10,CSX,US1264081035,XNAS,CSX CORPORATION
NQX,2024-04,CSGP,US22160N1090,XNAS,COSTAR GROUP INC
NQX,2024-04,DDOG,US23804L1035,XNAS,DATADOG INC.L A CM
NQX,2024-04,LRCX,US5128071082,XNAS,LAM RESEARCH CORP
NQX,2024-04,MU,US5951121038,XNAS,MICRON TECHNOLOGY
NQX,2023-07,BIIB,US09062X1037,XNAS,BIOGEN INC CMN
NQX,2023-07,CTAS,US1729081059,XNAS,CINTAS CORP
NQX,2023-07,PYPL,US70450Y1038,XNAS,PAYPAL HOLDINGS
NQX,2025-01,MAR,US5719032022,XNAS,MARRIOTT INT CL A CM
NQX,2025-01,PDD,US7223041028,XNAS,PDD HOLDINGS INC ADS
NQX,2024-11,INTC,US4581401001,XNAS,INTEL CORP
NQX,2024-11,MNST,US61174X1090,XNAS,MONSTER BEVERAGE CP
NQX,2024-05,ADP,US0530151036,XNAS,AUTOMATIC DATA PROCS
NQX,2024-05,CSX,US1264081035,XNAS,CSX CORPORATION
NQX,2024-05,EXC,US30161N1019,XNAS,EXELON CORP CMN STK
NQX,2024-05,IDXX,US45168D1046,XNAS,IDEXX LABORATORIES
NQX,2023-08,BKNG,US09857L1089,XNAS,BOOKING HOLDINGS INC
NQX,2025-02,MAR,US5719032022,XNAS,MARRIOTT INT CL A CM
NQX,2024-12,AVGO,US11135F1012,XNAS,BROADCOM INC.
NQX,2024-12,WDAY,US98138H1014,XNAS,WORKDAY INC CL A
NQX,2023-09,HON,US4385161066,XNAS,HONEYWELL INTL INC
NQX,2023-09,LRCX,US5128071082,XNAS,LAM RESEARCH CORP
NQX,2025-03,ANSS,US03662Q1058,XNAS,ANSYS INC
NQX,2025-03,SNPS,US8716071076,XNAS,"SYNOPSYS, INC."
NQX,2024-06,AMZN,US0231351067,XNAS,AMAZON.COM INC
NQX,2024-06,KDP,US49271V1008,XNAS,KEURIG DR PEPPER INC
NQX,2022-09,CRWD,US22788C1053,XNAS,CROWDSTRIKE HLD CM A
NQX,2022-09,KHC,US5007541064,XNAS,KRAFT HEINZ CO CMN
NQX,2022-09,LULU,US5500211090,XNAS,LULULEMON ATHLETICA
NQX,2022-09,NXPI,NL0009538784,XNAS,NXP SEMICONDUCTORS
NQX,2025-01,HON,US4385161066,XNAS,HONEYWELL INTL INC
NQX,2023-10,CMCSA,US20030N1019,XNAS,COMCAST CORP A
NQX,2025-04,AZN,US0463531089,XNAS,ASTRAZENECA PLC ADS
NQX,2025-04,BKR,US05722G1004,XNAS,BAKER HUGHES CO
NQX,2025-04,ISRG,US46120E6023,XNAS,"INTUITIVE SURG, INC."
NQX,2025-04,QCOM,US7475251036,XNAS,QUALCOMM INC
NQX,2024-07,AMAT,US0382221051,XNAS,APPLIED MATERIALS
NQX,2024-07,AZN,US0463531089,XNAS,ASTRAZENECA PLC ADS
NQX,2024-07,GOOGL,US02079K3059,XNAS,ALPHABET CL A CMN
NQX,2024-07,TTWO,US8740541094,XNAS,TAKE-TWO INTERACTI
NQX,2025-05,VRTX,US92532F1003,XNAS,VERTEX PHARMACEUTIC
NQX,2024-08,CHTR,US16119P1084,XNAS,CHARTER COMMUNICATIO
NQX,2024-08,GILD,US3755581036,XNAS,"GILEAD SCIENCES, INC"
NQX,2025-03,ADI,US0326541051,XNAS,ANALOG DEVICES CMN
NQX,2025-03,AMZN,US0231351067,XNAS,AMAZON.COM INC
NQX,2025-03,WBD,US9344231041,XNAS,WRNR BRS DS CM WI
NQX,2023-12,MU,US5951121038,XNAS,MICRON TECHNOLOGY
NQX,2025-06,DDOG,US23804L1035,XNAS,DATADOG INC.L A CM
NQX,2025-04,AMAT,US0382221051,XNAS,APPLIED MATERIALS
NQX,2025-04,DDOG,US23804L1035,XNAS,DATADOG INC.L A CM
NQX,2025-04,INTC,US4581401001,XNAS,INTEL CORP
NQX,2025-04,SBUX,US8552441094,XNAS,STARBUCKS CORP
NQX,2025-07,KDP,US49271V1008,XNAS,KEURIG DR PEPPER INC
NQX,2025-07,MDLZ,US6092071058,XNAS,MONDELEZ INTL CMN A
NQX,2024-10,CRWD,US22788C1053,XNAS,CROWDSTRIKE HLD CM A
NQX,2025-05,APP,US03831W1080,XNAS,APPLOVIN CORP CLA CM
NQX,2025-05,CTSH,US1924461023,XNAS,COGNIZANT TECH SOL
NQX,2025-06,CRWD,US22788C1053,XNAS,CROWDSTRIKE HLD CM A
NQX,2025-06,TTD,US88339J1051,XNAS,THE TRADE DESK CL A
NQX,2024-11,FAST,US3119001044,XNAS,FASTENAL CO
NQX,2024-11,SNPS,US8716071076,XNAS,"SYNOPSYS, INC."
NQX,2024-12,AAPL,US0378331005,XNAS,APPLE INC.
NQX,2024-12,CCEP,GB00BDCPN049,XNAS,COCA-COLA EUROPACIFI
NQX,2024-12,EXC,US30161N1019,XNAS,EXELON CORP CMN STK
NQX,2024-12,INTU,US4612021034,XNAS,INTUIT INC
NQX,2025-07,BIIB,US09062X1037,XNAS,BIOGEN INC CMN
NQX,2025-07,BKNG,US09857L1089,XNAS,BOOKING HOLDINGS INC
NQX,2025-07,CTSH,US1924461023,XNAS,COGNIZANT TECH SOL
NQX,2025-07,KLAC,US4824801009,XNAS,KLA CP CMN STK
NQX,2025-07,MNST,US61174X1090,XNAS,MONSTER BEVERAGE CP
NQX,2024-04,AMD,US0079031078,XNAS,ADV MICRO DEVICES
NQX,2024-04,GILD,US3755581036,XNAS,"GILEAD SCIENCES, INC"
NQX,2024-04,MAR,US5719032022,XNAS,MARRIOTT INT CL A CM
NQX,2025-09,ADSK,US0527691069,XNAS,AUTODESK INC
NQX,2024-05,XEL,US98389B1008,XNAS,XCEL ENERGY CMN
NQX,2025-02,CMCSA,US20030N1019,XNAS,COMCAST CORP A
NQX,2025-02,PYPL,US70450Y1038,XNAS,PAYPAL HOLDINGS
NQX,2024-06,FANG,US25278X1090,XNAS,DIAMONDBACK ENERGY
NQX,2024-06,GOOG,US02079K1079,XNAS,ALPHABET CL C CAP
NQX,2024-06,ODFL,US6795801009,XNAS,OLD DOMINION FREIG
NQX,2022-10,ATVI,US00507V1098,XNAS,ACTIVISION BLIZZARD
NQX,2022-10,MELI,US58733R1023,XNAS,"MERCADOLIBRE, INC."
NQX,2022-10,WBA,US9314271084,XNAS,WALGREENS BTS ALN CM
NQX,2025-03,PCAR,US6937181088,XNAS,PACCAR INC.
NQX,2025-03,XEL,US98389B1008,XNAS,XCEL ENERGY CMN
NQX,2024-07,ANSS,US03662Q1058,XNAS,ANSYS INC
NQX,2024-07,CMCSA,US20030N1019,XNAS,COMCAST CORP A
NQX,2024-07,DDOG,US23804L1035,XNAS,DATADOG INC.L A CM
NQX,2022-11,MELI,US58733R1023,XNAS,"MERCADOLIBRE, INC."
NQX,2022-11,PAYX,US7043261079,XNAS,"PAYCHEX, INC."
NQX,2022-11,REGN,US75886F1075,XNAS,REGENERON PHARMACEUT
NQX,2025-04,CHTR,US16119P1084,XNAS,CHARTER COMMUNICATIO
NQX,2024-09,IDXX,US45168D1046,XNAS,IDEXX LABORATORIES
NQX,2024-09,NFLX,US64110L1061,XNAS,"NETFLIX, INC."
NQX,2024-09,PEP,US7134481081,XNAS,PEPSICO INC
NQX,2025-05,ON,US6821891057,XNAS,ON SEMICONDUCTOR
NQX,2022-11,BKNG,US09857L1089,XNAS,BOOKING HOLDINGS INC
NQX,2022-11,MU,US5951121038,XNAS,MICRON TECHNOLOGY
NQX,2025-06,BKR,US05722G1004,XNAS,BAKER HUGHES CO
NQX,2025-06,LIN,IE000S9YS762,XNAS,LINDE PLC
NQX,2025-06,ODFL,US6795801009,XNAS,OLD DOMINION FREIG
NQX,2022-06,AEP,US0255371017,XNAS,AMER ELC PWR CO CMN
NQX,2022-06,AMGN,US0311621009,XNAS,AMGEN
NQX,2022-06,KHC,US5007541064,XNAS,KRAFT HEINZ CO CMN
NQX,2024-10,IDXX,US45168D1046,XNAS,IDEXX LABORATORIES
NQX,2024-10,REGN,US75886F1075,XNAS,REGENERON PHARMACEUT
NQX,2025-07,CHTR,US16119P1084,XNAS,CHARTER COMMUNICATIO
NQX,2024-11,GOOGL,US02079K3059,XNAS,ALPHABET CL A CMN
NQX,2022-12,MU,US5951121038,XNAS,MICRON TECHNOLOGY
NQX,2022-12,REGN,US75886F1075,XNAS,REGENERON PHARMACEUT
NQX,2022-12,SIRI,US82968B1035,XNAS,SIRIUS XM HOLDINGS I
NQX,2024-12,FANG,US25278X1090,XNAS,DIAMONDBACK ENERGY
NQX,2024-12,PAYX,US7043261079,XNAS,"PAYCHEX, INC."
NQX,2025-09,AMD,US0079031078,XNAS,ADV MICRO DEVICES
NQX,2025-09,DASH,US25809K1051,XNAS,"DOORDASH, INC. CL A"
NQX,2023-01,CHTR,US16119P1084,XNAS,CHARTER COMMUNICATIO
NQX,2023-01,ILMN,US4523271090,XNAS,"ILLUMINA, INC."
NQX,2025-01,NVDA,US67066G1040,XNAS,NVIDIA CORPORATION
NQX,2025-01,PCAR,US6937181088,XNAS,PACCAR INC.
NQX,2025-01,ROP,US7766961061,XNAS,ROPER TECH CMN
NQX,2023-02,ALGN,US0162551016,XNAS,ALIGN TECHNOLOGY I
NQX,2023-02,CEG,US21037T1097,XNAS,CONSTELLATION EN CM
NQX,2023-02,MCHP,US5950171042,XNAS,MICROCHIP TECHNOLOGY
NQX,2022-12,BKNG,US09857L1089,XNAS,BOOKING HOLDINGS INC
NQX,2022-12,IDXX,US45168D1046,XNAS,IDEXX LABORATORIES
NQX,2022-12,KHC,US5007541064,XNAS,KRAFT HEINZ CO CMN
NQX,2022-12,VRSN,US92343E1029,XNAS,"VERISIGN, INC."
NQX,2025-02,AMZN,US0231351067,XNAS,AMAZON.COM INC
NQX,2025-02,ORLY,US67103H1077,XNAS,O'REILLY AUTOMOTIVE
NQX,2025-02,PDD,US7223041028,XNAS,PDD HOLDINGS INC ADS
NQX,2023-03,ADI,US0326541051,XNAS,ANALOG DEVICES CMN
NQX,2023-03,AMD,US0079031078,XNAS,ADV MICRO DEVICES
NQX,2023-01,ADP,US0530151036,XNAS,AUTOMATIC DATA PROCS
NQX,2023-01,AVGO,US11135F1012,XNAS,BROADCOM INC.
NQX,2023-01,BKR,US05722G1004,XNAS,BAKER HUGHES CO
NQX,2023-01,NFLX,US64110L1061,XNAS,"NETFLIX, INC."
NQX,2023-01,TMUS,US8725901040,XNAS,T-MOBILE US CMN
NQX,2025-03,MSTR,US5949724083,XNAS,MICROSTRATEGY CL A
NQX,2025-03,TTWO,US8740541094,XNAS,TAKE-TWO INTERACTI
NQX,2025-03,VRSK,US92345Y1064,XNAS,VERISK ANALYTICS INC
NQX,2022-06,ASML,USN070592100,XNAS,ASML HLDG NY REG
NQX,2022-06,DXCM,US2521311074,XNAS,DEXCOM
NQX,2022-06,MSFT,US5949181045,XNAS,MICROSOFT CORP
NQX,2022-06,ROST,US7782961038,XNAS,"ROSS STORES, INC."
NQX,2022-06,TXN,US8825081040,XNAS,TEXAS INSTRUMENTS
NQX,2023-02,CSCO,US17275R1023,XNAS,CISCO SYSTEMS INC.
NQX,2025-04,CTSH,US1924461023,XNAS,COGNIZANT TECH SOL
NQX,2023-05,FAST,US3119001044,XNAS,FASTENAL CO
NQX,2023-03,FISV,US3377381088,XNAS,"FISERV, INC."
NQX,2025-05,FTNT,US34959E1091,XNAS,"FORTINET, INC."
NQX,2023-06,PCAR,US6937181088,XNAS,PACCAR INC.
NQX,2023-04,GOOGL,US02079K3059,XNAS,ALPHABET CL A CMN
NQX,2025-06,FAST,US3119001044,XNAS,FASTENAL CO
NQX,2025-06,SHOP,CA82509L1076,XNAS,SHOPIFY INC.
NQX,2025-06,TMUS,US8725901040,XNAS,T-MOBILE US CMN
NQX,2022-07,GOOGL,US02079K3059,XNAS,ALPHABET CL A CMN
NQX,2022-07,ODFL,US6795801009,XNAS,OLD DOMINION FREIG
NQX,2022-07,SNPS,US8716071076,XNAS,"SYNOPSYS, INC."
NQX,2023-07,BKNG,US09857L1089,XNAS,BOOKING HOLDINGS INC
NQX,2023-07,CEG,US21037T1097,XNAS,CONSTELLATION EN CM
NQX,2023-07,HON,US4385161066,XNAS,HONEYWELL INTL INC
NQX,2023-07,ILMN,US4523271090,XNAS,"ILLUMINA, INC."
NQX,2023-07,WBD,US9344231041,XNAS,WRNR BRS DS CM WI
NQX,2023-05,ADI,US0326541051,XNAS,ANALOG DEVICES CMN
NQX,2023-05,EBAY,US2786421030,XNAS,EBAY INC.
NQX,2023-05,ILMN,US4523271090,XNAS,"ILLUMINA, INC."
NQX,2023-05,NXPI,NL0009538784,XNAS,NXP SEMICONDUCTORS
NQX,2023-05,SNPS,US8716071076,XNAS,"SYNOPSYS, INC."
NQX,2025-07,GEHC,US36266G1076,XNAS,GE HEALTHCARE CM
NQX,2023-06,ATVI,US00507V1098,XNAS,ACTIVISION BLIZZARD
NQX,2023-06,MCHP,US5950171042,XNAS,MICROCHIP TECHNOLOGY
NQX,2023-06,VRSK,US92345Y1064,XNAS,VERISK ANALYTICS INC
NQX,2025-09,ADP,US0530151036,XNAS,AUTOMATIC DATA PROCS
NQX,2025-09,CDNS,US1273871087,XNAS,CADENCE DESIGN SYS
NQX,2025-09,VRSK,US92345Y1064,XNAS,VERISK ANALYTICS INC
NQX,2025-09,WDAY,US98138H1014,XNAS,WORKDAY INC CL A
NQX,2023-07,MRVL,US5738741041,XNAS,MARVELL TECH INC CMN
NQX,2023-09,AMGN,US0311621009,XNAS,AMGEN
NQX,2023-09,CMCSA,US20030N1019,XNAS,COMCAST CORP A
NQX,2023-09,JD,US47215P1066,XNAS,"JD.COM, INC. ADS"
NQX,2023-09,LCID,US5494981039,XNAS,LUCID GROUP CMN
NQX,2023-09,MAR,US5719032022,XNAS,MARRIOTT INT CL A CM
NQX,2023-08,CPRT,US2172041061,XNAS,"COPART, INC."
NQX,2023-08,SBUX,US8552441094,XNAS,STARBUCKS CORP
NQX,2022-12,AMZN,US0231351067,XNAS,AMAZON.COM INC
NQX,2022-12,SWKS,US83088M1027,XNAS,SKYWORKS SOLUTIONS
NQX,2023-10,FAST,US3119001044,XNAS,FASTENAL CO
NQX,2023-10,MSFT,US5949181045,XNAS,MICROSOFT CORP
NQX,2023-10,TXN,US8825081040,XNAS,TEXAS INSTRUMENTS
NQX,2023-01,ATVI,US00507V1098,XNAS,ACTIVISION BLIZZARD
NQX,2023-11,AMZN,US0231351067,XNAS,AMAZON.COM INC
NQX,2023-11,CSGP,US22160N1090,XNAS,COSTAR GROUP INC
NQX,2023-11,GFS,KYG393871085,XNAS,GLOBALFOUNDRIES ORD
NQX,2023-11,MAR,US5719032022,XNAS,MARRIOTT INT CL A CM
NQX,2023-11,MSFT,US5949181045,XNAS,MICROSOFT CORP
NQX,2023-10,ABNB,US0090661010,XNAS,"AIRBNB, INC CL A CMN"
NQX,2023-10,ADP,US0530151036,XNAS,AUTOMATIC DATA PROCS
NQX,2023-10,CSCO,US17275R1023,XNAS,CISCO SYSTEMS INC.
NQX,2023-10,GOOG,US02079K1079,XNAS,ALPHABET CL C CAP
NQX,2023-10,QCOM,US7475251036,XNAS,QUALCOMM INC
NQX,2023-12,CPRT,US2172041061,XNAS,"COPART, INC."
NQX,2023-12,FAST,US3119001044,XNAS,FASTENAL CO
NQX,2022-07,GOOG,US02079K1079,XNAS,ALPHABET CL C CAP
NQX,2022-07,SGEN,US81181C1045,XNAS,SEAGEN INC. CMN STK
NQX,2022-11,GOOGL,US02079K3059,XNAS,ALPHABET CL A CMN
NQX,2022-11,SWKS,US83088M1027,XNAS,SKYWORKS SOLUTIONS
NQX,2023-11,EBAY,US2786421030,XNAS,EBAY INC.
NQX,2023-11,ILMN,US4523271090,XNAS,"ILLUMINA, INC."
NQX,2023-11,TEAM,US0494681010,XNAS,ATLASSIAN CLS A CS
NQX,2023-03,ISRG,US46120E6023,XNAS,"INTUITIVE SURG, INC."
NQX,2024-02,CTSH,US1924461023,XNAS,COGNIZANT TECH SOL
NQX,2024-02,IDXX,US45168D1046,XNAS,IDEXX LABORATORIES
NQX,2023-04,FTNT,US34959E1091,XNAS,"FORTINET, INC."
NQX,2023-04,NFLX,US64110L1061,XNAS,"NETFLIX, INC."
NQX,2024-03,KHC,US5007541064,XNAS,KRAFT HEINZ CO CMN
NQX,2022-08,GILD,US3755581036,XNAS,"GILEAD SCIENCES, INC"
NQX,2022-08,IDXX,US45168D1046,XNAS,IDEXX LABORATORIES
NQX,2022-08,MELI,US58733R1023,XNAS,"MERCADOLIBRE, INC."
NQX,2022-08,MSFT,US5949181045,XNAS,MICROSOFT CORP
NQX,2022-08,SGEN,US81181C1045,XNAS,SEAGEN INC. CMN STK
NQX,2022-08,TMUS,US8725901040,XNAS,T-MOBILE US CMN
NQX,2024-04,DXCM,US2521311074,XNAS,DEXCOM
NQX,2024-02,CEG,US21037T1097,XNAS,CONSTELLATION EN CM
NQX,2024-02,PCAR,US6937181088,XNAS,PACCAR INC.
NQX,2024-02,ZS,US98980G1022,XNAS,"ZSCALER, INC. CMN"
NQX,2024-03,WBA,US9314271084,XNAS,WALGREENS BTS ALN CM
NQX,2023-07,GILD,US3755581036,XNAS,"GILEAD SCIENCES, INC"
NQX,2023-07,PCAR,US6937181088,XNAS,PACCAR INC.
NQX,2022-12,QCOM,US7475251036,XNAS,QUALCOMM INC
NQX,2022-12,TEAM,US0494681010,XNAS,ATLASSIAN CLS A CS
NQX,2024-06,CHTR,US16119P1084,XNAS,CHARTER COMMUNICATIO
NQX,2024-04,BKNG,US09857L1089,XNAS,BOOKING HOLDINGS INC
NQX,2024-04,COST,US22160K1051,XNAS,COSTCO WHOLESALE
NQX,2024-07,FTNT,US34959E1091,XNAS,"FORTINET, INC."
NQX,2024-07,LRCX,US5128071082,XNAS,LAM RESEARCH CORP
NQX,2024-07,LULU,US5500211090,XNAS,LULULEMON ATHLETICA
NQX,2024-07,QCOM,US7475251036,XNAS,QUALCOMM INC
NQX,2023-08,KDP,US49271V1008,XNAS,KEURIG DR PEPPER INC
NQX,2023-08,META,US30303M1027,XNAS,"META PLATFORMS, INC."
NQX,2023-02,ATVI,US00507V1098,XNAS,ACTIVISION BLIZZARD
NQX,2023-02,PDD,US7223041028,XNAS,PDD HOLDINGS INC ADS
NQX,2024-05,BKR,US05722G1004,XNAS,BAKER HUGHES CO
NQX,2024-05,MSFT,US5949181045,XNAS,MICROSOFT CORP
NQX,2024-08,EXC,US30161N1019,XNAS,EXELON CORP CMN STK
NQX,2024-08,NFLX,US64110L1061,XNAS,"NETFLIX, INC."
NQX,2023-03,GOOG,US02079K1079,XNAS,ALPHABET CL C CAP
NQX,2023-03,LULU,US5500211090,XNAS,LULULEMON ATHLETICA
NQX,2023-03,ROST,US7782961038,XNAS,"ROSS STORES, INC."
NQX,2024-06,LULU,US5500211090,XNAS,LULULEMON ATHLETICA
NQX,2024-06,ON,US6821891057,XNAS,ON SEMICONDUCTOR
NQX,2024-06,TSLA,US88160R1014,XNAS,"TESLA, INC."
NQX,2024-09,GOOGL,US02079K3059,XNAS,ALPHABET CL A CMN
NQX,2024-09,MDB,US60937P1066,XNAS,"MONGODB, INC CL A CM"
NQX,2023-10,BIIB,US09062X1037,XNAS,BIOGEN INC CMN
NQX,2023-10,MNST,US61174X1090,XNAS,MONSTER BEVERAGE CP
NQX,2022-08,ISRG,US46120E6023,XNAS,"INTUITIVE SURG, INC."
NQX,2022-08,PDD,US7223041028,XNAS,PINDUODUO INC. ADS
NQX,2022-08,SWKS,US83088M1027,XNAS,SKYWORKS SOLUTIONS
NQX,2022-08,WDAY,US98138H1014,XNAS,WORKDAY INC CL A
NQX,2023-04,ADSK,US0527691069,XNAS,AUTODESK INC
NQX,2023-04,ENPH,US29355A1079,XNAS,"ENPHASE ENERGY, INC."
NQX,2023-04,GOOG,US02079K1079,XNAS,ALPHABET CL C CAP
NQX,2023-04,PANW,US6974351057,XNAS,PALO ALTO NTWKS CM
NQX,2024-07,CSCO,US17275R1023,XNAS,CISCO SYSTEMS INC.
NQX,2024-07,CSGP,US22160N1090,XNAS,COSTAR GROUP INC
NQX,2024-07,NVDA,US67066G1040,XNAS,NVIDIA CORPORATION
NQX,2024-07,VRTX,US92532F1003,XNAS,VERTEX PHARMACEUTIC
NQX,2024-10,ADBE,US00724F1012,XNAS,ADOBE INC.
NQX,2024-10,AVGO,US11135F1012,XNAS,BROADCOM INC.
NQX,2024-10,GFS,KYG393871085,XNAS,GLOBALFOUNDRIES ORD
NQX,2024-10,INTC,US4581401001,XNAS,INTEL CORP
NQX,2024-10,ODFL,US6795801009,XNAS,OLD DOMINION FREIG
NQX,2024-10,PDD,US7223041028,XNAS,PDD HOLDINGS INC ADS
NQX,2023-05,ISRG,US46120E6023,XNAS,"INTUITIVE SURG, INC."
NQX,2023-05,PEP,US7134481081,XNAS,PEPSICO INC
NQX,2023-05,VRSK,US92345Y1064,XNAS,VERISK ANALYTICS INC
NQX,2024-11,AMGN,US0311621009,XNAS,AMGEN
NQX,2024-11,KLAC,US4824801009,XNAS,KLA CP CMN STK
NQX,2024-11,TTWO,US8740541094,XNAS,TAKE-TWO INTERACTI
NQX,2024-11,WDAY,US98138H1014,XNAS,WORKDAY INC CL A
NQX,2023-12,TSLA,US88160R1014,XNAS,"TESLA, INC."
NQX,2024-09,COST,US22160K1051,XNAS,COSTCO WHOLESALE
NQX,2024-09,MU,US5951121038,XNAS,MICRON TECHNOLOGY
NQX,2024-09,PYPL,US70450Y1038,XNAS,PAYPAL HOLDINGS
NQX,2024-09,SBUX,US8552441094,XNAS,STARBUCKS CORP
NQX,2023-06,CHTR,US16119P1084,XNAS,CHARTER COMMUNICATIO
NQX,2023-06,TEAM,US0494681010,XNAS,ATLASSIAN CLS A CS
NQX,2022-09,AEP,US0255371017,XNAS,AMER ELC PWR CO CMN
NQX,2022-09,AMZN,US0231351067,XNAS,AMAZON.COM INC
NQX,2022-09,ILMN,US4523271090,XNAS,"ILLUMINA, INC."
NQX,2022-09,TXN,US8825081040,XNAS,TEXAS INSTRUMENTS
NQX,2022-09,VRSN,US92343E1029,XNAS,"VERISIGN, INC."
NQX,2024-12,AMAT,US0382221051,XNAS,APPLIED MATERIALS
NQX,2024-10,CDNS,US1273871087,XNAS,CADENCE DESIGN SYS
NQX,2023-07,GOOGL,US02079K3059,XNAS,ALPHABET CL A CMN
NQX,2025-01,ADSK,US0527691069,XNAS,AUTODESK INC
NQX,2025-01,AMD,US0079031078,XNAS,ADV MICRO DEVICES
NQX,2025-01,EXC,US30161N1019,XNAS,EXELON CORP CMN STK
NQX,2025-01,MCHP,US5950171042,XNAS,MICROCHIP TECHNOLOGY
NQX,2025-01,PLTR,US69608A1088,XNAS,PALANTIR TECH CL A
NQX,2025-01,TTWO,US8740541094,XNAS,TAKE-TWO INTERACTI
NQX,2023-08,ABNB,US0090661010,XNAS,"AIRBNB, INC CL A CMN"
NQX,2023-08,CHTR,US16119P1084,XNAS,CHARTER COMMUNICATIO
NQX,2023-08,ISRG,US46120E6023,XNAS,"INTUITIVE SURG, INC."
NQX,2024-11,REGN,US75886F1075,XNAS,REGENERON PHARMACEUT
NQX,2024-03,CPRT,US2172041061,XNAS,"COPART, INC."
NQX,2025-02,AMAT,US0382221051,XNAS,APPLIED MATERIALS
NQX,2025-02,CSGP,US22160N1090,XNAS,COSTAR GROUP INC
NQX,2025-02,GOOG,US02079K1079,XNAS,ALPHABET CL C CAP
NQX,2025-02,KDP,US49271V1008,XNAS,KEURIG DR PEPPER INC
NQX,2025-02,ODFL,US6795801009,XNAS,OLD DOMINION FREIG
NQX,2025-02,TXN,US8825081040,XNAS,TEXAS INSTRUMENTS
NQX,2024-12,LIN,IE000S9YS762,XNAS,LINDE PLC
NQX,2025-03,KDP,US49271V1008,XNAS,KEURIG DR PEPPER INC
NQX,2025-03,ON,US6821891057,XNAS,ON SEMICONDUCTOR
NQX,2024-04,AVGO,US11135F1012,XNAS,BROADCOM INC.
NQX,2025-01,CCEP,GB00BDCPN049,XNAS,COCA-COLA EUROPACIFI
NQX,2023-10,GOOGL,US02079K3059,XNAS,ALPHABET CL A CMN
NQX,2023-10,PDD,US7223041028,XNAS,PDD HOLDINGS INC ADS
NQX,2025-04,GILD,US3755581036,XNAS,"GILEAD SCIENCES, INC"
NQX,2025-04,TTD,US88339J1051,XNAS,THE TRADE DESK CL A
NQX,2024-05,CDNS,US1273871087,XNAS,CADENCE DESIGN SYS
NQX,2023-11,IDXX,US45168D1046,XNAS,IDEXX LABORATORIES
NQX,2025-05,VRSK,US92345Y1064,XNAS,VERISK ANALYTICS INC
NQX,2024-06,AAPL,US0378331005,XNAS,APPLE INC.
NQX,2025-03,DXCM,US2521311074,XNAS,DEXCOM
NQX,2025-03,MRVL,US5738741041,XNAS,MARVELL TECH INC CMN
NQX,2023-12,DXCM,US2521311074,XNAS,DEXCOM
NQX,2023-12,WDAY,US98138H1014,XNAS,WORKDAY INC CL A
NQX,2022-09,AAPL,US0378331005,XNAS,APPLE INC.
NQX,2022-09,GILD,US3755581036,XNAS,"GILEAD SCIENCES, INC"
NQX,2025-06,ANSS,US03662Q1058,XNAS,ANSYS INC
NQX,2025-06,INTC,US4581401001,XNAS,INTEL CORP
NQX,2025-06,LULU,US5500211090,XNAS,LULULEMON ATHLETICA
NQX,2025-06,MSFT,US5949181045,XNAS,MICROSOFT CORP
NQX,2024-07,CRWD,US22788C1053,XNAS,CROWDSTRIKE HLD CM A
NQX,2025-04,ORLY,US67103H1077,XNAS,O'REILLY AUTOMOTIVE
NQX,2025-04,TSLA,US88160R1014,XNAS,"TESLA, INC."
NQX,2025-04,ZS,US98980G1022,XNAS,"ZSCALER, INC. CMN"
NQX,2025-07,MSFT,US5949181045,XNAS,MICROSOFT CORP
NQX,2025-05,ORLY,US67103H1077,XNAS,O'REILLY AUTOMOTIVE
NQX,2024-02,CCEP,GB00BDCPN049,XNAS,COCA-COLA EUROPACIFI
NQX,2024-02,TSLA,US88160R1014,XNAS,"TESLA, INC."
NQX,2022-10,CSX,US1264081035,XNAS,CSX CORPORATION
NQX,2022-10,DXCM,US2521311074,XNAS,DEXCOM
NQX,2022-10,GOOG,US02079K1079,XNAS,ALPHABET CL C CAP
NQX,2022-10,INTC,US4581401001,XNAS,INTEL CORP
NQX,2022-10,MAR,US5719032022,XNAS,MARRIOTT INT CL A CM
NQX,2022-10,PANW,US6974351057,XNAS,PALO ALTO NTWKS CM
NQX,2024-03,DDOG,US23804L1035,XNAS,DATADOG INC.L A CM
NQX,2024-03,FANG,US25278X1090,XNAS,DIAMONDBACK ENERGY
NQX,2024-03,TSLA,US88160R1014,XNAS,"TESLA, INC."
NQX,2024-03,WDAY,US98138H1014,XNAS,WORKDAY INC CL A
NQX,2024-09,EA,US2855121099,XNAS,ELECTRONIC ARTS INC
NQX,2024-10,CSCO,US17275R1023,XNAS,CISCO SYSTEMS INC.
NQX,2024-10,FAST,US3119001044,XNAS,FASTENAL CO
NQX,2024-05,AMZN,US0231351067,XNAS,AMAZON.COM INC
NQX,2024-05,ROST,US7782961038,XNAS,"ROSS STORES, INC."
NQX,2025-09,APP,US03831W1080,XNAS,APPLOVIN CORP CLA CM
NQX,2025-09,GEHC,US36266G1076,XNAS,GE HEALTHCARE CM
NQX,2025-09,TMUS,US8725901040,XNAS,T-MOBILE US CMN
NQX,2024-11,EA,US2855121099,XNAS,ELECTRONIC ARTS INC
NQX,2024-06,PDD,US7223041028,XNAS,PDD HOLDINGS INC ADS
NQX,2024-06,ROP,US7766961061,XNAS,ROPER TECH CMN
NQX,2024-06,TXN,US8825081040,XNAS,TEXAS INSTRUMENTS
NQX,2024-06,VRSK,US92345Y1064,XNAS,VERISK ANALYTICS INC
NQX,2024-12,AEP,US0255371017,XNAS,AMER ELC PWR CO CMN
NQX,2024-12,ROP,US7766961061,XNAS,ROPER TECH CMN
NQX,2024-07,BKR,US05722G1004,XNAS,BAKER HUGHES CO
NQX,2024-07,CHTR,US16119P1084,XNAS,CHARTER COMMUNICATIO
NQX,2024-07,EA,US2855121099,XNAS,ELECTRONIC ARTS INC
NQX,2024-07,MDLZ,US6092071058,XNAS,MONDELEZ INTL CMN A
NQX,2024-08,CPRT,US2172041061,XNAS,"COPART, INC."
NQX,2024-08,FANG,US25278X1090,XNAS,DIAMONDBACK ENERGY
NQX,2024-09,VRTX,US92532F1003,XNAS,VERTEX PHARMACEUTIC
NQX,2022-10,ADI,US0326541051,XNAS,ANALOG DEVICES CMN
NQX,2022-10,AEP,US0255371017,XNAS,AMER ELC PWR CO CMN
NQX,2022-10,AMD,US0079031078,XNAS,ADV MICRO DEVICES
NQX,2022-10,ANSS,US03662Q1058,XNAS,ANSYS INC
NQX,2022-10,CTSH,US1924461023,XNAS,COGNIZANT TECH SOL
NQX,2022-10,KDP,US49271V1008,XNAS,KEURIG DR PEPPER INC
NQX,2022-10,NXPI,NL0009538784,XNAS,NXP SEMICONDUCTORS
NQX,2022-10,SGEN,US81181C1045,XNAS,SEAGEN INC. CMN STK
NQX,2025-03,KLAC,US4824801009,XNAS,KLA CP CMN STK
NQX,2024-10,EXC,US30161N1019,XNAS,EXELON CORP CMN STK
NQX,2025-04,WDAY,US98138H1014,XNAS,WORKDAY INC CL A
NQX,2025-05,LIN,IE000S9YS762,XNAS,LINDE PLC
NQX,2025-05,PYPL,US70450Y1038,XNAS,PAYPAL HOLDINGS
NQX,2022-06,BIDU,US0567521085,XNAS,"BAIDU, INC"
NQX,2022-06,BIIB,US09062X1037,XNAS,BIOGEN INC CMN
NQX,2022-06,DLTR,US2567461080,XNAS,DOLLAR TREE INC
NQX,2022-06,SIRI,US82968B1035,XNAS,SIRIUS XM HOLDINGS I
NQX,2022-06,ZS,US98980G1022,XNAS,"ZSCALER, INC. CMN"
NQX,2024-12,NFLX,US64110L1061,XNAS,"NETFLIX, INC."
NQX,2025-06,CSCO,US17275R1023,XNAS,CISCO SYSTEMS INC.
NQX,2025-01,KDP,US49271V1008,XNAS,KEURIG DR PEPPER INC
NQX,2025-07,DDOG,US23804L1035,XNAS,DATADOG INC.L A CM
NQX,2025-07,INTC,US4581401001,XNAS,INTEL CORP
NQX,2025-02,AEP,US0255371017,XNAS,AMER ELC PWR CO CMN
NQX,2025-09,INTU,US4612021034,XNAS,INTUIT INC
NQX,2025-09,MDLZ,US6092071058,XNAS,MONDELEZ INTL CMN A
NQX,2025-09,ORLY,US67103H1077,XNAS,O'REILLY AUTOMOTIVE
NQX,2025-09,SBUX,US8552441094,XNAS,STARBUCKS CORP
NQX,2025-03,CMCSA,US20030N1019,XNAS,COMCAST CORP A
NQX,2025-04,ARM,US0420682058,XNAS,ARM HOLDINGS PLC ADS
NQX,2025-04,MRVL,US5738741041,XNAS,MARVELL TECH INC CMN
NQX,2025-04,NVDA,US67066G1040,XNAS,NVIDIA CORPORATION
NQX,2025-05,AMAT,US0382221051,XNAS,APPLIED MATERIALS
NQX,2025-05,AVGO,US11135F1012,XNAS,BROADCOM INC.
NQX,2025-05,PCAR,US6937181088,XNAS,PACCAR INC.
NQX,2022-06,ALGN,US0162551016,XNAS,ALIGN TECHNOLOGY I
NQX,2022-06,AMD,US0079031078,XNAS,ADV MICRO DEVICES
NQX,2022-06,CTSH,US1924461023,XNAS,COGNIZANT TECH SOL
NQX,2022-06,GOOGL,US02079K3059,XNAS,ALPHABET CL A CMN
NQX,2022-06,JD,US47215P1066,XNAS,"JD.COM, INC. ADS"
NQX,2022-06,NVDA,US67066G1040,XNAS,NVIDIA CORPORATION
NQX,2025-07,LULU,US5500211090,XNAS,LULULEMON ATHLETICA
NQX,2025-07,MRVL,US5738741041,XNAS,MARVELL TECH INC CMN
NQX,2025-09,CRWD,US22788C1053,XNAS,CROWDSTRIKE HLD CM A
NQX,2025-09,HON,US4385161066,XNAS,HONEYWELL INTL INC
NQX,2025-09,KDP,US49271V1008,XNAS,KEURIG DR PEPPER INC
NQX,2025-09,META,US30303M1027,XNAS,"META PLATFORMS, INC."
NQX,2025-09,QCOM,US7475251036,XNAS,QUALCOMM INC
NQX,2022-07,DDOG,US23804L1035,XNAS,DATADOG INC.L A CM
NQX,2022-07,MELI,US58733R1023,XNAS,"MERCADOLIBRE, INC."
NQX,2022-07,TSLA,US88160R1014,XNAS,"TESLA, INC."
NQX,2022-07,AZN,US0463531089,XNAS,ASTRAZENECA PLC ADS
NQX,2022-07,META,US30303M1027,XNAS,"META PLATFORMS, INC."
NQX,2022-07,MNST,US61174X1090,XNAS,MONSTER BEVERAGE CP
NQX,2022-07,OKTA,US6792951054,XNAS,"OKTA, INC. CL A CM"
NQX,2022-07,PDD,US7223041028,XNAS,PINDUODUO INC. ADS
NQX,2022-07,TEAM,GB00BZ09BD16,XNAS,ATLASSIAN CLS A ORD
NQX,2022-07,WDAY,US98138H1014,XNAS,WORKDAY INC CL A
NQX,2022-08,AMZN,US0231351067,XNAS,AMAZON.COM INC
NQX,2022-08,CMCSA,US20030N1019,XNAS,COMCAST CORP A
NQX,2022-08,KDP,US49271V1008,XNAS,KEURIG DR PEPPER INC
NQX,2022-08,ODFL,US6795801009,XNAS,OLD DOMINION FREIG
NQX,2022-08,ATVI,US00507V1098,XNAS,ACTIVISION BLIZZARD
NQX,2022-08,JD,US47215P1066,XNAS,"JD.COM, INC. ADS"
NQX,2022-08,KLAC,US4824801009,XNAS,KLA CP CMN STK
NQX,2022-08,PEP,US7134481081,XNAS,PEPSICO INC
NQX,2022-09,LCID,US5494981039,XNAS,LUCID GROUP CMN
NQX,2022-09,SBUX,US8552441094,XNAS,STARBUCKS CORP
NQX,2022-09,SNPS,US8716071076,XNAS,"SYNOPSYS, INC."
NQX,2022-09,TEAM,GB00BZ09BD16,XNAS,ATLASSIAN CLS A ORD
NQX,2022-09,ADP,US0530151036,XNAS,AUTOMATIC DATA PROCS
NQX,2022-09,FAST,US3119001044,XNAS,FASTENAL CO
NQX,2022-09,MTCH,US57667L1070,XNAS,MATCH GROUP CMN
NQX,2022-09,PAYX,US7043261079,XNAS,"PAYCHEX, INC."
NQX,2022-09,VRSK,US92345Y1064,XNAS,VERISK ANALYTICS INC
NQX,2022-09,XEL,US98389B1008,XNAS,XCEL ENERGY CMN
NQX,2022-10,ADSK,US0527691069,XNAS,AUTODESK INC
NQX,2022-10,MTCH,US57667L1070,XNAS,MATCH GROUP CMN
NQX,2022-10,WDAY,US98138H1014,XNAS,WORKDAY INC CL A
NQX,2022-10,ZM,US98980L1017,XNAS,ZOOM VIDEO CMTS CM A
NQX,2022-10,GILD,US3755581036,XNAS,"GILEAD SCIENCES, INC"
NQX,2022-10,SBUX,US8552441094,XNAS,STARBUCKS CORP
